station,thesis_window,model_rmse,model_mae,baseline_rmse,baseline_mae,coverage,mean_width,p10_gt_p50,p50_gt_p90,total_points,rmse_skill_vs_baseline
MJ9,7,0.10745469174613041,0.08388711821389742,0.12459354735642256,0.09359062717770046,0.37282229965156793,0.07308577778704767,0,0,287,0.13755813181290455
MJ1,2,0.1178537363627258,0.09265751392900515,0.18321149396116104,0.14917262968946765,0.5574912891986062,0.1657388067434827,0,0,287,0.3567339372948426
MJ3,2,0.1899707410100696,0.14055688795580137,0.2228104696269016,0.18201727868135892,0.5331010452961672,0.17305200556063205,0,0,287,0.14738862438476275
ATU1,,0.45818689292413045,0.24544319463059996,0.47749918246494477,0.2485967719772182,0.8153310104529616,0.643450414968004,0,0,287,0.04044465467170122
ATU2,,0.3000979490490715,0.12942951555192336,0.3222258673501355,0.15633909407665492,0.8850174216027874,0.4291076753534709,0,0,287,0.06867207304936651
ATU3,,0.46493062273206875,0.19626842820782547,0.4935066784621653,0.2444569686411152,0.8815331010452961,0.6339504665209497,0,0,287,0.057904091225560395
ATU4,,0.29854903782049536,0.13741624069092437,0.30687584774225235,0.1492666202090592,0.8780487804878049,0.36624374130128884,0,0,287,0.02713413252629371
ATU5,,0.3411511968602771,0.1691679210233342,0.39740596796319644,0.2208207887240037,0.8850174216027874,0.5367575393002058,0,0,287,0.1415549227688726
