model,horizon,n_per_point,mae,rmse,crps,coverage80,width80,interval_score80,coverage90,width90,interval_score90,coverage95,width95,interval_score95,pooled_rmse
B_ANCHOR,1,293,0.193827074323,0.330649785313,0.159801248972,0.834470989761,0.780738925677,1.17556137643,0.904436860068,1.00206756258,1.47585877298,0.93771331058,1.19403714747,1.80715382011,0.342727412022
B_ANCHOR,2,292,0.373122988091,0.619099500118,0.308110208236,0.832191780822,1.51431802848,2.26662502106,0.895547945205,1.94360614779,2.8195456303,0.934075342466,2.31594956985,3.38527665034,0.64444350208
B_ANCHOR,3,291,0.544464275265,0.886136598744,0.44987311041,0.829037800687,2.20791772985,3.31702085759,0.895189003436,2.83383172679,4.13363250399,0.932130584192,3.37671877409,4.96270189117,0.928147956113
B_ANCHOR,4,290,0.708441776255,1.14022503085,0.585245914335,0.830172413793,2.8980053907,4.31110016203,0.890517241379,3.71954965058,5.35247246454,0.933620689655,4.43211677586,6.36589404581,1.20103864888
B_ANCHOR,5,289,0.864286345773,1.38408977423,0.715239929413,0.826124567474,3.57328392513,5.27304865522,0.890138408304,4.58626026638,6.54046481541,0.938581314879,5.46486617323,7.73331651453,1.46458718978
B_ANCHOR,6,288,1.01355154838,1.6140105167,0.841257159245,0.822048611111,4.21313336125,6.2228493361,0.891493055556,5.4074981268,7.74356267419,0.936631944444,6.44343144055,9.17613512171,1.71550907631
B_ANCHOR,7,287,1.15718181693,1.8323077725,0.961929480291,0.823170731707,4.85079853478,7.15972341694,0.890243902439,6.22593251654,8.9413886765,0.932055749129,7.41865616651,10.639791924,1.95552667615
B_ANCHOR,8,286,1.29456881022,2.04267967546,1.08027211297,0.83479020979,5.51599342239,8.11797367931,0.886363636364,7.07970091177,10.2361785151,0.936188811189,8.43598395688,12.26128566,2.18752250454
B_ANCHOR,9,285,1.42949032383,2.24962077547,1.19675054339,0.839473684211,6.15243024591,9.05356724083,0.884210526316,7.89655873134,11.4830255455,0.935964912281,9.40933008362,13.7280315819,2.41616120283
B_ANCHOR,10,284,1.56235880583,2.45316473339,1.31382822824,0.840669014085,6.80093549387,10.0204196472,0.881161971831,8.72890620597,12.8148741217,0.933978873239,10.4011332728,15.493038171,2.64140715493
B_ANCHOR,11,283,1.69243091928,2.65350111574,1.43250949531,0.840989399293,7.42973144609,11.0398815334,0.879858657244,9.5359570734,14.2488391562,0.923144876325,11.3627936953,17.5716813549,2.86313963677
B_ANCHOR,12,282,1.82004868431,2.8519672441,1.55111699057,0.84219858156,8.04319362716,12.0609947334,0.882978723404,10.3233272586,15.7777104171,0.918439716312,12.3010031385,19.8630861829,3.08181229706
B_ANCHOR,13,281,1.94514385075,3.04604913342,1.66691230187,0.841637010676,8.70391764325,13.0378190419,0.883451957295,11.1713573524,17.207910583,0.918149466192,13.3114933209,21.8962862738,3.29546692855
B_ANCHOR,14,280,2.06802273282,3.23628492294,1.78081134393,0.842857142857,9.32294187229,13.9900231716,0.884821428571,11.9658663489,18.5738827052,0.915178571429,14.2582091825,23.8306379841,3.50430652557
B_ANCHOR,15,279,2.18806363245,3.42203045525,1.89274272149,0.84229390681,9.97363351275,14.9414054665,0.885304659498,12.8010200279,19.9427447497,0.913082437276,15.2533561704,25.7044818338,3.7078249521
B_ANCHOR,16,278,2.30442958077,3.60231684621,2.00265243597,0.848920863309,10.6530982724,15.8834391062,0.884892086331,13.6731036057,21.275796203,0.910071942446,16.2925078468,27.4716873629,3.90523408715
B_ANCHOR,17,277,2.41889651441,3.77688336752,2.1137409334,0.85559566787,11.3460868107,16.8816961676,0.882671480144,14.5625447652,22.7006600371,0.908844765343,17.3523423577,29.4390012356,4.09627533973
B_ANCHOR,18,276,2.52836923421,3.9451653247,2.22229506008,0.861413043478,12.0198469351,17.8520911739,0.884057971014,15.4273065229,24.0450932189,0.909420289855,18.3827695473,31.241991143,4.28065080124
B_ANCHOR,19,275,2.63121651436,4.10651290171,2.32792234847,0.860909090909,12.7585798021,18.8055219011,0.881818181818,16.3754598928,25.3073624073,0.909090909091,19.5125639718,32.7699625879,4.45780825793
B_ANCHOR,20,274,2.72987115227,4.26119982408,2.43322793089,0.862226277372,13.4887446509,19.7639154106,0.882299270073,17.3126163305,26.587179539,0.907846715328,20.6292547434,34.3962274777,4.62758737616
B_ANCHOR,21,273,2.82468549987,4.41227295842,2.53952456213,0.860805860806,14.2123539846,20.7300870766,0.884615384615,18.2413588556,27.8867466453,0.906593406593,21.7359197197,36.1053314801,4.79112067494
B_ANCHOR,22,272,2.91614083077,4.55899349404,2.64400875801,0.856617647059,15.0078672642,21.6814799377,0.883272058824,19.2623890962,29.0817677109,0.914522058824,22.9525522917,37.5614201109,4.94782722022
B_ANCHOR,23,271,3.00377611426,4.70029212729,2.74801634663,0.850553505535,15.7399839102,22.6109909688,0.887453874539,20.2020506385,30.266130667,0.912361623616,24.0722280794,39.1010561164,5.09695930629
B_ANCHOR,24,270,3.08999440334,4.8356070806,2.85216684867,0.85,16.5305875159,23.5639747272,0.887037037037,21.2167793807,31.4663660534,0.914814814815,25.281351953,40.6069035249,5.2380671548
B_ANCHOR,25,269,3.1745442779,4.96446447665,2.95347983316,0.846654275093,17.32856592,24.5062225891,0.889405204461,22.2409735743,32.619918229,0.915427509294,26.5017546075,42.0301650405,5.37062773605
B_ANCHOR,26,268,3.25633300225,5.0868271539,3.05527582089,0.847014925373,18.1568123386,25.463275182,0.887126865672,23.3040163439,33.789840654,0.91697761194,27.7684481955,43.4391388327,5.49464681753
B_ANCHOR,27,267,3.33471726741,5.2015364067,3.15468506821,0.847378277154,19.0578091948,26.4347239464,0.882958801498,24.4604332893,34.9221751085,0.917602996255,29.1464039765,44.6591793359,5.60967529795
B_ANCHOR,28,266,3.41096051937,5.30964901932,3.25194027775,0.845864661654,19.8549490028,27.3469650002,0.883458646617,25.4835511564,36.0474554199,0.918233082707,30.3655241089,45.9221755974,5.71638988846
B_ANCHOR,29,265,3.48459192787,5.41090866843,3.34894823915,0.844339622642,20.6883076099,28.2752357702,0.883018867925,26.553155349,37.1857818975,0.916981132075,31.6400361146,47.2277090032,5.81493271463
B_ANCHOR,30,264,3.55631367119,5.50596339717,3.44289213102,0.841856060606,21.5162184798,29.1698584295,0.882575757576,27.6157674465,38.2888265979,0.91571969697,32.9062165251,48.4541513463,5.90614069066
B_RAW,1,293,6.90168925036,9.12417321777,,,,,,,,,,,9.45063001363
B_RAW,2,292,6.92506317938,9.13978203258,,,,,,,,,,,9.46679738626
B_RAW,3,291,6.94834899702,9.15546748581,,,,,,,,,,,9.48304429133
B_RAW,4,290,6.9715389428,9.1712275453,,,,,,,,,,,9.49936889261
B_RAW,5,289,6.99463709635,9.18706056008,,,,,,,,,,,9.51576957908
B_RAW,6,288,7.01764666608,9.20296494347,,,,,,,,,,,9.53224480763
B_RAW,7,287,7.04044689989,9.21892354695,,,,,,,,,,,9.54878440097
B_RAW,8,286,7.0630649903,9.23492597081,,,,,,,,,,,9.56538057109
B_RAW,9,285,7.08570110169,9.25101277589,,,,,,,,,,,9.58205654341
B_RAW,10,284,7.108296873,9.26717169022,,,,,,,,,,,9.5988048285
B_RAW,11,283,7.13083201185,9.2833958894,,,,,,,,,,,9.61562146457
B_RAW,12,282,7.15330904683,9.29968270437,,,,,,,,,,,9.63250485548
B_RAW,13,281,7.17573787998,9.31603093682,,,,,,,,,,,9.64945427298
B_RAW,14,280,7.19812969484,9.33243989563,,,,,,,,,,,9.66646935562
B_RAW,15,279,7.22021155177,9.34886401409,,,,,,,,,,,9.68352273776
B_RAW,16,278,7.2422862667,9.36536343541,,,,,,,,,,,9.70064897903
B_RAW,17,277,7.26435544537,9.38193075211,,,,,,,,,,,9.71784483348
B_RAW,18,276,7.28641369357,9.3985597523,,,,,,,,,,,9.7351076616
B_RAW,19,275,7.30847049306,9.4152488195,,,,,,,,,,,9.752437354
B_RAW,20,274,7.33054072908,9.43199813881,,,,,,,,,,,9.76983486123
B_RAW,21,273,7.35264052763,9.44880848944,,,,,,,,,,,9.78730155932
B_RAW,22,272,7.37474296406,9.4656718101,,,,,,,,,,,9.80483355254
B_RAW,23,271,7.39690619978,9.48260133993,,,,,,,,,,,9.82243948859
B_RAW,24,270,7.41905662002,9.49957684455,,,,,,,,,,,9.84010831177
B_RAW,25,269,7.44101181365,9.51655319968,,,,,,,,,,,9.85781270461
B_RAW,26,268,7.46306910813,9.53362768698,,,,,,,,,,,9.87561116479
B_RAW,27,267,7.48514188163,9.55076180916,,,,,,,,,,,9.89348253377
B_RAW,28,266,7.50722664521,9.56795216538,,,,,,,,,,,9.911425749
B_RAW,29,265,7.52933190826,9.58520011945,,,,,,,,,,,9.92944251372
B_RAW,30,264,7.55136834797,9.60247562025,,,,,,,,,,,9.94751495297
B_TREND14,1,293,0.117436916056,0.214879526837,0.106315521146,0.886518771331,0.601920110808,0.85273580425,0.92662116041,0.772556098417,1.12903506672,0.956484641638,0.920557370044,1.49419046821,0.237517096526
B_TREND14,2,292,0.231265361043,0.397423603966,0.208104009786,0.878424657534,1.20054603712,1.65934467151,0.916952054795,1.54088415681,2.1727276672,0.947773972603,1.83607671966,2.79124904111,0.429716814225
B_TREND14,3,291,0.344118233916,0.567914225317,0.308505460341,0.870274914089,1.78910297788,2.45180045277,0.912371134021,2.29628881215,3.1797245208,0.936426116838,2.73619688474,4.01010934961,0.606994217624
B_TREND14,4,290,0.456299652201,0.735103751099,0.40717003381,0.862068965517,2.37619958482,3.21490615545,0.908620689655,3.04981914933,4.11097064058,0.937068965517,3.63408366198,5.09490471337,0.781238778846
B_TREND14,5,289,0.56619558917,0.902068217444,0.503731863122,0.862456747405,2.95250460319,3.95126809901,0.904844290657,3.78949863253,5.0107306654,0.937716262976,4.51546612874,6.18430549137,0.955998169965
B_TREND14,6,288,0.673295230952,1.06429872998,0.598373852943,0.865451388889,3.53530303837,4.66264258032,0.901041666667,4.53751232598,5.89351662368,0.940104166667,5.40677941952,7.20153279968,1.12629092735
B_TREND14,7,287,0.776839767515,1.22199130922,0.691608225358,0.855400696864,4.09195106208,5.39847092776,0.899825783972,5.25196232968,6.774699566,0.933797909408,6.25809910722,8.16349448138,1.29277866585
B_TREND14,8,286,0.874882463232,1.37868711249,0.784119742104,0.851398601399,4.61703817975,6.16833042243,0.899475524476,5.925904349,7.75164165728,0.937062937063,7.06115055441,9.3582063123,1.45975238699
B_TREND14,9,285,0.97869141935,1.53972339147,0.880775297032,0.851754385965,5.16632729853,6.97322383395,0.895614035088,6.63090930047,8.82109497041,0.928070175439,7.90121576821,10.619140832,1.63279088071
B_TREND14,10,284,1.08525789002,1.70570700203,0.98017460403,0.852992957746,5.71528302202,7.80410343242,0.891725352113,7.33548634372,9.97245525122,0.920774647887,8.74077109792,12.0445123406,1.81267205949
B_TREND14,11,283,1.19616082099,1.87746019506,1.08216277942,0.853356890459,6.28097803496,8.64469783334,0.887809187279,8.06154803237,11.0963048858,0.917844522968,9.60592696165,13.525735008,2.00032879707
B_TREND14,12,282,1.31227067793,2.05781641354,1.19106468072,0.854609929078,6.82005414019,9.56621648339,0.88475177305,8.75344472287,12.4097410466,0.914893617021,10.4303727191,15.4291869677,2.19831956013
B_TREND14,13,281,1.43268739489,2.24496303497,1.30160080625,0.846085409253,7.35004651415,10.490523136,0.885231316726,9.43368257048,13.7211881969,0.917259786477,11.2409261084,17.3101011429,2.40497001511
B_TREND14,14,280,1.55596409565,2.43889484154,1.41487840527,0.838392857143,7.86738500965,11.4350846175,0.884821428571,10.0976793409,15.083148208,0.910714285714,12.0321270607,19.3226905889,2.62029057265
B_TREND14,15,279,1.68279879867,2.63947467001,1.53177055839,0.832437275986,8.41578739173,12.4051108526,0.885304659498,10.8015461782,16.4954683237,0.911290322581,12.8708361277,21.3950416089,2.84416298861
B_TREND14,16,278,1.81048776215,2.84519341482,1.65171366642,0.833633093525,8.98404059175,13.399346852,0.884892086331,11.5308912644,17.9328375005,0.910071942446,13.739904401,23.5500754109,3.07541234771
B_TREND14,17,277,1.94121020094,3.05619299101,1.77541201051,0.833032490975,9.5693267674,14.4105494144,0.884476534296,12.2820979382,19.422545739,0.910649819495,14.6350223625,25.7795307934,3.31423815631
B_TREND14,18,276,2.07343361417,3.27088020965,1.90237189128,0.834239130435,10.1366662972,15.4742481156,0.889492753623,13.0102703413,20.9895757143,0.909420289855,15.5026932976,28.2051729996,3.55946170432
B_TREND14,19,275,2.20033110433,3.48685842166,2.03162764267,0.832727272727,10.7575928263,16.5820712907,0.889090909091,13.8072209136,22.5976858235,0.906363636364,16.4523184761,30.5556155706,3.80929467212
B_TREND14,20,274,2.32728857027,3.70400524616,2.16197123806,0.824817518248,11.4151792735,17.7080072117,0.885948905109,14.6512239813,24.1525391015,0.903284671533,17.4580101611,32.6796287633,4.06346749561
B_TREND14,21,273,2.45547080867,3.92845864128,2.29735856087,0.820512820513,12.109608248,18.9066816994,0.884615384615,15.5425139208,25.7976902385,0.899267399267,18.5200476291,34.9648842119,4.32544446172
B_TREND14,22,272,2.58998274009,4.15847755287,2.43487013284,0.818933823529,12.86750937,20.0998168781,0.882352941176,16.5152694796,27.3450496515,0.898897058824,19.6791573698,36.9745540853,4.59305420595
B_TREND14,23,271,2.73074310604,4.39107990668,2.57483679382,0.816420664207,13.6611315303,21.2925546307,0.878228782288,17.5338724949,28.8795893277,0.899446494465,20.8928977244,38.8564991719,4.86327207026
B_TREND14,24,270,2.87134017924,4.62454329562,2.71269888441,0.817592592593,14.514653738,22.4246551194,0.872222222222,18.6293563886,30.2703017624,0.9,22.1982472961,40.2316732126,5.13393177318
B_TREND14,25,269,3.01056508581,4.8568105723,2.85486084012,0.812267657993,15.3453629129,23.6389941914,0.871747211896,19.6955600717,31.878550045,0.898698884758,23.4687073447,42.1711501295,5.40267533877
B_TREND14,26,268,3.14819175584,5.08614505019,2.99524808648,0.8125,16.209742394,24.8313761291,0.869402985075,20.8049791249,33.3912177487,0.903917910448,24.7906616831,44.0144088454,5.6679279667
B_TREND14,27,267,3.28166391701,5.30798318558,3.13572365439,0.813670411985,17.0820787816,26.0210938338,0.871722846442,21.9246107571,34.9658927786,0.904494382022,26.1247850599,46.082362107,5.92629256251
B_TREND14,28,266,3.41452932429,5.52284440121,3.27039699575,0.813909774436,17.9973786266,27.0955269772,0.869360902256,23.0993853899,36.2033885831,0.906954887218,27.5246153746,47.413005938,6.1773696188
B_TREND14,29,265,3.55073124492,5.73520707816,3.40806217536,0.812264150943,18.8806425922,28.2033327586,0.874528301887,24.2330424167,37.590170783,0.906603773585,28.8754510397,49.1135649361,6.42251799821
B_TREND14,30,264,3.68779752126,5.94616660798,3.54760738997,0.816287878788,19.8113376175,29.3074675085,0.874053030303,25.4275765495,38.9540718424,0.909090909091,30.2988262508,50.7636091351,6.66399614852
C16_FAST_CORE,1,293,7.61372556178e-05,0.000208745332316,0.00270396438043,1,0.0296429819865,0.0296429819865,1,0.0380463554843,0.0380463554843,1,0.0453350287651,0.0453350287651,0.000254854075746
C16_FAST_CORE,2,292,0.000350105288891,0.000899286348127,0.0035527098668,1,0.0388174658788,0.0388174658788,1,0.0498216780788,0.0498216780788,1,0.0593661910602,0.0593661910602,0.00109826488692
C16_FAST_CORE,3,291,0.000996401068729,0.00239903156753,0.00461355065041,1,0.0498429983405,0.0498429983405,1,0.0639727957913,0.0639727957913,1,0.0762282878469,0.0762282878469,0.00293489862038
C16_FAST_CORE,4,290,0.00223666484771,0.0051432672338,0.00595307238063,1,0.0626307333191,0.0626307333191,1,0.0803856759481,0.0803856759481,1,0.0957854408134,0.0957854408134,0.00630583233274
C16_FAST_CORE,5,289,0.00434017107924,0.00961178589683,0.00783717738598,0.992214532872,0.0787170335409,0.0790743353903,0.997404844291,0.10103221876,0.101148129472,0.999134948097,0.120387313986,0.120428735014,0.0118039441162
C16_FAST_CORE,6,288,0.00760108175755,0.0162769354583,0.010537390153,0.985243055556,0.0993658325365,0.100995692184,0.989583333333,0.127534665352,0.129052897547,0.9921875,0.151966926889,0.153151026909,0.020007185251
C16_FAST_CORE,7,287,0.0122776340752,0.0255796349181,0.0143969479681,0.979094076655,0.127236456627,0.130699176918,0.986933797909,0.163306224103,0.167389746909,0.988675958188,0.194591368162,0.199192359705,0.0314496385012
C16_FAST_CORE,8,286,0.0185804887149,0.0379194678216,0.0197130415368,0.973776223776,0.164201681797,0.170787628856,0.981643356643,0.210750576971,0.218665458917,0.986888111888,0.251124801511,0.261662709145,0.0466109972097
C16_FAST_CORE,9,285,0.0267987555183,0.0536564327062,0.0275028673271,0.969298245614,0.225313251704,0.234992851401,0.978070175439,0.289186427788,0.301576526028,0.985087719298,0.34458688238,0.361129283361,0.0659207450062
C16_FAST_CORE,10,284,0.0371244009478,0.0731149505551,0.0367084945616,0.958626760563,0.291577897821,0.306611288866,0.975352112676,0.374236180318,0.393728286897,0.981514084507,0.445929913226,0.472793723392,0.0897659093466
C16_FAST_CORE,11,283,0.0497475459519,0.0965904568794,0.0476328990752,0.946113074205,0.363985427506,0.388020448017,0.96554770318,0.467170238551,0.497988224344,0.977915194346,0.556667673772,0.599248415101,0.118501881009
C16_FAST_CORE,12,282,0.0648717150607,0.124360311913,0.0610307392974,0.927304964539,0.453832060031,0.490462615767,0.960992907801,0.582487142959,0.62945243608,0.973404255319,0.694076240555,0.759796485351,0.152467901821
C16_FAST_CORE,13,281,0.0827568958551,0.156696617771,0.0772425860482,0.9128113879,0.565657122318,0.618820568261,0.949288256228,0.726013056572,0.794583487611,0.96975088968,0.865097915018,0.962242893628,0.192003341163
C16_FAST_CORE,14,280,0.103714803829,0.19386969492,0.0958012423785,0.892857142857,0.689553656558,0.766412712465,0.939285714286,0.885032536701,0.983368635652,0.958035714286,1.05458131268,1.19420536259,0.237447862982
C16_FAST_CORE,15,279,0.128008872401,0.236152295685,0.116510899843,0.883512544803,0.819846440831,0.929236713603,0.930107526882,1.05226151487,1.18968254281,0.950716845878,1.25384693061,1.45272901052,0.289164387558
C16_FAST_CORE,16,278,0.155878726439,0.283723776081,0.139792198907,0.873201438849,0.962241397767,1.11269710973,0.920863309353,1.23502346349,1.42800548908,0.94154676259,1.47162122443,1.75704972644,0.347386257909
C16_FAST_CORE,17,277,0.187124210297,0.336754771752,0.16635481757,0.863718411552,1.12756561365,1.32487323572,0.913357400722,1.44721479736,1.70688820269,0.93321299639,1.72446279367,2.11692040834,0.412361466214
C16_FAST_CORE,18,276,0.222265177509,0.39555282544,0.19340521825,0.849637681159,1.2628474594,1.52755495161,0.903985507246,1.62084716661,1.97583083087,0.925724637681,1.93135852269,2.47634740925,0.484487092659
C16_FAST_CORE,19,275,0.261478461809,0.460541140997,0.224908955374,0.844545454545,1.44854004601,1.77569541351,0.895454545455,1.85918102128,2.31073680657,0.918181818182,2.21535082681,2.91291330859,0.564228688785
C16_FAST_CORE,20,274,0.304769001071,0.53196694853,0.259650743304,0.830291970803,1.65821638988,2.04535963327,0.889598540146,2.12829769515,2.67152786544,0.911496350365,2.53602312238,3.3976260143,0.651785058824
C16_FAST_CORE,21,273,0.351951497573,0.60950340374,0.29423536862,0.82326007326,1.83042822552,2.29326587256,0.891025641026,2.34932919327,3.00919260733,0.910256410256,2.79939839703,3.86273660616,0.746645835779
C16_FAST_CORE,22,272,0.401992632753,0.692051636285,0.333176670234,0.818014705882,2.04531802471,2.58815514216,0.882352941176,2.62513726459,3.4150483698,0.903492647059,3.12804398444,4.409191426,0.847328408195
C16_FAST_CORE,23,271,0.454300042936,0.777697236742,0.371782158976,0.808118081181,2.20781128969,2.85464745049,0.874538745387,2.83369511232,3.78467459113,0.901291512915,3.3765559879,4.93847373932,0.951384644988
C16_FAST_CORE,24,270,0.507484026937,0.864227028693,0.412160767635,0.811111111111,2.38892627493,3.13775301379,0.871296296296,3.06615367924,4.18297160643,0.899074074074,3.65354745487,5.50315608394,1.05591121094
C16_FAST_CORE,25,269,0.560931253052,0.949192336153,0.456711677189,0.810408921933,2.61085971776,3.48645687782,0.862453531599,3.35100216931,4.67332759427,0.895910780669,3.99296536563,6.20008157672,1.15766818536
C16_FAST_CORE,26,268,0.613106081013,1.03009734306,0.499432944284,0.798507462687,2.78219986306,3.80360056692,0.856343283582,3.570914865,5.12044522982,0.893656716418,4.25500750497,6.85086635409,1.25340684221
C16_FAST_CORE,27,267,0.664890260268,1.11176376664,0.544560703055,0.799625468165,2.98687255964,4.14970597325,0.852996254682,3.83360942708,5.62101991527,0.884831460674,4.56802738235,7.57260067542,1.34999814133
C16_FAST_CORE,28,266,0.72692413217,1.21465823505,0.590847077356,0.793233082707,3.12176403238,4.48463504344,0.848684210526,4.006740758,6.11075237712,0.877819548872,4.77432608737,8.2885246019,1.47525937837
C16_FAST_CORE,29,265,0.78291585193,1.3031054472,0.640555527553,0.794339622642,3.31650143391,4.8815270569,0.845283018868,4.25668350695,6.69583973095,0.87358490566,5.07215124222,9.12696022503,1.57781916296
C16_FAST_CORE,30,264,0.848737671629,1.41567336133,0.695362923857,0.788825757576,3.49708216542,5.29431009279,0.841856060606,4.48845636664,7.31219561001,0.869318181818,5.34832563861,10.0548790523,1.71074336357
C16_FAST_PHYS,1,293,7.80979602202e-05,0.000211720920365,0.00270398654965,1,0.0296429819865,0.0296429819865,1,0.0380463554843,0.0380463554843,1,0.0453350287651,0.0453350287651,0.000258824845201
C16_FAST_PHYS,2,292,0.000365233609123,0.000929492731316,0.00355326546302,1,0.0388174658788,0.0388174658788,1,0.0498216780788,0.0498216780788,1,0.0593661910602,0.0593661910602,0.00113911944724
C16_FAST_PHYS,3,291,0.00104266713191,0.00249349612816,0.00461675070294,1,0.0498429983405,0.0498429983405,1,0.0639727957913,0.0639727957913,1,0.0762282878469,0.0762282878469,0.00306298679539
C16_FAST_PHYS,4,290,0.00233800749512,0.00533089962594,0.00596349374915,1,0.0626307333191,0.0626307333191,1,0.0803856759481,0.0803856759481,1,0.0957854408134,0.0957854408134,0.00656058439206
C16_FAST_PHYS,5,289,0.00453098175186,0.00990528829933,0.00786178559169,0.992214532872,0.0787170335409,0.0790753277044,0.997404844291,0.10103221876,0.101151476526,0.999134948097,0.120387313986,0.120429203864,0.0122027540794
C16_FAST_PHYS,6,288,0.00793025003039,0.016675431825,0.0105845417367,0.985243055556,0.0993658325365,0.10099946013,0.989583333333,0.127534665352,0.129059400035,0.9921875,0.151966926889,0.153160110161,0.0205481859492
C16_FAST_PHYS,7,287,0.0127888974503,0.0260747928674,0.0144756991015,0.977351916376,0.127236456627,0.13072807773,0.987804878049,0.163306224103,0.167399885321,0.988675958188,0.194591368162,0.199215868551,0.0321199658514
C16_FAST_PHYS,8,286,0.019348503367,0.0385063803503,0.0198339776886,0.973776223776,0.164201681797,0.170850248392,0.980769230769,0.210750576971,0.218701791432,0.986013986014,0.251124801511,0.261698766308,0.0474035145513
C16_FAST_PHYS,9,285,0.0278782078896,0.0543267497775,0.0276650757128,0.969298245614,0.225313251704,0.23508752842,0.978070175439,0.289186427788,0.301684809329,0.984210526316,0.34458688238,0.361237474684,0.0668215146484
C16_FAST_PHYS,10,284,0.0385883822164,0.0738498613064,0.0369302457403,0.958626760563,0.291577897821,0.306776064322,0.976232394366,0.374236180318,0.393866014189,0.981514084507,0.445929913226,0.473068423302,0.0907527227808
C16_FAST_PHYS,11,283,0.0516365155192,0.0973962740892,0.0479303593029,0.945229681979,0.363985427506,0.388341330836,0.96554770318,0.467170238551,0.498374152202,0.977915194346,0.556667673772,0.599751189215,0.119580484757
C16_FAST_PHYS,12,282,0.0672396964341,0.125310022248,0.0614179111261,0.926418439716,0.453832060031,0.491095049837,0.960992907801,0.582487142959,0.630060940388,0.971631205674,0.694076240555,0.760848653961,0.153723380794
C16_FAST_PHYS,13,281,0.0854072087232,0.157832427013,0.0777111756068,0.909252669039,0.565657122318,0.619924128339,0.950177935943,0.726013056572,0.795507923228,0.96975088968,0.865097915018,0.963848513669,0.193496556622
C16_FAST_PHYS,14,280,0.106285256382,0.194976464695,0.096319239141,0.891071428571,0.689553656558,0.768188932572,0.940178571429,0.885032536701,0.985224959152,0.957142857143,1.05458131268,1.1966547633,0.238916139921
C16_FAST_PHYS,15,279,0.130227019224,0.237027093745,0.117037960263,0.879928315412,0.819846440831,0.931452231193,0.926523297491,1.05226151487,1.19285250518,0.950716845878,1.25384693061,1.4572484464,0.290296101237
C16_FAST_PHYS,16,278,0.158254629696,0.285105430068,0.140372463794,0.868705035971,0.962241397767,1.11578713411,0.921762589928,1.23502346349,1.43255081156,0.939748201439,1.47162122443,1.76457006898,0.348984957996
C16_FAST_PHYS,17,277,0.19005444477,0.339318271433,0.167030782284,0.859205776173,1.12756561365,1.32946351881,0.912454873646,1.44721479736,1.71258132475,0.93321299639,1.72446279367,2.12777735374,0.415168221864
C16_FAST_PHYS,18,276,0.226153561001,0.400187068928,0.194240108603,0.845108695652,1.2628474594,1.53394044144,0.901268115942,1.62084716661,1.98285360501,0.925724637681,1.93135852269,2.48989303362,0.489594105889
C16_FAST_PHYS,19,275,0.266689574265,0.468308088957,0.226043412439,0.835454545455,1.44854004601,1.78385868322,0.893636363636,1.85918102128,2.31937454326,0.916363636364,2.21535082681,2.92984923302,0.573038425051
C16_FAST_PHYS,20,274,0.31114527982,0.543649527797,0.261191225129,0.826642335766,1.65821638988,2.0552828823,0.888686131387,2.12829769515,2.682057352,0.911496350365,2.53602312238,3.41841548643,0.665401801307
C16_FAST_PHYS,21,273,0.3586519788,0.624673085293,0.296184242696,0.81684981685,1.83042822552,2.3041684612,0.886446886447,2.34932919327,3.02316732183,0.909340659341,2.79939839703,3.88786821442,0.764622353184
C16_FAST_PHYS,22,272,0.408415017534,0.708857381427,0.33544326559,0.807904411765,2.04531802471,2.59948622705,0.878676470588,2.62513726459,3.43179517792,0.902573529412,3.12804398444,4.43912514737,0.867225835299
C16_FAST_PHYS,23,271,0.459303616682,0.792306183465,0.373873095327,0.801660516605,2.20781128969,2.86793773705,0.873616236162,2.83369511232,3.80291345496,0.90221402214,3.3765559879,4.973279132,0.967986823374
C16_FAST_PHYS,24,270,0.509708015126,0.871447435547,0.413650579277,0.800925925926,2.38892627493,3.15218659769,0.868518518519,3.06615367924,4.20342767875,0.899074074074,3.65354745487,5.54245741992,1.06191590918
C16_FAST_PHYS,25,269,0.559968878017,0.94567146317,0.457210808706,0.799256505576,2.61085971776,3.49721111923,0.864312267658,3.35100216931,4.69083392165,0.895910780669,3.99296536563,6.24379947345,1.14815063375
C16_FAST_PHYS,26,268,0.609942612501,1.01530141055,0.498847332682,0.791044776119,2.78219986306,3.81270028,0.859141791045,3.570914865,5.13618816664,0.893656716418,4.25500750497,6.89756322948,1.22738581877
C16_FAST_PHYS,27,267,0.658802988602,1.08677625689,0.54304400684,0.786516853933,2.98687255964,4.1587799406,0.856741573034,3.83360942708,5.63521223491,0.887640449438,4.56802738235,7.62096234235,1.30898220817
C16_FAST_PHYS,28,266,0.717921005984,1.1857675809,0.588585651897,0.781954887218,3.12176403238,4.4909957518,0.850563909774,4.006740758,6.11383300296,0.878759398496,4.77432608737,8.33626316723,1.42806220316
C16_FAST_PHYS,29,265,0.774823033346,1.27941506198,0.638569293987,0.781132075472,3.31650143391,4.88643572793,0.849056603774,4.25668350695,6.68965986142,0.875471698113,5.07215124222,9.17350848017,1.53726452012
C16_FAST_PHYS,30,264,0.84089262311,1.39312118681,0.693105101955,0.778409090909,3.49708216542,5.29502805761,0.84375,4.48845636664,7.2937779198,0.870265151515,5.34832563861,10.0732577499,1.67208526953
C16_FAST_TREND,1,293,8.05956793439e-05,0.000219815057935,0.00270407197554,1,0.0296429819865,0.0296429819865,1,0.0380463554843,0.0380463554843,1,0.0453350287651,0.0453350287651,0.000267960459638
C16_FAST_TREND,2,292,0.000384050428893,0.00100493882006,0.0035552811524,1,0.0388174658788,0.0388174658788,1,0.0498216780788,0.0498216780788,1,0.0593661910602,0.0593661910602,0.00121786416529
C16_FAST_TREND,3,291,0.00107835731978,0.00267763982523,0.00462603203615,1,0.0498429983405,0.0498429983405,1,0.0639727957913,0.0639727957913,1,0.0762282878469,0.0762282878469,0.00324460691547
C16_FAST_TREND,4,290,0.00237048473318,0.00561021402446,0.00598752391924,1,0.0626307333191,0.0626307333191,1,0.0803856759481,0.0803856759481,1,0.0957854408134,0.0957854408134,0.00680820742889
C16_FAST_TREND,5,289,0.00452781703811,0.0102206934057,0.00790688790779,0.992214532872,0.0787170335409,0.0791441243318,0.996539792388,0.10103221876,0.101223062184,0.999134948097,0.120387313986,0.120473622804,0.0124230423934
C16_FAST_TREND,6,288,0.00781315410171,0.0169419601834,0.0106517336811,0.984375,0.0993658325365,0.101129545444,0.989583333333,0.127534665352,0.129314550387,0.9921875,0.151966926889,0.153528671078,0.0206207741744
C16_FAST_TREND,7,287,0.0124933124457,0.0262116036069,0.014569636051,0.977351916376,0.127236456627,0.131161114077,0.986933797909,0.163306224103,0.167813253399,0.988675958188,0.194591368162,0.20003443371,0.0319350603121
C16_FAST_TREND,8,286,0.0188679605309,0.0384476849836,0.0199777968052,0.97465034965,0.164201681797,0.171408551677,0.980769230769,0.210750576971,0.219434493992,0.986013986014,0.251124801511,0.262913459571,0.0468723118026
C16_FAST_TREND,9,285,0.0270762634357,0.0540234819459,0.0279003193222,0.966666666667,0.225313251704,0.235911797888,0.978947368421,0.289186427788,0.302728781161,0.984210526316,0.34458688238,0.362899605506,0.0658861234213
C16_FAST_TREND,10,284,0.0372972898339,0.0732588919173,0.0373053095653,0.955985915493,0.291577897821,0.308987095496,0.972711267606,0.374236180318,0.395418481622,0.980633802817,0.445929913226,0.475392598008,0.08937104988
C16_FAST_TREND,11,283,0.0497325458136,0.0964400405939,0.0485052509467,0.941696113074,0.363985427506,0.392711565556,0.962897526502,0.467170238551,0.502471425787,0.973498233216,0.556667673772,0.603429076368,0.117690146527
C16_FAST_TREND,12,282,0.0647728276484,0.123876848082,0.0622218137285,0.915780141844,0.453832060031,0.498296517801,0.959219858156,0.582487142959,0.637172200133,0.968085106383,0.694076240555,0.769235130419,0.151247093412
C16_FAST_TREND,13,281,0.0829833673948,0.155985543817,0.0787803424849,0.89768683274,0.565657122318,0.6307167617,0.950177935943,0.726013056572,0.803896020596,0.965302491103,0.865097915018,0.976193675253,0.190585851613
C16_FAST_TREND,14,280,0.104507935214,0.19335721887,0.0977255829802,0.882142857143,0.689553656558,0.781402040052,0.935714285714,0.885032536701,0.994637143567,0.957142857143,1.05458131268,1.21116891509,0.236467020083
C16_FAST_TREND,15,279,0.129756539319,0.236790458716,0.118906553549,0.873655913978,0.819846440831,0.946361707735,0.923835125448,1.05226151487,1.20456599226,0.948028673835,1.25384693061,1.47363856889,0.289846291933
C16_FAST_TREND,16,278,0.159143556885,0.287154970488,0.142807082708,0.864208633094,0.962241397767,1.13112018561,0.910971223022,1.23502346349,1.44637031658,0.940647482014,1.47162122443,1.7821848384,0.351614462543
C16_FAST_TREND,17,277,0.1922690613,0.34507152046,0.170177692098,0.857400722022,1.12756561365,1.34303703545,0.90523465704,1.44721479736,1.72899928404,0.930505415162,1.72446279367,2.14409005109,0.42238543404
C16_FAST_TREND,18,276,0.229940931805,0.411336997856,0.1984294677,0.846014492754,1.2628474594,1.54721539899,0.896739130435,1.62084716661,2.00212809832,0.921195652174,1.93135852269,2.50877873259,0.503135855522
C16_FAST_TREND,19,275,0.272988703949,0.487020318872,0.231555253738,0.840909090909,1.44854004601,1.79521746181,0.890909090909,1.85918102128,2.34226035932,0.914545454545,2.21535082681,2.94925216022,0.595326149631
C16_FAST_TREND,20,274,0.322205688193,0.573076586944,0.268081377451,0.824817518248,1.65821638988,2.06581732101,0.885948905109,2.12829769515,2.70498699032,0.907846715328,2.53602312238,3.44098050278,0.700283786279
C16_FAST_TREND,21,273,0.376306058887,0.668826797526,0.304997170414,0.820512820513,1.83042822552,2.31673608335,0.886446886447,2.34932919327,3.04447728448,0.904761904762,2.79939839703,3.91616770483,0.817169053997
C16_FAST_TREND,22,272,0.433098595623,0.770108250583,0.346595429442,0.814338235294,2.04531802471,2.61964260548,0.877757352941,2.62513726459,3.45690553328,0.900735294118,3.12804398444,4.4704242961,0.940473965949
C16_FAST_TREND,23,271,0.490290345049,0.869637307521,0.387458232513,0.809040590406,2.20781128969,2.885840662,0.868081180812,2.83369511232,3.8328608591,0.895756457565,3.3765559879,5.00922998898,1.06053108319
C16_FAST_TREND,24,270,0.546035623897,0.960733251751,0.429391837662,0.80462962963,2.38892627493,3.17120530608,0.861111111111,3.06615367924,4.23888782409,0.892592592593,3.65354745487,5.58536123671,1.16853753834
C16_FAST_TREND,25,269,0.599801048325,1.03979772336,0.4749154656,0.798327137546,2.61085971776,3.53010854823,0.855018587361,3.35100216931,4.73618702191,0.890334572491,3.99296536563,6.29877034944,1.26000612181
C16_FAST_TREND,26,268,0.652015673553,1.10557121555,0.518112423115,0.793843283582,2.78219986306,3.85454455772,0.847947761194,3.570914865,5.19634478683,0.887126865672,4.25500750497,6.97020209736,1.33375605018
C16_FAST_TREND,27,267,0.70440196591,1.1664056648,0.563715589252,0.784644194757,2.98687255964,4.2118801622,0.846441947566,3.83360942708,5.71370315764,0.87734082397,4.56802738235,7.71949129891,1.40207769746
C16_FAST_TREND,28,266,0.768115186245,1.25847331453,0.612010332886,0.782894736842,3.12176403238,4.55684578741,0.837406015038,4.006740758,6.23196940291,0.871240601504,4.77432608737,8.46937437014,1.51313962066
C16_FAST_TREND,29,265,0.833890187226,1.36296791431,0.665552130037,0.779245283019,3.31650143391,4.97120733699,0.833962264151,4.25668350695,6.85251451113,0.867924528302,5.07215124222,9.3567953183,1.6331032802
C16_FAST_TREND,30,264,0.901404268304,1.47688128737,0.721759106113,0.772727272727,3.49708216542,5.4003173315,0.830492424242,4.48845636664,7.50086830156,0.859848484848,5.34832563861,10.3513075464,1.76555195711
C8_ONLINE_DATA,1,293,0.000248103541491,0.000436413775602,0.00270920322408,1,0.0296429819865,0.0296429819865,1,0.0380463554843,0.0380463554843,1,0.0453350287651,0.0453350287651,0.000535844403174
C8_ONLINE_DATA,2,292,0.000940598488689,0.00164666931921,0.00359378911335,1,0.0388174658788,0.0388174658788,1,0.0498216780788,0.0498216780788,1,0.0593661910602,0.0593661910602,0.00202224367831
C8_ONLINE_DATA,3,291,0.00229539462251,0.00399716985212,0.00477831105073,1,0.0498429983405,0.0498429983405,1,0.0639727957913,0.0639727957913,1,0.0762282878469,0.0762282878469,0.00490936404552
C8_ONLINE_DATA,4,290,0.0045609414207,0.00787331310174,0.00641479039582,0.999137931034,0.0626307333191,0.0626398540956,1,0.0803856759481,0.0803856759481,1,0.0957854408134,0.0957854408134,0.009670660702
C8_ONLINE_DATA,5,289,0.00798572864977,0.0136734622849,0.00884952136867,0.98615916955,0.0787170335409,0.0793898821535,0.994809688581,0.10103221876,0.101216869524,1,0.120387313986,0.120387313986,0.0167957322398
C8_ONLINE_DATA,6,288,0.012802104916,0.0218038001425,0.0123947414478,0.965277777778,0.0993658325365,0.102256267424,0.981770833333,0.127534665352,0.130007084985,0.990451388889,0.151966926889,0.153653533998,0.0267842662857
C8_ONLINE_DATA,7,287,0.0192766159633,0.0326732862404,0.0173625430165,0.932055749129,0.127236456627,0.135658038445,0.972996515679,0.163306224103,0.169526237673,0.984320557491,0.194591368162,0.201044652843,0.0401400112462
C8_ONLINE_DATA,8,286,0.0276569109424,0.046688398747,0.0240848247538,0.90472027972,0.164201681797,0.184781533134,0.95979020979,0.210750576971,0.226179123319,0.978146853147,0.251124801511,0.265630457037,0.0573643092972
C8_ONLINE_DATA,9,285,0.0381495777438,0.0642476361683,0.0331814206025,0.893859649123,0.225313251704,0.254739237729,0.941228070175,0.289186427788,0.311295012978,0.976315789474,0.34458688238,0.367726889118,0.0789491297412
C8_ONLINE_DATA,10,284,0.0510572988126,0.0857359124224,0.0440728964487,0.884683098592,0.291577897821,0.337790594888,0.927816901408,0.374236180318,0.413955991247,0.959507042254,0.445929913226,0.48507263049,0.105369789149
C8_ONLINE_DATA,11,283,0.0665357023352,0.111519038988,0.0571115654462,0.850706713781,0.363985427506,0.437138116699,0.918727915194,0.467170238551,0.538433466304,0.945229681979,0.556667673772,0.630866975528,0.137077672433
C8_ONLINE_DATA,12,282,0.0848337990704,0.141938312185,0.0727148105408,0.839539007092,0.453832060031,0.558274200711,0.902482269504,0.582487142959,0.691163410101,0.942375886525,0.694076240555,0.817021617866,0.174493062172
C8_ONLINE_DATA,13,281,0.106135680883,0.177305007665,0.0912131811817,0.826512455516,0.565657122318,0.702873864584,0.890569395018,0.726013056572,0.872896702564,0.931494661922,0.865097915018,1.03795862679,0.217997857267
C8_ONLINE_DATA,14,280,0.130573005525,0.217894923002,0.112257669947,0.819642857143,0.689553656558,0.866312721558,0.882142857143,0.885032536701,1.0814406668,0.91875,1.05458131268,1.29416745866,0.267928356212
C8_ONLINE_DATA,15,279,0.158236421571,0.263942688948,0.135601293032,0.818100358423,0.819846440831,1.04515645286,0.875448028674,1.05226151487,1.31177738176,0.911290322581,1.25384693061,1.5812991522,0.324567786714
C8_ONLINE_DATA,16,278,0.189176255357,0.315627756746,0.161655149155,0.807553956835,0.962241397767,1.24498818359,0.869604316547,1.23502346349,1.57370753129,0.906474820144,1.47162122443,1.91139076913,0.388128292796
C8_ONLINE_DATA,17,277,0.223419137305,0.373064730119,0.191051060034,0.805054151625,1.12756561365,1.47168273975,0.861010830325,1.44721479736,1.86989210629,0.901624548736,1.72446279367,2.2865592477,0.458738236646
C8_ONLINE_DATA,18,276,0.260883430109,0.436322086643,0.221539489206,0.79347826087,1.2628474594,1.70063435531,0.858695652174,1.62084716661,2.18095453762,0.892210144928,1.93135852269,2.69400902016,0.536466211678
C8_ONLINE_DATA,19,275,0.301693466972,0.505456532396,0.25617474269,0.790909090909,1.44854004601,1.96799407789,0.854545454545,1.85918102128,2.53477355809,0.890909090909,2.21535082681,3.17306646279,0.621365890645
C8_ONLINE_DATA,20,274,0.345972479219,0.580567308548,0.293947878703,0.785583941606,1.65821638988,2.256343368,0.847627737226,2.12829769515,2.91179283824,0.890510948905,2.53602312238,3.67998189169,0.713546876538
C8_ONLINE_DATA,21,273,0.393701036355,0.661868456656,0.332181043987,0.779304029304,1.83042822552,2.5357761931,0.843406593407,2.34932919327,3.28775608846,0.888278388278,2.79939839703,4.18502767366,0.813268632013
C8_ONLINE_DATA,22,272,0.445122976551,0.749760969051,0.374901478267,0.774816176471,2.04531802471,2.86272190154,0.842830882353,2.62513726459,3.72619063417,0.884191176471,3.12804398444,4.79742042105,0.921033286352
C8_ONLINE_DATA,23,271,0.500782389304,0.844865264372,0.419052048628,0.772140221402,2.20781128969,3.1907594222,0.834870848708,2.83369511232,4.16649047778,0.876383763838,3.3765559879,5.40438641852,1.03762462889
C8_ONLINE_DATA,24,270,0.561071334421,0.94794876245,0.465745075677,0.765740740741,2.38892627493,3.5268378666,0.830555555556,3.06615367924,4.61079971461,0.873148148148,3.65354745487,6.00929290228,1.16400812372
C8_ONLINE_DATA,25,269,0.626734791863,1.05966851602,0.518295898376,0.766728624535,2.61085971776,3.92809321822,0.824349442379,3.35100216931,5.17182673369,0.867100371747,3.99296536563,6.81919331823,1.30098580051
C8_ONLINE_DATA,26,268,0.698247688905,1.18009636409,0.571516013691,0.759328358209,2.78219986306,4.31514897117,0.819029850746,3.570914865,5.72692213516,0.861007462687,4.25500750497,7.59812395503,1.44855443643
C8_ONLINE_DATA,27,267,0.773871292494,1.30800944736,0.627666552489,0.75468164794,2.98687255964,4.72012759635,0.815543071161,3.83360942708,6.29931559641,0.85861423221,4.56802738235,8.40231172085,1.6049416132
C8_ONLINE_DATA,28,266,0.850607647375,1.44066223831,0.685374498222,0.749060150376,3.12176403238,5.13468375232,0.813909774436,4.006740758,6.93329622177,0.850563909774,4.77432608737,9.35775796609,1.7663294977
C8_ONLINE_DATA,29,265,0.930323185353,1.57924335236,0.747796656752,0.743396226415,3.31650143391,5.59658596992,0.812264150943,4.25668350695,7.62469741278,0.846226415094,5.07215124222,10.4480125728,1.93445043333
C8_ONLINE_DATA,30,264,1.0175147558,1.72978703875,0.813548553666,0.738636363636,3.49708216542,6.06941966154,0.808712121212,4.48845636664,8.33837141275,0.839015151515,5.34832563861,11.5820747681,2.11773433868
C8_ONLINE_FULL,1,293,0.000258809178711,0.000444015456372,0.00271675079914,1,0.0297243440156,0.0297243440156,1,0.0381507825181,0.0381507825181,1,0.0454594612507,0.0454594612507,0.000546389676699
C8_ONLINE_FULL,2,292,0.000978432274098,0.0016723680358,0.00361399864655,1,0.0390268265424,0.0390268265424,1,0.0500903895813,0.0500903895813,1,0.0596863805644,0.0596863805644,0.00205855737055
C8_ONLINE_FULL,3,291,0.00239040830542,0.00405354826856,0.00483313969674,1,0.0503897446324,0.0503897446324,1,0.0646745370598,0.0646745370598,1,0.0770644641425,0.0770644641425,0.00498923370537
C8_ONLINE_FULL,4,290,0.00474487071515,0.00796847276221,0.00654100315906,0.999137931034,0.0638638805059,0.0638666755995,1,0.0819684032275,0.0819684032275,1,0.0976713766889,0.0976713766889,0.00980289248079
C8_ONLINE_FULL,5,289,0.00826509154596,0.0137900172694,0.00903057751343,0.98615916955,0.0802520444601,0.0808081957204,0.995674740484,0.103002383946,0.103149084635,1,0.122734910601,0.122734910601,0.0169479263832
C8_ONLINE_FULL,6,288,0.0131997031196,0.0219033672489,0.0127314124154,0.961805555556,0.102764060433,0.105379558577,0.982638888889,0.131896243638,0.133986294272,0.990451388889,0.157164067969,0.158611847877,0.0268890779266
C8_ONLINE_FULL,7,287,0.0197717474668,0.0326961268073,0.0177846030579,0.943379790941,0.132226606236,0.138091674082,0.973867595819,0.169711011788,0.174796284064,0.985191637631,0.202223143406,0.207226070234,0.040106539347
C8_ONLINE_FULL,8,286,0.0282459424485,0.046622132873,0.024509349603,0.916083916084,0.171123768968,0.184381850682,0.962412587413,0.21963497967,0.229993799038,0.984265734266,0.261711220284,0.272744943593,0.0571621379548
C8_ONLINE_FULL,9,285,0.0388866123564,0.0639961141193,0.0330126703828,0.877192982456,0.218475925793,0.245881748288,0.95350877193,0.280410814987,0.300117243546,0.974561403509,0.334130094766,0.355010906214,0.0784258263794
C8_ONLINE_FULL,10,284,0.0518686409551,0.0851669944171,0.0437254531001,0.858274647887,0.28053556661,0.326720612384,0.93661971831,0.360063501644,0.392713360248,0.967429577465,0.429042124968,0.464358938477,0.104314871598
C8_ONLINE_FULL,11,283,0.0673688820366,0.110467278821,0.0575366382319,0.854240282686,0.372820569381,0.436716678258,0.91961130742,0.478510020381,0.532784802721,0.961130742049,0.570179857235,0.628761232795,0.135228382415
C8_ONLINE_FULL,12,282,0.0855453453923,0.140221063917,0.0734737010646,0.848404255319,0.470699672943,0.562888748593,0.899822695035,0.604136489752,0.690322718451,0.953014184397,0.719873028371,0.809730913636,0.17154286705
C8_ONLINE_FULL,13,281,0.106629557765,0.174699539472,0.0919086217592,0.835409252669,0.580538575058,0.709027008207,0.887010676157,0.745113194383,0.878003200634,0.932384341637,0.887857132979,1.02922144979,0.21360103373
C8_ONLINE_FULL,14,280,0.130659997759,0.214168576632,0.112233482655,0.83125,0.684844957545,0.867548774318,0.880357142857,0.878988986946,1.08652238615,0.9125,1.04737997898,1.28502922206,0.261724307101
C8_ONLINE_FULL,15,279,0.157781673374,0.258894973515,0.135493748287,0.828853046595,0.806933566917,1.0504461594,0.872759856631,1.03568802063,1.33007019704,0.901433691756,1.23409839416,1.60034084493,0.316232055919
C8_ONLINE_FULL,16,278,0.187910056281,0.309077237801,0.160883846619,0.822841726619,0.930653539557,1.24800544733,0.867805755396,1.1944808864,1.59997407837,0.892985611511,1.42331176416,1.96228815349,0.377381673
C8_ONLINE_FULL,17,277,0.221237009393,0.364832214786,0.189300482278,0.818592057762,1.07076208181,1.46891397286,0.861913357401,1.37430825355,1.89842820075,0.886281588448,1.63758928848,2.36124229533,0.445336846683
C8_ONLINE_FULL,18,276,0.257848537827,0.426340908692,0.218768215426,0.811594202899,1.18232665599,1.69265785839,0.860507246377,1.51749983429,2.21193324835,0.88134057971,1.80821258075,2.79962564138,0.520336638601
C8_ONLINE_FULL,19,275,0.29767931385,0.49383688365,0.251857493015,0.803636363636,1.31874159514,1.94802979995,0.856363636364,1.69258651317,2.57743929549,0.876363636364,2.01684122658,3.32724280444,0.60267439
C8_ONLINE_FULL,20,274,0.340989743129,0.567652795444,0.287328558088,0.798357664234,1.45766821023,2.2187107244,0.851277372263,1.87089689323,2.96638279516,0.872262773723,2.22931114929,3.89453383953,0.69279496087
C8_ONLINE_FULL,21,273,0.388091122364,0.648261024789,0.3254245799,0.79304029304,1.59749135893,2.50675336407,0.847985347985,2.05035796171,3.38692469998,0.8663003663,2.44315220183,4.51669783152,0.791360505567
C8_ONLINE_FULL,22,272,0.439287770108,0.736300860326,0.366018985046,0.782169117647,1.72232758095,2.81120333806,0.844669117647,2.21058351805,3.84200691273,0.863970588235,2.63407272793,5.19942892179,0.89912977046
C8_ONLINE_FULL,23,271,0.495025159979,0.832429169713,0.409700367227,0.777675276753,1.83819722483,3.14063168833,0.841328413284,2.35930059593,4.32985802594,0.859778597786,2.81128005615,5.93591849909,1.01691915292
C8_ONLINE_FULL,24,270,0.556426655036,0.937487389151,0.459070389922,0.769444444444,2.02707395288,3.51638212985,0.836111111111,2.60172125191,4.88364463171,0.858333333333,3.10014208438,6.77794440074,1.14574048492
C8_ONLINE_FULL,25,269,0.623720793939,1.0519870154,0.512182685399,0.768587360595,2.20939916434,3.91856921774,0.831784386617,2.83573312738,5.4795969483,0.85687732342,3.37898443263,7.70258854224,1.28620036576
C8_ONLINE_FULL,26,268,0.696880349871,1.17599164566,0.568382285667,0.763992537313,2.40892250935,4.3319037161,0.827425373134,3.09181856827,6.07260950216,0.857276119403,3.68412905638,8.58786981293,1.43828687263
C8_ONLINE_FULL,27,267,0.774898569451,1.3082878381,0.626636989978,0.756554307116,2.5864164119,4.75176945865,0.820224719101,3.31962952588,6.65019467904,0.852059925094,3.95558255526,9.38031243253,1.60034570867
C8_ONLINE_FULL,28,266,0.855442925204,1.44643481787,0.687426686157,0.753759398496,2.75877482696,5.18501455256,0.813909774436,3.54084915666,7.24948851492,0.847744360902,4.21918200381,10.2184088889,1.76906564771
C8_ONLINE_FULL,29,265,0.940472737506,1.59239377257,0.75111962942,0.748113207547,2.94358438994,5.6283632611,0.807547169811,3.77804966277,7.83339048644,0.843396226415,4.50182383982,10.9664933301,1.94712695605
C8_ONLINE_FULL,30,264,1.03430954381,1.75194289544,0.819848849216,0.744318181818,3.14529054644,6.1061630602,0.803977272727,4.03693671189,8.48999461054,0.839962121212,4.81030678568,11.8873418305,2.14278147631
C8_STATIC_DATA,1,293,0.000248822405455,0.000437368189319,0.00270923735818,1,0.0296430089428,0.0296430089428,1,0.0380463900823,0.0380463900823,1,0.0453350699912,0.0453350699912,0.000536961936857
C8_STATIC_DATA,2,292,0.000942588705529,0.00164871415792,0.00359399174746,1,0.0388176691983,0.0388176691983,1,0.0498219390365,0.0498219390365,1,0.0593665020105,0.0593665020105,0.00202467920611
C8_STATIC_DATA,3,291,0.00229827945004,0.00399979959551,0.00477895447733,1,0.0498437406914,0.0498437406914,1,0.0639737485883,0.0639737485883,1,0.0762294231746,0.0762294231746,0.00491265784672
C8_STATIC_DATA,4,290,0.00456442359995,0.00787597531496,0.00641631101366,0.999137931034,0.0626326914534,0.0626418124667,1,0.0803881891862,0.0803881891862,1,0.0957884355214,0.0957884355214,0.00967442331367
C8_STATIC_DATA,5,289,0.00799039169935,0.0136759047901,0.00885246322768,0.98615916955,0.0787214161543,0.0793890833943,0.994809688581,0.101037843784,0.101216217423,1,0.120394016614,0.120394016614,0.0168000567281
C8_STATIC_DATA,6,288,0.0128073530926,0.0218061307801,0.0123995899584,0.964409722222,0.0993731255842,0.102269831058,0.981770833333,0.127544025877,0.129999153686,0.991319444444,0.151978080643,0.153645042184,0.0267897875284
C8_STATIC_DATA,7,287,0.0192838736654,0.0326758853702,0.0173696044537,0.932055749129,0.127248962645,0.135707666133,0.972996515679,0.163322275404,0.169532659018,0.983449477352,0.194610494465,0.20103096593,0.0401477766091
C8_STATIC_DATA,8,286,0.0276653592295,0.0466917928599,0.0240948547086,0.90472027972,0.164222345239,0.184884295002,0.95979020979,0.21077709821,0.226249771386,0.977272727273,0.251156403518,0.265630272817,0.0573755900387
C8_STATIC_DATA,9,285,0.0381598943963,0.0642523824442,0.0331940279123,0.893859649123,0.225408188044,0.254822318037,0.942105263158,0.289308277262,0.311336497175,0.976315789474,0.344732074983,0.367665580495,0.0789652499008
C8_STATIC_DATA,10,284,0.0510608448703,0.0857424897437,0.044088828055,0.884683098592,0.291623654396,0.337944226863,0.927816901408,0.374294908247,0.414076815297,0.959507042254,0.445999891869,0.485086880268,0.105391991566
C8_STATIC_DATA,11,283,0.0665372713053,0.111527673693,0.0571311109054,0.851590106007,0.364043560532,0.437325341274,0.918727915194,0.467244851482,0.538633107157,0.945229681979,0.556756580561,0.630983388962,0.137106937537
C8_STATIC_DATA,12,282,0.0848330335763,0.141948710485,0.0727375728557,0.839539007092,0.453901036163,0.558483720339,0.902482269504,0.582575672866,0.69139734059,0.940602836879,0.694181730446,0.817216541959,0.174529818934
C8_STATIC_DATA,13,281,0.106141338619,0.177316065206,0.0912558608277,0.826512455516,0.5661418681,0.703380922775,0.889679715302,0.726635221047,0.873525820752,0.930604982206,0.865839269717,1.03877492082,0.21804165994
C8_STATIC_DATA,14,280,0.130574539955,0.217904008956,0.112291636562,0.819642857143,0.689895687214,0.866607293089,0.882142857143,0.885471528295,1.08166482403,0.919642857143,1.05510440343,1.29436140666,0.267977024065
C8_STATIC_DATA,15,279,0.158229702384,0.263943771758,0.135631461082,0.818100358423,0.819945081299,1.04542605193,0.875448028674,1.05238811854,1.31207442177,0.911290322581,1.25399778819,1.58157352575,0.324615044166
C8_STATIC_DATA,16,278,0.189158350657,0.315614826028,0.161686563898,0.807553956835,0.962345558409,1.24529976711,0.869604316547,1.23515715223,1.57409078518,0.905575539568,1.47178052439,1.91173689916,0.388168060069
C8_STATIC_DATA,17,277,0.22338445949,0.373037315277,0.191083851773,0.805054151625,1.12767512417,1.47200868509,0.861010830325,1.44735535259,1.87031732091,0.902527075812,1.72463027557,2.28690870411,0.458771676997
C8_STATIC_DATA,18,276,0.260834863721,0.436286329812,0.221574410911,0.79347826087,1.2629565064,1.70100703199,0.858695652174,1.62098712692,2.18147689336,0.892210144928,1.93152529569,2.69454757825,0.536502987625
C8_STATIC_DATA,19,275,0.301636669897,0.505424995708,0.256212725947,0.790909090909,1.44865193922,1.96845159422,0.854545454545,1.85932463467,2.53538120944,0.890909090909,2.21552195273,3.17334994448,0.621423605669
C8_STATIC_DATA,20,274,0.345919800368,0.580557835404,0.293990970578,0.785583941606,1.6583236681,2.25686657058,0.847627737226,2.12843538526,2.91244891337,0.890510948905,2.53618719026,3.68038154391,0.713649239329
C8_STATIC_DATA,21,273,0.393646245992,0.661902001851,0.332231427975,0.779304029304,1.8305149062,2.5364064583,0.843406593407,2.34944044672,3.28851631303,0.888278388278,2.79953096369,4.18554271502,0.813442399378
C8_STATIC_DATA,22,272,0.445087873969,0.749858312512,0.374960360233,0.774816176471,2.04538489838,2.86340817213,0.842830882353,2.62522309602,3.72688295459,0.884191176471,3.1281462589,4.79807277275,0.921304044128
C8_STATIC_DATA,23,271,0.500779356055,0.845043283526,0.419126825059,0.772140221402,2.20785546586,3.19159078386,0.834870848708,2.83375181182,4.16741788559,0.876383763838,3.37662354953,5.40518142813,1.03801242859
C8_STATIC_DATA,24,270,0.561100038718,0.94821790923,0.465838064624,0.765740740741,2.38895699496,3.52782337082,0.830555555556,3.06619310798,4.61186567152,0.873148148148,3.65359443711,6.0102566402,1.16452513891
C8_STATIC_DATA,25,269,0.626812409564,1.06003202459,0.518406747448,0.765799256506,2.61088533833,3.92905310617,0.824349442379,3.35103505296,5.1730661349,0.867100371747,3.99300454892,6.82041692268,1.30163647798
C8_STATIC_DATA,26,268,0.698353202637,1.1805490841,0.571645824113,0.759328358209,2.78222073169,4.31624693775,0.819029850746,3.5709416496,5.72841193038,0.861007462687,4.25503942079,7.59957068919,1.44933472144
C8_STATIC_DATA,27,267,0.773991074406,1.30853686302,0.627811367795,0.75468164794,2.98688698126,4.72136982561,0.815543071161,3.83362793704,6.30079820835,0.85861423221,4.56804943832,8.40390800225,1.60583711572
C8_STATIC_DATA,28,266,0.85073945351,1.44124972543,0.685534943088,0.749060150376,3.12176556365,5.13602679345,0.813909774436,4.00674272336,6.93505501297,0.850563909774,4.77432842925,9.35966853198,1.76732548188
C8_STATIC_DATA,29,265,0.930437800797,1.57987737792,0.747966468794,0.743396226415,3.31648615759,5.5980091431,0.812264150943,4.25666390001,7.62636418578,0.846226415094,5.0721278791,10.4501312537,1.93553342156
C8_STATIC_DATA,30,264,1.0176168717,1.73046005655,0.813726196432,0.738636363636,3.49704240001,6.07089747093,0.808712121212,4.48840532828,8.34005258662,0.839015151515,5.34826482265,11.5842933791,2.11890230525
C8_STATIC_FULL,1,293,0.000259833546819,0.000445624158168,0.002716794414,1,0.0297243744408,0.0297243744408,1,0.0381508215685,0.0381508215685,1,0.0454595077821,0.0454595077821,0.000547734528595
C8_STATIC_FULL,2,292,0.000981116415036,0.00167641555698,0.00361429672651,1,0.0390270943978,0.0390270943978,1,0.05009073337,0.05009073337,1,0.0596867902139,0.0596867902139,0.00206143094999
C8_STATIC_FULL,3,291,0.00239443211015,0.00406015992059,0.00483424669072,1,0.0503907930328,0.0503907930328,1,0.0646758826672,0.0646758826672,1,0.0770660675326,0.0770660675326,0.0049927335709
C8_STATIC_FULL,4,290,0.00475194300728,0.00797814202488,0.00654414300706,0.999137931034,0.0638665261976,0.0638692979612,1,0.081971798936,0.081971798936,1,0.0976754229251,0.0976754229251,0.00980595206492
C8_STATIC_FULL,5,289,0.00827546857337,0.0138039357887,0.00903796473109,0.985294117647,0.0802575770295,0.080816267603,0.995674740484,0.103009484922,0.103155681878,1,0.122743371936,0.122743371936,0.0169495931616
C8_STATIC_FULL,6,288,0.0132128097203,0.0219217981937,0.0127454168539,0.9609375,0.102796891287,0.105446891086,0.981770833333,0.131938381582,0.134059410348,0.990451388889,0.157214278427,0.158673741139,0.026888594658
C8_STATIC_FULL,7,287,0.0197842024219,0.0327111000011,0.017796381063,0.942508710801,0.132178628853,0.138123720514,0.974738675958,0.169649433484,0.174850008077,0.983449477352,0.20214976833,0.207333289024,0.0401016657869
C8_STATIC_FULL,8,286,0.0282627271175,0.0466434076105,0.0245250618486,0.914335664336,0.171059085006,0.184476637082,0.963286713287,0.219551958704,0.23009047666,0.982517482517,0.261612294701,0.272981906701,0.0571562649645
C8_STATIC_FULL,9,285,0.0389127019147,0.0640281259788,0.033034385215,0.876315789474,0.21839517923,0.246078337235,0.954385964912,0.280307177895,0.300281673327,0.973684210526,0.334006603554,0.355391983885,0.078420487974
C8_STATIC_FULL,10,284,0.051907021957,0.0852169735614,0.0437617703299,0.858274647887,0.280610862328,0.327084695216,0.93661971831,0.360160142651,0.393055497317,0.967429577465,0.429157279832,0.464937536389,0.10431214062
C8_STATIC_FULL,11,283,0.067408631473,0.110541915234,0.0574206149767,0.853356890459,0.370006576395,0.43492218765,0.920494699647,0.474898299485,0.5295198483,0.962014134276,0.565876226346,0.624825011831,0.135230138693
C8_STATIC_FULL,12,282,0.0856109588816,0.140330587443,0.0735363266569,0.845744680851,0.470820830081,0.563440613582,0.900709219858,0.604291993255,0.690975937227,0.953014184397,0.720058322224,0.810838684229,0.17155198189
C8_STATIC_FULL,13,281,0.106721111946,0.17484755837,0.091989749168,0.836298932384,0.580700705782,0.709774170455,0.887010676157,0.745321286915,0.878825993933,0.931494661922,0.888105090525,1.03074899898,0.213619213229
C8_STATIC_FULL,14,280,0.130786049471,0.214360777584,0.112334166069,0.83125,0.685038846106,0.868450271699,0.880357142857,0.87923784022,1.08768034585,0.9125,1.04767650595,1.28692147477,0.261753046042
C8_STATIC_FULL,15,279,0.157945154634,0.259137195839,0.135628206944,0.827956989247,0.807520360642,1.05172184038,0.871863799283,1.03644116222,1.33182885496,0.901433691756,1.23499581772,1.60300911415,0.316270203681
C8_STATIC_FULL,16,278,0.188120282453,0.309370737055,0.16103028901,0.821043165468,0.930917974161,1.24919064384,0.867805755396,1.19482028454,1.60163393868,0.892086330935,1.42371618199,1.96490449796,0.37742903262
C8_STATIC_FULL,17,277,0.22143577108,0.365187622371,0.189368732288,0.815884476534,1.06659555589,1.4702174414,0.862815884477,1.36896057542,1.90395935173,0.885379061372,1.63121713697,2.37593029125,0.44540470345
C8_STATIC_FULL,18,276,0.258040721787,0.426759562378,0.218978741826,0.810688405797,1.18387452858,1.69455693175,0.859601449275,1.51948650726,2.21411177953,0.880434782609,1.8105798476,2.80072628198,0.520443687363
C8_STATIC_FULL,19,275,0.297828593245,0.49430234103,0.252041251615,0.802727272727,1.3193545578,1.94948842395,0.856363636364,1.69337324223,2.57880133414,0.874545454545,2.01777867208,3.3263302126,0.602842134346
C8_STATIC_FULL,20,274,0.341128092082,0.568132870806,0.28756044804,0.799270072993,1.45955622511,2.22095953164,0.850364963504,1.87332013409,2.96919429624,0.872262773723,2.23219861887,3.89462043073,0.693045393805
C8_STATIC_FULL,21,273,0.38823455026,0.648831893979,0.325848736536,0.793956043956,1.60235131891,2.51153533178,0.845238095238,2.05659565282,3.39247317796,0.865384615385,2.45058486922,4.51707294338,0.791748043912
C8_STATIC_FULL,22,272,0.43946008439,0.736984718832,0.366308727306,0.783088235294,1.72456726653,2.81417472385,0.84375,2.21345812337,3.84615472101,0.863970588235,2.63749803145,5.19923322711,0.89969331827
C8_STATIC_FULL,23,271,0.495238784675,0.833245146262,0.410028657442,0.777675276753,1.84063677147,3.14438302427,0.840405904059,2.36243172015,4.33480267465,0.859778597786,2.81501102078,5.93699201359,1.01769204811
C8_STATIC_FULL,24,270,0.55667334557,0.938448083951,0.459442680538,0.769444444444,2.02976332732,3.52057584371,0.834259259259,2.60517302664,4.88827763801,0.858333333333,3.10425512765,6.77915640711,1.14674750403
C8_STATIC_FULL,25,269,0.624050492341,1.05310536619,0.512599400849,0.768587360595,2.21228151309,3.9233136754,0.829925650558,2.83943258193,5.48407495234,0.85687732342,3.38339260463,7.70403907206,1.28745427293
C8_STATIC_FULL,26,268,0.697248497742,1.17726480407,0.568943878025,0.765858208955,2.41502360244,4.3391607076,0.825559701493,3.09964923647,6.08013866968,0.857276119403,3.69345987305,8.59109539835,1.43978383103
C8_STATIC_FULL,27,267,0.775319126913,1.309704157,0.627164499126,0.757490636704,2.58991735245,4.7580469199,0.819288389513,3.32412293443,6.65646127591,0.852059925094,3.9609367818,9.38319310853,1.60207795496
C8_STATIC_FULL,28,266,0.855898643363,1.44800538518,0.688014787111,0.753759398496,2.7625883391,5.19204311877,0.812969924812,3.54574374649,7.25657537935,0.847744360902,4.22501426733,10.2218159404,1.77104967834
C8_STATIC_FULL,29,265,0.940870242218,1.59413681289,0.751678926023,0.747169811321,2.94374974161,5.6336918517,0.807547169811,3.77826188935,7.84006756633,0.843396226415,4.50207672339,10.9737409641,1.94939039571
C8_STATIC_FULL,30,264,1.03482445912,1.7538543457,0.820455297495,0.743371212121,3.14547804451,6.11119996828,0.803977272727,4.03717736306,8.4966798992,0.839962121212,4.81059353924,11.8950243261,2.14534060082
DRIFT1,1,293,0.00586145043368,0.0100916533885,0.00597721428375,0.950511945392,0.0408571507889,0.0496833249632,0.962457337884,0.0524395853191,0.0638107064835,0.96843003413,0.0624856199394,0.0764602974521,0.0123602506143
DRIFT1,2,292,0.0175178169526,0.0301954829649,0.0166470236446,0.897260273973,0.100794808258,0.133039273582,0.92551369863,0.129368735835,0.171658259424,0.940924657534,0.154152356664,0.208292092997,0.0369500863874
DRIFT1,3,291,0.0349017950943,0.060240903182,0.0334382404489,0.887457044674,0.201301425344,0.268886574374,0.920103092784,0.258367582303,0.349496432189,0.932989690722,0.307863962963,0.429319133074,0.0736570216294
DRIFT1,4,290,0.057975639462,0.100163591712,0.056040663645,0.886206896552,0.336819371327,0.45422560267,0.918965517241,0.432302982923,0.595008482007,0.931034482759,0.515120776131,0.739883945569,0.12238284231
DRIFT1,5,289,0.0866769866558,0.149902749195,0.0844598809672,0.88321799308,0.50688370531,0.688916704354,0.918685121107,0.650578192511,0.907866895232,0.929065743945,0.775211730427,1.13956873937,0.183039546294
DRIFT1,6,288,0.120945666744,0.209398220001,0.118807924396,0.883680555556,0.713266152105,0.974856526918,0.915798611111,0.915467195246,1.29083525897,0.927951388889,1.09084644512,1.63130855731,0.255545101453
DRIFT1,7,287,0.16080622768,0.278587483,0.159175076084,0.883275261324,0.952719189909,1.31378833953,0.915505226481,1.22280184202,1.75030122295,0.926829268293,1.45705826422,2.23270724708,0.339819034681
DRIFT1,8,286,0.206179768054,0.357402515139,0.205499085036,0.881993006993,1.22763298172,1.70414849568,0.914335664336,1.57564987383,2.28082232777,0.923951048951,1.87750262658,2.92991745838,0.435777856431
DRIFT1,9,285,0.257007851663,0.445766528057,0.257902909467,0.882456140351,1.54009196567,2.14817944433,0.911403508772,1.97668663804,2.88567432155,0.922807017544,2.35536740522,3.72485697863,0.543330321419
DRIFT1,10,284,0.313410647411,0.543590575006,0.31638446792,0.882922535211,1.8858034399,2.6459295733,0.909330985915,2.42040251149,3.56800552642,0.920774647887,2.8840874792,4.63212058321,0.662372521641
DRIFT1,11,283,0.375263800759,0.650770021726,0.380767773763,0.884275618375,2.26491047871,3.19508386868,0.908127208481,2.90698112802,4.3230178378,0.918727915194,3.46388166175,5.63885862831,0.792782802635
DRIFT1,12,282,0.442479152378,0.76718087087,0.451433095269,0.883865248227,2.67940918035,3.80308575223,0.906028368794,3.43898445204,5.16433207043,0.917553191489,4.09780272174,6.77153475271,0.934416488118
DRIFT1,13,281,0.515067290447,0.892675924803,0.527781649481,0.883451957295,3.12501000016,4.45891645438,0.904804270463,4.01090691255,6.07283305694,0.915480427046,4.77929036671,7.99615902367,1.08710039147
DRIFT1,14,280,0.592766421222,1.0270807662,0.610161541563,0.880357142857,3.60697883715,5.16950349328,0.902678571429,4.62950721776,7.05814385995,0.913392857143,5.51639809421,9.32493597872,1.25062708511
DRIFT1,15,279,0.675479929495,1.17018952956,0.698836585971,0.879928315412,4.12434342946,5.93988269878,0.900537634409,5.29353748311,8.13192071033,0.912186379928,6.30763895808,10.7843364828,1.42474889019
DRIFT1,16,278,0.763353470635,1.32176042947,0.792907624365,0.879496402878,4.67101533674,6.75539076354,0.89928057554,5.99518327998,9.26888304485,0.909172661871,7.14370149231,12.3294580903,1.60917153919
DRIFT1,17,277,0.855983273208,1.48151100294,0.892697415326,0.878158844765,5.25170155874,7.62401303713,0.898014440433,6.74048597717,10.4783755386,0.907942238267,8.0317844318,13.9711986771,1.80354745248
DRIFT1,18,276,0.95318747158,1.64911301268,0.998530750834,0.878623188406,5.87350346829,8.55069651292,0.894927536232,7.538560088,11.7680751655,0.907608695652,8.98274838908,15.7226650502,2.00746855611
DRIFT1,19,275,1.05439734111,1.82418694616,1.10967256177,0.876363636364,6.51774338952,9.52736033623,0.894545454545,8.36543307505,13.1385828421,0.904545454545,9.96802832393,17.6004552283,2.22045855162
DRIFT1,20,274,1.15905074278,2.00629603001,1.22608189101,0.875912408759,7.20168332394,10.5550277315,0.892335766423,9.24326047739,14.5722886753,0.903284671533,11.0140241895,19.5520740515,2.44196452867
DRIFT1,21,273,1.26705125964,2.1949396605,1.34770412101,0.877289377289,7.92410596376,11.635375261,0.89010989011,10.1704798974,16.079090641,0.902014652015,12.1188742741,21.600422655,2.6713477861
DRIFT1,22,272,1.37783260475,2.38954619522,1.4732473471,0.875919117647,8.66721738799,12.7556197777,0.888786764706,11.1242530847,17.6481250686,0.898897058824,13.2553651241,23.7376483987,2.90787372071
DRIFT1,23,271,1.49097637392,2.58946511563,1.60397327338,0.878228782288,9.45301029138,13.9363263241,0.886531365314,12.1328073574,19.3050339141,0.899446494465,14.4571316635,25.9953375405,3.1507006428
DRIFT1,24,270,1.60616949897,2.79395796748,1.737345498,0.876851851852,10.2566979147,15.139370685,0.886111111111,13.1643292546,21.0032892481,0.897222222222,15.6862658153,28.3039668955,3.39886711727
DRIFT1,25,269,1.72286100072,3.00218794174,1.87373726967,0.875464684015,11.0899080742,16.3780485702,0.885687732342,14.2337429167,22.7457316143,0.89405204461,16.96055079,30.6938244106,3.65127754077
DRIFT1,26,268,1.8403433378,3.21320785127,2.01371019592,0.876865671642,11.9679994091,17.654942922,0.883395522388,15.3607609437,24.5414059756,0.894589552239,18.303475599,33.1417466705,3.90668556859
DRIFT1,27,267,1.95844650649,3.42594610248,2.15458471618,0.875468164794,12.8571145485,18.9321556688,0.883895131086,16.5019278707,26.3495231156,0.892322097378,19.6632598622,35.6047111953,4.16367486412
DRIFT1,28,266,2.07653285013,3.63919013808,2.29678561054,0.875939849624,13.7719818121,20.2237458394,0.885338345865,17.6761472913,28.1578173515,0.891917293233,21.0624286007,38.0885278612,4.42063648514
DRIFT1,29,265,2.19357861727,3.85156665481,2.44090907046,0.87641509434,14.7322351383,21.5340180262,0.883018867925,18.9086190926,29.9763563968,0.894339622642,22.5310093322,40.5452038788,4.67574200234
DRIFT1,30,264,2.30982894022,4.06165937868,2.58414532805,0.875946969697,15.6955362716,22.8346051686,0.88446969697,20.1450027119,31.772300595,0.892992424242,24.0042512822,42.9482840642,4.92710217755
DRIFT14,1,293,0.0413881107209,0.0720883008459,0.0392889680559,0.883105802048,0.235659312707,0.312227738845,0.922354948805,0.302465453324,0.399319963891,0.936006825939,0.360409817244,0.477595836733,0.0878766497291
DRIFT14,2,292,0.0880493618671,0.153462886821,0.0842140011646,0.881849315068,0.50435706697,0.673420356332,0.921232876712,0.64733528731,0.868277316232,0.933219178082,0.771347570543,1.05034872372,0.186999985073
DRIFT14,3,291,0.13995595689,0.244056766268,0.134945249996,0.881443298969,0.805502588757,1.08711714055,0.920103092784,1.03385138004,1.41364990572,0.932130584192,1.23190990192,1.73368046691,0.297293583517
DRIFT14,4,290,0.197067446158,0.343789462339,0.191435471241,0.883620689655,1.14087340721,1.55160948421,0.91724137931,1.46429516549,2.03134200698,0.929310344828,1.74481530762,2.51670662883,0.418666279241
DRIFT14,5,289,0.259464224104,0.452563399127,0.253676625199,0.88062283737,1.50860985786,2.06688839432,0.915224913495,1.93627979012,2.72208909396,0.926470588235,2.30721967623,3.40309098984,0.551006956586
DRIFT14,6,288,0.326976400495,0.570260141579,0.32185797797,0.881944444444,1.90709123841,2.63699015962,0.9140625,2.44772510507,3.49499445341,0.925347222222,2.91664435752,4.41421554248,0.694179152707
DRIFT14,7,287,0.399532260965,0.696736472165,0.395713030316,0.885888501742,2.3379433734,3.25666548203,0.912020905923,3.00071783354,4.34035573723,0.923344947735,3.57557583553,5.52609130306,0.848015445148
DRIFT14,8,286,0.477120920465,0.831820280995,0.475161058108,0.88548951049,2.79894302603,3.92592387482,0.910839160839,3.59240448201,5.25582579759,0.921328671329,4.28061396302,6.73915107031,1.01231159151
DRIFT14,9,285,0.559565606716,0.975306239128,0.560652548476,0.885087719298,3.2920743054,4.65419719828,0.908771929825,4.22533162693,6.26093484166,0.921052631579,5.03479317297,8.08969949929,1.186820379
DRIFT14,10,284,0.646791920231,1.12695121682,0.65127897695,0.883802816901,3.81166054488,5.42552854933,0.907570422535,4.89221334553,7.32933964972,0.917253521127,5.82943175297,9.52820978367,1.37124513085
DRIFT14,11,283,0.738826418817,1.28646939886,0.747258538347,0.88074204947,4.36130085451,6.24557803534,0.906360424028,5.59766904558,8.46650732209,0.916077738516,6.67003406683,11.0660827228,1.5652328038
DRIFT14,12,282,0.83495423689,1.45352703791,0.848899003141,0.881205673759,4.9471398721,7.12132619987,0.903368794326,6.34958528431,9.68281503344,0.914893617021,7.56599752713,12.7122472247,1.76836659577
DRIFT14,13,281,0.934871474729,1.62773677278,0.955702108045,0.879003558719,5.56007889333,8.04492473469,0.901245551601,7.13628400114,10.9700067637,0.91103202847,8.50340686642,14.466296904,1.9801579644
DRIFT14,14,280,1.03824933746,1.80865142161,1.06766258517,0.877678571429,6.19438287641,9.02323449994,0.9,7.95040434964,12.3481307773,0.910714285714,9.47349109519,16.3694805779,2.20003793455
DRIFT14,15,279,1.14465798131,1.99575713868,1.18441790811,0.877240143369,6.87055563626,10.0480213015,0.897849462366,8.81826269135,13.7818406277,0.909498207885,10.5076080923,18.3293041125,2.4273475446
DRIFT14,16,278,1.2538590641,2.18846579641,1.30505079645,0.874100719424,7.56582192172,11.1123223836,0.896582733813,9.71062730786,15.2756405819,0.906474820144,11.570926117,20.382373121,2.6613272461
DRIFT14,17,277,1.36530221301,2.38610930105,1.42977655789,0.874548736462,8.2874671157,12.2250195005,0.896209386282,10.6368488869,16.8404298504,0.904332129964,12.6745872008,22.5379021734,2.90110878289
DRIFT14,18,276,1.47843742787,2.58794615306,1.55856998452,0.874094202899,9.05137316947,13.3822062302,0.893115942029,11.6173116923,18.4742421571,0.902173913043,13.8428806922,24.774136525,3.14572328093
DRIFT14,19,275,1.59317415828,2.79316796055,1.6903316505,0.872727272727,9.82548481865,14.5777984349,0.892727272727,12.6108732376,20.1911443892,0.900909090909,15.026782295,27.1599643636,3.39410981275
DRIFT14,20,274,1.70876768801,3.00090621502,1.8249911952,0.875,10.6438544491,15.8065911852,0.890510948905,13.6612392869,21.9356461192,0.899635036496,16.278370639,29.5794431741,3.64512456844
DRIFT14,21,273,1.82501492218,3.21024111477,1.96070836095,0.873626373626,11.472613907,17.0374531986,0.89010989011,14.7249405353,23.7017776189,0.897435897436,17.545848853,32.039790123,3.89755290895
DRIFT14,22,272,1.9411856224,3.42021240372,2.09834636188,0.875919117647,12.3309372582,18.2918886032,0.889705882353,15.82658663,25.4976417363,0.897058823529,18.8585411399,34.5493212284,4.15012421885
DRIFT14,23,271,2.05722478227,3.62983227372,2.23712947705,0.880073800738,13.2202149424,19.5494207481,0.889298892989,16.967962181,27.280084836,0.89667896679,20.218573994,37.0339606572,4.40152953086
DRIFT14,24,270,2.17228614362,3.83810020894,2.3763952364,0.87962962963,14.1249544424,20.8185768346,0.889814814815,18.1291827577,29.0705193466,0.897222222222,21.6022536547,39.5206128315,4.65044194651
DRIFT14,25,269,2.28630203025,4.04401983733,2.51584203068,0.881040892193,15.0574587597,22.0824164725,0.889405204461,19.3260390916,30.8265285642,0.897769516729,23.0283959391,41.9092273172,4.89553988655
DRIFT14,26,268,2.39894379234,4.24661788681,2.65464415165,0.879664179104,16.0090235776,23.3405531556,0.888992537313,20.5473593132,32.5577492464,0.897388059701,24.4836887437,44.2124311766,5.13553325677
DRIFT14,27,267,2.50963197178,4.44496534539,2.79314945249,0.880149812734,16.9786349775,24.5965337321,0.888576779026,21.791842072,34.2651640563,0.897003745318,25.9665814137,46.4606380276,5.36919264147
DRIFT14,28,266,2.61809296918,4.63820093457,2.9312449965,0.87969924812,17.9727381403,25.8468910205,0.888157894737,23.0677596681,35.9547906308,0.897556390977,27.4869310027,48.6446764988,5.59538163873
DRIFT14,29,265,2.72431221923,4.82555699562,3.06783249292,0.879245283019,18.9736983777,27.0907964153,0.888679245283,24.3524782243,37.6200359,0.897169811321,29.0177675824,50.7764094753,5.81309242278
DRIFT14,30,264,2.82808450007,5.00638784792,3.20273247412,0.880681818182,19.9806831389,28.3123534077,0.888257575758,25.644929173,39.2473133552,0.897727272727,30.5578178761,52.8431599393,6.02148454226
DRIFT3,1,293,0.0116363848122,0.020076630063,0.0110855462263,0.915529010239,0.0689678200819,0.0884530194236,0.941126279863,0.088519238753,0.112784986938,0.95819112628,0.105477178669,0.134341131761,0.0245672888894
DRIFT3,2,292,0.0289791156403,0.0500667821513,0.027566499819,0.885273972603,0.165906885692,0.220027501641,0.922945205479,0.212939182475,0.283979556762,0.935787671233,0.25373268582,0.344544948188,0.0612159059528
DRIFT3,3,291,0.051987159615,0.0899066399965,0.049896313917,0.884879725086,0.299644354172,0.401652811311,0.922680412371,0.384589364959,0.522837100426,0.932989690722,0.458266493629,0.643235049805,0.109848294822
DRIFT3,4,290,0.0806004669377,0.139535942996,0.0780259722347,0.883620689655,0.468345394726,0.632736664548,0.920689655172,0.601114806375,0.829040299699,0.930172413793,0.716272470549,1.03071965568,0.170377134159
DRIFT3,5,289,0.114759121839,0.198895110959,0.112014232945,0.88321799308,0.67274553098,0.914194436104,0.917820069204,0.863459541074,1.20409988628,0.928200692042,1.02887550289,1.5082579112,0.242721100176
DRIFT3,6,288,0.154484047638,0.267922237825,0.151948342104,0.885416666667,0.911376736699,1.24738498949,0.915798611111,1.16973937778,1.65241037437,0.927083333333,1.39383043828,2.08757410712,0.326800458833
DRIFT3,7,287,0.199698884257,0.346549958609,0.197809368284,0.882404181185,1.18457702387,1.63189703139,0.914634146341,1.5203881502,2.17210123265,0.925087108014,1.81165422143,2.76388631459,0.422532494109
DRIFT3,8,286,0.25034521187,0.434702189888,0.249841399518,0.883741258741,1.49292590575,2.07217935505,0.912587412587,1.91614965551,2.77293577902,0.923951048951,2.28323314139,3.55706609799,0.529826773099
DRIFT3,9,285,0.306539891597,0.532290741098,0.307740554672,0.885087719298,1.83448859659,2.56291711499,0.911403508772,2.35454062312,3.44447457794,0.921929824561,2.80560819871,4.44614324423,0.648580244124
DRIFT3,10,284,0.368160236509,0.63921179041,0.371602441871,0.883802816901,2.2104394484,3.10575998524,0.910211267606,2.8370683175,4.18917041711,0.919894366197,3.38057540979,5.43658296776,0.778672158901
DRIFT3,11,283,0.435119194746,0.755342214785,0.441725312445,0.886042402827,2.62142695711,3.70737664804,0.908127208481,3.36456507418,5.02038467018,0.918727915194,4.0091265636,6.55459836809,0.919958803938
DRIFT3,12,282,0.507446477055,0.880535759117,0.51749068625,0.883865248227,3.06312898028,4.35670605027,0.906914893617,3.93148348337,5.91899173492,0.915780141844,4.68465151365,7.76404297211,1.07226801974
DRIFT3,13,281,0.584868999775,1.01461902393,0.599298341127,0.88256227758,3.54092513597,5.06080598229,0.904804270463,4.54472821013,6.89326077445,0.914590747331,5.41537767582,9.07681620492,1.2353934789
DRIFT3,14,280,0.6672873111,1.15738724486,0.687296758126,0.882142857143,4.05304414628,5.82396031384,0.901785714286,5.20202584386,7.95601423247,0.913392857143,6.19859611429,10.5221000495,1.4090886857
DRIFT3,15,279,0.754862028849,1.30859982971,0.780663714776,0.879928315412,4.59418984894,6.63215370328,0.901433691756,5.8965788339,9.08233779531,0.910394265233,7.02620704789,12.0523537106,1.59306064978
DRIFT3,16,278,0.847186866546,1.46797561063,0.879712109677,0.879496402878,5.16894052057,7.49256402413,0.900179856115,6.63426333465,10.2796970807,0.909172661871,7.90521234644,13.6802562697,1.78696317513
DRIFT3,17,277,0.944076520107,1.6351877583,0.984762670106,0.879061371841,5.78421624769,8.41056744899,0.897111913357,7.42396118102,11.5587052501,0.908844765343,8.846195369,15.41667161,1.99038969178
DRIFT3,18,276,1.04494577759,1.80985829305,1.09482195505,0.876811594203,6.42435875813,9.37295544679,0.896739130435,8.24557519826,12.9032056326,0.905797101449,9.82520885481,17.2522731703,2.20286554122
DRIFT3,19,275,1.14927746332,1.99155211258,1.21059457583,0.875454545455,7.09729112487,10.3969083895,0.895454545455,9.10927454044,14.3418533723,0.904545454545,10.8543700984,19.2279239867,2.42383960642
DRIFT3,20,274,1.25697643275,2.17977043732,1.33115765962,0.876824817518,7.80768395893,11.4636103279,0.893248175182,10.0210538719,15.8344751321,0.902372262774,11.9408221827,21.2576195359,2.65267515242
DRIFT3,21,273,1.36743433867,2.37394355067,1.45612001864,0.874542124542,8.54710953672,12.5793419505,0.891025641026,10.9700963265,17.3974492786,0.900183150183,13.071676017,23.3897227257,2.88863971233
DRIFT3,22,272,1.4802473621,2.57342274267,1.5855198207,0.876838235294,9.32082707287,13.7430384971,0.888786764706,11.9631520332,19.024806665,0.899816176471,14.2549748759,25.6022603577,3.13089383454
DRIFT3,23,271,1.59512761381,2.77747141383,1.71867042707,0.877306273063,10.1194293482,14.9492467244,0.887453874539,12.9881469569,20.7336588707,0.897601476015,15.4763316591,27.9416288849,3.37847849125
DRIFT3,24,270,1.71151854985,2.98525473665,1.85430444541,0.875925925926,10.9439025607,16.1802592708,0.887037037037,14.0463468688,22.4690678201,0.89537037037,16.7372546263,30.3227064444,3.63030070534
DRIFT3,25,269,1.82869158023,3.19582765688,1.99319868417,0.877323420074,11.8070101169,17.4451352707,0.885687732342,15.1541334242,24.2511102365,0.894981412639,18.0572637235,32.7624136601,3.88511701115
DRIFT3,26,268,1.94651393918,3.40812089267,2.13333386737,0.875932835821,12.6867364745,18.7165058467,0.886194029851,16.2832499802,26.0567307184,0.893656716418,19.4026890841,35.228197086,4.14151424198
DRIFT3,27,267,2.06426925181,3.62092440726,2.27482451668,0.876404494382,13.5919643234,20.0022953339,0.88670411985,17.4450973459,27.8637517069,0.893258426966,20.7871156098,37.7246092499,4.39788695887
DRIFT3,28,266,2.18109986769,3.83290791747,2.41815588557,0.876879699248,14.5425133199,21.3052361959,0.885338345865,18.6651137749,29.6783473439,0.894736842105,22.2408548497,40.1838437367,4.6524647344
DRIFT3,29,265,2.29715861822,4.04280094954,2.56061477644,0.875471698113,15.4967863824,22.5977646362,0.88679245283,19.8899099908,31.4648912969,0.893396226415,23.700289557,42.5815945529,4.9035552171
DRIFT3,30,264,2.41131371759,4.24953337506,2.70307073833,0.876893939394,16.4723558366,23.890469859,0.887310606061,21.1420398295,33.2356701068,0.893939393939,25.1922942848,44.9380976547,5.14973609554
DRIFT30,1,293,0.0767790948204,0.134002645322,0.0721277688311,0.87542662116,0.420737219299,0.565932201602,0.919795221843,0.540010374739,0.722831813204,0.934300341297,0.643462049403,0.865186801751,0.162802542754
DRIFT30,2,292,0.158049069506,0.275811289353,0.149405842064,0.875856164384,0.869411109861,1.17851179484,0.917808219178,1.11587707886,1.51822923818,0.930650684932,1.32964955051,1.83793024217,0.335069809382
DRIFT30,3,291,0.243777372217,0.425202641026,0.232039305878,0.877147766323,1.34405278538,1.84403805621,0.915807560137,1.72507307414,2.39854600081,0.928694158076,2.05555135157,2.9461694288,0.516533099475
DRIFT30,4,290,0.333607284894,0.581908738284,0.319657708647,0.878448275862,1.84664451391,2.5549488777,0.913793103448,2.37014257409,3.34523805378,0.927586206897,2.82419906995,4.1517928053,0.706863697279
DRIFT30,5,289,0.427369310722,0.745614771626,0.412206514466,0.882352941176,2.37462865455,3.31415864267,0.910899653979,3.04780288215,4.36617425529,0.923875432526,3.63168113145,5.4690148442,0.905669541866
DRIFT30,6,288,0.524687811416,0.915957756804,0.509566019556,0.881944444444,2.92372737436,4.11974327288,0.910590277778,3.75256345919,5.45936632069,0.922743055556,4.47145515516,6.90508464551,1.11249310178
DRIFT30,7,287,0.625247410649,1.09252599978,0.611626259395,0.879790940767,3.50302804579,4.9710347372,0.906794425087,4.49608782147,6.61970737196,0.918989547038,5.35741907792,8.43307197361,1.32681037384
DRIFT30,8,286,0.728849165523,1.27485929762,0.718480354927,0.877622377622,4.09584329992,5.87532073565,0.906468531469,5.25695796286,7.87429355868,0.916958041958,6.26405177131,10.1310577076,1.54803092686
DRIFT30,9,285,0.835013424171,1.46244982281,0.829431936759,0.878070175439,4.72141956812,6.81999408963,0.90350877193,6.05987641058,9.180793479,0.916666666667,7.22078811201,11.8921580066,1.77549891637
DRIFT30,10,284,0.943500667546,1.65474364478,0.944337963325,0.87411971831,5.36753051449,7.80821769877,0.901408450704,6.8891508324,10.5567816494,0.912852112676,8.20892953289,13.7605599628,2.00849500568
DRIFT30,11,283,1.05400911179,1.85114284986,1.06274686994,0.873674911661,6.03049770702,8.83831013137,0.900176678445,7.74006001194,11.9994303753,0.911660777385,9.22285035763,15.7407431993,2.24623913885
DRIFT30,12,282,1.16606054664,2.05100822965,1.18468466575,0.873226950355,6.72770648785,9.91085652393,0.89804964539,8.63491779428,13.5041120934,0.909574468085,10.2891391726,17.7962745659,2.48789412374
DRIFT30,13,281,1.27941296754,2.25366251678,1.30985746281,0.871886120996,7.43174200456,11.0279176773,0.89768683274,9.53853759725,15.1049941391,0.907473309609,11.3658685791,20.0339110157,2.73256999599
DRIFT30,14,280,1.3935545203,2.45839415671,1.4368066821,0.872321428571,8.1766505291,12.1579509505,0.894642857143,10.4946173378,16.7031001639,0.90625,12.5051078568,22.2173414958,2.97932914828
DRIFT30,15,279,1.50848994276,2.66446161387,1.56651027165,0.870967741935,8.92283026758,13.3298686698,0.895161290323,11.4523286639,18.4060730802,0.903225806452,13.6462912885,24.643796835,3.22719222272
DRIFT30,16,278,1.62323794146,2.8710982203,1.69801852432,0.874100719424,9.70594885549,14.5162572032,0.892985611511,12.4574504898,20.1273030661,0.902877697842,14.8439678153,27.0711036694,3.47514477814
DRIFT30,17,277,1.73834816478,3.07751758507,1.82959902159,0.871841155235,10.497274598,15.6972435213,0.893501805054,13.4731060847,21.835671807,0.900722021661,16.0541961018,29.4927162156,3.72214475785
DRIFT30,18,276,1.85266798921,3.28291959335,1.96249866437,0.870471014493,11.3108012023,16.8974644527,0.893115942029,14.5172561772,23.5666779724,0.900362318841,17.2983776765,31.9806251002,3.96713079755
DRIFT30,19,275,1.96630262169,3.48649703436,2.09600614032,0.868181818182,12.1568892139,18.1007576252,0.891818181818,15.6031983835,25.2782478138,0.900909090909,18.5923576264,34.38668845,4.2090314275
DRIFT30,20,274,2.07866417505,3.68744290895,2.22938345193,0.868613138686,13.0089640821,19.3065832556,0.891423357664,16.6968246371,26.9875568118,0.899635036496,19.8954936832,36.7834553973,4.44677523697
DRIFT30,21,273,2.18986553271,3.88495847886,2.36212251125,0.869963369963,13.881894744,20.5012287041,0.891025641026,17.8172190122,28.6595090459,0.900183150183,21.2305259242,39.0822780821,4.67930208383
DRIFT30,22,272,2.29915078033,4.078262125,2.49397756239,0.869485294118,14.7678680322,21.6925450903,0.890625,18.9543534167,30.3117632804,0.899816176471,22.5855051406,41.3204753935,4.90557542524
DRIFT30,23,271,2.40658320025,4.26659910962,2.62415720031,0.870848708487,15.6586140258,22.8625119172,0.891143911439,20.0976135224,31.9177366715,0.899446494465,23.94778358,43.4655235381,5.12459584997
DRIFT30,24,270,2.51207600879,4.44925239103,2.75444389447,0.872222222222,16.5883679633,24.0395632424,0.890740740741,21.2909397821,33.5070530856,0.900925925926,25.3697195217,45.5295911986,5.33541606167
DRIFT30,25,269,2.61528406582,4.62555455819,2.88175876926,0.874535315985,17.5055661177,25.1836722265,0.89126394052,22.4681508686,35.0385530251,0.899628252788,26.77245305,47.492321086,5.53715738641
DRIFT30,26,268,2.71588987838,4.79490099143,3.00915480476,0.873134328358,18.4612543947,26.3364238812,0.889925373134,23.6947634926,36.5608813538,0.900186567164,28.2340521411,49.4005427851,5.72902791245
DRIFT30,27,267,2.81384877917,4.95676436816,3.13331567665,0.87265917603,19.3987278648,27.4559351659,0.890449438202,24.8979976651,38.0342995968,0.899812734082,29.6677940889,51.2349489364,5.91034238245
DRIFT30,28,266,2.90964465983,5.11071062678,3.25565075786,0.873120300752,20.344489674,28.5624924799,0.890977443609,26.1118698057,39.4771399125,0.897556390977,31.1142119576,53.0064240279,6.08054393457
DRIFT30,29,265,3.00220750225,5.25641648222,3.37797397013,0.871698113208,21.3287938589,29.6744960637,0.889622641509,27.3752105499,40.9083889861,0.898113207547,32.6195753031,54.7226801507,6.2392277405
DRIFT30,30,264,3.09216021595,5.39368854388,3.49649030426,0.872159090909,22.2891534527,30.7514212192,0.890151515152,28.6078187442,42.2886999639,0.898674242424,34.0883185568,56.3634778927,6.38616650662
DRIFT7,1,293,0.0228820037611,0.0396336246438,0.0216556733618,0.889931740614,0.130638173317,0.172080321659,0.923208191126,0.167672280208,0.22064745733,0.938566552901,0.199793844892,0.264788153524,0.0484209835723
DRIFT7,2,292,0.0513103986533,0.0889729458566,0.0489680250746,0.884417808219,0.294968477172,0.391793611916,0.921232876712,0.378587941802,0.505564410118,0.933219178082,0.451115356865,0.612833892084,0.108629778812
DRIFT7,3,291,0.0852259671183,0.147961194256,0.0820825662548,0.884020618557,0.493633936145,0.662047186321,0.919243986254,0.633572297896,0.861366981039,0.932130584192,0.75494795715,1.05791479445,0.180548799863
DRIFT7,4,290,0.124635410527,0.216539394975,0.1209806073,0.881896551724,0.726200702761,0.982096546841,0.918103448276,0.932068511284,1.28623909659,0.930172413793,1.11062813329,1.59637314694,0.264102179283
DRIFT7,5,289,0.169472635881,0.294643232858,0.165729066702,0.882352941176,0.993148017039,1.35296142504,0.916955017301,1.27469167987,1.78186887969,0.929065743945,1.51888881965,2.23127663238,0.359211190575
DRIFT7,6,288,0.219681440578,0.382199791774,0.216544835148,0.883680555556,1.29449505909,1.77842287652,0.914930555556,1.66146642106,2.35745685222,0.927951388889,1.97975934967,2.98094059903,0.465789508594
DRIFT7,7,287,0.275368324387,0.479124166164,0.273178289138,0.881533101045,1.62873545728,2.25399137571,0.913763066202,2.0904593278,3.00344636755,0.924216027875,2.49093592676,3.82767694751,0.583738305082
DRIFT7,8,286,0.336418872535,0.585315938737,0.335760261098,0.879370629371,1.99764908195,2.78251083224,0.912587412587,2.56395483893,3.72335402345,0.922202797203,3.05514062768,4.77631132447,0.712941170567
DRIFT7,9,285,0.402743581561,0.700655514114,0.404515668733,0.885087719298,2.40031256277,3.36785708514,0.910526315789,3.08076782147,4.5288331407,0.921929824561,3.6709612794,5.85217495702,0.853258848029
DRIFT7,10,284,0.474395041329,0.825000293445,0.478898631989,0.884683098592,2.83356791952,4.00133534187,0.909330985915,3.63684505169,5.4019633492,0.919014084507,4.33356816794,7.02216340719,1.00452375706
DRIFT7,11,283,0.551097049051,0.958180669585,0.559147173546,0.883392226148,3.30136320337,4.68842496984,0.907243816254,4.2372537984,6.35050251921,0.917844522968,5.0489993165,8.29377255154,1.16653427975
DRIFT7,12,282,0.632749674334,1.09999581612,0.645523862015,0.883865248227,3.80197176376,5.43338124081,0.905141843972,4.8797779296,7.3862454592,0.916666666667,5.81461404094,9.69840816055,1.33904877097
DRIFT7,13,281,0.719517487784,1.25020923623,0.737206408446,0.880782918149,4.33091464715,6.22284579686,0.903914590747,5.55866877066,8.48535217153,0.913701067616,6.62356237295,11.1907904611,1.52177924586
DRIFT7,14,280,0.811035448348,1.40854402874,0.834489287407,0.879464285714,4.89252095612,7.06361436743,0.902678571429,6.27948266459,9.65675846538,0.911607142857,7.48246510357,12.7804044743,1.71438468557
DRIFT7,15,279,0.907141628922,1.57467781856,0.937678128559,0.879928315412,5.49322942164,7.96069100104,0.899641577061,7.05048363312,10.9074316383,0.911290322581,8.40116942205,14.4784775442,1.91646388912
DRIFT7,16,278,1.00714278444,1.7482372863,1.04585754436,0.875899280576,6.11829038233,8.90224796924,0.898381294964,7.85274069081,12.224997724,0.907374100719,9.35711766794,16.2745070771,2.12754778198
DRIFT7,17,277,1.11069369366,1.92879221674,1.15988309416,0.87725631769,6.77689427417,9.90671483895,0.897111913357,8.69804963454,13.6358487411,0.906137184116,10.3643654001,18.2152936928,2.3470910727
DRIFT7,18,276,1.21765455133,2.11584896714,1.27837839454,0.875,7.46796640409,10.95211506,0.894927536232,9.58503111071,15.1016360239,0.904891304348,11.4212690174,20.2177552671,2.57446312345
DRIFT7,19,275,1.32733409539,2.30884323272,1.4016025263,0.874545454545,8.19079397279,12.0489888991,0.892727272727,10.5127702513,16.6379664903,0.901818181818,12.5267383873,22.3179506424,2.80893786925
DRIFT7,20,274,1.43938550369,2.50713195652,1.5293559434,0.875,8.95073377261,13.197674925,0.889598540146,11.4881424248,18.2436811435,0.900547445255,13.6889660168,24.5066845904,3.04968258122
DRIFT7,21,273,1.55353846813,2.70998419194,1.66006860045,0.874542124542,9.72749217804,14.3731918746,0.888278388278,12.485101045,19.9034408839,0.898351648352,14.8769154839,26.7783472259,3.29574521773
DRIFT7,22,272,1.66926809447,2.91657072229,1.7943268713,0.875,10.530046421,15.5934313215,0.889705882353,13.5151682641,21.6404956517,0.897977941176,16.10431628,29.1798891613,3.5460400533
DRIFT7,23,271,1.78574293708,3.12595224675,1.93176379528,0.879151291513,11.3785529669,16.8484895499,0.887453874539,14.6042146256,23.414743064,0.897601476015,17.4019950588,31.6262904163,3.79933121385
DRIFT7,24,270,1.90301499493,3.33707763825,2.07020880907,0.876851851852,12.2380699294,18.1062542496,0.887037037037,15.7073927038,25.2093855243,0.894444444444,18.7165128168,34.100556825,4.05422977867
DRIFT7,25,269,2.02007483644,3.54883091644,2.21012434724,0.878252788104,13.1224738326,19.3783722638,0.887546468401,16.8425128246,27.0123671248,0.89405204461,20.069091866,36.6011976902,4.3092564977
DRIFT7,26,268,2.13666663893,3.76006885643,2.35195359513,0.878731343284,14.0519324198,20.6680754086,0.886194029851,18.0354600063,28.8220737881,0.893656716418,21.4905761082,39.0817784061,4.56289303313
DRIFT7,27,267,2.2523346926,3.96965572574,2.49307000864,0.87734082397,14.985192584,21.9490085951,0.887640449438,19.2332864593,30.6035406272,0.894194756554,22.9178743609,41.5010024425,4.81362976487
DRIFT7,28,266,2.36669880497,4.1765037121,2.6354365779,0.87969924812,15.9630969721,23.2436739544,0.886278195489,20.4884131532,32.3800703202,0.894736842105,24.4134500618,43.8695569895,5.06002142867
DRIFT7,29,265,2.47930314292,4.37961871669,2.77630307994,0.878301886792,16.9393044774,24.5205924487,0.88679245283,21.7413619216,34.1295794305,0.894339622642,25.9064306045,46.1750532164,5.30075006246
DRIFT7,30,264,2.58978730405,4.5781511126,2.91666723984,0.878787878788,17.9340689408,25.7957458883,0.887310606061,23.0181282879,35.8553265995,0.893939393939,27.4277915655,48.4333716538,5.53469460786
EXPERT_INIT,1,293,0.0413522003769,0.0720250808164,0.039209269055,0.881399317406,0.234741938841,0.31146006766,0.922354948805,0.301288016715,0.398436099129,0.936006825939,0.359006814989,0.476766100235,0.0877766945217
EXPERT_INIT,2,292,0.0879187252727,0.153310289577,0.0840354524469,0.879280821918,0.50239151685,0.671747135033,0.921232876712,0.644812531042,0.866377524287,0.933219178082,0.768341521041,1.04860939578,0.186785100568
EXPERT_INIT,3,291,0.139730887234,0.243797524773,0.13465820888,0.882302405498,0.802971809178,1.08433662366,0.919243986254,1.03060315962,1.41047657068,0.932130584192,1.22803940856,1.72998958839,0.296949532195
EXPERT_INIT,4,290,0.196752484725,0.343408233752,0.191017049751,0.880172413793,1.13645789201,1.54773183858,0.91724137931,1.45862791308,2.02702760674,0.929310344828,1.73806235986,2.51289543934,0.41817781349
EXPERT_INIT,5,289,0.258980888024,0.45204479403,0.253120396778,0.881487889273,1.50279208257,2.06178518759,0.915224913495,1.92881275637,2.71642684912,0.926470588235,2.29832215674,3.398108183,0.550357551163
EXPERT_INIT,6,288,0.326341505394,0.569586859307,0.321206804972,0.8828125,1.90097217768,2.63130133963,0.913194444444,2.43987137565,3.48932638751,0.925347222222,2.90728606171,4.40982737739,0.693350935414
EXPERT_INIT,7,287,0.398758515701,0.695889593498,0.394837990779,0.884146341463,2.32898469489,3.24855789956,0.912020905923,2.98921949416,4.33144561565,0.923344947735,3.56187471909,5.51845157489,0.846987904973
EXPERT_INIT,8,286,0.4761446805,0.830779784981,0.474105011091,0.884615384615,2.78824306126,3.91629477362,0.910839160839,3.57867122591,5.24517333427,0.921328671329,4.26424977905,6.72994297342,1.01106138844
EXPERT_INIT,9,285,0.558448946824,0.974052172515,0.559401665574,0.885087719298,3.27952688304,4.64276959925,0.908771929825,4.20922718468,6.24826916301,0.920175438596,5.01560354644,8.07875720204,1.18532176289
EXPERT_INIT,10,284,0.645520562112,1.1254638277,0.649819833874,0.882922535211,3.79715964539,5.41218474881,0.907570422535,4.87360164254,7.31456722199,0.916373239437,5.80725454099,9.51600507988,1.36947259545
EXPERT_INIT,11,283,0.737316595193,1.28472954739,0.74557741086,0.881625441696,4.34473714532,6.23035254771,0.906360424028,5.57640975499,8.44961242686,0.916077738516,6.64470205964,11.0515188083,1.56316170784
EXPERT_INIT,12,282,0.833221429798,1.45151644693,0.846982037081,0.882092198582,4.92839825634,7.10386641244,0.903368794326,6.3255306809,9.66357083569,0.914893617021,7.53733469928,12.6958009568,1.76597359758
EXPERT_INIT,13,281,0.932863837612,1.62543837122,0.953534723333,0.879893238434,5.53906424911,8.02527476089,0.901245551601,7.10931199729,10.948554109,0.91103202847,8.47126774154,14.4478957674,1.97742106752
EXPERT_INIT,14,280,1.03598550658,1.80604973505,1.0652331097,0.878571428571,6.17102037446,9.00146099705,0.9,7.92041890301,12.3241987127,0.910714285714,9.43776123177,16.3483217697,2.19693743668
EXPERT_INIT,15,279,1.14214934816,1.99283813395,1.18171496664,0.878136200717,6.84474455873,10.0239372606,0.897849462366,8.78513453199,13.7550803107,0.909498207885,10.4681334557,18.3061281526,2.42386629199
EXPERT_INIT,16,278,1.25105946463,2.18521841383,1.3020640903,0.875,7.53751089514,11.0861158615,0.896582733813,9.67429049864,15.2464939938,0.906474820144,11.5276281382,20.3568249167,2.65745113199
EXPERT_INIT,17,277,1.36225996723,2.38252596319,1.42649841528,0.874548736462,8.25660607173,12.1964229744,0.896209386282,10.5972391658,16.8083912666,0.904332129964,12.627389307,22.5108320851,2.89682835319
EXPERT_INIT,18,276,1.4751126549,2.58402256911,1.554994221,0.875,9.01789562524,13.351062959,0.893115942029,11.5743437295,18.4398956034,0.902173913043,13.7916812066,24.7450982623,3.14103427408
EXPERT_INIT,19,275,1.58957692714,2.78890303412,1.68674614097,0.872727272727,9.79471884503,14.5494921161,0.891818181818,12.5713855379,20.1608233152,0.900909090909,14.9797297987,27.1362398409,3.38901263286
EXPERT_INIT,20,274,1.70492488508,2.99630175504,1.82081203459,0.875912408759,10.6051053381,15.7700529164,0.890510948905,13.6115053413,21.8954666803,0.899635036496,16.2191089877,29.5462471001,3.63962381696
EXPERT_INIT,21,273,1.82094774698,3.20530276643,1.95656794606,0.873626373626,11.4372702017,17.0043131821,0.889194139194,14.6795773806,23.6668227188,0.897435897436,17.4917953202,32.0131879919,3.89165668395
EXPERT_INIT,22,272,1.93685009521,3.41494934956,2.09357660364,0.876838235294,12.286943482,18.2499292185,0.889705882353,15.7701212295,25.4515841819,0.897058823529,18.7912584653,34.5115303542,4.14384555197
EXPERT_INIT,23,271,2.05267700226,3.62425694603,2.232449341,0.880996309963,13.1802617394,19.5115699697,0.888376383764,16.9166828,27.2394577159,0.89667896679,20.1574708428,37.0028402252,4.39488565329
EXPERT_INIT,24,270,2.16750844903,3.83222754262,2.3710476974,0.87962962963,14.0756268989,20.7713969851,0.889814814815,18.065871541,29.0177681161,0.897222222222,21.526813687,39.4747684852,4.64345366974
EXPERT_INIT,25,269,2.28131824751,4.0378676579,2.51026966287,0.881040892193,15.0079891585,22.0326823997,0.889405204461,19.2625455458,30.7686024522,0.897769516729,22.9527387129,41.8547862438,4.88823044433
EXPERT_INIT,26,268,2.39376591596,4.24020715949,2.64947863413,0.879664179104,15.9635749766,23.2974845798,0.888059701493,20.4890266653,32.5109579756,0.897388059701,24.4141811066,44.1750621075,5.12793073277
EXPERT_INIT,27,267,2.50436722349,4.43831732344,2.78696805253,0.880149812734,16.9209758678,24.5413663123,0.888576779026,21.7178374059,34.2034852003,0.897003745318,25.8783994151,46.4066014028,5.36132641782
EXPERT_INIT,28,266,2.61264659791,4.63133562216,2.9247908643,0.87969924812,17.9121966028,25.7892294124,0.888157894737,22.990055446,35.8901906746,0.897556390977,27.3943407111,48.5877957448,5.58728002857
EXPERT_INIT,29,265,2.71875974965,4.81849811646,3.06111662778,0.879245283019,18.9102358927,27.03046405,0.888679245283,24.2710250067,37.5521538983,0.897169811321,28.9207100872,50.7173674356,5.80478097986
EXPERT_INIT,30,264,2.82239344754,4.99916030433,3.19575555282,0.879734848485,19.914265862,28.2492935637,0.888257575758,25.5596835211,39.1769733886,0.897727272727,30.4562414167,52.780451652,6.01299878225
PERSIST,1,293,0.197811382532,0.317450776498,0.16043966329,0.825938566553,0.780651864642,1.12980718755,0.912116040956,1.00195582095,1.39169954388,0.956484641638,1.1939039991,1.64675706025,0.339314091411
PERSIST,2,292,0.393971014624,0.632200513157,0.321756716643,0.830479452055,1.56996603312,2.28982948292,0.909246575342,2.01502958851,2.86199644918,0.953767123288,2.40105584871,3.42423424691,0.675284690698
PERSIST,3,291,0.588397807155,0.943957902736,0.483859737806,0.838487972509,2.3704461437,3.48356502501,0.905498281787,3.04243468759,4.42139270382,0.936426116838,3.6252845331,5.34095741057,1.00753927871
PERSIST,4,290,0.780982674662,1.25243754798,0.646627443035,0.843965517241,3.1781777892,4.70262108165,0.903448275862,4.079147031,6.0459380005,0.93275862069,4.86060348313,7.39508363015,1.33571415096
PERSIST,5,289,0.971665948212,1.55736081293,0.809944968785,0.850346020761,3.9947273876,5.94937199306,0.902249134948,5.12717709442,7.74004467773,0.925605536332,6.10940832835,9.58724074058,1.65945569593
PERSIST,6,288,1.16034367061,1.85845667998,0.972999411705,0.853298611111,4.82350135219,7.20906602626,0.900173611111,6.19089696199,9.45349068725,0.923611111111,7.37690872834,11.831406407,1.97842167999
PERSIST,7,287,1.34696270989,2.15546261866,1.13754844289,0.856271777003,5.65540018237,8.51521219168,0.899825783972,7.25862755112,11.2848646482,0.918989547038,8.64918819783,14.3681232844,2.29228254518
PERSIST,8,286,1.53144643003,2.44812547167,1.30069542362,0.855769230769,6.5035564735,9.81245453003,0.897727272727,8.34722436548,13.0742170332,0.91958041958,9.94633130823,16.8070937332,2.60072272636
PERSIST,9,285,1.71371834767,2.73620236433,1.4651567312,0.854385964912,7.35439388387,11.1510322022,0.897368421053,9.43926235912,14.9704785541,0.915789473684,11.2475748367,19.5037933589,2.90344199338
PERSIST,10,284,1.89377151831,3.01946164304,1.62776021347,0.854753521127,8.21144588997,12.458385521,0.896126760563,10.5392767,16.7880621344,0.916373239437,12.5583227691,22.0147021885,3.2001568242
PERSIST,11,283,2.07149139475,3.29768384909,1.79093665027,0.853356890459,9.07163279487,13.7851117971,0.895759717314,11.64331464,18.6546534523,0.913427561837,13.8738651155,24.6492231072,3.49060181425
PERSIST,12,282,2.24692178104,3.57066273394,1.95257277249,0.852836879433,9.96719235778,15.1357265583,0.893617021277,12.792752895,20.5500452805,0.914007092199,15.243505274,27.3061943777,3.77453112711
PERSIST,13,281,2.41995745354,3.8382063223,2.11411600159,0.850533807829,10.8449169163,16.4630006797,0.893238434164,13.9193001698,22.4090602783,0.91103202847,16.5858691471,29.918592385,4.05171999103
PERSIST,14,280,2.5905580821,4.10013802964,2.27421182043,0.849107142857,11.7463525034,17.7962110081,0.891964285714,15.0762802201,24.2684781774,0.911607142857,17.964495909,32.5019331769,4.32196624538
PERSIST,15,279,2.75880489279,4.3562978408,2.43327580868,0.847670250896,12.6566664631,19.1278971853,0.890681003584,16.2446555384,26.1126949558,0.909498207885,19.3567009701,35.0548772509,4.58509194035
PERSIST,16,278,2.92453965349,4.6065435564,2.59166406671,0.844424460432,13.5386282225,20.4268443358,0.89118705036,17.3766412015,27.9089349636,0.910071942446,20.7055450826,37.5169504484,4.84094499212
PERSIST,17,277,3.08790634802,4.85075211387,2.74747564967,0.846570397112,14.4703044432,21.7274146529,0.889891696751,18.5724346849,29.6786435104,0.908844765343,22.1304209026,39.9085461382,5.08940089501
PERSIST,18,276,3.24882823885,5.08882098966,2.90313934099,0.842391304348,15.4000034028,23.0401450849,0.888586956522,19.7656903812,31.4614857093,0.905797101449,23.5522727628,42.2816737398,5.33036449014
PERSIST,19,275,3.40725387082,5.32066968908,3.05564390501,0.842727272727,16.3514828496,24.3077089177,0.886363636364,20.9869010302,33.1452732767,0.906363636364,25.0074350035,44.4605283716,5.56377178884
PERSIST,20,274,3.56337272026,5.54624132928,3.20864952652,0.839416058394,17.2951027581,25.5989961297,0.88503649635,22.198024071,34.8644315739,0.903284671533,26.4505771178,46.6876691319,5.78959184639
PERSIST,21,273,3.71709583049,5.76550432042,3.3586941113,0.838827838828,18.2603603286,26.8489873045,0.8836996337,23.4369187502,36.5043276457,0.903846153846,27.9268111803,48.7574001519,6.00782867935
PERSIST,22,272,3.86833078199,5.97845409907,3.50886095795,0.838235294118,19.1959087085,28.0911880908,0.883272058824,24.6376820962,38.1230865543,0.902573529412,29.3576089567,50.7826604216,6.21852318641
PERSIST,23,271,4.01730174597,6.18511482916,3.65590586402,0.835793357934,20.1747299784,29.3132714899,0.881918819188,25.8939855952,39.6868324976,0.903136531365,30.8545869074,52.6660683438,6.42175500676
PERSIST,24,270,4.16396987521,6.38554137628,3.80258946642,0.834259259259,21.1202094916,30.523705915,0.880555555556,27.1074954127,41.2300516986,0.900925925926,32.3005730415,54.5177576916,6.61764448144
PERSIST,25,269,4.30849642968,6.57982143731,3.94775368964,0.831784386617,22.0990228141,31.731684086,0.880111524164,28.3637887114,42.7448781621,0.900557620818,33.7975388379,56.2709580956,6.80635462644
PERSIST,26,268,4.45067621526,6.76807776377,4.09194329252,0.829291044776,23.0817933218,32.9288118185,0.877798507463,29.6251610022,44.2408440503,0.898320895522,35.3005566265,57.9949240969,6.98809305632
PERSIST,27,267,4.59093230743,6.95047046247,4.23489535981,0.829588014981,24.0454000014,34.0941686178,0.87734082397,30.861936786,45.6823959294,0.898876404494,36.7742658694,59.6196495717,7.16311382028
PERSIST,28,266,4.72922818412,7.12719934915,4.37720536276,0.826127819549,25.0325294385,35.2759157026,0.875939849624,32.1289037021,47.1379755844,0.895676691729,38.2839500652,61.2469494249,7.33171910466
PERSIST,29,265,4.86572472908,7.2985063203,4.51862494573,0.824528301887,26.0205042245,36.4442312062,0.87358490566,33.3969556119,48.5687374725,0.895283018868,39.7949271109,62.8274890797,7.4942607467
PERSIST,30,264,5.00043919121,7.46467769581,4.65942431967,0.822916666667,27.0098103113,37.609161564,0.873106060606,34.6667162276,49.9865685898,0.895833333333,41.3079402052,64.3691837244,7.65114149476
C17_PHYS,1,293,7.80979602202e-05,0.000211720920365,0.00270330749208,1,0.0296355248133,0.0296355248133,1,0.0380367843062,0.0380367843062,1,0.0453236240029,0.0453236240029,0.000258824845201
C17_PHYS,2,292,0.000365233609123,0.000929492731316,0.0035466339153,1,0.0387442036192,0.0387442036192,1,0.0497276469866,0.0497276469866,1,0.0592541461031,0.0592541461031,0.00113911944724
C17_PHYS,3,291,0.00104266713191,0.00249349612816,0.0045884996628,1,0.0495260954842,0.0495260954842,1,0.0635660553787,0.0635660553787,1,0.075743626752,0.075743626752,0.00306298679539
C17_PHYS,4,290,0.00233800749512,0.00533089962594,0.00588335479565,1,0.0617013857414,0.0617013857414,1,0.0791928712456,0.0791928712456,1,0.0943641263456,0.0943641263456,0.00656058439206
C17_PHYS,5,289,0.00453098175186,0.00990528829933,0.0076526236382,0.992214532872,0.0761490603973,0.0765573371253,0.996539792388,0.097736260913,0.0979149812466,0.999134948097,0.116459937975,0.116501827854,0.0122027540794
C17_PHYS,6,288,0.00793025003039,0.016675431825,0.0101313068494,0.982638888889,0.093294116735,0.0951695466965,0.987847222222,0.119741702488,0.121711324898,0.9921875,0.142681038896,0.144484372768,0.0205481859492
C17_PHYS,7,287,0.0127888974503,0.0260747928674,0.0136005135496,0.972996515679,0.114015663603,0.118746764885,0.983449477352,0.146337519963,0.151456797268,0.988675958188,0.174371910069,0.180955654826,0.0321199658514
C17_PHYS,8,286,0.019348503367,0.0385063803503,0.0184123805341,0.965909090909,0.140619912443,0.150408968236,0.978146853147,0.180483703678,0.191133249947,0.982517482517,0.215059597528,0.229194179141,0.0474035145513
C17_PHYS,9,285,0.0278782078896,0.0543267497775,0.0246539849256,0.944736842105,0.170742714303,0.189363370302,0.971929824561,0.219145901302,0.23874057347,0.978947368421,0.261128447464,0.287752084143,0.0668215146484
C17_PHYS,10,284,0.0385883822164,0.0738498613064,0.0328089014304,0.917253521127,0.212190658485,0.24476576982,0.963028169014,0.272343761732,0.303056010865,0.975352112676,0.324517607927,0.367931509355,0.0907527227808
C17_PHYS,11,283,0.0516365155192,0.0973962740892,0.0432916027709,0.899293286219,0.27408429064,0.32027839192,0.948763250883,0.351783378579,0.396873996775,0.969081272085,0.419175749791,0.483176899048,0.119580484757
C17_PHYS,12,282,0.0672396964341,0.125310022248,0.0557728993328,0.882978723404,0.343820972543,0.411081676043,0.935283687943,0.441289440795,0.511589708997,0.961879432624,0.525828801143,0.621997745365,0.153723380794
C17_PHYS,13,281,0.0854072087232,0.157832427013,0.0707976266729,0.868327402135,0.428536019158,0.524672629351,0.918149466192,0.550020025993,0.65743742314,0.950177935943,0.655389284528,0.80021498286,0.193496556622
C17_PHYS,14,280,0.106285256382,0.194976464695,0.087982678515,0.855357142857,0.520580390676,0.656157426338,0.909821428571,0.66815769786,0.829947513839,0.9375,0.796159003051,1.01281854997,0.238916139921
C17_PHYS,15,279,0.130227019224,0.237027093745,0.107300577592,0.844982078853,0.618502009997,0.80136090163,0.899641577061,0.793838735617,1.02272613664,0.929211469534,0.945917196429,1.25807517882,0.290296101237
C17_PHYS,16,278,0.158254629696,0.285105430068,0.129738009854,0.844424460432,0.743144820304,0.974973422986,0.892086330935,0.953816050709,1.25516165791,0.918165467626,1.13654192485,1.56434004593,0.348984957996
C17_PHYS,17,277,0.19005444477,0.339318271433,0.154853758333,0.839350180505,0.877835113575,1.16789557036,0.882671480144,1.12668917057,1.51503608514,0.917870036101,1.34253295242,1.90887394713,0.415168221864
C17_PHYS,18,276,0.226153561001,0.400187068928,0.182528451897,0.830615942029,1.01530942676,1.37795726824,0.876811594203,1.30313554132,1.80559243187,0.911231884058,1.55278177104,2.30794139629,0.489594105889
C17_PHYS,19,275,0.266689574265,0.468308088957,0.213019834321,0.817272727273,1.16638126463,1.60743487303,0.870909090909,1.49703414604,2.1174530946,0.904545454545,1.78382620908,2.73915632851,0.573038425051
C17_PHYS,20,274,0.31114527982,0.543649527797,0.245226895735,0.804744525547,1.29763283767,1.83908938562,0.866788321168,1.66549371627,2.43547608021,0.896897810219,1.9845581679,3.17892785999,0.665401801307
C17_PHYS,21,273,0.3586519788,0.624673085293,0.28128555578,0.799450549451,1.46853933559,2.10424764162,0.862637362637,1.88484983157,2.79846264175,0.894688644689,2.24593710079,3.69276528279,0.764622353184
C17_PHYS,22,272,0.408415017534,0.708857381427,0.318829779047,0.785845588235,1.62093027943,2.37070070858,0.858455882353,2.08044149048,3.17112894964,0.888786764706,2.47899893733,4.22938632443,0.867225835299
C17_PHYS,23,271,0.459303616682,0.792306183465,0.358204498762,0.781365313653,1.77883469005,2.64940790306,0.854243542435,2.28310960741,3.55866502792,0.886531365314,2.72049289369,4.78372839334,0.967986823374
C17_PHYS,24,270,0.509708015126,0.871447435547,0.400440351741,0.77962962963,1.99163494679,2.97516281639,0.848148148148,2.55623578003,4.01587236886,0.884259259259,3.04594280169,5.43917799019,1.06191590918
C17_PHYS,25,269,0.559968878017,0.94567146317,0.442657254347,0.773234200743,2.17661183422,3.30444372202,0.842936802974,2.79365104475,4.48514772342,0.881040892193,3.32884053837,6.11973922152,1.14815063375
C17_PHYS,26,268,0.609942612501,1.01530141055,0.489653431262,0.776119402985,2.46217914962,3.71470410407,0.838619402985,3.16017272605,5.06933745817,0.877798507463,3.76557805904,6.93480097668,1.22738581877
C17_PHYS,27,267,0.658802988602,1.08677625689,0.535715801214,0.777153558052,2.68856288907,4.09936723648,0.834269662921,3.45073310998,5.62969873003,0.873595505618,4.11180211114,7.73681409934,1.30898220817
C17_PHYS,28,266,0.717921005984,1.1857675809,0.583349687651,0.773496240602,2.83202184542,4.45787308089,0.832706766917,3.63486068706,6.15862282686,0.867481203008,4.33120365164,8.5495931068,1.42806220316
C17_PHYS,29,265,0.774823033346,1.27941506198,0.634047025239,0.770754716981,3.02913729281,4.86686720154,0.829245283019,3.88785562483,6.76631438998,0.859433962264,4.63266571378,9.47226544909,1.53726452012
C17_PHYS,30,264,0.84089262311,1.39312118681,0.689666606964,0.767992424242,3.22176497464,5.2889119404,0.823863636364,4.13509057786,7.38358302956,0.854166666667,4.92726433077,10.4135544345,1.67208526953
C17_TREND,1,293,8.05956793439e-05,0.000219815057935,0.0027033993991,1,0.0296355953855,0.0296355953855,1,0.0380368748846,0.0380368748846,1,0.0453237319338,0.0453237319338,0.000267960459638
C17_TREND,2,292,0.000384050428893,0.00100493882006,0.00354887716649,1,0.0387466369197,0.0387466369197,1,0.049730770094,0.049730770094,1,0.0592578675151,0.0592578675151,0.00121786416529
C17_TREND,3,291,0.00107835731978,0.00267763982523,0.0045990490175,1,0.0495392953673,0.0495392953673,1,0.0635829972452,0.0635829972452,1,0.0757638142311,0.0757638142311,0.00324460691547
C17_TREND,4,290,0.00237048473318,0.00561021402446,0.00591148714003,0.998275862069,0.0617435334602,0.0617458643237,1,0.0792469672571,0.0792469672571,1,0.094428585719,0.094428585719,0.00680820742889
C17_TREND,5,289,0.00452781703811,0.0102206934057,0.00770718090984,0.992214532872,0.0762524946258,0.0767297958643,0.996539792388,0.097869017308,0.0981307245891,0.999134948097,0.116618126977,0.116704435795,0.0124230423934
C17_TREND,6,288,0.00781315410171,0.0169419601834,0.0102196434096,0.981770833333,0.093539129203,0.0955937593993,0.987847222222,0.120056172586,0.122279387974,0.9921875,0.143055753129,0.145228880168,0.0206207741744
C17_TREND,7,287,0.0124933124457,0.0262116036069,0.0137577691367,0.97212543554,0.115057358872,0.120554957848,0.981707317073,0.147674521366,0.153258922559,0.988675958188,0.175965045502,0.18330103694,0.0319350603121
C17_TREND,8,286,0.0188679605309,0.0384476849836,0.0186085590879,0.95979020979,0.141742092379,0.153867603187,0.978146853147,0.181924006033,0.194087872491,0.982517482517,0.216775823639,0.232531685166,0.0468723118026
C17_TREND,9,285,0.0270762634357,0.0540234819459,0.0251403373796,0.937719298246,0.176189802478,0.200013729583,0.967543859649,0.226137163287,0.249418154959,0.978947368421,0.26945904994,0.298730783624,0.0658861234213
C17_TREND,10,284,0.0372972898339,0.0732588919173,0.0339037920683,0.919894366197,0.227486261987,0.264990724165,0.954225352113,0.291975456291,0.330394670061,0.973591549296,0.34791021482,0.394156341178,0.08937104988
C17_TREND,11,283,0.0497325458136,0.0964400405939,0.0444609612866,0.896643109541,0.284541545483,0.343436200178,0.946113074205,0.365205119864,0.430138427293,0.958480565371,0.435168740959,0.520276551845,0.117690146527
C17_TREND,12,282,0.0647728276484,0.123876848082,0.0570969825008,0.878546099291,0.354336103939,0.437519437865,0.934397163121,0.454785465832,0.545139317932,0.95390070922,0.541910306861,0.662360231659,0.151247093412
C17_TREND,13,281,0.0829833673948,0.155985543817,0.0725907207222,0.864768683274,0.444851431685,0.55660854671,0.914590747331,0.570960631265,0.697357869252,0.951067615658,0.680341554734,0.850986078691,0.190585851613
C17_TREND,14,280,0.104507935214,0.19335721887,0.0905707135636,0.858928571429,0.54568658207,0.694460726399,0.900892857143,0.700381145659,0.880585418208,0.935714285714,0.834555609356,1.08371241741,0.236467020083
C17_TREND,15,279,0.129756539319,0.236790458716,0.111232471409,0.849462365591,0.663245591009,0.854924778176,0.893369175627,0.851266500125,1.09326522693,0.927419354839,1.01434659848,1.35484292217,0.289846291933
C17_TREND,16,278,0.159143556885,0.287154970488,0.134514708623,0.838129496403,0.786196562588,1.03334355547,0.885791366906,1.00907236372,1.33223208604,0.912769784173,1.20238388284,1.66792543138,0.351614462543
C17_TREND,17,277,0.1922690613,0.34507152046,0.160968341909,0.830324909747,0.924200279699,1.23462192691,0.876353790614,1.18619821704,1.60358138456,0.908844765343,1.41344235489,2.03165750547,0.42238543404
C17_TREND,18,276,0.229940931805,0.411336997856,0.18952349198,0.817028985507,1.05918008774,1.44342802508,0.875,1.35944292509,1.88818021484,0.899456521739,1.6198761571,2.42455948143,0.503135855522
C17_TREND,19,275,0.272988703949,0.487020318872,0.221219937422,0.809090909091,1.20011540346,1.66800339098,0.869090909091,1.54033144449,2.18995831113,0.892727272727,1.83541812231,2.84235817772,0.595326149631
C17_TREND,20,274,0.322205688193,0.573076586944,0.256339231472,0.801094890511,1.36606410626,1.91069497792,0.86496350365,1.75332429864,2.52596330129,0.890510948905,2.08921476187,3.30180851347,0.700283786279
C17_TREND,21,273,0.376306058887,0.668826797526,0.295632604189,0.792124542125,1.5509674604,2.1886253315,0.858058608059,1.9906451844,2.91950761865,0.886446886447,2.37200003909,3.8450803354,0.817169053997
C17_TREND,22,272,0.433098595623,0.770108250583,0.334830729947,0.783088235294,1.68227488274,2.44186834447,0.857536764706,2.15917643643,3.26046491679,0.880514705882,2.57281741204,4.34178820148,0.940473965949
C17_TREND,23,271,0.490290345049,0.869637307521,0.380269035701,0.786900369004,1.93518862557,2.78517694078,0.844095940959,2.48378771108,3.74286241069,0.881918819188,2.95961560299,4.9922698835,1.06053108319
C17_TREND,24,270,0.546035623897,0.960733251751,0.42416261277,0.77962962963,2.12484872693,3.1017875698,0.839814814815,2.7272138158,4.19487607352,0.878703703704,3.2496756973,5.63225772297,1.16853753834
C17_TREND,25,269,0.599801048325,1.03979772336,0.470306000426,0.776951672862,2.37287528131,3.47137216503,0.832713754647,3.04555245197,4.72298365552,0.876394052045,3.62899957849,6.35034648523,1.26000612181
C17_TREND,26,268,0.652015673553,1.10557121555,0.51421858501,0.774253731343,2.55623388285,3.8153385773,0.828358208955,3.28089066924,5.22367552699,0.866604477612,3.90942236048,7.07386568113,1.33375605018
C17_TREND,27,267,0.70440196591,1.1664056648,0.560846586337,0.766853932584,2.74169960054,4.20076153521,0.825842696629,3.51893334081,5.81442557263,0.865168539326,4.19306769853,7.97352118705,1.40207769746
C17_TREND,28,266,0.768115186245,1.25847331453,0.610673888283,0.767857142857,2.91524682595,4.5658054861,0.821428571429,3.74167879315,6.34147647712,0.853383458647,4.45848527561,8.75520125508,1.51313962066
C17_TREND,29,265,0.833890187226,1.36296791431,0.666179989239,0.761320754717,3.1350882461,5.01145668551,0.819811320755,4.02384220117,7.022412075,0.851886792453,4.79470371377,9.79294727615,1.6331032802
C17_TREND,30,264,0.901404268304,1.47688128737,0.721416370516,0.754734848485,3.29360571665,5.41949327617,0.814393939394,4.22729717199,7.61946936013,0.84375,5.03713526437,10.7055554149,1.76555195711
C17_CORE,1,293,7.61372556178e-05,0.000208745332316,0.00270328442618,1,0.0296355151998,0.0296355151998,1,0.0380367719674,0.0380367719674,1,0.0453236093004,0.0453236093004,0.000254854075746
C17_CORE,2,292,0.000350105288891,0.000899286348127,0.00354605314306,1,0.0387439496525,0.0387439496525,1,0.0497273210238,0.0497273210238,1,0.0592537576944,0.0592537576944,0.00109826488692
C17_CORE,3,291,0.000996401068729,0.00239903156753,0.00458513982988,1,0.0495246731968,0.0495246731968,1,0.0635642298926,0.0635642298926,1,0.0757414515511,0.0757414515511,0.00293489862038
C17_CORE,4,290,0.00223666484771,0.0051432672338,0.00587229786934,1,0.0616966102861,0.0616966102861,1,0.079186742015,0.079186742015,1,0.0943568229169,0.0943568229169,0.00630583233274
C17_CORE,5,289,0.00434017107924,0.00961178589683,0.00762587404857,0.992214532872,0.0761351840856,0.0765425492084,0.996539792388,0.0977184508597,0.0978929504367,0.999134948097,0.116438715988,0.116480137016,0.0118039441162
C17_CORE,6,288,0.00760108175755,0.0162769354583,0.0100776032207,0.982638888889,0.093257847957,0.0951233446684,0.987847222222,0.119695152016,0.121656411131,0.9921875,0.142625570586,0.144420011004,0.020007185251
C17_CORE,7,287,0.0122776340752,0.0255796349181,0.0135045326576,0.974738675958,0.113927798536,0.118593423618,0.983449477352,0.146224746371,0.151334482851,0.988675958188,0.174237532045,0.180808974571,0.0314496385012
C17_CORE,8,286,0.0185804887149,0.0379194678216,0.0182580588442,0.965909090909,0.140438625443,0.150132999061,0.978146853147,0.180251024332,0.190841352494,0.983391608392,0.214782342987,0.228917223533,0.0466109972097
C17_CORE,9,285,0.0267987555183,0.0536564327062,0.0244192577265,0.943859649123,0.170363695267,0.18906839488,0.972807017544,0.218659435636,0.238146831582,0.979824561404,0.26054878787,0.287136101479,0.0659207450062
C17_CORE,10,284,0.0371244009478,0.0731149505551,0.0324693468106,0.918133802817,0.21065838267,0.244080140022,0.962147887324,0.270377107014,0.301889590123,0.976232394366,0.322174194293,0.365664111386,0.0897659093466
C17_CORE,11,283,0.0497475459519,0.0965904568794,0.0428852163556,0.902826855124,0.272833974404,0.319541614374,0.948763250883,0.350178615063,0.395866261141,0.970848056537,0.417263556121,0.481822292148,0.118501881009
C17_CORE,12,282,0.0648717150607,0.124360311913,0.0552024028388,0.88475177305,0.34167337604,0.409131527828,0.936170212766,0.438533030524,0.508822317774,0.961879432624,0.522544335724,0.619505368285,0.152467901821
C17_CORE,13,281,0.0827568958551,0.156696617771,0.0701177472231,0.870996441281,0.425811471396,0.521218057587,0.919039145907,0.546523106798,0.653881685627,0.951957295374,0.651222448303,0.795763264386,0.192003341163
C17_CORE,14,280,0.103714803829,0.19386969492,0.0869629105607,0.858928571429,0.509041134094,0.647377955268,0.911607142857,0.653347222377,0.819748166521,0.935714285714,0.778511233022,0.99682306755,0.237447862982
C17_CORE,15,279,0.128008872401,0.236152295685,0.106956046899,0.853046594982,0.625165924842,0.802339833338,0.900537634409,0.802391777724,1.02480600987,0.930107526882,0.956108774703,1.26242402636,0.289164387558
C17_CORE,16,278,0.155878726439,0.283723776081,0.129382736168,0.844424460432,0.745188607945,0.974861381518,0.89118705036,0.956439223747,1.25788678445,0.918165467626,1.13966762831,1.57274216547,0.347386257909
C17_CORE,17,277,0.187124210297,0.336754771752,0.15411833683,0.830324909747,0.866552448554,1.16359098268,0.884476534296,1.11220802679,1.51761290493,0.914259927798,1.32527760532,1.92514026108,0.412361466214
C17_CORE,18,276,0.222265177509,0.39555282544,0.181806747376,0.814311594203,1.00370113554,1.37656873266,0.877717391304,1.28823646083,1.81291252032,0.905797101449,1.53502842164,2.33755748867,0.484487092659
C17_CORE,19,275,0.261478461809,0.460541140997,0.212018537283,0.809090909091,1.14978527762,1.60695521884,0.871818181818,1.47573342732,2.1283211377,0.898181818182,1.75844483724,2.78929186974,0.564228688785
C17_CORE,20,274,0.304769001071,0.53196694853,0.24461985952,0.793795620438,1.31442419467,1.85109042325,0.865875912409,1.68704518966,2.45313091972,0.893248175182,2.01023833236,3.22088321184,0.651785058824
C17_CORE,21,273,0.351951497573,0.60950340374,0.279928454596,0.789377289377,1.47349353635,2.11405960554,0.861721611722,1.89120847941,2.81500102971,0.89010989011,2.25351389702,3.7317726959,0.746645835779
C17_CORE,22,272,0.401992632753,0.692051636285,0.318636079177,0.784007352941,1.67457824524,2.40311841254,0.857536764706,2.14929790915,3.20572558479,0.885110294118,2.56104642077,4.26461068926,0.847328408195
C17_CORE,23,271,0.454300042936,0.777697236742,0.359441172977,0.776752767528,1.85585980326,2.70486215765,0.850553505535,2.38197026992,3.62753279506,0.881918819188,2.83829263881,4.8673998069,0.951384644988
C17_CORE,24,270,0.507484026937,0.864227028693,0.404141882755,0.778703703704,2.11030747307,3.05414584814,0.841666666667,2.70855031853,4.12323163056,0.878703703704,3.22743676862,5.52532864874,1.05591121094
C17_CORE,25,269,0.560931253052,0.949192336153,0.446889001897,0.773234200743,2.29085176626,3.37084734857,0.836431226766,2.94027641013,4.57025469805,0.875464684015,3.50355543741,6.16354969574,1.15766818536
C17_CORE,26,268,0.613106081013,1.03009734306,0.492338798039,0.765858208955,2.50763288666,3.73462907795,0.832089552239,3.21851196595,5.09740292746,0.872201492537,3.83509355101,6.91047372232,1.25340684221
C17_CORE,27,267,0.664890260268,1.11176376664,0.537698012009,0.76872659176,2.67370306554,4.09059251573,0.830524344569,3.43166073296,5.62174391412,0.859550561798,4.08907597221,7.70606194639,1.34999814133
C17_CORE,28,266,0.72692413217,1.21465823505,0.587219354223,0.761278195489,2.85638234358,4.4686530627,0.824248120301,3.66612704796,6.17540764955,0.856203007519,4.36845981856,8.5332797706,1.47525937837
C17_CORE,29,265,0.78291585193,1.3031054472,0.637422969838,0.761320754717,3.04872398281,4.87453952303,0.822641509434,3.91299486929,6.78399559377,0.852830188679,4.66262097115,9.45516995143,1.57781916296
C17_CORE,30,264,0.848737671629,1.41567336133,0.69171318257,0.754734848485,3.19577698918,5.2777399373,0.820075757576,4.10173535963,7.38271484775,0.847537878788,4.88751913682,10.4052711946,1.71074336357
C17_C8_CONTROL,1,293,0.000248103541491,0.000436413775602,0.00270920322408,1,0.0296429819865,0.0296429819865,1,0.0380463554843,0.0380463554843,1,0.0453350287651,0.0453350287651,0.000535844403174
C17_C8_CONTROL,2,292,0.000940598488689,0.00164666931921,0.00359378911335,1,0.0388174658788,0.0388174658788,1,0.0498216780788,0.0498216780788,1,0.0593661910602,0.0593661910602,0.00202224367831
C17_C8_CONTROL,3,291,0.00229539462251,0.00399716985212,0.00477831105073,1,0.0498429983405,0.0498429983405,1,0.0639727957913,0.0639727957913,1,0.0762282878469,0.0762282878469,0.00490936404552
C17_C8_CONTROL,4,290,0.0045609414207,0.00787331310174,0.00641479039582,0.999137931034,0.0626307333191,0.0626398540956,1,0.0803856759481,0.0803856759481,1,0.0957854408134,0.0957854408134,0.009670660702
C17_C8_CONTROL,5,289,0.00798572864977,0.0136734622849,0.00884952136867,0.98615916955,0.0787170335409,0.0793898821535,0.994809688581,0.10103221876,0.101216869524,1,0.120387313986,0.120387313986,0.0167957322398
C17_C8_CONTROL,6,288,0.012802104916,0.0218038001425,0.0123947414478,0.965277777778,0.0993658325365,0.102256267424,0.981770833333,0.127534665352,0.130007084985,0.990451388889,0.151966926889,0.153653533998,0.0267842662857
C17_C8_CONTROL,7,287,0.0192766159633,0.0326732862404,0.0173625430165,0.932055749129,0.127236456627,0.135658038445,0.972996515679,0.163306224103,0.169526237673,0.984320557491,0.194591368162,0.201044652843,0.0401400112462
C17_C8_CONTROL,8,286,0.0276569109424,0.046688398747,0.0240848247538,0.90472027972,0.164201681797,0.184781533134,0.95979020979,0.210750576971,0.226179123319,0.978146853147,0.251124801511,0.265630457037,0.0573643092972
C17_C8_CONTROL,9,285,0.0381495777438,0.0642476361683,0.0331814206025,0.893859649123,0.225313251704,0.254739237729,0.941228070175,0.289186427788,0.311295012978,0.976315789474,0.34458688238,0.367726889118,0.0789491297412
C17_C8_CONTROL,10,284,0.0510572988126,0.0857359124224,0.0440728964487,0.884683098592,0.291577897821,0.337790594888,0.927816901408,0.374236180318,0.413955991247,0.959507042254,0.445929913226,0.48507263049,0.105369789149
C17_C8_CONTROL,11,283,0.0665357023352,0.111519038988,0.0571115654462,0.850706713781,0.363985427506,0.437138116699,0.918727915194,0.467170238551,0.538433466304,0.945229681979,0.556667673772,0.630866975528,0.137077672433
C17_C8_CONTROL,12,282,0.0848337990704,0.141938312185,0.0727148105408,0.839539007092,0.453832060031,0.558274200711,0.902482269504,0.582487142959,0.691163410101,0.942375886525,0.694076240555,0.817021617866,0.174493062172
C17_C8_CONTROL,13,281,0.106135680883,0.177305007665,0.0912131811817,0.826512455516,0.565657122318,0.702873864584,0.890569395018,0.726013056572,0.872896702564,0.931494661922,0.865097915018,1.03795862679,0.217997857267
C17_C8_CONTROL,14,280,0.130573005525,0.217894923002,0.112257669947,0.819642857143,0.689553656558,0.866312721558,0.882142857143,0.885032536701,1.0814406668,0.91875,1.05458131268,1.29416745866,0.267928356212
C17_C8_CONTROL,15,279,0.158236421571,0.263942688948,0.135601293032,0.818100358423,0.819846440831,1.04515645286,0.875448028674,1.05226151487,1.31177738176,0.911290322581,1.25384693061,1.5812991522,0.324567786714
C17_C8_CONTROL,16,278,0.189176255357,0.315627756746,0.161655149155,0.807553956835,0.962241397767,1.24498818359,0.869604316547,1.23502346349,1.57370753129,0.906474820144,1.47162122443,1.91139076913,0.388128292796
C17_C8_CONTROL,17,277,0.223419137305,0.373064730119,0.191051060034,0.805054151625,1.12756561365,1.47168273975,0.861010830325,1.44721479736,1.86989210629,0.901624548736,1.72446279367,2.2865592477,0.458738236646
C17_C8_CONTROL,18,276,0.260883430109,0.436322086643,0.221539489206,0.79347826087,1.2628474594,1.70063435531,0.858695652174,1.62084716661,2.18095453762,0.892210144928,1.93135852269,2.69400902016,0.536466211678
C17_C8_CONTROL,19,275,0.301693466972,0.505456532396,0.25617474269,0.790909090909,1.44854004601,1.96799407789,0.854545454545,1.85918102128,2.53477355809,0.890909090909,2.21535082681,3.17306646279,0.621365890645
C17_C8_CONTROL,20,274,0.345972479219,0.580567308548,0.293947878703,0.785583941606,1.65821638988,2.256343368,0.847627737226,2.12829769515,2.91179283824,0.890510948905,2.53602312238,3.67998189169,0.713546876538
C17_C8_CONTROL,21,273,0.393701036355,0.661868456656,0.332181043987,0.779304029304,1.83042822552,2.5357761931,0.843406593407,2.34932919327,3.28775608846,0.888278388278,2.79939839703,4.18502767366,0.813268632013
C17_C8_CONTROL,22,272,0.445122976551,0.749760969051,0.374901478267,0.774816176471,2.04531802471,2.86272190154,0.842830882353,2.62513726459,3.72619063417,0.884191176471,3.12804398444,4.79742042105,0.921033286352
C17_C8_CONTROL,23,271,0.500782389304,0.844865264372,0.419052048628,0.772140221402,2.20781128969,3.1907594222,0.834870848708,2.83369511232,4.16649047778,0.876383763838,3.3765559879,5.40438641852,1.03762462889
C17_C8_CONTROL,24,270,0.561071334421,0.94794876245,0.465745075677,0.765740740741,2.38892627493,3.5268378666,0.830555555556,3.06615367924,4.61079971461,0.873148148148,3.65354745487,6.00929290228,1.16400812372
C17_C8_CONTROL,25,269,0.626734791863,1.05966851602,0.518295898376,0.766728624535,2.61085971776,3.92809321822,0.824349442379,3.35100216931,5.17182673369,0.867100371747,3.99296536563,6.81919331823,1.30098580051
C17_C8_CONTROL,26,268,0.698247688905,1.18009636409,0.571516013691,0.759328358209,2.78219986306,4.31514897117,0.819029850746,3.570914865,5.72692213516,0.861007462687,4.25500750497,7.59812395503,1.44855443643
C17_C8_CONTROL,27,267,0.773871292494,1.30800944736,0.627666552489,0.75468164794,2.98687255964,4.72012759635,0.815543071161,3.83360942708,6.29931559641,0.85861423221,4.56802738235,8.40231172085,1.6049416132
C17_C8_CONTROL,28,266,0.850607647375,1.44066223831,0.685374498222,0.749060150376,3.12176403238,5.13468375232,0.813909774436,4.006740758,6.93329622177,0.850563909774,4.77432608737,9.35775796609,1.7663294977
C17_C8_CONTROL,29,265,0.930323185353,1.57924335236,0.747796656752,0.743396226415,3.31650143391,5.59658596992,0.812264150943,4.25668350695,7.62469741278,0.846226415094,5.07215124222,10.4480125728,1.93445043333
C17_C8_CONTROL,30,264,1.0175147558,1.72978703875,0.813548553666,0.738636363636,3.49708216542,6.06941966154,0.808712121212,4.48845636664,8.33837141275,0.839015151515,5.34832563861,11.5820747681,2.11773433868
