origin,method,seed,bin,mae,rmse,bias,mse,error_variance,crps,coverage80,width80,interval_score80,coverage90,width90,interval_score90,coverage95,width95,interval_score95
612,TiDE_KIN,ensemble,h001_030,10.605493046513178,12.658553106633613,-10.605493046513178,168.75266237614494,49.590278411117026,,,,,,,,,,
612,TiDE_KIN,ensemble,h031_090,37.40606398854806,39.64017063431942,-37.40606398854806,1698.6650607026631,177.8005492470523,,,,,,,,,,
612,TiDE_KIN,ensemble,h091_180,69.1568121524765,69.737766144506,-69.1568121524765,5338.738459861865,78.5282726217061,,,,,,,,,,
612,TiDE_KIN,ensemble,h181_293,74.83445727961319,75.5361533918124,-74.83445727961319,6368.586162272715,90.71539808900403,,,,,,,,,,
612,TiDE_KIN,ensemble,all,58.84960886357494,63.59182636503533,-58.84960886357494,4461.157615146174,645.5450217596322,,,,,,,,,,
612,TiDE_KIN,0,h001_030,10.187661068283004,11.81680284359991,-10.082538100433158,155.95000688832556,40.71563005525187,,,,,,,,,,
612,TiDE_KIN,0,h031_090,32.65823924387102,34.86158531438228,-32.65823924387102,1376.9105439043194,147.8456764080938,,,,,,,,,,
612,TiDE_KIN,0,h091_180,65.87550051264111,66.97485008724681,-65.87550051264111,4953.335855903441,130.7730899343345,,,,,,,,,,
612,TiDE_KIN,0,h181_293,70.78101604649557,72.18730758286173,-70.78101604649557,5861.069775001937,173.26879415040224,,,,,,,,,,
612,TiDE_KIN,0,all,55.26339264871143,60.54761736608935,-55.25262920490428,4079.8438377045645,665.612797855815,,,,,,,,,,
612,TiDE_KIN,1,h001_030,8.480531244378973,9.756311568610307,-6.596139410339391,113.28511281225194,52.532380991185015,,,,,,,,,,
612,TiDE_KIN,1,h031_090,34.11120081914705,37.86242678245446,-34.09988710861589,1580.2654750770062,258.4571114210002,,,,,,,,,,
612,TiDE_KIN,1,h091_180,58.49260149276812,60.14620411672019,-58.49260149276812,3956.2092774148205,176.05613033390156,,,,,,,,,,
612,TiDE_KIN,1,h181_293,69.73042332809035,72.25782025182738,-69.73042332809035,5700.179651853021,301.011108592232,,,,,,,,,,
612,TiDE_KIN,1,all,52.71317391434653,58.739741560048586,-52.51791597013814,3748.7836775280302,714.6636322340028,,,,,,,,,,
612,TiDE_KIN,2,h001_030,15.585194799870607,19.34921637776042,-15.137801628766963,391.18441994114784,151.65848401580462,,,,,,,,,,
612,TiDE_KIN,2,h031_090,45.46405326738409,49.48948569499214,-45.46006561315727,2636.044699374393,401.7540827463658,,,,,,,,,,
612,TiDE_KIN,2,h091_180,83.10233445202033,84.40262897329345,-83.10233445202033,7967.884072902072,224.57896585096947,,,,,,,,,,
612,TiDE_KIN,2,h181_293,83.99193246425368,85.72298712895855,-83.99193246425368,8252.281099289128,283.06194840983545,,,,,,,,,,
612,TiDE_KIN,2,all,68.82490617468143,74.62636810562796,-68.77828141568239,6209.950666694731,931.0416211519413,,,,,,,,,,
612,BPLUS_CONTINUOUS,ensemble,h001_030,2.8841475681656368,3.2933724414996184,2.4509816399146502,16.949039189218084,4.5149037317903735,,,,,,,,,,
612,BPLUS_CONTINUOUS,ensemble,h031_090,11.00285140631969,12.05835655082074,5.054717485097466,238.59292233699335,55.042758019495324,,,,,,,,,,
612,BPLUS_CONTINUOUS,ensemble,h091_180,28.307634619857833,29.26491353128313,25.761231654291233,1894.1331647330119,72.81298894628542,,,,,,,,,,
612,BPLUS_CONTINUOUS,ensemble,h181_293,47.15914402706897,48.62765980515211,47.013200641781566,4267.338802633902,80.03362932881085,,,,,,,,,,
612,BPLUS_CONTINUOUS,ensemble,all,29.431282942901532,34.94954821347779,27.330426688432816,2278.175140066546,627.7070209429245,,,,,,,,,,
612,BPLUS_CONTINUOUS,0,h001_030,2.8841475681656368,3.2933724414996184,2.4509816399146502,16.949039189218084,4.5149037317903735,,,,,,,,,,
612,BPLUS_CONTINUOUS,0,h031_090,11.00285140631969,12.05835655082074,5.054717485097466,238.59292233699335,55.042758019495324,,,,,,,,,,
612,BPLUS_CONTINUOUS,0,h091_180,28.307634619857833,29.26491353128313,25.761231654291233,1894.1331647330119,72.81298894628542,,,,,,,,,,
612,BPLUS_CONTINUOUS,0,h181_293,47.15914402706897,48.62765980515211,47.013200641781566,4267.338802633902,80.03362932881085,,,,,,,,,,
612,BPLUS_CONTINUOUS,0,all,29.431282942901532,34.94954821347779,27.330426688432816,2278.175140066546,627.7070209429245,,,,,,,,,,
612,BPLUS_CONTINUOUS,1,h001_030,2.8841475681656368,3.2933724414996184,2.4509816399146502,16.949039189218084,4.5149037317903735,,,,,,,,,,
612,BPLUS_CONTINUOUS,1,h031_090,11.00285140631969,12.05835655082074,5.054717485097466,238.59292233699335,55.042758019495324,,,,,,,,,,
612,BPLUS_CONTINUOUS,1,h091_180,28.307634619857833,29.26491353128313,25.761231654291233,1894.1331647330119,72.81298894628542,,,,,,,,,,
612,BPLUS_CONTINUOUS,1,h181_293,47.15914402706897,48.62765980515211,47.013200641781566,4267.338802633902,80.03362932881085,,,,,,,,,,
612,BPLUS_CONTINUOUS,1,all,29.431282942901532,34.94954821347779,27.330426688432816,2278.175140066546,627.7070209429245,,,,,,,,,,
612,BPLUS_CONTINUOUS,2,h001_030,2.8841475681656368,3.2933724414996184,2.4509816399146502,16.949039189218084,4.5149037317903735,,,,,,,,,,
612,BPLUS_CONTINUOUS,2,h031_090,11.00285140631969,12.05835655082074,5.054717485097466,238.59292233699335,55.042758019495324,,,,,,,,,,
612,BPLUS_CONTINUOUS,2,h091_180,28.307634619857833,29.26491353128313,25.761231654291233,1894.1331647330119,72.81298894628542,,,,,,,,,,
612,BPLUS_CONTINUOUS,2,h181_293,47.15914402706897,48.62765980515211,47.013200641781566,4267.338802633902,80.03362932881085,,,,,,,,,,
612,BPLUS_CONTINUOUS,2,all,29.431282942901532,34.94954821347779,27.330426688432816,2278.175140066546,627.7070209429245,,,,,,,,,,
612,DRIFT1,ensemble,h001_030,0.9803608277469441,1.2823364094909706,-0.5178606674900128,2.6743074985740525,1.0034946198155354,,,,,,,,,,
612,DRIFT1,ensemble,h031_090,10.399889023707532,11.771279349460748,-8.422737481868303,161.69637755278063,38.90134436539729,,,,,,,,,,
612,DRIFT1,ensemble,h091_180,22.60055089549965,23.06172589881795,-19.101628213435596,796.6920329300398,12.048112920332557,,,,,,,,,,
612,DRIFT1,ensemble,h181_293,27.76210005667553,28.50644126322382,-14.932184829816256,1085.3696601562726,31.613353514683375,,,,,,,,,,
612,DRIFT1,ensemble,all,19.879082093017622,22.780897914938627,-13.404039228379656,696.6930595204316,195.00175758610888,,,,,,,,,,
612,DRIFT1,0,h001_030,0.9803608277469441,1.2823364094909706,-0.5178606674900128,2.6743074985740525,1.0034946198155354,,,,,,,,,,
612,DRIFT1,0,h031_090,10.399889023707532,11.771279349460748,-8.422737481868303,161.69637755278063,38.90134436539729,,,,,,,,,,
612,DRIFT1,0,h091_180,22.60055089549965,23.06172589881795,-19.101628213435596,796.6920329300398,12.048112920332557,,,,,,,,,,
612,DRIFT1,0,h181_293,27.76210005667553,28.50644126322382,-14.932184829816256,1085.3696601562726,31.613353514683375,,,,,,,,,,
612,DRIFT1,0,all,19.879082093017622,22.780897914938627,-13.404039228379656,696.6930595204316,195.00175758610888,,,,,,,,,,
612,DRIFT1,1,h001_030,0.9803608277469441,1.2823364094909706,-0.5178606674900128,2.6743074985740525,1.0034946198155354,,,,,,,,,,
612,DRIFT1,1,h031_090,10.399889023707532,11.771279349460748,-8.422737481868303,161.69637755278063,38.90134436539729,,,,,,,,,,
612,DRIFT1,1,h091_180,22.60055089549965,23.06172589881795,-19.101628213435596,796.6920329300398,12.048112920332557,,,,,,,,,,
612,DRIFT1,1,h181_293,27.76210005667553,28.50644126322382,-14.932184829816256,1085.3696601562726,31.613353514683375,,,,,,,,,,
612,DRIFT1,1,all,19.879082093017622,22.780897914938627,-13.404039228379656,696.6930595204316,195.00175758610888,,,,,,,,,,
612,DRIFT1,2,h001_030,0.9803608277469441,1.2823364094909706,-0.5178606674900128,2.6743074985740525,1.0034946198155354,,,,,,,,,,
612,DRIFT1,2,h031_090,10.399889023707532,11.771279349460748,-8.422737481868303,161.69637755278063,38.90134436539729,,,,,,,,,,
612,DRIFT1,2,h091_180,22.60055089549965,23.06172589881795,-19.101628213435596,796.6920329300398,12.048112920332557,,,,,,,,,,
612,DRIFT1,2,h181_293,27.76210005667553,28.50644126322382,-14.932184829816256,1085.3696601562726,31.613353514683375,,,,,,,,,,
612,DRIFT1,2,all,19.879082093017622,22.780897914938627,-13.404039228379656,696.6930595204316,195.00175758610888,,,,,,,,,,
612,RR_COND,ensemble,h001_030,6.652034180529112,7.07176228084187,4.613423691711514,74.05009052463573,7.294218457402946,,,,,,,,,,
612,RR_COND,ensemble,h031_090,13.216075895987387,15.434875121910899,9.954293450370113,422.1545796511786,94.28307031964565,,,,,,,,,,
612,RR_COND,ensemble,h091_180,34.7263264914106,35.72251631125406,31.829454958128984,2404.5866158620925,63.527940289231424,,,,,,,,,,
612,RR_COND,ensemble,h181_293,48.58722022514101,50.95881804444279,48.48560394482997,4213.528438208657,117.5551935895923,,,,,,,,,,
612,RR_COND,ensemble,all,32.79266501311606,38.23183160801933,30.9869778490476,2457.6528547439466,544.5429804836798,,,,,,,,,,
612,RR_COND,0,h001_030,6.652034180529112,7.07176228084187,4.613423691711514,74.05009052463573,7.294218457402946,,,,,,,,,,
612,RR_COND,0,h031_090,13.216075895987387,15.434875121910899,9.954293450370113,422.1545796511786,94.28307031964565,,,,,,,,,,
612,RR_COND,0,h091_180,34.7263264914106,35.72251631125406,31.829454958128984,2404.5866158620925,63.527940289231424,,,,,,,,,,
612,RR_COND,0,h181_293,48.58722022514101,50.95881804444279,48.48560394482997,4213.528438208657,117.5551935895923,,,,,,,,,,
612,RR_COND,0,all,32.79266501311606,38.23183160801933,30.9869778490476,2457.6528547439466,544.5429804836798,,,,,,,,,,
612,RR_COND,1,h001_030,6.652034180529112,7.07176228084187,4.613423691711514,74.05009052463573,7.294218457402946,,,,,,,,,,
612,RR_COND,1,h031_090,13.216075895987387,15.434875121910899,9.954293450370113,422.1545796511786,94.28307031964565,,,,,,,,,,
612,RR_COND,1,h091_180,34.7263264914106,35.72251631125406,31.829454958128984,2404.5866158620925,63.527940289231424,,,,,,,,,,
612,RR_COND,1,h181_293,48.58722022514101,50.95881804444279,48.48560394482997,4213.528438208657,117.5551935895923,,,,,,,,,,
612,RR_COND,1,all,32.79266501311606,38.23183160801933,30.9869778490476,2457.6528547439466,544.5429804836798,,,,,,,,,,
612,RR_COND,2,h001_030,6.652034180529112,7.07176228084187,4.613423691711514,74.05009052463573,7.294218457402946,,,,,,,,,,
612,RR_COND,2,h031_090,13.216075895987387,15.434875121910899,9.954293450370113,422.1545796511786,94.28307031964565,,,,,,,,,,
612,RR_COND,2,h091_180,34.7263264914106,35.72251631125406,31.829454958128984,2404.5866158620925,63.527940289231424,,,,,,,,,,
612,RR_COND,2,h181_293,48.58722022514101,50.95881804444279,48.48560394482997,4213.528438208657,117.5551935895923,,,,,,,,,,
612,RR_COND,2,all,32.79266501311606,38.23183160801933,30.9869778490476,2457.6528547439466,544.5429804836798,,,,,,,,,,
612,TiDE_PHYS,ensemble,h001_030,3.338113444567092,4.034471359139605,-3.1549690072161183,26.79700331595515,8.933696396298615,,,,,,,,,,
612,TiDE_PHYS,ensemble,h031_090,13.913651992954199,15.830033637966274,-13.76122741956285,401.41998729269307,59.25216669480337,,,,,,,,,,
612,TiDE_PHYS,ensemble,h091_180,36.633674775839935,37.331669798782286,-36.60153048299493,1842.790486038998,40.694434077601656,,,,,,,,,,
612,TiDE_PHYS,ensemble,h181_293,52.30798034008132,52.63912546034105,-52.30798034008132,3409.3800210601707,22.732676052585028,,,,,,,,,,
612,TiDE_PHYS,ensemble,all,34.61704788794897,39.589978221762905,-34.55720900098631,1965.8709742674039,425.73235006421197,,,,,,,,,,
612,TiDE_PHYS,0,h001_030,7.155191832191447,8.490821866128636,-6.961787205603182,81.44791640604976,25.286565046357705,,,,,,,,,,
612,TiDE_PHYS,0,h031_090,23.50308560098822,26.585048488019375,-23.50308560098822,853.659127252098,152.34257087763478,,,,,,,,,,
612,TiDE_PHYS,0,h091_180,53.45134230192986,54.93063238543235,-53.45134230192986,3470.6586466649806,134.1136975235262,,,,,,,,,,
612,TiDE_PHYS,0,h181_293,63.66771351890823,64.91876493106948,-63.66771351890823,4866.891277785398,133.36717307387175,,,,,,,,,,
612,TiDE_PHYS,0,all,46.518475514796435,52.09468431906643,-46.498672993302755,3126.2149410133297,605.7212474352211,,,,,,,,,,
612,TiDE_PHYS,1,h001_030,2.4455117973455804,3.105457269860095,-1.2441372980096896,18.079540035582873,8.20784778472446,,,,,,,,,,
612,TiDE_PHYS,1,h031_090,12.063598741239971,13.422837132132905,-11.194225015930536,304.20109076742517,37.21161729282545,,,,,,,,,,
612,TiDE_PHYS,1,h091_180,30.00323886876093,30.65623269554218,-28.748687301642388,1305.5274007668252,38.60949044152585,,,,,,,,,,
612,TiDE_PHYS,1,h181_293,48.211938346868,48.465949406711175,-48.211938346868,2970.027287142522,13.959323355643585,,,,,,,,,,
612,TiDE_PHYS,1,all,30.530449862728105,35.33722464254164,-29.844056348942054,1610.5972735946489,390.2228750421149,,,,,,,,,,
612,TiDE_PHYS,2,h001_030,3.2192892589879394,4.08416992945237,-1.2589825180354561,21.011357693277745,10.55897685988625,,,,,,,,,,
612,TiDE_PHYS,2,h031_090,11.234321503118217,12.135782562052814,-6.586371641769791,249.66259055769586,35.20017250031558,,,,,,,,,,
612,TiDE_PHYS,2,h091_180,30.450007687399896,31.2510684989243,-27.60456184541256,1292.1419742683572,52.500578024757544,,,,,,,,,,
612,TiDE_PHYS,2,h181_293,45.04428915446772,45.41697869048892,-45.04428915446772,2691.1334664047467,17.930350809277375,,,,,,,,,,
612,TiDE_PHYS,2,all,29.355438000947352,33.83873443342989,-27.328897660714105,1488.0578687786642,386.9940475105932,,,,,,,,,,
612,G_CACHED,ensemble,h001_030,2.768620234593158,3.1448336861482358,0.2747339409654421,12.711014890531969,4.233296502176075,,,,,,,,,,
612,G_CACHED,ensemble,h031_090,12.101651763264998,13.709448450511417,3.9618441087598475,278.6692227388904,99.47484596566885,,,,,,,,,,
612,G_CACHED,ensemble,h091_180,29.51157636411332,30.380602126260246,21.960824870636845,1795.4296869100974,66.18329066088945,,,,,,,,,,
612,G_CACHED,ensemble,h181_293,44.53138003711878,46.17444847554472,43.05460727922874,3919.6702755954666,114.273151605073,,,,,,,,,,
612,G_CACHED,ensemble,all,29.000837985659786,33.97999136873132,24.189752647319857,2121.545722782409,605.1166533096857,,,,,,,,,,
612,G_CACHED,0,h001_030,2.7751819401452797,3.140426558523719,0.619264832189395,12.639148205391336,4.46481938644369,,,,,,,,,,
612,G_CACHED,0,h031_090,11.887698738919578,13.286075568937743,4.6773294544185875,267.9126275821175,91.94537057920627,,,,,,,,,,
612,G_CACHED,0,h091_180,28.822632002056157,29.770452939842734,23.43806799027714,1816.3516204264447,70.91822869125322,,,,,,,,,,
612,G_CACHED,0,h181_293,45.760672090211244,47.28977386732324,45.04900004232162,4051.1725461412993,98.1773728134817,,,,,,,,,,
612,G_CACHED,0,all,29.220171361496437,34.41130604867091,25.59447384347468,2176.4780739025105,616.387130830058,,,,,,,,,,
612,G_CACHED,1,h001_030,2.4798422851817854,3.0084435756702463,-0.1336570962178964,11.630199989341977,3.981341159937384,,,,,,,,,,
612,G_CACHED,1,h031_090,11.869675444535996,13.541282104292684,1.900203429567091,253.46287796120367,81.60656652954276,,,,,,,,,,
612,G_CACHED,1,h091_180,30.213322097717448,31.092756618252874,17.001154424458075,1647.101744280029,68.56621887445827,,,,,,,,,,
612,G_CACHED,1,h181_293,42.7420142623063,44.50764148470033,39.598183016168456,3697.553016861132,136.13636639790155,,,,,,,,,,
612,G_CACHED,1,all,28.449223193388377,33.45174467779573,20.869286934866043,1985.048896136051,596.5715975917946,,,,,,,,,,
612,G_CACHED,2,h001_030,3.1708858018062167,3.497114158128819,0.3385940869248018,14.971900412559568,4.832322432148383,,,,,,,,,,
612,G_CACHED,2,h031_090,13.152160203316695,15.16879394919706,5.30799944229386,332.0387968969139,135.21593609656978,,,,,,,,,,
612,G_CACHED,2,h091_180,30.539258638379977,31.53383989559271,25.44325219717532,1981.2267141280015,75.30989501258853,,,,,,,,,,
612,G_CACHED,2,h181_293,45.61415690990413,47.49871684445203,44.51663877919616,4041.7413441796457,120.34181823410908,,,,,,,,,,
612,G_CACHED,2,all,29.99040680725786,35.15066199713799,26.105497163618836,2236.855498259426,618.4852271614507,,,,,,,,,,
792,TiDE_KIN,ensemble,h001_030,7.41841448946246,7.987133792454907,7.3007185660961005,98.02564625665575,12.86914479733533,16.808279427850927,1.0,178.74508676014975,178.74508676014975,1.0,229.41683515656848,229.41683515656848,1.0,273.3670200110169,273.3670200110169
792,TiDE_KIN,ensemble,h031_090,14.957167732578805,15.311881316954182,13.527966514143566,353.2746488837493,13.204991694701402,18.1226277813868,1.0,178.74508676014977,178.74508676014977,1.0,229.41683515656848,229.41683515656848,1.0,273.36702001101696,273.36702001101696
792,TiDE_KIN,ensemble,h091_180,23.59522677579139,23.829565990672624,21.963083958765772,864.26160369746,10.795343355037698,20.612151689266373,1.0,178.74508676014977,178.74508676014977,1.0,229.4168351565685,229.4168351565685,1.0,273.36702001101696,273.36702001101696
792,TiDE_KIN,ensemble,h181_293,26.800978039997982,27.23236060538301,21.326918492638328,1077.939158569704,14.209148121911467,21.829341797042776,1.0,178.74508676014983,178.74508676014983,1.0,229.4168351565685,229.4168351565685,1.0,273.36702001101696,273.36702001101696
792,TiDE_KIN,ensemble,all,21.406359819042997,22.907124080471455,18.48914298221347,763.5765104842069,76.89534625631632,20.182304862861923,1.0,178.7450867601498,178.7450867601498,1.0,229.4168351565685,229.4168351565685,1.0,273.36702001101696,273.36702001101696
792,TiDE_KIN,0,h001_030,6.105627193739987,7.084721699159956,4.647757838189671,75.19244191816128,24.938818462032344,16.70649307967623,1.0,178.74508676014977,178.74508676014977,1.0,229.4168351565685,229.4168351565685,1.0,273.36702001101696,273.36702001101696
792,TiDE_KIN,0,h031_090,14.112016142306022,14.608919171473355,11.144942083264972,316.5475409826673,15.172088215918953,17.985737236966383,1.0,178.74508676014977,178.74508676014977,1.0,229.4168351565685,229.4168351565685,1.0,273.36702001101696,273.36702001101696
792,TiDE_KIN,0,h091_180,27.14902641837917,27.763345756965755,25.12557372923181,1115.8447350595213,38.91310139540969,21.754967559561237,1.0,178.7450867601498,178.7450867601498,1.0,229.4168351565685,229.4168351565685,1.0,273.36702001101696,273.36702001101696
792,TiDE_KIN,0,h181_293,44.06358316638325,44.379977879032516,42.505352581300485,2877.338215868666,30.01778377241044,29.701158611347637,1.0,178.74508676014983,178.74508676014983,1.0,229.41683515656854,229.41683515656854,1.0,273.36702001101696,273.36702001101696
792,TiDE_KIN,0,all,28.84807870240954,32.57177385063755,26.868722653445076,1524.9620145563856,315.9547940118961,23.530774846590663,1.0,178.7450867601498,178.7450867601498,1.0,229.41683515656854,229.41683515656854,1.0,273.36702001101696,273.36702001101696
792,TiDE_KIN,1,h001_030,4.397465473472561,5.200607304884094,3.6196218504148203,28.31331588508474,15.010021860096392,16.460758943604443,1.0,178.74508676014977,178.74508676014977,1.0,229.4168351565685,229.4168351565685,1.0,273.36702001101696,273.36702001101696
792,TiDE_KIN,1,h031_090,5.029190477885317,5.734699664151099,-2.0057757026012624,38.71428999662727,11.483179007546786,16.492725836673344,1.0,178.74508676014977,178.74508676014977,1.0,229.41683515656848,229.41683515656848,1.0,273.36702001101696,273.36702001101696
792,TiDE_KIN,1,h091_180,9.029485221904759,10.348384690589308,-6.262592350162636,123.21329615973212,32.40453290142883,16.992737325291515,1.0,178.7450867601498,178.7450867601498,1.0,229.41683515656854,229.41683515656854,1.0,273.36702001101696,273.36702001101696
792,TiDE_KIN,1,h181_293,31.574366532787092,33.875884914001084,-31.52307421321901,1339.626388554333,167.04245307453056,23.743536007617024,1.0,178.7450867601498,178.7450867601498,1.0,229.41683515656854,229.41683515656854,1.0,273.36702001101696,273.36702001101696
792,TiDE_KIN,1,all,16.430827580387938,22.057384938693485,-14.121155577651933,565.3216226531252,296.6467520299018,19.4394274629539,1.0,178.7450867601498,178.7450867601498,1.0,229.41683515656854,229.41683515656854,1.0,273.36702001101696,273.36702001101696
792,TiDE_KIN,2,h001_030,14.006103716847552,15.187200766893007,13.634776009683819,374.90918113730464,53.474477370511764,18.185399626450078,1.0,178.74508676014977,178.74508676014977,1.0,229.4168351565685,229.4168351565685,1.0,273.36702001101696,273.36702001101696
792,TiDE_KIN,2,h031_090,32.44591964691529,33.076709396377126,31.444733161766965,1834.7850736361804,61.36160166442931,25.191165556445092,1.0,178.74508676014977,178.74508676014977,1.0,229.41683515656848,229.41683515656848,1.0,273.36702001101696,273.36702001101696
792,TiDE_KIN,2,h091_180,47.51138555064034,47.837234940529704,47.02627049722813,4051.865209248858,36.75709992461761,34.9630928697278,0.8944444444444445,178.74508676014983,185.24026356447223,1.0,229.41683515656854,229.41683515656854,1.0,273.36702001101696,273.36702001101696
792,TiDE_KIN,2,h181_293,56.018892131209,56.707942468031355,52.99847710983348,5859.949365402657,46.7152019927229,42.41479486665099,0.6482300884955752,178.74508676014983,231.45749790189427,0.9269911504424779,229.41683515656854,238.58098010961027,1.0,273.36702001101696,273.36702001101696
792,TiDE_KIN,2,all,44.276784302746044,47.13048892371139,42.71986187084726,3918.691218345349,407.878101577168,34.118027646372944,0.8319112627986348,178.7450867601498,201.06955219157007,0.9718430034129693,229.41683515656854,232.9511299678099,1.0,273.36702001101696,273.36702001101696
792,BPLUS_CONTINUOUS,ensemble,h001_030,2.28578999940143,2.8488755631944054,2.2653260124486656,11.021369831335663,3.945078697046386,7.6143098927466575,0.9083333333333333,75.00899150308658,78.31325172578333,0.9166666666666666,96.2729983287045,100.95884553825219,0.9166666666666666,114.71635306398763,121.04210179669012
792,BPLUS_CONTINUOUS,ensemble,h031_090,9.4900459681844,11.346800640408361,9.216967978400971,166.86069676611706,52.16765576022206,12.141496441239536,0.6416666666666666,75.00899150308659,112.09393874706842,0.6625,96.27299832870453,161.07150756402942,0.6708333333333334,114.71635306398767,229.09920948593341
792,BPLUS_CONTINUOUS,ensemble,h091_180,26.294111812415835,26.398120627512878,26.294111812415835,889.9831067306948,5.0974183625695275,26.24810243149875,0.5,75.00899150308658,235.88637273701056,0.5,96.27299832870452,402.2355281544921,0.5,114.71635306398765,699.2465993985599
792,BPLUS_CONTINUOUS,ensemble,h181_293,34.559559086376844,35.95062225981402,34.559559086376844,1528.882033852394,43.77751910677561,33.2641707697668,0.44469026548672563,75.00899150308658,296.53065124067916,0.48008849557522126,96.2729983287045,516.9437532033731,0.5,114.71635306398765,925.9007682564156
792,BPLUS_CONTINUOUS,ensemble,all,23.582514327478208,27.313324693235966,23.524498631247532,898.3086427712974,201.6436990163574,24.157336515615384,0.5494880546075085,75.00899150308658,217.79102734855053,0.568259385665529,96.27299832870452,366.24197087329276,0.5776450511945392,114.71635306398764,631.1815576174132
792,BPLUS_CONTINUOUS,0,h001_030,2.28578999940143,2.8488755631944054,2.2653260124486656,11.021369831335663,3.945078697046386,7.6143098927466575,0.9083333333333333,75.00899150308658,78.31325172578333,0.9166666666666666,96.2729983287045,100.95884553825219,0.9166666666666666,114.71635306398763,121.04210179669012
792,BPLUS_CONTINUOUS,0,h031_090,9.4900459681844,11.346800640408361,9.216967978400971,166.86069676611706,52.16765576022206,12.141496441239536,0.6416666666666666,75.00899150308659,112.09393874706842,0.6625,96.27299832870453,161.07150756402942,0.6708333333333334,114.71635306398767,229.09920948593341
792,BPLUS_CONTINUOUS,0,h091_180,26.294111812415835,26.398120627512878,26.294111812415835,889.9831067306948,5.0974183625695275,26.24810243149875,0.5,75.00899150308658,235.88637273701056,0.5,96.27299832870452,402.2355281544921,0.5,114.71635306398765,699.2465993985599
792,BPLUS_CONTINUOUS,0,h181_293,34.559559086376844,35.95062225981402,34.559559086376844,1528.882033852394,43.77751910677561,33.2641707697668,0.44469026548672563,75.00899150308658,296.53065124067916,0.48008849557522126,96.2729983287045,516.9437532033731,0.5,114.71635306398765,925.9007682564156
792,BPLUS_CONTINUOUS,0,all,23.582514327478208,27.313324693235966,23.524498631247532,898.3086427712974,201.6436990163574,24.157336515615384,0.5494880546075085,75.00899150308658,217.79102734855053,0.568259385665529,96.27299832870452,366.24197087329276,0.5776450511945392,114.71635306398764,631.1815576174132
792,BPLUS_CONTINUOUS,1,h001_030,2.28578999940143,2.8488755631944054,2.2653260124486656,11.021369831335663,3.945078697046386,7.6143098927466575,0.9083333333333333,75.00899150308658,78.31325172578333,0.9166666666666666,96.2729983287045,100.95884553825219,0.9166666666666666,114.71635306398763,121.04210179669012
792,BPLUS_CONTINUOUS,1,h031_090,9.4900459681844,11.346800640408361,9.216967978400971,166.86069676611706,52.16765576022206,12.141496441239536,0.6416666666666666,75.00899150308659,112.09393874706842,0.6625,96.27299832870453,161.07150756402942,0.6708333333333334,114.71635306398767,229.09920948593341
792,BPLUS_CONTINUOUS,1,h091_180,26.294111812415835,26.398120627512878,26.294111812415835,889.9831067306948,5.0974183625695275,26.24810243149875,0.5,75.00899150308658,235.88637273701056,0.5,96.27299832870452,402.2355281544921,0.5,114.71635306398765,699.2465993985599
792,BPLUS_CONTINUOUS,1,h181_293,34.559559086376844,35.95062225981402,34.559559086376844,1528.882033852394,43.77751910677561,33.2641707697668,0.44469026548672563,75.00899150308658,296.53065124067916,0.48008849557522126,96.2729983287045,516.9437532033731,0.5,114.71635306398765,925.9007682564156
792,BPLUS_CONTINUOUS,1,all,23.582514327478208,27.313324693235966,23.524498631247532,898.3086427712974,201.6436990163574,24.157336515615384,0.5494880546075085,75.00899150308658,217.79102734855053,0.568259385665529,96.27299832870452,366.24197087329276,0.5776450511945392,114.71635306398764,631.1815576174132
792,BPLUS_CONTINUOUS,2,h001_030,2.28578999940143,2.8488755631944054,2.2653260124486656,11.021369831335663,3.945078697046386,7.6143098927466575,0.9083333333333333,75.00899150308658,78.31325172578333,0.9166666666666666,96.2729983287045,100.95884553825219,0.9166666666666666,114.71635306398763,121.04210179669012
792,BPLUS_CONTINUOUS,2,h031_090,9.4900459681844,11.346800640408361,9.216967978400971,166.86069676611706,52.16765576022206,12.141496441239536,0.6416666666666666,75.00899150308659,112.09393874706842,0.6625,96.27299832870453,161.07150756402942,0.6708333333333334,114.71635306398767,229.09920948593341
792,BPLUS_CONTINUOUS,2,h091_180,26.294111812415835,26.398120627512878,26.294111812415835,889.9831067306948,5.0974183625695275,26.24810243149875,0.5,75.00899150308658,235.88637273701056,0.5,96.27299832870452,402.2355281544921,0.5,114.71635306398765,699.2465993985599
792,BPLUS_CONTINUOUS,2,h181_293,34.559559086376844,35.95062225981402,34.559559086376844,1528.882033852394,43.77751910677561,33.2641707697668,0.44469026548672563,75.00899150308658,296.53065124067916,0.48008849557522126,96.2729983287045,516.9437532033731,0.5,114.71635306398765,925.9007682564156
792,BPLUS_CONTINUOUS,2,all,23.582514327478208,27.313324693235966,23.524498631247532,898.3086427712974,201.6436990163574,24.157336515615384,0.5494880546075085,75.00899150308658,217.79102734855053,0.568259385665529,96.27299832870452,366.24197087329276,0.5776450511945392,114.71635306398764,631.1815576174132
792,DRIFT1,ensemble,h001_030,0.5242303223136924,0.6512332198076205,0.15312020932884185,0.556805665692315,0.20481626144243736,5.416367000309666,1.0,59.10958185958128,59.10958185958128,1.0,75.86632697686281,75.86632697686281,1.0,90.40030436603556,90.40030436603556
792,DRIFT1,ensemble,h031_090,2.6650551778748413,2.8815507328945147,-0.2653103723020198,10.187696991035784,1.151346174244459,5.805424482455478,1.0,59.10958185958128,59.10958185958128,1.0,75.86632697686284,75.86632697686284,1.0,90.40030436603558,90.40030436603558
792,DRIFT1,ensemble,h091_180,5.500394800587741,5.686355808107973,1.9347939712819124,40.94974670672917,1.7612144905411946,6.570569893145658,0.9472222222222222,59.10958185958128,59.2204759924021,1.0,75.86632697686284,75.86632697686284,1.0,90.40030436603557,90.40030436603557
792,DRIFT1,ensemble,h181_293,6.925824484273632,7.206590985059114,0.360294699440062,56.69768721216316,3.7742086176340788,6.514471425291566,1.0,59.10958185958128,59.10958185958128,1.0,75.86632697686284,75.86632697686284,1.0,90.40030436603554,90.40030436603554
792,DRIFT1,ensemble,all,4.960013375828391,5.824269689498328,0.6946066293305232,36.5879926553344,10.294045608779426,6.274071810230971,0.9837883959044369,59.10958185958128,59.143644903792456,1.0,75.86632697686284,75.86632697686284,1.0,90.40030436603556,90.40030436603556
792,DRIFT1,0,h001_030,0.5242303223136924,0.6512332198076205,0.15312020932884185,0.556805665692315,0.20481626144243736,5.416367000309666,1.0,59.10958185958128,59.10958185958128,1.0,75.86632697686281,75.86632697686281,1.0,90.40030436603556,90.40030436603556
792,DRIFT1,0,h031_090,2.6650551778748413,2.8815507328945147,-0.2653103723020198,10.187696991035784,1.151346174244459,5.805424482455478,1.0,59.10958185958128,59.10958185958128,1.0,75.86632697686284,75.86632697686284,1.0,90.40030436603558,90.40030436603558
792,DRIFT1,0,h091_180,5.500394800587741,5.686355808107973,1.9347939712819124,40.94974670672917,1.7612144905411946,6.570569893145658,0.9472222222222222,59.10958185958128,59.2204759924021,1.0,75.86632697686284,75.86632697686284,1.0,90.40030436603557,90.40030436603557
792,DRIFT1,0,h181_293,6.925824484273632,7.206590985059114,0.360294699440062,56.69768721216316,3.7742086176340788,6.514471425291566,1.0,59.10958185958128,59.10958185958128,1.0,75.86632697686284,75.86632697686284,1.0,90.40030436603554,90.40030436603554
792,DRIFT1,0,all,4.960013375828391,5.824269689498328,0.6946066293305232,36.5879926553344,10.294045608779426,6.274071810230971,0.9837883959044369,59.10958185958128,59.143644903792456,1.0,75.86632697686284,75.86632697686284,1.0,90.40030436603556,90.40030436603556
792,DRIFT1,1,h001_030,0.5242303223136924,0.6512332198076205,0.15312020932884185,0.556805665692315,0.20481626144243736,5.416367000309666,1.0,59.10958185958128,59.10958185958128,1.0,75.86632697686281,75.86632697686281,1.0,90.40030436603556,90.40030436603556
792,DRIFT1,1,h031_090,2.6650551778748413,2.8815507328945147,-0.2653103723020198,10.187696991035784,1.151346174244459,5.805424482455478,1.0,59.10958185958128,59.10958185958128,1.0,75.86632697686284,75.86632697686284,1.0,90.40030436603558,90.40030436603558
792,DRIFT1,1,h091_180,5.500394800587741,5.686355808107973,1.9347939712819124,40.94974670672917,1.7612144905411946,6.570569893145658,0.9472222222222222,59.10958185958128,59.2204759924021,1.0,75.86632697686284,75.86632697686284,1.0,90.40030436603557,90.40030436603557
792,DRIFT1,1,h181_293,6.925824484273632,7.206590985059114,0.360294699440062,56.69768721216316,3.7742086176340788,6.514471425291566,1.0,59.10958185958128,59.10958185958128,1.0,75.86632697686284,75.86632697686284,1.0,90.40030436603554,90.40030436603554
792,DRIFT1,1,all,4.960013375828391,5.824269689498328,0.6946066293305232,36.5879926553344,10.294045608779426,6.274071810230971,0.9837883959044369,59.10958185958128,59.143644903792456,1.0,75.86632697686284,75.86632697686284,1.0,90.40030436603556,90.40030436603556
792,DRIFT1,2,h001_030,0.5242303223136924,0.6512332198076205,0.15312020932884185,0.556805665692315,0.20481626144243736,5.416367000309666,1.0,59.10958185958128,59.10958185958128,1.0,75.86632697686281,75.86632697686281,1.0,90.40030436603556,90.40030436603556
792,DRIFT1,2,h031_090,2.6650551778748413,2.8815507328945147,-0.2653103723020198,10.187696991035784,1.151346174244459,5.805424482455478,1.0,59.10958185958128,59.10958185958128,1.0,75.86632697686284,75.86632697686284,1.0,90.40030436603558,90.40030436603558
792,DRIFT1,2,h091_180,5.500394800587741,5.686355808107973,1.9347939712819124,40.94974670672917,1.7612144905411946,6.570569893145658,0.9472222222222222,59.10958185958128,59.2204759924021,1.0,75.86632697686284,75.86632697686284,1.0,90.40030436603557,90.40030436603557
792,DRIFT1,2,h181_293,6.925824484273632,7.206590985059114,0.360294699440062,56.69768721216316,3.7742086176340788,6.514471425291566,1.0,59.10958185958128,59.10958185958128,1.0,75.86632697686284,75.86632697686284,1.0,90.40030436603554,90.40030436603554
792,DRIFT1,2,all,4.960013375828391,5.824269689498328,0.6946066293305232,36.5879926553344,10.294045608779426,6.274071810230971,0.9837883959044369,59.10958185958128,59.143644903792456,1.0,75.86632697686284,75.86632697686284,1.0,90.40030436603556,90.40030436603556
792,RR_COND,ensemble,h001_030,10.175612038059795,11.106482131933426,10.175612038059795,152.06559209488972,26.882747455325735,12.07529258956104,0.7833333333333333,91.56049340776033,108.64987550853667,0.8666666666666667,117.51662103679874,141.89565876230512,0.875,140.02969081440517,176.92542306887435
792,RR_COND,ensemble,h031_090,14.621621157289123,15.435778495807565,14.343364170946314,293.53794934615127,22.898512245078646,14.814199507773418,0.6416666666666666,91.56049340776036,122.83024379722528,0.7375,117.5166210367988,158.20439801616885,0.7791666666666667,140.02969081440517,198.39543050560866
792,RR_COND,ensemble,h091_180,25.407014894113733,26.059182724903867,25.407014894113733,827.1054269531,42.88349062419659,22.463985012146434,0.5083333333333333,91.56049340776036,193.7598005502832,0.5111111111111111,117.51662103679878,276.3650552879069,0.5777777777777777,140.02969081440514,385.6929493816079
792,RR_COND,ensemble,h181_293,40.58734070367298,42.59328551796202,40.58734070367298,2032.9545557090055,126.87491844761747,35.063610885891855,0.4358407079646018,91.56049340776036,301.54929898711686,0.46017699115044247,117.51662103679878,481.8260030352173,0.4668141592920354,140.02969081440517,777.5567174863301
792,RR_COND,ensemble,all,27.493400923428066,31.31592395231011,27.43641997059336,1113.780197762841,226.51025565336522,24.693028769120115,0.5358361774744027,91.56049340776036,212.09134378211368,0.5742320819112627,117.51662103679877,317.63934116972854,0.606655290102389,140.02969081440514,477.0913414426715
792,RR_COND,0,h001_030,10.175612038059795,11.106482131933426,10.175612038059795,152.06559209488972,26.882747455325735,12.07529258956104,0.7833333333333333,91.56049340776033,108.64987550853667,0.8666666666666667,117.51662103679874,141.89565876230512,0.875,140.02969081440517,176.92542306887435
792,RR_COND,0,h031_090,14.621621157289123,15.435778495807565,14.343364170946314,293.53794934615127,22.898512245078646,14.814199507773418,0.6416666666666666,91.56049340776036,122.83024379722528,0.7375,117.5166210367988,158.20439801616885,0.7791666666666667,140.02969081440517,198.39543050560866
792,RR_COND,0,h091_180,25.407014894113733,26.059182724903867,25.407014894113733,827.1054269531,42.88349062419659,22.463985012146434,0.5083333333333333,91.56049340776036,193.7598005502832,0.5111111111111111,117.51662103679878,276.3650552879069,0.5777777777777777,140.02969081440514,385.6929493816079
792,RR_COND,0,h181_293,40.58734070367298,42.59328551796202,40.58734070367298,2032.9545557090055,126.87491844761747,35.063610885891855,0.4358407079646018,91.56049340776036,301.54929898711686,0.46017699115044247,117.51662103679878,481.8260030352173,0.4668141592920354,140.02969081440517,777.5567174863301
792,RR_COND,0,all,27.493400923428066,31.31592395231011,27.43641997059336,1113.780197762841,226.51025565336522,24.693028769120115,0.5358361774744027,91.56049340776036,212.09134378211368,0.5742320819112627,117.51662103679877,317.63934116972854,0.606655290102389,140.02969081440514,477.0913414426715
792,RR_COND,1,h001_030,10.175612038059795,11.106482131933426,10.175612038059795,152.06559209488972,26.882747455325735,12.07529258956104,0.7833333333333333,91.56049340776033,108.64987550853667,0.8666666666666667,117.51662103679874,141.89565876230512,0.875,140.02969081440517,176.92542306887435
792,RR_COND,1,h031_090,14.621621157289123,15.435778495807565,14.343364170946314,293.53794934615127,22.898512245078646,14.814199507773418,0.6416666666666666,91.56049340776036,122.83024379722528,0.7375,117.5166210367988,158.20439801616885,0.7791666666666667,140.02969081440517,198.39543050560866
792,RR_COND,1,h091_180,25.407014894113733,26.059182724903867,25.407014894113733,827.1054269531,42.88349062419659,22.463985012146434,0.5083333333333333,91.56049340776036,193.7598005502832,0.5111111111111111,117.51662103679878,276.3650552879069,0.5777777777777777,140.02969081440514,385.6929493816079
792,RR_COND,1,h181_293,40.58734070367298,42.59328551796202,40.58734070367298,2032.9545557090055,126.87491844761747,35.063610885891855,0.4358407079646018,91.56049340776036,301.54929898711686,0.46017699115044247,117.51662103679878,481.8260030352173,0.4668141592920354,140.02969081440517,777.5567174863301
792,RR_COND,1,all,27.493400923428066,31.31592395231011,27.43641997059336,1113.780197762841,226.51025565336522,24.693028769120115,0.5358361774744027,91.56049340776036,212.09134378211368,0.5742320819112627,117.51662103679877,317.63934116972854,0.606655290102389,140.02969081440514,477.0913414426715
792,RR_COND,2,h001_030,10.175612038059795,11.106482131933426,10.175612038059795,152.06559209488972,26.882747455325735,12.07529258956104,0.7833333333333333,91.56049340776033,108.64987550853667,0.8666666666666667,117.51662103679874,141.89565876230512,0.875,140.02969081440517,176.92542306887435
792,RR_COND,2,h031_090,14.621621157289123,15.435778495807565,14.343364170946314,293.53794934615127,22.898512245078646,14.814199507773418,0.6416666666666666,91.56049340776036,122.83024379722528,0.7375,117.5166210367988,158.20439801616885,0.7791666666666667,140.02969081440517,198.39543050560866
792,RR_COND,2,h091_180,25.407014894113733,26.059182724903867,25.407014894113733,827.1054269531,42.88349062419659,22.463985012146434,0.5083333333333333,91.56049340776036,193.7598005502832,0.5111111111111111,117.51662103679878,276.3650552879069,0.5777777777777777,140.02969081440514,385.6929493816079
792,RR_COND,2,h181_293,40.58734070367298,42.59328551796202,40.58734070367298,2032.9545557090055,126.87491844761747,35.063610885891855,0.4358407079646018,91.56049340776036,301.54929898711686,0.46017699115044247,117.51662103679878,481.8260030352173,0.4668141592920354,140.02969081440517,777.5567174863301
792,RR_COND,2,all,27.493400923428066,31.31592395231011,27.43641997059336,1113.780197762841,226.51025565336522,24.693028769120115,0.5358361774744027,91.56049340776036,212.09134378211368,0.5742320819112627,117.51662103679877,317.63934116972854,0.606655290102389,140.02969081440514,477.0913414426715
792,TiDE_PHYS,ensemble,h001_030,4.478844211146431,5.263915665490165,3.4009306149502505,40.32226965726329,11.683151237895016,9.1864832426282,1.0,95.68491975004704,95.68491975004704,1.0,122.81026493736357,122.81026493736357,1.0,146.33745657670983,146.33745657670983
792,TiDE_PHYS,ensemble,h031_090,11.687243568584947,11.93031175017801,8.78402264323134,205.037562062621,6.455584704964513,11.252034261619022,0.9583333333333334,95.68491975004707,96.08145576089646,0.9958333333333333,122.81026493736357,122.91124448434945,1.0,146.33745657670988,146.33745657670988
792,TiDE_PHYS,ensemble,h091_180,14.576051637320852,14.761540975921625,9.463953963563595,301.8163278663515,3.7574409830117057,12.886396845210779,0.7666666666666666,95.68491975004709,103.27378992046701,0.8222222222222222,122.8102649373636,129.44008061846796,0.925,146.33745657670985,150.5938506196038
792,TiDE_PHYS,ensemble,h181_293,16.048210798207343,16.699869897078916,2.3020237515904896,316.1726956502502,17.789926383209007,15.01402878461188,0.75,95.68491975004707,133.0958012887317,0.75,122.81026493736358,187.4944795446467,0.75,146.33745657670985,258.1202629015523
792,TiDE_PHYS,ensemble,all,13.518404122886677,14.859012348808477,5.941821903388522,260.7607710918944,37.98848284395587,12.993438640635153,0.8233788395904437,95.68491975004709,112.52526135366523,0.848122866894198,122.81026493736358,149.81387734262478,0.8805460750853242,146.33745657670988,190.7556565035619
792,TiDE_PHYS,0,h001_030,2.5057970207738864,2.962816339945409,0.9873033641927695,9.184575161366475,3.894257100046775,8.955460395794859,1.0,95.68491975004704,95.68491975004704,1.0,122.81026493736357,122.81026493736357,1.0,146.33745657670983,146.33745657670983
792,TiDE_PHYS,0,h031_090,4.225151276776343,4.625304065517365,-1.191855152340629,32.322892186826486,5.517683339076021,10.210208865030395,0.7958333333333334,95.68491975004704,102.91263343145725,0.8666666666666667,122.81026493736357,130.5331139949983,0.9125,146.33745657670985,153.88769371258547
792,TiDE_PHYS,0,h091_180,6.311884524792933,6.833751860868221,-4.693147780219022,87.49231544070845,8.255406521691954,12.067660582576963,0.75,95.68491975004707,121.54051576635521,0.75,122.81026493736357,164.3839084998937,0.75,146.33745657670983,211.8991208120463
792,TiDE_PHYS,0,h181_293,14.633619842463952,15.857218895007216,-12.19669614439123,380.69386397888155,38.00825943325087,16.886219536603058,0.75,95.68491975004707,162.89979813942062,0.75,122.81026493736357,247.1024732460246,0.75,146.33745657670983,377.33625030430795
792,TiDE_PHYS,0,all,8.704271797472995,10.85966772616389,-6.288403319967835,181.25469558132406,65.00008750079787,13.226991821992293,0.7849829351535836,95.68491975004707,131.0294512188237,0.7994880546075085,122.81026493736358,185.09701716591132,0.8088737201365188,146.33745657670985,257.11024736357473
792,TiDE_PHYS,1,h001_030,4.743523388343106,6.0215306434009515,3.0680247563691156,48.63142727542575,29.84350338012247,9.227399370729241,1.0,95.68491975004704,95.68491975004704,1.0,122.81026493736357,122.81026493736357,1.0,146.33745657670983,146.33745657670983
792,TiDE_PHYS,1,h031_090,17.179307867368582,17.670957030753588,15.8542436591149,440.17646968284384,19.58963085851759,12.952363787158262,1.0,95.68491975004706,95.68491975004706,1.0,122.81026493736357,122.81026493736357,1.0,146.33745657670988,146.33745657670988
792,TiDE_PHYS,1,h091_180,25.327199985946166,25.558265503441277,22.291308902160566,875.3814351080767,9.292727353990598,17.039359667404746,0.8888888888888888,95.68491975004707,97.68215919834043,0.9694444444444444,122.81026493736357,123.41678836564398,0.9944444444444445,146.33745657670985,146.3947263151244
792,TiDE_PHYS,1,h181_293,24.15074311332023,24.490020379677993,15.695010760859914,729.052373974898,13.278729388334368,17.886678184607,0.7300884955752213,95.68491975004707,120.38335016713017,0.752212389380531,122.81026493736357,161.55217524991593,0.7588495575221239,146.33745657670985,206.63070420844048
792,TiDE_PHYS,1,all,21.097427113422352,22.757401486243964,16.460919383650474,645.1767181505932,78.25140984159047,15.729354311530344,0.8617747440273038,95.68491975004707,105.82373950252759,0.8950511945392492,122.81026493736358,137.9379883976491,0.9052901023890785,146.33745657670985,169.60807520757288
792,TiDE_PHYS,2,h001_030,7.884908543150752,8.892511190884488,6.14746372428886,121.99439384758973,26.36320565120878,10.050462137700103,1.0,95.68491975004704,95.68491975004704,1.0,122.81026493736356,122.81026493736356,1.0,146.33745657670983,146.33745657670983
792,TiDE_PHYS,2,h031_090,16.667908998681586,17.31801342666981,11.689679422919767,441.6554432739771,25.047436039255476,13.436459579942609,0.9458333333333333,95.68491975004706,96.69790719330206,0.9916666666666667,122.81026493736357,123.04582697811392,0.9958333333333333,146.33745657670988,146.47725777295705
792,TiDE_PHYS,2,h091_180,20.733914678210848,21.12961577605759,10.793700768749241,571.8435478907612,16.174462548136166,14.898767545813605,0.8444444444444444,95.68491975004707,98.64339838691014,0.9611111111111111,122.81026493736357,123.95422661199531,0.9888888888888889,146.33745657670985,146.77510231411642
792,TiDE_PHYS,2,h181_293,25.99169872062324,26.975649822152633,3.4077566383027706,780.9360703333617,50.44851735254073,17.867121538786634,0.7035398230088495,95.68491975004707,119.26192919983241,0.7876106194690266,122.81026493736357,155.6191103487681,0.8119469026548672,146.33745657670985,197.30430285589387
792,TiDE_PHYS,2,all,20.613433695170034,22.712712884355135,7.652949646482922,579.7640056986509,83.53728059011966,15.247697105575678,0.8267918088737201,95.68491975004707,105.89394497782428,0.9044368600682594,122.81026493736358,135.86313116483998,0.9232081911262798,146.33745657670985,166.15667097155358
792,G_CACHED,ensemble,h001_030,2.359655501662395,3.0593358041258845,1.0888072026921558,10.18239401545026,6.5231583513527145,7.469456461267654,0.9916666666666667,77.86861643419286,77.9571729884689,1.0,99.94328719269757,99.94328719269757,1.0,119.08977199222213,119.08977199222213
792,G_CACHED,ensemble,h031_090,7.001063101707707,10.32673146709201,6.326141925341033,127.54921704063905,74.09553938604324,10.082845061957432,0.8875,77.86861643419287,96.17642668887686,0.9041666666666667,99.94328719269757,129.71528363292867,0.9083333333333333,119.08977199222215,168.05001844662738
792,G_CACHED,ensemble,h091_180,18.146299032993657,18.306760257423804,18.137287110240855,462.14072239798526,3.706793598471173,18.25786591763258,0.5,77.86861643419286,156.2797811061915,0.5,99.9432871926976,223.73384890942214,0.5,119.08977199222215,309.370630910211
792,G_CACHED,ensemble,h181_293,24.590831974734616,25.257315436368945,22.442076651687447,812.3037219798481,31.98214546629868,23.34783783809524,0.4823008849557522,77.86861643419286,202.32534229568614,0.5,99.9432871926976,314.889702151867,0.5,119.08977199222214,491.6823373951006
792,G_CACHED,ensemble,all,16.733052482139165,19.372055889649246,15.633253355507115,482.39389229502854,123.02533359421246,17.442211624051772,0.6228668941979523,77.86861643419286,153.7107330032643,0.6339590443686007,99.9432871926976,226.96176921080414,0.6348122866894198,119.08977199222215,331.25991527006715
792,G_CACHED,0,h001_030,2.873889380695586,3.9537991691018486,0.6495159271201464,16.650391034688266,14.258412681665927,7.651565741915882,0.9666666666666667,77.86861643419286,78.61904044867954,0.9916666666666667,99.94328719269757,100.29256342731775,1.0,119.08977199222213,119.08977199222213
792,G_CACHED,0,h031_090,7.470554604921005,11.69874915965866,6.201494595050069,167.34821211318734,118.64557913750849,10.645468139886162,0.8791666666666667,77.86861643419287,101.6548310969523,0.8875,99.94328719269757,140.03323415591296,0.8958333333333334,119.08977199222215,187.3723516010685
792,G_CACHED,0,h091_180,15.048083875888434,15.430003707848517,14.824251455884323,326.323590830583,8.502976992317043,15.361224454339528,0.5,77.86861643419286,128.95470673532887,0.5444444444444445,99.9432871926976,169.61636715145133,0.6611111111111111,119.08977199222215,213.2507523851848
792,G_CACHED,0,h181_293,22.23909074929161,22.969957617231966,19.683093009850314,653.4574512557222,38.04487921773166,20.914471615667594,0.48008849557522126,77.86861643419286,178.20470963835965,0.5,99.9432871926976,266.69539111017923,0.502212389380531,119.08977199222214,395.31863419759173
792,G_CACHED,0,all,15.02319031131754,17.569959248179398,13.48104878723305,388.2260055443036,115.4427886327519,15.747851720517549,0.6177474402730376,77.86861643419286,137.2044944525316,0.643344709897611,99.9432871926976,193.9004204479699,0.68259385665529,119.08977199222215,268.5276711086187
792,G_CACHED,1,h001_030,1.9990874777054932,2.4563020620220035,1.3825635734270108,7.047687879004403,3.622227336223327,7.367286101366439,1.0,77.86861643419286,77.86861643419286,1.0,99.94328719269757,99.94328719269757,1.0,119.08977199222213,119.08977199222213
792,G_CACHED,1,h031_090,6.675636357915948,9.262732155080961,6.161607358493204,96.96603146504519,48.52314627747015,9.55129958094596,0.9041666666666667,77.86861643419287,90.00693955487183,0.925,99.94328719269757,118.96981137170272,0.925,119.08977199222215,148.7164865567674
792,G_CACHED,1,h091_180,19.45662823339252,19.633519564584624,19.45662823339252,489.2092614124152,6.642029168961453,18.96425827458556,0.5,77.86861643419286,161.14298266698816,0.5,99.9432871926976,233.4602520310155,0.5,119.08977199222215,328.8234371533977
792,G_CACHED,1,h181_293,23.753824974207546,24.57124229388939,22.70567385946767,752.5925863323037,27.164424309862564,22.809539157302574,0.48672566371681414,77.86861643419286,196.74504601698337,0.5,99.9432871926976,303.9021967667842,0.5,119.08977199222214,469.707326624935
792,G_CACHED,1,all,16.70917941603038,19.28663716048824,16.136556436305725,461.0962058257356,116.72237784997048,17.3322789330568,0.628839590443686,77.86861643419286,151.77997783708585,0.6382252559726962,99.9432871926976,223.51146148642013,0.6382252559726962,119.08977199222215,324.8010908040825
792,G_CACHED,2,h001_030,2.7506889231870435,3.5629671850010616,1.234342107529335,13.698957642942514,7.0084514151328,7.5703803153438365,0.9916666666666667,77.86861643419286,78.0172468204942,1.0,99.94328719269757,99.94328719269757,1.0,119.08977199222213,119.08977199222213
792,G_CACHED,2,h031_090,8.121401855963667,11.188623356909318,6.615323822479825,154.58054479646967,76.26427635302515,10.720353651567798,0.85,77.86861643419287,100.21038148934258,0.8666666666666667,99.94328719269757,135.08070280469968,0.8833333333333333,119.08977199222215,174.84810219639039
792,G_CACHED,2,h091_180,20.50196744378114,20.65144323250024,20.130981641445718,625.5141556125781,3.749988430761305,20.548471077009108,0.5,77.86861643419286,178.74165391625752,0.5,99.9432871926976,268.6575945295541,0.5,119.08977199222215,399.218122150475
792,G_CACHED,2,h181_293,27.966854342931555,28.58100275884957,24.937463085744362,1078.5764307667125,35.57419303221805,26.35998611823955,0.4823008849557522,77.86861643419286,232.08514932028208,0.5,99.9432871926976,374.07151857863767,0.5,119.08977199222214,610.0459702486419
792,G_CACHED,2,all,19.028110545204775,21.870874160788325,17.28215484298258,641.164546412447,152.2375799552342,19.44837357285417,0.6151877133105802,77.86861643419286,172.9198328315032,0.6262798634812287,99.9432871926976,264.68397915054214,0.629692832764505,119.08977199222215,405.8989929119091
972,TiDE_KIN,ensemble,h001_030,1.204290902301972,1.456294359607248,-0.4803001309774482,2.6021434380686306,1.3184187694095362,5.755300265148751,0.9916666666666667,61.077635203189686,61.08385373741989,1.0,78.39229609687466,78.39229609687466,1.0,93.4101822178778,93.4101822178778
972,TiDE_KIN,ensemble,h031_090,2.0315804068735988,2.2919134095499567,-0.16546273679746862,5.908510446618792,1.693747907337633,5.892744799821951,0.9916666666666667,61.077635203189686,61.091705018188,1.0,78.39229609687465,78.39229609687465,1.0,93.4101822178778,93.4101822178778
972,TiDE_KIN,ensemble,h091_180,3.245743304879876,3.7200272854762106,-2.172980434105703,16.534101520964406,4.289825121146343,6.441640856441035,0.8777777777777778,61.0776352031897,65.43034346896599,0.8944444444444444,78.39229609687465,84.08672762227496,0.9166666666666666,93.41018221787778,100.32549677345821
972,TiDE_KIN,ensemble,h181_293,7.700363634104503,7.9150414616272835,-5.621453847109903,101.2629940553055,2.8600140046355955,9.409028552913759,0.75,61.07763520318969,92.55545413113545,0.75,78.39229609687465,134.7360021313845,0.75,93.41018221787778,194.62786470419968
972,TiDE_KIN,ensemble,all,4.506080339844616,5.5340821410410435,-2.9185300065873854,45.60874537568432,18.934404998614294,7.403384298644121,0.863481228668942,61.0776352031897,74.5580721578127,0.871160409556314,78.39229609687465,101.8712640804434,0.8779863481228669,93.41018221787778,134.57051133377067
972,TiDE_KIN,0,h001_030,2.549534462276016,3.1042856187433623,-0.5406912466631448,10.900693439199442,7.529055091153277,6.07313103867352,0.9,61.077635203189686,62.270859593722584,0.9666666666666667,78.39229609687466,79.24452734087761,0.9833333333333334,93.4101822178778,94.11162326348312
972,TiDE_KIN,0,h031_090,3.5879958239364695,4.145975472040768,0.30703594220943575,18.125595626901323,8.228182932042259,6.388419881362112,0.8791666666666667,61.077635203189686,62.64404909463653,0.95,78.39229609687465,79.27962778768239,0.9875,93.4101822178778,93.60357027635496
972,TiDE_KIN,0,h091_180,5.806694129895293,6.266482338894075,2.2662373649424357,62.14435164924919,5.9275769160240905,7.94770553898816,0.75,61.0776352031897,68.04782505684484,0.8583333333333334,78.39229609687465,83.74839113916782,0.9222222222222223,93.41018221787778,98.23604631570132
972,TiDE_KIN,0,h181_293,11.817912310579548,12.086948739326235,4.036660254269361,237.3449899842343,5.486396553169829,12.950800288875568,0.5,61.077635203189686,116.329416458608,0.5022123893805309,78.39229609687465,162.56904482188358,0.5243362831858407,93.41018221787779,217.62781279931679
972,TiDE_KIN,0,all,7.337175242629808,8.75007816465022,2.2604279546413957,115.45232784109544,36.66148988489058,9.365983123528347,0.6953924914675768,61.0776352031897,84.970297093613,0.7508532423208192,78.39229609687465,112.7705486514854,0.78839590443686,93.41018221787779,142.91040931474984
972,TiDE_KIN,1,h001_030,2.3976386916687664,2.799807049962167,-2.2353913565713435,8.311723941248761,2.8091654282387206,6.021758828497753,0.9416666666666667,61.077635203189686,61.64284197358705,0.9833333333333334,78.39229609687465,78.55542803849723,1.0,93.41018221787779,93.41018221787779
972,TiDE_KIN,1,h031_090,4.136128102961073,4.477671705815003,-4.022513508177983,24.71473845144149,3.205076266482759,6.843545689755721,0.7791666666666667,61.077635203189686,64.49966737317068,0.8833333333333333,78.39229609687465,80.858844116362,0.9541666666666666,93.4101822178778,94.83699789002489
972,TiDE_KIN,1,h091_180,9.100132341500707,9.671197834769941,-9.088290171512623,108.50155949036889,10.46595452017595,8.89684546780546,0.7194444444444444,61.07763520318969,73.51768596691059,0.8361111111111111,78.39229609687465,96.08428351929021,0.8583333333333334,93.41018221787778,121.56526435446762
972,TiDE_KIN,1,h181_293,17.445959975678214,17.639590107197602,-17.445959975678214,361.55680601672015,6.491978154449095,14.21579209040048,0.5243362831858407,61.077635203189686,115.77862443892795,0.7389380530973452,78.39229609687465,172.10494967260482,0.75,93.41018221787778,269.0255215346449
972,TiDE_KIN,1,all,10.616048583325698,12.51483815424022,-10.572532914251173,178.68018928104615,51.53855270296573,10.233331414873792,0.6791808873720137,61.0776352031897,86.75372559801593,0.8233788395904437,78.39229609687465,120.49023316681604,0.8506825938566553,93.41018221787778,170.07946438653508
972,TiDE_KIN,2,h001_030,1.6204491468095616,1.8921617099311452,1.3351822103021476,3.858615977187024,1.6421088313844403,5.6700963684290215,1.0,61.077635203189686,61.077635203189686,1.0,78.39229609687465,78.39229609687465,1.0,93.4101822178778,93.4101822178778
972,TiDE_KIN,2,h031_090,3.603530456943637,3.8863960465190797,3.2190893555761426,21.142767259120923,2.8557137102477226,5.8280388747310905,1.0,61.07763520318969,61.07763520318969,1.0,78.39229609687465,78.39229609687465,1.0,93.4101822178778,93.4101822178778
972,TiDE_KIN,2,h091_180,4.745831762799437,5.233939422344141,0.30311150425307565,30.444863006139798,5.2512801670198765,6.39807028344975,0.9444444444444444,61.0776352031897,61.91492391861102,0.9694444444444444,78.39229609687465,79.01040126333397,0.9861111111111112,93.41018221787778,93.76421246688302
972,TiDE_KIN,2,h181_293,8.240879407303456,8.597567981184577,-3.455061819920851,83.64684713954911,6.544925776491365,8.744276712523499,0.75,61.077635203189686,81.73121083147468,0.754424778761062,78.39229609687465,113.14843118272232,0.7566371681415929,93.41018221787778,151.67139880699088
972,TiDE_KIN,2,all,5.539827759379334,6.643261806793339,-0.44348506015237676,46.336027004042656,22.293185030582872,7.111654667448358,0.886518771331058,61.0776352031897,69.30019503385223,0.8959044368600683,78.39229609687465,91.98640097633583,0.9018771331058021,93.41018221787778,115.9882716273667
972,BPLUS_CONTINUOUS,ensemble,h001_030,29.489551695485247,29.501872401937803,29.489551695485247,1159.1052061970054,0.4712024563603268,18.159796603326388,1.0,67.66110563524859,67.66110563524859,1.0,86.84208891773406,86.84208891773406,1.0,103.47873137893829,103.47873137893829
972,BPLUS_CONTINUOUS,ensemble,h031_090,33.3146066733015,33.444648625260974,33.3146066733015,1479.732217308091,3.553182014731748,21.120664384096873,0.6125,67.66110563524859,76.93957220911122,0.9791666666666666,86.84208891773406,87.79990874925723,0.9875,103.47873137893829,104.31868735404393
972,BPLUS_CONTINUOUS,ensemble,h091_180,59.780514347135615,61.29481989992612,59.780514347135615,3765.6932266419744,186.01795511639585,45.98527016779293,0.0,67.66110563524862,327.1607209303619,0.36666666666666664,86.84208891773405,462.6889741119245,0.5305555555555556,103.47873137893828,742.0554583345125
972,BPLUS_CONTINUOUS,ensemble,h181_293,86.49717446306809,86.71656074917937,86.49717446306809,7675.90995151961,38.99134773356652,72.03746994747425,0.0,67.66110563524865,594.3273220896865,0.06858407079646017,86.84208891773403,950.9177486549299,0.2234513274336283,103.47873137893829,1578.9101821018885
972,BPLUS_CONTINUOUS,ensemble,all,61.56310565471519,67.16738918938411,61.56310565471519,4538.72800049109,732.161729055623,48.09195283382785,0.22781569965870307,67.66110563524862,352.3879173429054,0.44197952218430037,86.84208891773405,535.7302746094462,0.5537542662116041,103.47873137893829,868.8236348472026
972,BPLUS_CONTINUOUS,0,h001_030,29.489551695485247,29.501872401937803,29.489551695485247,1159.1052061970054,0.4712024563603268,18.159796603326388,1.0,67.66110563524859,67.66110563524859,1.0,86.84208891773406,86.84208891773406,1.0,103.47873137893829,103.47873137893829
972,BPLUS_CONTINUOUS,0,h031_090,33.3146066733015,33.444648625260974,33.3146066733015,1479.732217308091,3.553182014731748,21.120664384096873,0.6125,67.66110563524859,76.93957220911122,0.9791666666666666,86.84208891773406,87.79990874925723,0.9875,103.47873137893829,104.31868735404393
972,BPLUS_CONTINUOUS,0,h091_180,59.780514347135615,61.29481989992612,59.780514347135615,3765.6932266419744,186.01795511639585,45.98527016779293,0.0,67.66110563524862,327.1607209303619,0.36666666666666664,86.84208891773405,462.6889741119245,0.5305555555555556,103.47873137893828,742.0554583345125
972,BPLUS_CONTINUOUS,0,h181_293,86.49717446306809,86.71656074917937,86.49717446306809,7675.90995151961,38.99134773356652,72.03746994747425,0.0,67.66110563524865,594.3273220896865,0.06858407079646017,86.84208891773403,950.9177486549299,0.2234513274336283,103.47873137893829,1578.9101821018885
972,BPLUS_CONTINUOUS,0,all,61.56310565471519,67.16738918938411,61.56310565471519,4538.72800049109,732.161729055623,48.09195283382785,0.22781569965870307,67.66110563524862,352.3879173429054,0.44197952218430037,86.84208891773405,535.7302746094462,0.5537542662116041,103.47873137893829,868.8236348472026
972,BPLUS_CONTINUOUS,1,h001_030,29.489551695485247,29.501872401937803,29.489551695485247,1159.1052061970054,0.4712024563603268,18.159796603326388,1.0,67.66110563524859,67.66110563524859,1.0,86.84208891773406,86.84208891773406,1.0,103.47873137893829,103.47873137893829
972,BPLUS_CONTINUOUS,1,h031_090,33.3146066733015,33.444648625260974,33.3146066733015,1479.732217308091,3.553182014731748,21.120664384096873,0.6125,67.66110563524859,76.93957220911122,0.9791666666666666,86.84208891773406,87.79990874925723,0.9875,103.47873137893829,104.31868735404393
972,BPLUS_CONTINUOUS,1,h091_180,59.780514347135615,61.29481989992612,59.780514347135615,3765.6932266419744,186.01795511639585,45.98527016779293,0.0,67.66110563524862,327.1607209303619,0.36666666666666664,86.84208891773405,462.6889741119245,0.5305555555555556,103.47873137893828,742.0554583345125
972,BPLUS_CONTINUOUS,1,h181_293,86.49717446306809,86.71656074917937,86.49717446306809,7675.90995151961,38.99134773356652,72.03746994747425,0.0,67.66110563524865,594.3273220896865,0.06858407079646017,86.84208891773403,950.9177486549299,0.2234513274336283,103.47873137893829,1578.9101821018885
972,BPLUS_CONTINUOUS,1,all,61.56310565471519,67.16738918938411,61.56310565471519,4538.72800049109,732.161729055623,48.09195283382785,0.22781569965870307,67.66110563524862,352.3879173429054,0.44197952218430037,86.84208891773405,535.7302746094462,0.5537542662116041,103.47873137893829,868.8236348472026
972,BPLUS_CONTINUOUS,2,h001_030,29.489551695485247,29.501872401937803,29.489551695485247,1159.1052061970054,0.4712024563603268,18.159796603326388,1.0,67.66110563524859,67.66110563524859,1.0,86.84208891773406,86.84208891773406,1.0,103.47873137893829,103.47873137893829
972,BPLUS_CONTINUOUS,2,h031_090,33.3146066733015,33.444648625260974,33.3146066733015,1479.732217308091,3.553182014731748,21.120664384096873,0.6125,67.66110563524859,76.93957220911122,0.9791666666666666,86.84208891773406,87.79990874925723,0.9875,103.47873137893829,104.31868735404393
972,BPLUS_CONTINUOUS,2,h091_180,59.780514347135615,61.29481989992612,59.780514347135615,3765.6932266419744,186.01795511639585,45.98527016779293,0.0,67.66110563524862,327.1607209303619,0.36666666666666664,86.84208891773405,462.6889741119245,0.5305555555555556,103.47873137893828,742.0554583345125
972,BPLUS_CONTINUOUS,2,h181_293,86.49717446306809,86.71656074917937,86.49717446306809,7675.90995151961,38.99134773356652,72.03746994747425,0.0,67.66110563524865,594.3273220896865,0.06858407079646017,86.84208891773403,950.9177486549299,0.2234513274336283,103.47873137893829,1578.9101821018885
972,BPLUS_CONTINUOUS,2,all,61.56310565471519,67.16738918938411,61.56310565471519,4538.72800049109,732.161729055623,48.09195283382785,0.22781569965870307,67.66110563524862,352.3879173429054,0.44197952218430037,86.84208891773405,535.7302746094462,0.5537542662116041,103.47873137893829,868.8236348472026
972,DRIFT1,ensemble,h001_030,0.409679431830151,0.519430972576819,-0.053124961436052345,0.2910032840062268,0.11049120992032983,1.3564136832317448,1.0,14.57471637624883,14.57471637624883,1.0,18.706445950205875,18.706445950205875,1.0,22.290105174343523,22.290105174343523
972,DRIFT1,ensemble,h031_090,2.3281726938345484,2.578327943896736,-0.6070225286193828,7.9758868059127215,1.46612007927036,2.200107380593461,0.7958333333333334,14.57471637624883,18.621290141023422,0.8208333333333333,18.706445950205875,25.001889174551668,0.8416666666666667,22.290105174343527,32.13181858771245
972,DRIFT1,ensemble,h091_180,8.363733852812146,8.639513824230031,-3.5920915529868833,90.20600777841071,5.825672410412832,6.665025234573243,0.31666666666666665,14.57471637624883,50.913343108884376,0.3833333333333333,18.706445950205875,71.79223683402073,0.5555555555555556,22.290105174343523,108.12991823027549
972,DRIFT1,ensemble,h181_293,14.389589417738138,14.725053359223002,-0.5658684726806786,226.46675967247756,10.04117942882797,11.401927799816765,0.07743362831858407,14.57471637624883,87.71087534038827,0.14380530973451328,18.706445950205875,130.58182125470037,0.4092920353982301,22.290105174343523,200.96247918123032
972,DRIFT1,ensemble,all,8.637339233933382,10.594506460633188,-1.4513531663548842,116.7118356652624,40.84563437085946,7.034023774141454,0.3924914675767918,14.57471637624883,54.771497245775905,0.4436860068259386,18.706445950205875,79.44830664103168,0.6032423208191127,22.290105174343523,119.58042682149102
972,DRIFT1,0,h001_030,0.409679431830151,0.519430972576819,-0.053124961436052345,0.2910032840062268,0.11049120992032983,1.3564136832317448,1.0,14.57471637624883,14.57471637624883,1.0,18.706445950205875,18.706445950205875,1.0,22.290105174343523,22.290105174343523
972,DRIFT1,0,h031_090,2.3281726938345484,2.578327943896736,-0.6070225286193828,7.9758868059127215,1.46612007927036,2.200107380593461,0.7958333333333334,14.57471637624883,18.621290141023422,0.8208333333333333,18.706445950205875,25.001889174551668,0.8416666666666667,22.290105174343527,32.13181858771245
972,DRIFT1,0,h091_180,8.363733852812146,8.639513824230031,-3.5920915529868833,90.20600777841071,5.825672410412832,6.665025234573243,0.31666666666666665,14.57471637624883,50.913343108884376,0.3833333333333333,18.706445950205875,71.79223683402073,0.5555555555555556,22.290105174343523,108.12991823027549
972,DRIFT1,0,h181_293,14.389589417738138,14.725053359223002,-0.5658684726806786,226.46675967247756,10.04117942882797,11.401927799816765,0.07743362831858407,14.57471637624883,87.71087534038827,0.14380530973451328,18.706445950205875,130.58182125470037,0.4092920353982301,22.290105174343523,200.96247918123032
972,DRIFT1,0,all,8.637339233933382,10.594506460633188,-1.4513531663548842,116.7118356652624,40.84563437085946,7.034023774141454,0.3924914675767918,14.57471637624883,54.771497245775905,0.4436860068259386,18.706445950205875,79.44830664103168,0.6032423208191127,22.290105174343523,119.58042682149102
972,DRIFT1,1,h001_030,0.409679431830151,0.519430972576819,-0.053124961436052345,0.2910032840062268,0.11049120992032983,1.3564136832317448,1.0,14.57471637624883,14.57471637624883,1.0,18.706445950205875,18.706445950205875,1.0,22.290105174343523,22.290105174343523
972,DRIFT1,1,h031_090,2.3281726938345484,2.578327943896736,-0.6070225286193828,7.9758868059127215,1.46612007927036,2.200107380593461,0.7958333333333334,14.57471637624883,18.621290141023422,0.8208333333333333,18.706445950205875,25.001889174551668,0.8416666666666667,22.290105174343527,32.13181858771245
972,DRIFT1,1,h091_180,8.363733852812146,8.639513824230031,-3.5920915529868833,90.20600777841071,5.825672410412832,6.665025234573243,0.31666666666666665,14.57471637624883,50.913343108884376,0.3833333333333333,18.706445950205875,71.79223683402073,0.5555555555555556,22.290105174343523,108.12991823027549
972,DRIFT1,1,h181_293,14.389589417738138,14.725053359223002,-0.5658684726806786,226.46675967247756,10.04117942882797,11.401927799816765,0.07743362831858407,14.57471637624883,87.71087534038827,0.14380530973451328,18.706445950205875,130.58182125470037,0.4092920353982301,22.290105174343523,200.96247918123032
972,DRIFT1,1,all,8.637339233933382,10.594506460633188,-1.4513531663548842,116.7118356652624,40.84563437085946,7.034023774141454,0.3924914675767918,14.57471637624883,54.771497245775905,0.4436860068259386,18.706445950205875,79.44830664103168,0.6032423208191127,22.290105174343523,119.58042682149102
972,DRIFT1,2,h001_030,0.409679431830151,0.519430972576819,-0.053124961436052345,0.2910032840062268,0.11049120992032983,1.3564136832317448,1.0,14.57471637624883,14.57471637624883,1.0,18.706445950205875,18.706445950205875,1.0,22.290105174343523,22.290105174343523
972,DRIFT1,2,h031_090,2.3281726938345484,2.578327943896736,-0.6070225286193828,7.9758868059127215,1.46612007927036,2.200107380593461,0.7958333333333334,14.57471637624883,18.621290141023422,0.8208333333333333,18.706445950205875,25.001889174551668,0.8416666666666667,22.290105174343527,32.13181858771245
972,DRIFT1,2,h091_180,8.363733852812146,8.639513824230031,-3.5920915529868833,90.20600777841071,5.825672410412832,6.665025234573243,0.31666666666666665,14.57471637624883,50.913343108884376,0.3833333333333333,18.706445950205875,71.79223683402073,0.5555555555555556,22.290105174343523,108.12991823027549
972,DRIFT1,2,h181_293,14.389589417738138,14.725053359223002,-0.5658684726806786,226.46675967247756,10.04117942882797,11.401927799816765,0.07743362831858407,14.57471637624883,87.71087534038827,0.14380530973451328,18.706445950205875,130.58182125470037,0.4092920353982301,22.290105174343523,200.96247918123032
972,DRIFT1,2,all,8.637339233933382,10.594506460633188,-1.4513531663548842,116.7118356652624,40.84563437085946,7.034023774141454,0.3924914675767918,14.57471637624883,54.771497245775905,0.4436860068259386,18.706445950205875,79.44830664103168,0.6032423208191127,22.290105174343523,119.58042682149102
972,RR_COND,ensemble,h001_030,9.959823938706602,10.396658261013863,9.415065264716029,158.63898471144654,5.93613649300611,7.98280226061261,1.0,66.79237283582665,66.79237283582665,1.0,85.72708244089854,85.72708244089854,1.0,102.15011921471984,102.15011921471984
972,RR_COND,ensemble,h031_090,17.025138933641927,17.88676711290126,16.903643903202934,397.9185890716711,20.763164046373433,11.680595557142954,0.7625,66.79237283582667,75.75402052862796,0.9458333333333333,85.72708244089853,94.63547625835122,0.9541666666666666,102.15011921471981,114.13819687033762
972,RR_COND,ensemble,h091_180,49.12388898292846,50.208225860669,49.12388898292846,2552.430678599801,112.16383771404,36.91661338331964,0.3611111111111111,66.79237283582664,254.784896736373,0.4944444444444444,85.72708244089853,393.6876037150733,0.5361111111111111,102.15011921471985,631.0768125275176
972,RR_COND,ensemble,h181_293,61.8410184057156,61.97537544193152,61.8410184057156,3946.3166810535276,15.703528385764917,48.648001951284286,0.19690265486725664,66.7923728358266,359.86002924448644,0.3827433628318584,85.72708244089853,563.3666854418033,0.5,102.15011921471988,947.0972496901572
972,RR_COND,ensemble,all,43.44535202214723,48.58824759015907,43.36469515509584,2403.709320541551,501.2083967946428,33.31071408273327,0.44539249146757676,66.79237283582664,239.39875913888406,0.5955631399317406,85.72708244089853,366.35583903757134,0.6552901023890785,102.15011921471985,592.9409478878027
972,RR_COND,0,h001_030,9.959823938706602,10.396658261013863,9.415065264716029,158.63898471144654,5.93613649300611,7.98280226061261,1.0,66.79237283582665,66.79237283582665,1.0,85.72708244089854,85.72708244089854,1.0,102.15011921471984,102.15011921471984
972,RR_COND,0,h031_090,17.025138933641927,17.88676711290126,16.903643903202934,397.9185890716711,20.763164046373433,11.680595557142954,0.7625,66.79237283582667,75.75402052862796,0.9458333333333333,85.72708244089853,94.63547625835122,0.9541666666666666,102.15011921471981,114.13819687033762
972,RR_COND,0,h091_180,49.12388898292846,50.208225860669,49.12388898292846,2552.430678599801,112.16383771404,36.91661338331964,0.3611111111111111,66.79237283582664,254.784896736373,0.4944444444444444,85.72708244089853,393.6876037150733,0.5361111111111111,102.15011921471985,631.0768125275176
972,RR_COND,0,h181_293,61.8410184057156,61.97537544193152,61.8410184057156,3946.3166810535276,15.703528385764917,48.648001951284286,0.19690265486725664,66.7923728358266,359.86002924448644,0.3827433628318584,85.72708244089853,563.3666854418033,0.5,102.15011921471988,947.0972496901572
972,RR_COND,0,all,43.44535202214723,48.58824759015907,43.36469515509584,2403.709320541551,501.2083967946428,33.31071408273327,0.44539249146757676,66.79237283582664,239.39875913888406,0.5955631399317406,85.72708244089853,366.35583903757134,0.6552901023890785,102.15011921471985,592.9409478878027
972,RR_COND,1,h001_030,9.959823938706602,10.396658261013863,9.415065264716029,158.63898471144654,5.93613649300611,7.98280226061261,1.0,66.79237283582665,66.79237283582665,1.0,85.72708244089854,85.72708244089854,1.0,102.15011921471984,102.15011921471984
972,RR_COND,1,h031_090,17.025138933641927,17.88676711290126,16.903643903202934,397.9185890716711,20.763164046373433,11.680595557142954,0.7625,66.79237283582667,75.75402052862796,0.9458333333333333,85.72708244089853,94.63547625835122,0.9541666666666666,102.15011921471981,114.13819687033762
972,RR_COND,1,h091_180,49.12388898292846,50.208225860669,49.12388898292846,2552.430678599801,112.16383771404,36.91661338331964,0.3611111111111111,66.79237283582664,254.784896736373,0.4944444444444444,85.72708244089853,393.6876037150733,0.5361111111111111,102.15011921471985,631.0768125275176
972,RR_COND,1,h181_293,61.8410184057156,61.97537544193152,61.8410184057156,3946.3166810535276,15.703528385764917,48.648001951284286,0.19690265486725664,66.7923728358266,359.86002924448644,0.3827433628318584,85.72708244089853,563.3666854418033,0.5,102.15011921471988,947.0972496901572
972,RR_COND,1,all,43.44535202214723,48.58824759015907,43.36469515509584,2403.709320541551,501.2083967946428,33.31071408273327,0.44539249146757676,66.79237283582664,239.39875913888406,0.5955631399317406,85.72708244089853,366.35583903757134,0.6552901023890785,102.15011921471985,592.9409478878027
972,RR_COND,2,h001_030,9.959823938706602,10.396658261013863,9.415065264716029,158.63898471144654,5.93613649300611,7.98280226061261,1.0,66.79237283582665,66.79237283582665,1.0,85.72708244089854,85.72708244089854,1.0,102.15011921471984,102.15011921471984
972,RR_COND,2,h031_090,17.025138933641927,17.88676711290126,16.903643903202934,397.9185890716711,20.763164046373433,11.680595557142954,0.7625,66.79237283582667,75.75402052862796,0.9458333333333333,85.72708244089853,94.63547625835122,0.9541666666666666,102.15011921471981,114.13819687033762
972,RR_COND,2,h091_180,49.12388898292846,50.208225860669,49.12388898292846,2552.430678599801,112.16383771404,36.91661338331964,0.3611111111111111,66.79237283582664,254.784896736373,0.4944444444444444,85.72708244089853,393.6876037150733,0.5361111111111111,102.15011921471985,631.0768125275176
972,RR_COND,2,h181_293,61.8410184057156,61.97537544193152,61.8410184057156,3946.3166810535276,15.703528385764917,48.648001951284286,0.19690265486725664,66.7923728358266,359.86002924448644,0.3827433628318584,85.72708244089853,563.3666854418033,0.5,102.15011921471988,947.0972496901572
972,RR_COND,2,all,43.44535202214723,48.58824759015907,43.36469515509584,2403.709320541551,501.2083967946428,33.31071408273327,0.44539249146757676,66.79237283582664,239.39875913888406,0.5955631399317406,85.72708244089853,366.35583903757134,0.6552901023890785,102.15011921471985,592.9409478878027
972,TiDE_PHYS,ensemble,h001_030,2.0664243569926715,2.4598559274827463,1.5002163393476535,7.265263104075544,2.8146643352116834,4.0612572553472415,0.8333333333333334,37.83535189508626,40.83186199867296,0.875,48.56114842727493,52.59044411041359,0.9083333333333333,57.86417733823731,63.289266522240055
972,TiDE_PHYS,ensemble,h031_090,8.715897214716712,9.141958776266605,8.715897214716712,90.50088541481882,7.52164399663431,7.261698037609692,0.6333333333333333,37.83535189508626,58.43124512151359,0.7083333333333334,48.56114842727494,80.28145758628989,0.75,57.86417733823731,113.73509510675024
972,TiDE_PHYS,ensemble,h091_180,13.120324527896665,13.276963515693852,13.120324527896665,199.80636407340836,3.760932097524102,10.39011013179996,0.5,37.835351895086255,83.95264208414164,0.5083333333333333,48.56114842727493,118.67853275110488,0.6166666666666667,57.86417733823731,166.55949429192032
972,TiDE_PHYS,ensemble,h181_293,13.154818942639023,13.28957338389387,13.154818942639023,203.0583019586873,2.647179825832062,10.208576964417965,0.7035398230088495,37.835351895086255,78.19757236632506,0.75,48.561148427274915,124.21303955262134,0.75,57.864177338237305,203.22483314707395
972,TiDE_PHYS,ensemble,all,11.099898674476766,12.114521209952596,11.041925157311749,158.9630440476103,26.52952909027476,9.031463169823294,0.6399317406143344,37.835351895086255,72.09178850586514,0.6800341296928327,48.56114842727492,106.18342046257834,0.7252559726962458,57.864177338237305,159.3090250305952
972,TiDE_PHYS,0,h001_030,2.295766099606405,2.794945148914789,0.47975392946145606,7.987209636251054,6.414549730938546,3.974197413501943,0.8916666666666666,37.83535189508626,40.177863793737195,0.9166666666666666,48.56114842727493,51.976491602154475,0.9333333333333333,57.86417733823731,63.02650769534081
972,TiDE_PHYS,0,h031_090,9.133072225603069,10.105510004757372,9.103368557767025,112.55220192947245,18.307928621801636,8.019064246841854,0.6458333333333334,37.83535189508626,67.35067804942463,0.7041666666666666,48.56114842727494,98.27604617362432,0.7375,57.86417733823732,147.85110299848228
972,TiDE_PHYS,0,h091_180,17.333243145630377,17.52550727897374,17.333243145630377,347.0158247465296,6.635288898177354,13.835901541437558,0.5,37.83535189508626,115.27272729982835,0.5083333333333333,48.56114842727493,181.32880043473085,0.6027777777777777,57.86417733823731,291.0808992499343
972,TiDE_PHYS,0,h181_293,20.582073596292005,20.69414801224942,20.582073596292005,526.9202480516636,4.128582941273307,15.994162930986814,0.6769911504424779,37.835351895086255,127.29881899128702,0.7345132743362832,48.56114842727492,221.15099488814343,0.75,57.86417733823731,396.7039434059422
972,TiDE_PHYS,0,all,15.367315754307533,17.043946882248456,15.175293279309203,333.6729032828721,67.76829325965244,12.46737654316198,0.6382252559726962,37.835351895086255,102.40849351459924,0.6774744027303754,48.56114842727492,166.4351944708808,0.7209897610921502,57.864177338237305,279.13545374790004
972,TiDE_PHYS,1,h001_030,1.4529290461687447,1.7780228349829224,0.6308768989823359,3.316750609723716,2.7760098481653195,3.597164934238375,1.0,37.83535189508626,37.83535189508626,1.0,48.56114842727493,48.56114842727493,1.0,57.86417733823731,57.86417733823731
972,TiDE_PHYS,1,h031_090,3.0425525337289963,3.4989040042508446,-0.5237781457636149,14.128746495474324,3.46466287478211,3.923420229098678,0.9583333333333334,37.83535189508626,38.105174417196345,0.9791666666666666,48.56114842727494,48.760287371292506,0.9916666666666667,57.86417733823732,57.96837356676302
972,TiDE_PHYS,1,h091_180,8.81197446715923,9.144143326721235,-5.666706092425974,108.21118638347849,6.152999027813205,6.046593044769722,0.7888888888888889,37.83535189508626,42.516485944010086,0.8111111111111111,48.56114842727493,55.201696406863945,0.8527777777777777,57.86417733823731,67.18895605407798
972,TiDE_PHYS,1,h181_293,8.038465740180017,8.350080922244688,-7.923655598830903,139.06673885298255,3.1843221535077855,5.858033213187351,0.9446902654867256,37.83535189508626,38.480352112791714,0.9690265486725664,48.56114842727493,49.29910045631918,0.9800884955752213,57.86417733823731,58.78589778502401
972,TiDE_PHYS,1,all,6.5787213450289235,7.667474936111345,-4.839170692022445,90.10503608505209,29.375124785391073,5.2882979143089335,0.9052901023890785,37.83535189508626,39.57725100884212,0.9257679180887373,48.56114842727493,50.9262891579441,0.9453924914675768,57.86417733823731,61.105256753336626
972,TiDE_PHYS,2,h001_030,4.730982122134,5.5515564690070445,3.3900181895991857,34.78932726381639,12.689572772444087,5.38773903121513,0.7583333333333333,37.83535189508626,48.843110870958895,0.7833333333333333,48.56114842727493,67.40487886100406,0.8,57.86417733823731,90.5723256819133
972,TiDE_PHYS,2,h031_090,17.56810123214672,18.203216763124143,17.56810123214672,337.2686789619569,22.620297035109225,12.88620515020183,0.5041666666666667,37.83535189508626,93.14084844988355,0.5416666666666666,48.56114842727493,138.900080006937,0.6041666666666666,57.86417733823731,209.79100514972717
972,TiDE_PHYS,2,h091_180,27.69443653048561,28.004736478949322,27.69443653048561,818.1404686233842,17.641449543873126,20.795393707538725,0.3194444444444444,37.835351895086255,143.546747467842,0.4638888888888889,48.56114842727493,218.03925637637883,0.5,57.86417733823731,354.50033579102956
972,TiDE_PHYS,2,h181_293,26.806038830455968,27.01663343297591,26.806038830455968,799.2883554803093,10.905779862088567,19.738941414710613,0.2323008849557522,37.83535189508626,134.09153855816896,0.29646017699115046,48.56114842727493,178.19211977412306,0.4911504424778761,57.86417733823731,249.10535181117268
972,TiDE_PHYS,2,all,22.92695294600018,24.56475777544025,22.789652884648493,632.1912180921893,92.54069385313267,17.19075185491245,0.3686006825938567,37.835351895086255,119.88155413754488,0.44795221843003413,48.56114842727493,171.04229957200116,0.5486348122866894,57.86417733823731,257.19646776551605
972,G_CACHED,ensemble,h001_030,1.980036336946983,2.241698725788521,-1.957688587641945,5.2084936151480505,1.1290988874132262,4.679283067182855,0.875,46.92211453590229,48.091011305669724,0.9166666666666666,60.22388201430927,61.10495929780461,0.975,71.76118155631974,71.92990796581506
972,G_CACHED,ensemble,h031_090,2.9786754995208726,3.3871182057445504,0.4289970489692363,12.471251357451722,3.060927548076672,5.0263479214997755,0.8208333333333333,46.922114535902296,50.75099297942242,0.8541666666666667,60.22388201430928,65.42218374864727,0.8791666666666667,71.76118155631976,78.56180377653591
972,G_CACHED,ensemble,h091_180,18.394363471591713,20.285774962163956,17.346610664351882,565.517823537019,104.35913563023483,16.330627982867664,0.6166666666666667,46.922114535902296,140.04031042145863,0.6527777777777778,60.22388201430926,229.12716543305916,0.7083333333333334,71.76118155631976,389.1750899810925
972,G_CACHED,ensemble,h181_293,30.64016086465474,31.211852818955307,28.562397172540138,1474.4545454454246,20.996907199951718,27.89245592510771,0.5,46.922114535902274,252.39773313556344,0.5,60.22388201430927,437.8567433246238,0.5,71.76118155631977,769.2294598134397
972,G_CACHED,ensemble,all,18.279701400098638,22.660456424900065,16.231245752892832,745.4419714797484,315.1605605493784,17.281786366214103,0.6399317406143344,46.92211453590229,155.67358942042793,0.6621160409556314,60.22388201430927,258.9001252167604,0.6902730375426621,71.76118155631977,439.65970144294755
972,G_CACHED,0,h001_030,2.382644813152049,2.6971442032098434,-1.264989917140483,7.564482692773711,5.652212590829807,4.6844949129302,0.8833333333333333,46.92211453590229,48.56744482652765,0.9083333333333333,60.22388201430927,61.914713229487006,0.9416666666666667,71.76118155631974,73.15386034080728
972,G_CACHED,0,h031_090,3.135408673054954,3.7783817733827716,1.2088047109385256,15.114114367433466,6.760526851796919,5.024156929931196,0.8416666666666667,46.922114535902296,50.674126277287954,0.8625,60.223882014309275,65.46704150996408,0.8958333333333334,71.76118155631976,78.97458893628519
972,G_CACHED,0,h091_180,18.378087954229976,20.6511565357235,13.662726402852039,534.250071163367,115.91092609338318,15.616475526835623,0.625,46.92211453590229,133.73092855460317,0.6527777777777778,60.223882014309254,215.09415728597907,0.6916666666666667,71.76118155631974,356.6003567354243
972,G_CACHED,0,h181_293,32.788993906541606,33.93677527444653,27.534692773803158,1600.9887881182462,47.393652513685915,29.128795278226395,0.5,46.92211453590226,261.3238376997886,0.5,60.22388201430926,455.70895245307406,0.5,71.76118155631977,804.9338780703404
972,G_CACHED,0,all,19.176751167569144,24.188810447287448,14.933939402179307,785.4198662283075,335.0143948066519,17.539320570097498,0.6476109215017065,46.92211453590228,157.21108584103584,0.6629692832764505,60.22388201430926,261.5667224246346,0.6851535836177475,71.76118155631976,443.6336227799931
972,G_CACHED,1,h001_030,3.3654720032521377,3.7508841043984895,-3.3654720032521377,14.62074880243355,2.9989398634073448,4.956751447670324,0.8166666666666667,46.92211453590229,49.51713957681371,0.8583333333333334,60.22388201430927,62.917029378647726,0.8833333333333333,71.76118155631974,73.72575479072697
972,G_CACHED,1,h031_090,3.499701540335133,4.073261144653465,-2.8816249217516567,17.418197725910616,6.483371413016461,5.393669837345744,0.7666666666666666,46.922114535902296,53.902367615772775,0.7708333333333334,60.223882014309275,70.6514332263441,0.7916666666666667,71.76118155631976,86.67130883398497
972,G_CACHED,1,h091_180,16.298017683153326,18.728580489157107,14.732054756866935,466.7712912910009,113.44837390577027,14.761191284363312,0.6555555555555556,46.922114535902296,128.7347187875601,0.7111111111111111,60.22388201430926,211.03733066168752,0.7222222222222222,71.76118155631976,357.2267005838052
972,G_CACHED,1,h181_293,32.58391628845569,33.20431140275238,32.17099637302566,1553.278089133912,38.83253794850661,28.849911821461532,0.5,46.92211453590227,253.58613897486592,0.5,60.223882014309254,440.23355500322873,0.5,71.76118155631977,773.9830831706496
972,G_CACHED,1,all,18.63396035698623,23.364864666588215,15.997767450058912,747.4865345254258,355.0830483995236,17.2725938057635,0.6348122866894198,46.92211453590228,153.45056190884313,0.6569965870307167,60.22388201430927,255.51654726913583,0.6672354948805461,71.76118155631976,433.5240362613884
972,G_CACHED,2,h001_030,2.0094367220828535,2.382675667403823,-1.2426038425332209,5.8782080963749666,2.8289368549535556,4.6762199074463835,0.8583333333333334,46.92211453590229,48.02760734892197,0.9583333333333334,60.22388201430927,60.81082352799724,0.9833333333333334,71.76118155631974,72.0694045839981
972,G_CACHED,2,h031_090,5.4942704877203665,5.980622473785169,2.959811357720825,44.104489959456416,7.921696920362257,5.456715016724718,0.8,46.922114535902296,50.588174117779346,0.8291666666666666,60.223882014309275,64.67257277090002,0.8625,71.76118155631976,76.53407897714251
972,G_CACHED,2,h091_180,23.71992393073914,25.66378266755776,23.64505083333669,803.8240329499238,108.13835646240139,19.73842479022113,0.5527777777777778,46.92211453590228,160.024836105374,0.6361111111111111,60.223882014309254,265.28008757268583,0.6972222222222222,71.76118155631976,458.3121083675211
972,G_CACHED,2,h181_293,29.16300951429061,29.77044328968334,25.98150237079159,1363.3764582466074,15.69498413726487,26.629824898200244,0.5,46.922114535902274,242.28322273203582,0.5,60.223882014309254,417.6277225175685,0.5,71.76118155631976,728.7714181993292
972,G_CACHED,2,all,19.86400191060433,24.207833649593248,17.762030406440285,782.3492095147387,315.917878637992,17.929412774209567,0.6143344709897611,46.92211453590229,157.8715293028605,0.6561433447098977,60.22388201430926,262.0198621096275,0.6843003412969283,71.76118155631976,444.8921054121147
1168,TiDE_KIN,ensemble,h001_030,1.30005829036903,1.423929767699057,-1.2302090538119885,2.1689968864269753,0.5025472785744837,1.1370848951579564,1.0,9.534813583141329,9.534813583141329,1.0,12.237800745748046,12.237800745748046,1.0,14.582239002079376,14.582239002079376
1168,TiDE_KIN,ensemble,h031_090,1.2087406223233306,1.3707777576835893,-1.101393020499574,2.034189512670308,0.7432433845377266,1.123226268963386,1.0,9.534813583141329,9.534813583141329,1.0,12.237800745748046,12.237800745748046,1.0,14.582239002079376,14.582239002079376
1168,TiDE_KIN,ensemble,h091_180,2.909653572383276,3.343828023390625,1.1539247407405397,12.531477270232044,4.004189860717956,2.0708811008782084,0.8055555555555556,9.534813583141329,13.84874181798279,0.8805555555555555,12.237800745748046,18.026903526780885,0.8944444444444444,14.582239002079376,22.838258294056466
1168,TiDE_KIN,ensemble,h181_293,9.734185355137091,11.57475057839247,-6.47620315928048,165.82173793119594,53.501550570375585,7.922461216832666,0.27876106194690264,9.534813583141329,63.3419506079022,0.4026548672566372,12.237800745748046,100.63600841078757,0.48893805309734517,14.582239002079376,163.48719284381227
1168,TiDE_KIN,ensemble,all,5.028525435820671,7.540028689640435,-2.4947016490661422,68.43962668224931,46.66547186561654,4.037964298886252,0.6621160409556315,9.534813583141329,31.611468958341703,0.7329351535836177,12.237800745748046,48.108164965688054,0.7704778156996587,14.582239002079376,74.54572541980549
1168,TiDE_KIN,0,h001_030,1.4646461038209413,1.7085024933345272,-1.2066970163912136,3.267509409216096,1.2808738891590168,1.2984171486383258,0.925,9.534813583141329,9.984618946691995,0.975,12.237800745748046,12.370335497252702,1.0,14.582239002079376,14.582239002079376
1168,TiDE_KIN,0,h031_090,1.9994549907637564,2.2641196473928553,-1.9085102994783907,5.935286478728981,1.535465295851936,1.6099165370081296,0.8291666666666666,9.534813583141329,11.147392338512624,0.9125,12.237800745748046,13.248124804172454,0.9708333333333333,14.582239002079376,14.991338061666955
1168,TiDE_KIN,0,h091_180,3.273178523401166,3.7970622801376526,0.9527020923865357,16.25982745700115,9.78431156989953,2.4339322070402467,0.6888888888888889,9.534813583141329,17.02372068184824,0.7833333333333333,12.237800745748046,21.87493265630984,0.8472222222222222,14.582239002079376,27.499370403444267
1168,TiDE_KIN,0,h181_293,9.628492776883187,11.132846647878727,-3.8076212718678972,149.2625657092974,50.78716680581803,7.783995489185765,0.23008849557522124,9.534813583141329,62.02821098671528,0.3008849557522124,12.237800745748046,96.07484549204443,0.3783185840707965,14.582239002079376,149.36796925799382
1168,TiDE_KIN,0,all,5.278199431584842,7.464709756809439,-1.6902032213881366,64.10988691904754,45.001824447230916,4.212262442290959,0.5648464163822525,9.534813583141329,32.4563304149375,0.643344709897611,12.237800745748046,47.7515325352793,0.7073378839590444,14.582239002079376,70.61594305879072
1168,TiDE_KIN,1,h001_030,1.2791926320003673,1.5876852115594415,-1.2056280873385532,2.8191634365108915,1.1423091015087519,1.1769709083948363,0.9833333333333334,9.534813583141329,9.594559486390509,1.0,12.237800745748046,12.237800745748046,1.0,14.582239002079376,14.582239002079376
1168,TiDE_KIN,1,h031_090,0.8330343289404344,1.0521081582578855,0.3146811219429509,1.2016336879842524,0.8565005732955899,1.0137697483146229,1.0,9.534813583141329,9.534813583141329,1.0,12.237800745748046,12.237800745748046,1.0,14.582239002079376,14.582239002079376
1168,TiDE_KIN,1,h091_180,2.759520237730868,3.078845872926702,1.9147519231753791,11.475456819850335,1.9723216883223298,2.000889897595445,0.7527777777777778,9.534813583141329,12.38058551771795,0.8944444444444445,12.237800745748046,14.039523838965774,0.9527777777777777,14.582239002079376,15.924431838242617
1168,TiDE_KIN,1,h181_293,10.792835014496848,13.013456738244269,-9.204729239485578,201.03585820758565,62.139291714440745,9.030123342545846,0.2942477876106195,9.534813583141329,75.08180395298027,0.3716814159292035,12.237800745748046,125.09493066521466,0.41371681415929207,14.582239002079376,211.50477851399114
1168,TiDE_KIN,1,all,5.3116212175097575,8.417657911190355,-3.020801045323091,81.59220483146107,59.83961812192779,4.425321981713287,0.6501706484641638,9.534813583141329,35.694273525124856,0.7252559726962458,12.237800745748046,56.316335760387375,0.7593856655290102,14.582239002079376,90.9407520399658
1168,TiDE_KIN,2,h001_030,1.6483795677962387,1.8872822708348882,-1.2783020577061601,3.877599165448487,2.078129800033834,1.3093056152371565,0.975,9.534813583141329,9.583735927131041,1.0,12.237800745748046,12.237800745748046,1.0,14.582239002079376,14.582239002079376
1168,TiDE_KIN,2,h031_090,2.050637333275247,2.337637091048784,-1.7103498839632865,6.19883449951434,2.530226427644115,1.5064522275181884,0.8916666666666666,9.534813583141329,10.287745711276209,0.9625,12.237800745748046,12.644295888650475,0.9916666666666667,14.582239002079376,14.762174184789538
1168,TiDE_KIN,2,h091_180,3.58500811677567,4.08685368185944,0.5943202066597144,19.5168837621032,5.799385969250959,2.4953522859092443,0.8,9.534813583141329,15.953809787482573,0.8638888888888889,12.237800745748046,22.055138021673915,0.8805555555555555,14.582239002079376,30.348508413449142
1168,TiDE_KIN,2,h181_293,10.07377356607553,11.73086572952114,-6.41625896648797,177.33006135766382,52.627941655507044,8.301777206302098,0.2920353982300885,9.534813583141329,67.84161272393449,0.3761061946902655,12.237800745748046,109.65094331505789,0.4314159292035398,14.582239002079376,179.51140878973055
1168,TiDE_KIN,2,all,5.575006042685144,7.818543394642981,-2.7731006804871954,76.05144886327514,47.27560198374871,4.410746867413566,0.6407849829351536,9.534813583141329,34.15263460467076,0.7098976109215017,12.237800745748046,52.905497584449364,0.742320819112628,14.582239002079376,83.06946270170555
1168,BPLUS_CONTINUOUS,ensemble,h001_030,1.0168028680862538,1.140606159583605,0.26635363312684746,1.6655904223167997,0.3416994760504954,14.33503954811383,1.0,157.10494480504923,157.10494480504923,1.0,201.6420136514615,201.6420136514615,1.0,240.2712788854485,240.2712788854485
1168,BPLUS_CONTINUOUS,ensemble,h031_090,3.9504857203715624,4.099341586314964,3.16652980940629,19.986386923872097,1.5069854175562363,14.453494438535074,1.0,157.10494480504923,157.10494480504923,1.0,201.6420136514615,201.6420136514615,1.0,240.27127888544845,240.27127888544845
1168,BPLUS_CONTINUOUS,ensemble,h091_180,7.313306274481659,7.418554792574563,5.881682246614919,63.72847268263166,1.4763559284876282,14.737186533484072,1.0,157.10494480504923,157.10494480504923,1.0,201.6420136514615,201.6420136514615,1.0,240.27127888544845,240.27127888544845
1168,BPLUS_CONTINUOUS,ensemble,h181_293,9.703222622901107,11.529544449462485,-3.3994748879780583,169.7735218871249,52.783321800603915,15.403543935247948,1.0,157.10494480504926,157.10494480504926,1.0,201.64201365146153,201.64201365146153,1.0,240.27127888544848,240.27127888544848
1168,BPLUS_CONTINUOUS,ensemble,all,6.901689250361964,9.124173217774597,1.1713076362184471,89.3144076545522,49.38083196533568,14.894908209734146,1.0,157.10494480504923,157.10494480504923,1.0,201.6420136514615,201.6420136514615,1.0,240.27127888544848,240.27127888544848
1168,BPLUS_CONTINUOUS,0,h001_030,1.0168028680862538,1.140606159583605,0.26635363312684746,1.6655904223167997,0.3416994760504954,14.33503954811383,1.0,157.10494480504923,157.10494480504923,1.0,201.6420136514615,201.6420136514615,1.0,240.2712788854485,240.2712788854485
1168,BPLUS_CONTINUOUS,0,h031_090,3.9504857203715624,4.099341586314964,3.16652980940629,19.986386923872097,1.5069854175562363,14.453494438535074,1.0,157.10494480504923,157.10494480504923,1.0,201.6420136514615,201.6420136514615,1.0,240.27127888544845,240.27127888544845
1168,BPLUS_CONTINUOUS,0,h091_180,7.313306274481659,7.418554792574563,5.881682246614919,63.72847268263166,1.4763559284876282,14.737186533484072,1.0,157.10494480504923,157.10494480504923,1.0,201.6420136514615,201.6420136514615,1.0,240.27127888544845,240.27127888544845
1168,BPLUS_CONTINUOUS,0,h181_293,9.703222622901107,11.529544449462485,-3.3994748879780583,169.7735218871249,52.783321800603915,15.403543935247948,1.0,157.10494480504926,157.10494480504926,1.0,201.64201365146153,201.64201365146153,1.0,240.27127888544848,240.27127888544848
1168,BPLUS_CONTINUOUS,0,all,6.901689250361964,9.124173217774597,1.1713076362184471,89.3144076545522,49.38083196533568,14.894908209734146,1.0,157.10494480504923,157.10494480504923,1.0,201.6420136514615,201.6420136514615,1.0,240.27127888544848,240.27127888544848
1168,BPLUS_CONTINUOUS,1,h001_030,1.0168028680862538,1.140606159583605,0.26635363312684746,1.6655904223167997,0.3416994760504954,14.33503954811383,1.0,157.10494480504923,157.10494480504923,1.0,201.6420136514615,201.6420136514615,1.0,240.2712788854485,240.2712788854485
1168,BPLUS_CONTINUOUS,1,h031_090,3.9504857203715624,4.099341586314964,3.16652980940629,19.986386923872097,1.5069854175562363,14.453494438535074,1.0,157.10494480504923,157.10494480504923,1.0,201.6420136514615,201.6420136514615,1.0,240.27127888544845,240.27127888544845
1168,BPLUS_CONTINUOUS,1,h091_180,7.313306274481659,7.418554792574563,5.881682246614919,63.72847268263166,1.4763559284876282,14.737186533484072,1.0,157.10494480504923,157.10494480504923,1.0,201.6420136514615,201.6420136514615,1.0,240.27127888544845,240.27127888544845
1168,BPLUS_CONTINUOUS,1,h181_293,9.703222622901107,11.529544449462485,-3.3994748879780583,169.7735218871249,52.783321800603915,15.403543935247948,1.0,157.10494480504926,157.10494480504926,1.0,201.64201365146153,201.64201365146153,1.0,240.27127888544848,240.27127888544848
1168,BPLUS_CONTINUOUS,1,all,6.901689250361964,9.124173217774597,1.1713076362184471,89.3144076545522,49.38083196533568,14.894908209734146,1.0,157.10494480504923,157.10494480504923,1.0,201.6420136514615,201.6420136514615,1.0,240.27127888544848,240.27127888544848
1168,BPLUS_CONTINUOUS,2,h001_030,1.0168028680862538,1.140606159583605,0.26635363312684746,1.6655904223167997,0.3416994760504954,14.33503954811383,1.0,157.10494480504923,157.10494480504923,1.0,201.6420136514615,201.6420136514615,1.0,240.2712788854485,240.2712788854485
1168,BPLUS_CONTINUOUS,2,h031_090,3.9504857203715624,4.099341586314964,3.16652980940629,19.986386923872097,1.5069854175562363,14.453494438535074,1.0,157.10494480504923,157.10494480504923,1.0,201.6420136514615,201.6420136514615,1.0,240.27127888544845,240.27127888544845
1168,BPLUS_CONTINUOUS,2,h091_180,7.313306274481659,7.418554792574563,5.881682246614919,63.72847268263166,1.4763559284876282,14.737186533484072,1.0,157.10494480504923,157.10494480504923,1.0,201.6420136514615,201.6420136514615,1.0,240.27127888544845,240.27127888544845
1168,BPLUS_CONTINUOUS,2,h181_293,9.703222622901107,11.529544449462485,-3.3994748879780583,169.7735218871249,52.783321800603915,15.403543935247948,1.0,157.10494480504926,157.10494480504926,1.0,201.64201365146153,201.64201365146153,1.0,240.27127888544848,240.27127888544848
1168,BPLUS_CONTINUOUS,2,all,6.901689250361964,9.124173217774597,1.1713076362184471,89.3144076545522,49.38083196533568,14.894908209734146,1.0,157.10494480504923,157.10494480504923,1.0,201.6420136514615,201.6420136514615,1.0,240.27127888544848,240.27127888544848
1168,DRIFT1,ensemble,h001_030,0.22061947597926046,0.31541710595629213,0.10337833066571894,0.15964977628165064,0.08459285815840382,2.026744360429885,1.0,22.143964933972455,22.143964933972455,1.0,28.421471297764327,28.421471297764327,1.0,33.86627187885358,33.86627187885358
1168,DRIFT1,ensemble,h031_090,2.779128578366445,3.0702137489582264,1.249549607866992,14.452043121005211,2.155106144143457,2.666915013407787,1.0,22.143964933972455,22.143964933972455,1.0,28.421471297764334,28.421471297764334,1.0,33.86627187885358,33.86627187885358
1168,DRIFT1,ensemble,h091_180,7.204237719252693,7.414037506112798,3.428917819035049,80.23482110361088,3.2392274665261653,5.100143443822211,0.7222222222222222,22.143964933972455,35.576852023447195,0.8111111111111111,28.421471297764327,42.354756905071845,0.8805555555555555,33.86627187885358,46.6000892079618
1168,DRIFT1,ensemble,h181_293,16.348999761580654,18.719595927857497,-9.51069609899325,414.202192169651,86.43606589703664,13.651141976015529,0.31194690265486724,22.143964933972455,110.5103414424332,0.4004424778761062,28.421471297764327,173.25628695419897,0.4690265486725664,33.86627187885358,277.43170288732233
1168,DRIFT1,ensemble,all,9.109845279087784,12.9777345313275,-2.348231157273351,187.36482489776216,99.37830508611479,7.585014282768318,0.6493174061433447,22.143964933972455,60.34997306881475,0.7107508532423208,28.421471297764327,88.55911591836087,0.7585324232081911,33.86627187885358,131.7124741436205
1168,DRIFT1,0,h001_030,0.22061947597926046,0.31541710595629213,0.10337833066571894,0.15964977628165064,0.08459285815840382,2.026744360429885,1.0,22.143964933972455,22.143964933972455,1.0,28.421471297764327,28.421471297764327,1.0,33.86627187885358,33.86627187885358
1168,DRIFT1,0,h031_090,2.779128578366445,3.0702137489582264,1.249549607866992,14.452043121005211,2.155106144143457,2.666915013407787,1.0,22.143964933972455,22.143964933972455,1.0,28.421471297764334,28.421471297764334,1.0,33.86627187885358,33.86627187885358
1168,DRIFT1,0,h091_180,7.204237719252693,7.414037506112798,3.428917819035049,80.23482110361088,3.2392274665261653,5.100143443822211,0.7222222222222222,22.143964933972455,35.576852023447195,0.8111111111111111,28.421471297764327,42.354756905071845,0.8805555555555555,33.86627187885358,46.6000892079618
1168,DRIFT1,0,h181_293,16.348999761580654,18.719595927857497,-9.51069609899325,414.202192169651,86.43606589703664,13.651141976015529,0.31194690265486724,22.143964933972455,110.5103414424332,0.4004424778761062,28.421471297764327,173.25628695419897,0.4690265486725664,33.86627187885358,277.43170288732233
1168,DRIFT1,0,all,9.109845279087784,12.9777345313275,-2.348231157273351,187.36482489776216,99.37830508611479,7.585014282768318,0.6493174061433447,22.143964933972455,60.34997306881475,0.7107508532423208,28.421471297764327,88.55911591836087,0.7585324232081911,33.86627187885358,131.7124741436205
1168,DRIFT1,1,h001_030,0.22061947597926046,0.31541710595629213,0.10337833066571894,0.15964977628165064,0.08459285815840382,2.026744360429885,1.0,22.143964933972455,22.143964933972455,1.0,28.421471297764327,28.421471297764327,1.0,33.86627187885358,33.86627187885358
1168,DRIFT1,1,h031_090,2.779128578366445,3.0702137489582264,1.249549607866992,14.452043121005211,2.155106144143457,2.666915013407787,1.0,22.143964933972455,22.143964933972455,1.0,28.421471297764334,28.421471297764334,1.0,33.86627187885358,33.86627187885358
1168,DRIFT1,1,h091_180,7.204237719252693,7.414037506112798,3.428917819035049,80.23482110361088,3.2392274665261653,5.100143443822211,0.7222222222222222,22.143964933972455,35.576852023447195,0.8111111111111111,28.421471297764327,42.354756905071845,0.8805555555555555,33.86627187885358,46.6000892079618
1168,DRIFT1,1,h181_293,16.348999761580654,18.719595927857497,-9.51069609899325,414.202192169651,86.43606589703664,13.651141976015529,0.31194690265486724,22.143964933972455,110.5103414424332,0.4004424778761062,28.421471297764327,173.25628695419897,0.4690265486725664,33.86627187885358,277.43170288732233
1168,DRIFT1,1,all,9.109845279087784,12.9777345313275,-2.348231157273351,187.36482489776216,99.37830508611479,7.585014282768318,0.6493174061433447,22.143964933972455,60.34997306881475,0.7107508532423208,28.421471297764327,88.55911591836087,0.7585324232081911,33.86627187885358,131.7124741436205
1168,DRIFT1,2,h001_030,0.22061947597926046,0.31541710595629213,0.10337833066571894,0.15964977628165064,0.08459285815840382,2.026744360429885,1.0,22.143964933972455,22.143964933972455,1.0,28.421471297764327,28.421471297764327,1.0,33.86627187885358,33.86627187885358
1168,DRIFT1,2,h031_090,2.779128578366445,3.0702137489582264,1.249549607866992,14.452043121005211,2.155106144143457,2.666915013407787,1.0,22.143964933972455,22.143964933972455,1.0,28.421471297764334,28.421471297764334,1.0,33.86627187885358,33.86627187885358
1168,DRIFT1,2,h091_180,7.204237719252693,7.414037506112798,3.428917819035049,80.23482110361088,3.2392274665261653,5.100143443822211,0.7222222222222222,22.143964933972455,35.576852023447195,0.8111111111111111,28.421471297764327,42.354756905071845,0.8805555555555555,33.86627187885358,46.6000892079618
1168,DRIFT1,2,h181_293,16.348999761580654,18.719595927857497,-9.51069609899325,414.202192169651,86.43606589703664,13.651141976015529,0.31194690265486724,22.143964933972455,110.5103414424332,0.4004424778761062,28.421471297764327,173.25628695419897,0.4690265486725664,33.86627187885358,277.43170288732233
1168,DRIFT1,2,all,9.109845279087784,12.9777345313275,-2.348231157273351,187.36482489776216,99.37830508611479,7.585014282768318,0.6493174061433447,22.143964933972455,60.34997306881475,0.7107508532423208,28.421471297764327,88.55911591836087,0.7585324232081911,33.86627187885358,131.7124741436205
1168,RR_COND,ensemble,h001_030,10.95744867338055,11.016428915983598,6.479691330138931,148.62123990038177,1.0295876288474008,12.993827375916638,1.0,128.68886090991452,128.68886090991452,1.0,165.17036481944018,165.17036481944018,1.0,196.81262882912762,196.81262882912762
1168,RR_COND,ensemble,h031_090,9.618447493463991,9.730808188112436,4.944653978671761,107.29539143799228,1.3951214755908574,12.64010547504638,1.0,128.68886090991452,128.68886090991452,1.0,165.17036481944018,165.17036481944018,1.0,196.81262882912762,196.81262882912762
1168,RR_COND,ensemble,h091_180,10.118247614725476,10.385587825555664,5.883698433151934,115.54092691466639,4.124094876809853,12.705272816067199,1.0,128.68886090991452,128.68886090991452,1.0,165.1703648194402,165.1703648194402,1.0,196.81262882912762,196.81262882912762
1168,RR_COND,ensemble,h181_293,13.272307199447912,14.15632666197006,0.29164017070634274,251.08556480880975,41.573995805559875,13.62774970330726,1.0,128.68886090991452,128.68886090991452,1.0,165.17036481944018,165.17036481944018,1.0,196.81262882912762,196.81262882912762
1168,RR_COND,ensemble,all,11.318236548369155,12.338213669009027,3.5957616958974894,169.51437859729165,36.44898701151985,13.077240340273208,1.0,128.68886090991452,128.68886090991452,1.0,165.1703648194402,165.1703648194402,1.0,196.81262882912762,196.81262882912762
1168,RR_COND,0,h001_030,10.95744867338055,11.016428915983598,6.479691330138931,148.62123990038177,1.0295876288474008,12.993827375916638,1.0,128.68886090991452,128.68886090991452,1.0,165.17036481944018,165.17036481944018,1.0,196.81262882912762,196.81262882912762
1168,RR_COND,0,h031_090,9.618447493463991,9.730808188112436,4.944653978671761,107.29539143799228,1.3951214755908574,12.64010547504638,1.0,128.68886090991452,128.68886090991452,1.0,165.17036481944018,165.17036481944018,1.0,196.81262882912762,196.81262882912762
1168,RR_COND,0,h091_180,10.118247614725476,10.385587825555664,5.883698433151934,115.54092691466639,4.124094876809853,12.705272816067199,1.0,128.68886090991452,128.68886090991452,1.0,165.1703648194402,165.1703648194402,1.0,196.81262882912762,196.81262882912762
1168,RR_COND,0,h181_293,13.272307199447912,14.15632666197006,0.29164017070634274,251.08556480880975,41.573995805559875,13.62774970330726,1.0,128.68886090991452,128.68886090991452,1.0,165.17036481944018,165.17036481944018,1.0,196.81262882912762,196.81262882912762
1168,RR_COND,0,all,11.318236548369155,12.338213669009027,3.5957616958974894,169.51437859729165,36.44898701151985,13.077240340273208,1.0,128.68886090991452,128.68886090991452,1.0,165.1703648194402,165.1703648194402,1.0,196.81262882912762,196.81262882912762
1168,RR_COND,1,h001_030,10.95744867338055,11.016428915983598,6.479691330138931,148.62123990038177,1.0295876288474008,12.993827375916638,1.0,128.68886090991452,128.68886090991452,1.0,165.17036481944018,165.17036481944018,1.0,196.81262882912762,196.81262882912762
1168,RR_COND,1,h031_090,9.618447493463991,9.730808188112436,4.944653978671761,107.29539143799228,1.3951214755908574,12.64010547504638,1.0,128.68886090991452,128.68886090991452,1.0,165.17036481944018,165.17036481944018,1.0,196.81262882912762,196.81262882912762
1168,RR_COND,1,h091_180,10.118247614725476,10.385587825555664,5.883698433151934,115.54092691466639,4.124094876809853,12.705272816067199,1.0,128.68886090991452,128.68886090991452,1.0,165.1703648194402,165.1703648194402,1.0,196.81262882912762,196.81262882912762
1168,RR_COND,1,h181_293,13.272307199447912,14.15632666197006,0.29164017070634274,251.08556480880975,41.573995805559875,13.62774970330726,1.0,128.68886090991452,128.68886090991452,1.0,165.17036481944018,165.17036481944018,1.0,196.81262882912762,196.81262882912762
1168,RR_COND,1,all,11.318236548369155,12.338213669009027,3.5957616958974894,169.51437859729165,36.44898701151985,13.077240340273208,1.0,128.68886090991452,128.68886090991452,1.0,165.1703648194402,165.1703648194402,1.0,196.81262882912762,196.81262882912762
1168,RR_COND,2,h001_030,10.95744867338055,11.016428915983598,6.479691330138931,148.62123990038177,1.0295876288474008,12.993827375916638,1.0,128.68886090991452,128.68886090991452,1.0,165.17036481944018,165.17036481944018,1.0,196.81262882912762,196.81262882912762
1168,RR_COND,2,h031_090,9.618447493463991,9.730808188112436,4.944653978671761,107.29539143799228,1.3951214755908574,12.64010547504638,1.0,128.68886090991452,128.68886090991452,1.0,165.17036481944018,165.17036481944018,1.0,196.81262882912762,196.81262882912762
1168,RR_COND,2,h091_180,10.118247614725476,10.385587825555664,5.883698433151934,115.54092691466639,4.124094876809853,12.705272816067199,1.0,128.68886090991452,128.68886090991452,1.0,165.1703648194402,165.1703648194402,1.0,196.81262882912762,196.81262882912762
1168,RR_COND,2,h181_293,13.272307199447912,14.15632666197006,0.29164017070634274,251.08556480880975,41.573995805559875,13.62774970330726,1.0,128.68886090991452,128.68886090991452,1.0,165.17036481944018,165.17036481944018,1.0,196.81262882912762,196.81262882912762
1168,RR_COND,2,all,11.318236548369155,12.338213669009027,3.5957616958974894,169.51437859729165,36.44898701151985,13.077240340273208,1.0,128.68886090991452,128.68886090991452,1.0,165.1703648194402,165.1703648194402,1.0,196.81262882912762,196.81262882912762
1168,TiDE_PHYS,ensemble,h001_030,0.9745074280341948,1.195225023222176,-0.6607878790253622,1.4989788693927464,0.9857135212865319,3.1632320744386195,1.0,34.03022675843201,34.03022675843201,1.0,43.67732318738277,43.67732318738277,1.0,52.04474062962456,52.04474062962456
1168,TiDE_PHYS,ensemble,h031_090,1.0037967964171803,1.2134583452045935,-0.6560790371457997,1.5383915572123847,0.9876156377794996,3.1649270140301686,1.0,34.03022675843201,34.03022675843201,1.0,43.67732318738277,43.67732318738277,1.0,52.04474062962455,52.04474062962455
1168,TiDE_PHYS,ensemble,h091_180,3.0689814016124424,3.418326101165888,1.2024701522390682,14.058905145362516,2.8140564497021634,3.624884013578537,1.0,34.03022675843201,34.03022675843201,1.0,43.67732318738277,43.67732318738277,1.0,52.044740629624556,52.044740629624556
1168,TiDE_PHYS,ensemble,h181_293,11.402254125805523,13.83603642203747,-9.436765842999826,224.39078913519216,67.9944046051562,7.8853330370677694,0.8163716814159292,34.03022675843201,46.33081954410444,0.918141592920354,43.67732318738277,55.04891685963797,0.9535398230088495,52.044740629624556,66.47168044201061
1168,TiDE_PHYS,ensemble,all,5.645481477772016,8.921778809990766,-3.472083976644959,91.32673547738521,62.39641312396429,5.126535076742987,0.9291808873720137,34.03022675843201,38.774141382257895,0.9684300341296929,43.67732318738277,48.062954876682554,0.9820819112627986,52.044740629624556,57.60871400436729
1168,TiDE_PHYS,0,h001_030,1.3559477899410481,1.654009378187312,-0.25540306676527724,2.908750876159923,2.643795921090828,3.2229290555920462,1.0,34.03022675843201,34.03022675843201,1.0,43.67732318738277,43.67732318738277,1.0,52.04474062962456,52.04474062962456
1168,TiDE_PHYS,0,h031_090,1.314827301382528,1.6216700637375598,0.048320323305648116,2.9710098404711687,2.4866839147885678,3.2291851675202152,1.0,34.03022675843201,34.03022675843201,1.0,43.67732318738277,43.67732318738277,1.0,52.04474062962455,52.04474062962455
1168,TiDE_PHYS,0,h091_180,3.9844470606151936,4.651641177765065,3.0024371626138713,23.87700797823104,6.924042357500063,3.9766525310138205,0.9777777777777777,34.03022675843201,34.15914368781894,1.0,43.67732318738277,43.67732318738277,1.0,52.044740629624556,52.044740629624556
1168,TiDE_PHYS,0,h181_293,9.580388750159866,11.43841716128044,-4.901329161043407,168.81055086434063,64.08725667433949,6.8666001578112015,0.8185840707964602,34.03022675843201,42.72134946014684,0.9380530973451328,43.67732318738276,50.28471609602153,0.9668141592920354,52.044740629624556,60.13211645488042
1168,TiDE_PHYS,0,all,5.32679944028879,7.84404070111413,-0.9842789186596451,73.34486717550973,54.23797474176363,4.860967670112232,0.9232081911262798,34.03022675843201,37.421692249690025,0.9761092150170648,43.67732318738277,46.22556686887144,0.9872013651877133,52.044740629624556,55.163762705576474
1168,TiDE_PHYS,1,h001_030,1.9314062565457257,2.198775665357407,-1.916093989666456,5.109193363843462,1.2158851320442876,3.3141474490377827,1.0,34.03022675843201,34.03022675843201,1.0,43.67732318738277,43.67732318738277,1.0,52.04474062962456,52.04474062962456
1168,TiDE_PHYS,1,h031_090,1.7690107759306573,2.1000105390346024,-1.44411007554439,4.61911618675145,2.503441827026685,3.28946466684131,1.0,34.03022675843201,34.03022675843201,1.0,43.67732318738277,43.67732318738277,1.0,52.04474062962455,52.04474062962455
1168,TiDE_PHYS,1,h091_180,3.7478341732416376,4.118535507600446,1.514421234427282,20.01340412682979,3.5482791239735434,3.9086232259276508,0.9777777777777777,34.03022675843201,34.131256942114554,1.0,43.67732318738277,43.67732318738277,1.0,52.044740629624556,52.044740629624556
1168,TiDE_PHYS,1,h181_293,11.59817518563575,13.395837183868295,-7.710746173364768,199.43670188383112,57.54858778117119,7.809636200116415,0.756637168141593,34.03022675843201,42.83646651288119,0.9380530973451326,43.67732318738277,49.17059365996167,0.9668141592920354,52.04474062962456,57.845371025057375
1168,TiDE_PHYS,1,all,6.18423790382525,8.881707011910523,-3.0004977157488755,84.53234285463476,54.458954225641705,5.225451482690293,0.8993174061433447,34.03022675843201,37.45752303414596,0.9761092150170648,43.67732318738277,45.79588825018624,0.9872013651877133,52.044740629624556,54.28184381967203
1168,TiDE_PHYS,2,h001_030,1.417069811238197,1.7278962244465204,0.18913341935563843,3.2540483198283723,3.07457735929203,3.220054043782504,1.0,34.03022675843201,34.03022675843201,1.0,43.67732318738277,43.67732318738277,1.0,52.04474062962456,52.04474062962456
1168,TiDE_PHYS,2,h031_090,1.394081823861199,1.7022989954904988,-0.5724473591986564,3.081817104234272,2.436955239889874,3.220197653502522,1.0,34.03022675843201,34.03022675843201,1.0,43.67732318738277,43.67732318738277,1.0,52.04474062962455,52.04474062962455
1168,TiDE_PHYS,2,h091_180,3.236302612184315,3.683826930608746,-0.9094479403239294,15.563918712929976,3.9790016761587426,3.5285711812304887,1.0,34.03022675843201,34.03022675843201,1.0,43.67732318738277,43.67732318738277,1.0,52.044740629624556,52.044740629624556
1168,TiDE_PHYS,2,h181_293,15.827169984703144,18.831324917335117,-15.698222194591292,392.02833431918634,90.26887373619024,11.043979616076248,0.6371681415929203,34.03022675843201,68.23003758971525,0.7610619469026548,43.67732318738277,79.62048066941688,0.8805309734513275,52.044740629624556,95.00072139153286
1168,TiDE_PHYS,2,all,7.528649990228195,11.922665879896643,-6.431475295526347,156.93680866239134,100.02879827966031,6.33226820290439,0.8600682593856656,34.03022675843201,47.21991489472896,0.9078498293515359,43.67732318738277,57.53936003198978,0.9539249146757679,52.044740629624556,68.61138167431957
1168,G_CACHED,ensemble,h001_030,2.549367497364538,3.285993225240115,-2.464435093623515,11.339553581142388,4.675077139685332,5.091224821625499,0.975,51.99453332209339,52.8748100548023,0.9833333333333334,66.73426104407346,67.83053867990436,0.9833333333333334,79.51877664865141,80.72470398296151
1168,G_CACHED,ensemble,h031_090,2.008132793927198,2.4728315488256207,1.176301251052067,10.136116136231157,3.7268750057262827,5.371545800955046,0.8791666666666667,51.99453332209338,53.981124631787296,0.925,66.73426104407346,67.71436417643083,1.0,79.51877664865141,79.51877664865141
1168,G_CACHED,ensemble,h091_180,4.2023605104898705,4.432464593326988,2.7514920876018523,29.08449398728121,1.7246253985954068,6.325484711831928,0.7583333333333333,51.99453332209339,60.96851404072804,0.7666666666666666,66.73426104407346,76.51536322636565,0.8277777777777777,79.51877664865142,86.59479460813603
1168,G_CACHED,ensemble,h181_293,13.232651369261305,15.855955627941505,-11.73630681448787,311.05116136413136,92.091720722588,9.594536119972734,0.8606194690265487,51.994533322093375,67.9082609138545,0.8849557522123894,66.73426104407346,90.89188487791522,0.9203539823008849,79.51877664865141,117.36709782261553
1168,G_CACHED,ensemble,all,7.066454072447726,10.600133621915322,-3.692571194192983,132.13221593382352,90.90193704844788,7.264524567671878,0.8447098976109215,51.99453332209338,61.385363571612245,0.8668941979522184,66.73426104407346,79.36840850703176,0.9146757679180888,79.51877664865142,96.41256411978065
1168,G_CACHED,0,h001_030,3.7255128593514377,4.762798459918281,-3.6372088136729044,23.696925784892933,9.676368611888263,5.436943285021069,0.9416666666666667,51.99453332209339,54.058929468101056,0.975,66.73426104407346,69.57968796106891,0.9833333333333334,79.51877664865141,83.7987192525323
1168,G_CACHED,0,h031_090,3.2223784874379953,3.4337520383976687,-1.827401809627475,12.02343559662734,3.3914089194031245,5.171829016507949,0.9958333333333333,51.99453332209338,52.0017752489628,1.0,66.73426104407346,66.73426104407346,1.0,79.51877664865141,79.51877664865141
1168,G_CACHED,0,h091_180,3.9697059588376358,4.264004721542125,-0.46418720014405196,23.060790850404054,2.2864197054762028,5.75779318818107,0.8222222222222222,51.99453332209339,54.7980558948541,0.9194444444444445,66.73426104407346,68.23948927893687,0.9861111111111112,79.51877664865141,80.11580826472242
1168,G_CACHED,0,h181_293,13.849040021649156,16.334206946580238,-12.877056890769834,339.4428824225723,85.93737387420259,9.923082099942357,0.8827433628318584,51.994533322093375,68.53624427100405,0.9070796460176991,66.73426104407348,92.8899431681335,0.911504424778761,79.51877664865142,121.57353105996648
1168,G_CACHED,0,all,7.601785507742541,10.803256744211657,-5.855442490299629,142.88338156870805,80.53221604633896,7.211357350753897,0.893344709897611,51.99453332209338,59.44810591174446,0.9368600682593857,66.73426104407346,77.57530346272996,0.9598976109215017,79.51877664865142,96.35945368633544
1168,G_CACHED,1,h001_030,1.7993502134719368,2.125398579067055,-0.9145561119066348,4.856248144873619,2.707660486508065,4.897638790857694,1.0,51.99453332209339,51.99453332209339,1.0,66.73426104407346,66.73426104407346,1.0,79.51877664865141,79.51877664865141
1168,G_CACHED,1,h031_090,3.230531235322761,3.5495791118809565,2.724986819392655,16.310036057626686,2.8940790730555213,5.6080982116907165,0.8583333333333334,51.99453332209338,54.94420729109721,0.9208333333333334,66.73426104407346,68.81093352425404,0.9458333333333333,79.5187766486514,80.00466605931399
1168,G_CACHED,1,h091_180,5.310948892648237,5.480396659710757,3.7080061862622937,35.734966250199605,1.3911059141300786,6.465423398839201,0.75,51.99453332209339,60.76297532065179,0.7638888888888888,66.73426104407348,75.87192829138593,0.8,79.51877664865141,85.06273673561486
1168,G_CACHED,1,h181_293,13.052192059327462,16.12211976322153,-11.824334741356731,312.96900634684397,102.6092538857002,9.657083539298867,0.8495575221238938,51.994533322093375,70.12308471266478,0.8893805309734513,66.73426104407348,95.33936163602397,0.9137168141592921,79.51877664865141,126.38664509980318
1168,G_CACHED,1,all,7.510906087255524,10.897557686401285,-2.956883082605269,135.5151340870824,100.07791229226764,7.360251202264416,0.8361774744027304,51.99453332209338,62.2834975717352,0.8686006825938566,66.73426104407348,80.99831144666514,0.89419795221843,79.51877664865141,99.39652036007331
1168,G_CACHED,2,h001_030,3.0551200529787006,3.676923753511562,-2.8415403552909995,13.66501734719471,5.295959036501959,5.183526850871237,0.9666666666666667,51.99453332209339,53.04508591360633,0.9833333333333334,66.73426104407346,68.11321627667115,0.9833333333333334,79.51877664865141,81.29005917649508
1168,G_CACHED,2,h031_090,3.3204893490037795,3.7342780221827527,2.6313187433910334,19.534496317247537,7.4377461231935325,5.794475397404368,0.8333333333333333,51.99453332209338,57.2975701973918,0.875,66.73426104407346,72.25291386833865,0.9166666666666666,79.5187766486514,84.77841443641086
1168,G_CACHED,2,h091_180,5.433962374753047,5.641666457238267,5.010657276687294,48.25442211419456,2.875410677025965,7.107003898529468,0.7583333333333333,51.99453332209339,67.92639764114875,0.7583333333333333,66.73426104407348,90.35097820617966,0.7638888888888888,79.51877664865141,112.58831306003056
1168,G_CACHED,2,h181_293,13.139165761405028,15.543347791657482,-10.507528811337064,293.1481296194287,93.28939509781854,9.520817736133356,0.7765486725663717,51.994533322093375,66.36562334349189,0.8650442477876106,66.73426104407348,86.18949697763013,0.8938053097345133,79.51877664865141,106.91009494696831
1168,G_CACHED,2,all,7.729233130703515,10.892205790439537,-2.26538800967406,133.27869261680425,98.63354754088797,7.57220847925297,0.8020477815699658,51.99453332209338,63.62422530638112,0.8464163822525597,66.73426104407346,82.76304613456936,0.8677474402730375,79.51877664865141,101.49896090747329
