seed,fold,model_input_schema,model_input_channels,station_geometry_sha256,epoch,train_pinball_loss,gradient_l2_norm
0,1,displacement_elevation_exog_v1,7,17dac7c5985891f27905e7056b45626a0d6f4dbf34f336534c17bb76ecd32f09,1,0.2624380588531494,0.1821681559085846
0,1,displacement_elevation_exog_v1,7,17dac7c5985891f27905e7056b45626a0d6f4dbf34f336534c17bb76ecd32f09,2,0.2561938464641571,0.17108075320720673
0,1,displacement_elevation_exog_v1,7,17dac7c5985891f27905e7056b45626a0d6f4dbf34f336534c17bb76ecd32f09,3,0.25035402178764343,0.16137991845607758
0,1,displacement_elevation_exog_v1,7,17dac7c5985891f27905e7056b45626a0d6f4dbf34f336534c17bb76ecd32f09,4,0.24488234519958496,0.155905619263649
0,1,displacement_elevation_exog_v1,7,17dac7c5985891f27905e7056b45626a0d6f4dbf34f336534c17bb76ecd32f09,5,0.23962533473968506,0.1544080227613449
0,1,displacement_elevation_exog_v1,7,17dac7c5985891f27905e7056b45626a0d6f4dbf34f336534c17bb76ecd32f09,6,0.2345055490732193,0.1514778882265091
0,1,displacement_elevation_exog_v1,7,17dac7c5985891f27905e7056b45626a0d6f4dbf34f336534c17bb76ecd32f09,7,0.22953002154827118,0.14914049208164215
0,1,displacement_elevation_exog_v1,7,17dac7c5985891f27905e7056b45626a0d6f4dbf34f336534c17bb76ecd32f09,8,0.22471116483211517,0.14678652584552765
0,1,displacement_elevation_exog_v1,7,17dac7c5985891f27905e7056b45626a0d6f4dbf34f336534c17bb76ecd32f09,9,0.22016462683677673,0.14267612993717194
0,1,displacement_elevation_exog_v1,7,17dac7c5985891f27905e7056b45626a0d6f4dbf34f336534c17bb76ecd32f09,10,0.21591749787330627,0.1422230303287506
0,1,displacement_elevation_exog_v1,7,17dac7c5985891f27905e7056b45626a0d6f4dbf34f336534c17bb76ecd32f09,11,0.2119307816028595,0.13808131217956543
0,1,displacement_elevation_exog_v1,7,17dac7c5985891f27905e7056b45626a0d6f4dbf34f336534c17bb76ecd32f09,12,0.20812106132507324,0.13283927738666534
0,1,displacement_elevation_exog_v1,7,17dac7c5985891f27905e7056b45626a0d6f4dbf34f336534c17bb76ecd32f09,13,0.20448866486549377,0.12658382952213287
0,1,displacement_elevation_exog_v1,7,17dac7c5985891f27905e7056b45626a0d6f4dbf34f336534c17bb76ecd32f09,14,0.20127157866954803,0.11507736146450043
0,1,displacement_elevation_exog_v1,7,17dac7c5985891f27905e7056b45626a0d6f4dbf34f336534c17bb76ecd32f09,15,0.19871802628040314,0.10767215490341187
0,1,displacement_elevation_exog_v1,7,17dac7c5985891f27905e7056b45626a0d6f4dbf34f336534c17bb76ecd32f09,16,0.1968083530664444,0.10502129048109055
0,1,displacement_elevation_exog_v1,7,17dac7c5985891f27905e7056b45626a0d6f4dbf34f336534c17bb76ecd32f09,17,0.19544696807861328,0.10950005799531937
0,1,displacement_elevation_exog_v1,7,17dac7c5985891f27905e7056b45626a0d6f4dbf34f336534c17bb76ecd32f09,18,0.19432216882705688,0.11443524062633514
0,1,displacement_elevation_exog_v1,7,17dac7c5985891f27905e7056b45626a0d6f4dbf34f336534c17bb76ecd32f09,19,0.19303056597709656,0.11799114942550659
0,1,displacement_elevation_exog_v1,7,17dac7c5985891f27905e7056b45626a0d6f4dbf34f336534c17bb76ecd32f09,20,0.19130778312683105,0.11575547605752945
0,1,displacement_elevation_exog_v1,7,17dac7c5985891f27905e7056b45626a0d6f4dbf34f336534c17bb76ecd32f09,21,0.18917705118656158,0.11096179485321045
0,1,displacement_elevation_exog_v1,7,17dac7c5985891f27905e7056b45626a0d6f4dbf34f336534c17bb76ecd32f09,22,0.18682871758937836,0.10218798369169235
0,1,displacement_elevation_exog_v1,7,17dac7c5985891f27905e7056b45626a0d6f4dbf34f336534c17bb76ecd32f09,23,0.184473916888237,0.09117506444454193
0,1,displacement_elevation_exog_v1,7,17dac7c5985891f27905e7056b45626a0d6f4dbf34f336534c17bb76ecd32f09,24,0.1822892129421234,0.07863059639930725
0,1,displacement_elevation_exog_v1,7,17dac7c5985891f27905e7056b45626a0d6f4dbf34f336534c17bb76ecd32f09,25,0.18050776422023773,0.06745511293411255
0,1,displacement_elevation_exog_v1,7,17dac7c5985891f27905e7056b45626a0d6f4dbf34f336534c17bb76ecd32f09,26,0.17923739552497864,0.07462373375892639
0,1,displacement_elevation_exog_v1,7,17dac7c5985891f27905e7056b45626a0d6f4dbf34f336534c17bb76ecd32f09,27,0.17826636135578156,0.08269631862640381
0,1,displacement_elevation_exog_v1,7,17dac7c5985891f27905e7056b45626a0d6f4dbf34f336534c17bb76ecd32f09,28,0.17712925374507904,0.08460231125354767
0,1,displacement_elevation_exog_v1,7,17dac7c5985891f27905e7056b45626a0d6f4dbf34f336534c17bb76ecd32f09,29,0.1757904589176178,0.08531102538108826
0,1,displacement_elevation_exog_v1,7,17dac7c5985891f27905e7056b45626a0d6f4dbf34f336534c17bb76ecd32f09,30,0.17426536977291107,0.08301608264446259
0,1,displacement_elevation_exog_v1,7,17dac7c5985891f27905e7056b45626a0d6f4dbf34f336534c17bb76ecd32f09,31,0.17262771725654602,0.07667188346385956
0,1,displacement_elevation_exog_v1,7,17dac7c5985891f27905e7056b45626a0d6f4dbf34f336534c17bb76ecd32f09,32,0.17095308005809784,0.07164500653743744
0,1,displacement_elevation_exog_v1,7,17dac7c5985891f27905e7056b45626a0d6f4dbf34f336534c17bb76ecd32f09,33,0.1692766398191452,0.06780644506216049
0,1,displacement_elevation_exog_v1,7,17dac7c5985891f27905e7056b45626a0d6f4dbf34f336534c17bb76ecd32f09,34,0.16760186851024628,0.06831217557191849
0,1,displacement_elevation_exog_v1,7,17dac7c5985891f27905e7056b45626a0d6f4dbf34f336534c17bb76ecd32f09,35,0.16591118276119232,0.06994708627462387
0,1,displacement_elevation_exog_v1,7,17dac7c5985891f27905e7056b45626a0d6f4dbf34f336534c17bb76ecd32f09,36,0.16420772671699524,0.07184229791164398
0,1,displacement_elevation_exog_v1,7,17dac7c5985891f27905e7056b45626a0d6f4dbf34f336534c17bb76ecd32f09,37,0.162482351064682,0.07584458589553833
0,1,displacement_elevation_exog_v1,7,17dac7c5985891f27905e7056b45626a0d6f4dbf34f336534c17bb76ecd32f09,38,0.1607278287410736,0.07272742688655853
0,1,displacement_elevation_exog_v1,7,17dac7c5985891f27905e7056b45626a0d6f4dbf34f336534c17bb76ecd32f09,39,0.15899169445037842,0.0686919316649437
0,1,displacement_elevation_exog_v1,7,17dac7c5985891f27905e7056b45626a0d6f4dbf34f336534c17bb76ecd32f09,40,0.15757441520690918,0.10369914025068283
0,1,displacement_elevation_exog_v1,7,17dac7c5985891f27905e7056b45626a0d6f4dbf34f336534c17bb76ecd32f09,41,0.15586818754673004,0.10484853386878967
0,1,displacement_elevation_exog_v1,7,17dac7c5985891f27905e7056b45626a0d6f4dbf34f336534c17bb76ecd32f09,42,0.1537938117980957,0.0889170914888382
0,1,displacement_elevation_exog_v1,7,17dac7c5985891f27905e7056b45626a0d6f4dbf34f336534c17bb76ecd32f09,43,0.1517585664987564,0.0803816169500351
0,1,displacement_elevation_exog_v1,7,17dac7c5985891f27905e7056b45626a0d6f4dbf34f336534c17bb76ecd32f09,44,0.14987708628177643,0.09992613643407822
0,1,displacement_elevation_exog_v1,7,17dac7c5985891f27905e7056b45626a0d6f4dbf34f336534c17bb76ecd32f09,45,0.1479104459285736,0.09779322892427444
0,1,displacement_elevation_exog_v1,7,17dac7c5985891f27905e7056b45626a0d6f4dbf34f336534c17bb76ecd32f09,46,0.14588643610477448,0.07103389501571655
0,1,displacement_elevation_exog_v1,7,17dac7c5985891f27905e7056b45626a0d6f4dbf34f336534c17bb76ecd32f09,47,0.1440611481666565,0.07831846922636032
0,1,displacement_elevation_exog_v1,7,17dac7c5985891f27905e7056b45626a0d6f4dbf34f336534c17bb76ecd32f09,48,0.14232714474201202,0.08902417123317719
0,1,displacement_elevation_exog_v1,7,17dac7c5985891f27905e7056b45626a0d6f4dbf34f336534c17bb76ecd32f09,49,0.1403912752866745,0.08917256444692612
0,1,displacement_elevation_exog_v1,7,17dac7c5985891f27905e7056b45626a0d6f4dbf34f336534c17bb76ecd32f09,50,0.13834898173809052,0.07621952146291733
0,1,displacement_elevation_exog_v1,7,17dac7c5985891f27905e7056b45626a0d6f4dbf34f336534c17bb76ecd32f09,51,0.13640904426574707,0.07349240034818649
0,1,displacement_elevation_exog_v1,7,17dac7c5985891f27905e7056b45626a0d6f4dbf34f336534c17bb76ecd32f09,52,0.13457036018371582,0.08827093988656998
0,1,displacement_elevation_exog_v1,7,17dac7c5985891f27905e7056b45626a0d6f4dbf34f336534c17bb76ecd32f09,53,0.13271845877170563,0.0692920982837677
0,1,displacement_elevation_exog_v1,7,17dac7c5985891f27905e7056b45626a0d6f4dbf34f336534c17bb76ecd32f09,54,0.13116291165351868,0.0735323578119278
0,1,displacement_elevation_exog_v1,7,17dac7c5985891f27905e7056b45626a0d6f4dbf34f336534c17bb76ecd32f09,55,0.12989503145217896,0.1121540367603302
0,1,displacement_elevation_exog_v1,7,17dac7c5985891f27905e7056b45626a0d6f4dbf34f336534c17bb76ecd32f09,56,0.12845805287361145,0.08650810271501541
0,1,displacement_elevation_exog_v1,7,17dac7c5985891f27905e7056b45626a0d6f4dbf34f336534c17bb76ecd32f09,57,0.1270507425069809,0.06829997152090073
0,1,displacement_elevation_exog_v1,7,17dac7c5985891f27905e7056b45626a0d6f4dbf34f336534c17bb76ecd32f09,58,0.1257915496826172,0.07730565220117569
0,1,displacement_elevation_exog_v1,7,17dac7c5985891f27905e7056b45626a0d6f4dbf34f336534c17bb76ecd32f09,59,0.12453610450029373,0.08340106904506683
0,1,displacement_elevation_exog_v1,7,17dac7c5985891f27905e7056b45626a0d6f4dbf34f336534c17bb76ecd32f09,60,0.12327121198177338,0.0653192326426506
0,1,displacement_elevation_exog_v1,7,17dac7c5985891f27905e7056b45626a0d6f4dbf34f336534c17bb76ecd32f09,61,0.12218969315290451,0.08209487050771713
0,1,displacement_elevation_exog_v1,7,17dac7c5985891f27905e7056b45626a0d6f4dbf34f336534c17bb76ecd32f09,62,0.12104471027851105,0.09066396206617355
0,1,displacement_elevation_exog_v1,7,17dac7c5985891f27905e7056b45626a0d6f4dbf34f336534c17bb76ecd32f09,63,0.11972738802433014,0.07567256689071655
0,1,displacement_elevation_exog_v1,7,17dac7c5985891f27905e7056b45626a0d6f4dbf34f336534c17bb76ecd32f09,64,0.11845280975103378,0.060870587825775146
0,1,displacement_elevation_exog_v1,7,17dac7c5985891f27905e7056b45626a0d6f4dbf34f336534c17bb76ecd32f09,65,0.11733042448759079,0.07755593210458755
0,1,displacement_elevation_exog_v1,7,17dac7c5985891f27905e7056b45626a0d6f4dbf34f336534c17bb76ecd32f09,66,0.11619067937135696,0.0682876855134964
0,1,displacement_elevation_exog_v1,7,17dac7c5985891f27905e7056b45626a0d6f4dbf34f336534c17bb76ecd32f09,67,0.11508335173130035,0.06570115685462952
0,1,displacement_elevation_exog_v1,7,17dac7c5985891f27905e7056b45626a0d6f4dbf34f336534c17bb76ecd32f09,68,0.11398236453533173,0.07457759976387024
0,1,displacement_elevation_exog_v1,7,17dac7c5985891f27905e7056b45626a0d6f4dbf34f336534c17bb76ecd32f09,69,0.11279173940420151,0.06674996018409729
0,1,displacement_elevation_exog_v1,7,17dac7c5985891f27905e7056b45626a0d6f4dbf34f336534c17bb76ecd32f09,70,0.11172302067279816,0.05328064411878586
0,1,displacement_elevation_exog_v1,7,17dac7c5985891f27905e7056b45626a0d6f4dbf34f336534c17bb76ecd32f09,71,0.11089450865983963,0.07411909848451614
0,1,displacement_elevation_exog_v1,7,17dac7c5985891f27905e7056b45626a0d6f4dbf34f336534c17bb76ecd32f09,72,0.11002752929925919,0.047691140323877335
0,1,displacement_elevation_exog_v1,7,17dac7c5985891f27905e7056b45626a0d6f4dbf34f336534c17bb76ecd32f09,73,0.10930038243532181,0.062210988253355026
0,1,displacement_elevation_exog_v1,7,17dac7c5985891f27905e7056b45626a0d6f4dbf34f336534c17bb76ecd32f09,74,0.1085595190525055,0.0633264034986496
0,1,displacement_elevation_exog_v1,7,17dac7c5985891f27905e7056b45626a0d6f4dbf34f336534c17bb76ecd32f09,75,0.10774222016334534,0.05446423962712288
0,1,displacement_elevation_exog_v1,7,17dac7c5985891f27905e7056b45626a0d6f4dbf34f336534c17bb76ecd32f09,76,0.10693440586328506,0.06300856918096542
0,1,displacement_elevation_exog_v1,7,17dac7c5985891f27905e7056b45626a0d6f4dbf34f336534c17bb76ecd32f09,77,0.10608059912919998,0.046789348125457764
0,1,displacement_elevation_exog_v1,7,17dac7c5985891f27905e7056b45626a0d6f4dbf34f336534c17bb76ecd32f09,78,0.10526580363512039,0.05110658332705498
0,1,displacement_elevation_exog_v1,7,17dac7c5985891f27905e7056b45626a0d6f4dbf34f336534c17bb76ecd32f09,79,0.10444895178079605,0.05429380014538765
0,1,displacement_elevation_exog_v1,7,17dac7c5985891f27905e7056b45626a0d6f4dbf34f336534c17bb76ecd32f09,80,0.1036330908536911,0.04640882462263107
0,1,displacement_elevation_exog_v1,7,17dac7c5985891f27905e7056b45626a0d6f4dbf34f336534c17bb76ecd32f09,81,0.10283420234918594,0.05875931680202484
0,1,displacement_elevation_exog_v1,7,17dac7c5985891f27905e7056b45626a0d6f4dbf34f336534c17bb76ecd32f09,82,0.10196404159069061,0.05209466442465782
0,1,displacement_elevation_exog_v1,7,17dac7c5985891f27905e7056b45626a0d6f4dbf34f336534c17bb76ecd32f09,83,0.10107560455799103,0.04704136773943901
0,1,displacement_elevation_exog_v1,7,17dac7c5985891f27905e7056b45626a0d6f4dbf34f336534c17bb76ecd32f09,84,0.1002286821603775,0.042472321540117264
0,1,displacement_elevation_exog_v1,7,17dac7c5985891f27905e7056b45626a0d6f4dbf34f336534c17bb76ecd32f09,85,0.09945255517959595,0.04382503777742386
0,1,displacement_elevation_exog_v1,7,17dac7c5985891f27905e7056b45626a0d6f4dbf34f336534c17bb76ecd32f09,86,0.09871108829975128,0.046551935374736786
0,1,displacement_elevation_exog_v1,7,17dac7c5985891f27905e7056b45626a0d6f4dbf34f336534c17bb76ecd32f09,87,0.09796539694070816,0.05028384551405907
0,1,displacement_elevation_exog_v1,7,17dac7c5985891f27905e7056b45626a0d6f4dbf34f336534c17bb76ecd32f09,88,0.09718193113803864,0.0515131838619709
0,1,displacement_elevation_exog_v1,7,17dac7c5985891f27905e7056b45626a0d6f4dbf34f336534c17bb76ecd32f09,89,0.09637831151485443,0.04305209219455719
0,1,displacement_elevation_exog_v1,7,17dac7c5985891f27905e7056b45626a0d6f4dbf34f336534c17bb76ecd32f09,90,0.09558014571666718,0.0453614704310894
0,1,displacement_elevation_exog_v1,7,17dac7c5985891f27905e7056b45626a0d6f4dbf34f336534c17bb76ecd32f09,91,0.09475084394216537,0.045105017721652985
0,1,displacement_elevation_exog_v1,7,17dac7c5985891f27905e7056b45626a0d6f4dbf34f336534c17bb76ecd32f09,92,0.09389854222536087,0.04658215492963791
0,1,displacement_elevation_exog_v1,7,17dac7c5985891f27905e7056b45626a0d6f4dbf34f336534c17bb76ecd32f09,93,0.09303770214319229,0.0438973493874073
0,1,displacement_elevation_exog_v1,7,17dac7c5985891f27905e7056b45626a0d6f4dbf34f336534c17bb76ecd32f09,94,0.09219040721654892,0.04387086257338524
0,1,displacement_elevation_exog_v1,7,17dac7c5985891f27905e7056b45626a0d6f4dbf34f336534c17bb76ecd32f09,95,0.09134307503700256,0.04605061560869217
0,1,displacement_elevation_exog_v1,7,17dac7c5985891f27905e7056b45626a0d6f4dbf34f336534c17bb76ecd32f09,96,0.09048806875944138,0.0445312075316906
0,1,displacement_elevation_exog_v1,7,17dac7c5985891f27905e7056b45626a0d6f4dbf34f336534c17bb76ecd32f09,97,0.08962947130203247,0.044719889760017395
0,1,displacement_elevation_exog_v1,7,17dac7c5985891f27905e7056b45626a0d6f4dbf34f336534c17bb76ecd32f09,98,0.08877237141132355,0.04689418897032738
0,1,displacement_elevation_exog_v1,7,17dac7c5985891f27905e7056b45626a0d6f4dbf34f336534c17bb76ecd32f09,99,0.08788211643695831,0.057223811745643616
0,1,displacement_elevation_exog_v1,7,17dac7c5985891f27905e7056b45626a0d6f4dbf34f336534c17bb76ecd32f09,100,0.0870433822274208,0.07920172810554504
0,1,displacement_elevation_exog_v1,7,17dac7c5985891f27905e7056b45626a0d6f4dbf34f336534c17bb76ecd32f09,101,0.08610515296459198,0.04566342383623123
0,1,displacement_elevation_exog_v1,7,17dac7c5985891f27905e7056b45626a0d6f4dbf34f336534c17bb76ecd32f09,102,0.08527612686157227,0.07772087305784225
0,1,displacement_elevation_exog_v1,7,17dac7c5985891f27905e7056b45626a0d6f4dbf34f336534c17bb76ecd32f09,103,0.08451304584741592,0.08725229650735855
0,1,displacement_elevation_exog_v1,7,17dac7c5985891f27905e7056b45626a0d6f4dbf34f336534c17bb76ecd32f09,104,0.0836307480931282,0.05916474387049675
0,1,displacement_elevation_exog_v1,7,17dac7c5985891f27905e7056b45626a0d6f4dbf34f336534c17bb76ecd32f09,105,0.08298271149396896,0.13620507717132568
0,1,displacement_elevation_exog_v1,7,17dac7c5985891f27905e7056b45626a0d6f4dbf34f336534c17bb76ecd32f09,106,0.08217994123697281,0.10954834520816803
0,1,displacement_elevation_exog_v1,7,17dac7c5985891f27905e7056b45626a0d6f4dbf34f336534c17bb76ecd32f09,107,0.0812937319278717,0.0493202768266201
0,1,displacement_elevation_exog_v1,7,17dac7c5985891f27905e7056b45626a0d6f4dbf34f336534c17bb76ecd32f09,108,0.08063017576932907,0.09665679931640625
0,1,displacement_elevation_exog_v1,7,17dac7c5985891f27905e7056b45626a0d6f4dbf34f336534c17bb76ecd32f09,109,0.07979317009449005,0.038728442043066025
0,1,displacement_elevation_exog_v1,7,17dac7c5985891f27905e7056b45626a0d6f4dbf34f336534c17bb76ecd32f09,110,0.07911317050457001,0.07140538841485977
0,1,displacement_elevation_exog_v1,7,17dac7c5985891f27905e7056b45626a0d6f4dbf34f336534c17bb76ecd32f09,111,0.0783834457397461,0.04362481087446213
0,1,displacement_elevation_exog_v1,7,17dac7c5985891f27905e7056b45626a0d6f4dbf34f336534c17bb76ecd32f09,112,0.07770778238773346,0.0641181692481041
0,1,displacement_elevation_exog_v1,7,17dac7c5985891f27905e7056b45626a0d6f4dbf34f336534c17bb76ecd32f09,113,0.07698988914489746,0.05007070675492287
0,1,displacement_elevation_exog_v1,7,17dac7c5985891f27905e7056b45626a0d6f4dbf34f336534c17bb76ecd32f09,114,0.0762874111533165,0.047928594052791595
0,1,displacement_elevation_exog_v1,7,17dac7c5985891f27905e7056b45626a0d6f4dbf34f336534c17bb76ecd32f09,115,0.07561193406581879,0.05460458993911743
0,1,displacement_elevation_exog_v1,7,17dac7c5985891f27905e7056b45626a0d6f4dbf34f336534c17bb76ecd32f09,116,0.07492237538099289,0.042236000299453735
0,1,displacement_elevation_exog_v1,7,17dac7c5985891f27905e7056b45626a0d6f4dbf34f336534c17bb76ecd32f09,117,0.07423914968967438,0.04252009466290474
0,1,displacement_elevation_exog_v1,7,17dac7c5985891f27905e7056b45626a0d6f4dbf34f336534c17bb76ecd32f09,118,0.07359014451503754,0.04578679800033569
0,1,displacement_elevation_exog_v1,7,17dac7c5985891f27905e7056b45626a0d6f4dbf34f336534c17bb76ecd32f09,119,0.07293389737606049,0.03960000351071358
0,1,displacement_elevation_exog_v1,7,17dac7c5985891f27905e7056b45626a0d6f4dbf34f336534c17bb76ecd32f09,120,0.0723118931055069,0.05236208811402321
0,2,displacement_elevation_exog_v1,7,17dac7c5985891f27905e7056b45626a0d6f4dbf34f336534c17bb76ecd32f09,1,0.24672532081604004,0.14743243157863617
0,2,displacement_elevation_exog_v1,7,17dac7c5985891f27905e7056b45626a0d6f4dbf34f336534c17bb76ecd32f09,2,0.24222032725811005,0.13870958983898163
0,2,displacement_elevation_exog_v1,7,17dac7c5985891f27905e7056b45626a0d6f4dbf34f336534c17bb76ecd32f09,3,0.23815195262432098,0.12817835807800293
0,2,displacement_elevation_exog_v1,7,17dac7c5985891f27905e7056b45626a0d6f4dbf34f336534c17bb76ecd32f09,4,0.23446977138519287,0.12330889701843262
0,2,displacement_elevation_exog_v1,7,17dac7c5985891f27905e7056b45626a0d6f4dbf34f336534c17bb76ecd32f09,5,0.23109908401966095,0.11790807545185089
0,2,displacement_elevation_exog_v1,7,17dac7c5985891f27905e7056b45626a0d6f4dbf34f336534c17bb76ecd32f09,6,0.22800545394420624,0.11384919285774231
0,2,displacement_elevation_exog_v1,7,17dac7c5985891f27905e7056b45626a0d6f4dbf34f336534c17bb76ecd32f09,7,0.22509197890758514,0.10998896509408951
0,2,displacement_elevation_exog_v1,7,17dac7c5985891f27905e7056b45626a0d6f4dbf34f336534c17bb76ecd32f09,8,0.22234193980693817,0.1103471964597702
0,2,displacement_elevation_exog_v1,7,17dac7c5985891f27905e7056b45626a0d6f4dbf34f336534c17bb76ecd32f09,9,0.21973653137683868,0.10829493403434753
0,2,displacement_elevation_exog_v1,7,17dac7c5985891f27905e7056b45626a0d6f4dbf34f336534c17bb76ecd32f09,10,0.21713167428970337,0.10496968030929565
0,2,displacement_elevation_exog_v1,7,17dac7c5985891f27905e7056b45626a0d6f4dbf34f336534c17bb76ecd32f09,11,0.21453048288822174,0.10056240111589432
0,2,displacement_elevation_exog_v1,7,17dac7c5985891f27905e7056b45626a0d6f4dbf34f336534c17bb76ecd32f09,12,0.21190115809440613,0.09754220396280289
0,2,displacement_elevation_exog_v1,7,17dac7c5985891f27905e7056b45626a0d6f4dbf34f336534c17bb76ecd32f09,13,0.2093258947134018,0.0883379578590393
0,2,displacement_elevation_exog_v1,7,17dac7c5985891f27905e7056b45626a0d6f4dbf34f336534c17bb76ecd32f09,14,0.20700086653232574,0.08024806529283524
0,2,displacement_elevation_exog_v1,7,17dac7c5985891f27905e7056b45626a0d6f4dbf34f336534c17bb76ecd32f09,15,0.20496530830860138,0.07258888334035873
0,2,displacement_elevation_exog_v1,7,17dac7c5985891f27905e7056b45626a0d6f4dbf34f336534c17bb76ecd32f09,16,0.20329836010932922,0.06796775013208389
0,2,displacement_elevation_exog_v1,7,17dac7c5985891f27905e7056b45626a0d6f4dbf34f336534c17bb76ecd32f09,17,0.2019350677728653,0.0694526880979538
0,2,displacement_elevation_exog_v1,7,17dac7c5985891f27905e7056b45626a0d6f4dbf34f336534c17bb76ecd32f09,18,0.20063285529613495,0.07318069040775299
0,2,displacement_elevation_exog_v1,7,17dac7c5985891f27905e7056b45626a0d6f4dbf34f336534c17bb76ecd32f09,19,0.1991533488035202,0.07697351276874542
0,2,displacement_elevation_exog_v1,7,17dac7c5985891f27905e7056b45626a0d6f4dbf34f336534c17bb76ecd32f09,20,0.1974489986896515,0.07620888203382492
0,2,displacement_elevation_exog_v1,7,17dac7c5985891f27905e7056b45626a0d6f4dbf34f336534c17bb76ecd32f09,21,0.19555501639842987,0.07246540486812592
0,2,displacement_elevation_exog_v1,7,17dac7c5985891f27905e7056b45626a0d6f4dbf34f336534c17bb76ecd32f09,22,0.19358237087726593,0.06637775152921677
0,2,displacement_elevation_exog_v1,7,17dac7c5985891f27905e7056b45626a0d6f4dbf34f336534c17bb76ecd32f09,23,0.19165129959583282,0.06136002391576767
0,2,displacement_elevation_exog_v1,7,17dac7c5985891f27905e7056b45626a0d6f4dbf34f336534c17bb76ecd32f09,24,0.18980690836906433,0.05875396355986595
0,2,displacement_elevation_exog_v1,7,17dac7c5985891f27905e7056b45626a0d6f4dbf34f336534c17bb76ecd32f09,25,0.18803411722183228,0.0570150762796402
0,2,displacement_elevation_exog_v1,7,17dac7c5985891f27905e7056b45626a0d6f4dbf34f336534c17bb76ecd32f09,26,0.18636751174926758,0.05809728428721428
0,2,displacement_elevation_exog_v1,7,17dac7c5985891f27905e7056b45626a0d6f4dbf34f336534c17bb76ecd32f09,27,0.184795543551445,0.06173674389719963
0,2,displacement_elevation_exog_v1,7,17dac7c5985891f27905e7056b45626a0d6f4dbf34f336534c17bb76ecd32f09,28,0.1832132786512375,0.06405003368854523
0,2,displacement_elevation_exog_v1,7,17dac7c5985891f27905e7056b45626a0d6f4dbf34f336534c17bb76ecd32f09,29,0.18156678974628448,0.0635024756193161
0,2,displacement_elevation_exog_v1,7,17dac7c5985891f27905e7056b45626a0d6f4dbf34f336534c17bb76ecd32f09,30,0.17986419796943665,0.06211449205875397
0,2,displacement_elevation_exog_v1,7,17dac7c5985891f27905e7056b45626a0d6f4dbf34f336534c17bb76ecd32f09,31,0.17808637022972107,0.06005306541919708
0,2,displacement_elevation_exog_v1,7,17dac7c5985891f27905e7056b45626a0d6f4dbf34f336534c17bb76ecd32f09,32,0.17624080181121826,0.06022391468286514
0,2,displacement_elevation_exog_v1,7,17dac7c5985891f27905e7056b45626a0d6f4dbf34f336534c17bb76ecd32f09,33,0.17428837716579437,0.060559261590242386
0,2,displacement_elevation_exog_v1,7,17dac7c5985891f27905e7056b45626a0d6f4dbf34f336534c17bb76ecd32f09,34,0.172203928232193,0.06320098787546158
0,2,displacement_elevation_exog_v1,7,17dac7c5985891f27905e7056b45626a0d6f4dbf34f336534c17bb76ecd32f09,35,0.16995839774608612,0.064835324883461
0,2,displacement_elevation_exog_v1,7,17dac7c5985891f27905e7056b45626a0d6f4dbf34f336534c17bb76ecd32f09,36,0.16758905351161957,0.06192964315414429
0,2,displacement_elevation_exog_v1,7,17dac7c5985891f27905e7056b45626a0d6f4dbf34f336534c17bb76ecd32f09,37,0.16521432995796204,0.05914785712957382
0,2,displacement_elevation_exog_v1,7,17dac7c5985891f27905e7056b45626a0d6f4dbf34f336534c17bb76ecd32f09,38,0.16293488442897797,0.062205538153648376
0,2,displacement_elevation_exog_v1,7,17dac7c5985891f27905e7056b45626a0d6f4dbf34f336534c17bb76ecd32f09,39,0.16074328124523163,0.06880858540534973
0,2,displacement_elevation_exog_v1,7,17dac7c5985891f27905e7056b45626a0d6f4dbf34f336534c17bb76ecd32f09,40,0.1585502028465271,0.07636293768882751
0,2,displacement_elevation_exog_v1,7,17dac7c5985891f27905e7056b45626a0d6f4dbf34f336534c17bb76ecd32f09,41,0.15628086030483246,0.06755464524030685
0,2,displacement_elevation_exog_v1,7,17dac7c5985891f27905e7056b45626a0d6f4dbf34f336534c17bb76ecd32f09,42,0.15405628085136414,0.06476205587387085
0,2,displacement_elevation_exog_v1,7,17dac7c5985891f27905e7056b45626a0d6f4dbf34f336534c17bb76ecd32f09,43,0.15189358592033386,0.0735093206167221
0,2,displacement_elevation_exog_v1,7,17dac7c5985891f27905e7056b45626a0d6f4dbf34f336534c17bb76ecd32f09,44,0.1497223824262619,0.06628316640853882
0,2,displacement_elevation_exog_v1,7,17dac7c5985891f27905e7056b45626a0d6f4dbf34f336534c17bb76ecd32f09,45,0.1476835161447525,0.05703146010637283
0,2,displacement_elevation_exog_v1,7,17dac7c5985891f27905e7056b45626a0d6f4dbf34f336534c17bb76ecd32f09,46,0.14576855301856995,0.06344372779130936
0,2,displacement_elevation_exog_v1,7,17dac7c5985891f27905e7056b45626a0d6f4dbf34f336534c17bb76ecd32f09,47,0.14378488063812256,0.07100764662027359
0,2,displacement_elevation_exog_v1,7,17dac7c5985891f27905e7056b45626a0d6f4dbf34f336534c17bb76ecd32f09,48,0.14169961214065552,0.06906711310148239
0,2,displacement_elevation_exog_v1,7,17dac7c5985891f27905e7056b45626a0d6f4dbf34f336534c17bb76ecd32f09,49,0.13963696360588074,0.06726948916912079
0,2,displacement_elevation_exog_v1,7,17dac7c5985891f27905e7056b45626a0d6f4dbf34f336534c17bb76ecd32f09,50,0.13773205876350403,0.06300622224807739
0,2,displacement_elevation_exog_v1,7,17dac7c5985891f27905e7056b45626a0d6f4dbf34f336534c17bb76ecd32f09,51,0.13603003323078156,0.0651535764336586
0,2,displacement_elevation_exog_v1,7,17dac7c5985891f27905e7056b45626a0d6f4dbf34f336534c17bb76ecd32f09,52,0.13438209891319275,0.06902390718460083
0,2,displacement_elevation_exog_v1,7,17dac7c5985891f27905e7056b45626a0d6f4dbf34f336534c17bb76ecd32f09,53,0.13268183171749115,0.06002387776970863
0,2,displacement_elevation_exog_v1,7,17dac7c5985891f27905e7056b45626a0d6f4dbf34f336534c17bb76ecd32f09,54,0.1310427337884903,0.05046635493636131
0,2,displacement_elevation_exog_v1,7,17dac7c5985891f27905e7056b45626a0d6f4dbf34f336534c17bb76ecd32f09,55,0.129629984498024,0.05772281438112259
0,2,displacement_elevation_exog_v1,7,17dac7c5985891f27905e7056b45626a0d6f4dbf34f336534c17bb76ecd32f09,56,0.1283344030380249,0.05919463559985161
0,2,displacement_elevation_exog_v1,7,17dac7c5985891f27905e7056b45626a0d6f4dbf34f336534c17bb76ecd32f09,57,0.12707264721393585,0.05457799509167671
0,2,displacement_elevation_exog_v1,7,17dac7c5985891f27905e7056b45626a0d6f4dbf34f336534c17bb76ecd32f09,58,0.12598909437656403,0.053106337785720825
0,2,displacement_elevation_exog_v1,7,17dac7c5985891f27905e7056b45626a0d6f4dbf34f336534c17bb76ecd32f09,59,0.12496408820152283,0.056286074221134186
0,2,displacement_elevation_exog_v1,7,17dac7c5985891f27905e7056b45626a0d6f4dbf34f336534c17bb76ecd32f09,60,0.12385869771242142,0.04932469129562378
0,2,displacement_elevation_exog_v1,7,17dac7c5985891f27905e7056b45626a0d6f4dbf34f336534c17bb76ecd32f09,61,0.12284785509109497,0.05977560579776764
0,2,displacement_elevation_exog_v1,7,17dac7c5985891f27905e7056b45626a0d6f4dbf34f336534c17bb76ecd32f09,62,0.12179479002952576,0.06266139447689056
0,2,displacement_elevation_exog_v1,7,17dac7c5985891f27905e7056b45626a0d6f4dbf34f336534c17bb76ecd32f09,63,0.12071464210748672,0.05653081461787224
0,2,displacement_elevation_exog_v1,7,17dac7c5985891f27905e7056b45626a0d6f4dbf34f336534c17bb76ecd32f09,64,0.11968181282281876,0.050990745425224304
0,2,displacement_elevation_exog_v1,7,17dac7c5985891f27905e7056b45626a0d6f4dbf34f336534c17bb76ecd32f09,65,0.11870307475328445,0.04737911745905876
0,2,displacement_elevation_exog_v1,7,17dac7c5985891f27905e7056b45626a0d6f4dbf34f336534c17bb76ecd32f09,66,0.11787210404872894,0.05697081610560417
0,2,displacement_elevation_exog_v1,7,17dac7c5985891f27905e7056b45626a0d6f4dbf34f336534c17bb76ecd32f09,67,0.11706684529781342,0.058612726628780365
0,2,displacement_elevation_exog_v1,7,17dac7c5985891f27905e7056b45626a0d6f4dbf34f336534c17bb76ecd32f09,68,0.11622365564107895,0.06112010031938553
0,2,displacement_elevation_exog_v1,7,17dac7c5985891f27905e7056b45626a0d6f4dbf34f336534c17bb76ecd32f09,69,0.11529740691184998,0.06248573958873749
0,2,displacement_elevation_exog_v1,7,17dac7c5985891f27905e7056b45626a0d6f4dbf34f336534c17bb76ecd32f09,70,0.1142815351486206,0.05473644286394119
0,2,displacement_elevation_exog_v1,7,17dac7c5985891f27905e7056b45626a0d6f4dbf34f336534c17bb76ecd32f09,71,0.11327209323644638,0.05631584674119949
0,2,displacement_elevation_exog_v1,7,17dac7c5985891f27905e7056b45626a0d6f4dbf34f336534c17bb76ecd32f09,72,0.11225215345621109,0.049727778881788254
0,2,displacement_elevation_exog_v1,7,17dac7c5985891f27905e7056b45626a0d6f4dbf34f336534c17bb76ecd32f09,73,0.11127650737762451,0.05621843412518501
0,2,displacement_elevation_exog_v1,7,17dac7c5985891f27905e7056b45626a0d6f4dbf34f336534c17bb76ecd32f09,74,0.11024682223796844,0.0456862635910511
0,2,displacement_elevation_exog_v1,7,17dac7c5985891f27905e7056b45626a0d6f4dbf34f336534c17bb76ecd32f09,75,0.10927321016788483,0.049054794013500214
0,2,displacement_elevation_exog_v1,7,17dac7c5985891f27905e7056b45626a0d6f4dbf34f336534c17bb76ecd32f09,76,0.10833393782377243,0.051589932292699814
0,2,displacement_elevation_exog_v1,7,17dac7c5985891f27905e7056b45626a0d6f4dbf34f336534c17bb76ecd32f09,77,0.10735602676868439,0.048636022955179214
0,2,displacement_elevation_exog_v1,7,17dac7c5985891f27905e7056b45626a0d6f4dbf34f336534c17bb76ecd32f09,78,0.10637643933296204,0.04938724264502525
0,2,displacement_elevation_exog_v1,7,17dac7c5985891f27905e7056b45626a0d6f4dbf34f336534c17bb76ecd32f09,79,0.10536877065896988,0.04625792056322098
0,2,displacement_elevation_exog_v1,7,17dac7c5985891f27905e7056b45626a0d6f4dbf34f336534c17bb76ecd32f09,80,0.1043294370174408,0.049131810665130615
0,2,displacement_elevation_exog_v1,7,17dac7c5985891f27905e7056b45626a0d6f4dbf34f336534c17bb76ecd32f09,81,0.10328707844018936,0.055733904242515564
0,2,displacement_elevation_exog_v1,7,17dac7c5985891f27905e7056b45626a0d6f4dbf34f336534c17bb76ecd32f09,82,0.10224485397338867,0.05769481882452965
0,2,displacement_elevation_exog_v1,7,17dac7c5985891f27905e7056b45626a0d6f4dbf34f336534c17bb76ecd32f09,83,0.10118915140628815,0.06903694570064545
0,2,displacement_elevation_exog_v1,7,17dac7c5985891f27905e7056b45626a0d6f4dbf34f336534c17bb76ecd32f09,84,0.10011298954486847,0.05744956433773041
0,2,displacement_elevation_exog_v1,7,17dac7c5985891f27905e7056b45626a0d6f4dbf34f336534c17bb76ecd32f09,85,0.09910927712917328,0.06834611296653748
0,2,displacement_elevation_exog_v1,7,17dac7c5985891f27905e7056b45626a0d6f4dbf34f336534c17bb76ecd32f09,86,0.09807299822568893,0.05265042185783386
0,2,displacement_elevation_exog_v1,7,17dac7c5985891f27905e7056b45626a0d6f4dbf34f336534c17bb76ecd32f09,87,0.09711463004350662,0.05756399407982826
0,2,displacement_elevation_exog_v1,7,17dac7c5985891f27905e7056b45626a0d6f4dbf34f336534c17bb76ecd32f09,88,0.09618514776229858,0.055449023842811584
0,2,displacement_elevation_exog_v1,7,17dac7c5985891f27905e7056b45626a0d6f4dbf34f336534c17bb76ecd32f09,89,0.09532763808965683,0.06539317220449448
0,2,displacement_elevation_exog_v1,7,17dac7c5985891f27905e7056b45626a0d6f4dbf34f336534c17bb76ecd32f09,90,0.09447479993104935,0.047122009098529816
0,2,displacement_elevation_exog_v1,7,17dac7c5985891f27905e7056b45626a0d6f4dbf34f336534c17bb76ecd32f09,91,0.09373903274536133,0.06955531984567642
0,2,displacement_elevation_exog_v1,7,17dac7c5985891f27905e7056b45626a0d6f4dbf34f336534c17bb76ecd32f09,92,0.09301164001226425,0.08310441672801971
0,2,displacement_elevation_exog_v1,7,17dac7c5985891f27905e7056b45626a0d6f4dbf34f336534c17bb76ecd32f09,93,0.09222159534692764,0.050256989896297455
0,2,displacement_elevation_exog_v1,7,17dac7c5985891f27905e7056b45626a0d6f4dbf34f336534c17bb76ecd32f09,94,0.09151194989681244,0.052057236433029175
0,2,displacement_elevation_exog_v1,7,17dac7c5985891f27905e7056b45626a0d6f4dbf34f336534c17bb76ecd32f09,95,0.09084693342447281,0.06335537880659103
0,2,displacement_elevation_exog_v1,7,17dac7c5985891f27905e7056b45626a0d6f4dbf34f336534c17bb76ecd32f09,96,0.09008572995662689,0.04287124052643776
0,2,displacement_elevation_exog_v1,7,17dac7c5985891f27905e7056b45626a0d6f4dbf34f336534c17bb76ecd32f09,97,0.0894053652882576,0.0625147745013237
0,2,displacement_elevation_exog_v1,7,17dac7c5985891f27905e7056b45626a0d6f4dbf34f336534c17bb76ecd32f09,98,0.08867865055799484,0.061485037207603455
0,2,displacement_elevation_exog_v1,7,17dac7c5985891f27905e7056b45626a0d6f4dbf34f336534c17bb76ecd32f09,99,0.08795411884784698,0.04977773129940033
0,2,displacement_elevation_exog_v1,7,17dac7c5985891f27905e7056b45626a0d6f4dbf34f336534c17bb76ecd32f09,100,0.08731338381767273,0.07029582560062408
0,2,displacement_elevation_exog_v1,7,17dac7c5985891f27905e7056b45626a0d6f4dbf34f336534c17bb76ecd32f09,101,0.08658663928508759,0.05495214834809303
0,2,displacement_elevation_exog_v1,7,17dac7c5985891f27905e7056b45626a0d6f4dbf34f336534c17bb76ecd32f09,102,0.08591371774673462,0.07814008742570877
0,2,displacement_elevation_exog_v1,7,17dac7c5985891f27905e7056b45626a0d6f4dbf34f336534c17bb76ecd32f09,103,0.08525259792804718,0.08191193640232086
0,2,displacement_elevation_exog_v1,7,17dac7c5985891f27905e7056b45626a0d6f4dbf34f336534c17bb76ecd32f09,104,0.08452368527650833,0.0524275042116642
0,2,displacement_elevation_exog_v1,7,17dac7c5985891f27905e7056b45626a0d6f4dbf34f336534c17bb76ecd32f09,105,0.08387548476457596,0.06236887350678444
0,2,displacement_elevation_exog_v1,7,17dac7c5985891f27905e7056b45626a0d6f4dbf34f336534c17bb76ecd32f09,106,0.08323872834444046,0.08920427411794662
0,2,displacement_elevation_exog_v1,7,17dac7c5985891f27905e7056b45626a0d6f4dbf34f336534c17bb76ecd32f09,107,0.08257563412189484,0.06932082027196884
0,2,displacement_elevation_exog_v1,7,17dac7c5985891f27905e7056b45626a0d6f4dbf34f336534c17bb76ecd32f09,108,0.0818861871957779,0.042872354388237
0,2,displacement_elevation_exog_v1,7,17dac7c5985891f27905e7056b45626a0d6f4dbf34f336534c17bb76ecd32f09,109,0.08128967136144638,0.061358388513326645
0,2,displacement_elevation_exog_v1,7,17dac7c5985891f27905e7056b45626a0d6f4dbf34f336534c17bb76ecd32f09,110,0.08080882579088211,0.1136198565363884
0,2,displacement_elevation_exog_v1,7,17dac7c5985891f27905e7056b45626a0d6f4dbf34f336534c17bb76ecd32f09,111,0.08028793334960938,0.14893244206905365
0,2,displacement_elevation_exog_v1,7,17dac7c5985891f27905e7056b45626a0d6f4dbf34f336534c17bb76ecd32f09,112,0.07966520637273788,0.11838553100824356
0,2,displacement_elevation_exog_v1,7,17dac7c5985891f27905e7056b45626a0d6f4dbf34f336534c17bb76ecd32f09,113,0.07895196229219437,0.05269142985343933
0,2,displacement_elevation_exog_v1,7,17dac7c5985891f27905e7056b45626a0d6f4dbf34f336534c17bb76ecd32f09,114,0.07841554284095764,0.08160509914159775
0,2,displacement_elevation_exog_v1,7,17dac7c5985891f27905e7056b45626a0d6f4dbf34f336534c17bb76ecd32f09,115,0.0781940370798111,0.1687585562467575
0,2,displacement_elevation_exog_v1,7,17dac7c5985891f27905e7056b45626a0d6f4dbf34f336534c17bb76ecd32f09,116,0.07757341116666794,0.15731538832187653
0,2,displacement_elevation_exog_v1,7,17dac7c5985891f27905e7056b45626a0d6f4dbf34f336534c17bb76ecd32f09,117,0.07684717327356339,0.060684528201818466
0,2,displacement_elevation_exog_v1,7,17dac7c5985891f27905e7056b45626a0d6f4dbf34f336534c17bb76ecd32f09,118,0.07639089226722717,0.09031753987073898
0,2,displacement_elevation_exog_v1,7,17dac7c5985891f27905e7056b45626a0d6f4dbf34f336534c17bb76ecd32f09,119,0.07601488381624222,0.14071056246757507
0,2,displacement_elevation_exog_v1,7,17dac7c5985891f27905e7056b45626a0d6f4dbf34f336534c17bb76ecd32f09,120,0.07540308684110641,0.09157132357358932
0,3,displacement_elevation_exog_v1,7,17dac7c5985891f27905e7056b45626a0d6f4dbf34f336534c17bb76ecd32f09,1,0.22551366686820984,0.10459571331739426
0,3,displacement_elevation_exog_v1,7,17dac7c5985891f27905e7056b45626a0d6f4dbf34f336534c17bb76ecd32f09,2,0.22217462956905365,0.09753797203302383
0,3,displacement_elevation_exog_v1,7,17dac7c5985891f27905e7056b45626a0d6f4dbf34f336534c17bb76ecd32f09,3,0.21911916136741638,0.09113401919603348
0,3,displacement_elevation_exog_v1,7,17dac7c5985891f27905e7056b45626a0d6f4dbf34f336534c17bb76ecd32f09,4,0.21629618108272552,0.0870402604341507
0,3,displacement_elevation_exog_v1,7,17dac7c5985891f27905e7056b45626a0d6f4dbf34f336534c17bb76ecd32f09,5,0.21366733312606812,0.08273672312498093
0,3,displacement_elevation_exog_v1,7,17dac7c5985891f27905e7056b45626a0d6f4dbf34f336534c17bb76ecd32f09,6,0.21118749678134918,0.07963818311691284
0,3,displacement_elevation_exog_v1,7,17dac7c5985891f27905e7056b45626a0d6f4dbf34f336534c17bb76ecd32f09,7,0.20882347226142883,0.0752362608909607
0,3,displacement_elevation_exog_v1,7,17dac7c5985891f27905e7056b45626a0d6f4dbf34f336534c17bb76ecd32f09,8,0.20666508376598358,0.06809789687395096
0,3,displacement_elevation_exog_v1,7,17dac7c5985891f27905e7056b45626a0d6f4dbf34f336534c17bb76ecd32f09,9,0.2047128975391388,0.0652356743812561
0,3,displacement_elevation_exog_v1,7,17dac7c5985891f27905e7056b45626a0d6f4dbf34f336534c17bb76ecd32f09,10,0.20288139581680298,0.061527058482170105
0,3,displacement_elevation_exog_v1,7,17dac7c5985891f27905e7056b45626a0d6f4dbf34f336534c17bb76ecd32f09,11,0.20117859542369843,0.05766872689127922
0,3,displacement_elevation_exog_v1,7,17dac7c5985891f27905e7056b45626a0d6f4dbf34f336534c17bb76ecd32f09,12,0.19963887333869934,0.054933812469244
0,3,displacement_elevation_exog_v1,7,17dac7c5985891f27905e7056b45626a0d6f4dbf34f336534c17bb76ecd32f09,13,0.1982424557209015,0.05393194034695625
0,3,displacement_elevation_exog_v1,7,17dac7c5985891f27905e7056b45626a0d6f4dbf34f336534c17bb76ecd32f09,14,0.19692866504192352,0.05575549602508545
0,3,displacement_elevation_exog_v1,7,17dac7c5985891f27905e7056b45626a0d6f4dbf34f336534c17bb76ecd32f09,15,0.19560930132865906,0.05614852532744408
0,3,displacement_elevation_exog_v1,7,17dac7c5985891f27905e7056b45626a0d6f4dbf34f336534c17bb76ecd32f09,16,0.19420702755451202,0.05537253990769386
0,3,displacement_elevation_exog_v1,7,17dac7c5985891f27905e7056b45626a0d6f4dbf34f336534c17bb76ecd32f09,17,0.19268734753131866,0.05597406625747681
0,3,displacement_elevation_exog_v1,7,17dac7c5985891f27905e7056b45626a0d6f4dbf34f336534c17bb76ecd32f09,18,0.19110336899757385,0.05753353238105774
0,3,displacement_elevation_exog_v1,7,17dac7c5985891f27905e7056b45626a0d6f4dbf34f336534c17bb76ecd32f09,19,0.18942832946777344,0.05807599797844887
0,3,displacement_elevation_exog_v1,7,17dac7c5985891f27905e7056b45626a0d6f4dbf34f336534c17bb76ecd32f09,20,0.18765252828598022,0.05892036855220795
0,3,displacement_elevation_exog_v1,7,17dac7c5985891f27905e7056b45626a0d6f4dbf34f336534c17bb76ecd32f09,21,0.1857936978340149,0.06088767200708389
0,3,displacement_elevation_exog_v1,7,17dac7c5985891f27905e7056b45626a0d6f4dbf34f336534c17bb76ecd32f09,22,0.18387529253959656,0.06366727501153946
0,3,displacement_elevation_exog_v1,7,17dac7c5985891f27905e7056b45626a0d6f4dbf34f336534c17bb76ecd32f09,23,0.1818743199110031,0.0671992227435112
0,3,displacement_elevation_exog_v1,7,17dac7c5985891f27905e7056b45626a0d6f4dbf34f336534c17bb76ecd32f09,24,0.17976081371307373,0.07069436460733414
0,3,displacement_elevation_exog_v1,7,17dac7c5985891f27905e7056b45626a0d6f4dbf34f336534c17bb76ecd32f09,25,0.17749404907226562,0.07453716546297073
0,3,displacement_elevation_exog_v1,7,17dac7c5985891f27905e7056b45626a0d6f4dbf34f336534c17bb76ecd32f09,26,0.17511892318725586,0.07448456436395645
0,3,displacement_elevation_exog_v1,7,17dac7c5985891f27905e7056b45626a0d6f4dbf34f336534c17bb76ecd32f09,27,0.17274825274944305,0.07177989184856415
0,3,displacement_elevation_exog_v1,7,17dac7c5985891f27905e7056b45626a0d6f4dbf34f336534c17bb76ecd32f09,28,0.1704813688993454,0.07006547600030899
0,3,displacement_elevation_exog_v1,7,17dac7c5985891f27905e7056b45626a0d6f4dbf34f336534c17bb76ecd32f09,29,0.16836778819561005,0.07187419384717941
0,3,displacement_elevation_exog_v1,7,17dac7c5985891f27905e7056b45626a0d6f4dbf34f336534c17bb76ecd32f09,30,0.16625230014324188,0.07268406450748444
0,3,displacement_elevation_exog_v1,7,17dac7c5985891f27905e7056b45626a0d6f4dbf34f336534c17bb76ecd32f09,31,0.1640409678220749,0.07278979569673538
0,3,displacement_elevation_exog_v1,7,17dac7c5985891f27905e7056b45626a0d6f4dbf34f336534c17bb76ecd32f09,32,0.16177424788475037,0.07191402465105057
0,3,displacement_elevation_exog_v1,7,17dac7c5985891f27905e7056b45626a0d6f4dbf34f336534c17bb76ecd32f09,33,0.1595020890235901,0.07191209495067596
0,3,displacement_elevation_exog_v1,7,17dac7c5985891f27905e7056b45626a0d6f4dbf34f336534c17bb76ecd32f09,34,0.15730908513069153,0.0674605667591095
0,3,displacement_elevation_exog_v1,7,17dac7c5985891f27905e7056b45626a0d6f4dbf34f336534c17bb76ecd32f09,35,0.15525083243846893,0.05942906066775322
0,3,displacement_elevation_exog_v1,7,17dac7c5985891f27905e7056b45626a0d6f4dbf34f336534c17bb76ecd32f09,36,0.15338198840618134,0.056693438440561295
0,3,displacement_elevation_exog_v1,7,17dac7c5985891f27905e7056b45626a0d6f4dbf34f336534c17bb76ecd32f09,37,0.15165399014949799,0.05382131040096283
0,3,displacement_elevation_exog_v1,7,17dac7c5985891f27905e7056b45626a0d6f4dbf34f336534c17bb76ecd32f09,38,0.1500404328107834,0.05205449461936951
0,3,displacement_elevation_exog_v1,7,17dac7c5985891f27905e7056b45626a0d6f4dbf34f336534c17bb76ecd32f09,39,0.14852149784564972,0.058115992695093155
0,3,displacement_elevation_exog_v1,7,17dac7c5985891f27905e7056b45626a0d6f4dbf34f336534c17bb76ecd32f09,40,0.14702154695987701,0.061890315264463425
0,3,displacement_elevation_exog_v1,7,17dac7c5985891f27905e7056b45626a0d6f4dbf34f336534c17bb76ecd32f09,41,0.1454671323299408,0.059156499803066254
0,3,displacement_elevation_exog_v1,7,17dac7c5985891f27905e7056b45626a0d6f4dbf34f336534c17bb76ecd32f09,42,0.1438879817724228,0.05278632417321205
0,3,displacement_elevation_exog_v1,7,17dac7c5985891f27905e7056b45626a0d6f4dbf34f336534c17bb76ecd32f09,43,0.14236101508140564,0.05378265678882599
0,3,displacement_elevation_exog_v1,7,17dac7c5985891f27905e7056b45626a0d6f4dbf34f336534c17bb76ecd32f09,44,0.14086270332336426,0.05980304628610611
0,3,displacement_elevation_exog_v1,7,17dac7c5985891f27905e7056b45626a0d6f4dbf34f336534c17bb76ecd32f09,45,0.13932634890079498,0.05162348225712776
0,3,displacement_elevation_exog_v1,7,17dac7c5985891f27905e7056b45626a0d6f4dbf34f336534c17bb76ecd32f09,46,0.13780546188354492,0.0471789725124836
0,3,displacement_elevation_exog_v1,7,17dac7c5985891f27905e7056b45626a0d6f4dbf34f336534c17bb76ecd32f09,47,0.13636720180511475,0.0505543127655983
0,3,displacement_elevation_exog_v1,7,17dac7c5985891f27905e7056b45626a0d6f4dbf34f336534c17bb76ecd32f09,48,0.13494272530078888,0.05146414786577225
0,3,displacement_elevation_exog_v1,7,17dac7c5985891f27905e7056b45626a0d6f4dbf34f336534c17bb76ecd32f09,49,0.13353998959064484,0.05071094632148743
0,3,displacement_elevation_exog_v1,7,17dac7c5985891f27905e7056b45626a0d6f4dbf34f336534c17bb76ecd32f09,50,0.13213644921779633,0.05436555668711662
0,3,displacement_elevation_exog_v1,7,17dac7c5985891f27905e7056b45626a0d6f4dbf34f336534c17bb76ecd32f09,51,0.13069550693035126,0.050346508622169495
0,3,displacement_elevation_exog_v1,7,17dac7c5985891f27905e7056b45626a0d6f4dbf34f336534c17bb76ecd32f09,52,0.12926962971687317,0.0503261536359787
0,3,displacement_elevation_exog_v1,7,17dac7c5985891f27905e7056b45626a0d6f4dbf34f336534c17bb76ecd32f09,53,0.12782754004001617,0.05361735448241234
0,3,displacement_elevation_exog_v1,7,17dac7c5985891f27905e7056b45626a0d6f4dbf34f336534c17bb76ecd32f09,54,0.1263468861579895,0.04767686128616333
0,3,displacement_elevation_exog_v1,7,17dac7c5985891f27905e7056b45626a0d6f4dbf34f336534c17bb76ecd32f09,55,0.12489917874336243,0.053982723504304886
0,3,displacement_elevation_exog_v1,7,17dac7c5985891f27905e7056b45626a0d6f4dbf34f336534c17bb76ecd32f09,56,0.12340708076953888,0.05092218145728111
0,3,displacement_elevation_exog_v1,7,17dac7c5985891f27905e7056b45626a0d6f4dbf34f336534c17bb76ecd32f09,57,0.12199150025844574,0.04673008993268013
0,3,displacement_elevation_exog_v1,7,17dac7c5985891f27905e7056b45626a0d6f4dbf34f336534c17bb76ecd32f09,58,0.12070325016975403,0.051991552114486694
0,3,displacement_elevation_exog_v1,7,17dac7c5985891f27905e7056b45626a0d6f4dbf34f336534c17bb76ecd32f09,59,0.11947688460350037,0.04730100557208061
0,3,displacement_elevation_exog_v1,7,17dac7c5985891f27905e7056b45626a0d6f4dbf34f336534c17bb76ecd32f09,60,0.11835382133722305,0.04987025633454323
0,3,displacement_elevation_exog_v1,7,17dac7c5985891f27905e7056b45626a0d6f4dbf34f336534c17bb76ecd32f09,61,0.11729904264211655,0.05408637225627899
0,3,displacement_elevation_exog_v1,7,17dac7c5985891f27905e7056b45626a0d6f4dbf34f336534c17bb76ecd32f09,62,0.11624740809202194,0.04692832753062248
0,3,displacement_elevation_exog_v1,7,17dac7c5985891f27905e7056b45626a0d6f4dbf34f336534c17bb76ecd32f09,63,0.11524783819913864,0.047293681651353836
0,3,displacement_elevation_exog_v1,7,17dac7c5985891f27905e7056b45626a0d6f4dbf34f336534c17bb76ecd32f09,64,0.11427921056747437,0.05157257989048958
0,3,displacement_elevation_exog_v1,7,17dac7c5985891f27905e7056b45626a0d6f4dbf34f336534c17bb76ecd32f09,65,0.11325588077306747,0.04685833677649498
0,3,displacement_elevation_exog_v1,7,17dac7c5985891f27905e7056b45626a0d6f4dbf34f336534c17bb76ecd32f09,66,0.11228202283382416,0.0471770353615284
0,3,displacement_elevation_exog_v1,7,17dac7c5985891f27905e7056b45626a0d6f4dbf34f336534c17bb76ecd32f09,67,0.11137832701206207,0.04826292768120766
0,3,displacement_elevation_exog_v1,7,17dac7c5985891f27905e7056b45626a0d6f4dbf34f336534c17bb76ecd32f09,68,0.11049707978963852,0.053467053920030594
0,3,displacement_elevation_exog_v1,7,17dac7c5985891f27905e7056b45626a0d6f4dbf34f336534c17bb76ecd32f09,69,0.10954128950834274,0.050807658582925797
0,3,displacement_elevation_exog_v1,7,17dac7c5985891f27905e7056b45626a0d6f4dbf34f336534c17bb76ecd32f09,70,0.1085490956902504,0.048786211758852005
0,3,displacement_elevation_exog_v1,7,17dac7c5985891f27905e7056b45626a0d6f4dbf34f336534c17bb76ecd32f09,71,0.10757376998662949,0.042664140462875366
0,3,displacement_elevation_exog_v1,7,17dac7c5985891f27905e7056b45626a0d6f4dbf34f336534c17bb76ecd32f09,72,0.10671661049127579,0.053117815405130386
0,3,displacement_elevation_exog_v1,7,17dac7c5985891f27905e7056b45626a0d6f4dbf34f336534c17bb76ecd32f09,73,0.10583173483610153,0.04256700724363327
0,3,displacement_elevation_exog_v1,7,17dac7c5985891f27905e7056b45626a0d6f4dbf34f336534c17bb76ecd32f09,74,0.1050095483660698,0.04981400445103645
0,3,displacement_elevation_exog_v1,7,17dac7c5985891f27905e7056b45626a0d6f4dbf34f336534c17bb76ecd32f09,75,0.10419762134552002,0.03911959379911423
0,3,displacement_elevation_exog_v1,7,17dac7c5985891f27905e7056b45626a0d6f4dbf34f336534c17bb76ecd32f09,76,0.10343372821807861,0.04129647836089134
0,3,displacement_elevation_exog_v1,7,17dac7c5985891f27905e7056b45626a0d6f4dbf34f336534c17bb76ecd32f09,77,0.1026746854186058,0.039520151913166046
0,3,displacement_elevation_exog_v1,7,17dac7c5985891f27905e7056b45626a0d6f4dbf34f336534c17bb76ecd32f09,78,0.10191681981086731,0.04318320006132126
0,3,displacement_elevation_exog_v1,7,17dac7c5985891f27905e7056b45626a0d6f4dbf34f336534c17bb76ecd32f09,79,0.1011318787932396,0.04135608673095703
0,3,displacement_elevation_exog_v1,7,17dac7c5985891f27905e7056b45626a0d6f4dbf34f336534c17bb76ecd32f09,80,0.10034051537513733,0.03841947764158249
0,3,displacement_elevation_exog_v1,7,17dac7c5985891f27905e7056b45626a0d6f4dbf34f336534c17bb76ecd32f09,81,0.09955133497714996,0.03994269296526909
0,3,displacement_elevation_exog_v1,7,17dac7c5985891f27905e7056b45626a0d6f4dbf34f336534c17bb76ecd32f09,82,0.09877220541238785,0.0392024926841259
0,3,displacement_elevation_exog_v1,7,17dac7c5985891f27905e7056b45626a0d6f4dbf34f336534c17bb76ecd32f09,83,0.09801506996154785,0.03773818165063858
0,3,displacement_elevation_exog_v1,7,17dac7c5985891f27905e7056b45626a0d6f4dbf34f336534c17bb76ecd32f09,84,0.09727142751216888,0.03695867210626602
0,3,displacement_elevation_exog_v1,7,17dac7c5985891f27905e7056b45626a0d6f4dbf34f336534c17bb76ecd32f09,85,0.09653522074222565,0.037252116948366165
0,3,displacement_elevation_exog_v1,7,17dac7c5985891f27905e7056b45626a0d6f4dbf34f336534c17bb76ecd32f09,86,0.0957854688167572,0.036893151700496674
0,3,displacement_elevation_exog_v1,7,17dac7c5985891f27905e7056b45626a0d6f4dbf34f336534c17bb76ecd32f09,87,0.09503360092639923,0.037663187831640244
0,3,displacement_elevation_exog_v1,7,17dac7c5985891f27905e7056b45626a0d6f4dbf34f336534c17bb76ecd32f09,88,0.09428595006465912,0.037454068660736084
0,3,displacement_elevation_exog_v1,7,17dac7c5985891f27905e7056b45626a0d6f4dbf34f336534c17bb76ecd32f09,89,0.09354221820831299,0.03612937778234482
0,3,displacement_elevation_exog_v1,7,17dac7c5985891f27905e7056b45626a0d6f4dbf34f336534c17bb76ecd32f09,90,0.09282451122999191,0.039903100579977036
0,3,displacement_elevation_exog_v1,7,17dac7c5985891f27905e7056b45626a0d6f4dbf34f336534c17bb76ecd32f09,91,0.09210836887359619,0.03913117200136185
0,3,displacement_elevation_exog_v1,7,17dac7c5985891f27905e7056b45626a0d6f4dbf34f336534c17bb76ecd32f09,92,0.09139114618301392,0.04290235787630081
0,3,displacement_elevation_exog_v1,7,17dac7c5985891f27905e7056b45626a0d6f4dbf34f336534c17bb76ecd32f09,93,0.09066958725452423,0.03636956959962845
0,3,displacement_elevation_exog_v1,7,17dac7c5985891f27905e7056b45626a0d6f4dbf34f336534c17bb76ecd32f09,94,0.08998221904039383,0.04427250102162361
0,3,displacement_elevation_exog_v1,7,17dac7c5985891f27905e7056b45626a0d6f4dbf34f336534c17bb76ecd32f09,95,0.08929339796304703,0.04830777272582054
0,3,displacement_elevation_exog_v1,7,17dac7c5985891f27905e7056b45626a0d6f4dbf34f336534c17bb76ecd32f09,96,0.08859015256166458,0.03933173790574074
0,3,displacement_elevation_exog_v1,7,17dac7c5985891f27905e7056b45626a0d6f4dbf34f336534c17bb76ecd32f09,97,0.08791184425354004,0.04733970761299133
0,3,displacement_elevation_exog_v1,7,17dac7c5985891f27905e7056b45626a0d6f4dbf34f336534c17bb76ecd32f09,98,0.08723753690719604,0.05465632304549217
0,3,displacement_elevation_exog_v1,7,17dac7c5985891f27905e7056b45626a0d6f4dbf34f336534c17bb76ecd32f09,99,0.08655266463756561,0.04776008427143097
0,3,displacement_elevation_exog_v1,7,17dac7c5985891f27905e7056b45626a0d6f4dbf34f336534c17bb76ecd32f09,100,0.08586791902780533,0.0362359955906868
0,3,displacement_elevation_exog_v1,7,17dac7c5985891f27905e7056b45626a0d6f4dbf34f336534c17bb76ecd32f09,101,0.08524259924888611,0.05240944027900696
0,3,displacement_elevation_exog_v1,7,17dac7c5985891f27905e7056b45626a0d6f4dbf34f336534c17bb76ecd32f09,102,0.08461759239435196,0.057393282651901245
0,3,displacement_elevation_exog_v1,7,17dac7c5985891f27905e7056b45626a0d6f4dbf34f336534c17bb76ecd32f09,103,0.0839708000421524,0.048753686249256134
0,3,displacement_elevation_exog_v1,7,17dac7c5985891f27905e7056b45626a0d6f4dbf34f336534c17bb76ecd32f09,104,0.08334596455097198,0.03741131350398064
0,3,displacement_elevation_exog_v1,7,17dac7c5985891f27905e7056b45626a0d6f4dbf34f336534c17bb76ecd32f09,105,0.0827430784702301,0.03288150951266289
0,3,displacement_elevation_exog_v1,7,17dac7c5985891f27905e7056b45626a0d6f4dbf34f336534c17bb76ecd32f09,106,0.0821651816368103,0.05092312768101692
0,3,displacement_elevation_exog_v1,7,17dac7c5985891f27905e7056b45626a0d6f4dbf34f336534c17bb76ecd32f09,107,0.08162657916545868,0.0714130625128746
0,3,displacement_elevation_exog_v1,7,17dac7c5985891f27905e7056b45626a0d6f4dbf34f336534c17bb76ecd32f09,108,0.08105137199163437,0.07316577434539795
0,3,displacement_elevation_exog_v1,7,17dac7c5985891f27905e7056b45626a0d6f4dbf34f336534c17bb76ecd32f09,109,0.08047688752412796,0.06182350218296051
0,3,displacement_elevation_exog_v1,7,17dac7c5985891f27905e7056b45626a0d6f4dbf34f336534c17bb76ecd32f09,110,0.07993222773075104,0.051649000495672226
0,3,displacement_elevation_exog_v1,7,17dac7c5985891f27905e7056b45626a0d6f4dbf34f336534c17bb76ecd32f09,111,0.07941628247499466,0.05509992688894272
0,3,displacement_elevation_exog_v1,7,17dac7c5985891f27905e7056b45626a0d6f4dbf34f336534c17bb76ecd32f09,112,0.07889318466186523,0.04973364248871803
0,3,displacement_elevation_exog_v1,7,17dac7c5985891f27905e7056b45626a0d6f4dbf34f336534c17bb76ecd32f09,113,0.07838065177202225,0.04003317281603813
0,3,displacement_elevation_exog_v1,7,17dac7c5985891f27905e7056b45626a0d6f4dbf34f336534c17bb76ecd32f09,114,0.07789067178964615,0.039082739502191544
0,3,displacement_elevation_exog_v1,7,17dac7c5985891f27905e7056b45626a0d6f4dbf34f336534c17bb76ecd32f09,115,0.07739457488059998,0.037531908601522446
0,3,displacement_elevation_exog_v1,7,17dac7c5985891f27905e7056b45626a0d6f4dbf34f336534c17bb76ecd32f09,116,0.07694865763187408,0.05903978273272514
0,3,displacement_elevation_exog_v1,7,17dac7c5985891f27905e7056b45626a0d6f4dbf34f336534c17bb76ecd32f09,117,0.07655154168605804,0.10485246777534485
0,3,displacement_elevation_exog_v1,7,17dac7c5985891f27905e7056b45626a0d6f4dbf34f336534c17bb76ecd32f09,118,0.07640884071588516,0.17883728444576263
0,3,displacement_elevation_exog_v1,7,17dac7c5985891f27905e7056b45626a0d6f4dbf34f336534c17bb76ecd32f09,119,0.07604627311229706,0.17854483425617218
0,3,displacement_elevation_exog_v1,7,17dac7c5985891f27905e7056b45626a0d6f4dbf34f336534c17bb76ecd32f09,120,0.07520627230405807,0.07550565898418427
1,1,displacement_elevation_exog_v1,7,17dac7c5985891f27905e7056b45626a0d6f4dbf34f336534c17bb76ecd32f09,1,0.3101319372653961,0.30823299288749695
1,1,displacement_elevation_exog_v1,7,17dac7c5985891f27905e7056b45626a0d6f4dbf34f336534c17bb76ecd32f09,2,0.3026084899902344,0.30842119455337524
1,1,displacement_elevation_exog_v1,7,17dac7c5985891f27905e7056b45626a0d6f4dbf34f336534c17bb76ecd32f09,3,0.2956938147544861,0.30561909079551697
1,1,displacement_elevation_exog_v1,7,17dac7c5985891f27905e7056b45626a0d6f4dbf34f336534c17bb76ecd32f09,4,0.28911522030830383,0.3014339804649353
1,1,displacement_elevation_exog_v1,7,17dac7c5985891f27905e7056b45626a0d6f4dbf34f336534c17bb76ecd32f09,5,0.28274500370025635,0.29334157705307007
1,1,displacement_elevation_exog_v1,7,17dac7c5985891f27905e7056b45626a0d6f4dbf34f336534c17bb76ecd32f09,6,0.2766306698322296,0.2786039412021637
1,1,displacement_elevation_exog_v1,7,17dac7c5985891f27905e7056b45626a0d6f4dbf34f336534c17bb76ecd32f09,7,0.27077338099479675,0.2659114897251129
1,1,displacement_elevation_exog_v1,7,17dac7c5985891f27905e7056b45626a0d6f4dbf34f336534c17bb76ecd32f09,8,0.26489660143852234,0.25854480266571045
1,1,displacement_elevation_exog_v1,7,17dac7c5985891f27905e7056b45626a0d6f4dbf34f336534c17bb76ecd32f09,9,0.25892773270606995,0.24810422956943512
1,1,displacement_elevation_exog_v1,7,17dac7c5985891f27905e7056b45626a0d6f4dbf34f336534c17bb76ecd32f09,10,0.25286248326301575,0.23875686526298523
1,1,displacement_elevation_exog_v1,7,17dac7c5985891f27905e7056b45626a0d6f4dbf34f336534c17bb76ecd32f09,11,0.24656610190868378,0.22888903319835663
1,1,displacement_elevation_exog_v1,7,17dac7c5985891f27905e7056b45626a0d6f4dbf34f336534c17bb76ecd32f09,12,0.24005284905433655,0.21877405047416687
1,1,displacement_elevation_exog_v1,7,17dac7c5985891f27905e7056b45626a0d6f4dbf34f336534c17bb76ecd32f09,13,0.23341360688209534,0.19988423585891724
1,1,displacement_elevation_exog_v1,7,17dac7c5985891f27905e7056b45626a0d6f4dbf34f336534c17bb76ecd32f09,14,0.22689370810985565,0.18188907206058502
1,1,displacement_elevation_exog_v1,7,17dac7c5985891f27905e7056b45626a0d6f4dbf34f336534c17bb76ecd32f09,15,0.22054655849933624,0.16593241691589355
1,1,displacement_elevation_exog_v1,7,17dac7c5985891f27905e7056b45626a0d6f4dbf34f336534c17bb76ecd32f09,16,0.21467050909996033,0.14609535038471222
1,1,displacement_elevation_exog_v1,7,17dac7c5985891f27905e7056b45626a0d6f4dbf34f336534c17bb76ecd32f09,17,0.20947085320949554,0.12809103727340698
1,1,displacement_elevation_exog_v1,7,17dac7c5985891f27905e7056b45626a0d6f4dbf34f336534c17bb76ecd32f09,18,0.2050248086452484,0.11250736564397812
1,1,displacement_elevation_exog_v1,7,17dac7c5985891f27905e7056b45626a0d6f4dbf34f336534c17bb76ecd32f09,19,0.20157292485237122,0.10381811112165451
1,1,displacement_elevation_exog_v1,7,17dac7c5985891f27905e7056b45626a0d6f4dbf34f336534c17bb76ecd32f09,20,0.19901369512081146,0.10769183933734894
1,1,displacement_elevation_exog_v1,7,17dac7c5985891f27905e7056b45626a0d6f4dbf34f336534c17bb76ecd32f09,21,0.1970198005437851,0.11517535895109177
1,1,displacement_elevation_exog_v1,7,17dac7c5985891f27905e7056b45626a0d6f4dbf34f336534c17bb76ecd32f09,22,0.19501376152038574,0.12125004082918167
1,1,displacement_elevation_exog_v1,7,17dac7c5985891f27905e7056b45626a0d6f4dbf34f336534c17bb76ecd32f09,23,0.1927737295627594,0.12674838304519653
1,1,displacement_elevation_exog_v1,7,17dac7c5985891f27905e7056b45626a0d6f4dbf34f336534c17bb76ecd32f09,24,0.19025307893753052,0.12465015798807144
1,1,displacement_elevation_exog_v1,7,17dac7c5985891f27905e7056b45626a0d6f4dbf34f336534c17bb76ecd32f09,25,0.18770094215869904,0.11804811656475067
1,1,displacement_elevation_exog_v1,7,17dac7c5985891f27905e7056b45626a0d6f4dbf34f336534c17bb76ecd32f09,26,0.18525224924087524,0.10919374227523804
1,1,displacement_elevation_exog_v1,7,17dac7c5985891f27905e7056b45626a0d6f4dbf34f336534c17bb76ecd32f09,27,0.18290340900421143,0.10875866562128067
1,1,displacement_elevation_exog_v1,7,17dac7c5985891f27905e7056b45626a0d6f4dbf34f336534c17bb76ecd32f09,28,0.1806163489818573,0.10972432047128677
1,1,displacement_elevation_exog_v1,7,17dac7c5985891f27905e7056b45626a0d6f4dbf34f336534c17bb76ecd32f09,29,0.17837081849575043,0.10443775355815887
1,1,displacement_elevation_exog_v1,7,17dac7c5985891f27905e7056b45626a0d6f4dbf34f336534c17bb76ecd32f09,30,0.1761751025915146,0.09751741588115692
1,1,displacement_elevation_exog_v1,7,17dac7c5985891f27905e7056b45626a0d6f4dbf34f336534c17bb76ecd32f09,31,0.17389221489429474,0.09931503236293793
1,1,displacement_elevation_exog_v1,7,17dac7c5985891f27905e7056b45626a0d6f4dbf34f336534c17bb76ecd32f09,32,0.17171600461006165,0.07734895497560501
1,1,displacement_elevation_exog_v1,7,17dac7c5985891f27905e7056b45626a0d6f4dbf34f336534c17bb76ecd32f09,33,0.16975101828575134,0.0693766325712204
1,1,displacement_elevation_exog_v1,7,17dac7c5985891f27905e7056b45626a0d6f4dbf34f336534c17bb76ecd32f09,34,0.1679646372795105,0.07107571512460709
1,1,displacement_elevation_exog_v1,7,17dac7c5985891f27905e7056b45626a0d6f4dbf34f336534c17bb76ecd32f09,35,0.16646821796894073,0.10363535583019257
1,1,displacement_elevation_exog_v1,7,17dac7c5985891f27905e7056b45626a0d6f4dbf34f336534c17bb76ecd32f09,36,0.1649143248796463,0.12115319073200226
1,1,displacement_elevation_exog_v1,7,17dac7c5985891f27905e7056b45626a0d6f4dbf34f336534c17bb76ecd32f09,37,0.16309930384159088,0.11451142281293869
1,1,displacement_elevation_exog_v1,7,17dac7c5985891f27905e7056b45626a0d6f4dbf34f336534c17bb76ecd32f09,38,0.16116781532764435,0.07833827286958694
1,1,displacement_elevation_exog_v1,7,17dac7c5985891f27905e7056b45626a0d6f4dbf34f336534c17bb76ecd32f09,39,0.15945056080818176,0.06736587733030319
1,1,displacement_elevation_exog_v1,7,17dac7c5985891f27905e7056b45626a0d6f4dbf34f336534c17bb76ecd32f09,40,0.15781041979789734,0.06774917244911194
1,1,displacement_elevation_exog_v1,7,17dac7c5985891f27905e7056b45626a0d6f4dbf34f336534c17bb76ecd32f09,41,0.15614545345306396,0.06603915244340897
1,1,displacement_elevation_exog_v1,7,17dac7c5985891f27905e7056b45626a0d6f4dbf34f336534c17bb76ecd32f09,42,0.15443924069404602,0.06489269435405731
1,1,displacement_elevation_exog_v1,7,17dac7c5985891f27905e7056b45626a0d6f4dbf34f336534c17bb76ecd32f09,43,0.15270769596099854,0.061781641095876694
1,1,displacement_elevation_exog_v1,7,17dac7c5985891f27905e7056b45626a0d6f4dbf34f336534c17bb76ecd32f09,44,0.15099261701107025,0.06023358926177025
1,1,displacement_elevation_exog_v1,7,17dac7c5985891f27905e7056b45626a0d6f4dbf34f336534c17bb76ecd32f09,45,0.14931395649909973,0.061227090656757355
1,1,displacement_elevation_exog_v1,7,17dac7c5985891f27905e7056b45626a0d6f4dbf34f336534c17bb76ecd32f09,46,0.14761441946029663,0.06586731970310211
1,1,displacement_elevation_exog_v1,7,17dac7c5985891f27905e7056b45626a0d6f4dbf34f336534c17bb76ecd32f09,47,0.14589497447013855,0.0617988295853138
1,1,displacement_elevation_exog_v1,7,17dac7c5985891f27905e7056b45626a0d6f4dbf34f336534c17bb76ecd32f09,48,0.14416204392910004,0.06346525996923447
1,1,displacement_elevation_exog_v1,7,17dac7c5985891f27905e7056b45626a0d6f4dbf34f336534c17bb76ecd32f09,49,0.14241616427898407,0.0632665678858757
1,1,displacement_elevation_exog_v1,7,17dac7c5985891f27905e7056b45626a0d6f4dbf34f336534c17bb76ecd32f09,50,0.1406966596841812,0.06283707916736603
1,1,displacement_elevation_exog_v1,7,17dac7c5985891f27905e7056b45626a0d6f4dbf34f336534c17bb76ecd32f09,51,0.13908039033412933,0.08310993015766144
1,1,displacement_elevation_exog_v1,7,17dac7c5985891f27905e7056b45626a0d6f4dbf34f336534c17bb76ecd32f09,52,0.1374388337135315,0.08589360117912292
1,1,displacement_elevation_exog_v1,7,17dac7c5985891f27905e7056b45626a0d6f4dbf34f336534c17bb76ecd32f09,53,0.13580535352230072,0.06508047878742218
1,1,displacement_elevation_exog_v1,7,17dac7c5985891f27905e7056b45626a0d6f4dbf34f336534c17bb76ecd32f09,54,0.13434551656246185,0.052080634981393814
1,1,displacement_elevation_exog_v1,7,17dac7c5985891f27905e7056b45626a0d6f4dbf34f336534c17bb76ecd32f09,55,0.1330672800540924,0.06698057800531387
1,1,displacement_elevation_exog_v1,7,17dac7c5985891f27905e7056b45626a0d6f4dbf34f336534c17bb76ecd32f09,56,0.1317470669746399,0.0662289410829544
1,1,displacement_elevation_exog_v1,7,17dac7c5985891f27905e7056b45626a0d6f4dbf34f336534c17bb76ecd32f09,57,0.13036489486694336,0.06576573103666306
1,1,displacement_elevation_exog_v1,7,17dac7c5985891f27905e7056b45626a0d6f4dbf34f336534c17bb76ecd32f09,58,0.12894801795482635,0.05101711302995682
1,1,displacement_elevation_exog_v1,7,17dac7c5985891f27905e7056b45626a0d6f4dbf34f336534c17bb76ecd32f09,59,0.12767019867897034,0.0749378576874733
1,1,displacement_elevation_exog_v1,7,17dac7c5985891f27905e7056b45626a0d6f4dbf34f336534c17bb76ecd32f09,60,0.12640094757080078,0.07949306815862656
1,1,displacement_elevation_exog_v1,7,17dac7c5985891f27905e7056b45626a0d6f4dbf34f336534c17bb76ecd32f09,61,0.12507401406764984,0.06389901041984558
1,1,displacement_elevation_exog_v1,7,17dac7c5985891f27905e7056b45626a0d6f4dbf34f336534c17bb76ecd32f09,62,0.12382004410028458,0.06140665337443352
1,1,displacement_elevation_exog_v1,7,17dac7c5985891f27905e7056b45626a0d6f4dbf34f336534c17bb76ecd32f09,63,0.12260068953037262,0.07715557515621185
1,1,displacement_elevation_exog_v1,7,17dac7c5985891f27905e7056b45626a0d6f4dbf34f336534c17bb76ecd32f09,64,0.1213068813085556,0.07028793543577194
1,1,displacement_elevation_exog_v1,7,17dac7c5985891f27905e7056b45626a0d6f4dbf34f336534c17bb76ecd32f09,65,0.11999689787626266,0.05482267960906029
1,1,displacement_elevation_exog_v1,7,17dac7c5985891f27905e7056b45626a0d6f4dbf34f336534c17bb76ecd32f09,66,0.11881119757890701,0.05919431522488594
1,1,displacement_elevation_exog_v1,7,17dac7c5985891f27905e7056b45626a0d6f4dbf34f336534c17bb76ecd32f09,67,0.11765855550765991,0.0706968903541565
1,1,displacement_elevation_exog_v1,7,17dac7c5985891f27905e7056b45626a0d6f4dbf34f336534c17bb76ecd32f09,68,0.11639446765184402,0.06573272496461868
1,1,displacement_elevation_exog_v1,7,17dac7c5985891f27905e7056b45626a0d6f4dbf34f336534c17bb76ecd32f09,69,0.11513064801692963,0.06397758424282074
1,1,displacement_elevation_exog_v1,7,17dac7c5985891f27905e7056b45626a0d6f4dbf34f336534c17bb76ecd32f09,70,0.11388187855482101,0.06209249049425125
1,1,displacement_elevation_exog_v1,7,17dac7c5985891f27905e7056b45626a0d6f4dbf34f336534c17bb76ecd32f09,71,0.11265638470649719,0.06309826672077179
1,1,displacement_elevation_exog_v1,7,17dac7c5985891f27905e7056b45626a0d6f4dbf34f336534c17bb76ecd32f09,72,0.11146384477615356,0.0736837238073349
1,1,displacement_elevation_exog_v1,7,17dac7c5985891f27905e7056b45626a0d6f4dbf34f336534c17bb76ecd32f09,73,0.11021216213703156,0.07173146307468414
1,1,displacement_elevation_exog_v1,7,17dac7c5985891f27905e7056b45626a0d6f4dbf34f336534c17bb76ecd32f09,74,0.10895944386720657,0.07718046009540558
1,1,displacement_elevation_exog_v1,7,17dac7c5985891f27905e7056b45626a0d6f4dbf34f336534c17bb76ecd32f09,75,0.10768861323595047,0.07603339105844498
1,1,displacement_elevation_exog_v1,7,17dac7c5985891f27905e7056b45626a0d6f4dbf34f336534c17bb76ecd32f09,76,0.10640103369951248,0.06717008352279663
1,1,displacement_elevation_exog_v1,7,17dac7c5985891f27905e7056b45626a0d6f4dbf34f336534c17bb76ecd32f09,77,0.10521761327981949,0.06464198976755142
1,1,displacement_elevation_exog_v1,7,17dac7c5985891f27905e7056b45626a0d6f4dbf34f336534c17bb76ecd32f09,78,0.10407715290784836,0.062151022255420685
1,1,displacement_elevation_exog_v1,7,17dac7c5985891f27905e7056b45626a0d6f4dbf34f336534c17bb76ecd32f09,79,0.10297068953514099,0.0651194229722023
1,1,displacement_elevation_exog_v1,7,17dac7c5985891f27905e7056b45626a0d6f4dbf34f336534c17bb76ecd32f09,80,0.10188248753547668,0.06440305709838867
1,1,displacement_elevation_exog_v1,7,17dac7c5985891f27905e7056b45626a0d6f4dbf34f336534c17bb76ecd32f09,81,0.10082788020372391,0.06000518798828125
1,1,displacement_elevation_exog_v1,7,17dac7c5985891f27905e7056b45626a0d6f4dbf34f336534c17bb76ecd32f09,82,0.09983990341424942,0.0698956847190857
1,1,displacement_elevation_exog_v1,7,17dac7c5985891f27905e7056b45626a0d6f4dbf34f336534c17bb76ecd32f09,83,0.09882643073797226,0.06756053864955902
1,1,displacement_elevation_exog_v1,7,17dac7c5985891f27905e7056b45626a0d6f4dbf34f336534c17bb76ecd32f09,84,0.09778709709644318,0.05242220312356949
1,1,displacement_elevation_exog_v1,7,17dac7c5985891f27905e7056b45626a0d6f4dbf34f336534c17bb76ecd32f09,85,0.09682901203632355,0.0667518749833107
1,1,displacement_elevation_exog_v1,7,17dac7c5985891f27905e7056b45626a0d6f4dbf34f336534c17bb76ecd32f09,86,0.0958697572350502,0.05150381848216057
1,1,displacement_elevation_exog_v1,7,17dac7c5985891f27905e7056b45626a0d6f4dbf34f336534c17bb76ecd32f09,87,0.09496722370386124,0.05500928312540054
1,1,displacement_elevation_exog_v1,7,17dac7c5985891f27905e7056b45626a0d6f4dbf34f336534c17bb76ecd32f09,88,0.09407058358192444,0.04977717995643616
1,1,displacement_elevation_exog_v1,7,17dac7c5985891f27905e7056b45626a0d6f4dbf34f336534c17bb76ecd32f09,89,0.09321335703134537,0.05454729497432709
1,1,displacement_elevation_exog_v1,7,17dac7c5985891f27905e7056b45626a0d6f4dbf34f336534c17bb76ecd32f09,90,0.09233938157558441,0.05385010689496994
1,1,displacement_elevation_exog_v1,7,17dac7c5985891f27905e7056b45626a0d6f4dbf34f336534c17bb76ecd32f09,91,0.09147173911333084,0.05585981532931328
1,1,displacement_elevation_exog_v1,7,17dac7c5985891f27905e7056b45626a0d6f4dbf34f336534c17bb76ecd32f09,92,0.09062114357948303,0.0501120388507843
1,1,displacement_elevation_exog_v1,7,17dac7c5985891f27905e7056b45626a0d6f4dbf34f336534c17bb76ecd32f09,93,0.08981209248304367,0.05098175257444382
1,1,displacement_elevation_exog_v1,7,17dac7c5985891f27905e7056b45626a0d6f4dbf34f336534c17bb76ecd32f09,94,0.08899634331464767,0.04891553893685341
1,1,displacement_elevation_exog_v1,7,17dac7c5985891f27905e7056b45626a0d6f4dbf34f336534c17bb76ecd32f09,95,0.08820691704750061,0.05052037164568901
1,1,displacement_elevation_exog_v1,7,17dac7c5985891f27905e7056b45626a0d6f4dbf34f336534c17bb76ecd32f09,96,0.0874178484082222,0.04726202040910721
1,1,displacement_elevation_exog_v1,7,17dac7c5985891f27905e7056b45626a0d6f4dbf34f336534c17bb76ecd32f09,97,0.0866512730717659,0.05114610120654106
1,1,displacement_elevation_exog_v1,7,17dac7c5985891f27905e7056b45626a0d6f4dbf34f336534c17bb76ecd32f09,98,0.08588828891515732,0.04941827431321144
1,1,displacement_elevation_exog_v1,7,17dac7c5985891f27905e7056b45626a0d6f4dbf34f336534c17bb76ecd32f09,99,0.08516455441713333,0.05016224831342697
1,1,displacement_elevation_exog_v1,7,17dac7c5985891f27905e7056b45626a0d6f4dbf34f336534c17bb76ecd32f09,100,0.08442750573158264,0.04696014150977135
1,1,displacement_elevation_exog_v1,7,17dac7c5985891f27905e7056b45626a0d6f4dbf34f336534c17bb76ecd32f09,101,0.08372393250465393,0.04882196709513664
1,1,displacement_elevation_exog_v1,7,17dac7c5985891f27905e7056b45626a0d6f4dbf34f336534c17bb76ecd32f09,102,0.08299634605646133,0.04641181603074074
1,1,displacement_elevation_exog_v1,7,17dac7c5985891f27905e7056b45626a0d6f4dbf34f336534c17bb76ecd32f09,103,0.08229295909404755,0.05004416033625603
1,1,displacement_elevation_exog_v1,7,17dac7c5985891f27905e7056b45626a0d6f4dbf34f336534c17bb76ecd32f09,104,0.0815788060426712,0.04173887148499489
1,1,displacement_elevation_exog_v1,7,17dac7c5985891f27905e7056b45626a0d6f4dbf34f336534c17bb76ecd32f09,105,0.08091771602630615,0.047535449266433716
1,1,displacement_elevation_exog_v1,7,17dac7c5985891f27905e7056b45626a0d6f4dbf34f336534c17bb76ecd32f09,106,0.08024591207504272,0.04302029684185982
1,1,displacement_elevation_exog_v1,7,17dac7c5985891f27905e7056b45626a0d6f4dbf34f336534c17bb76ecd32f09,107,0.07959695905447006,0.044477012008428574
1,1,displacement_elevation_exog_v1,7,17dac7c5985891f27905e7056b45626a0d6f4dbf34f336534c17bb76ecd32f09,108,0.07895523309707642,0.04361880570650101
1,1,displacement_elevation_exog_v1,7,17dac7c5985891f27905e7056b45626a0d6f4dbf34f336534c17bb76ecd32f09,109,0.07833785563707352,0.042697519063949585
1,1,displacement_elevation_exog_v1,7,17dac7c5985891f27905e7056b45626a0d6f4dbf34f336534c17bb76ecd32f09,110,0.07772412151098251,0.042724039405584335
1,1,displacement_elevation_exog_v1,7,17dac7c5985891f27905e7056b45626a0d6f4dbf34f336534c17bb76ecd32f09,111,0.07711701095104218,0.04020332172513008
1,1,displacement_elevation_exog_v1,7,17dac7c5985891f27905e7056b45626a0d6f4dbf34f336534c17bb76ecd32f09,112,0.07653438299894333,0.04788864403963089
1,1,displacement_elevation_exog_v1,7,17dac7c5985891f27905e7056b45626a0d6f4dbf34f336534c17bb76ecd32f09,113,0.07595771551132202,0.039182398468256
1,1,displacement_elevation_exog_v1,7,17dac7c5985891f27905e7056b45626a0d6f4dbf34f336534c17bb76ecd32f09,114,0.07542493939399719,0.04660635441541672
1,1,displacement_elevation_exog_v1,7,17dac7c5985891f27905e7056b45626a0d6f4dbf34f336534c17bb76ecd32f09,115,0.07489437609910965,0.03462957218289375
1,1,displacement_elevation_exog_v1,7,17dac7c5985891f27905e7056b45626a0d6f4dbf34f336534c17bb76ecd32f09,116,0.07438819110393524,0.05599159002304077
1,1,displacement_elevation_exog_v1,7,17dac7c5985891f27905e7056b45626a0d6f4dbf34f336534c17bb76ecd32f09,117,0.07386769354343414,0.04223577678203583
1,1,displacement_elevation_exog_v1,7,17dac7c5985891f27905e7056b45626a0d6f4dbf34f336534c17bb76ecd32f09,118,0.07335744798183441,0.05061832070350647
1,1,displacement_elevation_exog_v1,7,17dac7c5985891f27905e7056b45626a0d6f4dbf34f336534c17bb76ecd32f09,119,0.07282636314630508,0.03683393821120262
1,1,displacement_elevation_exog_v1,7,17dac7c5985891f27905e7056b45626a0d6f4dbf34f336534c17bb76ecd32f09,120,0.07232493162155151,0.045835163444280624
1,2,displacement_elevation_exog_v1,7,17dac7c5985891f27905e7056b45626a0d6f4dbf34f336534c17bb76ecd32f09,1,0.28907084465026855,0.28061655163764954
1,2,displacement_elevation_exog_v1,7,17dac7c5985891f27905e7056b45626a0d6f4dbf34f336534c17bb76ecd32f09,2,0.2830358147621155,0.2805606424808502
1,2,displacement_elevation_exog_v1,7,17dac7c5985891f27905e7056b45626a0d6f4dbf34f336534c17bb76ecd32f09,3,0.2775436043739319,0.2751527428627014
1,2,displacement_elevation_exog_v1,7,17dac7c5985891f27905e7056b45626a0d6f4dbf34f336534c17bb76ecd32f09,4,0.27236315608024597,0.2685777246952057
1,2,displacement_elevation_exog_v1,7,17dac7c5985891f27905e7056b45626a0d6f4dbf34f336534c17bb76ecd32f09,5,0.26729536056518555,0.26027944684028625
1,2,displacement_elevation_exog_v1,7,17dac7c5985891f27905e7056b45626a0d6f4dbf34f336534c17bb76ecd32f09,6,0.2621491551399231,0.25549009442329407
1,2,displacement_elevation_exog_v1,7,17dac7c5985891f27905e7056b45626a0d6f4dbf34f336534c17bb76ecd32f09,7,0.2568749189376831,0.24392440915107727
1,2,displacement_elevation_exog_v1,7,17dac7c5985891f27905e7056b45626a0d6f4dbf34f336534c17bb76ecd32f09,8,0.2515145540237427,0.2285051792860031
1,2,displacement_elevation_exog_v1,7,17dac7c5985891f27905e7056b45626a0d6f4dbf34f336534c17bb76ecd32f09,9,0.2461376041173935,0.21091528236865997
1,2,displacement_elevation_exog_v1,7,17dac7c5985891f27905e7056b45626a0d6f4dbf34f336534c17bb76ecd32f09,10,0.24075964093208313,0.19538897275924683
1,2,displacement_elevation_exog_v1,7,17dac7c5985891f27905e7056b45626a0d6f4dbf34f336534c17bb76ecd32f09,11,0.2353745400905609,0.18278531730175018
1,2,displacement_elevation_exog_v1,7,17dac7c5985891f27905e7056b45626a0d6f4dbf34f336534c17bb76ecd32f09,12,0.23002219200134277,0.1640586405992508
1,2,displacement_elevation_exog_v1,7,17dac7c5985891f27905e7056b45626a0d6f4dbf34f336534c17bb76ecd32f09,13,0.22494278848171234,0.14672963321208954
1,2,displacement_elevation_exog_v1,7,17dac7c5985891f27905e7056b45626a0d6f4dbf34f336534c17bb76ecd32f09,14,0.22012107074260712,0.12994420528411865
1,2,displacement_elevation_exog_v1,7,17dac7c5985891f27905e7056b45626a0d6f4dbf34f336534c17bb76ecd32f09,15,0.21562904119491577,0.11497598141431808
1,2,displacement_elevation_exog_v1,7,17dac7c5985891f27905e7056b45626a0d6f4dbf34f336534c17bb76ecd32f09,16,0.21163968741893768,0.09613769501447678
1,2,displacement_elevation_exog_v1,7,17dac7c5985891f27905e7056b45626a0d6f4dbf34f336534c17bb76ecd32f09,17,0.20833522081375122,0.07923249155282974
1,2,displacement_elevation_exog_v1,7,17dac7c5985891f27905e7056b45626a0d6f4dbf34f336534c17bb76ecd32f09,18,0.20580656826496124,0.06740691512823105
1,2,displacement_elevation_exog_v1,7,17dac7c5985891f27905e7056b45626a0d6f4dbf34f336534c17bb76ecd32f09,19,0.20390525460243225,0.061553582549095154
1,2,displacement_elevation_exog_v1,7,17dac7c5985891f27905e7056b45626a0d6f4dbf34f336534c17bb76ecd32f09,20,0.20259138941764832,0.06531694531440735
1,2,displacement_elevation_exog_v1,7,17dac7c5985891f27905e7056b45626a0d6f4dbf34f336534c17bb76ecd32f09,21,0.20155036449432373,0.07500103861093521
1,2,displacement_elevation_exog_v1,7,17dac7c5985891f27905e7056b45626a0d6f4dbf34f336534c17bb76ecd32f09,22,0.20039789378643036,0.08173886686563492
1,2,displacement_elevation_exog_v1,7,17dac7c5985891f27905e7056b45626a0d6f4dbf34f336534c17bb76ecd32f09,23,0.19899402558803558,0.08504495769739151
1,2,displacement_elevation_exog_v1,7,17dac7c5985891f27905e7056b45626a0d6f4dbf34f336534c17bb76ecd32f09,24,0.19734080135822296,0.08462245762348175
1,2,displacement_elevation_exog_v1,7,17dac7c5985891f27905e7056b45626a0d6f4dbf34f336534c17bb76ecd32f09,25,0.19548268616199493,0.08165473490953445
1,2,displacement_elevation_exog_v1,7,17dac7c5985891f27905e7056b45626a0d6f4dbf34f336534c17bb76ecd32f09,26,0.19349190592765808,0.07559474557638168
1,2,displacement_elevation_exog_v1,7,17dac7c5985891f27905e7056b45626a0d6f4dbf34f336534c17bb76ecd32f09,27,0.19145342707633972,0.06943272799253464
1,2,displacement_elevation_exog_v1,7,17dac7c5985891f27905e7056b45626a0d6f4dbf34f336534c17bb76ecd32f09,28,0.18943080306053162,0.06233344227075577
1,2,displacement_elevation_exog_v1,7,17dac7c5985891f27905e7056b45626a0d6f4dbf34f336534c17bb76ecd32f09,29,0.18749411404132843,0.05606705695390701
1,2,displacement_elevation_exog_v1,7,17dac7c5985891f27905e7056b45626a0d6f4dbf34f336534c17bb76ecd32f09,30,0.18565309047698975,0.05220310017466545
1,2,displacement_elevation_exog_v1,7,17dac7c5985891f27905e7056b45626a0d6f4dbf34f336534c17bb76ecd32f09,31,0.1838897317647934,0.05014822259545326
1,2,displacement_elevation_exog_v1,7,17dac7c5985891f27905e7056b45626a0d6f4dbf34f336534c17bb76ecd32f09,32,0.1821630299091339,0.0509798601269722
1,2,displacement_elevation_exog_v1,7,17dac7c5985891f27905e7056b45626a0d6f4dbf34f336534c17bb76ecd32f09,33,0.18043486773967743,0.052238062024116516
1,2,displacement_elevation_exog_v1,7,17dac7c5985891f27905e7056b45626a0d6f4dbf34f336534c17bb76ecd32f09,34,0.17866896092891693,0.05334852263331413
1,2,displacement_elevation_exog_v1,7,17dac7c5985891f27905e7056b45626a0d6f4dbf34f336534c17bb76ecd32f09,35,0.17684721946716309,0.053167909383773804
1,2,displacement_elevation_exog_v1,7,17dac7c5985891f27905e7056b45626a0d6f4dbf34f336534c17bb76ecd32f09,36,0.1749734729528427,0.053378183394670486
1,2,displacement_elevation_exog_v1,7,17dac7c5985891f27905e7056b45626a0d6f4dbf34f336534c17bb76ecd32f09,37,0.17306026816368103,0.0538986399769783
1,2,displacement_elevation_exog_v1,7,17dac7c5985891f27905e7056b45626a0d6f4dbf34f336534c17bb76ecd32f09,38,0.17112624645233154,0.05379336699843407
1,2,displacement_elevation_exog_v1,7,17dac7c5985891f27905e7056b45626a0d6f4dbf34f336534c17bb76ecd32f09,39,0.16924355924129486,0.05460658669471741
1,2,displacement_elevation_exog_v1,7,17dac7c5985891f27905e7056b45626a0d6f4dbf34f336534c17bb76ecd32f09,40,0.1674274504184723,0.05718148872256279
1,2,displacement_elevation_exog_v1,7,17dac7c5985891f27905e7056b45626a0d6f4dbf34f336534c17bb76ecd32f09,41,0.16564352810382843,0.060690440237522125
1,2,displacement_elevation_exog_v1,7,17dac7c5985891f27905e7056b45626a0d6f4dbf34f336534c17bb76ecd32f09,42,0.16388298571109772,0.0660417303442955
1,2,displacement_elevation_exog_v1,7,17dac7c5985891f27905e7056b45626a0d6f4dbf34f336534c17bb76ecd32f09,43,0.16209229826927185,0.0696876049041748
1,2,displacement_elevation_exog_v1,7,17dac7c5985891f27905e7056b45626a0d6f4dbf34f336534c17bb76ecd32f09,44,0.1602047085762024,0.0738639310002327
1,2,displacement_elevation_exog_v1,7,17dac7c5985891f27905e7056b45626a0d6f4dbf34f336534c17bb76ecd32f09,45,0.15818071365356445,0.07324973493814468
1,2,displacement_elevation_exog_v1,7,17dac7c5985891f27905e7056b45626a0d6f4dbf34f336534c17bb76ecd32f09,46,0.15605610609054565,0.06939546018838882
1,2,displacement_elevation_exog_v1,7,17dac7c5985891f27905e7056b45626a0d6f4dbf34f336534c17bb76ecd32f09,47,0.1539173424243927,0.06464643031358719
1,2,displacement_elevation_exog_v1,7,17dac7c5985891f27905e7056b45626a0d6f4dbf34f336534c17bb76ecd32f09,48,0.15187868475914001,0.05982531979680061
1,2,displacement_elevation_exog_v1,7,17dac7c5985891f27905e7056b45626a0d6f4dbf34f336534c17bb76ecd32f09,49,0.14997649192810059,0.06052755191922188
1,2,displacement_elevation_exog_v1,7,17dac7c5985891f27905e7056b45626a0d6f4dbf34f336534c17bb76ecd32f09,50,0.14816173911094666,0.06172144412994385
1,2,displacement_elevation_exog_v1,7,17dac7c5985891f27905e7056b45626a0d6f4dbf34f336534c17bb76ecd32f09,51,0.1463463455438614,0.06204960122704506
1,2,displacement_elevation_exog_v1,7,17dac7c5985891f27905e7056b45626a0d6f4dbf34f336534c17bb76ecd32f09,52,0.14449474215507507,0.0564081072807312
1,2,displacement_elevation_exog_v1,7,17dac7c5985891f27905e7056b45626a0d6f4dbf34f336534c17bb76ecd32f09,53,0.1426946520805359,0.05199863389134407
1,2,displacement_elevation_exog_v1,7,17dac7c5985891f27905e7056b45626a0d6f4dbf34f336534c17bb76ecd32f09,54,0.14104795455932617,0.05658005550503731
1,2,displacement_elevation_exog_v1,7,17dac7c5985891f27905e7056b45626a0d6f4dbf34f336534c17bb76ecd32f09,55,0.13947656750679016,0.06230702996253967
1,2,displacement_elevation_exog_v1,7,17dac7c5985891f27905e7056b45626a0d6f4dbf34f336534c17bb76ecd32f09,56,0.13787633180618286,0.05842233821749687
1,2,displacement_elevation_exog_v1,7,17dac7c5985891f27905e7056b45626a0d6f4dbf34f336534c17bb76ecd32f09,57,0.13627667725086212,0.05714382976293564
1,2,displacement_elevation_exog_v1,7,17dac7c5985891f27905e7056b45626a0d6f4dbf34f336534c17bb76ecd32f09,58,0.1346926987171173,0.058138273656368256
1,2,displacement_elevation_exog_v1,7,17dac7c5985891f27905e7056b45626a0d6f4dbf34f336534c17bb76ecd32f09,59,0.13313975930213928,0.060175515711307526
1,2,displacement_elevation_exog_v1,7,17dac7c5985891f27905e7056b45626a0d6f4dbf34f336534c17bb76ecd32f09,60,0.13161435723304749,0.05187884718179703
1,2,displacement_elevation_exog_v1,7,17dac7c5985891f27905e7056b45626a0d6f4dbf34f336534c17bb76ecd32f09,61,0.13026076555252075,0.04569563642144203
1,2,displacement_elevation_exog_v1,7,17dac7c5985891f27905e7056b45626a0d6f4dbf34f336534c17bb76ecd32f09,62,0.12911638617515564,0.05059516802430153
1,2,displacement_elevation_exog_v1,7,17dac7c5985891f27905e7056b45626a0d6f4dbf34f336534c17bb76ecd32f09,63,0.12802597880363464,0.053905606269836426
1,2,displacement_elevation_exog_v1,7,17dac7c5985891f27905e7056b45626a0d6f4dbf34f336534c17bb76ecd32f09,64,0.12689906358718872,0.04914689064025879
1,2,displacement_elevation_exog_v1,7,17dac7c5985891f27905e7056b45626a0d6f4dbf34f336534c17bb76ecd32f09,65,0.12578916549682617,0.045971497893333435
1,2,displacement_elevation_exog_v1,7,17dac7c5985891f27905e7056b45626a0d6f4dbf34f336534c17bb76ecd32f09,66,0.1247677206993103,0.05255849286913872
1,2,displacement_elevation_exog_v1,7,17dac7c5985891f27905e7056b45626a0d6f4dbf34f336534c17bb76ecd32f09,67,0.12376416474580765,0.0568733885884285
1,2,displacement_elevation_exog_v1,7,17dac7c5985891f27905e7056b45626a0d6f4dbf34f336534c17bb76ecd32f09,68,0.12269695103168488,0.05101035162806511
1,2,displacement_elevation_exog_v1,7,17dac7c5985891f27905e7056b45626a0d6f4dbf34f336534c17bb76ecd32f09,69,0.12167767435312271,0.04427061975002289
1,2,displacement_elevation_exog_v1,7,17dac7c5985891f27905e7056b45626a0d6f4dbf34f336534c17bb76ecd32f09,70,0.12073087692260742,0.04372608661651611
1,2,displacement_elevation_exog_v1,7,17dac7c5985891f27905e7056b45626a0d6f4dbf34f336534c17bb76ecd32f09,71,0.11981909722089767,0.042799413204193115
1,2,displacement_elevation_exog_v1,7,17dac7c5985891f27905e7056b45626a0d6f4dbf34f336534c17bb76ecd32f09,72,0.11892712116241455,0.04077128693461418
1,2,displacement_elevation_exog_v1,7,17dac7c5985891f27905e7056b45626a0d6f4dbf34f336534c17bb76ecd32f09,73,0.11805272102355957,0.041198454797267914
1,2,displacement_elevation_exog_v1,7,17dac7c5985891f27905e7056b45626a0d6f4dbf34f336534c17bb76ecd32f09,74,0.11719440668821335,0.039464205503463745
1,2,displacement_elevation_exog_v1,7,17dac7c5985891f27905e7056b45626a0d6f4dbf34f336534c17bb76ecd32f09,75,0.11638131737709045,0.04224606975913048
1,2,displacement_elevation_exog_v1,7,17dac7c5985891f27905e7056b45626a0d6f4dbf34f336534c17bb76ecd32f09,76,0.1155952587723732,0.04104064404964447
1,2,displacement_elevation_exog_v1,7,17dac7c5985891f27905e7056b45626a0d6f4dbf34f336534c17bb76ecd32f09,77,0.11481931805610657,0.03993440419435501
1,2,displacement_elevation_exog_v1,7,17dac7c5985891f27905e7056b45626a0d6f4dbf34f336534c17bb76ecd32f09,78,0.11406195908784866,0.043749645352363586
1,2,displacement_elevation_exog_v1,7,17dac7c5985891f27905e7056b45626a0d6f4dbf34f336534c17bb76ecd32f09,79,0.11329030990600586,0.04194292053580284
1,2,displacement_elevation_exog_v1,7,17dac7c5985891f27905e7056b45626a0d6f4dbf34f336534c17bb76ecd32f09,80,0.11250704526901245,0.04413418099284172
1,2,displacement_elevation_exog_v1,7,17dac7c5985891f27905e7056b45626a0d6f4dbf34f336534c17bb76ecd32f09,81,0.11168517172336578,0.04433143138885498
1,2,displacement_elevation_exog_v1,7,17dac7c5985891f27905e7056b45626a0d6f4dbf34f336534c17bb76ecd32f09,82,0.11082273721694946,0.04211428761482239
1,2,displacement_elevation_exog_v1,7,17dac7c5985891f27905e7056b45626a0d6f4dbf34f336534c17bb76ecd32f09,83,0.11000256985425949,0.04219800978899002
1,2,displacement_elevation_exog_v1,7,17dac7c5985891f27905e7056b45626a0d6f4dbf34f336534c17bb76ecd32f09,84,0.10923951864242554,0.041679106652736664
1,2,displacement_elevation_exog_v1,7,17dac7c5985891f27905e7056b45626a0d6f4dbf34f336534c17bb76ecd32f09,85,0.1085447445511818,0.04589470475912094
1,2,displacement_elevation_exog_v1,7,17dac7c5985891f27905e7056b45626a0d6f4dbf34f336534c17bb76ecd32f09,86,0.10788501799106598,0.05529952049255371
1,2,displacement_elevation_exog_v1,7,17dac7c5985891f27905e7056b45626a0d6f4dbf34f336534c17bb76ecd32f09,87,0.1071164608001709,0.047656502574682236
1,2,displacement_elevation_exog_v1,7,17dac7c5985891f27905e7056b45626a0d6f4dbf34f336534c17bb76ecd32f09,88,0.10632273554801941,0.042783740907907486
1,2,displacement_elevation_exog_v1,7,17dac7c5985891f27905e7056b45626a0d6f4dbf34f336534c17bb76ecd32f09,89,0.10555963218212128,0.045004040002822876
1,2,displacement_elevation_exog_v1,7,17dac7c5985891f27905e7056b45626a0d6f4dbf34f336534c17bb76ecd32f09,90,0.1047593206167221,0.04377960041165352
1,2,displacement_elevation_exog_v1,7,17dac7c5985891f27905e7056b45626a0d6f4dbf34f336534c17bb76ecd32f09,91,0.10397152602672577,0.039779409766197205
1,2,displacement_elevation_exog_v1,7,17dac7c5985891f27905e7056b45626a0d6f4dbf34f336534c17bb76ecd32f09,92,0.10325275361537933,0.041116826236248016
1,2,displacement_elevation_exog_v1,7,17dac7c5985891f27905e7056b45626a0d6f4dbf34f336534c17bb76ecd32f09,93,0.10259823501110077,0.051081374287605286
1,2,displacement_elevation_exog_v1,7,17dac7c5985891f27905e7056b45626a0d6f4dbf34f336534c17bb76ecd32f09,94,0.10189738124608994,0.04752441868185997
1,2,displacement_elevation_exog_v1,7,17dac7c5985891f27905e7056b45626a0d6f4dbf34f336534c17bb76ecd32f09,95,0.10116522014141083,0.042177554219961166
1,2,displacement_elevation_exog_v1,7,17dac7c5985891f27905e7056b45626a0d6f4dbf34f336534c17bb76ecd32f09,96,0.10045371949672699,0.03919769078493118
1,2,displacement_elevation_exog_v1,7,17dac7c5985891f27905e7056b45626a0d6f4dbf34f336534c17bb76ecd32f09,97,0.09975498169660568,0.040148548781871796
1,2,displacement_elevation_exog_v1,7,17dac7c5985891f27905e7056b45626a0d6f4dbf34f336534c17bb76ecd32f09,98,0.0990394800901413,0.04028619825839996
1,2,displacement_elevation_exog_v1,7,17dac7c5985891f27905e7056b45626a0d6f4dbf34f336534c17bb76ecd32f09,99,0.0983065664768219,0.039350349456071854
1,2,displacement_elevation_exog_v1,7,17dac7c5985891f27905e7056b45626a0d6f4dbf34f336534c17bb76ecd32f09,100,0.09760715812444687,0.043788667768239975
1,2,displacement_elevation_exog_v1,7,17dac7c5985891f27905e7056b45626a0d6f4dbf34f336534c17bb76ecd32f09,101,0.09688425809144974,0.04521018639206886
1,2,displacement_elevation_exog_v1,7,17dac7c5985891f27905e7056b45626a0d6f4dbf34f336534c17bb76ecd32f09,102,0.09613615274429321,0.04324660450220108
1,2,displacement_elevation_exog_v1,7,17dac7c5985891f27905e7056b45626a0d6f4dbf34f336534c17bb76ecd32f09,103,0.09537508338689804,0.03996533527970314
1,2,displacement_elevation_exog_v1,7,17dac7c5985891f27905e7056b45626a0d6f4dbf34f336534c17bb76ecd32f09,104,0.09461303800344467,0.04120233282446861
1,2,displacement_elevation_exog_v1,7,17dac7c5985891f27905e7056b45626a0d6f4dbf34f336534c17bb76ecd32f09,105,0.09383811801671982,0.042938049882650375
1,2,displacement_elevation_exog_v1,7,17dac7c5985891f27905e7056b45626a0d6f4dbf34f336534c17bb76ecd32f09,106,0.09304509311914444,0.04028129205107689
1,2,displacement_elevation_exog_v1,7,17dac7c5985891f27905e7056b45626a0d6f4dbf34f336534c17bb76ecd32f09,107,0.09225227683782578,0.041079871356487274
1,2,displacement_elevation_exog_v1,7,17dac7c5985891f27905e7056b45626a0d6f4dbf34f336534c17bb76ecd32f09,108,0.09146590530872345,0.04414226487278938
1,2,displacement_elevation_exog_v1,7,17dac7c5985891f27905e7056b45626a0d6f4dbf34f336534c17bb76ecd32f09,109,0.09066691994667053,0.039404258131980896
1,2,displacement_elevation_exog_v1,7,17dac7c5985891f27905e7056b45626a0d6f4dbf34f336534c17bb76ecd32f09,110,0.08988996595144272,0.04184633493423462
1,2,displacement_elevation_exog_v1,7,17dac7c5985891f27905e7056b45626a0d6f4dbf34f336534c17bb76ecd32f09,111,0.08909881860017776,0.03687359392642975
1,2,displacement_elevation_exog_v1,7,17dac7c5985891f27905e7056b45626a0d6f4dbf34f336534c17bb76ecd32f09,112,0.08833542466163635,0.0431041419506073
1,2,displacement_elevation_exog_v1,7,17dac7c5985891f27905e7056b45626a0d6f4dbf34f336534c17bb76ecd32f09,113,0.08754295855760574,0.0357549749314785
1,2,displacement_elevation_exog_v1,7,17dac7c5985891f27905e7056b45626a0d6f4dbf34f336534c17bb76ecd32f09,114,0.08679547160863876,0.04369020089507103
1,2,displacement_elevation_exog_v1,7,17dac7c5985891f27905e7056b45626a0d6f4dbf34f336534c17bb76ecd32f09,115,0.08601733297109604,0.036194633692502975
1,2,displacement_elevation_exog_v1,7,17dac7c5985891f27905e7056b45626a0d6f4dbf34f336534c17bb76ecd32f09,116,0.08526815474033356,0.04118020087480545
1,2,displacement_elevation_exog_v1,7,17dac7c5985891f27905e7056b45626a0d6f4dbf34f336534c17bb76ecd32f09,117,0.08450398594141006,0.041029974818229675
1,2,displacement_elevation_exog_v1,7,17dac7c5985891f27905e7056b45626a0d6f4dbf34f336534c17bb76ecd32f09,118,0.08372635394334793,0.03477463126182556
1,2,displacement_elevation_exog_v1,7,17dac7c5985891f27905e7056b45626a0d6f4dbf34f336534c17bb76ecd32f09,119,0.0829877182841301,0.041906122118234634
1,2,displacement_elevation_exog_v1,7,17dac7c5985891f27905e7056b45626a0d6f4dbf34f336534c17bb76ecd32f09,120,0.08224064856767654,0.038785092532634735
1,3,displacement_elevation_exog_v1,7,17dac7c5985891f27905e7056b45626a0d6f4dbf34f336534c17bb76ecd32f09,1,0.2564907670021057,0.25468602776527405
1,3,displacement_elevation_exog_v1,7,17dac7c5985891f27905e7056b45626a0d6f4dbf34f336534c17bb76ecd32f09,2,0.2511155307292938,0.2472866028547287
1,3,displacement_elevation_exog_v1,7,17dac7c5985891f27905e7056b45626a0d6f4dbf34f336534c17bb76ecd32f09,3,0.24611914157867432,0.23452113568782806
1,3,displacement_elevation_exog_v1,7,17dac7c5985891f27905e7056b45626a0d6f4dbf34f336534c17bb76ecd32f09,4,0.24142055213451385,0.22508060932159424
1,3,displacement_elevation_exog_v1,7,17dac7c5985891f27905e7056b45626a0d6f4dbf34f336534c17bb76ecd32f09,5,0.23683905601501465,0.21477240324020386
1,3,displacement_elevation_exog_v1,7,17dac7c5985891f27905e7056b45626a0d6f4dbf34f336534c17bb76ecd32f09,6,0.23228302597999573,0.2043755203485489
1,3,displacement_elevation_exog_v1,7,17dac7c5985891f27905e7056b45626a0d6f4dbf34f336534c17bb76ecd32f09,7,0.22767184674739838,0.1913912296295166
1,3,displacement_elevation_exog_v1,7,17dac7c5985891f27905e7056b45626a0d6f4dbf34f336534c17bb76ecd32f09,8,0.22300441563129425,0.17620307207107544
1,3,displacement_elevation_exog_v1,7,17dac7c5985891f27905e7056b45626a0d6f4dbf34f336534c17bb76ecd32f09,9,0.2183452695608139,0.16261239349842072
1,3,displacement_elevation_exog_v1,7,17dac7c5985891f27905e7056b45626a0d6f4dbf34f336534c17bb76ecd32f09,10,0.21378964185714722,0.14196737110614777
1,3,displacement_elevation_exog_v1,7,17dac7c5985891f27905e7056b45626a0d6f4dbf34f336534c17bb76ecd32f09,11,0.20947279036045074,0.1262526512145996
1,3,displacement_elevation_exog_v1,7,17dac7c5985891f27905e7056b45626a0d6f4dbf34f336534c17bb76ecd32f09,12,0.20543375611305237,0.10736732184886932
1,3,displacement_elevation_exog_v1,7,17dac7c5985891f27905e7056b45626a0d6f4dbf34f336534c17bb76ecd32f09,13,0.20195168256759644,0.08673881739377975
1,3,displacement_elevation_exog_v1,7,17dac7c5985891f27905e7056b45626a0d6f4dbf34f336534c17bb76ecd32f09,14,0.1992443948984146,0.06430469453334808
1,3,displacement_elevation_exog_v1,7,17dac7c5985891f27905e7056b45626a0d6f4dbf34f336534c17bb76ecd32f09,15,0.1973682940006256,0.05180754512548447
1,3,displacement_elevation_exog_v1,7,17dac7c5985891f27905e7056b45626a0d6f4dbf34f336534c17bb76ecd32f09,16,0.19618158042430878,0.05017698183655739
1,3,displacement_elevation_exog_v1,7,17dac7c5985891f27905e7056b45626a0d6f4dbf34f336534c17bb76ecd32f09,17,0.1952831745147705,0.05603485554456711
1,3,displacement_elevation_exog_v1,7,17dac7c5985891f27905e7056b45626a0d6f4dbf34f336534c17bb76ecd32f09,18,0.1944882869720459,0.06407962739467621
1,3,displacement_elevation_exog_v1,7,17dac7c5985891f27905e7056b45626a0d6f4dbf34f336534c17bb76ecd32f09,19,0.1935432106256485,0.0699467882514
1,3,displacement_elevation_exog_v1,7,17dac7c5985891f27905e7056b45626a0d6f4dbf34f336534c17bb76ecd32f09,20,0.1923268437385559,0.07520196586847305
1,3,displacement_elevation_exog_v1,7,17dac7c5985891f27905e7056b45626a0d6f4dbf34f336534c17bb76ecd32f09,21,0.19081474840641022,0.07665777951478958
1,3,displacement_elevation_exog_v1,7,17dac7c5985891f27905e7056b45626a0d6f4dbf34f336534c17bb76ecd32f09,22,0.18901053071022034,0.07650706171989441
1,3,displacement_elevation_exog_v1,7,17dac7c5985891f27905e7056b45626a0d6f4dbf34f336534c17bb76ecd32f09,23,0.18697886168956757,0.07431961596012115
1,3,displacement_elevation_exog_v1,7,17dac7c5985891f27905e7056b45626a0d6f4dbf34f336534c17bb76ecd32f09,24,0.1848042607307434,0.07149279862642288
1,3,displacement_elevation_exog_v1,7,17dac7c5985891f27905e7056b45626a0d6f4dbf34f336534c17bb76ecd32f09,25,0.1825394630432129,0.06710626184940338
1,3,displacement_elevation_exog_v1,7,17dac7c5985891f27905e7056b45626a0d6f4dbf34f336534c17bb76ecd32f09,26,0.18032072484493256,0.060581788420677185
1,3,displacement_elevation_exog_v1,7,17dac7c5985891f27905e7056b45626a0d6f4dbf34f336534c17bb76ecd32f09,27,0.17828185856342316,0.05458260700106621
1,3,displacement_elevation_exog_v1,7,17dac7c5985891f27905e7056b45626a0d6f4dbf34f336534c17bb76ecd32f09,28,0.17644475400447845,0.05360683053731918
1,3,displacement_elevation_exog_v1,7,17dac7c5985891f27905e7056b45626a0d6f4dbf34f336534c17bb76ecd32f09,29,0.1747935563325882,0.06081656366586685
1,3,displacement_elevation_exog_v1,7,17dac7c5985891f27905e7056b45626a0d6f4dbf34f336534c17bb76ecd32f09,30,0.17317618429660797,0.06975340843200684
1,3,displacement_elevation_exog_v1,7,17dac7c5985891f27905e7056b45626a0d6f4dbf34f336534c17bb76ecd32f09,31,0.17142832279205322,0.07645802199840546
1,3,displacement_elevation_exog_v1,7,17dac7c5985891f27905e7056b45626a0d6f4dbf34f336534c17bb76ecd32f09,32,0.1694924235343933,0.07849835604429245
1,3,displacement_elevation_exog_v1,7,17dac7c5985891f27905e7056b45626a0d6f4dbf34f336534c17bb76ecd32f09,33,0.16742578148841858,0.07584217190742493
1,3,displacement_elevation_exog_v1,7,17dac7c5985891f27905e7056b45626a0d6f4dbf34f336534c17bb76ecd32f09,34,0.16530586779117584,0.07279742509126663
1,3,displacement_elevation_exog_v1,7,17dac7c5985891f27905e7056b45626a0d6f4dbf34f336534c17bb76ecd32f09,35,0.16325706243515015,0.06493770331144333
1,3,displacement_elevation_exog_v1,7,17dac7c5985891f27905e7056b45626a0d6f4dbf34f336534c17bb76ecd32f09,36,0.16137145459651947,0.06108427792787552
1,3,displacement_elevation_exog_v1,7,17dac7c5985891f27905e7056b45626a0d6f4dbf34f336534c17bb76ecd32f09,37,0.159652978181839,0.06318224966526031
1,3,displacement_elevation_exog_v1,7,17dac7c5985891f27905e7056b45626a0d6f4dbf34f336534c17bb76ecd32f09,38,0.15797872841358185,0.07334135472774506
1,3,displacement_elevation_exog_v1,7,17dac7c5985891f27905e7056b45626a0d6f4dbf34f336534c17bb76ecd32f09,39,0.15617606043815613,0.08443538844585419
1,3,displacement_elevation_exog_v1,7,17dac7c5985891f27905e7056b45626a0d6f4dbf34f336534c17bb76ecd32f09,40,0.1541949212551117,0.07702680677175522
1,3,displacement_elevation_exog_v1,7,17dac7c5985891f27905e7056b45626a0d6f4dbf34f336534c17bb76ecd32f09,41,0.15222224593162537,0.06798162311315536
1,3,displacement_elevation_exog_v1,7,17dac7c5985891f27905e7056b45626a0d6f4dbf34f336534c17bb76ecd32f09,42,0.15048664808273315,0.059612005949020386
1,3,displacement_elevation_exog_v1,7,17dac7c5985891f27905e7056b45626a0d6f4dbf34f336534c17bb76ecd32f09,43,0.14902740716934204,0.06229647621512413
1,3,displacement_elevation_exog_v1,7,17dac7c5985891f27905e7056b45626a0d6f4dbf34f336534c17bb76ecd32f09,44,0.14767248928546906,0.06831499189138412
1,3,displacement_elevation_exog_v1,7,17dac7c5985891f27905e7056b45626a0d6f4dbf34f336534c17bb76ecd32f09,45,0.14623060822486877,0.06882818043231964
1,3,displacement_elevation_exog_v1,7,17dac7c5985891f27905e7056b45626a0d6f4dbf34f336534c17bb76ecd32f09,46,0.14471454918384552,0.06487879902124405
1,3,displacement_elevation_exog_v1,7,17dac7c5985891f27905e7056b45626a0d6f4dbf34f336534c17bb76ecd32f09,47,0.14324615895748138,0.06205512955784798
1,3,displacement_elevation_exog_v1,7,17dac7c5985891f27905e7056b45626a0d6f4dbf34f336534c17bb76ecd32f09,48,0.14186348021030426,0.06471530348062515
1,3,displacement_elevation_exog_v1,7,17dac7c5985891f27905e7056b45626a0d6f4dbf34f336534c17bb76ecd32f09,49,0.14051134884357452,0.06955185532569885
1,3,displacement_elevation_exog_v1,7,17dac7c5985891f27905e7056b45626a0d6f4dbf34f336534c17bb76ecd32f09,50,0.13910599052906036,0.06961601972579956
1,3,displacement_elevation_exog_v1,7,17dac7c5985891f27905e7056b45626a0d6f4dbf34f336534c17bb76ecd32f09,51,0.13761429488658905,0.0631355345249176
1,3,displacement_elevation_exog_v1,7,17dac7c5985891f27905e7056b45626a0d6f4dbf34f336534c17bb76ecd32f09,52,0.13610544800758362,0.05516822263598442
1,3,displacement_elevation_exog_v1,7,17dac7c5985891f27905e7056b45626a0d6f4dbf34f336534c17bb76ecd32f09,53,0.1346442848443985,0.052573371678590775
1,3,displacement_elevation_exog_v1,7,17dac7c5985891f27905e7056b45626a0d6f4dbf34f336534c17bb76ecd32f09,54,0.13324420154094696,0.05430065840482712
1,3,displacement_elevation_exog_v1,7,17dac7c5985891f27905e7056b45626a0d6f4dbf34f336534c17bb76ecd32f09,55,0.13188107311725616,0.058589473366737366
1,3,displacement_elevation_exog_v1,7,17dac7c5985891f27905e7056b45626a0d6f4dbf34f336534c17bb76ecd32f09,56,0.13052818179130554,0.05872875452041626
1,3,displacement_elevation_exog_v1,7,17dac7c5985891f27905e7056b45626a0d6f4dbf34f336534c17bb76ecd32f09,57,0.12920606136322021,0.05099092423915863
1,3,displacement_elevation_exog_v1,7,17dac7c5985891f27905e7056b45626a0d6f4dbf34f336534c17bb76ecd32f09,58,0.12800566852092743,0.048947736620903015
1,3,displacement_elevation_exog_v1,7,17dac7c5985891f27905e7056b45626a0d6f4dbf34f336534c17bb76ecd32f09,59,0.12692797183990479,0.056902576237916946
1,3,displacement_elevation_exog_v1,7,17dac7c5985891f27905e7056b45626a0d6f4dbf34f336534c17bb76ecd32f09,60,0.1258459836244583,0.05121562257409096
1,3,displacement_elevation_exog_v1,7,17dac7c5985891f27905e7056b45626a0d6f4dbf34f336534c17bb76ecd32f09,61,0.12488067895174026,0.0620858334004879
1,3,displacement_elevation_exog_v1,7,17dac7c5985891f27905e7056b45626a0d6f4dbf34f336534c17bb76ecd32f09,62,0.12389864027500153,0.06121566519141197
1,3,displacement_elevation_exog_v1,7,17dac7c5985891f27905e7056b45626a0d6f4dbf34f336534c17bb76ecd32f09,63,0.12287886440753937,0.05207915976643562
1,3,displacement_elevation_exog_v1,7,17dac7c5985891f27905e7056b45626a0d6f4dbf34f336534c17bb76ecd32f09,64,0.12192881107330322,0.05715120956301689
1,3,displacement_elevation_exog_v1,7,17dac7c5985891f27905e7056b45626a0d6f4dbf34f336534c17bb76ecd32f09,65,0.12097708135843277,0.05173332244157791
1,3,displacement_elevation_exog_v1,7,17dac7c5985891f27905e7056b45626a0d6f4dbf34f336534c17bb76ecd32f09,66,0.12006203830242157,0.051015228033065796
1,3,displacement_elevation_exog_v1,7,17dac7c5985891f27905e7056b45626a0d6f4dbf34f336534c17bb76ecd32f09,67,0.11917459219694138,0.05526769533753395
1,3,displacement_elevation_exog_v1,7,17dac7c5985891f27905e7056b45626a0d6f4dbf34f336534c17bb76ecd32f09,68,0.11827503144741058,0.043567512184381485
1,3,displacement_elevation_exog_v1,7,17dac7c5985891f27905e7056b45626a0d6f4dbf34f336534c17bb76ecd32f09,69,0.1174454316496849,0.048911962658166885
1,3,displacement_elevation_exog_v1,7,17dac7c5985891f27905e7056b45626a0d6f4dbf34f336534c17bb76ecd32f09,70,0.11662337929010391,0.04458567500114441
1,3,displacement_elevation_exog_v1,7,17dac7c5985891f27905e7056b45626a0d6f4dbf34f336534c17bb76ecd32f09,71,0.11587993055582047,0.05212096869945526
1,3,displacement_elevation_exog_v1,7,17dac7c5985891f27905e7056b45626a0d6f4dbf34f336534c17bb76ecd32f09,72,0.11512820422649384,0.04017912223935127
1,3,displacement_elevation_exog_v1,7,17dac7c5985891f27905e7056b45626a0d6f4dbf34f336534c17bb76ecd32f09,73,0.11444587260484695,0.04026857018470764
1,3,displacement_elevation_exog_v1,7,17dac7c5985891f27905e7056b45626a0d6f4dbf34f336534c17bb76ecd32f09,74,0.11379498988389969,0.04310554265975952
1,3,displacement_elevation_exog_v1,7,17dac7c5985891f27905e7056b45626a0d6f4dbf34f336534c17bb76ecd32f09,75,0.11314070969820023,0.043816938996315
1,3,displacement_elevation_exog_v1,7,17dac7c5985891f27905e7056b45626a0d6f4dbf34f336534c17bb76ecd32f09,76,0.11249101161956787,0.03865307196974754
1,3,displacement_elevation_exog_v1,7,17dac7c5985891f27905e7056b45626a0d6f4dbf34f336534c17bb76ecd32f09,77,0.1118629053235054,0.03822726756334305
1,3,displacement_elevation_exog_v1,7,17dac7c5985891f27905e7056b45626a0d6f4dbf34f336534c17bb76ecd32f09,78,0.1112464964389801,0.03517046943306923
1,3,displacement_elevation_exog_v1,7,17dac7c5985891f27905e7056b45626a0d6f4dbf34f336534c17bb76ecd32f09,79,0.11064817011356354,0.037695977836847305
1,3,displacement_elevation_exog_v1,7,17dac7c5985891f27905e7056b45626a0d6f4dbf34f336534c17bb76ecd32f09,80,0.11004064977169037,0.03740563243627548
1,3,displacement_elevation_exog_v1,7,17dac7c5985891f27905e7056b45626a0d6f4dbf34f336534c17bb76ecd32f09,81,0.10941458493471146,0.03405348211526871
1,3,displacement_elevation_exog_v1,7,17dac7c5985891f27905e7056b45626a0d6f4dbf34f336534c17bb76ecd32f09,82,0.10880860686302185,0.032851338386535645
1,3,displacement_elevation_exog_v1,7,17dac7c5985891f27905e7056b45626a0d6f4dbf34f336534c17bb76ecd32f09,83,0.10820614546537399,0.03364081680774689
1,3,displacement_elevation_exog_v1,7,17dac7c5985891f27905e7056b45626a0d6f4dbf34f336534c17bb76ecd32f09,84,0.10760891437530518,0.03800930827856064
1,3,displacement_elevation_exog_v1,7,17dac7c5985891f27905e7056b45626a0d6f4dbf34f336534c17bb76ecd32f09,85,0.10699176788330078,0.037097442895174026
1,3,displacement_elevation_exog_v1,7,17dac7c5985891f27905e7056b45626a0d6f4dbf34f336534c17bb76ecd32f09,86,0.10636873543262482,0.037250641733407974
1,3,displacement_elevation_exog_v1,7,17dac7c5985891f27905e7056b45626a0d6f4dbf34f336534c17bb76ecd32f09,87,0.10574725270271301,0.03412405773997307
1,3,displacement_elevation_exog_v1,7,17dac7c5985891f27905e7056b45626a0d6f4dbf34f336534c17bb76ecd32f09,88,0.10515714436769485,0.04053384065628052
1,3,displacement_elevation_exog_v1,7,17dac7c5985891f27905e7056b45626a0d6f4dbf34f336534c17bb76ecd32f09,89,0.1045394018292427,0.03667742386460304
1,3,displacement_elevation_exog_v1,7,17dac7c5985891f27905e7056b45626a0d6f4dbf34f336534c17bb76ecd32f09,90,0.10391990095376968,0.03906095027923584
1,3,displacement_elevation_exog_v1,7,17dac7c5985891f27905e7056b45626a0d6f4dbf34f336534c17bb76ecd32f09,91,0.1033017486333847,0.038633208721876144
1,3,displacement_elevation_exog_v1,7,17dac7c5985891f27905e7056b45626a0d6f4dbf34f336534c17bb76ecd32f09,92,0.10268181562423706,0.03635141998529434
1,3,displacement_elevation_exog_v1,7,17dac7c5985891f27905e7056b45626a0d6f4dbf34f336534c17bb76ecd32f09,93,0.10208461433649063,0.03858537599444389
1,3,displacement_elevation_exog_v1,7,17dac7c5985891f27905e7056b45626a0d6f4dbf34f336534c17bb76ecd32f09,94,0.10145904123783112,0.03549427539110184
1,3,displacement_elevation_exog_v1,7,17dac7c5985891f27905e7056b45626a0d6f4dbf34f336534c17bb76ecd32f09,95,0.10083374381065369,0.035399749875068665
1,3,displacement_elevation_exog_v1,7,17dac7c5985891f27905e7056b45626a0d6f4dbf34f336534c17bb76ecd32f09,96,0.1002197340130806,0.03473895788192749
1,3,displacement_elevation_exog_v1,7,17dac7c5985891f27905e7056b45626a0d6f4dbf34f336534c17bb76ecd32f09,97,0.09960716217756271,0.03417697176337242
1,3,displacement_elevation_exog_v1,7,17dac7c5985891f27905e7056b45626a0d6f4dbf34f336534c17bb76ecd32f09,98,0.09899250417947769,0.03403640538454056
1,3,displacement_elevation_exog_v1,7,17dac7c5985891f27905e7056b45626a0d6f4dbf34f336534c17bb76ecd32f09,99,0.0983855128288269,0.03188778832554817
1,3,displacement_elevation_exog_v1,7,17dac7c5985891f27905e7056b45626a0d6f4dbf34f336534c17bb76ecd32f09,100,0.09779220819473267,0.033919088542461395
1,3,displacement_elevation_exog_v1,7,17dac7c5985891f27905e7056b45626a0d6f4dbf34f336534c17bb76ecd32f09,101,0.09718870371580124,0.03528881072998047
1,3,displacement_elevation_exog_v1,7,17dac7c5985891f27905e7056b45626a0d6f4dbf34f336534c17bb76ecd32f09,102,0.0965723916888237,0.0340459831058979
1,3,displacement_elevation_exog_v1,7,17dac7c5985891f27905e7056b45626a0d6f4dbf34f336534c17bb76ecd32f09,103,0.09595689177513123,0.033050213009119034
1,3,displacement_elevation_exog_v1,7,17dac7c5985891f27905e7056b45626a0d6f4dbf34f336534c17bb76ecd32f09,104,0.09535672515630722,0.03225483000278473
1,3,displacement_elevation_exog_v1,7,17dac7c5985891f27905e7056b45626a0d6f4dbf34f336534c17bb76ecd32f09,105,0.09477190673351288,0.039955273270606995
1,3,displacement_elevation_exog_v1,7,17dac7c5985891f27905e7056b45626a0d6f4dbf34f336534c17bb76ecd32f09,106,0.09419695287942886,0.050358355045318604
1,3,displacement_elevation_exog_v1,7,17dac7c5985891f27905e7056b45626a0d6f4dbf34f336534c17bb76ecd32f09,107,0.09363101422786713,0.06271936744451523
1,3,displacement_elevation_exog_v1,7,17dac7c5985891f27905e7056b45626a0d6f4dbf34f336534c17bb76ecd32f09,108,0.09307540953159332,0.06795809417963028
1,3,displacement_elevation_exog_v1,7,17dac7c5985891f27905e7056b45626a0d6f4dbf34f336534c17bb76ecd32f09,109,0.09247668087482452,0.06047196686267853
1,3,displacement_elevation_exog_v1,7,17dac7c5985891f27905e7056b45626a0d6f4dbf34f336534c17bb76ecd32f09,110,0.09187094122171402,0.04764619842171669
1,3,displacement_elevation_exog_v1,7,17dac7c5985891f27905e7056b45626a0d6f4dbf34f336534c17bb76ecd32f09,111,0.09128451347351074,0.039028655737638474
1,3,displacement_elevation_exog_v1,7,17dac7c5985891f27905e7056b45626a0d6f4dbf34f336534c17bb76ecd32f09,112,0.09069584310054779,0.0373985730111599
1,3,displacement_elevation_exog_v1,7,17dac7c5985891f27905e7056b45626a0d6f4dbf34f336534c17bb76ecd32f09,113,0.09010320901870728,0.044457145035266876
1,3,displacement_elevation_exog_v1,7,17dac7c5985891f27905e7056b45626a0d6f4dbf34f336534c17bb76ecd32f09,114,0.08951013535261154,0.052278194576501846
1,3,displacement_elevation_exog_v1,7,17dac7c5985891f27905e7056b45626a0d6f4dbf34f336534c17bb76ecd32f09,115,0.08893491327762604,0.08367201685905457
1,3,displacement_elevation_exog_v1,7,17dac7c5985891f27905e7056b45626a0d6f4dbf34f336534c17bb76ecd32f09,116,0.08840770274400711,0.11150974035263062
1,3,displacement_elevation_exog_v1,7,17dac7c5985891f27905e7056b45626a0d6f4dbf34f336534c17bb76ecd32f09,117,0.08775117993354797,0.1269860714673996
1,3,displacement_elevation_exog_v1,7,17dac7c5985891f27905e7056b45626a0d6f4dbf34f336534c17bb76ecd32f09,118,0.0870729461312294,0.0985407903790474
1,3,displacement_elevation_exog_v1,7,17dac7c5985891f27905e7056b45626a0d6f4dbf34f336534c17bb76ecd32f09,119,0.08632873743772507,0.053218141198158264
1,3,displacement_elevation_exog_v1,7,17dac7c5985891f27905e7056b45626a0d6f4dbf34f336534c17bb76ecd32f09,120,0.08574137836694717,0.09817122668027878
2,1,displacement_elevation_exog_v1,7,17dac7c5985891f27905e7056b45626a0d6f4dbf34f336534c17bb76ecd32f09,1,0.3208463191986084,0.30762073397636414
2,1,displacement_elevation_exog_v1,7,17dac7c5985891f27905e7056b45626a0d6f4dbf34f336534c17bb76ecd32f09,2,0.3141639232635498,0.302054762840271
2,1,displacement_elevation_exog_v1,7,17dac7c5985891f27905e7056b45626a0d6f4dbf34f336534c17bb76ecd32f09,3,0.307944655418396,0.2966281473636627
2,1,displacement_elevation_exog_v1,7,17dac7c5985891f27905e7056b45626a0d6f4dbf34f336534c17bb76ecd32f09,4,0.3019946217536926,0.2899406850337982
2,1,displacement_elevation_exog_v1,7,17dac7c5985891f27905e7056b45626a0d6f4dbf34f336534c17bb76ecd32f09,5,0.2961776852607727,0.28162238001823425
2,1,displacement_elevation_exog_v1,7,17dac7c5985891f27905e7056b45626a0d6f4dbf34f336534c17bb76ecd32f09,6,0.29041823744773865,0.2733045816421509
2,1,displacement_elevation_exog_v1,7,17dac7c5985891f27905e7056b45626a0d6f4dbf34f336534c17bb76ecd32f09,7,0.2846817970275879,0.2609999477863312
2,1,displacement_elevation_exog_v1,7,17dac7c5985891f27905e7056b45626a0d6f4dbf34f336534c17bb76ecd32f09,8,0.27904006838798523,0.2438795119524002
2,1,displacement_elevation_exog_v1,7,17dac7c5985891f27905e7056b45626a0d6f4dbf34f336534c17bb76ecd32f09,9,0.27354106307029724,0.2276303470134735
2,1,displacement_elevation_exog_v1,7,17dac7c5985891f27905e7056b45626a0d6f4dbf34f336534c17bb76ecd32f09,10,0.26816895604133606,0.21667540073394775
2,1,displacement_elevation_exog_v1,7,17dac7c5985891f27905e7056b45626a0d6f4dbf34f336534c17bb76ecd32f09,11,0.26279348134994507,0.2057369202375412
2,1,displacement_elevation_exog_v1,7,17dac7c5985891f27905e7056b45626a0d6f4dbf34f336534c17bb76ecd32f09,12,0.2574200928211212,0.19642987847328186
2,1,displacement_elevation_exog_v1,7,17dac7c5985891f27905e7056b45626a0d6f4dbf34f336534c17bb76ecd32f09,13,0.25201451778411865,0.18735231459140778
2,1,displacement_elevation_exog_v1,7,17dac7c5985891f27905e7056b45626a0d6f4dbf34f336534c17bb76ecd32f09,14,0.24666546285152435,0.17524786293506622
2,1,displacement_elevation_exog_v1,7,17dac7c5985891f27905e7056b45626a0d6f4dbf34f336534c17bb76ecd32f09,15,0.2414710819721222,0.16275502741336823
2,1,displacement_elevation_exog_v1,7,17dac7c5985891f27905e7056b45626a0d6f4dbf34f336534c17bb76ecd32f09,16,0.23643869161605835,0.15533839166164398
2,1,displacement_elevation_exog_v1,7,17dac7c5985891f27905e7056b45626a0d6f4dbf34f336534c17bb76ecd32f09,17,0.23151366412639618,0.14638757705688477
2,1,displacement_elevation_exog_v1,7,17dac7c5985891f27905e7056b45626a0d6f4dbf34f336534c17bb76ecd32f09,18,0.22688166797161102,0.133783221244812
2,1,displacement_elevation_exog_v1,7,17dac7c5985891f27905e7056b45626a0d6f4dbf34f336534c17bb76ecd32f09,19,0.22262470424175262,0.12436967343091965
2,1,displacement_elevation_exog_v1,7,17dac7c5985891f27905e7056b45626a0d6f4dbf34f336534c17bb76ecd32f09,20,0.21871091425418854,0.11137665808200836
2,1,displacement_elevation_exog_v1,7,17dac7c5985891f27905e7056b45626a0d6f4dbf34f336534c17bb76ecd32f09,21,0.21548378467559814,0.09496437758207321
2,1,displacement_elevation_exog_v1,7,17dac7c5985891f27905e7056b45626a0d6f4dbf34f336534c17bb76ecd32f09,22,0.21295545995235443,0.08419125527143478
2,1,displacement_elevation_exog_v1,7,17dac7c5985891f27905e7056b45626a0d6f4dbf34f336534c17bb76ecd32f09,23,0.2109057605266571,0.08023867011070251
2,1,displacement_elevation_exog_v1,7,17dac7c5985891f27905e7056b45626a0d6f4dbf34f336534c17bb76ecd32f09,24,0.20905785262584686,0.07977869361639023
2,1,displacement_elevation_exog_v1,7,17dac7c5985891f27905e7056b45626a0d6f4dbf34f336534c17bb76ecd32f09,25,0.20726622641086578,0.08052973449230194
2,1,displacement_elevation_exog_v1,7,17dac7c5985891f27905e7056b45626a0d6f4dbf34f336534c17bb76ecd32f09,26,0.2054300606250763,0.08056195080280304
2,1,displacement_elevation_exog_v1,7,17dac7c5985891f27905e7056b45626a0d6f4dbf34f336534c17bb76ecd32f09,27,0.2034696340560913,0.08040427416563034
2,1,displacement_elevation_exog_v1,7,17dac7c5985891f27905e7056b45626a0d6f4dbf34f336534c17bb76ecd32f09,28,0.20138497650623322,0.08080758154392242
2,1,displacement_elevation_exog_v1,7,17dac7c5985891f27905e7056b45626a0d6f4dbf34f336534c17bb76ecd32f09,29,0.19919997453689575,0.0798247680068016
2,1,displacement_elevation_exog_v1,7,17dac7c5985891f27905e7056b45626a0d6f4dbf34f336534c17bb76ecd32f09,30,0.1969534307718277,0.0759810358285904
2,1,displacement_elevation_exog_v1,7,17dac7c5985891f27905e7056b45626a0d6f4dbf34f336534c17bb76ecd32f09,31,0.19464454054832458,0.07269765436649323
2,1,displacement_elevation_exog_v1,7,17dac7c5985891f27905e7056b45626a0d6f4dbf34f336534c17bb76ecd32f09,32,0.19234175980091095,0.06981923431158066
2,1,displacement_elevation_exog_v1,7,17dac7c5985891f27905e7056b45626a0d6f4dbf34f336534c17bb76ecd32f09,33,0.19008097052574158,0.06749586760997772
2,1,displacement_elevation_exog_v1,7,17dac7c5985891f27905e7056b45626a0d6f4dbf34f336534c17bb76ecd32f09,34,0.18791718780994415,0.06694062054157257
2,1,displacement_elevation_exog_v1,7,17dac7c5985891f27905e7056b45626a0d6f4dbf34f336534c17bb76ecd32f09,35,0.1858769655227661,0.069479800760746
2,1,displacement_elevation_exog_v1,7,17dac7c5985891f27905e7056b45626a0d6f4dbf34f336534c17bb76ecd32f09,36,0.1838846653699875,0.07271681725978851
2,1,displacement_elevation_exog_v1,7,17dac7c5985891f27905e7056b45626a0d6f4dbf34f336534c17bb76ecd32f09,37,0.1818477362394333,0.07688002288341522
2,1,displacement_elevation_exog_v1,7,17dac7c5985891f27905e7056b45626a0d6f4dbf34f336534c17bb76ecd32f09,38,0.17972661554813385,0.08086054027080536
2,1,displacement_elevation_exog_v1,7,17dac7c5985891f27905e7056b45626a0d6f4dbf34f336534c17bb76ecd32f09,39,0.17747284471988678,0.08405346423387527
2,1,displacement_elevation_exog_v1,7,17dac7c5985891f27905e7056b45626a0d6f4dbf34f336534c17bb76ecd32f09,40,0.17505455017089844,0.08673625439405441
2,1,displacement_elevation_exog_v1,7,17dac7c5985891f27905e7056b45626a0d6f4dbf34f336534c17bb76ecd32f09,41,0.1725248247385025,0.08820416778326035
2,1,displacement_elevation_exog_v1,7,17dac7c5985891f27905e7056b45626a0d6f4dbf34f336534c17bb76ecd32f09,42,0.16997525095939636,0.08377266675233841
2,1,displacement_elevation_exog_v1,7,17dac7c5985891f27905e7056b45626a0d6f4dbf34f336534c17bb76ecd32f09,43,0.1675594300031662,0.08059288561344147
2,1,displacement_elevation_exog_v1,7,17dac7c5985891f27905e7056b45626a0d6f4dbf34f336534c17bb76ecd32f09,44,0.1652165800333023,0.0784745141863823
2,1,displacement_elevation_exog_v1,7,17dac7c5985891f27905e7056b45626a0d6f4dbf34f336534c17bb76ecd32f09,45,0.16296754777431488,0.0761665403842926
2,1,displacement_elevation_exog_v1,7,17dac7c5985891f27905e7056b45626a0d6f4dbf34f336534c17bb76ecd32f09,46,0.1607927531003952,0.07472445070743561
2,1,displacement_elevation_exog_v1,7,17dac7c5985891f27905e7056b45626a0d6f4dbf34f336534c17bb76ecd32f09,47,0.15864001214504242,0.07191407680511475
2,1,displacement_elevation_exog_v1,7,17dac7c5985891f27905e7056b45626a0d6f4dbf34f336534c17bb76ecd32f09,48,0.15651214122772217,0.07392635196447372
2,1,displacement_elevation_exog_v1,7,17dac7c5985891f27905e7056b45626a0d6f4dbf34f336534c17bb76ecd32f09,49,0.15439161658287048,0.07970346510410309
2,1,displacement_elevation_exog_v1,7,17dac7c5985891f27905e7056b45626a0d6f4dbf34f336534c17bb76ecd32f09,50,0.152211531996727,0.07736647129058838
2,1,displacement_elevation_exog_v1,7,17dac7c5985891f27905e7056b45626a0d6f4dbf34f336534c17bb76ecd32f09,51,0.14999090135097504,0.07000688463449478
2,1,displacement_elevation_exog_v1,7,17dac7c5985891f27905e7056b45626a0d6f4dbf34f336534c17bb76ecd32f09,52,0.14783035218715668,0.061858829110860825
2,1,displacement_elevation_exog_v1,7,17dac7c5985891f27905e7056b45626a0d6f4dbf34f336534c17bb76ecd32f09,53,0.14586207270622253,0.06715749949216843
2,1,displacement_elevation_exog_v1,7,17dac7c5985891f27905e7056b45626a0d6f4dbf34f336534c17bb76ecd32f09,54,0.14403590559959412,0.07129250466823578
2,1,displacement_elevation_exog_v1,7,17dac7c5985891f27905e7056b45626a0d6f4dbf34f336534c17bb76ecd32f09,55,0.1423221379518509,0.06007270887494087
2,1,displacement_elevation_exog_v1,7,17dac7c5985891f27905e7056b45626a0d6f4dbf34f336534c17bb76ecd32f09,56,0.1407536417245865,0.06281644105911255
2,1,displacement_elevation_exog_v1,7,17dac7c5985891f27905e7056b45626a0d6f4dbf34f336534c17bb76ecd32f09,57,0.1392284631729126,0.0715324729681015
2,1,displacement_elevation_exog_v1,7,17dac7c5985891f27905e7056b45626a0d6f4dbf34f336534c17bb76ecd32f09,58,0.13763779401779175,0.06977599859237671
2,1,displacement_elevation_exog_v1,7,17dac7c5985891f27905e7056b45626a0d6f4dbf34f336534c17bb76ecd32f09,59,0.13607391715049744,0.06271744519472122
2,1,displacement_elevation_exog_v1,7,17dac7c5985891f27905e7056b45626a0d6f4dbf34f336534c17bb76ecd32f09,60,0.13472001254558563,0.06273810565471649
2,1,displacement_elevation_exog_v1,7,17dac7c5985891f27905e7056b45626a0d6f4dbf34f336534c17bb76ecd32f09,61,0.1334950178861618,0.06873306632041931
2,1,displacement_elevation_exog_v1,7,17dac7c5985891f27905e7056b45626a0d6f4dbf34f336534c17bb76ecd32f09,62,0.13223490118980408,0.061436668038368225
2,1,displacement_elevation_exog_v1,7,17dac7c5985891f27905e7056b45626a0d6f4dbf34f336534c17bb76ecd32f09,63,0.13095736503601074,0.06185212731361389
2,1,displacement_elevation_exog_v1,7,17dac7c5985891f27905e7056b45626a0d6f4dbf34f336534c17bb76ecd32f09,64,0.1296422779560089,0.06336619704961777
2,1,displacement_elevation_exog_v1,7,17dac7c5985891f27905e7056b45626a0d6f4dbf34f336534c17bb76ecd32f09,65,0.12828116118907928,0.06012798473238945
2,1,displacement_elevation_exog_v1,7,17dac7c5985891f27905e7056b45626a0d6f4dbf34f336534c17bb76ecd32f09,66,0.12691950798034668,0.05474046245217323
2,1,displacement_elevation_exog_v1,7,17dac7c5985891f27905e7056b45626a0d6f4dbf34f336534c17bb76ecd32f09,67,0.12559841573238373,0.057025033980607986
2,1,displacement_elevation_exog_v1,7,17dac7c5985891f27905e7056b45626a0d6f4dbf34f336534c17bb76ecd32f09,68,0.12430506944656372,0.06489279866218567
2,1,displacement_elevation_exog_v1,7,17dac7c5985891f27905e7056b45626a0d6f4dbf34f336534c17bb76ecd32f09,69,0.1229863092303276,0.05738986283540726
2,1,displacement_elevation_exog_v1,7,17dac7c5985891f27905e7056b45626a0d6f4dbf34f336534c17bb76ecd32f09,70,0.12170585989952087,0.0617821104824543
2,1,displacement_elevation_exog_v1,7,17dac7c5985891f27905e7056b45626a0d6f4dbf34f336534c17bb76ecd32f09,71,0.12042687833309174,0.0647752434015274
2,1,displacement_elevation_exog_v1,7,17dac7c5985891f27905e7056b45626a0d6f4dbf34f336534c17bb76ecd32f09,72,0.11910901218652725,0.062759168446064
2,1,displacement_elevation_exog_v1,7,17dac7c5985891f27905e7056b45626a0d6f4dbf34f336534c17bb76ecd32f09,73,0.11777199059724808,0.05972221866250038
2,1,displacement_elevation_exog_v1,7,17dac7c5985891f27905e7056b45626a0d6f4dbf34f336534c17bb76ecd32f09,74,0.11646570265293121,0.052417781203985214
2,1,displacement_elevation_exog_v1,7,17dac7c5985891f27905e7056b45626a0d6f4dbf34f336534c17bb76ecd32f09,75,0.11522053182125092,0.05338655039668083
2,1,displacement_elevation_exog_v1,7,17dac7c5985891f27905e7056b45626a0d6f4dbf34f336534c17bb76ecd32f09,76,0.11398255825042725,0.05462232232093811
2,1,displacement_elevation_exog_v1,7,17dac7c5985891f27905e7056b45626a0d6f4dbf34f336534c17bb76ecd32f09,77,0.1127123087644577,0.05282961577177048
2,1,displacement_elevation_exog_v1,7,17dac7c5985891f27905e7056b45626a0d6f4dbf34f336534c17bb76ecd32f09,78,0.11142384260892868,0.05119772255420685
2,1,displacement_elevation_exog_v1,7,17dac7c5985891f27905e7056b45626a0d6f4dbf34f336534c17bb76ecd32f09,79,0.11015263199806213,0.04998383671045303
2,1,displacement_elevation_exog_v1,7,17dac7c5985891f27905e7056b45626a0d6f4dbf34f336534c17bb76ecd32f09,80,0.1089191734790802,0.05241511017084122
2,1,displacement_elevation_exog_v1,7,17dac7c5985891f27905e7056b45626a0d6f4dbf34f336534c17bb76ecd32f09,81,0.10771382600069046,0.0564495287835598
2,1,displacement_elevation_exog_v1,7,17dac7c5985891f27905e7056b45626a0d6f4dbf34f336534c17bb76ecd32f09,82,0.10649135708808899,0.057624392211437225
2,1,displacement_elevation_exog_v1,7,17dac7c5985891f27905e7056b45626a0d6f4dbf34f336534c17bb76ecd32f09,83,0.10527657717466354,0.061695750802755356
2,1,displacement_elevation_exog_v1,7,17dac7c5985891f27905e7056b45626a0d6f4dbf34f336534c17bb76ecd32f09,84,0.1040608212351799,0.05341356620192528
2,1,displacement_elevation_exog_v1,7,17dac7c5985891f27905e7056b45626a0d6f4dbf34f336534c17bb76ecd32f09,85,0.10286476463079453,0.05434166640043259
2,1,displacement_elevation_exog_v1,7,17dac7c5985891f27905e7056b45626a0d6f4dbf34f336534c17bb76ecd32f09,86,0.10166776180267334,0.05185532569885254
2,1,displacement_elevation_exog_v1,7,17dac7c5985891f27905e7056b45626a0d6f4dbf34f336534c17bb76ecd32f09,87,0.100474514067173,0.053464729338884354
2,1,displacement_elevation_exog_v1,7,17dac7c5985891f27905e7056b45626a0d6f4dbf34f336534c17bb76ecd32f09,88,0.09929686039686203,0.05940777808427811
2,1,displacement_elevation_exog_v1,7,17dac7c5985891f27905e7056b45626a0d6f4dbf34f336534c17bb76ecd32f09,89,0.09811586886644363,0.0563703291118145
2,1,displacement_elevation_exog_v1,7,17dac7c5985891f27905e7056b45626a0d6f4dbf34f336534c17bb76ecd32f09,90,0.09688778221607208,0.06827060878276825
2,1,displacement_elevation_exog_v1,7,17dac7c5985891f27905e7056b45626a0d6f4dbf34f336534c17bb76ecd32f09,91,0.09565474838018417,0.05510173365473747
2,1,displacement_elevation_exog_v1,7,17dac7c5985891f27905e7056b45626a0d6f4dbf34f336534c17bb76ecd32f09,92,0.09466242045164108,0.055138736963272095
2,1,displacement_elevation_exog_v1,7,17dac7c5985891f27905e7056b45626a0d6f4dbf34f336534c17bb76ecd32f09,93,0.09381277859210968,0.0799480751156807
2,1,displacement_elevation_exog_v1,7,17dac7c5985891f27905e7056b45626a0d6f4dbf34f336534c17bb76ecd32f09,94,0.09294621646404266,0.10084615647792816
2,1,displacement_elevation_exog_v1,7,17dac7c5985891f27905e7056b45626a0d6f4dbf34f336534c17bb76ecd32f09,95,0.09190279245376587,0.0947064608335495
2,1,displacement_elevation_exog_v1,7,17dac7c5985891f27905e7056b45626a0d6f4dbf34f336534c17bb76ecd32f09,96,0.0908462181687355,0.06368400156497955
2,1,displacement_elevation_exog_v1,7,17dac7c5985891f27905e7056b45626a0d6f4dbf34f336534c17bb76ecd32f09,97,0.08987823128700256,0.05473605915904045
2,1,displacement_elevation_exog_v1,7,17dac7c5985891f27905e7056b45626a0d6f4dbf34f336534c17bb76ecd32f09,98,0.08895104378461838,0.05312291532754898
2,1,displacement_elevation_exog_v1,7,17dac7c5985891f27905e7056b45626a0d6f4dbf34f336534c17bb76ecd32f09,99,0.08805427700281143,0.07855767756700516
2,1,displacement_elevation_exog_v1,7,17dac7c5985891f27905e7056b45626a0d6f4dbf34f336534c17bb76ecd32f09,100,0.08718652278184891,0.09445115178823471
2,1,displacement_elevation_exog_v1,7,17dac7c5985891f27905e7056b45626a0d6f4dbf34f336534c17bb76ecd32f09,101,0.08618410676717758,0.06895074248313904
2,1,displacement_elevation_exog_v1,7,17dac7c5985891f27905e7056b45626a0d6f4dbf34f336534c17bb76ecd32f09,102,0.08528842777013779,0.0600922666490078
2,1,displacement_elevation_exog_v1,7,17dac7c5985891f27905e7056b45626a0d6f4dbf34f336534c17bb76ecd32f09,103,0.08444315195083618,0.07544949650764465
2,1,displacement_elevation_exog_v1,7,17dac7c5985891f27905e7056b45626a0d6f4dbf34f336534c17bb76ecd32f09,104,0.08359219133853912,0.06627953797578812
2,1,displacement_elevation_exog_v1,7,17dac7c5985891f27905e7056b45626a0d6f4dbf34f336534c17bb76ecd32f09,105,0.08273755759000778,0.054956432431936264
2,1,displacement_elevation_exog_v1,7,17dac7c5985891f27905e7056b45626a0d6f4dbf34f336534c17bb76ecd32f09,106,0.08192994445562363,0.05492500588297844
2,1,displacement_elevation_exog_v1,7,17dac7c5985891f27905e7056b45626a0d6f4dbf34f336534c17bb76ecd32f09,107,0.08109215646982193,0.06035854294896126
2,1,displacement_elevation_exog_v1,7,17dac7c5985891f27905e7056b45626a0d6f4dbf34f336534c17bb76ecd32f09,108,0.080277219414711,0.056380826979875565
2,1,displacement_elevation_exog_v1,7,17dac7c5985891f27905e7056b45626a0d6f4dbf34f336534c17bb76ecd32f09,109,0.07950485497713089,0.05508724972605705
2,1,displacement_elevation_exog_v1,7,17dac7c5985891f27905e7056b45626a0d6f4dbf34f336534c17bb76ecd32f09,110,0.07873483747243881,0.05223769322037697
2,1,displacement_elevation_exog_v1,7,17dac7c5985891f27905e7056b45626a0d6f4dbf34f336534c17bb76ecd32f09,111,0.07797008007764816,0.0451509952545166
2,1,displacement_elevation_exog_v1,7,17dac7c5985891f27905e7056b45626a0d6f4dbf34f336534c17bb76ecd32f09,112,0.0772952288389206,0.05138959363102913
2,1,displacement_elevation_exog_v1,7,17dac7c5985891f27905e7056b45626a0d6f4dbf34f336534c17bb76ecd32f09,113,0.07663135975599289,0.056822095066308975
2,1,displacement_elevation_exog_v1,7,17dac7c5985891f27905e7056b45626a0d6f4dbf34f336534c17bb76ecd32f09,114,0.07592903077602386,0.05157473683357239
2,1,displacement_elevation_exog_v1,7,17dac7c5985891f27905e7056b45626a0d6f4dbf34f336534c17bb76ecd32f09,115,0.07524598389863968,0.04439081624150276
2,1,displacement_elevation_exog_v1,7,17dac7c5985891f27905e7056b45626a0d6f4dbf34f336534c17bb76ecd32f09,116,0.07460970431566238,0.048687733709812164
2,1,displacement_elevation_exog_v1,7,17dac7c5985891f27905e7056b45626a0d6f4dbf34f336534c17bb76ecd32f09,117,0.07397987693548203,0.05835375562310219
2,1,displacement_elevation_exog_v1,7,17dac7c5985891f27905e7056b45626a0d6f4dbf34f336534c17bb76ecd32f09,118,0.07340811938047409,0.09025858342647552
2,1,displacement_elevation_exog_v1,7,17dac7c5985891f27905e7056b45626a0d6f4dbf34f336534c17bb76ecd32f09,119,0.07296010106801987,0.16713351011276245
2,1,displacement_elevation_exog_v1,7,17dac7c5985891f27905e7056b45626a0d6f4dbf34f336534c17bb76ecd32f09,120,0.07283703237771988,0.2695341408252716
2,2,displacement_elevation_exog_v1,7,17dac7c5985891f27905e7056b45626a0d6f4dbf34f336534c17bb76ecd32f09,1,0.3021172285079956,0.2848479151725769
2,2,displacement_elevation_exog_v1,7,17dac7c5985891f27905e7056b45626a0d6f4dbf34f336534c17bb76ecd32f09,2,0.29661858081817627,0.2796225845813751
2,2,displacement_elevation_exog_v1,7,17dac7c5985891f27905e7056b45626a0d6f4dbf34f336534c17bb76ecd32f09,3,0.29143595695495605,0.2729012668132782
2,2,displacement_elevation_exog_v1,7,17dac7c5985891f27905e7056b45626a0d6f4dbf34f336534c17bb76ecd32f09,4,0.286464124917984,0.2665792405605316
2,2,displacement_elevation_exog_v1,7,17dac7c5985891f27905e7056b45626a0d6f4dbf34f336534c17bb76ecd32f09,5,0.2816416025161743,0.2526070773601532
2,2,displacement_elevation_exog_v1,7,17dac7c5985891f27905e7056b45626a0d6f4dbf34f336534c17bb76ecd32f09,6,0.2769888937473297,0.23564475774765015
2,2,displacement_elevation_exog_v1,7,17dac7c5985891f27905e7056b45626a0d6f4dbf34f336534c17bb76ecd32f09,7,0.2723899185657501,0.2253713607788086
2,2,displacement_elevation_exog_v1,7,17dac7c5985891f27905e7056b45626a0d6f4dbf34f336534c17bb76ecd32f09,8,0.26776322722435,0.21510055661201477
2,2,displacement_elevation_exog_v1,7,17dac7c5985891f27905e7056b45626a0d6f4dbf34f336534c17bb76ecd32f09,9,0.2631025016307831,0.20519669353961945
2,2,displacement_elevation_exog_v1,7,17dac7c5985891f27905e7056b45626a0d6f4dbf34f336534c17bb76ecd32f09,10,0.25839656591415405,0.1959867924451828
2,2,displacement_elevation_exog_v1,7,17dac7c5985891f27905e7056b45626a0d6f4dbf34f336534c17bb76ecd32f09,11,0.2536678910255432,0.18374872207641602
2,2,displacement_elevation_exog_v1,7,17dac7c5985891f27905e7056b45626a0d6f4dbf34f336534c17bb76ecd32f09,12,0.24903398752212524,0.1705968827009201
2,2,displacement_elevation_exog_v1,7,17dac7c5985891f27905e7056b45626a0d6f4dbf34f336534c17bb76ecd32f09,13,0.24448537826538086,0.15937229990959167
2,2,displacement_elevation_exog_v1,7,17dac7c5985891f27905e7056b45626a0d6f4dbf34f336534c17bb76ecd32f09,14,0.24000012874603271,0.15052339434623718
2,2,displacement_elevation_exog_v1,7,17dac7c5985891f27905e7056b45626a0d6f4dbf34f336534c17bb76ecd32f09,15,0.2356027215719223,0.14151249825954437
2,2,displacement_elevation_exog_v1,7,17dac7c5985891f27905e7056b45626a0d6f4dbf34f336534c17bb76ecd32f09,16,0.23124906420707703,0.1343548446893692
2,2,displacement_elevation_exog_v1,7,17dac7c5985891f27905e7056b45626a0d6f4dbf34f336534c17bb76ecd32f09,17,0.22697970271110535,0.1270621120929718
2,2,displacement_elevation_exog_v1,7,17dac7c5985891f27905e7056b45626a0d6f4dbf34f336534c17bb76ecd32f09,18,0.22296997904777527,0.11392185837030411
2,2,displacement_elevation_exog_v1,7,17dac7c5985891f27905e7056b45626a0d6f4dbf34f336534c17bb76ecd32f09,19,0.21934247016906738,0.10443270951509476
2,2,displacement_elevation_exog_v1,7,17dac7c5985891f27905e7056b45626a0d6f4dbf34f336534c17bb76ecd32f09,20,0.21602042019367218,0.09374088793992996
2,2,displacement_elevation_exog_v1,7,17dac7c5985891f27905e7056b45626a0d6f4dbf34f336534c17bb76ecd32f09,21,0.21316072344779968,0.08223876357078552
2,2,displacement_elevation_exog_v1,7,17dac7c5985891f27905e7056b45626a0d6f4dbf34f336534c17bb76ecd32f09,22,0.21077610552310944,0.07295548915863037
2,2,displacement_elevation_exog_v1,7,17dac7c5985891f27905e7056b45626a0d6f4dbf34f336534c17bb76ecd32f09,23,0.20873764157295227,0.06657382100820541
2,2,displacement_elevation_exog_v1,7,17dac7c5985891f27905e7056b45626a0d6f4dbf34f336534c17bb76ecd32f09,24,0.20696642994880676,0.06345608830451965
2,2,displacement_elevation_exog_v1,7,17dac7c5985891f27905e7056b45626a0d6f4dbf34f336534c17bb76ecd32f09,25,0.20538130402565002,0.0622052326798439
2,2,displacement_elevation_exog_v1,7,17dac7c5985891f27905e7056b45626a0d6f4dbf34f336534c17bb76ecd32f09,26,0.2038959413766861,0.06023486703634262
2,2,displacement_elevation_exog_v1,7,17dac7c5985891f27905e7056b45626a0d6f4dbf34f336534c17bb76ecd32f09,27,0.20242613554000854,0.062456484884023666
2,2,displacement_elevation_exog_v1,7,17dac7c5985891f27905e7056b45626a0d6f4dbf34f336534c17bb76ecd32f09,28,0.20088045299053192,0.06464343518018723
2,2,displacement_elevation_exog_v1,7,17dac7c5985891f27905e7056b45626a0d6f4dbf34f336534c17bb76ecd32f09,29,0.19921346008777618,0.06495588272809982
2,2,displacement_elevation_exog_v1,7,17dac7c5985891f27905e7056b45626a0d6f4dbf34f336534c17bb76ecd32f09,30,0.19743824005126953,0.06161123886704445
2,2,displacement_elevation_exog_v1,7,17dac7c5985891f27905e7056b45626a0d6f4dbf34f336534c17bb76ecd32f09,31,0.19559897482395172,0.05670234188437462
2,2,displacement_elevation_exog_v1,7,17dac7c5985891f27905e7056b45626a0d6f4dbf34f336534c17bb76ecd32f09,32,0.1937575340270996,0.05199578404426575
2,2,displacement_elevation_exog_v1,7,17dac7c5985891f27905e7056b45626a0d6f4dbf34f336534c17bb76ecd32f09,33,0.1919892132282257,0.04783818498253822
2,2,displacement_elevation_exog_v1,7,17dac7c5985891f27905e7056b45626a0d6f4dbf34f336534c17bb76ecd32f09,34,0.19035273790359497,0.049344174563884735
2,2,displacement_elevation_exog_v1,7,17dac7c5985891f27905e7056b45626a0d6f4dbf34f336534c17bb76ecd32f09,35,0.18879559636116028,0.05210593715310097
2,2,displacement_elevation_exog_v1,7,17dac7c5985891f27905e7056b45626a0d6f4dbf34f336534c17bb76ecd32f09,36,0.18725953996181488,0.05520835146307945
2,2,displacement_elevation_exog_v1,7,17dac7c5985891f27905e7056b45626a0d6f4dbf34f336534c17bb76ecd32f09,37,0.1857168972492218,0.05822472646832466
2,2,displacement_elevation_exog_v1,7,17dac7c5985891f27905e7056b45626a0d6f4dbf34f336534c17bb76ecd32f09,38,0.18415896594524384,0.058770932257175446
2,2,displacement_elevation_exog_v1,7,17dac7c5985891f27905e7056b45626a0d6f4dbf34f336534c17bb76ecd32f09,39,0.18258415162563324,0.05755583196878433
2,2,displacement_elevation_exog_v1,7,17dac7c5985891f27905e7056b45626a0d6f4dbf34f336534c17bb76ecd32f09,40,0.18104860186576843,0.058310460299253464
2,2,displacement_elevation_exog_v1,7,17dac7c5985891f27905e7056b45626a0d6f4dbf34f336534c17bb76ecd32f09,41,0.17955760657787323,0.06157541275024414
2,2,displacement_elevation_exog_v1,7,17dac7c5985891f27905e7056b45626a0d6f4dbf34f336534c17bb76ecd32f09,42,0.17799516022205353,0.062278278172016144
2,2,displacement_elevation_exog_v1,7,17dac7c5985891f27905e7056b45626a0d6f4dbf34f336534c17bb76ecd32f09,43,0.1763618141412735,0.05898570269346237
2,2,displacement_elevation_exog_v1,7,17dac7c5985891f27905e7056b45626a0d6f4dbf34f336534c17bb76ecd32f09,44,0.17470064759254456,0.05631953477859497
2,2,displacement_elevation_exog_v1,7,17dac7c5985891f27905e7056b45626a0d6f4dbf34f336534c17bb76ecd32f09,45,0.17303219437599182,0.0548035204410553
2,2,displacement_elevation_exog_v1,7,17dac7c5985891f27905e7056b45626a0d6f4dbf34f336534c17bb76ecd32f09,46,0.17139652371406555,0.05511048436164856
2,2,displacement_elevation_exog_v1,7,17dac7c5985891f27905e7056b45626a0d6f4dbf34f336534c17bb76ecd32f09,47,0.16977059841156006,0.055523812770843506
2,2,displacement_elevation_exog_v1,7,17dac7c5985891f27905e7056b45626a0d6f4dbf34f336534c17bb76ecd32f09,48,0.16815873980522156,0.05380939319729805
2,2,displacement_elevation_exog_v1,7,17dac7c5985891f27905e7056b45626a0d6f4dbf34f336534c17bb76ecd32f09,49,0.16660237312316895,0.053429946303367615
2,2,displacement_elevation_exog_v1,7,17dac7c5985891f27905e7056b45626a0d6f4dbf34f336534c17bb76ecd32f09,50,0.16508209705352783,0.05397210270166397
2,2,displacement_elevation_exog_v1,7,17dac7c5985891f27905e7056b45626a0d6f4dbf34f336534c17bb76ecd32f09,51,0.16356484591960907,0.05629326030611992
2,2,displacement_elevation_exog_v1,7,17dac7c5985891f27905e7056b45626a0d6f4dbf34f336534c17bb76ecd32f09,52,0.16201260685920715,0.05814196914434433
2,2,displacement_elevation_exog_v1,7,17dac7c5985891f27905e7056b45626a0d6f4dbf34f336534c17bb76ecd32f09,53,0.16039642691612244,0.05913976952433586
2,2,displacement_elevation_exog_v1,7,17dac7c5985891f27905e7056b45626a0d6f4dbf34f336534c17bb76ecd32f09,54,0.15870580077171326,0.059189148247241974
2,2,displacement_elevation_exog_v1,7,17dac7c5985891f27905e7056b45626a0d6f4dbf34f336534c17bb76ecd32f09,55,0.1569841206073761,0.05707752704620361
2,2,displacement_elevation_exog_v1,7,17dac7c5985891f27905e7056b45626a0d6f4dbf34f336534c17bb76ecd32f09,56,0.15527735650539398,0.05394783616065979
2,2,displacement_elevation_exog_v1,7,17dac7c5985891f27905e7056b45626a0d6f4dbf34f336534c17bb76ecd32f09,57,0.15363000333309174,0.05329902097582817
2,2,displacement_elevation_exog_v1,7,17dac7c5985891f27905e7056b45626a0d6f4dbf34f336534c17bb76ecd32f09,58,0.15202346444129944,0.05379993095993996
2,2,displacement_elevation_exog_v1,7,17dac7c5985891f27905e7056b45626a0d6f4dbf34f336534c17bb76ecd32f09,59,0.15045243501663208,0.05522441118955612
2,2,displacement_elevation_exog_v1,7,17dac7c5985891f27905e7056b45626a0d6f4dbf34f336534c17bb76ecd32f09,60,0.14886076748371124,0.05467633157968521
2,2,displacement_elevation_exog_v1,7,17dac7c5985891f27905e7056b45626a0d6f4dbf34f336534c17bb76ecd32f09,61,0.14728040993213654,0.05433234944939613
2,2,displacement_elevation_exog_v1,7,17dac7c5985891f27905e7056b45626a0d6f4dbf34f336534c17bb76ecd32f09,62,0.14571745693683624,0.05468194931745529
2,2,displacement_elevation_exog_v1,7,17dac7c5985891f27905e7056b45626a0d6f4dbf34f336534c17bb76ecd32f09,63,0.14418929815292358,0.05454140156507492
2,2,displacement_elevation_exog_v1,7,17dac7c5985891f27905e7056b45626a0d6f4dbf34f336534c17bb76ecd32f09,64,0.14269419014453888,0.05420834571123123
2,2,displacement_elevation_exog_v1,7,17dac7c5985891f27905e7056b45626a0d6f4dbf34f336534c17bb76ecd32f09,65,0.14122022688388824,0.054494474083185196
2,2,displacement_elevation_exog_v1,7,17dac7c5985891f27905e7056b45626a0d6f4dbf34f336534c17bb76ecd32f09,66,0.13974803686141968,0.05425001308321953
2,2,displacement_elevation_exog_v1,7,17dac7c5985891f27905e7056b45626a0d6f4dbf34f336534c17bb76ecd32f09,67,0.1382933408021927,0.052888352423906326
2,2,displacement_elevation_exog_v1,7,17dac7c5985891f27905e7056b45626a0d6f4dbf34f336534c17bb76ecd32f09,68,0.1368637979030609,0.05489373952150345
2,2,displacement_elevation_exog_v1,7,17dac7c5985891f27905e7056b45626a0d6f4dbf34f336534c17bb76ecd32f09,69,0.1354290246963501,0.05428434908390045
2,2,displacement_elevation_exog_v1,7,17dac7c5985891f27905e7056b45626a0d6f4dbf34f336534c17bb76ecd32f09,70,0.13399818539619446,0.05457568168640137
2,2,displacement_elevation_exog_v1,7,17dac7c5985891f27905e7056b45626a0d6f4dbf34f336534c17bb76ecd32f09,71,0.13257746398448944,0.05591726675629616
2,2,displacement_elevation_exog_v1,7,17dac7c5985891f27905e7056b45626a0d6f4dbf34f336534c17bb76ecd32f09,72,0.1311604529619217,0.051422569900751114
2,2,displacement_elevation_exog_v1,7,17dac7c5985891f27905e7056b45626a0d6f4dbf34f336534c17bb76ecd32f09,73,0.12978141009807587,0.05318957567214966
2,2,displacement_elevation_exog_v1,7,17dac7c5985891f27905e7056b45626a0d6f4dbf34f336534c17bb76ecd32f09,74,0.1283823400735855,0.05548709258437157
2,2,displacement_elevation_exog_v1,7,17dac7c5985891f27905e7056b45626a0d6f4dbf34f336534c17bb76ecd32f09,75,0.12693797051906586,0.05255334824323654
2,2,displacement_elevation_exog_v1,7,17dac7c5985891f27905e7056b45626a0d6f4dbf34f336534c17bb76ecd32f09,76,0.12550343573093414,0.05363551899790764
2,2,displacement_elevation_exog_v1,7,17dac7c5985891f27905e7056b45626a0d6f4dbf34f336534c17bb76ecd32f09,77,0.1240549385547638,0.05407045781612396
2,2,displacement_elevation_exog_v1,7,17dac7c5985891f27905e7056b45626a0d6f4dbf34f336534c17bb76ecd32f09,78,0.12261033058166504,0.057611625641584396
2,2,displacement_elevation_exog_v1,7,17dac7c5985891f27905e7056b45626a0d6f4dbf34f336534c17bb76ecd32f09,79,0.12117205560207367,0.058266837149858475
2,2,displacement_elevation_exog_v1,7,17dac7c5985891f27905e7056b45626a0d6f4dbf34f336534c17bb76ecd32f09,80,0.11978743225336075,0.05256137251853943
2,2,displacement_elevation_exog_v1,7,17dac7c5985891f27905e7056b45626a0d6f4dbf34f336534c17bb76ecd32f09,81,0.11851733922958374,0.05258671194314957
2,2,displacement_elevation_exog_v1,7,17dac7c5985891f27905e7056b45626a0d6f4dbf34f336534c17bb76ecd32f09,82,0.11731193214654922,0.05074630305171013
2,2,displacement_elevation_exog_v1,7,17dac7c5985891f27905e7056b45626a0d6f4dbf34f336534c17bb76ecd32f09,83,0.11616741120815277,0.05204686149954796
2,2,displacement_elevation_exog_v1,7,17dac7c5985891f27905e7056b45626a0d6f4dbf34f336534c17bb76ecd32f09,84,0.11504074931144714,0.04946553334593773
2,2,displacement_elevation_exog_v1,7,17dac7c5985891f27905e7056b45626a0d6f4dbf34f336534c17bb76ecd32f09,85,0.11395353078842163,0.05071958899497986
2,2,displacement_elevation_exog_v1,7,17dac7c5985891f27905e7056b45626a0d6f4dbf34f336534c17bb76ecd32f09,86,0.11287771165370941,0.049557238817214966
2,2,displacement_elevation_exog_v1,7,17dac7c5985891f27905e7056b45626a0d6f4dbf34f336534c17bb76ecd32f09,87,0.11183089017868042,0.05032460391521454
2,2,displacement_elevation_exog_v1,7,17dac7c5985891f27905e7056b45626a0d6f4dbf34f336534c17bb76ecd32f09,88,0.11079738289117813,0.049863144755363464
2,2,displacement_elevation_exog_v1,7,17dac7c5985891f27905e7056b45626a0d6f4dbf34f336534c17bb76ecd32f09,89,0.10978064686059952,0.0472501665353775
2,2,displacement_elevation_exog_v1,7,17dac7c5985891f27905e7056b45626a0d6f4dbf34f336534c17bb76ecd32f09,90,0.10880281031131744,0.04641535133123398
2,2,displacement_elevation_exog_v1,7,17dac7c5985891f27905e7056b45626a0d6f4dbf34f336534c17bb76ecd32f09,91,0.1078517884016037,0.04445919394493103
2,2,displacement_elevation_exog_v1,7,17dac7c5985891f27905e7056b45626a0d6f4dbf34f336534c17bb76ecd32f09,92,0.10693871229887009,0.043256185948848724
2,2,displacement_elevation_exog_v1,7,17dac7c5985891f27905e7056b45626a0d6f4dbf34f336534c17bb76ecd32f09,93,0.10606598854064941,0.043318428099155426
2,2,displacement_elevation_exog_v1,7,17dac7c5985891f27905e7056b45626a0d6f4dbf34f336534c17bb76ecd32f09,94,0.10524176061153412,0.04146580025553703
2,2,displacement_elevation_exog_v1,7,17dac7c5985891f27905e7056b45626a0d6f4dbf34f336534c17bb76ecd32f09,95,0.1044730544090271,0.04370754957199097
2,2,displacement_elevation_exog_v1,7,17dac7c5985891f27905e7056b45626a0d6f4dbf34f336534c17bb76ecd32f09,96,0.10371451824903488,0.04313676804304123
2,2,displacement_elevation_exog_v1,7,17dac7c5985891f27905e7056b45626a0d6f4dbf34f336534c17bb76ecd32f09,97,0.10294735431671143,0.04101495072245598
2,2,displacement_elevation_exog_v1,7,17dac7c5985891f27905e7056b45626a0d6f4dbf34f336534c17bb76ecd32f09,98,0.10217675566673279,0.038229938596487045
2,2,displacement_elevation_exog_v1,7,17dac7c5985891f27905e7056b45626a0d6f4dbf34f336534c17bb76ecd32f09,99,0.10143279284238815,0.039550378918647766
2,2,displacement_elevation_exog_v1,7,17dac7c5985891f27905e7056b45626a0d6f4dbf34f336534c17bb76ecd32f09,100,0.10067681968212128,0.039654769003391266
2,2,displacement_elevation_exog_v1,7,17dac7c5985891f27905e7056b45626a0d6f4dbf34f336534c17bb76ecd32f09,101,0.09991306811571121,0.03742263838648796
2,2,displacement_elevation_exog_v1,7,17dac7c5985891f27905e7056b45626a0d6f4dbf34f336534c17bb76ecd32f09,102,0.09914357215166092,0.03862633556127548
2,2,displacement_elevation_exog_v1,7,17dac7c5985891f27905e7056b45626a0d6f4dbf34f336534c17bb76ecd32f09,103,0.09835002571344376,0.038027532398700714
2,2,displacement_elevation_exog_v1,7,17dac7c5985891f27905e7056b45626a0d6f4dbf34f336534c17bb76ecd32f09,104,0.09754420071840286,0.03744296357035637
2,2,displacement_elevation_exog_v1,7,17dac7c5985891f27905e7056b45626a0d6f4dbf34f336534c17bb76ecd32f09,105,0.09674690663814545,0.03943142294883728
2,2,displacement_elevation_exog_v1,7,17dac7c5985891f27905e7056b45626a0d6f4dbf34f336534c17bb76ecd32f09,106,0.09595149010419846,0.036995094269514084
2,2,displacement_elevation_exog_v1,7,17dac7c5985891f27905e7056b45626a0d6f4dbf34f336534c17bb76ecd32f09,107,0.09518391638994217,0.043242815881967545
2,2,displacement_elevation_exog_v1,7,17dac7c5985891f27905e7056b45626a0d6f4dbf34f336534c17bb76ecd32f09,108,0.09443487226963043,0.06006496399641037
2,2,displacement_elevation_exog_v1,7,17dac7c5985891f27905e7056b45626a0d6f4dbf34f336534c17bb76ecd32f09,109,0.09368900954723358,0.06468068063259125
2,2,displacement_elevation_exog_v1,7,17dac7c5985891f27905e7056b45626a0d6f4dbf34f336534c17bb76ecd32f09,110,0.0929122045636177,0.055139992386102676
2,2,displacement_elevation_exog_v1,7,17dac7c5985891f27905e7056b45626a0d6f4dbf34f336534c17bb76ecd32f09,111,0.09214300662279129,0.04121076315641403
2,2,displacement_elevation_exog_v1,7,17dac7c5985891f27905e7056b45626a0d6f4dbf34f336534c17bb76ecd32f09,112,0.09138511121273041,0.036148443818092346
2,2,displacement_elevation_exog_v1,7,17dac7c5985891f27905e7056b45626a0d6f4dbf34f336534c17bb76ecd32f09,113,0.09066078066825867,0.04865991324186325
2,2,displacement_elevation_exog_v1,7,17dac7c5985891f27905e7056b45626a0d6f4dbf34f336534c17bb76ecd32f09,114,0.08995294570922852,0.0483231246471405
2,2,displacement_elevation_exog_v1,7,17dac7c5985891f27905e7056b45626a0d6f4dbf34f336534c17bb76ecd32f09,115,0.08920025080442429,0.03708021715283394
2,2,displacement_elevation_exog_v1,7,17dac7c5985891f27905e7056b45626a0d6f4dbf34f336534c17bb76ecd32f09,116,0.0884886234998703,0.04394019767642021
2,2,displacement_elevation_exog_v1,7,17dac7c5985891f27905e7056b45626a0d6f4dbf34f336534c17bb76ecd32f09,117,0.08778879791498184,0.05734673887491226
2,2,displacement_elevation_exog_v1,7,17dac7c5985891f27905e7056b45626a0d6f4dbf34f336534c17bb76ecd32f09,118,0.08707647770643234,0.042196739464998245
2,2,displacement_elevation_exog_v1,7,17dac7c5985891f27905e7056b45626a0d6f4dbf34f336534c17bb76ecd32f09,119,0.08636236935853958,0.03572225570678711
2,2,displacement_elevation_exog_v1,7,17dac7c5985891f27905e7056b45626a0d6f4dbf34f336534c17bb76ecd32f09,120,0.08568545430898666,0.04722632095217705
2,3,displacement_elevation_exog_v1,7,17dac7c5985891f27905e7056b45626a0d6f4dbf34f336534c17bb76ecd32f09,1,0.270511269569397,0.26265910267829895
2,3,displacement_elevation_exog_v1,7,17dac7c5985891f27905e7056b45626a0d6f4dbf34f336534c17bb76ecd32f09,2,0.26553764939308167,0.2544703781604767
2,3,displacement_elevation_exog_v1,7,17dac7c5985891f27905e7056b45626a0d6f4dbf34f336534c17bb76ecd32f09,3,0.2608683705329895,0.24411803483963013
2,3,displacement_elevation_exog_v1,7,17dac7c5985891f27905e7056b45626a0d6f4dbf34f336534c17bb76ecd32f09,4,0.2564821243286133,0.22954529523849487
2,3,displacement_elevation_exog_v1,7,17dac7c5985891f27905e7056b45626a0d6f4dbf34f336534c17bb76ecd32f09,5,0.2522997260093689,0.21889229118824005
2,3,displacement_elevation_exog_v1,7,17dac7c5985891f27905e7056b45626a0d6f4dbf34f336534c17bb76ecd32f09,6,0.24825160205364227,0.20716674625873566
2,3,displacement_elevation_exog_v1,7,17dac7c5985891f27905e7056b45626a0d6f4dbf34f336534c17bb76ecd32f09,7,0.2443024218082428,0.19400043785572052
2,3,displacement_elevation_exog_v1,7,17dac7c5985891f27905e7056b45626a0d6f4dbf34f336534c17bb76ecd32f09,8,0.2404206246137619,0.18186339735984802
2,3,displacement_elevation_exog_v1,7,17dac7c5985891f27905e7056b45626a0d6f4dbf34f336534c17bb76ecd32f09,9,0.2365596890449524,0.16872435808181763
2,3,displacement_elevation_exog_v1,7,17dac7c5985891f27905e7056b45626a0d6f4dbf34f336534c17bb76ecd32f09,10,0.23273225128650665,0.15594977140426636
2,3,displacement_elevation_exog_v1,7,17dac7c5985891f27905e7056b45626a0d6f4dbf34f336534c17bb76ecd32f09,11,0.22894196212291718,0.1425691545009613
2,3,displacement_elevation_exog_v1,7,17dac7c5985891f27905e7056b45626a0d6f4dbf34f336534c17bb76ecd32f09,12,0.22528846561908722,0.1282421499490738
2,3,displacement_elevation_exog_v1,7,17dac7c5985891f27905e7056b45626a0d6f4dbf34f336534c17bb76ecd32f09,13,0.221854105591774,0.11480023711919785
2,3,displacement_elevation_exog_v1,7,17dac7c5985891f27905e7056b45626a0d6f4dbf34f336534c17bb76ecd32f09,14,0.21861667931079865,0.10303810983896255
2,3,displacement_elevation_exog_v1,7,17dac7c5985891f27905e7056b45626a0d6f4dbf34f336534c17bb76ecd32f09,15,0.21558620035648346,0.0933581069111824
2,3,displacement_elevation_exog_v1,7,17dac7c5985891f27905e7056b45626a0d6f4dbf34f336534c17bb76ecd32f09,16,0.21274231374263763,0.0855594053864479
2,3,displacement_elevation_exog_v1,7,17dac7c5985891f27905e7056b45626a0d6f4dbf34f336534c17bb76ecd32f09,17,0.21008537709712982,0.07965492457151413
2,3,displacement_elevation_exog_v1,7,17dac7c5985891f27905e7056b45626a0d6f4dbf34f336534c17bb76ecd32f09,18,0.20763003826141357,0.07251483201980591
2,3,displacement_elevation_exog_v1,7,17dac7c5985891f27905e7056b45626a0d6f4dbf34f336534c17bb76ecd32f09,19,0.20543691515922546,0.06573326140642166
2,3,displacement_elevation_exog_v1,7,17dac7c5985891f27905e7056b45626a0d6f4dbf34f336534c17bb76ecd32f09,20,0.20351769030094147,0.05999179184436798
2,3,displacement_elevation_exog_v1,7,17dac7c5985891f27905e7056b45626a0d6f4dbf34f336534c17bb76ecd32f09,21,0.20181049406528473,0.05563103035092354
2,3,displacement_elevation_exog_v1,7,17dac7c5985891f27905e7056b45626a0d6f4dbf34f336534c17bb76ecd32f09,22,0.2002510130405426,0.05223548784852028
2,3,displacement_elevation_exog_v1,7,17dac7c5985891f27905e7056b45626a0d6f4dbf34f336534c17bb76ecd32f09,23,0.19882261753082275,0.04879707470536232
2,3,displacement_elevation_exog_v1,7,17dac7c5985891f27905e7056b45626a0d6f4dbf34f336534c17bb76ecd32f09,24,0.19756320118904114,0.0455252006649971
2,3,displacement_elevation_exog_v1,7,17dac7c5985891f27905e7056b45626a0d6f4dbf34f336534c17bb76ecd32f09,25,0.1964171677827835,0.043220724910497665
2,3,displacement_elevation_exog_v1,7,17dac7c5985891f27905e7056b45626a0d6f4dbf34f336534c17bb76ecd32f09,26,0.1953085958957672,0.04395465552806854
2,3,displacement_elevation_exog_v1,7,17dac7c5985891f27905e7056b45626a0d6f4dbf34f336534c17bb76ecd32f09,27,0.19422107934951782,0.04795265942811966
2,3,displacement_elevation_exog_v1,7,17dac7c5985891f27905e7056b45626a0d6f4dbf34f336534c17bb76ecd32f09,28,0.19309663772583008,0.05249274894595146
2,3,displacement_elevation_exog_v1,7,17dac7c5985891f27905e7056b45626a0d6f4dbf34f336534c17bb76ecd32f09,29,0.1918586939573288,0.05499230697751045
2,3,displacement_elevation_exog_v1,7,17dac7c5985891f27905e7056b45626a0d6f4dbf34f336534c17bb76ecd32f09,30,0.19048668444156647,0.052469607442617416
2,3,displacement_elevation_exog_v1,7,17dac7c5985891f27905e7056b45626a0d6f4dbf34f336534c17bb76ecd32f09,31,0.18903352320194244,0.04876371845602989
2,3,displacement_elevation_exog_v1,7,17dac7c5985891f27905e7056b45626a0d6f4dbf34f336534c17bb76ecd32f09,32,0.1875617504119873,0.04273996129631996
2,3,displacement_elevation_exog_v1,7,17dac7c5985891f27905e7056b45626a0d6f4dbf34f336534c17bb76ecd32f09,33,0.18620339035987854,0.039900727570056915
2,3,displacement_elevation_exog_v1,7,17dac7c5985891f27905e7056b45626a0d6f4dbf34f336534c17bb76ecd32f09,34,0.18493153154850006,0.04091310873627663
2,3,displacement_elevation_exog_v1,7,17dac7c5985891f27905e7056b45626a0d6f4dbf34f336534c17bb76ecd32f09,35,0.18372946977615356,0.04543590173125267
2,3,displacement_elevation_exog_v1,7,17dac7c5985891f27905e7056b45626a0d6f4dbf34f336534c17bb76ecd32f09,36,0.1825380027294159,0.048037514090538025
2,3,displacement_elevation_exog_v1,7,17dac7c5985891f27905e7056b45626a0d6f4dbf34f336534c17bb76ecd32f09,37,0.18133100867271423,0.04913202300667763
2,3,displacement_elevation_exog_v1,7,17dac7c5985891f27905e7056b45626a0d6f4dbf34f336534c17bb76ecd32f09,38,0.18009212613105774,0.049553558230400085
2,3,displacement_elevation_exog_v1,7,17dac7c5985891f27905e7056b45626a0d6f4dbf34f336534c17bb76ecd32f09,39,0.17884376645088196,0.047708671540021896
2,3,displacement_elevation_exog_v1,7,17dac7c5985891f27905e7056b45626a0d6f4dbf34f336534c17bb76ecd32f09,40,0.1776404082775116,0.04754287376999855
2,3,displacement_elevation_exog_v1,7,17dac7c5985891f27905e7056b45626a0d6f4dbf34f336534c17bb76ecd32f09,41,0.17646297812461853,0.049706775695085526
2,3,displacement_elevation_exog_v1,7,17dac7c5985891f27905e7056b45626a0d6f4dbf34f336534c17bb76ecd32f09,42,0.17528706789016724,0.04895201325416565
2,3,displacement_elevation_exog_v1,7,17dac7c5985891f27905e7056b45626a0d6f4dbf34f336534c17bb76ecd32f09,43,0.1740805208683014,0.04703351482748985
2,3,displacement_elevation_exog_v1,7,17dac7c5985891f27905e7056b45626a0d6f4dbf34f336534c17bb76ecd32f09,44,0.1728743463754654,0.043319959193468094
2,3,displacement_elevation_exog_v1,7,17dac7c5985891f27905e7056b45626a0d6f4dbf34f336534c17bb76ecd32f09,45,0.1717187762260437,0.041410788893699646
2,3,displacement_elevation_exog_v1,7,17dac7c5985891f27905e7056b45626a0d6f4dbf34f336534c17bb76ecd32f09,46,0.17060978710651398,0.04387183114886284
2,3,displacement_elevation_exog_v1,7,17dac7c5985891f27905e7056b45626a0d6f4dbf34f336534c17bb76ecd32f09,47,0.16946569085121155,0.046643756330013275
2,3,displacement_elevation_exog_v1,7,17dac7c5985891f27905e7056b45626a0d6f4dbf34f336534c17bb76ecd32f09,48,0.16822217404842377,0.0481865219771862
2,3,displacement_elevation_exog_v1,7,17dac7c5985891f27905e7056b45626a0d6f4dbf34f336534c17bb76ecd32f09,49,0.16688156127929688,0.04476192966103554
2,3,displacement_elevation_exog_v1,7,17dac7c5985891f27905e7056b45626a0d6f4dbf34f336534c17bb76ecd32f09,50,0.16551744937896729,0.042791157960891724
2,3,displacement_elevation_exog_v1,7,17dac7c5985891f27905e7056b45626a0d6f4dbf34f336534c17bb76ecd32f09,51,0.1641436517238617,0.043354857712984085
2,3,displacement_elevation_exog_v1,7,17dac7c5985891f27905e7056b45626a0d6f4dbf34f336534c17bb76ecd32f09,52,0.16277091205120087,0.04583534598350525
2,3,displacement_elevation_exog_v1,7,17dac7c5985891f27905e7056b45626a0d6f4dbf34f336534c17bb76ecd32f09,53,0.16136552393436432,0.04609912633895874
2,3,displacement_elevation_exog_v1,7,17dac7c5985891f27905e7056b45626a0d6f4dbf34f336534c17bb76ecd32f09,54,0.15991230309009552,0.044664062559604645
2,3,displacement_elevation_exog_v1,7,17dac7c5985891f27905e7056b45626a0d6f4dbf34f336534c17bb76ecd32f09,55,0.15844804048538208,0.04399089142680168
2,3,displacement_elevation_exog_v1,7,17dac7c5985891f27905e7056b45626a0d6f4dbf34f336534c17bb76ecd32f09,56,0.1570202261209488,0.04991074278950691
2,3,displacement_elevation_exog_v1,7,17dac7c5985891f27905e7056b45626a0d6f4dbf34f336534c17bb76ecd32f09,57,0.15553408861160278,0.052275557070970535
2,3,displacement_elevation_exog_v1,7,17dac7c5985891f27905e7056b45626a0d6f4dbf34f336534c17bb76ecd32f09,58,0.1539483517408371,0.04912148416042328
2,3,displacement_elevation_exog_v1,7,17dac7c5985891f27905e7056b45626a0d6f4dbf34f336534c17bb76ecd32f09,59,0.1523466557264328,0.04556657746434212
2,3,displacement_elevation_exog_v1,7,17dac7c5985891f27905e7056b45626a0d6f4dbf34f336534c17bb76ecd32f09,60,0.15075698494911194,0.04739602282643318
2,3,displacement_elevation_exog_v1,7,17dac7c5985891f27905e7056b45626a0d6f4dbf34f336534c17bb76ecd32f09,61,0.14911715686321259,0.047916073352098465
2,3,displacement_elevation_exog_v1,7,17dac7c5985891f27905e7056b45626a0d6f4dbf34f336534c17bb76ecd32f09,62,0.14744508266448975,0.04495008662343025
2,3,displacement_elevation_exog_v1,7,17dac7c5985891f27905e7056b45626a0d6f4dbf34f336534c17bb76ecd32f09,63,0.1458062380552292,0.04959605634212494
2,3,displacement_elevation_exog_v1,7,17dac7c5985891f27905e7056b45626a0d6f4dbf34f336534c17bb76ecd32f09,64,0.14407134056091309,0.047981660813093185
2,3,displacement_elevation_exog_v1,7,17dac7c5985891f27905e7056b45626a0d6f4dbf34f336534c17bb76ecd32f09,65,0.14229793846607208,0.046425383538007736
2,3,displacement_elevation_exog_v1,7,17dac7c5985891f27905e7056b45626a0d6f4dbf34f336534c17bb76ecd32f09,66,0.1405365914106369,0.053281307220458984
2,3,displacement_elevation_exog_v1,7,17dac7c5985891f27905e7056b45626a0d6f4dbf34f336534c17bb76ecd32f09,67,0.13868360221385956,0.050344545394182205
2,3,displacement_elevation_exog_v1,7,17dac7c5985891f27905e7056b45626a0d6f4dbf34f336534c17bb76ecd32f09,68,0.1368030160665512,0.05009403079748154
2,3,displacement_elevation_exog_v1,7,17dac7c5985891f27905e7056b45626a0d6f4dbf34f336534c17bb76ecd32f09,69,0.13489529490470886,0.054856255650520325
2,3,displacement_elevation_exog_v1,7,17dac7c5985891f27905e7056b45626a0d6f4dbf34f336534c17bb76ecd32f09,70,0.13289383053779602,0.05042356997728348
2,3,displacement_elevation_exog_v1,7,17dac7c5985891f27905e7056b45626a0d6f4dbf34f336534c17bb76ecd32f09,71,0.13089026510715485,0.05044856667518616
2,3,displacement_elevation_exog_v1,7,17dac7c5985891f27905e7056b45626a0d6f4dbf34f336534c17bb76ecd32f09,72,0.12890087068080902,0.05277469381690025
2,3,displacement_elevation_exog_v1,7,17dac7c5985891f27905e7056b45626a0d6f4dbf34f336534c17bb76ecd32f09,73,0.12691116333007812,0.05103989690542221
2,3,displacement_elevation_exog_v1,7,17dac7c5985891f27905e7056b45626a0d6f4dbf34f336534c17bb76ecd32f09,74,0.12493139505386353,0.05295524746179581
2,3,displacement_elevation_exog_v1,7,17dac7c5985891f27905e7056b45626a0d6f4dbf34f336534c17bb76ecd32f09,75,0.12290740758180618,0.05473089590668678
2,3,displacement_elevation_exog_v1,7,17dac7c5985891f27905e7056b45626a0d6f4dbf34f336534c17bb76ecd32f09,76,0.12084663659334183,0.05175747349858284
2,3,displacement_elevation_exog_v1,7,17dac7c5985891f27905e7056b45626a0d6f4dbf34f336534c17bb76ecd32f09,77,0.11889218538999557,0.053886182606220245
2,3,displacement_elevation_exog_v1,7,17dac7c5985891f27905e7056b45626a0d6f4dbf34f336534c17bb76ecd32f09,78,0.11707243323326111,0.05592228099703789
2,3,displacement_elevation_exog_v1,7,17dac7c5985891f27905e7056b45626a0d6f4dbf34f336534c17bb76ecd32f09,79,0.11535966396331787,0.05424696207046509
2,3,displacement_elevation_exog_v1,7,17dac7c5985891f27905e7056b45626a0d6f4dbf34f336534c17bb76ecd32f09,80,0.11375511437654495,0.052437081933021545
2,3,displacement_elevation_exog_v1,7,17dac7c5985891f27905e7056b45626a0d6f4dbf34f336534c17bb76ecd32f09,81,0.11231737583875656,0.048320312052965164
2,3,displacement_elevation_exog_v1,7,17dac7c5985891f27905e7056b45626a0d6f4dbf34f336534c17bb76ecd32f09,82,0.1110764890909195,0.052322812378406525
2,3,displacement_elevation_exog_v1,7,17dac7c5985891f27905e7056b45626a0d6f4dbf34f336534c17bb76ecd32f09,83,0.10988345742225647,0.04931255057454109
2,3,displacement_elevation_exog_v1,7,17dac7c5985891f27905e7056b45626a0d6f4dbf34f336534c17bb76ecd32f09,84,0.10868328809738159,0.04778759554028511
2,3,displacement_elevation_exog_v1,7,17dac7c5985891f27905e7056b45626a0d6f4dbf34f336534c17bb76ecd32f09,85,0.10750068724155426,0.04982498660683632
2,3,displacement_elevation_exog_v1,7,17dac7c5985891f27905e7056b45626a0d6f4dbf34f336534c17bb76ecd32f09,86,0.10635223984718323,0.045635830610990524
2,3,displacement_elevation_exog_v1,7,17dac7c5985891f27905e7056b45626a0d6f4dbf34f336534c17bb76ecd32f09,87,0.10528240352869034,0.045315973460674286
2,3,displacement_elevation_exog_v1,7,17dac7c5985891f27905e7056b45626a0d6f4dbf34f336534c17bb76ecd32f09,88,0.10430476814508438,0.04381271079182625
2,3,displacement_elevation_exog_v1,7,17dac7c5985891f27905e7056b45626a0d6f4dbf34f336534c17bb76ecd32f09,89,0.10340708494186401,0.04782465845346451
2,3,displacement_elevation_exog_v1,7,17dac7c5985891f27905e7056b45626a0d6f4dbf34f336534c17bb76ecd32f09,90,0.10258395224809647,0.04809529706835747
2,3,displacement_elevation_exog_v1,7,17dac7c5985891f27905e7056b45626a0d6f4dbf34f336534c17bb76ecd32f09,91,0.10178776830434799,0.04153985530138016
2,3,displacement_elevation_exog_v1,7,17dac7c5985891f27905e7056b45626a0d6f4dbf34f336534c17bb76ecd32f09,92,0.10103891044855118,0.052637144923210144
2,3,displacement_elevation_exog_v1,7,17dac7c5985891f27905e7056b45626a0d6f4dbf34f336534c17bb76ecd32f09,93,0.10022668540477753,0.05954933166503906
2,3,displacement_elevation_exog_v1,7,17dac7c5985891f27905e7056b45626a0d6f4dbf34f336534c17bb76ecd32f09,94,0.09942837059497833,0.0655544325709343
2,3,displacement_elevation_exog_v1,7,17dac7c5985891f27905e7056b45626a0d6f4dbf34f336534c17bb76ecd32f09,95,0.09864175319671631,0.07269008457660675
2,3,displacement_elevation_exog_v1,7,17dac7c5985891f27905e7056b45626a0d6f4dbf34f336534c17bb76ecd32f09,96,0.09784219413995743,0.07911813259124756
2,3,displacement_elevation_exog_v1,7,17dac7c5985891f27905e7056b45626a0d6f4dbf34f336534c17bb76ecd32f09,97,0.09714008867740631,0.10006995499134064
2,3,displacement_elevation_exog_v1,7,17dac7c5985891f27905e7056b45626a0d6f4dbf34f336534c17bb76ecd32f09,98,0.09643162786960602,0.0969681367278099
2,3,displacement_elevation_exog_v1,7,17dac7c5985891f27905e7056b45626a0d6f4dbf34f336534c17bb76ecd32f09,99,0.09563160687685013,0.05678172409534454
2,3,displacement_elevation_exog_v1,7,17dac7c5985891f27905e7056b45626a0d6f4dbf34f336534c17bb76ecd32f09,100,0.09495695680379868,0.042342331260442734
2,3,displacement_elevation_exog_v1,7,17dac7c5985891f27905e7056b45626a0d6f4dbf34f336534c17bb76ecd32f09,101,0.09440486878156662,0.08404658734798431
2,3,displacement_elevation_exog_v1,7,17dac7c5985891f27905e7056b45626a0d6f4dbf34f336534c17bb76ecd32f09,102,0.0937584862112999,0.08490169048309326
2,3,displacement_elevation_exog_v1,7,17dac7c5985891f27905e7056b45626a0d6f4dbf34f336534c17bb76ecd32f09,103,0.09309528768062592,0.05497027933597565
2,3,displacement_elevation_exog_v1,7,17dac7c5985891f27905e7056b45626a0d6f4dbf34f336534c17bb76ecd32f09,104,0.09246855974197388,0.03660750389099121
2,3,displacement_elevation_exog_v1,7,17dac7c5985891f27905e7056b45626a0d6f4dbf34f336534c17bb76ecd32f09,105,0.09187721461057663,0.061079706996679306
2,3,displacement_elevation_exog_v1,7,17dac7c5985891f27905e7056b45626a0d6f4dbf34f336534c17bb76ecd32f09,106,0.09130537509918213,0.08964142948389053
2,3,displacement_elevation_exog_v1,7,17dac7c5985891f27905e7056b45626a0d6f4dbf34f336534c17bb76ecd32f09,107,0.09074917435646057,0.10085438191890717
2,3,displacement_elevation_exog_v1,7,17dac7c5985891f27905e7056b45626a0d6f4dbf34f336534c17bb76ecd32f09,108,0.09016051888465881,0.09546668827533722
2,3,displacement_elevation_exog_v1,7,17dac7c5985891f27905e7056b45626a0d6f4dbf34f336534c17bb76ecd32f09,109,0.08954919129610062,0.0571504682302475
2,3,displacement_elevation_exog_v1,7,17dac7c5985891f27905e7056b45626a0d6f4dbf34f336534c17bb76ecd32f09,110,0.08899036049842834,0.0381186418235302
2,3,displacement_elevation_exog_v1,7,17dac7c5985891f27905e7056b45626a0d6f4dbf34f336534c17bb76ecd32f09,111,0.08853792399168015,0.0798393115401268
2,3,displacement_elevation_exog_v1,7,17dac7c5985891f27905e7056b45626a0d6f4dbf34f336534c17bb76ecd32f09,112,0.08802365511655807,0.07650406658649445
2,3,displacement_elevation_exog_v1,7,17dac7c5985891f27905e7056b45626a0d6f4dbf34f336534c17bb76ecd32f09,113,0.08745121955871582,0.04218475520610809
2,3,displacement_elevation_exog_v1,7,17dac7c5985891f27905e7056b45626a0d6f4dbf34f336534c17bb76ecd32f09,114,0.08693378418684006,0.03884408622980118
2,3,displacement_elevation_exog_v1,7,17dac7c5985891f27905e7056b45626a0d6f4dbf34f336534c17bb76ecd32f09,115,0.08648759871721268,0.0675446093082428
2,3,displacement_elevation_exog_v1,7,17dac7c5985891f27905e7056b45626a0d6f4dbf34f336534c17bb76ecd32f09,116,0.0860026478767395,0.06473463028669357
2,3,displacement_elevation_exog_v1,7,17dac7c5985891f27905e7056b45626a0d6f4dbf34f336534c17bb76ecd32f09,117,0.08549289405345917,0.044820789247751236
2,3,displacement_elevation_exog_v1,7,17dac7c5985891f27905e7056b45626a0d6f4dbf34f336534c17bb76ecd32f09,118,0.08499345183372498,0.043185025453567505
2,3,displacement_elevation_exog_v1,7,17dac7c5985891f27905e7056b45626a0d6f4dbf34f336534c17bb76ecd32f09,119,0.08456936478614807,0.09188749641180038
2,3,displacement_elevation_exog_v1,7,17dac7c5985891f27905e7056b45626a0d6f4dbf34f336534c17bb76ecd32f09,120,0.0841447040438652,0.1176423728466034
3,1,displacement_elevation_exog_v1,7,17dac7c5985891f27905e7056b45626a0d6f4dbf34f336534c17bb76ecd32f09,1,0.2942763566970825,0.2957336902618408
3,1,displacement_elevation_exog_v1,7,17dac7c5985891f27905e7056b45626a0d6f4dbf34f336534c17bb76ecd32f09,2,0.28874489665031433,0.2885315418243408
3,1,displacement_elevation_exog_v1,7,17dac7c5985891f27905e7056b45626a0d6f4dbf34f336534c17bb76ecd32f09,3,0.28347814083099365,0.28208890557289124
3,1,displacement_elevation_exog_v1,7,17dac7c5985891f27905e7056b45626a0d6f4dbf34f336534c17bb76ecd32f09,4,0.27831143140792847,0.27493739128112793
3,1,displacement_elevation_exog_v1,7,17dac7c5985891f27905e7056b45626a0d6f4dbf34f336534c17bb76ecd32f09,5,0.273215651512146,0.267336368560791
3,1,displacement_elevation_exog_v1,7,17dac7c5985891f27905e7056b45626a0d6f4dbf34f336534c17bb76ecd32f09,6,0.2681303024291992,0.2588110864162445
3,1,displacement_elevation_exog_v1,7,17dac7c5985891f27905e7056b45626a0d6f4dbf34f336534c17bb76ecd32f09,7,0.26304346323013306,0.24848629534244537
3,1,displacement_elevation_exog_v1,7,17dac7c5985891f27905e7056b45626a0d6f4dbf34f336534c17bb76ecd32f09,8,0.25790706276893616,0.23805691301822662
3,1,displacement_elevation_exog_v1,7,17dac7c5985891f27905e7056b45626a0d6f4dbf34f336534c17bb76ecd32f09,9,0.2526358664035797,0.23386365175247192
3,1,displacement_elevation_exog_v1,7,17dac7c5985891f27905e7056b45626a0d6f4dbf34f336534c17bb76ecd32f09,10,0.24709078669548035,0.230213925242424
3,1,displacement_elevation_exog_v1,7,17dac7c5985891f27905e7056b45626a0d6f4dbf34f336534c17bb76ecd32f09,11,0.2413284331560135,0.22168415784835815
3,1,displacement_elevation_exog_v1,7,17dac7c5985891f27905e7056b45626a0d6f4dbf34f336534c17bb76ecd32f09,12,0.23557835817337036,0.21052248775959015
3,1,displacement_elevation_exog_v1,7,17dac7c5985891f27905e7056b45626a0d6f4dbf34f336534c17bb76ecd32f09,13,0.22979594767093658,0.20173271000385284
3,1,displacement_elevation_exog_v1,7,17dac7c5985891f27905e7056b45626a0d6f4dbf34f336534c17bb76ecd32f09,14,0.22405318915843964,0.19269880652427673
3,1,displacement_elevation_exog_v1,7,17dac7c5985891f27905e7056b45626a0d6f4dbf34f336534c17bb76ecd32f09,15,0.21839815378189087,0.184827521443367
3,1,displacement_elevation_exog_v1,7,17dac7c5985891f27905e7056b45626a0d6f4dbf34f336534c17bb76ecd32f09,16,0.2128717601299286,0.17085488140583038
3,1,displacement_elevation_exog_v1,7,17dac7c5985891f27905e7056b45626a0d6f4dbf34f336534c17bb76ecd32f09,17,0.20762977004051208,0.15288083255290985
3,1,displacement_elevation_exog_v1,7,17dac7c5985891f27905e7056b45626a0d6f4dbf34f336534c17bb76ecd32f09,18,0.20311573147773743,0.13457590341567993
3,1,displacement_elevation_exog_v1,7,17dac7c5985891f27905e7056b45626a0d6f4dbf34f336534c17bb76ecd32f09,19,0.19938978552818298,0.11708953231573105
3,1,displacement_elevation_exog_v1,7,17dac7c5985891f27905e7056b45626a0d6f4dbf34f336534c17bb76ecd32f09,20,0.19685593247413635,0.10400820523500443
3,1,displacement_elevation_exog_v1,7,17dac7c5985891f27905e7056b45626a0d6f4dbf34f336534c17bb76ecd32f09,21,0.1951192170381546,0.10355102270841599
3,1,displacement_elevation_exog_v1,7,17dac7c5985891f27905e7056b45626a0d6f4dbf34f336534c17bb76ecd32f09,22,0.19375547766685486,0.10624788701534271
3,1,displacement_elevation_exog_v1,7,17dac7c5985891f27905e7056b45626a0d6f4dbf34f336534c17bb76ecd32f09,23,0.19253681600093842,0.11670403927564621
3,1,displacement_elevation_exog_v1,7,17dac7c5985891f27905e7056b45626a0d6f4dbf34f336534c17bb76ecd32f09,24,0.1913958489894867,0.10976248234510422
3,1,displacement_elevation_exog_v1,7,17dac7c5985891f27905e7056b45626a0d6f4dbf34f336534c17bb76ecd32f09,25,0.190264031291008,0.11048861593008041
3,1,displacement_elevation_exog_v1,7,17dac7c5985891f27905e7056b45626a0d6f4dbf34f336534c17bb76ecd32f09,26,0.188667431473732,0.11899381130933762
3,1,displacement_elevation_exog_v1,7,17dac7c5985891f27905e7056b45626a0d6f4dbf34f336534c17bb76ecd32f09,27,0.18679334223270416,0.13899347186088562
3,1,displacement_elevation_exog_v1,7,17dac7c5985891f27905e7056b45626a0d6f4dbf34f336534c17bb76ecd32f09,28,0.1846581995487213,0.15020960569381714
3,1,displacement_elevation_exog_v1,7,17dac7c5985891f27905e7056b45626a0d6f4dbf34f336534c17bb76ecd32f09,29,0.18220831453800201,0.13456542789936066
3,1,displacement_elevation_exog_v1,7,17dac7c5985891f27905e7056b45626a0d6f4dbf34f336534c17bb76ecd32f09,30,0.17979611456394196,0.09846703708171844
3,1,displacement_elevation_exog_v1,7,17dac7c5985891f27905e7056b45626a0d6f4dbf34f336534c17bb76ecd32f09,31,0.17779229581356049,0.07679768651723862
3,1,displacement_elevation_exog_v1,7,17dac7c5985891f27905e7056b45626a0d6f4dbf34f336534c17bb76ecd32f09,32,0.1762610226869583,0.06502489745616913
3,1,displacement_elevation_exog_v1,7,17dac7c5985891f27905e7056b45626a0d6f4dbf34f336534c17bb76ecd32f09,33,0.1752050220966339,0.07671552151441574
3,1,displacement_elevation_exog_v1,7,17dac7c5985891f27905e7056b45626a0d6f4dbf34f336534c17bb76ecd32f09,34,0.17427748441696167,0.08699921518564224
3,1,displacement_elevation_exog_v1,7,17dac7c5985891f27905e7056b45626a0d6f4dbf34f336534c17bb76ecd32f09,35,0.1732550710439682,0.09461324661970139
3,1,displacement_elevation_exog_v1,7,17dac7c5985891f27905e7056b45626a0d6f4dbf34f336534c17bb76ecd32f09,36,0.1720419079065323,0.08868631720542908
3,1,displacement_elevation_exog_v1,7,17dac7c5985891f27905e7056b45626a0d6f4dbf34f336534c17bb76ecd32f09,37,0.1707184761762619,0.07516399025917053
3,1,displacement_elevation_exog_v1,7,17dac7c5985891f27905e7056b45626a0d6f4dbf34f336534c17bb76ecd32f09,38,0.16937889158725739,0.07116854935884476
3,1,displacement_elevation_exog_v1,7,17dac7c5985891f27905e7056b45626a0d6f4dbf34f336534c17bb76ecd32f09,39,0.1680525541305542,0.07730816304683685
3,1,displacement_elevation_exog_v1,7,17dac7c5985891f27905e7056b45626a0d6f4dbf34f336534c17bb76ecd32f09,40,0.1666872650384903,0.08753963559865952
3,1,displacement_elevation_exog_v1,7,17dac7c5985891f27905e7056b45626a0d6f4dbf34f336534c17bb76ecd32f09,41,0.16518433392047882,0.0875207856297493
3,1,displacement_elevation_exog_v1,7,17dac7c5985891f27905e7056b45626a0d6f4dbf34f336534c17bb76ecd32f09,42,0.16352009773254395,0.08159098774194717
3,1,displacement_elevation_exog_v1,7,17dac7c5985891f27905e7056b45626a0d6f4dbf34f336534c17bb76ecd32f09,43,0.16184374690055847,0.06240028142929077
3,1,displacement_elevation_exog_v1,7,17dac7c5985891f27905e7056b45626a0d6f4dbf34f336534c17bb76ecd32f09,44,0.16031455993652344,0.05570770055055618
3,1,displacement_elevation_exog_v1,7,17dac7c5985891f27905e7056b45626a0d6f4dbf34f336534c17bb76ecd32f09,45,0.158901184797287,0.06263628602027893
3,1,displacement_elevation_exog_v1,7,17dac7c5985891f27905e7056b45626a0d6f4dbf34f336534c17bb76ecd32f09,46,0.157539501786232,0.07106781750917435
3,1,displacement_elevation_exog_v1,7,17dac7c5985891f27905e7056b45626a0d6f4dbf34f336534c17bb76ecd32f09,47,0.1561136692762375,0.07322735339403152
3,1,displacement_elevation_exog_v1,7,17dac7c5985891f27905e7056b45626a0d6f4dbf34f336534c17bb76ecd32f09,48,0.15458248555660248,0.06994025409221649
3,1,displacement_elevation_exog_v1,7,17dac7c5985891f27905e7056b45626a0d6f4dbf34f336534c17bb76ecd32f09,49,0.1529552936553955,0.06436970084905624
3,1,displacement_elevation_exog_v1,7,17dac7c5985891f27905e7056b45626a0d6f4dbf34f336534c17bb76ecd32f09,50,0.15133921802043915,0.06426866352558136
3,1,displacement_elevation_exog_v1,7,17dac7c5985891f27905e7056b45626a0d6f4dbf34f336534c17bb76ecd32f09,51,0.1498211771249771,0.07294856011867523
3,1,displacement_elevation_exog_v1,7,17dac7c5985891f27905e7056b45626a0d6f4dbf34f336534c17bb76ecd32f09,52,0.14839932322502136,0.07157520204782486
3,1,displacement_elevation_exog_v1,7,17dac7c5985891f27905e7056b45626a0d6f4dbf34f336534c17bb76ecd32f09,53,0.1470833569765091,0.0644107460975647
3,1,displacement_elevation_exog_v1,7,17dac7c5985891f27905e7056b45626a0d6f4dbf34f336534c17bb76ecd32f09,54,0.1458631008863449,0.06511211395263672
3,1,displacement_elevation_exog_v1,7,17dac7c5985891f27905e7056b45626a0d6f4dbf34f336534c17bb76ecd32f09,55,0.14469876885414124,0.07377834618091583
3,1,displacement_elevation_exog_v1,7,17dac7c5985891f27905e7056b45626a0d6f4dbf34f336534c17bb76ecd32f09,56,0.14343179762363434,0.07715047150850296
3,1,displacement_elevation_exog_v1,7,17dac7c5985891f27905e7056b45626a0d6f4dbf34f336534c17bb76ecd32f09,57,0.14201632142066956,0.06622054427862167
3,1,displacement_elevation_exog_v1,7,17dac7c5985891f27905e7056b45626a0d6f4dbf34f336534c17bb76ecd32f09,58,0.1405729055404663,0.05726437270641327
3,1,displacement_elevation_exog_v1,7,17dac7c5985891f27905e7056b45626a0d6f4dbf34f336534c17bb76ecd32f09,59,0.13919956982135773,0.055957239121198654
3,1,displacement_elevation_exog_v1,7,17dac7c5985891f27905e7056b45626a0d6f4dbf34f336534c17bb76ecd32f09,60,0.1379011869430542,0.06253307312726974
3,1,displacement_elevation_exog_v1,7,17dac7c5985891f27905e7056b45626a0d6f4dbf34f336534c17bb76ecd32f09,61,0.13661828637123108,0.053800150752067566
3,1,displacement_elevation_exog_v1,7,17dac7c5985891f27905e7056b45626a0d6f4dbf34f336534c17bb76ecd32f09,62,0.1353459507226944,0.04904182255268097
3,1,displacement_elevation_exog_v1,7,17dac7c5985891f27905e7056b45626a0d6f4dbf34f336534c17bb76ecd32f09,63,0.13409754633903503,0.04993705078959465
3,1,displacement_elevation_exog_v1,7,17dac7c5985891f27905e7056b45626a0d6f4dbf34f336534c17bb76ecd32f09,64,0.13286644220352173,0.05206387862563133
3,1,displacement_elevation_exog_v1,7,17dac7c5985891f27905e7056b45626a0d6f4dbf34f336534c17bb76ecd32f09,65,0.131651371717453,0.05429457873106003
3,1,displacement_elevation_exog_v1,7,17dac7c5985891f27905e7056b45626a0d6f4dbf34f336534c17bb76ecd32f09,66,0.13046643137931824,0.052572328597307205
3,1,displacement_elevation_exog_v1,7,17dac7c5985891f27905e7056b45626a0d6f4dbf34f336534c17bb76ecd32f09,67,0.12932369112968445,0.05688333883881569
3,1,displacement_elevation_exog_v1,7,17dac7c5985891f27905e7056b45626a0d6f4dbf34f336534c17bb76ecd32f09,68,0.12813234329223633,0.05803157761693001
3,1,displacement_elevation_exog_v1,7,17dac7c5985891f27905e7056b45626a0d6f4dbf34f336534c17bb76ecd32f09,69,0.1269116848707199,0.056600477546453476
3,1,displacement_elevation_exog_v1,7,17dac7c5985891f27905e7056b45626a0d6f4dbf34f336534c17bb76ecd32f09,70,0.12570656836032867,0.052288249135017395
3,1,displacement_elevation_exog_v1,7,17dac7c5985891f27905e7056b45626a0d6f4dbf34f336534c17bb76ecd32f09,71,0.12455639988183975,0.05127967521548271
3,1,displacement_elevation_exog_v1,7,17dac7c5985891f27905e7056b45626a0d6f4dbf34f336534c17bb76ecd32f09,72,0.12344717979431152,0.053421396762132645
3,1,displacement_elevation_exog_v1,7,17dac7c5985891f27905e7056b45626a0d6f4dbf34f336534c17bb76ecd32f09,73,0.1223381981253624,0.054150838404893875
3,1,displacement_elevation_exog_v1,7,17dac7c5985891f27905e7056b45626a0d6f4dbf34f336534c17bb76ecd32f09,74,0.12119805067777634,0.05476656183600426
3,1,displacement_elevation_exog_v1,7,17dac7c5985891f27905e7056b45626a0d6f4dbf34f336534c17bb76ecd32f09,75,0.12007299810647964,0.05602744594216347
3,1,displacement_elevation_exog_v1,7,17dac7c5985891f27905e7056b45626a0d6f4dbf34f336534c17bb76ecd32f09,76,0.11903893202543259,0.059098996222019196
3,1,displacement_elevation_exog_v1,7,17dac7c5985891f27905e7056b45626a0d6f4dbf34f336534c17bb76ecd32f09,77,0.11807773262262344,0.06084713339805603
3,1,displacement_elevation_exog_v1,7,17dac7c5985891f27905e7056b45626a0d6f4dbf34f336534c17bb76ecd32f09,78,0.11711408942937851,0.06472393870353699
3,1,displacement_elevation_exog_v1,7,17dac7c5985891f27905e7056b45626a0d6f4dbf34f336534c17bb76ecd32f09,79,0.11608818918466568,0.06283462047576904
3,1,displacement_elevation_exog_v1,7,17dac7c5985891f27905e7056b45626a0d6f4dbf34f336534c17bb76ecd32f09,80,0.11504395306110382,0.06254861503839493
3,1,displacement_elevation_exog_v1,7,17dac7c5985891f27905e7056b45626a0d6f4dbf34f336534c17bb76ecd32f09,81,0.11404681950807571,0.06063384190201759
3,1,displacement_elevation_exog_v1,7,17dac7c5985891f27905e7056b45626a0d6f4dbf34f336534c17bb76ecd32f09,82,0.11304965615272522,0.0579322874546051
3,1,displacement_elevation_exog_v1,7,17dac7c5985891f27905e7056b45626a0d6f4dbf34f336534c17bb76ecd32f09,83,0.11202619969844818,0.054165326058864594
3,1,displacement_elevation_exog_v1,7,17dac7c5985891f27905e7056b45626a0d6f4dbf34f336534c17bb76ecd32f09,84,0.11101055145263672,0.05476493015885353
3,1,displacement_elevation_exog_v1,7,17dac7c5985891f27905e7056b45626a0d6f4dbf34f336534c17bb76ecd32f09,85,0.11001333594322205,0.054205521941185
3,1,displacement_elevation_exog_v1,7,17dac7c5985891f27905e7056b45626a0d6f4dbf34f336534c17bb76ecd32f09,86,0.1090671569108963,0.05555970221757889
3,1,displacement_elevation_exog_v1,7,17dac7c5985891f27905e7056b45626a0d6f4dbf34f336534c17bb76ecd32f09,87,0.10814270377159119,0.062164001166820526
3,1,displacement_elevation_exog_v1,7,17dac7c5985891f27905e7056b45626a0d6f4dbf34f336534c17bb76ecd32f09,88,0.1071789488196373,0.06367089599370956
3,1,displacement_elevation_exog_v1,7,17dac7c5985891f27905e7056b45626a0d6f4dbf34f336534c17bb76ecd32f09,89,0.10617093741893768,0.05738602578639984
3,1,displacement_elevation_exog_v1,7,17dac7c5985891f27905e7056b45626a0d6f4dbf34f336534c17bb76ecd32f09,90,0.10516992211341858,0.05201924964785576
3,1,displacement_elevation_exog_v1,7,17dac7c5985891f27905e7056b45626a0d6f4dbf34f336534c17bb76ecd32f09,91,0.1041838601231575,0.05343566834926605
3,1,displacement_elevation_exog_v1,7,17dac7c5985891f27905e7056b45626a0d6f4dbf34f336534c17bb76ecd32f09,92,0.10318436473608017,0.05751191824674606
3,1,displacement_elevation_exog_v1,7,17dac7c5985891f27905e7056b45626a0d6f4dbf34f336534c17bb76ecd32f09,93,0.10211775451898575,0.05590119585394859
3,1,displacement_elevation_exog_v1,7,17dac7c5985891f27905e7056b45626a0d6f4dbf34f336534c17bb76ecd32f09,94,0.10104868561029434,0.05927114188671112
3,1,displacement_elevation_exog_v1,7,17dac7c5985891f27905e7056b45626a0d6f4dbf34f336534c17bb76ecd32f09,95,0.09999366849660873,0.06523802876472473
3,1,displacement_elevation_exog_v1,7,17dac7c5985891f27905e7056b45626a0d6f4dbf34f336534c17bb76ecd32f09,96,0.09895569831132889,0.05573531612753868
3,1,displacement_elevation_exog_v1,7,17dac7c5985891f27905e7056b45626a0d6f4dbf34f336534c17bb76ecd32f09,97,0.09795800596475601,0.05830175057053566
3,1,displacement_elevation_exog_v1,7,17dac7c5985891f27905e7056b45626a0d6f4dbf34f336534c17bb76ecd32f09,98,0.09698182344436646,0.052472881972789764
3,1,displacement_elevation_exog_v1,7,17dac7c5985891f27905e7056b45626a0d6f4dbf34f336534c17bb76ecd32f09,99,0.0960317850112915,0.059973057359457016
3,1,displacement_elevation_exog_v1,7,17dac7c5985891f27905e7056b45626a0d6f4dbf34f336534c17bb76ecd32f09,100,0.09507868438959122,0.0551416352391243
3,1,displacement_elevation_exog_v1,7,17dac7c5985891f27905e7056b45626a0d6f4dbf34f336534c17bb76ecd32f09,101,0.09414312988519669,0.05935924872756004
3,1,displacement_elevation_exog_v1,7,17dac7c5985891f27905e7056b45626a0d6f4dbf34f336534c17bb76ecd32f09,102,0.09320717304944992,0.05667075142264366
3,1,displacement_elevation_exog_v1,7,17dac7c5985891f27905e7056b45626a0d6f4dbf34f336534c17bb76ecd32f09,103,0.09226793050765991,0.05742979049682617
3,1,displacement_elevation_exog_v1,7,17dac7c5985891f27905e7056b45626a0d6f4dbf34f336534c17bb76ecd32f09,104,0.09130830317735672,0.057330816984176636
3,1,displacement_elevation_exog_v1,7,17dac7c5985891f27905e7056b45626a0d6f4dbf34f336534c17bb76ecd32f09,105,0.09038969874382019,0.0503605380654335
3,1,displacement_elevation_exog_v1,7,17dac7c5985891f27905e7056b45626a0d6f4dbf34f336534c17bb76ecd32f09,106,0.08946846425533295,0.04933737590909004
3,1,displacement_elevation_exog_v1,7,17dac7c5985891f27905e7056b45626a0d6f4dbf34f336534c17bb76ecd32f09,107,0.08858560025691986,0.05391255021095276
3,1,displacement_elevation_exog_v1,7,17dac7c5985891f27905e7056b45626a0d6f4dbf34f336534c17bb76ecd32f09,108,0.0877327248454094,0.0557917095720768
3,1,displacement_elevation_exog_v1,7,17dac7c5985891f27905e7056b45626a0d6f4dbf34f336534c17bb76ecd32f09,109,0.08688753843307495,0.050819624215364456
3,1,displacement_elevation_exog_v1,7,17dac7c5985891f27905e7056b45626a0d6f4dbf34f336534c17bb76ecd32f09,110,0.08607308566570282,0.04592207446694374
3,1,displacement_elevation_exog_v1,7,17dac7c5985891f27905e7056b45626a0d6f4dbf34f336534c17bb76ecd32f09,111,0.0853024274110794,0.04444468393921852
3,1,displacement_elevation_exog_v1,7,17dac7c5985891f27905e7056b45626a0d6f4dbf34f336534c17bb76ecd32f09,112,0.08454272896051407,0.04781187325716019
3,1,displacement_elevation_exog_v1,7,17dac7c5985891f27905e7056b45626a0d6f4dbf34f336534c17bb76ecd32f09,113,0.08379482477903366,0.05020046979188919
3,1,displacement_elevation_exog_v1,7,17dac7c5985891f27905e7056b45626a0d6f4dbf34f336534c17bb76ecd32f09,114,0.08307759463787079,0.05708911642432213
3,1,displacement_elevation_exog_v1,7,17dac7c5985891f27905e7056b45626a0d6f4dbf34f336534c17bb76ecd32f09,115,0.08235403895378113,0.04428284987807274
3,1,displacement_elevation_exog_v1,7,17dac7c5985891f27905e7056b45626a0d6f4dbf34f336534c17bb76ecd32f09,116,0.08168166875839233,0.0683957114815712
3,1,displacement_elevation_exog_v1,7,17dac7c5985891f27905e7056b45626a0d6f4dbf34f336534c17bb76ecd32f09,117,0.08102560043334961,0.09166614711284637
3,1,displacement_elevation_exog_v1,7,17dac7c5985891f27905e7056b45626a0d6f4dbf34f336534c17bb76ecd32f09,118,0.08029154688119888,0.06426246464252472
3,1,displacement_elevation_exog_v1,7,17dac7c5985891f27905e7056b45626a0d6f4dbf34f336534c17bb76ecd32f09,119,0.07959389686584473,0.05077706649899483
3,1,displacement_elevation_exog_v1,7,17dac7c5985891f27905e7056b45626a0d6f4dbf34f336534c17bb76ecd32f09,120,0.07900751382112503,0.09483859688043594
3,2,displacement_elevation_exog_v1,7,17dac7c5985891f27905e7056b45626a0d6f4dbf34f336534c17bb76ecd32f09,1,0.2777003049850464,0.2699395418167114
3,2,displacement_elevation_exog_v1,7,17dac7c5985891f27905e7056b45626a0d6f4dbf34f336534c17bb76ecd32f09,2,0.2731626331806183,0.2642556130886078
3,2,displacement_elevation_exog_v1,7,17dac7c5985891f27905e7056b45626a0d6f4dbf34f336534c17bb76ecd32f09,3,0.268917977809906,0.25521138310432434
3,2,displacement_elevation_exog_v1,7,17dac7c5985891f27905e7056b45626a0d6f4dbf34f336534c17bb76ecd32f09,4,0.26486796140670776,0.25029197335243225
3,2,displacement_elevation_exog_v1,7,17dac7c5985891f27905e7056b45626a0d6f4dbf34f336534c17bb76ecd32f09,5,0.26096636056900024,0.2426307201385498
3,2,displacement_elevation_exog_v1,7,17dac7c5985891f27905e7056b45626a0d6f4dbf34f336534c17bb76ecd32f09,6,0.2571873366832733,0.23643772304058075
3,2,displacement_elevation_exog_v1,7,17dac7c5985891f27905e7056b45626a0d6f4dbf34f336534c17bb76ecd32f09,7,0.25345006585121155,0.22982339560985565
3,2,displacement_elevation_exog_v1,7,17dac7c5985891f27905e7056b45626a0d6f4dbf34f336534c17bb76ecd32f09,8,0.24967406690120697,0.2251228541135788
3,2,displacement_elevation_exog_v1,7,17dac7c5985891f27905e7056b45626a0d6f4dbf34f336534c17bb76ecd32f09,9,0.24580521881580353,0.21888184547424316
3,2,displacement_elevation_exog_v1,7,17dac7c5985891f27905e7056b45626a0d6f4dbf34f336534c17bb76ecd32f09,10,0.24184802174568176,0.20968396961688995
3,2,displacement_elevation_exog_v1,7,17dac7c5985891f27905e7056b45626a0d6f4dbf34f336534c17bb76ecd32f09,11,0.2378561943769455,0.19539661705493927
3,2,displacement_elevation_exog_v1,7,17dac7c5985891f27905e7056b45626a0d6f4dbf34f336534c17bb76ecd32f09,12,0.2338852733373642,0.18098030984401703
3,2,displacement_elevation_exog_v1,7,17dac7c5985891f27905e7056b45626a0d6f4dbf34f336534c17bb76ecd32f09,13,0.22999699413776398,0.16498203575611115
3,2,displacement_elevation_exog_v1,7,17dac7c5985891f27905e7056b45626a0d6f4dbf34f336534c17bb76ecd32f09,14,0.22616127133369446,0.15460722148418427
3,2,displacement_elevation_exog_v1,7,17dac7c5985891f27905e7056b45626a0d6f4dbf34f336534c17bb76ecd32f09,15,0.22236783802509308,0.1423274427652359
3,2,displacement_elevation_exog_v1,7,17dac7c5985891f27905e7056b45626a0d6f4dbf34f336534c17bb76ecd32f09,16,0.21860399842262268,0.1331327259540558
3,2,displacement_elevation_exog_v1,7,17dac7c5985891f27905e7056b45626a0d6f4dbf34f336534c17bb76ecd32f09,17,0.21485543251037598,0.12502777576446533
3,2,displacement_elevation_exog_v1,7,17dac7c5985891f27905e7056b45626a0d6f4dbf34f336534c17bb76ecd32f09,18,0.21114906668663025,0.11413189023733139
3,2,displacement_elevation_exog_v1,7,17dac7c5985891f27905e7056b45626a0d6f4dbf34f336534c17bb76ecd32f09,19,0.20757557451725006,0.1029193252325058
3,2,displacement_elevation_exog_v1,7,17dac7c5985891f27905e7056b45626a0d6f4dbf34f336534c17bb76ecd32f09,20,0.20414775609970093,0.09352626651525497
3,2,displacement_elevation_exog_v1,7,17dac7c5985891f27905e7056b45626a0d6f4dbf34f336534c17bb76ecd32f09,21,0.2008545696735382,0.08634640276432037
3,2,displacement_elevation_exog_v1,7,17dac7c5985891f27905e7056b45626a0d6f4dbf34f336534c17bb76ecd32f09,22,0.19783054292201996,0.07128509879112244
3,2,displacement_elevation_exog_v1,7,17dac7c5985891f27905e7056b45626a0d6f4dbf34f336534c17bb76ecd32f09,23,0.19528712332248688,0.05862053483724594
3,2,displacement_elevation_exog_v1,7,17dac7c5985891f27905e7056b45626a0d6f4dbf34f336534c17bb76ecd32f09,24,0.19341066479682922,0.04711156710982323
3,2,displacement_elevation_exog_v1,7,17dac7c5985891f27905e7056b45626a0d6f4dbf34f336534c17bb76ecd32f09,25,0.19238713383674622,0.05317220836877823
3,2,displacement_elevation_exog_v1,7,17dac7c5985891f27905e7056b45626a0d6f4dbf34f336534c17bb76ecd32f09,26,0.19180069863796234,0.06883873045444489
3,2,displacement_elevation_exog_v1,7,17dac7c5985891f27905e7056b45626a0d6f4dbf34f336534c17bb76ecd32f09,27,0.19118110835552216,0.08023397624492645
3,2,displacement_elevation_exog_v1,7,17dac7c5985891f27905e7056b45626a0d6f4dbf34f336534c17bb76ecd32f09,28,0.19023101031780243,0.08514735102653503
3,2,displacement_elevation_exog_v1,7,17dac7c5985891f27905e7056b45626a0d6f4dbf34f336534c17bb76ecd32f09,29,0.18893654644489288,0.08101236075162888
3,2,displacement_elevation_exog_v1,7,17dac7c5985891f27905e7056b45626a0d6f4dbf34f336534c17bb76ecd32f09,30,0.18750445544719696,0.07587440311908722
3,2,displacement_elevation_exog_v1,7,17dac7c5985891f27905e7056b45626a0d6f4dbf34f336534c17bb76ecd32f09,31,0.1860215663909912,0.06680163741111755
3,2,displacement_elevation_exog_v1,7,17dac7c5985891f27905e7056b45626a0d6f4dbf34f336534c17bb76ecd32f09,32,0.18456733226776123,0.05825279280543327
3,2,displacement_elevation_exog_v1,7,17dac7c5985891f27905e7056b45626a0d6f4dbf34f336534c17bb76ecd32f09,33,0.1831820011138916,0.05102941021323204
3,2,displacement_elevation_exog_v1,7,17dac7c5985891f27905e7056b45626a0d6f4dbf34f336534c17bb76ecd32f09,34,0.18186324834823608,0.04783045873045921
3,2,displacement_elevation_exog_v1,7,17dac7c5985891f27905e7056b45626a0d6f4dbf34f336534c17bb76ecd32f09,35,0.18058179318904877,0.045008499175310135
3,2,displacement_elevation_exog_v1,7,17dac7c5985891f27905e7056b45626a0d6f4dbf34f336534c17bb76ecd32f09,36,0.179310142993927,0.04305781424045563
3,2,displacement_elevation_exog_v1,7,17dac7c5985891f27905e7056b45626a0d6f4dbf34f336534c17bb76ecd32f09,37,0.17804360389709473,0.04320349171757698
3,2,displacement_elevation_exog_v1,7,17dac7c5985891f27905e7056b45626a0d6f4dbf34f336534c17bb76ecd32f09,38,0.17680074274539948,0.04198744148015976
3,2,displacement_elevation_exog_v1,7,17dac7c5985891f27905e7056b45626a0d6f4dbf34f336534c17bb76ecd32f09,39,0.1755656898021698,0.04499577730894089
3,2,displacement_elevation_exog_v1,7,17dac7c5985891f27905e7056b45626a0d6f4dbf34f336534c17bb76ecd32f09,40,0.17427846789360046,0.047379352152347565
3,2,displacement_elevation_exog_v1,7,17dac7c5985891f27905e7056b45626a0d6f4dbf34f336534c17bb76ecd32f09,41,0.17290234565734863,0.05103760585188866
3,2,displacement_elevation_exog_v1,7,17dac7c5985891f27905e7056b45626a0d6f4dbf34f336534c17bb76ecd32f09,42,0.17142260074615479,0.05296090617775917
3,2,displacement_elevation_exog_v1,7,17dac7c5985891f27905e7056b45626a0d6f4dbf34f336534c17bb76ecd32f09,43,0.16984803974628448,0.05567250773310661
3,2,displacement_elevation_exog_v1,7,17dac7c5985891f27905e7056b45626a0d6f4dbf34f336534c17bb76ecd32f09,44,0.16815750300884247,0.05401459336280823
3,2,displacement_elevation_exog_v1,7,17dac7c5985891f27905e7056b45626a0d6f4dbf34f336534c17bb76ecd32f09,45,0.16638290882110596,0.05005621165037155
3,2,displacement_elevation_exog_v1,7,17dac7c5985891f27905e7056b45626a0d6f4dbf34f336534c17bb76ecd32f09,46,0.16458040475845337,0.04866385459899902
3,2,displacement_elevation_exog_v1,7,17dac7c5985891f27905e7056b45626a0d6f4dbf34f336534c17bb76ecd32f09,47,0.16279131174087524,0.04565912112593651
3,2,displacement_elevation_exog_v1,7,17dac7c5985891f27905e7056b45626a0d6f4dbf34f336534c17bb76ecd32f09,48,0.16107255220413208,0.044782258570194244
3,2,displacement_elevation_exog_v1,7,17dac7c5985891f27905e7056b45626a0d6f4dbf34f336534c17bb76ecd32f09,49,0.1594223827123642,0.047776613384485245
3,2,displacement_elevation_exog_v1,7,17dac7c5985891f27905e7056b45626a0d6f4dbf34f336534c17bb76ecd32f09,50,0.15777797996997833,0.05187118798494339
3,2,displacement_elevation_exog_v1,7,17dac7c5985891f27905e7056b45626a0d6f4dbf34f336534c17bb76ecd32f09,51,0.15603576600551605,0.05471982806921005
3,2,displacement_elevation_exog_v1,7,17dac7c5985891f27905e7056b45626a0d6f4dbf34f336534c17bb76ecd32f09,52,0.1541791409254074,0.054315757006406784
3,2,displacement_elevation_exog_v1,7,17dac7c5985891f27905e7056b45626a0d6f4dbf34f336534c17bb76ecd32f09,53,0.15224885940551758,0.05243422091007233
3,2,displacement_elevation_exog_v1,7,17dac7c5985891f27905e7056b45626a0d6f4dbf34f336534c17bb76ecd32f09,54,0.1503283679485321,0.048037152737379074
3,2,displacement_elevation_exog_v1,7,17dac7c5985891f27905e7056b45626a0d6f4dbf34f336534c17bb76ecd32f09,55,0.14854659140110016,0.047337889671325684
3,2,displacement_elevation_exog_v1,7,17dac7c5985891f27905e7056b45626a0d6f4dbf34f336534c17bb76ecd32f09,56,0.1469251811504364,0.05296097695827484
3,2,displacement_elevation_exog_v1,7,17dac7c5985891f27905e7056b45626a0d6f4dbf34f336534c17bb76ecd32f09,57,0.14541547000408173,0.060182973742485046
3,2,displacement_elevation_exog_v1,7,17dac7c5985891f27905e7056b45626a0d6f4dbf34f336534c17bb76ecd32f09,58,0.1439218819141388,0.0662003606557846
3,2,displacement_elevation_exog_v1,7,17dac7c5985891f27905e7056b45626a0d6f4dbf34f336534c17bb76ecd32f09,59,0.1423948109149933,0.06476687639951706
3,2,displacement_elevation_exog_v1,7,17dac7c5985891f27905e7056b45626a0d6f4dbf34f336534c17bb76ecd32f09,60,0.14083001017570496,0.06529536843299866
3,2,displacement_elevation_exog_v1,7,17dac7c5985891f27905e7056b45626a0d6f4dbf34f336534c17bb76ecd32f09,61,0.13926218450069427,0.056131985038518906
3,2,displacement_elevation_exog_v1,7,17dac7c5985891f27905e7056b45626a0d6f4dbf34f336534c17bb76ecd32f09,62,0.13786397874355316,0.05214070901274681
3,2,displacement_elevation_exog_v1,7,17dac7c5985891f27905e7056b45626a0d6f4dbf34f336534c17bb76ecd32f09,63,0.13650797307491302,0.050737034529447556
3,2,displacement_elevation_exog_v1,7,17dac7c5985891f27905e7056b45626a0d6f4dbf34f336534c17bb76ecd32f09,64,0.13519929349422455,0.05280555412173271
3,2,displacement_elevation_exog_v1,7,17dac7c5985891f27905e7056b45626a0d6f4dbf34f336534c17bb76ecd32f09,65,0.13386109471321106,0.051704198122024536
3,2,displacement_elevation_exog_v1,7,17dac7c5985891f27905e7056b45626a0d6f4dbf34f336534c17bb76ecd32f09,66,0.13252997398376465,0.04844145104289055
3,2,displacement_elevation_exog_v1,7,17dac7c5985891f27905e7056b45626a0d6f4dbf34f336534c17bb76ecd32f09,67,0.1312897652387619,0.050546273589134216
3,2,displacement_elevation_exog_v1,7,17dac7c5985891f27905e7056b45626a0d6f4dbf34f336534c17bb76ecd32f09,68,0.13010664284229279,0.05308740958571434
3,2,displacement_elevation_exog_v1,7,17dac7c5985891f27905e7056b45626a0d6f4dbf34f336534c17bb76ecd32f09,69,0.12890170514583588,0.05610297992825508
3,2,displacement_elevation_exog_v1,7,17dac7c5985891f27905e7056b45626a0d6f4dbf34f336534c17bb76ecd32f09,70,0.12761887907981873,0.05525459721684456
3,2,displacement_elevation_exog_v1,7,17dac7c5985891f27905e7056b45626a0d6f4dbf34f336534c17bb76ecd32f09,71,0.12629470229148865,0.05573013797402382
3,2,displacement_elevation_exog_v1,7,17dac7c5985891f27905e7056b45626a0d6f4dbf34f336534c17bb76ecd32f09,72,0.12504057586193085,0.05361095070838928
3,2,displacement_elevation_exog_v1,7,17dac7c5985891f27905e7056b45626a0d6f4dbf34f336534c17bb76ecd32f09,73,0.12381358444690704,0.05633469671010971
3,2,displacement_elevation_exog_v1,7,17dac7c5985891f27905e7056b45626a0d6f4dbf34f336534c17bb76ecd32f09,74,0.12255220115184784,0.058348990976810455
3,2,displacement_elevation_exog_v1,7,17dac7c5985891f27905e7056b45626a0d6f4dbf34f336534c17bb76ecd32f09,75,0.12128375470638275,0.06128935515880585
3,2,displacement_elevation_exog_v1,7,17dac7c5985891f27905e7056b45626a0d6f4dbf34f336534c17bb76ecd32f09,76,0.11999240517616272,0.05829703062772751
3,2,displacement_elevation_exog_v1,7,17dac7c5985891f27905e7056b45626a0d6f4dbf34f336534c17bb76ecd32f09,77,0.11868961155414581,0.057489242404699326
3,2,displacement_elevation_exog_v1,7,17dac7c5985891f27905e7056b45626a0d6f4dbf34f336534c17bb76ecd32f09,78,0.11741486191749573,0.056951820850372314
3,2,displacement_elevation_exog_v1,7,17dac7c5985891f27905e7056b45626a0d6f4dbf34f336534c17bb76ecd32f09,79,0.11620867997407913,0.05564538389444351
3,2,displacement_elevation_exog_v1,7,17dac7c5985891f27905e7056b45626a0d6f4dbf34f336534c17bb76ecd32f09,80,0.1150602176785469,0.05614292994141579
3,2,displacement_elevation_exog_v1,7,17dac7c5985891f27905e7056b45626a0d6f4dbf34f336534c17bb76ecd32f09,81,0.11397120356559753,0.057409610599279404
3,2,displacement_elevation_exog_v1,7,17dac7c5985891f27905e7056b45626a0d6f4dbf34f336534c17bb76ecd32f09,82,0.11293139308691025,0.058630235493183136
3,2,displacement_elevation_exog_v1,7,17dac7c5985891f27905e7056b45626a0d6f4dbf34f336534c17bb76ecd32f09,83,0.11191881448030472,0.059539925307035446
3,2,displacement_elevation_exog_v1,7,17dac7c5985891f27905e7056b45626a0d6f4dbf34f336534c17bb76ecd32f09,84,0.11089116334915161,0.0569116547703743
3,2,displacement_elevation_exog_v1,7,17dac7c5985891f27905e7056b45626a0d6f4dbf34f336534c17bb76ecd32f09,85,0.10990431904792786,0.05518617480993271
3,2,displacement_elevation_exog_v1,7,17dac7c5985891f27905e7056b45626a0d6f4dbf34f336534c17bb76ecd32f09,86,0.10898005217313766,0.05110279470682144
3,2,displacement_elevation_exog_v1,7,17dac7c5985891f27905e7056b45626a0d6f4dbf34f336534c17bb76ecd32f09,87,0.10813552141189575,0.05157426372170448
3,2,displacement_elevation_exog_v1,7,17dac7c5985891f27905e7056b45626a0d6f4dbf34f336534c17bb76ecd32f09,88,0.10728546231985092,0.0505780354142189
3,2,displacement_elevation_exog_v1,7,17dac7c5985891f27905e7056b45626a0d6f4dbf34f336534c17bb76ecd32f09,89,0.106408029794693,0.05072212964296341
3,2,displacement_elevation_exog_v1,7,17dac7c5985891f27905e7056b45626a0d6f4dbf34f336534c17bb76ecd32f09,90,0.10552198439836502,0.05145309492945671
3,2,displacement_elevation_exog_v1,7,17dac7c5985891f27905e7056b45626a0d6f4dbf34f336534c17bb76ecd32f09,91,0.10464835911989212,0.05044027045369148
3,2,displacement_elevation_exog_v1,7,17dac7c5985891f27905e7056b45626a0d6f4dbf34f336534c17bb76ecd32f09,92,0.10376441478729248,0.04911011457443237
3,2,displacement_elevation_exog_v1,7,17dac7c5985891f27905e7056b45626a0d6f4dbf34f336534c17bb76ecd32f09,93,0.10289433598518372,0.04673805832862854
3,2,displacement_elevation_exog_v1,7,17dac7c5985891f27905e7056b45626a0d6f4dbf34f336534c17bb76ecd32f09,94,0.10203537344932556,0.047902848571538925
3,2,displacement_elevation_exog_v1,7,17dac7c5985891f27905e7056b45626a0d6f4dbf34f336534c17bb76ecd32f09,95,0.1011853739619255,0.04722218960523605
3,2,displacement_elevation_exog_v1,7,17dac7c5985891f27905e7056b45626a0d6f4dbf34f336534c17bb76ecd32f09,96,0.10037335008382797,0.04632851481437683
3,2,displacement_elevation_exog_v1,7,17dac7c5985891f27905e7056b45626a0d6f4dbf34f336534c17bb76ecd32f09,97,0.09962638467550278,0.049535706639289856
3,2,displacement_elevation_exog_v1,7,17dac7c5985891f27905e7056b45626a0d6f4dbf34f336534c17bb76ecd32f09,98,0.0989089161157608,0.051748186349868774
3,2,displacement_elevation_exog_v1,7,17dac7c5985891f27905e7056b45626a0d6f4dbf34f336534c17bb76ecd32f09,99,0.09819527715444565,0.051940467208623886
3,2,displacement_elevation_exog_v1,7,17dac7c5985891f27905e7056b45626a0d6f4dbf34f336534c17bb76ecd32f09,100,0.09748430550098419,0.04957843944430351
3,2,displacement_elevation_exog_v1,7,17dac7c5985891f27905e7056b45626a0d6f4dbf34f336534c17bb76ecd32f09,101,0.09678035229444504,0.04664541035890579
3,2,displacement_elevation_exog_v1,7,17dac7c5985891f27905e7056b45626a0d6f4dbf34f336534c17bb76ecd32f09,102,0.09610025584697723,0.048294566571712494
3,2,displacement_elevation_exog_v1,7,17dac7c5985891f27905e7056b45626a0d6f4dbf34f336534c17bb76ecd32f09,103,0.09542001783847809,0.04656890034675598
3,2,displacement_elevation_exog_v1,7,17dac7c5985891f27905e7056b45626a0d6f4dbf34f336534c17bb76ecd32f09,104,0.09473946690559387,0.04780641198158264
3,2,displacement_elevation_exog_v1,7,17dac7c5985891f27905e7056b45626a0d6f4dbf34f336534c17bb76ecd32f09,105,0.09404869377613068,0.04370681196451187
3,2,displacement_elevation_exog_v1,7,17dac7c5985891f27905e7056b45626a0d6f4dbf34f336534c17bb76ecd32f09,106,0.0933629497885704,0.043047189712524414
3,2,displacement_elevation_exog_v1,7,17dac7c5985891f27905e7056b45626a0d6f4dbf34f336534c17bb76ecd32f09,107,0.09268280863761902,0.04178258776664734
3,2,displacement_elevation_exog_v1,7,17dac7c5985891f27905e7056b45626a0d6f4dbf34f336534c17bb76ecd32f09,108,0.09202960133552551,0.04341158643364906
3,2,displacement_elevation_exog_v1,7,17dac7c5985891f27905e7056b45626a0d6f4dbf34f336534c17bb76ecd32f09,109,0.09137474745512009,0.04232313483953476
3,2,displacement_elevation_exog_v1,7,17dac7c5985891f27905e7056b45626a0d6f4dbf34f336534c17bb76ecd32f09,110,0.09074623882770538,0.04346541315317154
3,2,displacement_elevation_exog_v1,7,17dac7c5985891f27905e7056b45626a0d6f4dbf34f336534c17bb76ecd32f09,111,0.09011871367692947,0.0409395694732666
3,2,displacement_elevation_exog_v1,7,17dac7c5985891f27905e7056b45626a0d6f4dbf34f336534c17bb76ecd32f09,112,0.08950477093458176,0.044317733496427536
3,2,displacement_elevation_exog_v1,7,17dac7c5985891f27905e7056b45626a0d6f4dbf34f336534c17bb76ecd32f09,113,0.08887618780136108,0.042860325425863266
3,2,displacement_elevation_exog_v1,7,17dac7c5985891f27905e7056b45626a0d6f4dbf34f336534c17bb76ecd32f09,114,0.08826592564582825,0.04331693798303604
3,2,displacement_elevation_exog_v1,7,17dac7c5985891f27905e7056b45626a0d6f4dbf34f336534c17bb76ecd32f09,115,0.08766449987888336,0.04364269599318504
3,2,displacement_elevation_exog_v1,7,17dac7c5985891f27905e7056b45626a0d6f4dbf34f336534c17bb76ecd32f09,116,0.08707045763731003,0.043784815818071365
3,2,displacement_elevation_exog_v1,7,17dac7c5985891f27905e7056b45626a0d6f4dbf34f336534c17bb76ecd32f09,117,0.08646950870752335,0.04662402719259262
3,2,displacement_elevation_exog_v1,7,17dac7c5985891f27905e7056b45626a0d6f4dbf34f336534c17bb76ecd32f09,118,0.08586165308952332,0.04065337032079697
3,2,displacement_elevation_exog_v1,7,17dac7c5985891f27905e7056b45626a0d6f4dbf34f336534c17bb76ecd32f09,119,0.08526284247636795,0.044759299606084824
3,2,displacement_elevation_exog_v1,7,17dac7c5985891f27905e7056b45626a0d6f4dbf34f336534c17bb76ecd32f09,120,0.0846865102648735,0.04791665077209473
3,3,displacement_elevation_exog_v1,7,17dac7c5985891f27905e7056b45626a0d6f4dbf34f336534c17bb76ecd32f09,1,0.249526709318161,0.23681700229644775
3,3,displacement_elevation_exog_v1,7,17dac7c5985891f27905e7056b45626a0d6f4dbf34f336534c17bb76ecd32f09,2,0.24567998945713043,0.22817867994308472
3,3,displacement_elevation_exog_v1,7,17dac7c5985891f27905e7056b45626a0d6f4dbf34f336534c17bb76ecd32f09,3,0.24207650125026703,0.22013090550899506
3,3,displacement_elevation_exog_v1,7,17dac7c5985891f27905e7056b45626a0d6f4dbf34f336534c17bb76ecd32f09,4,0.2386598140001297,0.21135127544403076
3,3,displacement_elevation_exog_v1,7,17dac7c5985891f27905e7056b45626a0d6f4dbf34f336534c17bb76ecd32f09,5,0.23540721833705902,0.2022084891796112
3,3,displacement_elevation_exog_v1,7,17dac7c5985891f27905e7056b45626a0d6f4dbf34f336534c17bb76ecd32f09,6,0.23224955797195435,0.19014623761177063
3,3,displacement_elevation_exog_v1,7,17dac7c5985891f27905e7056b45626a0d6f4dbf34f336534c17bb76ecd32f09,7,0.22919362783432007,0.17915309965610504
3,3,displacement_elevation_exog_v1,7,17dac7c5985891f27905e7056b45626a0d6f4dbf34f336534c17bb76ecd32f09,8,0.22613996267318726,0.17030537128448486
3,3,displacement_elevation_exog_v1,7,17dac7c5985891f27905e7056b45626a0d6f4dbf34f336534c17bb76ecd32f09,9,0.22311684489250183,0.15689539909362793
3,3,displacement_elevation_exog_v1,7,17dac7c5985891f27905e7056b45626a0d6f4dbf34f336534c17bb76ecd32f09,10,0.2201523780822754,0.14598986506462097
3,3,displacement_elevation_exog_v1,7,17dac7c5985891f27905e7056b45626a0d6f4dbf34f336534c17bb76ecd32f09,11,0.21719779074192047,0.13463544845581055
3,3,displacement_elevation_exog_v1,7,17dac7c5985891f27905e7056b45626a0d6f4dbf34f336534c17bb76ecd32f09,12,0.21429970860481262,0.12333202362060547
3,3,displacement_elevation_exog_v1,7,17dac7c5985891f27905e7056b45626a0d6f4dbf34f336534c17bb76ecd32f09,13,0.21146336197853088,0.10979603976011276
3,3,displacement_elevation_exog_v1,7,17dac7c5985891f27905e7056b45626a0d6f4dbf34f336534c17bb76ecd32f09,14,0.20881831645965576,0.09750159084796906
3,3,displacement_elevation_exog_v1,7,17dac7c5985891f27905e7056b45626a0d6f4dbf34f336534c17bb76ecd32f09,15,0.2063535451889038,0.08847935497760773
3,3,displacement_elevation_exog_v1,7,17dac7c5985891f27905e7056b45626a0d6f4dbf34f336534c17bb76ecd32f09,16,0.20397184789180756,0.08165109157562256
3,3,displacement_elevation_exog_v1,7,17dac7c5985891f27905e7056b45626a0d6f4dbf34f336534c17bb76ecd32f09,17,0.20170730352401733,0.07407233119010925
3,3,displacement_elevation_exog_v1,7,17dac7c5985891f27905e7056b45626a0d6f4dbf34f336534c17bb76ecd32f09,18,0.19952021539211273,0.07071060687303543
3,3,displacement_elevation_exog_v1,7,17dac7c5985891f27905e7056b45626a0d6f4dbf34f336534c17bb76ecd32f09,19,0.19738250970840454,0.06579713523387909
3,3,displacement_elevation_exog_v1,7,17dac7c5985891f27905e7056b45626a0d6f4dbf34f336534c17bb76ecd32f09,20,0.19539101421833038,0.05806896090507507
3,3,displacement_elevation_exog_v1,7,17dac7c5985891f27905e7056b45626a0d6f4dbf34f336534c17bb76ecd32f09,21,0.1935584545135498,0.05366060510277748
3,3,displacement_elevation_exog_v1,7,17dac7c5985891f27905e7056b45626a0d6f4dbf34f336534c17bb76ecd32f09,22,0.19188916683197021,0.048052359372377396
3,3,displacement_elevation_exog_v1,7,17dac7c5985891f27905e7056b45626a0d6f4dbf34f336534c17bb76ecd32f09,23,0.19039902091026306,0.04359811916947365
3,3,displacement_elevation_exog_v1,7,17dac7c5985891f27905e7056b45626a0d6f4dbf34f336534c17bb76ecd32f09,24,0.18909582495689392,0.04141473025083542
3,3,displacement_elevation_exog_v1,7,17dac7c5985891f27905e7056b45626a0d6f4dbf34f336534c17bb76ecd32f09,25,0.18800722062587738,0.045339155942201614
3,3,displacement_elevation_exog_v1,7,17dac7c5985891f27905e7056b45626a0d6f4dbf34f336534c17bb76ecd32f09,26,0.18702644109725952,0.05239356681704521
3,3,displacement_elevation_exog_v1,7,17dac7c5985891f27905e7056b45626a0d6f4dbf34f336534c17bb76ecd32f09,27,0.18597891926765442,0.05849079787731171
3,3,displacement_elevation_exog_v1,7,17dac7c5985891f27905e7056b45626a0d6f4dbf34f336534c17bb76ecd32f09,28,0.18473707139492035,0.061159562319517136
3,3,displacement_elevation_exog_v1,7,17dac7c5985891f27905e7056b45626a0d6f4dbf34f336534c17bb76ecd32f09,29,0.18330594897270203,0.061788834631443024
3,3,displacement_elevation_exog_v1,7,17dac7c5985891f27905e7056b45626a0d6f4dbf34f336534c17bb76ecd32f09,30,0.1817122846841812,0.059630170464515686
3,3,displacement_elevation_exog_v1,7,17dac7c5985891f27905e7056b45626a0d6f4dbf34f336534c17bb76ecd32f09,31,0.18002262711524963,0.05660597234964371
3,3,displacement_elevation_exog_v1,7,17dac7c5985891f27905e7056b45626a0d6f4dbf34f336534c17bb76ecd32f09,32,0.17829115688800812,0.05361991748213768
3,3,displacement_elevation_exog_v1,7,17dac7c5985891f27905e7056b45626a0d6f4dbf34f336534c17bb76ecd32f09,33,0.17655877768993378,0.05197553336620331
3,3,displacement_elevation_exog_v1,7,17dac7c5985891f27905e7056b45626a0d6f4dbf34f336534c17bb76ecd32f09,34,0.17479878664016724,0.05065229535102844
3,3,displacement_elevation_exog_v1,7,17dac7c5985891f27905e7056b45626a0d6f4dbf34f336534c17bb76ecd32f09,35,0.17303548753261566,0.05250360444188118
3,3,displacement_elevation_exog_v1,7,17dac7c5985891f27905e7056b45626a0d6f4dbf34f336534c17bb76ecd32f09,36,0.1712515652179718,0.05728331580758095
3,3,displacement_elevation_exog_v1,7,17dac7c5985891f27905e7056b45626a0d6f4dbf34f336534c17bb76ecd32f09,37,0.16937729716300964,0.06382398307323456
3,3,displacement_elevation_exog_v1,7,17dac7c5985891f27905e7056b45626a0d6f4dbf34f336534c17bb76ecd32f09,38,0.16750165820121765,0.07073100656270981
3,3,displacement_elevation_exog_v1,7,17dac7c5985891f27905e7056b45626a0d6f4dbf34f336534c17bb76ecd32f09,39,0.16575978696346283,0.07553473860025406
3,3,displacement_elevation_exog_v1,7,17dac7c5985891f27905e7056b45626a0d6f4dbf34f336534c17bb76ecd32f09,40,0.1640111654996872,0.07333223521709442
3,3,displacement_elevation_exog_v1,7,17dac7c5985891f27905e7056b45626a0d6f4dbf34f336534c17bb76ecd32f09,41,0.16222335398197174,0.0702136904001236
3,3,displacement_elevation_exog_v1,7,17dac7c5985891f27905e7056b45626a0d6f4dbf34f336534c17bb76ecd32f09,42,0.16038936376571655,0.06617998331785202
3,3,displacement_elevation_exog_v1,7,17dac7c5985891f27905e7056b45626a0d6f4dbf34f336534c17bb76ecd32f09,43,0.15859423577785492,0.06198568642139435
3,3,displacement_elevation_exog_v1,7,17dac7c5985891f27905e7056b45626a0d6f4dbf34f336534c17bb76ecd32f09,44,0.15689721703529358,0.05581893399357796
3,3,displacement_elevation_exog_v1,7,17dac7c5985891f27905e7056b45626a0d6f4dbf34f336534c17bb76ecd32f09,45,0.15532830357551575,0.05329638719558716
3,3,displacement_elevation_exog_v1,7,17dac7c5985891f27905e7056b45626a0d6f4dbf34f336534c17bb76ecd32f09,46,0.15385271608829498,0.05199344456195831
3,3,displacement_elevation_exog_v1,7,17dac7c5985891f27905e7056b45626a0d6f4dbf34f336534c17bb76ecd32f09,47,0.15243594348430634,0.053115151822566986
3,3,displacement_elevation_exog_v1,7,17dac7c5985891f27905e7056b45626a0d6f4dbf34f336534c17bb76ecd32f09,48,0.15100763738155365,0.05534795671701431
3,3,displacement_elevation_exog_v1,7,17dac7c5985891f27905e7056b45626a0d6f4dbf34f336534c17bb76ecd32f09,49,0.14946730434894562,0.05573789030313492
3,3,displacement_elevation_exog_v1,7,17dac7c5985891f27905e7056b45626a0d6f4dbf34f336534c17bb76ecd32f09,50,0.14786803722381592,0.05656873434782028
3,3,displacement_elevation_exog_v1,7,17dac7c5985891f27905e7056b45626a0d6f4dbf34f336534c17bb76ecd32f09,51,0.1462685614824295,0.061835113912820816
3,3,displacement_elevation_exog_v1,7,17dac7c5985891f27905e7056b45626a0d6f4dbf34f336534c17bb76ecd32f09,52,0.1446063071489334,0.06605266034603119
3,3,displacement_elevation_exog_v1,7,17dac7c5985891f27905e7056b45626a0d6f4dbf34f336534c17bb76ecd32f09,53,0.14284339547157288,0.06640350818634033
3,3,displacement_elevation_exog_v1,7,17dac7c5985891f27905e7056b45626a0d6f4dbf34f336534c17bb76ecd32f09,54,0.1410050392150879,0.061470337212085724
3,3,displacement_elevation_exog_v1,7,17dac7c5985891f27905e7056b45626a0d6f4dbf34f336534c17bb76ecd32f09,55,0.13925056159496307,0.06099390238523483
3,3,displacement_elevation_exog_v1,7,17dac7c5985891f27905e7056b45626a0d6f4dbf34f336534c17bb76ecd32f09,56,0.137507826089859,0.06354970484972
3,3,displacement_elevation_exog_v1,7,17dac7c5985891f27905e7056b45626a0d6f4dbf34f336534c17bb76ecd32f09,57,0.13567152619361877,0.061340443789958954
3,3,displacement_elevation_exog_v1,7,17dac7c5985891f27905e7056b45626a0d6f4dbf34f336534c17bb76ecd32f09,58,0.1338348388671875,0.054757390171289444
3,3,displacement_elevation_exog_v1,7,17dac7c5985891f27905e7056b45626a0d6f4dbf34f336534c17bb76ecd32f09,59,0.13216334581375122,0.054554443806409836
3,3,displacement_elevation_exog_v1,7,17dac7c5985891f27905e7056b45626a0d6f4dbf34f336534c17bb76ecd32f09,60,0.13061025738716125,0.059785082936286926
3,3,displacement_elevation_exog_v1,7,17dac7c5985891f27905e7056b45626a0d6f4dbf34f336534c17bb76ecd32f09,61,0.12904100120067596,0.0608239583671093
3,3,displacement_elevation_exog_v1,7,17dac7c5985891f27905e7056b45626a0d6f4dbf34f336534c17bb76ecd32f09,62,0.12744589149951935,0.057638123631477356
3,3,displacement_elevation_exog_v1,7,17dac7c5985891f27905e7056b45626a0d6f4dbf34f336534c17bb76ecd32f09,63,0.12591290473937988,0.05554291978478432
3,3,displacement_elevation_exog_v1,7,17dac7c5985891f27905e7056b45626a0d6f4dbf34f336534c17bb76ecd32f09,64,0.12452060729265213,0.05810895562171936
3,3,displacement_elevation_exog_v1,7,17dac7c5985891f27905e7056b45626a0d6f4dbf34f336534c17bb76ecd32f09,65,0.12316088378429413,0.06268320977687836
3,3,displacement_elevation_exog_v1,7,17dac7c5985891f27905e7056b45626a0d6f4dbf34f336534c17bb76ecd32f09,66,0.12176216393709183,0.06288637965917587
3,3,displacement_elevation_exog_v1,7,17dac7c5985891f27905e7056b45626a0d6f4dbf34f336534c17bb76ecd32f09,67,0.12035635113716125,0.05946296453475952
3,3,displacement_elevation_exog_v1,7,17dac7c5985891f27905e7056b45626a0d6f4dbf34f336534c17bb76ecd32f09,68,0.11902137845754623,0.0582532063126564
3,3,displacement_elevation_exog_v1,7,17dac7c5985891f27905e7056b45626a0d6f4dbf34f336534c17bb76ecd32f09,69,0.11772511154413223,0.05709734186530113
3,3,displacement_elevation_exog_v1,7,17dac7c5985891f27905e7056b45626a0d6f4dbf34f336534c17bb76ecd32f09,70,0.1164403036236763,0.06027521938085556
3,3,displacement_elevation_exog_v1,7,17dac7c5985891f27905e7056b45626a0d6f4dbf34f336534c17bb76ecd32f09,71,0.11515983939170837,0.05114656314253807
3,3,displacement_elevation_exog_v1,7,17dac7c5985891f27905e7056b45626a0d6f4dbf34f336534c17bb76ecd32f09,72,0.1140170693397522,0.05119316652417183
3,3,displacement_elevation_exog_v1,7,17dac7c5985891f27905e7056b45626a0d6f4dbf34f336534c17bb76ecd32f09,73,0.1129944771528244,0.05424781143665314
3,3,displacement_elevation_exog_v1,7,17dac7c5985891f27905e7056b45626a0d6f4dbf34f336534c17bb76ecd32f09,74,0.11200442165136337,0.05351073667407036
3,3,displacement_elevation_exog_v1,7,17dac7c5985891f27905e7056b45626a0d6f4dbf34f336534c17bb76ecd32f09,75,0.11103184521198273,0.05436195805668831
3,3,displacement_elevation_exog_v1,7,17dac7c5985891f27905e7056b45626a0d6f4dbf34f336534c17bb76ecd32f09,76,0.11006902158260345,0.05148407816886902
3,3,displacement_elevation_exog_v1,7,17dac7c5985891f27905e7056b45626a0d6f4dbf34f336534c17bb76ecd32f09,77,0.10910919308662415,0.05026645213365555
3,3,displacement_elevation_exog_v1,7,17dac7c5985891f27905e7056b45626a0d6f4dbf34f336534c17bb76ecd32f09,78,0.10813245922327042,0.050338901579380035
3,3,displacement_elevation_exog_v1,7,17dac7c5985891f27905e7056b45626a0d6f4dbf34f336534c17bb76ecd32f09,79,0.10712926089763641,0.046193040907382965
3,3,displacement_elevation_exog_v1,7,17dac7c5985891f27905e7056b45626a0d6f4dbf34f336534c17bb76ecd32f09,80,0.10619373619556427,0.04617947340011597
3,3,displacement_elevation_exog_v1,7,17dac7c5985891f27905e7056b45626a0d6f4dbf34f336534c17bb76ecd32f09,81,0.10532457381486893,0.05322447791695595
3,3,displacement_elevation_exog_v1,7,17dac7c5985891f27905e7056b45626a0d6f4dbf34f336534c17bb76ecd32f09,82,0.10441243648529053,0.047610629349946976
3,3,displacement_elevation_exog_v1,7,17dac7c5985891f27905e7056b45626a0d6f4dbf34f336534c17bb76ecd32f09,83,0.10351109504699707,0.044166382402181625
3,3,displacement_elevation_exog_v1,7,17dac7c5985891f27905e7056b45626a0d6f4dbf34f336534c17bb76ecd32f09,84,0.10266166925430298,0.04709794372320175
3,3,displacement_elevation_exog_v1,7,17dac7c5985891f27905e7056b45626a0d6f4dbf34f336534c17bb76ecd32f09,85,0.10180243104696274,0.04397517070174217
3,3,displacement_elevation_exog_v1,7,17dac7c5985891f27905e7056b45626a0d6f4dbf34f336534c17bb76ecd32f09,86,0.10097499191761017,0.04653884470462799
3,3,displacement_elevation_exog_v1,7,17dac7c5985891f27905e7056b45626a0d6f4dbf34f336534c17bb76ecd32f09,87,0.10014986991882324,0.046575602144002914
3,3,displacement_elevation_exog_v1,7,17dac7c5985891f27905e7056b45626a0d6f4dbf34f336534c17bb76ecd32f09,88,0.0993305966258049,0.04349484667181969
3,3,displacement_elevation_exog_v1,7,17dac7c5985891f27905e7056b45626a0d6f4dbf34f336534c17bb76ecd32f09,89,0.09854017943143845,0.040799789130687714
3,3,displacement_elevation_exog_v1,7,17dac7c5985891f27905e7056b45626a0d6f4dbf34f336534c17bb76ecd32f09,90,0.09777261316776276,0.04203100502490997
3,3,displacement_elevation_exog_v1,7,17dac7c5985891f27905e7056b45626a0d6f4dbf34f336534c17bb76ecd32f09,91,0.09697594493627548,0.04071371257305145
3,3,displacement_elevation_exog_v1,7,17dac7c5985891f27905e7056b45626a0d6f4dbf34f336534c17bb76ecd32f09,92,0.09619133919477463,0.04329543560743332
3,3,displacement_elevation_exog_v1,7,17dac7c5985891f27905e7056b45626a0d6f4dbf34f336534c17bb76ecd32f09,93,0.09541197121143341,0.04163132235407829
3,3,displacement_elevation_exog_v1,7,17dac7c5985891f27905e7056b45626a0d6f4dbf34f336534c17bb76ecd32f09,94,0.09464770555496216,0.04328909516334534
3,3,displacement_elevation_exog_v1,7,17dac7c5985891f27905e7056b45626a0d6f4dbf34f336534c17bb76ecd32f09,95,0.09388912469148636,0.04065263271331787
3,3,displacement_elevation_exog_v1,7,17dac7c5985891f27905e7056b45626a0d6f4dbf34f336534c17bb76ecd32f09,96,0.09315931051969528,0.04201114922761917
3,3,displacement_elevation_exog_v1,7,17dac7c5985891f27905e7056b45626a0d6f4dbf34f336534c17bb76ecd32f09,97,0.09242991358041763,0.04164831340312958
3,3,displacement_elevation_exog_v1,7,17dac7c5985891f27905e7056b45626a0d6f4dbf34f336534c17bb76ecd32f09,98,0.09170255064964294,0.041483648121356964
3,3,displacement_elevation_exog_v1,7,17dac7c5985891f27905e7056b45626a0d6f4dbf34f336534c17bb76ecd32f09,99,0.09098153561353683,0.03954271972179413
3,3,displacement_elevation_exog_v1,7,17dac7c5985891f27905e7056b45626a0d6f4dbf34f336534c17bb76ecd32f09,100,0.09027422219514847,0.04150260612368584
3,3,displacement_elevation_exog_v1,7,17dac7c5985891f27905e7056b45626a0d6f4dbf34f336534c17bb76ecd32f09,101,0.08957045525312424,0.03990299254655838
3,3,displacement_elevation_exog_v1,7,17dac7c5985891f27905e7056b45626a0d6f4dbf34f336534c17bb76ecd32f09,102,0.08888773620128632,0.0394321009516716
3,3,displacement_elevation_exog_v1,7,17dac7c5985891f27905e7056b45626a0d6f4dbf34f336534c17bb76ecd32f09,103,0.08821816742420197,0.03824000060558319
3,3,displacement_elevation_exog_v1,7,17dac7c5985891f27905e7056b45626a0d6f4dbf34f336534c17bb76ecd32f09,104,0.08755940943956375,0.03883892670273781
3,3,displacement_elevation_exog_v1,7,17dac7c5985891f27905e7056b45626a0d6f4dbf34f336534c17bb76ecd32f09,105,0.08688796311616898,0.03861406445503235
3,3,displacement_elevation_exog_v1,7,17dac7c5985891f27905e7056b45626a0d6f4dbf34f336534c17bb76ecd32f09,106,0.08622264117002487,0.03914288803935051
3,3,displacement_elevation_exog_v1,7,17dac7c5985891f27905e7056b45626a0d6f4dbf34f336534c17bb76ecd32f09,107,0.08557160943746567,0.035597316920757294
3,3,displacement_elevation_exog_v1,7,17dac7c5985891f27905e7056b45626a0d6f4dbf34f336534c17bb76ecd32f09,108,0.08494343608617783,0.03690575435757637
3,3,displacement_elevation_exog_v1,7,17dac7c5985891f27905e7056b45626a0d6f4dbf34f336534c17bb76ecd32f09,109,0.08432509005069733,0.03862663358449936
3,3,displacement_elevation_exog_v1,7,17dac7c5985891f27905e7056b45626a0d6f4dbf34f336534c17bb76ecd32f09,110,0.08370088040828705,0.0369340218603611
3,3,displacement_elevation_exog_v1,7,17dac7c5985891f27905e7056b45626a0d6f4dbf34f336534c17bb76ecd32f09,111,0.08309386670589447,0.03811901807785034
3,3,displacement_elevation_exog_v1,7,17dac7c5985891f27905e7056b45626a0d6f4dbf34f336534c17bb76ecd32f09,112,0.08249101042747498,0.039554644376039505
3,3,displacement_elevation_exog_v1,7,17dac7c5985891f27905e7056b45626a0d6f4dbf34f336534c17bb76ecd32f09,113,0.08189766108989716,0.04033619537949562
3,3,displacement_elevation_exog_v1,7,17dac7c5985891f27905e7056b45626a0d6f4dbf34f336534c17bb76ecd32f09,114,0.08130066096782684,0.03577610105276108
3,3,displacement_elevation_exog_v1,7,17dac7c5985891f27905e7056b45626a0d6f4dbf34f336534c17bb76ecd32f09,115,0.08072919398546219,0.03989646956324577
3,3,displacement_elevation_exog_v1,7,17dac7c5985891f27905e7056b45626a0d6f4dbf34f336534c17bb76ecd32f09,116,0.08016616851091385,0.045161426067352295
3,3,displacement_elevation_exog_v1,7,17dac7c5985891f27905e7056b45626a0d6f4dbf34f336534c17bb76ecd32f09,117,0.07960156351327896,0.0483267605304718
3,3,displacement_elevation_exog_v1,7,17dac7c5985891f27905e7056b45626a0d6f4dbf34f336534c17bb76ecd32f09,118,0.07905678451061249,0.05395044386386871
3,3,displacement_elevation_exog_v1,7,17dac7c5985891f27905e7056b45626a0d6f4dbf34f336534c17bb76ecd32f09,119,0.07858595997095108,0.08326311409473419
3,3,displacement_elevation_exog_v1,7,17dac7c5985891f27905e7056b45626a0d6f4dbf34f336534c17bb76ecd32f09,120,0.07814085483551025,0.1141873449087143
4,1,displacement_elevation_exog_v1,7,17dac7c5985891f27905e7056b45626a0d6f4dbf34f336534c17bb76ecd32f09,1,0.30334311723709106,0.31293585896492004
4,1,displacement_elevation_exog_v1,7,17dac7c5985891f27905e7056b45626a0d6f4dbf34f336534c17bb76ecd32f09,2,0.29785358905792236,0.31156760454177856
4,1,displacement_elevation_exog_v1,7,17dac7c5985891f27905e7056b45626a0d6f4dbf34f336534c17bb76ecd32f09,3,0.2926841974258423,0.3022485375404358
4,1,displacement_elevation_exog_v1,7,17dac7c5985891f27905e7056b45626a0d6f4dbf34f336534c17bb76ecd32f09,4,0.2877858877182007,0.29307231307029724
4,1,displacement_elevation_exog_v1,7,17dac7c5985891f27905e7056b45626a0d6f4dbf34f336534c17bb76ecd32f09,5,0.282924085855484,0.2846873998641968
4,1,displacement_elevation_exog_v1,7,17dac7c5985891f27905e7056b45626a0d6f4dbf34f336534c17bb76ecd32f09,6,0.27798596024513245,0.27700182795524597
4,1,displacement_elevation_exog_v1,7,17dac7c5985891f27905e7056b45626a0d6f4dbf34f336534c17bb76ecd32f09,7,0.2729133367538452,0.2693023383617401
4,1,displacement_elevation_exog_v1,7,17dac7c5985891f27905e7056b45626a0d6f4dbf34f336534c17bb76ecd32f09,8,0.2676752805709839,0.26228269934654236
4,1,displacement_elevation_exog_v1,7,17dac7c5985891f27905e7056b45626a0d6f4dbf34f336534c17bb76ecd32f09,9,0.2622075378894806,0.2557133734226227
4,1,displacement_elevation_exog_v1,7,17dac7c5985891f27905e7056b45626a0d6f4dbf34f336534c17bb76ecd32f09,10,0.25647518038749695,0.2502218186855316
4,1,displacement_elevation_exog_v1,7,17dac7c5985891f27905e7056b45626a0d6f4dbf34f336534c17bb76ecd32f09,11,0.2504887580871582,0.24157586693763733
4,1,displacement_elevation_exog_v1,7,17dac7c5985891f27905e7056b45626a0d6f4dbf34f336534c17bb76ecd32f09,12,0.24435856938362122,0.23223371803760529
4,1,displacement_elevation_exog_v1,7,17dac7c5985891f27905e7056b45626a0d6f4dbf34f336534c17bb76ecd32f09,13,0.23814578354358673,0.22046411037445068
4,1,displacement_elevation_exog_v1,7,17dac7c5985891f27905e7056b45626a0d6f4dbf34f336534c17bb76ecd32f09,14,0.23202814161777496,0.20606450736522675
4,1,displacement_elevation_exog_v1,7,17dac7c5985891f27905e7056b45626a0d6f4dbf34f336534c17bb76ecd32f09,15,0.2260785549879074,0.19135229289531708
4,1,displacement_elevation_exog_v1,7,17dac7c5985891f27905e7056b45626a0d6f4dbf34f336534c17bb76ecd32f09,16,0.22032921016216278,0.18185487389564514
4,1,displacement_elevation_exog_v1,7,17dac7c5985891f27905e7056b45626a0d6f4dbf34f336534c17bb76ecd32f09,17,0.21466298401355743,0.17601855099201202
4,1,displacement_elevation_exog_v1,7,17dac7c5985891f27905e7056b45626a0d6f4dbf34f336534c17bb76ecd32f09,18,0.2093237191438675,0.15704131126403809
4,1,displacement_elevation_exog_v1,7,17dac7c5985891f27905e7056b45626a0d6f4dbf34f336534c17bb76ecd32f09,19,0.20470592379570007,0.13710494339466095
4,1,displacement_elevation_exog_v1,7,17dac7c5985891f27905e7056b45626a0d6f4dbf34f336534c17bb76ecd32f09,20,0.20087839663028717,0.11807315796613693
4,1,displacement_elevation_exog_v1,7,17dac7c5985891f27905e7056b45626a0d6f4dbf34f336534c17bb76ecd32f09,21,0.1979699581861496,0.09535614401102066
4,1,displacement_elevation_exog_v1,7,17dac7c5985891f27905e7056b45626a0d6f4dbf34f336534c17bb76ecd32f09,22,0.19614115357398987,0.08341411501169205
4,1,displacement_elevation_exog_v1,7,17dac7c5985891f27905e7056b45626a0d6f4dbf34f336534c17bb76ecd32f09,23,0.1949303150177002,0.08534180372953415
4,1,displacement_elevation_exog_v1,7,17dac7c5985891f27905e7056b45626a0d6f4dbf34f336534c17bb76ecd32f09,24,0.19382332265377045,0.09230196475982666
4,1,displacement_elevation_exog_v1,7,17dac7c5985891f27905e7056b45626a0d6f4dbf34f336534c17bb76ecd32f09,25,0.19258099794387817,0.09651044011116028
4,1,displacement_elevation_exog_v1,7,17dac7c5985891f27905e7056b45626a0d6f4dbf34f336534c17bb76ecd32f09,26,0.19106538593769073,0.09958956390619278
4,1,displacement_elevation_exog_v1,7,17dac7c5985891f27905e7056b45626a0d6f4dbf34f336534c17bb76ecd32f09,27,0.18923310935497284,0.09481851011514664
4,1,displacement_elevation_exog_v1,7,17dac7c5985891f27905e7056b45626a0d6f4dbf34f336534c17bb76ecd32f09,28,0.1871936172246933,0.08906836807727814
4,1,displacement_elevation_exog_v1,7,17dac7c5985891f27905e7056b45626a0d6f4dbf34f336534c17bb76ecd32f09,29,0.1850990653038025,0.07968607544898987
4,1,displacement_elevation_exog_v1,7,17dac7c5985891f27905e7056b45626a0d6f4dbf34f336534c17bb76ecd32f09,30,0.1830463409423828,0.07156068086624146
4,1,displacement_elevation_exog_v1,7,17dac7c5985891f27905e7056b45626a0d6f4dbf34f336534c17bb76ecd32f09,31,0.18110820651054382,0.06677794456481934
4,1,displacement_elevation_exog_v1,7,17dac7c5985891f27905e7056b45626a0d6f4dbf34f336534c17bb76ecd32f09,32,0.1793668568134308,0.060932546854019165
4,1,displacement_elevation_exog_v1,7,17dac7c5985891f27905e7056b45626a0d6f4dbf34f336534c17bb76ecd32f09,33,0.17780643701553345,0.0609729066491127
4,1,displacement_elevation_exog_v1,7,17dac7c5985891f27905e7056b45626a0d6f4dbf34f336534c17bb76ecd32f09,34,0.17637278139591217,0.06110820546746254
4,1,displacement_elevation_exog_v1,7,17dac7c5985891f27905e7056b45626a0d6f4dbf34f336534c17bb76ecd32f09,35,0.17505542933940887,0.06286627799272537
4,1,displacement_elevation_exog_v1,7,17dac7c5985891f27905e7056b45626a0d6f4dbf34f336534c17bb76ecd32f09,36,0.1737932711839676,0.06549444794654846
4,1,displacement_elevation_exog_v1,7,17dac7c5985891f27905e7056b45626a0d6f4dbf34f336534c17bb76ecd32f09,37,0.17251183092594147,0.07038848102092743
4,1,displacement_elevation_exog_v1,7,17dac7c5985891f27905e7056b45626a0d6f4dbf34f336534c17bb76ecd32f09,38,0.17114807665348053,0.07413318753242493
4,1,displacement_elevation_exog_v1,7,17dac7c5985891f27905e7056b45626a0d6f4dbf34f336534c17bb76ecd32f09,39,0.16970813274383545,0.07651083916425705
4,1,displacement_elevation_exog_v1,7,17dac7c5985891f27905e7056b45626a0d6f4dbf34f336534c17bb76ecd32f09,40,0.16816529631614685,0.07726480066776276
4,1,displacement_elevation_exog_v1,7,17dac7c5985891f27905e7056b45626a0d6f4dbf34f336534c17bb76ecd32f09,41,0.16654165089130402,0.07615514099597931
4,1,displacement_elevation_exog_v1,7,17dac7c5985891f27905e7056b45626a0d6f4dbf34f336534c17bb76ecd32f09,42,0.16489049792289734,0.07330267131328583
4,1,displacement_elevation_exog_v1,7,17dac7c5985891f27905e7056b45626a0d6f4dbf34f336534c17bb76ecd32f09,43,0.16327068209648132,0.07027152925729752
4,1,displacement_elevation_exog_v1,7,17dac7c5985891f27905e7056b45626a0d6f4dbf34f336534c17bb76ecd32f09,44,0.1617799550294876,0.06950042396783829
4,1,displacement_elevation_exog_v1,7,17dac7c5985891f27905e7056b45626a0d6f4dbf34f336534c17bb76ecd32f09,45,0.16037863492965698,0.06664466112852097
4,1,displacement_elevation_exog_v1,7,17dac7c5985891f27905e7056b45626a0d6f4dbf34f336534c17bb76ecd32f09,46,0.1590508222579956,0.06536561995744705
4,1,displacement_elevation_exog_v1,7,17dac7c5985891f27905e7056b45626a0d6f4dbf34f336534c17bb76ecd32f09,47,0.15775343775749207,0.06416862457990646
4,1,displacement_elevation_exog_v1,7,17dac7c5985891f27905e7056b45626a0d6f4dbf34f336534c17bb76ecd32f09,48,0.15642771124839783,0.06563737988471985
4,1,displacement_elevation_exog_v1,7,17dac7c5985891f27905e7056b45626a0d6f4dbf34f336534c17bb76ecd32f09,49,0.1550177037715912,0.06587887555360794
4,1,displacement_elevation_exog_v1,7,17dac7c5985891f27905e7056b45626a0d6f4dbf34f336534c17bb76ecd32f09,50,0.15355537831783295,0.06560710072517395
4,1,displacement_elevation_exog_v1,7,17dac7c5985891f27905e7056b45626a0d6f4dbf34f336534c17bb76ecd32f09,51,0.1520557701587677,0.06604516506195068
4,1,displacement_elevation_exog_v1,7,17dac7c5985891f27905e7056b45626a0d6f4dbf34f336534c17bb76ecd32f09,52,0.15051579475402832,0.06438829004764557
4,1,displacement_elevation_exog_v1,7,17dac7c5985891f27905e7056b45626a0d6f4dbf34f336534c17bb76ecd32f09,53,0.14899833500385284,0.0633571669459343
4,1,displacement_elevation_exog_v1,7,17dac7c5985891f27905e7056b45626a0d6f4dbf34f336534c17bb76ecd32f09,54,0.14754803478717804,0.06530943512916565
4,1,displacement_elevation_exog_v1,7,17dac7c5985891f27905e7056b45626a0d6f4dbf34f336534c17bb76ecd32f09,55,0.14616937935352325,0.06893221288919449
4,1,displacement_elevation_exog_v1,7,17dac7c5985891f27905e7056b45626a0d6f4dbf34f336534c17bb76ecd32f09,56,0.14479736983776093,0.07357445359230042
4,1,displacement_elevation_exog_v1,7,17dac7c5985891f27905e7056b45626a0d6f4dbf34f336534c17bb76ecd32f09,57,0.1434049755334854,0.07361022382974625
4,1,displacement_elevation_exog_v1,7,17dac7c5985891f27905e7056b45626a0d6f4dbf34f336534c17bb76ecd32f09,58,0.14199243485927582,0.07468871027231216
4,1,displacement_elevation_exog_v1,7,17dac7c5985891f27905e7056b45626a0d6f4dbf34f336534c17bb76ecd32f09,59,0.14053738117218018,0.0749836266040802
4,1,displacement_elevation_exog_v1,7,17dac7c5985891f27905e7056b45626a0d6f4dbf34f336534c17bb76ecd32f09,60,0.1390588879585266,0.07132569700479507
4,1,displacement_elevation_exog_v1,7,17dac7c5985891f27905e7056b45626a0d6f4dbf34f336534c17bb76ecd32f09,61,0.13760028779506683,0.06994947791099548
4,1,displacement_elevation_exog_v1,7,17dac7c5985891f27905e7056b45626a0d6f4dbf34f336534c17bb76ecd32f09,62,0.13613204658031464,0.06582186371088028
4,1,displacement_elevation_exog_v1,7,17dac7c5985891f27905e7056b45626a0d6f4dbf34f336534c17bb76ecd32f09,63,0.13463802635669708,0.06666234880685806
4,1,displacement_elevation_exog_v1,7,17dac7c5985891f27905e7056b45626a0d6f4dbf34f336534c17bb76ecd32f09,64,0.1331581026315689,0.06847547739744186
4,1,displacement_elevation_exog_v1,7,17dac7c5985891f27905e7056b45626a0d6f4dbf34f336534c17bb76ecd32f09,65,0.13173110783100128,0.07370518147945404
4,1,displacement_elevation_exog_v1,7,17dac7c5985891f27905e7056b45626a0d6f4dbf34f336534c17bb76ecd32f09,66,0.13030163943767548,0.06772275269031525
4,1,displacement_elevation_exog_v1,7,17dac7c5985891f27905e7056b45626a0d6f4dbf34f336534c17bb76ecd32f09,67,0.12897399067878723,0.0760672464966774
4,1,displacement_elevation_exog_v1,7,17dac7c5985891f27905e7056b45626a0d6f4dbf34f336534c17bb76ecd32f09,68,0.12758517265319824,0.06901783496141434
4,1,displacement_elevation_exog_v1,7,17dac7c5985891f27905e7056b45626a0d6f4dbf34f336534c17bb76ecd32f09,69,0.12633417546749115,0.09822408854961395
4,1,displacement_elevation_exog_v1,7,17dac7c5985891f27905e7056b45626a0d6f4dbf34f336534c17bb76ecd32f09,70,0.12499012053012848,0.06486833840608597
4,1,displacement_elevation_exog_v1,7,17dac7c5985891f27905e7056b45626a0d6f4dbf34f336534c17bb76ecd32f09,71,0.12382117658853531,0.06705313920974731
4,1,displacement_elevation_exog_v1,7,17dac7c5985891f27905e7056b45626a0d6f4dbf34f336534c17bb76ecd32f09,72,0.12266319990158081,0.068938709795475
4,1,displacement_elevation_exog_v1,7,17dac7c5985891f27905e7056b45626a0d6f4dbf34f336534c17bb76ecd32f09,73,0.12151938676834106,0.06833178550004959
4,1,displacement_elevation_exog_v1,7,17dac7c5985891f27905e7056b45626a0d6f4dbf34f336534c17bb76ecd32f09,74,0.12039532512426376,0.0760854110121727
4,1,displacement_elevation_exog_v1,7,17dac7c5985891f27905e7056b45626a0d6f4dbf34f336534c17bb76ecd32f09,75,0.11922009289264679,0.06754737347364426
4,1,displacement_elevation_exog_v1,7,17dac7c5985891f27905e7056b45626a0d6f4dbf34f336534c17bb76ecd32f09,76,0.1180347427725792,0.06650162488222122
4,1,displacement_elevation_exog_v1,7,17dac7c5985891f27905e7056b45626a0d6f4dbf34f336534c17bb76ecd32f09,77,0.11685577034950256,0.06051198020577431
4,1,displacement_elevation_exog_v1,7,17dac7c5985891f27905e7056b45626a0d6f4dbf34f336534c17bb76ecd32f09,78,0.11582819372415543,0.07525141537189484
4,1,displacement_elevation_exog_v1,7,17dac7c5985891f27905e7056b45626a0d6f4dbf34f336534c17bb76ecd32f09,79,0.11483605206012726,0.06913115829229355
4,1,displacement_elevation_exog_v1,7,17dac7c5985891f27905e7056b45626a0d6f4dbf34f336534c17bb76ecd32f09,80,0.11379461735486984,0.06861365586519241
4,1,displacement_elevation_exog_v1,7,17dac7c5985891f27905e7056b45626a0d6f4dbf34f336534c17bb76ecd32f09,81,0.11272970587015152,0.06693132221698761
4,1,displacement_elevation_exog_v1,7,17dac7c5985891f27905e7056b45626a0d6f4dbf34f336534c17bb76ecd32f09,82,0.11172042787075043,0.0674746111035347
4,1,displacement_elevation_exog_v1,7,17dac7c5985891f27905e7056b45626a0d6f4dbf34f336534c17bb76ecd32f09,83,0.110739566385746,0.08076082915067673
4,1,displacement_elevation_exog_v1,7,17dac7c5985891f27905e7056b45626a0d6f4dbf34f336534c17bb76ecd32f09,84,0.10967409610748291,0.06868185102939606
4,1,displacement_elevation_exog_v1,7,17dac7c5985891f27905e7056b45626a0d6f4dbf34f336534c17bb76ecd32f09,85,0.10859128832817078,0.07053985446691513
4,1,displacement_elevation_exog_v1,7,17dac7c5985891f27905e7056b45626a0d6f4dbf34f336534c17bb76ecd32f09,86,0.10744043439626694,0.06607485562562943
4,1,displacement_elevation_exog_v1,7,17dac7c5985891f27905e7056b45626a0d6f4dbf34f336534c17bb76ecd32f09,87,0.10627493262290955,0.06494628638029099
4,1,displacement_elevation_exog_v1,7,17dac7c5985891f27905e7056b45626a0d6f4dbf34f336534c17bb76ecd32f09,88,0.10515641421079636,0.0688062459230423
4,1,displacement_elevation_exog_v1,7,17dac7c5985891f27905e7056b45626a0d6f4dbf34f336534c17bb76ecd32f09,89,0.1040886864066124,0.0749378576874733
4,1,displacement_elevation_exog_v1,7,17dac7c5985891f27905e7056b45626a0d6f4dbf34f336534c17bb76ecd32f09,90,0.10300949960947037,0.07428044080734253
4,1,displacement_elevation_exog_v1,7,17dac7c5985891f27905e7056b45626a0d6f4dbf34f336534c17bb76ecd32f09,91,0.10190282762050629,0.07239170372486115
4,1,displacement_elevation_exog_v1,7,17dac7c5985891f27905e7056b45626a0d6f4dbf34f336534c17bb76ecd32f09,92,0.10083186626434326,0.07046486437320709
4,1,displacement_elevation_exog_v1,7,17dac7c5985891f27905e7056b45626a0d6f4dbf34f336534c17bb76ecd32f09,93,0.09980612248182297,0.07306621223688126
4,1,displacement_elevation_exog_v1,7,17dac7c5985891f27905e7056b45626a0d6f4dbf34f336534c17bb76ecd32f09,94,0.09878357499837875,0.07323772460222244
4,1,displacement_elevation_exog_v1,7,17dac7c5985891f27905e7056b45626a0d6f4dbf34f336534c17bb76ecd32f09,95,0.09776169061660767,0.07513133436441422
4,1,displacement_elevation_exog_v1,7,17dac7c5985891f27905e7056b45626a0d6f4dbf34f336534c17bb76ecd32f09,96,0.09672894328832626,0.07402484863996506
4,1,displacement_elevation_exog_v1,7,17dac7c5985891f27905e7056b45626a0d6f4dbf34f336534c17bb76ecd32f09,97,0.09571931511163712,0.07573140412569046
4,1,displacement_elevation_exog_v1,7,17dac7c5985891f27905e7056b45626a0d6f4dbf34f336534c17bb76ecd32f09,98,0.09473679959774017,0.07290124148130417
4,1,displacement_elevation_exog_v1,7,17dac7c5985891f27905e7056b45626a0d6f4dbf34f336534c17bb76ecd32f09,99,0.093773752450943,0.07222940027713776
4,1,displacement_elevation_exog_v1,7,17dac7c5985891f27905e7056b45626a0d6f4dbf34f336534c17bb76ecd32f09,100,0.09281141310930252,0.07021275162696838
4,1,displacement_elevation_exog_v1,7,17dac7c5985891f27905e7056b45626a0d6f4dbf34f336534c17bb76ecd32f09,101,0.09185364842414856,0.06911361217498779
4,1,displacement_elevation_exog_v1,7,17dac7c5985891f27905e7056b45626a0d6f4dbf34f336534c17bb76ecd32f09,102,0.09091775864362717,0.06930085271596909
4,1,displacement_elevation_exog_v1,7,17dac7c5985891f27905e7056b45626a0d6f4dbf34f336534c17bb76ecd32f09,103,0.09000086784362793,0.06729045510292053
4,1,displacement_elevation_exog_v1,7,17dac7c5985891f27905e7056b45626a0d6f4dbf34f336534c17bb76ecd32f09,104,0.08910035341978073,0.06784605979919434
4,1,displacement_elevation_exog_v1,7,17dac7c5985891f27905e7056b45626a0d6f4dbf34f336534c17bb76ecd32f09,105,0.08819631487131119,0.06291864067316055
4,1,displacement_elevation_exog_v1,7,17dac7c5985891f27905e7056b45626a0d6f4dbf34f336534c17bb76ecd32f09,106,0.08732560276985168,0.06303061544895172
4,1,displacement_elevation_exog_v1,7,17dac7c5985891f27905e7056b45626a0d6f4dbf34f336534c17bb76ecd32f09,107,0.08647295087575912,0.0624680258333683
4,1,displacement_elevation_exog_v1,7,17dac7c5985891f27905e7056b45626a0d6f4dbf34f336534c17bb76ecd32f09,108,0.0856352299451828,0.059242669492959976
4,1,displacement_elevation_exog_v1,7,17dac7c5985891f27905e7056b45626a0d6f4dbf34f336534c17bb76ecd32f09,109,0.08479347825050354,0.05668969452381134
4,1,displacement_elevation_exog_v1,7,17dac7c5985891f27905e7056b45626a0d6f4dbf34f336534c17bb76ecd32f09,110,0.08396220207214355,0.059286609292030334
4,1,displacement_elevation_exog_v1,7,17dac7c5985891f27905e7056b45626a0d6f4dbf34f336534c17bb76ecd32f09,111,0.0831325501203537,0.059628989547491074
4,1,displacement_elevation_exog_v1,7,17dac7c5985891f27905e7056b45626a0d6f4dbf34f336534c17bb76ecd32f09,112,0.08235763013362885,0.06066136062145233
4,1,displacement_elevation_exog_v1,7,17dac7c5985891f27905e7056b45626a0d6f4dbf34f336534c17bb76ecd32f09,113,0.08160270750522614,0.06255868822336197
4,1,displacement_elevation_exog_v1,7,17dac7c5985891f27905e7056b45626a0d6f4dbf34f336534c17bb76ecd32f09,114,0.08084199577569962,0.057000357657670975
4,1,displacement_elevation_exog_v1,7,17dac7c5985891f27905e7056b45626a0d6f4dbf34f336534c17bb76ecd32f09,115,0.08012644201517105,0.06491987407207489
4,1,displacement_elevation_exog_v1,7,17dac7c5985891f27905e7056b45626a0d6f4dbf34f336534c17bb76ecd32f09,116,0.07938770204782486,0.0625494122505188
4,1,displacement_elevation_exog_v1,7,17dac7c5985891f27905e7056b45626a0d6f4dbf34f336534c17bb76ecd32f09,117,0.07867849618196487,0.057314544916152954
4,1,displacement_elevation_exog_v1,7,17dac7c5985891f27905e7056b45626a0d6f4dbf34f336534c17bb76ecd32f09,118,0.07800542563199997,0.06187005713582039
4,1,displacement_elevation_exog_v1,7,17dac7c5985891f27905e7056b45626a0d6f4dbf34f336534c17bb76ecd32f09,119,0.07737229764461517,0.08707037568092346
4,1,displacement_elevation_exog_v1,7,17dac7c5985891f27905e7056b45626a0d6f4dbf34f336534c17bb76ecd32f09,120,0.07680054754018784,0.1003885418176651
4,2,displacement_elevation_exog_v1,7,17dac7c5985891f27905e7056b45626a0d6f4dbf34f336534c17bb76ecd32f09,1,0.28579720854759216,0.28558531403541565
4,2,displacement_elevation_exog_v1,7,17dac7c5985891f27905e7056b45626a0d6f4dbf34f336534c17bb76ecd32f09,2,0.2814100980758667,0.27857980132102966
4,2,displacement_elevation_exog_v1,7,17dac7c5985891f27905e7056b45626a0d6f4dbf34f336534c17bb76ecd32f09,3,0.27732011675834656,0.2720552384853363
4,2,displacement_elevation_exog_v1,7,17dac7c5985891f27905e7056b45626a0d6f4dbf34f336534c17bb76ecd32f09,4,0.2733475863933563,0.264215886592865
4,2,displacement_elevation_exog_v1,7,17dac7c5985891f27905e7056b45626a0d6f4dbf34f336534c17bb76ecd32f09,5,0.26942741870880127,0.25614336133003235
4,2,displacement_elevation_exog_v1,7,17dac7c5985891f27905e7056b45626a0d6f4dbf34f336534c17bb76ecd32f09,6,0.2654428780078888,0.25197234749794006
4,2,displacement_elevation_exog_v1,7,17dac7c5985891f27905e7056b45626a0d6f4dbf34f336534c17bb76ecd32f09,7,0.26131054759025574,0.24784500896930695
4,2,displacement_elevation_exog_v1,7,17dac7c5985891f27905e7056b45626a0d6f4dbf34f336534c17bb76ecd32f09,8,0.2569985091686249,0.24452616274356842
4,2,displacement_elevation_exog_v1,7,17dac7c5985891f27905e7056b45626a0d6f4dbf34f336534c17bb76ecd32f09,9,0.25248444080352783,0.23783020675182343
4,2,displacement_elevation_exog_v1,7,17dac7c5985891f27905e7056b45626a0d6f4dbf34f336534c17bb76ecd32f09,10,0.24784789979457855,0.2264222502708435
4,2,displacement_elevation_exog_v1,7,17dac7c5985891f27905e7056b45626a0d6f4dbf34f336534c17bb76ecd32f09,11,0.2431020438671112,0.21536968648433685
4,2,displacement_elevation_exog_v1,7,17dac7c5985891f27905e7056b45626a0d6f4dbf34f336534c17bb76ecd32f09,12,0.23822280764579773,0.2022005319595337
4,2,displacement_elevation_exog_v1,7,17dac7c5985891f27905e7056b45626a0d6f4dbf34f336534c17bb76ecd32f09,13,0.23334699869155884,0.1840754598379135
4,2,displacement_elevation_exog_v1,7,17dac7c5985891f27905e7056b45626a0d6f4dbf34f336534c17bb76ecd32f09,14,0.22857283055782318,0.17053325474262238
4,2,displacement_elevation_exog_v1,7,17dac7c5985891f27905e7056b45626a0d6f4dbf34f336534c17bb76ecd32f09,15,0.2238098531961441,0.15955016016960144
4,2,displacement_elevation_exog_v1,7,17dac7c5985891f27905e7056b45626a0d6f4dbf34f336534c17bb76ecd32f09,16,0.21909385919570923,0.14624379575252533
4,2,displacement_elevation_exog_v1,7,17dac7c5985891f27905e7056b45626a0d6f4dbf34f336534c17bb76ecd32f09,17,0.21460029482841492,0.13144411146640778
4,2,displacement_elevation_exog_v1,7,17dac7c5985891f27905e7056b45626a0d6f4dbf34f336534c17bb76ecd32f09,18,0.21050846576690674,0.11478246003389359
4,2,displacement_elevation_exog_v1,7,17dac7c5985891f27905e7056b45626a0d6f4dbf34f336534c17bb76ecd32f09,19,0.2069927453994751,0.09575139731168747
4,2,displacement_elevation_exog_v1,7,17dac7c5985891f27905e7056b45626a0d6f4dbf34f336534c17bb76ecd32f09,20,0.2041483223438263,0.07976534217596054
4,2,displacement_elevation_exog_v1,7,17dac7c5985891f27905e7056b45626a0d6f4dbf34f336534c17bb76ecd32f09,21,0.2018837034702301,0.06732688844203949
4,2,displacement_elevation_exog_v1,7,17dac7c5985891f27905e7056b45626a0d6f4dbf34f336534c17bb76ecd32f09,22,0.20025406777858734,0.06378266215324402
4,2,displacement_elevation_exog_v1,7,17dac7c5985891f27905e7056b45626a0d6f4dbf34f336534c17bb76ecd32f09,23,0.19941172003746033,0.07978948950767517
4,2,displacement_elevation_exog_v1,7,17dac7c5985891f27905e7056b45626a0d6f4dbf34f336534c17bb76ecd32f09,24,0.1985144168138504,0.09300757944583893
4,2,displacement_elevation_exog_v1,7,17dac7c5985891f27905e7056b45626a0d6f4dbf34f336534c17bb76ecd32f09,25,0.1971757709980011,0.09910458326339722
4,2,displacement_elevation_exog_v1,7,17dac7c5985891f27905e7056b45626a0d6f4dbf34f336534c17bb76ecd32f09,26,0.19536252319812775,0.09404057264328003
4,2,displacement_elevation_exog_v1,7,17dac7c5985891f27905e7056b45626a0d6f4dbf34f336534c17bb76ecd32f09,27,0.19325000047683716,0.08118797838687897
4,2,displacement_elevation_exog_v1,7,17dac7c5985891f27905e7056b45626a0d6f4dbf34f336534c17bb76ecd32f09,28,0.19111980497837067,0.06758493185043335
4,2,displacement_elevation_exog_v1,7,17dac7c5985891f27905e7056b45626a0d6f4dbf34f336534c17bb76ecd32f09,29,0.18916261196136475,0.056864239275455475
4,2,displacement_elevation_exog_v1,7,17dac7c5985891f27905e7056b45626a0d6f4dbf34f336534c17bb76ecd32f09,30,0.18742403388023376,0.05359020456671715
4,2,displacement_elevation_exog_v1,7,17dac7c5985891f27905e7056b45626a0d6f4dbf34f336534c17bb76ecd32f09,31,0.18582949042320251,0.0544828325510025
4,2,displacement_elevation_exog_v1,7,17dac7c5985891f27905e7056b45626a0d6f4dbf34f336534c17bb76ecd32f09,32,0.18429408967494965,0.05725764110684395
4,2,displacement_elevation_exog_v1,7,17dac7c5985891f27905e7056b45626a0d6f4dbf34f336534c17bb76ecd32f09,33,0.1827649474143982,0.060286033898591995
4,2,displacement_elevation_exog_v1,7,17dac7c5985891f27905e7056b45626a0d6f4dbf34f336534c17bb76ecd32f09,34,0.18122830986976624,0.06090621277689934
4,2,displacement_elevation_exog_v1,7,17dac7c5985891f27905e7056b45626a0d6f4dbf34f336534c17bb76ecd32f09,35,0.1797650158405304,0.06522142142057419
4,2,displacement_elevation_exog_v1,7,17dac7c5985891f27905e7056b45626a0d6f4dbf34f336534c17bb76ecd32f09,36,0.17831142246723175,0.07089100033044815
4,2,displacement_elevation_exog_v1,7,17dac7c5985891f27905e7056b45626a0d6f4dbf34f336534c17bb76ecd32f09,37,0.17680881917476654,0.07328587025403976
4,2,displacement_elevation_exog_v1,7,17dac7c5985891f27905e7056b45626a0d6f4dbf34f336534c17bb76ecd32f09,38,0.1752224862575531,0.07408790290355682
4,2,displacement_elevation_exog_v1,7,17dac7c5985891f27905e7056b45626a0d6f4dbf34f336534c17bb76ecd32f09,39,0.17355972528457642,0.07361835986375809
4,2,displacement_elevation_exog_v1,7,17dac7c5985891f27905e7056b45626a0d6f4dbf34f336534c17bb76ecd32f09,40,0.17184880375862122,0.0703866183757782
4,2,displacement_elevation_exog_v1,7,17dac7c5985891f27905e7056b45626a0d6f4dbf34f336534c17bb76ecd32f09,41,0.17015457153320312,0.06749209016561508
4,2,displacement_elevation_exog_v1,7,17dac7c5985891f27905e7056b45626a0d6f4dbf34f336534c17bb76ecd32f09,42,0.1684771031141281,0.06567297875881195
4,2,displacement_elevation_exog_v1,7,17dac7c5985891f27905e7056b45626a0d6f4dbf34f336534c17bb76ecd32f09,43,0.1668388694524765,0.06400357931852341
4,2,displacement_elevation_exog_v1,7,17dac7c5985891f27905e7056b45626a0d6f4dbf34f336534c17bb76ecd32f09,44,0.16520486772060394,0.062025606632232666
4,2,displacement_elevation_exog_v1,7,17dac7c5985891f27905e7056b45626a0d6f4dbf34f336534c17bb76ecd32f09,45,0.1635444015264511,0.061453238129615784
4,2,displacement_elevation_exog_v1,7,17dac7c5985891f27905e7056b45626a0d6f4dbf34f336534c17bb76ecd32f09,46,0.1618628203868866,0.06048275902867317
4,2,displacement_elevation_exog_v1,7,17dac7c5985891f27905e7056b45626a0d6f4dbf34f336534c17bb76ecd32f09,47,0.16014665365219116,0.05970757082104683
4,2,displacement_elevation_exog_v1,7,17dac7c5985891f27905e7056b45626a0d6f4dbf34f336534c17bb76ecd32f09,48,0.1583775132894516,0.061739034950733185
4,2,displacement_elevation_exog_v1,7,17dac7c5985891f27905e7056b45626a0d6f4dbf34f336534c17bb76ecd32f09,49,0.15654990077018738,0.06275274604558945
4,2,displacement_elevation_exog_v1,7,17dac7c5985891f27905e7056b45626a0d6f4dbf34f336534c17bb76ecd32f09,50,0.15475620329380035,0.06426952034235
4,2,displacement_elevation_exog_v1,7,17dac7c5985891f27905e7056b45626a0d6f4dbf34f336534c17bb76ecd32f09,51,0.15303939580917358,0.06824371218681335
4,2,displacement_elevation_exog_v1,7,17dac7c5985891f27905e7056b45626a0d6f4dbf34f336534c17bb76ecd32f09,52,0.15128837525844574,0.0688420981168747
4,2,displacement_elevation_exog_v1,7,17dac7c5985891f27905e7056b45626a0d6f4dbf34f336534c17bb76ecd32f09,53,0.1495039463043213,0.06830288469791412
4,2,displacement_elevation_exog_v1,7,17dac7c5985891f27905e7056b45626a0d6f4dbf34f336534c17bb76ecd32f09,54,0.1477901041507721,0.07360394299030304
4,2,displacement_elevation_exog_v1,7,17dac7c5985891f27905e7056b45626a0d6f4dbf34f336534c17bb76ecd32f09,55,0.14609108865261078,0.07804378122091293
4,2,displacement_elevation_exog_v1,7,17dac7c5985891f27905e7056b45626a0d6f4dbf34f336534c17bb76ecd32f09,56,0.14432963728904724,0.07966188341379166
4,2,displacement_elevation_exog_v1,7,17dac7c5985891f27905e7056b45626a0d6f4dbf34f336534c17bb76ecd32f09,57,0.14256316423416138,0.07821311056613922
4,2,displacement_elevation_exog_v1,7,17dac7c5985891f27905e7056b45626a0d6f4dbf34f336534c17bb76ecd32f09,58,0.14078404009342194,0.07584404200315475
4,2,displacement_elevation_exog_v1,7,17dac7c5985891f27905e7056b45626a0d6f4dbf34f336534c17bb76ecd32f09,59,0.13904644548892975,0.07351016998291016
4,2,displacement_elevation_exog_v1,7,17dac7c5985891f27905e7056b45626a0d6f4dbf34f336534c17bb76ecd32f09,60,0.13740408420562744,0.06582552194595337
4,2,displacement_elevation_exog_v1,7,17dac7c5985891f27905e7056b45626a0d6f4dbf34f336534c17bb76ecd32f09,61,0.13594941794872284,0.06389867514371872
4,2,displacement_elevation_exog_v1,7,17dac7c5985891f27905e7056b45626a0d6f4dbf34f336534c17bb76ecd32f09,62,0.13460995256900787,0.06901498138904572
4,2,displacement_elevation_exog_v1,7,17dac7c5985891f27905e7056b45626a0d6f4dbf34f336534c17bb76ecd32f09,63,0.13322874903678894,0.07266956567764282
4,2,displacement_elevation_exog_v1,7,17dac7c5985891f27905e7056b45626a0d6f4dbf34f336534c17bb76ecd32f09,64,0.13178318738937378,0.0665135383605957
4,2,displacement_elevation_exog_v1,7,17dac7c5985891f27905e7056b45626a0d6f4dbf34f336534c17bb76ecd32f09,65,0.1304081678390503,0.06621739268302917
4,2,displacement_elevation_exog_v1,7,17dac7c5985891f27905e7056b45626a0d6f4dbf34f336534c17bb76ecd32f09,66,0.12914130091667175,0.06620272994041443
4,2,displacement_elevation_exog_v1,7,17dac7c5985891f27905e7056b45626a0d6f4dbf34f336534c17bb76ecd32f09,67,0.12791752815246582,0.06765042245388031
4,2,displacement_elevation_exog_v1,7,17dac7c5985891f27905e7056b45626a0d6f4dbf34f336534c17bb76ecd32f09,68,0.1266833245754242,0.0633687749505043
4,2,displacement_elevation_exog_v1,7,17dac7c5985891f27905e7056b45626a0d6f4dbf34f336534c17bb76ecd32f09,69,0.1254587173461914,0.060257699340581894
4,2,displacement_elevation_exog_v1,7,17dac7c5985891f27905e7056b45626a0d6f4dbf34f336534c17bb76ecd32f09,70,0.12429305911064148,0.05842702090740204
4,2,displacement_elevation_exog_v1,7,17dac7c5985891f27905e7056b45626a0d6f4dbf34f336534c17bb76ecd32f09,71,0.12321854382753372,0.05836307629942894
4,2,displacement_elevation_exog_v1,7,17dac7c5985891f27905e7056b45626a0d6f4dbf34f336534c17bb76ecd32f09,72,0.12217115610837936,0.056760549545288086
4,2,displacement_elevation_exog_v1,7,17dac7c5985891f27905e7056b45626a0d6f4dbf34f336534c17bb76ecd32f09,73,0.12114343047142029,0.052781302481889725
4,2,displacement_elevation_exog_v1,7,17dac7c5985891f27905e7056b45626a0d6f4dbf34f336534c17bb76ecd32f09,74,0.12014587223529816,0.05119331181049347
4,2,displacement_elevation_exog_v1,7,17dac7c5985891f27905e7056b45626a0d6f4dbf34f336534c17bb76ecd32f09,75,0.11917287111282349,0.05184050649404526
4,2,displacement_elevation_exog_v1,7,17dac7c5985891f27905e7056b45626a0d6f4dbf34f336534c17bb76ecd32f09,76,0.11822596192359924,0.0493217296898365
4,2,displacement_elevation_exog_v1,7,17dac7c5985891f27905e7056b45626a0d6f4dbf34f336534c17bb76ecd32f09,77,0.11733747273683548,0.04835272952914238
4,2,displacement_elevation_exog_v1,7,17dac7c5985891f27905e7056b45626a0d6f4dbf34f336534c17bb76ecd32f09,78,0.1165001168847084,0.04956137761473656
4,2,displacement_elevation_exog_v1,7,17dac7c5985891f27905e7056b45626a0d6f4dbf34f336534c17bb76ecd32f09,79,0.11569198966026306,0.04831703379750252
4,2,displacement_elevation_exog_v1,7,17dac7c5985891f27905e7056b45626a0d6f4dbf34f336534c17bb76ecd32f09,80,0.11491289734840393,0.04476704075932503
4,2,displacement_elevation_exog_v1,7,17dac7c5985891f27905e7056b45626a0d6f4dbf34f336534c17bb76ecd32f09,81,0.11419042199850082,0.043972283601760864
4,2,displacement_elevation_exog_v1,7,17dac7c5985891f27905e7056b45626a0d6f4dbf34f336534c17bb76ecd32f09,82,0.11349467933177948,0.04449544474482536
4,2,displacement_elevation_exog_v1,7,17dac7c5985891f27905e7056b45626a0d6f4dbf34f336534c17bb76ecd32f09,83,0.1128120869398117,0.04794028773903847
4,2,displacement_elevation_exog_v1,7,17dac7c5985891f27905e7056b45626a0d6f4dbf34f336534c17bb76ecd32f09,84,0.11213180422782898,0.04930594190955162
4,2,displacement_elevation_exog_v1,7,17dac7c5985891f27905e7056b45626a0d6f4dbf34f336534c17bb76ecd32f09,85,0.11143767833709717,0.04916439950466156
4,2,displacement_elevation_exog_v1,7,17dac7c5985891f27905e7056b45626a0d6f4dbf34f336534c17bb76ecd32f09,86,0.11070893704891205,0.048417821526527405
4,2,displacement_elevation_exog_v1,7,17dac7c5985891f27905e7056b45626a0d6f4dbf34f336534c17bb76ecd32f09,87,0.10995117574930191,0.047616418451070786
4,2,displacement_elevation_exog_v1,7,17dac7c5985891f27905e7056b45626a0d6f4dbf34f336534c17bb76ecd32f09,88,0.10918755829334259,0.045197635889053345
4,2,displacement_elevation_exog_v1,7,17dac7c5985891f27905e7056b45626a0d6f4dbf34f336534c17bb76ecd32f09,89,0.10842830687761307,0.044523946940898895
4,2,displacement_elevation_exog_v1,7,17dac7c5985891f27905e7056b45626a0d6f4dbf34f336534c17bb76ecd32f09,90,0.10766438394784927,0.043310895562171936
4,2,displacement_elevation_exog_v1,7,17dac7c5985891f27905e7056b45626a0d6f4dbf34f336534c17bb76ecd32f09,91,0.10690289735794067,0.04363485053181648
4,2,displacement_elevation_exog_v1,7,17dac7c5985891f27905e7056b45626a0d6f4dbf34f336534c17bb76ecd32f09,92,0.10615846514701843,0.044600509107112885
4,2,displacement_elevation_exog_v1,7,17dac7c5985891f27905e7056b45626a0d6f4dbf34f336534c17bb76ecd32f09,93,0.1054319366812706,0.04476730152964592
4,2,displacement_elevation_exog_v1,7,17dac7c5985891f27905e7056b45626a0d6f4dbf34f336534c17bb76ecd32f09,94,0.10473725199699402,0.04837436601519585
4,2,displacement_elevation_exog_v1,7,17dac7c5985891f27905e7056b45626a0d6f4dbf34f336534c17bb76ecd32f09,95,0.10404276847839355,0.04543188959360123
4,2,displacement_elevation_exog_v1,7,17dac7c5985891f27905e7056b45626a0d6f4dbf34f336534c17bb76ecd32f09,96,0.1033531129360199,0.047518983483314514
4,2,displacement_elevation_exog_v1,7,17dac7c5985891f27905e7056b45626a0d6f4dbf34f336534c17bb76ecd32f09,97,0.10265469551086426,0.04747665673494339
4,2,displacement_elevation_exog_v1,7,17dac7c5985891f27905e7056b45626a0d6f4dbf34f336534c17bb76ecd32f09,98,0.10193681716918945,0.04631277918815613
4,2,displacement_elevation_exog_v1,7,17dac7c5985891f27905e7056b45626a0d6f4dbf34f336534c17bb76ecd32f09,99,0.10122078657150269,0.047009341418743134
4,2,displacement_elevation_exog_v1,7,17dac7c5985891f27905e7056b45626a0d6f4dbf34f336534c17bb76ecd32f09,100,0.1005045548081398,0.04506319388747215
4,2,displacement_elevation_exog_v1,7,17dac7c5985891f27905e7056b45626a0d6f4dbf34f336534c17bb76ecd32f09,101,0.09980235248804092,0.046909037977457047
4,2,displacement_elevation_exog_v1,7,17dac7c5985891f27905e7056b45626a0d6f4dbf34f336534c17bb76ecd32f09,102,0.09909151494503021,0.04785627871751785
4,2,displacement_elevation_exog_v1,7,17dac7c5985891f27905e7056b45626a0d6f4dbf34f336534c17bb76ecd32f09,103,0.09837658703327179,0.048322826623916626
4,2,displacement_elevation_exog_v1,7,17dac7c5985891f27905e7056b45626a0d6f4dbf34f336534c17bb76ecd32f09,104,0.09763521701097488,0.050140105187892914
4,2,displacement_elevation_exog_v1,7,17dac7c5985891f27905e7056b45626a0d6f4dbf34f336534c17bb76ecd32f09,105,0.09684929251670837,0.052059851586818695
4,2,displacement_elevation_exog_v1,7,17dac7c5985891f27905e7056b45626a0d6f4dbf34f336534c17bb76ecd32f09,106,0.09605102241039276,0.05112752318382263
4,2,displacement_elevation_exog_v1,7,17dac7c5985891f27905e7056b45626a0d6f4dbf34f336534c17bb76ecd32f09,107,0.09529102593660355,0.053393807262182236
4,2,displacement_elevation_exog_v1,7,17dac7c5985891f27905e7056b45626a0d6f4dbf34f336534c17bb76ecd32f09,108,0.0945354551076889,0.05411585792899132
4,2,displacement_elevation_exog_v1,7,17dac7c5985891f27905e7056b45626a0d6f4dbf34f336534c17bb76ecd32f09,109,0.09379880875349045,0.05194338038563728
4,2,displacement_elevation_exog_v1,7,17dac7c5985891f27905e7056b45626a0d6f4dbf34f336534c17bb76ecd32f09,110,0.0930793508887291,0.05042712762951851
4,2,displacement_elevation_exog_v1,7,17dac7c5985891f27905e7056b45626a0d6f4dbf34f336534c17bb76ecd32f09,111,0.09236197918653488,0.04967208206653595
4,2,displacement_elevation_exog_v1,7,17dac7c5985891f27905e7056b45626a0d6f4dbf34f336534c17bb76ecd32f09,112,0.09163713455200195,0.05015302821993828
4,2,displacement_elevation_exog_v1,7,17dac7c5985891f27905e7056b45626a0d6f4dbf34f336534c17bb76ecd32f09,113,0.09090089797973633,0.048012759536504745
4,2,displacement_elevation_exog_v1,7,17dac7c5985891f27905e7056b45626a0d6f4dbf34f336534c17bb76ecd32f09,114,0.09016011655330658,0.04791730269789696
4,2,displacement_elevation_exog_v1,7,17dac7c5985891f27905e7056b45626a0d6f4dbf34f336534c17bb76ecd32f09,115,0.0894174575805664,0.046686701476573944
4,2,displacement_elevation_exog_v1,7,17dac7c5985891f27905e7056b45626a0d6f4dbf34f336534c17bb76ecd32f09,116,0.08869073539972305,0.04829947650432587
4,2,displacement_elevation_exog_v1,7,17dac7c5985891f27905e7056b45626a0d6f4dbf34f336534c17bb76ecd32f09,117,0.08798829466104507,0.04881169646978378
4,2,displacement_elevation_exog_v1,7,17dac7c5985891f27905e7056b45626a0d6f4dbf34f336534c17bb76ecd32f09,118,0.08729778230190277,0.05189540982246399
4,2,displacement_elevation_exog_v1,7,17dac7c5985891f27905e7056b45626a0d6f4dbf34f336534c17bb76ecd32f09,119,0.08660450577735901,0.047178443521261215
4,2,displacement_elevation_exog_v1,7,17dac7c5985891f27905e7056b45626a0d6f4dbf34f336534c17bb76ecd32f09,120,0.08593067526817322,0.04521435499191284
4,3,displacement_elevation_exog_v1,7,17dac7c5985891f27905e7056b45626a0d6f4dbf34f336534c17bb76ecd32f09,1,0.25613442063331604,0.2506400942802429
4,3,displacement_elevation_exog_v1,7,17dac7c5985891f27905e7056b45626a0d6f4dbf34f336534c17bb76ecd32f09,2,0.2522124648094177,0.24307113885879517
4,3,displacement_elevation_exog_v1,7,17dac7c5985891f27905e7056b45626a0d6f4dbf34f336534c17bb76ecd32f09,3,0.24855834245681763,0.23371785879135132
4,3,displacement_elevation_exog_v1,7,17dac7c5985891f27905e7056b45626a0d6f4dbf34f336534c17bb76ecd32f09,4,0.24506926536560059,0.22836165130138397
4,3,displacement_elevation_exog_v1,7,17dac7c5985891f27905e7056b45626a0d6f4dbf34f336534c17bb76ecd32f09,5,0.2415919303894043,0.22121596336364746
4,3,displacement_elevation_exog_v1,7,17dac7c5985891f27905e7056b45626a0d6f4dbf34f336534c17bb76ecd32f09,6,0.23812970519065857,0.21072286367416382
4,3,displacement_elevation_exog_v1,7,17dac7c5985891f27905e7056b45626a0d6f4dbf34f336534c17bb76ecd32f09,7,0.23463618755340576,0.20162172615528107
4,3,displacement_elevation_exog_v1,7,17dac7c5985891f27905e7056b45626a0d6f4dbf34f336534c17bb76ecd32f09,8,0.23108750581741333,0.1910223811864853
4,3,displacement_elevation_exog_v1,7,17dac7c5985891f27905e7056b45626a0d6f4dbf34f336534c17bb76ecd32f09,9,0.22746418416500092,0.18132559955120087
4,3,displacement_elevation_exog_v1,7,17dac7c5985891f27905e7056b45626a0d6f4dbf34f336534c17bb76ecd32f09,10,0.22374247014522552,0.17138171195983887
4,3,displacement_elevation_exog_v1,7,17dac7c5985891f27905e7056b45626a0d6f4dbf34f336534c17bb76ecd32f09,11,0.21997429430484772,0.16024787724018097
4,3,displacement_elevation_exog_v1,7,17dac7c5985891f27905e7056b45626a0d6f4dbf34f336534c17bb76ecd32f09,12,0.21619942784309387,0.14659380912780762
4,3,displacement_elevation_exog_v1,7,17dac7c5985891f27905e7056b45626a0d6f4dbf34f336534c17bb76ecd32f09,13,0.21258339285850525,0.13138167560100555
4,3,displacement_elevation_exog_v1,7,17dac7c5985891f27905e7056b45626a0d6f4dbf34f336534c17bb76ecd32f09,14,0.2091904878616333,0.11593542248010635
4,3,displacement_elevation_exog_v1,7,17dac7c5985891f27905e7056b45626a0d6f4dbf34f336534c17bb76ecd32f09,15,0.20607195794582367,0.09962747246026993
4,3,displacement_elevation_exog_v1,7,17dac7c5985891f27905e7056b45626a0d6f4dbf34f336534c17bb76ecd32f09,16,0.20329664647579193,0.08370434492826462
4,3,displacement_elevation_exog_v1,7,17dac7c5985891f27905e7056b45626a0d6f4dbf34f336534c17bb76ecd32f09,17,0.20096538960933685,0.06741846352815628
4,3,displacement_elevation_exog_v1,7,17dac7c5985891f27905e7056b45626a0d6f4dbf34f336534c17bb76ecd32f09,18,0.1991088092327118,0.05685136467218399
4,3,displacement_elevation_exog_v1,7,17dac7c5985891f27905e7056b45626a0d6f4dbf34f336534c17bb76ecd32f09,19,0.19761589169502258,0.051825184375047684
4,3,displacement_elevation_exog_v1,7,17dac7c5985891f27905e7056b45626a0d6f4dbf34f336534c17bb76ecd32f09,20,0.19632218778133392,0.05164077505469322
4,3,displacement_elevation_exog_v1,7,17dac7c5985891f27905e7056b45626a0d6f4dbf34f336534c17bb76ecd32f09,21,0.19514672458171844,0.05536669120192528
4,3,displacement_elevation_exog_v1,7,17dac7c5985891f27905e7056b45626a0d6f4dbf34f336534c17bb76ecd32f09,22,0.19398607313632965,0.06003613397479057
4,3,displacement_elevation_exog_v1,7,17dac7c5985891f27905e7056b45626a0d6f4dbf34f336534c17bb76ecd32f09,23,0.19269531965255737,0.0623738057911396
4,3,displacement_elevation_exog_v1,7,17dac7c5985891f27905e7056b45626a0d6f4dbf34f336534c17bb76ecd32f09,24,0.1912662237882614,0.06098654866218567
4,3,displacement_elevation_exog_v1,7,17dac7c5985891f27905e7056b45626a0d6f4dbf34f336534c17bb76ecd32f09,25,0.18974998593330383,0.05882875248789787
4,3,displacement_elevation_exog_v1,7,17dac7c5985891f27905e7056b45626a0d6f4dbf34f336534c17bb76ecd32f09,26,0.18818669021129608,0.0575532391667366
4,3,displacement_elevation_exog_v1,7,17dac7c5985891f27905e7056b45626a0d6f4dbf34f336534c17bb76ecd32f09,27,0.18660439550876617,0.05737890303134918
4,3,displacement_elevation_exog_v1,7,17dac7c5985891f27905e7056b45626a0d6f4dbf34f336534c17bb76ecd32f09,28,0.18500947952270508,0.056005287915468216
4,3,displacement_elevation_exog_v1,7,17dac7c5985891f27905e7056b45626a0d6f4dbf34f336534c17bb76ecd32f09,29,0.18344858288764954,0.05523989722132683
4,3,displacement_elevation_exog_v1,7,17dac7c5985891f27905e7056b45626a0d6f4dbf34f336534c17bb76ecd32f09,30,0.18191547691822052,0.056622784584760666
4,3,displacement_elevation_exog_v1,7,17dac7c5985891f27905e7056b45626a0d6f4dbf34f336534c17bb76ecd32f09,31,0.18036755919456482,0.05761799216270447
4,3,displacement_elevation_exog_v1,7,17dac7c5985891f27905e7056b45626a0d6f4dbf34f336534c17bb76ecd32f09,32,0.1788107007741928,0.05899564549326897
4,3,displacement_elevation_exog_v1,7,17dac7c5985891f27905e7056b45626a0d6f4dbf34f336534c17bb76ecd32f09,33,0.17725074291229248,0.06247886270284653
4,3,displacement_elevation_exog_v1,7,17dac7c5985891f27905e7056b45626a0d6f4dbf34f336534c17bb76ecd32f09,34,0.17565511167049408,0.06319358944892883
4,3,displacement_elevation_exog_v1,7,17dac7c5985891f27905e7056b45626a0d6f4dbf34f336534c17bb76ecd32f09,35,0.1740509569644928,0.0647907629609108
4,3,displacement_elevation_exog_v1,7,17dac7c5985891f27905e7056b45626a0d6f4dbf34f336534c17bb76ecd32f09,36,0.17243130505084991,0.06552507728338242
4,3,displacement_elevation_exog_v1,7,17dac7c5985891f27905e7056b45626a0d6f4dbf34f336534c17bb76ecd32f09,37,0.17077386379241943,0.06504790484905243
4,3,displacement_elevation_exog_v1,7,17dac7c5985891f27905e7056b45626a0d6f4dbf34f336534c17bb76ecd32f09,38,0.1691117137670517,0.062434520572423935
4,3,displacement_elevation_exog_v1,7,17dac7c5985891f27905e7056b45626a0d6f4dbf34f336534c17bb76ecd32f09,39,0.16747555136680603,0.061530742794275284
4,3,displacement_elevation_exog_v1,7,17dac7c5985891f27905e7056b45626a0d6f4dbf34f336534c17bb76ecd32f09,40,0.1658647507429123,0.06232963502407074
4,3,displacement_elevation_exog_v1,7,17dac7c5985891f27905e7056b45626a0d6f4dbf34f336534c17bb76ecd32f09,41,0.16426531970500946,0.06303974241018295
4,3,displacement_elevation_exog_v1,7,17dac7c5985891f27905e7056b45626a0d6f4dbf34f336534c17bb76ecd32f09,42,0.16266624629497528,0.06242160499095917
4,3,displacement_elevation_exog_v1,7,17dac7c5985891f27905e7056b45626a0d6f4dbf34f336534c17bb76ecd32f09,43,0.16107811033725739,0.06248483434319496
4,3,displacement_elevation_exog_v1,7,17dac7c5985891f27905e7056b45626a0d6f4dbf34f336534c17bb76ecd32f09,44,0.15947628021240234,0.062413617968559265
4,3,displacement_elevation_exog_v1,7,17dac7c5985891f27905e7056b45626a0d6f4dbf34f336534c17bb76ecd32f09,45,0.1578773707151413,0.06109888479113579
4,3,displacement_elevation_exog_v1,7,17dac7c5985891f27905e7056b45626a0d6f4dbf34f336534c17bb76ecd32f09,46,0.1563449651002884,0.06183581426739693
4,3,displacement_elevation_exog_v1,7,17dac7c5985891f27905e7056b45626a0d6f4dbf34f336534c17bb76ecd32f09,47,0.15489235520362854,0.064076729118824
4,3,displacement_elevation_exog_v1,7,17dac7c5985891f27905e7056b45626a0d6f4dbf34f336534c17bb76ecd32f09,48,0.1535024791955948,0.0676310807466507
4,3,displacement_elevation_exog_v1,7,17dac7c5985891f27905e7056b45626a0d6f4dbf34f336534c17bb76ecd32f09,49,0.1521223783493042,0.0685136616230011
4,3,displacement_elevation_exog_v1,7,17dac7c5985891f27905e7056b45626a0d6f4dbf34f336534c17bb76ecd32f09,50,0.15069548785686493,0.06749211251735687
4,3,displacement_elevation_exog_v1,7,17dac7c5985891f27905e7056b45626a0d6f4dbf34f336534c17bb76ecd32f09,51,0.1492355763912201,0.06192537769675255
4,3,displacement_elevation_exog_v1,7,17dac7c5985891f27905e7056b45626a0d6f4dbf34f336534c17bb76ecd32f09,52,0.14783282577991486,0.05835261195898056
4,3,displacement_elevation_exog_v1,7,17dac7c5985891f27905e7056b45626a0d6f4dbf34f336534c17bb76ecd32f09,53,0.14645326137542725,0.06068084016442299
4,3,displacement_elevation_exog_v1,7,17dac7c5985891f27905e7056b45626a0d6f4dbf34f336534c17bb76ecd32f09,54,0.14505913853645325,0.06103566661477089
4,3,displacement_elevation_exog_v1,7,17dac7c5985891f27905e7056b45626a0d6f4dbf34f336534c17bb76ecd32f09,55,0.14365820586681366,0.06115502491593361
4,3,displacement_elevation_exog_v1,7,17dac7c5985891f27905e7056b45626a0d6f4dbf34f336534c17bb76ecd32f09,56,0.1423262059688568,0.06389852613210678
4,3,displacement_elevation_exog_v1,7,17dac7c5985891f27905e7056b45626a0d6f4dbf34f336534c17bb76ecd32f09,57,0.14103814959526062,0.06622355431318283
4,3,displacement_elevation_exog_v1,7,17dac7c5985891f27905e7056b45626a0d6f4dbf34f336534c17bb76ecd32f09,58,0.1397462785243988,0.06809338182210922
4,3,displacement_elevation_exog_v1,7,17dac7c5985891f27905e7056b45626a0d6f4dbf34f336534c17bb76ecd32f09,59,0.13840427994728088,0.066019207239151
4,3,displacement_elevation_exog_v1,7,17dac7c5985891f27905e7056b45626a0d6f4dbf34f336534c17bb76ecd32f09,60,0.13703247904777527,0.0634964108467102
4,3,displacement_elevation_exog_v1,7,17dac7c5985891f27905e7056b45626a0d6f4dbf34f336534c17bb76ecd32f09,61,0.1357126235961914,0.06131431832909584
4,3,displacement_elevation_exog_v1,7,17dac7c5985891f27905e7056b45626a0d6f4dbf34f336534c17bb76ecd32f09,62,0.13445954024791718,0.06018367409706116
4,3,displacement_elevation_exog_v1,7,17dac7c5985891f27905e7056b45626a0d6f4dbf34f336534c17bb76ecd32f09,63,0.13321131467819214,0.06188846379518509
4,3,displacement_elevation_exog_v1,7,17dac7c5985891f27905e7056b45626a0d6f4dbf34f336534c17bb76ecd32f09,64,0.131890207529068,0.06090845912694931
4,3,displacement_elevation_exog_v1,7,17dac7c5985891f27905e7056b45626a0d6f4dbf34f336534c17bb76ecd32f09,65,0.1305418312549591,0.06003483012318611
4,3,displacement_elevation_exog_v1,7,17dac7c5985891f27905e7056b45626a0d6f4dbf34f336534c17bb76ecd32f09,66,0.1292274445295334,0.06177957355976105
4,3,displacement_elevation_exog_v1,7,17dac7c5985891f27905e7056b45626a0d6f4dbf34f336534c17bb76ecd32f09,67,0.12791576981544495,0.06343504786491394
4,3,displacement_elevation_exog_v1,7,17dac7c5985891f27905e7056b45626a0d6f4dbf34f336534c17bb76ecd32f09,68,0.12658783793449402,0.0591992624104023
4,3,displacement_elevation_exog_v1,7,17dac7c5985891f27905e7056b45626a0d6f4dbf34f336534c17bb76ecd32f09,69,0.12529665231704712,0.05373295769095421
4,3,displacement_elevation_exog_v1,7,17dac7c5985891f27905e7056b45626a0d6f4dbf34f336534c17bb76ecd32f09,70,0.12404325604438782,0.052911870181560516
4,3,displacement_elevation_exog_v1,7,17dac7c5985891f27905e7056b45626a0d6f4dbf34f336534c17bb76ecd32f09,71,0.12279949337244034,0.051984380930662155
4,3,displacement_elevation_exog_v1,7,17dac7c5985891f27905e7056b45626a0d6f4dbf34f336534c17bb76ecd32f09,72,0.1216178834438324,0.05749918520450592
4,3,displacement_elevation_exog_v1,7,17dac7c5985891f27905e7056b45626a0d6f4dbf34f336534c17bb76ecd32f09,73,0.12045621126890182,0.0597679577767849
4,3,displacement_elevation_exog_v1,7,17dac7c5985891f27905e7056b45626a0d6f4dbf34f336534c17bb76ecd32f09,74,0.1193377748131752,0.055930446833372116
4,3,displacement_elevation_exog_v1,7,17dac7c5985891f27905e7056b45626a0d6f4dbf34f336534c17bb76ecd32f09,75,0.11828599870204926,0.056117985397577286
4,3,displacement_elevation_exog_v1,7,17dac7c5985891f27905e7056b45626a0d6f4dbf34f336534c17bb76ecd32f09,76,0.11723337322473526,0.054648417979478836
4,3,displacement_elevation_exog_v1,7,17dac7c5985891f27905e7056b45626a0d6f4dbf34f336534c17bb76ecd32f09,77,0.1161838248372078,0.05008368939161301
4,3,displacement_elevation_exog_v1,7,17dac7c5985891f27905e7056b45626a0d6f4dbf34f336534c17bb76ecd32f09,78,0.11522593349218369,0.05641758069396019
4,3,displacement_elevation_exog_v1,7,17dac7c5985891f27905e7056b45626a0d6f4dbf34f336534c17bb76ecd32f09,79,0.11426753550767899,0.04980072006583214
4,3,displacement_elevation_exog_v1,7,17dac7c5985891f27905e7056b45626a0d6f4dbf34f336534c17bb76ecd32f09,80,0.11333099752664566,0.046590179204940796
4,3,displacement_elevation_exog_v1,7,17dac7c5985891f27905e7056b45626a0d6f4dbf34f336534c17bb76ecd32f09,81,0.11238455772399902,0.045244019478559494
4,3,displacement_elevation_exog_v1,7,17dac7c5985891f27905e7056b45626a0d6f4dbf34f336534c17bb76ecd32f09,82,0.11149119585752487,0.0491705946624279
4,3,displacement_elevation_exog_v1,7,17dac7c5985891f27905e7056b45626a0d6f4dbf34f336534c17bb76ecd32f09,83,0.11063509434461594,0.05283348262310028
4,3,displacement_elevation_exog_v1,7,17dac7c5985891f27905e7056b45626a0d6f4dbf34f336534c17bb76ecd32f09,84,0.10973288118839264,0.046176716685295105
4,3,displacement_elevation_exog_v1,7,17dac7c5985891f27905e7056b45626a0d6f4dbf34f336534c17bb76ecd32f09,85,0.10889178514480591,0.05037103593349457
4,3,displacement_elevation_exog_v1,7,17dac7c5985891f27905e7056b45626a0d6f4dbf34f336534c17bb76ecd32f09,86,0.108045294880867,0.0449991449713707
4,3,displacement_elevation_exog_v1,7,17dac7c5985891f27905e7056b45626a0d6f4dbf34f336534c17bb76ecd32f09,87,0.10729262232780457,0.06321044266223907
4,3,displacement_elevation_exog_v1,7,17dac7c5985891f27905e7056b45626a0d6f4dbf34f336534c17bb76ecd32f09,88,0.10654190182685852,0.05557485669851303
4,3,displacement_elevation_exog_v1,7,17dac7c5985891f27905e7056b45626a0d6f4dbf34f336534c17bb76ecd32f09,89,0.10580778121948242,0.04860209301114082
4,3,displacement_elevation_exog_v1,7,17dac7c5985891f27905e7056b45626a0d6f4dbf34f336534c17bb76ecd32f09,90,0.10509791970252991,0.06844031065702438
4,3,displacement_elevation_exog_v1,7,17dac7c5985891f27905e7056b45626a0d6f4dbf34f336534c17bb76ecd32f09,91,0.10440599173307419,0.08606935292482376
4,3,displacement_elevation_exog_v1,7,17dac7c5985891f27905e7056b45626a0d6f4dbf34f336534c17bb76ecd32f09,92,0.10364571213722229,0.06344646215438843
4,3,displacement_elevation_exog_v1,7,17dac7c5985891f27905e7056b45626a0d6f4dbf34f336534c17bb76ecd32f09,93,0.1029394194483757,0.05859268456697464
4,3,displacement_elevation_exog_v1,7,17dac7c5985891f27905e7056b45626a0d6f4dbf34f336534c17bb76ecd32f09,94,0.10229537636041641,0.08410874754190445
4,3,displacement_elevation_exog_v1,7,17dac7c5985891f27905e7056b45626a0d6f4dbf34f336534c17bb76ecd32f09,95,0.10155193507671356,0.056972671300172806
4,3,displacement_elevation_exog_v1,7,17dac7c5985891f27905e7056b45626a0d6f4dbf34f336534c17bb76ecd32f09,96,0.10085681825876236,0.06918198615312576
4,3,displacement_elevation_exog_v1,7,17dac7c5985891f27905e7056b45626a0d6f4dbf34f336534c17bb76ecd32f09,97,0.10015746206045151,0.07233241200447083
4,3,displacement_elevation_exog_v1,7,17dac7c5985891f27905e7056b45626a0d6f4dbf34f336534c17bb76ecd32f09,98,0.09943300485610962,0.05041483789682388
4,3,displacement_elevation_exog_v1,7,17dac7c5985891f27905e7056b45626a0d6f4dbf34f336534c17bb76ecd32f09,99,0.09879115223884583,0.074188232421875
4,3,displacement_elevation_exog_v1,7,17dac7c5985891f27905e7056b45626a0d6f4dbf34f336534c17bb76ecd32f09,100,0.09802886098623276,0.04461276903748512
4,3,displacement_elevation_exog_v1,7,17dac7c5985891f27905e7056b45626a0d6f4dbf34f336534c17bb76ecd32f09,101,0.09734223037958145,0.0840049460530281
4,3,displacement_elevation_exog_v1,7,17dac7c5985891f27905e7056b45626a0d6f4dbf34f336534c17bb76ecd32f09,102,0.09659481048583984,0.059100158512592316
4,3,displacement_elevation_exog_v1,7,17dac7c5985891f27905e7056b45626a0d6f4dbf34f336534c17bb76ecd32f09,103,0.09587962180376053,0.06087593361735344
4,3,displacement_elevation_exog_v1,7,17dac7c5985891f27905e7056b45626a0d6f4dbf34f336534c17bb76ecd32f09,104,0.09514689445495605,0.04164549335837364
4,3,displacement_elevation_exog_v1,7,17dac7c5985891f27905e7056b45626a0d6f4dbf34f336534c17bb76ecd32f09,105,0.09450359642505646,0.06803292781114578
4,3,displacement_elevation_exog_v1,7,17dac7c5985891f27905e7056b45626a0d6f4dbf34f336534c17bb76ecd32f09,106,0.09377559274435043,0.056242797523736954
4,3,displacement_elevation_exog_v1,7,17dac7c5985891f27905e7056b45626a0d6f4dbf34f336534c17bb76ecd32f09,107,0.09308488667011261,0.05807263404130936
4,3,displacement_elevation_exog_v1,7,17dac7c5985891f27905e7056b45626a0d6f4dbf34f336534c17bb76ecd32f09,108,0.09239097684621811,0.05562158301472664
4,3,displacement_elevation_exog_v1,7,17dac7c5985891f27905e7056b45626a0d6f4dbf34f336534c17bb76ecd32f09,109,0.09170341491699219,0.05845784768462181
4,3,displacement_elevation_exog_v1,7,17dac7c5985891f27905e7056b45626a0d6f4dbf34f336534c17bb76ecd32f09,110,0.09102126955986023,0.06631257385015488
4,3,displacement_elevation_exog_v1,7,17dac7c5985891f27905e7056b45626a0d6f4dbf34f336534c17bb76ecd32f09,111,0.09033921360969543,0.05291853845119476
4,3,displacement_elevation_exog_v1,7,17dac7c5985891f27905e7056b45626a0d6f4dbf34f336534c17bb76ecd32f09,112,0.08965440094470978,0.04494430869817734
4,3,displacement_elevation_exog_v1,7,17dac7c5985891f27905e7056b45626a0d6f4dbf34f336534c17bb76ecd32f09,113,0.08901789784431458,0.066866934299469
4,3,displacement_elevation_exog_v1,7,17dac7c5985891f27905e7056b45626a0d6f4dbf34f336534c17bb76ecd32f09,114,0.08834822475910187,0.04959512874484062
4,3,displacement_elevation_exog_v1,7,17dac7c5985891f27905e7056b45626a0d6f4dbf34f336534c17bb76ecd32f09,115,0.08772847056388855,0.06019071489572525
4,3,displacement_elevation_exog_v1,7,17dac7c5985891f27905e7056b45626a0d6f4dbf34f336534c17bb76ecd32f09,116,0.08712934702634811,0.08117502182722092
4,3,displacement_elevation_exog_v1,7,17dac7c5985891f27905e7056b45626a0d6f4dbf34f336534c17bb76ecd32f09,117,0.08645686507225037,0.07677169144153595
4,3,displacement_elevation_exog_v1,7,17dac7c5985891f27905e7056b45626a0d6f4dbf34f336534c17bb76ecd32f09,118,0.08585338294506073,0.09212017804384232
4,3,displacement_elevation_exog_v1,7,17dac7c5985891f27905e7056b45626a0d6f4dbf34f336534c17bb76ecd32f09,119,0.08518257737159729,0.06818962842226028
4,3,displacement_elevation_exog_v1,7,17dac7c5985891f27905e7056b45626a0d6f4dbf34f336534c17bb76ecd32f09,120,0.08451332151889801,0.049720749258995056
