seed,fold,model_input_schema,model_input_channels,station_geometry_sha256,scope,interval_variant,test_start_date,test_end_date,n_dates,n_stations,model_mean_error,baseline_mean_error,mean_actual_increment,mean_predicted_increment,actual_increment_std,predicted_increment_std,increment_std_ratio,increment_correlation,model_rmse,model_mae,model_r2,model_nse,baseline_rmse,baseline_mae,baseline_r2,baseline_nse,pinball_p10,pinball_p50,pinball_p90,mean_pinball,coverage,coverage_gap,mean_width,interval_score_80,p10_gt_p50,p50_gt_p90,total_points,rmse_skill_vs_baseline,rmse_difference_vs_baseline,mae_difference_vs_baseline,mae_skill_vs_baseline
0,1,displacement_elevation_exog_v1,7,17dac7c5985891f27905e7056b45626a0d6f4dbf34f336534c17bb76ecd32f09,overall,raw,2018-02-21,2018-12-04,287,8,0.6432173309822199,-0.16207756672926357,0.16207756672926357,0.8052948977114834,0.18392291682531414,1.1623468782060689,6.3197501337478235,0.14824582686418586,1.3170596910700565,0.7251576276156644,0.9999813747810229,0.9999813747810229,0.24511638802417446,0.16307588021306405,0.99999935488793,0.99999935488793,0.3656766802946306,0.3625788138078322,0.1386329131987979,0.28896280243375355,0.6602787456445993,-0.13972125435540073,1.3770606277178987,5.043095934934285,0,0,2296,-4.373201284853146,1.071943303045882,0.5620817474026003,-3.446749738025157
0,1,displacement_elevation_exog_v1,7,17dac7c5985891f27905e7056b45626a0d6f4dbf34f336534c17bb76ecd32f09,MJ9,raw,2018-02-21,2018-12-04,287,1,0.024087082093911704,-0.08835672473867599,0.08835672473867599,0.1124438068325877,0.08881672187735454,0.08999352233060114,1.0132497623011985,0.38308547770953866,0.10202506678262803,0.08448002201273425,0.999792163933115,0.999792163933115,0.1251712232989687,0.09286613240418139,0.9996871644259334,0.9996871644259334,0.01610371431459364,0.04224001100636712,0.022071983254643834,0.026805236191868198,0.6202090592334495,-0.17979094076655056,0.18935639594297052,0.38175697569237477,0,0,287,0.1849159567695252,-0.02314615651634068,-0.00838611039144714,0.09030321576167577
0,1,displacement_elevation_exog_v1,7,17dac7c5985891f27905e7056b45626a0d6f4dbf34f336534c17bb76ecd32f09,MJ1,raw,2018-02-21,2018-12-04,287,1,0.013475050484357258,-0.26700872006361237,0.26700872006361237,0.28048377054796964,0.21360549146961538,0.17933686473624386,0.839570478747518,0.49197822627161636,0.20034503306138687,0.14866652674149736,0.9999261084585627,0.9999261084585627,0.34170452501504067,0.26700872006361237,0.9997850492194448,0.9997850492194448,0.04421327375736306,0.07433326337074868,0.02986422416313012,0.049470253763747286,0.759581881533101,-0.04041811846689902,0.4186193650945816,0.7407749792049318,0,0,287,0.4136892595947672,-0.1413594919536538,-0.11834219332211501,0.44321471333940354
0,1,displacement_elevation_exog_v1,7,17dac7c5985891f27905e7056b45626a0d6f4dbf34f336534c17bb76ecd32f09,MJ3,raw,2018-02-21,2018-12-04,287,1,0.33042147936358873,-0.0521863807349166,0.0521863807349166,0.3826078600985053,0.05705945057066131,0.38516835645969805,6.7502990759210535,-0.2564936490664168,0.5210522346078174,0.38038725033142823,0.9880345743618196,0.9880345743618196,0.07725189349988038,0.05566348093981511,0.999736982955849,0.999736982955849,0.16108886177577358,0.19019362516571411,0.06421056992101604,0.13849768562083456,0.5296167247386759,-0.2703832752613241,0.6119441609384961,2.252994316967896,0,0,287,-5.744847420582956,0.443800341107937,0.3247237693916131,-5.833694981144162
0,1,displacement_elevation_exog_v1,7,17dac7c5985891f27905e7056b45626a0d6f4dbf34f336534c17bb76ecd32f09,ATU1,raw,2018-02-21,2018-12-04,287,1,1.016375808130578,-0.1597519356373974,0.1597519356373974,1.1761277437679756,0.14177263597358836,1.7323043436098036,12.218890702804767,0.02469517941227745,2.0078306373328005,1.2462679080537407,0.9825805629783552,0.9825805629783552,0.2134247600873727,0.1597519356373974,0.9998031798469791,0.9998031798469791,0.7206603569863859,0.6231339540268703,0.2381527358275858,0.5273156822802807,0.6585365853658537,-0.14146341463414636,2.4722876648095813,9.588130928139718,0,0,287,-8.4076743322135,1.7944058772454279,1.0865159724163433,-6.801269531296956
0,1,displacement_elevation_exog_v1,7,17dac7c5985891f27905e7056b45626a0d6f4dbf34f336534c17bb76ecd32f09,ATU2,raw,2018-02-21,2018-12-04,287,1,0.927728891084519,-0.10696860627177686,0.10696860627177686,1.034697497356296,0.11706242426276037,1.326754363163681,11.333733873353117,-0.004070087372530896,1.621647433811644,0.991321935068221,0.9746686104374792,0.9746686104374792,0.1584239443009627,0.10696860627177686,0.9997582381451181,0.9997582381451181,0.6077485081776863,0.4956609675341105,0.18023167917480457,0.42788038496220043,0.6655052264808362,-0.13449477351916383,1.686685392792985,7.879801873524909,0,0,287,-9.236125864477605,1.4632234895106813,0.8843533287964441,-8.26741003383323
0,1,displacement_elevation_exog_v1,7,17dac7c5985891f27905e7056b45626a0d6f4dbf34f336534c17bb76ecd32f09,ATU3,raw,2018-02-21,2018-12-04,287,1,1.2228767793103732,-0.23802623693379796,0.23802623693379796,1.4609030162441712,0.21300422663602417,1.404063657457316,6.591717355245452,0.11414145536573038,1.8539501309650057,1.2520071356205844,0.9936462752424899,0.9936462752424899,0.3191695530913898,0.23802623693379796,0.9998116892069343,0.9998116892069343,0.5717623604843975,0.6260035678102922,0.2425642592410939,0.4801100625119279,0.7038327526132404,-0.09616724738675964,2.3252216043416287,8.143266197254915,0,0,287,-4.808668505526756,1.5347805778736159,1.0139808986867864,-4.259954330029609
0,1,displacement_elevation_exog_v1,7,17dac7c5985891f27905e7056b45626a0d6f4dbf34f336534c17bb76ecd32f09,ATU4,raw,2018-02-21,2018-12-04,287,1,0.7157185651577033,-0.09670212543553999,0.09670212543553999,0.8124206905932433,0.1015799825794991,0.726768265645267,7.1546405816370315,0.13969530914276593,1.0140676264388717,0.7265900868529815,0.9883256160660853,0.9883256160660853,0.1401208085467853,0.09670212543553999,0.9997771023937446,0.9997771023937446,0.2911293217569805,0.36329504342649077,0.1395595881230281,0.2646613177688331,0.6306620209059234,-0.16933797909407666,1.3126479109453058,4.306889098800085,0,0,287,-6.237095167776469,0.8739468178920864,0.6298879614174415,-6.51369304015261
0,1,displacement_elevation_exog_v1,7,17dac7c5985891f27905e7056b45626a0d6f4dbf34f336534c17bb76ecd32f09,ATU5,raw,2018-02-21,2018-12-04,287,1,0.8950549922327279,-0.2876198040183912,0.2876198040183912,1.182674796251119,0.26003424451083024,1.299852138305184,4.998772914507597,0.1836178744362193,1.5583769294113647,0.9715401562441269,0.9971198543259018,0.9971198543259018,0.387436908234515,0.2876198040183912,0.9998219789268481,0.9998219789268481,0.5127070451038641,0.48577007812206346,0.19240826588508073,0.3969617963703361,0.7142857142857143,-0.08571428571428574,1.9997225268776406,7.051153109889449,0,0,287,-3.0222727785863954,1.1709400211768497,0.6839203522257358,-2.377862520836722
0,1,displacement_elevation_exog_v1,7,17dac7c5985891f27905e7056b45626a0d6f4dbf34f336534c17bb76ecd32f09,overall,calibrated,2018-02-21,2018-12-04,287,8,0.6432173309822199,-0.16207756672926357,0.16207756672926357,0.8052948977114834,0.18392291682531414,1.1623468782060689,6.3197501337478235,0.14824582686418586,1.3170596910700565,0.7251576276156644,0.9999813747810229,0.9999813747810229,0.24511638802417446,0.16307588021306405,0.99999935488793,0.99999935488793,0.3642962412267461,0.3625788138078322,0.13929003831092962,0.28872169778183593,0.703397212543554,-0.09660278745644602,1.4103522051158026,5.035862795376757,0,0,2296,-4.373201284853146,1.071943303045882,0.5620817474026003,-3.446749738025157
0,1,displacement_elevation_exog_v1,7,17dac7c5985891f27905e7056b45626a0d6f4dbf34f336534c17bb76ecd32f09,MJ9,calibrated,2018-02-21,2018-12-04,287,1,0.024087082093911704,-0.08835672473867599,0.08835672473867599,0.1124438068325877,0.08881672187735454,0.08999352233060114,1.0132497623011985,0.38308547770953866,0.10202506678262803,0.08448002201273425,0.999792163933115,0.999792163933115,0.1251712232989687,0.09286613240418139,0.9996871644259334,0.9996871644259334,0.01628204437493612,0.04224001100636712,0.0230524497369437,0.027191501706082314,0.9512195121951219,0.15121951219512186,0.3701583268311217,0.39334494111879825,0,0,287,0.1849159567695252,-0.02314615651634068,-0.00838611039144714,0.09030321576167577
0,1,displacement_elevation_exog_v1,7,17dac7c5985891f27905e7056b45626a0d6f4dbf34f336534c17bb76ecd32f09,MJ1,calibrated,2018-02-21,2018-12-04,287,1,0.013475050484357258,-0.26700872006361237,0.26700872006361237,0.28048377054796964,0.21360549146961538,0.17933686473624386,0.839570478747518,0.49197822627161636,0.20034503306138687,0.14866652674149736,0.9999261084585627,0.9999261084585627,0.34170452501504067,0.26700872006361237,0.9997850492194448,0.9997850492194448,0.04421327375736306,0.07433326337074868,0.02986422416313012,0.049470253763747286,0.759581881533101,-0.04041811846689902,0.4186193650945816,0.7407749792049318,0,0,287,0.4136892595947672,-0.1413594919536538,-0.11834219332211501,0.44321471333940354
0,1,displacement_elevation_exog_v1,7,17dac7c5985891f27905e7056b45626a0d6f4dbf34f336534c17bb76ecd32f09,MJ3,calibrated,2018-02-21,2018-12-04,287,1,0.33042147936358873,-0.0521863807349166,0.0521863807349166,0.3826078600985053,0.05705945057066131,0.38516835645969805,6.7502990759210535,-0.2564936490664168,0.5210522346078174,0.38038725033142823,0.9880345743618196,0.9880345743618196,0.07725189349988038,0.05566348093981511,0.999736982955849,0.999736982955849,0.16108886177577358,0.19019362516571411,0.06421056992101604,0.13849768562083456,0.5296167247386759,-0.2703832752613241,0.6119441609384961,2.252994316967896,0,0,287,-5.744847420582956,0.443800341107937,0.3247237693916131,-5.833694981144162
0,1,displacement_elevation_exog_v1,7,17dac7c5985891f27905e7056b45626a0d6f4dbf34f336534c17bb76ecd32f09,ATU1,calibrated,2018-02-21,2018-12-04,287,1,1.016375808130578,-0.1597519356373974,0.1597519356373974,1.1761277437679756,0.14177263597358836,1.7323043436098036,12.218890702804767,0.02469517941227745,2.0078306373328005,1.2462679080537407,0.9825805629783552,0.9825805629783552,0.2134247600873727,0.1597519356373974,0.9998031798469791,0.9998031798469791,0.7206603569863859,0.6231339540268703,0.2381527358275858,0.5273156822802807,0.6585365853658537,-0.14146341463414636,2.4722876648095813,9.588130928139718,0,0,287,-8.4076743322135,1.7944058772454279,1.0865159724163433,-6.801269531296956
0,1,displacement_elevation_exog_v1,7,17dac7c5985891f27905e7056b45626a0d6f4dbf34f336534c17bb76ecd32f09,ATU2,calibrated,2018-02-21,2018-12-04,287,1,0.927728891084519,-0.10696860627177686,0.10696860627177686,1.034697497356296,0.11706242426276037,1.326754363163681,11.333733873353117,-0.004070087372530896,1.621647433811644,0.991321935068221,0.9746686104374792,0.9746686104374792,0.1584239443009627,0.10696860627177686,0.9997582381451181,0.9997582381451181,0.6077485081776863,0.4956609675341105,0.18023167917480457,0.42788038496220043,0.6655052264808362,-0.13449477351916383,1.686685392792985,7.879801873524909,0,0,287,-9.236125864477605,1.4632234895106813,0.8843533287964441,-8.26741003383323
0,1,displacement_elevation_exog_v1,7,17dac7c5985891f27905e7056b45626a0d6f4dbf34f336534c17bb76ecd32f09,ATU3,calibrated,2018-02-21,2018-12-04,287,1,1.2228767793103732,-0.23802623693379796,0.23802623693379796,1.4609030162441712,0.21300422663602417,1.404063657457316,6.591717355245452,0.11414145536573038,1.8539501309650057,1.2520071356205844,0.9936462752424899,0.9936462752424899,0.3191695530913898,0.23802623693379796,0.9998116892069343,0.9998116892069343,0.5717623604843975,0.6260035678102922,0.2425642592410939,0.4801100625119279,0.7038327526132404,-0.09616724738675964,2.3252216043416287,8.143266197254915,0,0,287,-4.808668505526756,1.5347805778736159,1.0139808986867864,-4.259954330029609
0,1,displacement_elevation_exog_v1,7,17dac7c5985891f27905e7056b45626a0d6f4dbf34f336534c17bb76ecd32f09,ATU4,calibrated,2018-02-21,2018-12-04,287,1,0.7157185651577033,-0.09670212543553999,0.09670212543553999,0.8124206905932433,0.1015799825794991,0.726768265645267,7.1546405816370315,0.13969530914276593,1.0140676264388717,0.7265900868529815,0.9883256160660853,0.9883256160660853,0.1401208085467853,0.09670212543553999,0.9997771023937446,0.9997771023937446,0.2799074791535623,0.36329504342649077,0.14383612253778205,0.26234621503927835,0.6445993031358885,-0.1554006968641115,1.3981785992403857,4.237436016913443,0,0,287,-6.237095167776469,0.8739468178920864,0.6298879614174415,-6.51369304015261
0,1,displacement_elevation_exog_v1,7,17dac7c5985891f27905e7056b45626a0d6f4dbf34f336534c17bb76ecd32f09,ATU5,calibrated,2018-02-21,2018-12-04,287,1,0.8950549922327279,-0.2876198040183912,0.2876198040183912,1.182674796251119,0.26003424451083024,1.299852138305184,4.998772914507597,0.1836178744362193,1.5583769294113647,0.9715401562441269,0.9971198543259018,0.9971198543259018,0.387436908234515,0.2876198040183912,0.9998219789268481,0.9998219789268481,0.5127070451038641,0.48577007812206346,0.19240826588508073,0.3969617963703361,0.7142857142857143,-0.08571428571428574,1.9997225268776406,7.051153109889449,0,0,287,-3.0222727785863954,1.1709400211768497,0.6839203522257358,-2.377862520836722
0,2,displacement_elevation_exog_v1,7,17dac7c5985891f27905e7056b45626a0d6f4dbf34f336534c17bb76ecd32f09,overall,raw,2018-12-05,2019-09-17,287,8,0.12937420799518395,-0.08899660405050402,0.08899660405050402,0.21837081204568798,0.08053213935326142,0.2398659865069202,2.9785125346630448,0.24598200989031113,0.2668929144650237,0.15264916010561458,0.9999992553832163,0.9999992553832163,0.12001248409509184,0.09264561082896423,0.9999998494393146,0.9999998494393146,0.049023501985402965,0.07632458005280729,0.05617362631773163,0.060507236118647285,0.8475609756097561,0.04756097560975603,0.8015677327376318,1.051971283031346,0,0,2296,-1.223876261519187,0.14688043036993187,0.060003549276650345,-0.6476674797624753
0,2,displacement_elevation_exog_v1,7,17dac7c5985891f27905e7056b45626a0d6f4dbf34f336534c17bb76ecd32f09,MJ9,raw,2018-12-05,2019-09-17,287,1,0.035602621351097874,-0.055489442508710865,0.055489442508710865,0.09109206385980874,0.05137252387005158,0.06027727376200588,1.173336819395503,0.5587427372934483,0.0637952481206465,0.04903422654872243,0.999896070726034,0.999896070726034,0.07555804948620815,0.06341864111498252,0.9998542116878548,0.9998542116878548,0.015870202970780792,0.024517113274361214,0.010781457839622088,0.0170562580282547,0.5853658536585366,-0.2146341463414635,0.12365654713353659,0.26651660810402883,0,0,287,0.15567899708301414,-0.01176280136556164,-0.014384414566260093,0.2268168209435475
0,2,displacement_elevation_exog_v1,7,17dac7c5985891f27905e7056b45626a0d6f4dbf34f336534c17bb76ecd32f09,MJ1,raw,2018-12-05,2019-09-17,287,1,0.10295444202323065,-0.1332539635150423,0.1332539635150423,0.23620840553827294,0.08846583875087369,0.15474147170883734,1.7491663888995697,0.20245487208007892,0.19166745333016935,0.1410290296424906,0.9998106850886378,0.9998106850886378,0.1598610472025586,0.1332539635150423,0.9998683037572985,0.9998683037572985,0.057554412883134676,0.0705145148212453,0.027578637566623584,0.05188252175700118,0.6341463414634146,-0.1658536585365854,0.294391790363924,0.8513305044975827,0,0,287,-0.19896282855766056,0.031806406127610765,0.007775066127448299,-0.05834772882061867
0,2,displacement_elevation_exog_v1,7,17dac7c5985891f27905e7056b45626a0d6f4dbf34f336534c17bb76ecd32f09,MJ3,raw,2018-12-05,2019-09-17,287,1,-0.004308490798252094,-0.11734578965108389,0.11734578965108389,0.1130372988528318,0.053000883939105674,0.14306881011356848,2.6993664912823827,0.24051810725641926,0.139929820745321,0.0992404285522732,0.9997987237548456,0.9997987237548456,0.12872194942682458,0.11734578965108389,0.9998296754763429,0.9998296754763429,0.02976517995154961,0.0496202142761366,0.01993875521223634,0.03310804981330752,0.8710801393728222,0.0710801393728222,0.3682743668704,0.4970393516378595,0,0,287,-0.08707039761597035,0.011207871318496432,-0.018105361098810682,0.15429067504377603
0,2,displacement_elevation_exog_v1,7,17dac7c5985891f27905e7056b45626a0d6f4dbf34f336534c17bb76ecd32f09,ATU1,raw,2018-12-05,2019-09-17,287,1,0.09834551043565616,-0.06980478984656123,0.06980478984656123,0.1681503002822174,0.058367995252277156,0.1844107577648742,3.159449917164658,0.06335169590242634,0.21353356486800248,0.11037184678579999,0.9989241951176099,0.9989241951176099,0.09092667976084662,0.07058980574671665,0.9998049329682087,0.9998049329682087,0.06410742682740858,0.055185923392899995,0.08889049335248395,0.06939461452426417,0.9895470383275261,0.18954703832752606,1.4583361224282232,1.5299792017989253,0,0,287,-1.3484148484210996,0.12260688510715587,0.03978204103908334,-0.5635663764513721
0,2,displacement_elevation_exog_v1,7,17dac7c5985891f27905e7056b45626a0d6f4dbf34f336534c17bb76ecd32f09,ATU2,raw,2018-12-05,2019-09-17,287,1,0.16578381543466864,-0.047071045296167235,0.047071045296167235,0.21285486073083587,0.05635526536064369,0.23887337406538173,4.238705514679406,0.020497947571508524,0.2948912355371347,0.17114364469312804,0.9960684453405476,0.9960684453405476,0.07335211878306687,0.04789006968641105,0.9997567426822236,0.9997567426822236,0.05210039442547558,0.08557182234656402,0.06719294879993644,0.06828838852399201,0.9547038327526133,0.15470383275261324,0.9514391189000733,1.1929334322541203,0,0,287,-3.0202142818703352,0.22153911675406784,0.12325357500671699,-2.5736770861640768
0,2,displacement_elevation_exog_v1,7,17dac7c5985891f27905e7056b45626a0d6f4dbf34f336534c17bb76ecd32f09,ATU3,raw,2018-12-05,2019-09-17,287,1,0.2737345414683729,-0.10678362369337965,0.10678362369337965,0.3805181651617526,0.0987233467727449,0.3329663283742945,3.372721238277736,0.11141435570202461,0.4333866827642941,0.2801816183391645,0.9981408843521969,0.9981408843521969,0.14531029645708476,0.10845602787456456,0.9997909991464513,0.9997909991464513,0.06906118859413958,0.14009080916958225,0.09771782688984192,0.10228994155118792,0.89198606271777,0.09198606271776999,1.3216668560876905,1.667790154839815,0,0,287,-1.9824912159083539,0.28807638630720933,0.17172559046459995,-1.5833660316530325
0,2,displacement_elevation_exog_v1,7,17dac7c5985891f27905e7056b45626a0d6f4dbf34f336534c17bb76ecd32f09,ATU4,raw,2018-12-05,2019-09-17,287,1,0.15508611064938388,-0.03301407665505239,0.03301407665505239,0.18810018730443626,0.06100275389090093,0.18398551983900804,3.016019902446585,0.015929473565037173,0.24725790051125915,0.16119103691859438,0.9956632810726864,0.9956632810726864,0.06926975467110544,0.0510004878048782,0.9996596323940934,0.9996596323940934,0.04077810868821363,0.08059551845929719,0.05473858461286139,0.058704070586790745,0.9128919860627178,0.11289198606271778,0.747699080839368,0.9551669330107504,0,0,287,-2.569492943713255,0.1779881458401537,0.11019054911371617,-2.160578336726741
0,2,displacement_elevation_exog_v1,7,17dac7c5985891f27905e7056b45626a0d6f4dbf34f336534c17bb76ecd32f09,ATU5,raw,2018-12-05,2019-09-17,287,1,0.2077951133973137,-0.14921010123803463,0.14921010123803463,0.35700521463534834,0.07472807187371937,0.3178059343541294,4.252831986501401,0.4530121118086529,0.3577011475601955,0.20900144936474344,0.9993341863686783,0.9993341863686783,0.166818708780996,0.14921010123803463,0.9998551890088413,0.9998551890088413,0.06295110154252133,0.10450072468237172,0.08255030626824729,0.08333404416438012,0.9407665505226481,0.14076655052264808,1.1470779792778392,1.4550140781076863,0,0,287,-1.1442507868214888,0.1908824387791995,0.059791348126708804,-0.40071917136041457
0,2,displacement_elevation_exog_v1,7,17dac7c5985891f27905e7056b45626a0d6f4dbf34f336534c17bb76ecd32f09,overall,calibrated,2018-12-05,2019-09-17,287,8,0.12937420799518395,-0.08899660405050402,0.08899660405050402,0.21837081204568798,0.08053213935326142,0.2398659865069202,2.9785125346630448,0.24598200989031113,0.2668929144650237,0.15264916010561458,0.9999992553832163,0.9999992553832163,0.12001248409509184,0.09264561082896423,0.9999998494393146,0.9999998494393146,0.058288176129584666,0.07632458005280729,0.08029320497351804,0.07163532038530333,0.9638501742160279,0.16385017421602788,1.2866721772343164,1.3858138110310272,0,0,2296,-1.223876261519187,0.14688043036993187,0.060003549276650345,-0.6476674797624753
0,2,displacement_elevation_exog_v1,7,17dac7c5985891f27905e7056b45626a0d6f4dbf34f336534c17bb76ecd32f09,MJ9,calibrated,2018-12-05,2019-09-17,287,1,0.035602621351097874,-0.055489442508710865,0.055489442508710865,0.09109206385980874,0.05137252387005158,0.06027727376200588,1.173336819395503,0.5587427372934483,0.0637952481206465,0.04903422654872243,0.999896070726034,0.999896070726034,0.07555804948620815,0.06341864111498252,0.9998542116878548,0.9998542116878548,0.011891056515472335,0.024517113274361214,0.020549781706499962,0.01898598383211117,0.9651567944250871,0.16515679442508702,0.3198591797532385,0.324408382219723,0,0,287,0.15567899708301414,-0.01176280136556164,-0.014384414566260093,0.2268168209435475
0,2,displacement_elevation_exog_v1,7,17dac7c5985891f27905e7056b45626a0d6f4dbf34f336534c17bb76ecd32f09,MJ1,calibrated,2018-12-05,2019-09-17,287,1,0.10295444202323065,-0.1332539635150423,0.1332539635150423,0.23620840553827294,0.08846583875087369,0.15474147170883734,1.7491663888995697,0.20245487208007892,0.19166745333016935,0.1410290296424906,0.9998106850886378,0.9998106850886378,0.1598610472025586,0.1332539635150423,0.9998683037572985,0.9998683037572985,0.033494581704375546,0.0705145148212453,0.054562063405919736,0.052857053310513526,0.926829268292683,0.12682926829268293,0.8340603071498471,0.880566451102953,0,0,287,-0.19896282855766056,0.031806406127610765,0.007775066127448299,-0.05834772882061867
0,2,displacement_elevation_exog_v1,7,17dac7c5985891f27905e7056b45626a0d6f4dbf34f336534c17bb76ecd32f09,MJ3,calibrated,2018-12-05,2019-09-17,287,1,-0.004308490798252094,-0.11734578965108389,0.11734578965108389,0.1130372988528318,0.053000883939105674,0.14306881011356848,2.6993664912823827,0.24051810725641926,0.139929820745321,0.0992404285522732,0.9997987237548456,0.9997987237548456,0.12872194942682458,0.11734578965108389,0.9998296754763429,0.9998296754763429,0.03822420896671831,0.0496202142761366,0.03413164943919268,0.040658690894015866,0.9790940766550522,0.17909407665505217,0.6729990671750322,0.72355858405911,0,0,287,-0.08707039761597035,0.011207871318496432,-0.018105361098810682,0.15429067504377603
0,2,displacement_elevation_exog_v1,7,17dac7c5985891f27905e7056b45626a0d6f4dbf34f336534c17bb76ecd32f09,ATU1,calibrated,2018-12-05,2019-09-17,287,1,0.09834551043565616,-0.06980478984656123,0.06980478984656123,0.1681503002822174,0.058367995252277156,0.1844107577648742,3.159449917164658,0.06335169590242634,0.21353356486800248,0.11037184678579999,0.9989241951176099,0.9989241951176099,0.09092667976084662,0.07058980574671665,0.9998049329682087,0.9998049329682087,0.09108822739446856,0.055185923392899995,0.11902080371336417,0.08843165150024423,0.9895470383275261,0.18954703832752606,2.060942329645828,2.1010903110783277,0,0,287,-1.3484148484210996,0.12260688510715587,0.03978204103908334,-0.5635663764513721
0,2,displacement_elevation_exog_v1,7,17dac7c5985891f27905e7056b45626a0d6f4dbf34f336534c17bb76ecd32f09,ATU2,calibrated,2018-12-05,2019-09-17,287,1,0.16578381543466864,-0.047071045296167235,0.047071045296167235,0.21285486073083587,0.05635526536064369,0.23887337406538173,4.238705514679406,0.020497947571508524,0.2948912355371347,0.17114364469312804,0.9960684453405476,0.9960684453405476,0.07335211878306687,0.04789006968641105,0.9997567426822236,0.9997567426822236,0.06955958259892955,0.08557182234656402,0.09205285385209554,0.0823947529325297,0.975609756097561,0.1756097560975609,1.4486372199432551,1.6161243645102512,0,0,287,-3.0202142818703352,0.22153911675406784,0.12325357500671699,-2.5736770861640768
0,2,displacement_elevation_exog_v1,7,17dac7c5985891f27905e7056b45626a0d6f4dbf34f336534c17bb76ecd32f09,ATU3,calibrated,2018-12-05,2019-09-17,287,1,0.2737345414683729,-0.10678362369337965,0.10678362369337965,0.3805181651617526,0.0987233467727449,0.3329663283742945,3.372721238277736,0.11141435570202461,0.4333866827642941,0.2801816183391645,0.9981408843521969,0.9981408843521969,0.14531029645708476,0.10845602787456456,0.9997909991464513,0.9997909991464513,0.07632122283958903,0.14009080916958225,0.11841059582174782,0.11160754261030637,0.9616724738675958,0.16167247386759576,1.7355222347258086,1.9473181866133686,0,0,287,-1.9824912159083539,0.28807638630720933,0.17172559046459995,-1.5833660316530325
0,2,displacement_elevation_exog_v1,7,17dac7c5985891f27905e7056b45626a0d6f4dbf34f336534c17bb76ecd32f09,ATU4,calibrated,2018-12-05,2019-09-17,287,1,0.15508611064938388,-0.03301407665505239,0.03301407665505239,0.18810018730443626,0.06100275389090093,0.18398551983900804,3.016019902446585,0.015929473565037173,0.24725790051125915,0.16119103691859438,0.9956632810726864,0.9956632810726864,0.06926975467110544,0.0510004878048782,0.9996596323940934,0.9996596323940934,0.04332844872791333,0.08059551845929719,0.0645754293472444,0.06283313217815163,0.9372822299651568,0.1372822299651567,0.9444359755270284,1.0790387807515776,0,0,287,-2.569492943713255,0.1779881458401537,0.11019054911371617,-2.160578336726741
0,2,displacement_elevation_exog_v1,7,17dac7c5985891f27905e7056b45626a0d6f4dbf34f336534c17bb76ecd32f09,ATU5,calibrated,2018-12-05,2019-09-17,287,1,0.2077951133973137,-0.14921010123803463,0.14921010123803463,0.35700521463534834,0.07472807187371937,0.3178059343541294,4.252831986501401,0.4530121118086529,0.3577011475601955,0.20900144936474344,0.9993341863686783,0.9993341863686783,0.166818708780996,0.14921010123803463,0.9998551890088413,0.9998551890088413,0.10239808028921073,0.10450072468237172,0.13904246250207997,0.11531375582455412,0.975609756097561,0.1756097560975609,2.276921103954493,2.4144054279129072,0,0,287,-1.1442507868214888,0.1908824387791995,0.059791348126708804,-0.40071917136041457
0,3,displacement_elevation_exog_v1,7,17dac7c5985891f27905e7056b45626a0d6f4dbf34f336534c17bb76ecd32f09,overall,raw,2019-09-18,2020-06-30,287,8,-0.15082686723238434,-0.1747658904206574,0.1747658904206574,0.023939023188273074,0.2920134418124893,0.04777603987704412,0.16360904340740098,-0.13710588001107105,0.3377705435519049,0.17433000241710989,0.9999988605791914,0.9999988605791914,0.34026141030996043,0.18053259739707228,0.9999988437120588,0.9999988437120588,0.0387207137798817,0.08716500120855494,0.07644157741261905,0.0674424308003519,0.75,-0.050000000000000044,0.518378693381595,1.1516229119250074,0,0,2296,0.007320450343712204,-0.0024908667580555433,-0.006202594979962395,0.034357202352326977
0,3,displacement_elevation_exog_v1,7,17dac7c5985891f27905e7056b45626a0d6f4dbf34f336534c17bb76ecd32f09,MJ9,raw,2019-09-18,2020-06-30,287,1,-0.07996425579271393,-0.08613425087108013,0.08613425087108013,0.006169995078366192,0.09018192769378008,0.014423991306255539,0.1599432577581769,0.12519311075211562,0.1199228430803738,0.09016159226359931,0.9997276683512102,0.9997276683512102,0.12459354735642256,0.09359062717770046,0.9997060419313405,0.9997060419313405,0.013629461764470727,0.045080796131799654,0.05157017471066631,0.036760144202312224,0.44947735191637633,-0.3505226480836237,0.09309394858190229,0.6519963647513703,0,0,287,0.03748752945196554,-0.004670704276048751,-0.0034290349141011534,0.036638657283388554
0,3,displacement_elevation_exog_v1,7,17dac7c5985891f27905e7056b45626a0d6f4dbf34f336534c17bb76ecd32f09,MJ1,raw,2019-09-18,2020-06-30,287,1,-0.11830439680696388,-0.14917262968946765,0.14917262968946765,0.030868232882503767,0.10655297947450441,0.01575960554488165,0.1479039405805874,-0.6548712045613416,0.1665806334838232,0.12716856737180326,0.9998531182131168,0.9998531182131168,0.18321149396116104,0.14917262968946765,0.9998223258031971,0.9998223258031971,0.019665073496094643,0.06358428368590163,0.05186307673204694,0.04503747797134774,0.5644599303135889,-0.23554006968641117,0.18086733188278104,0.7152815022814158,0,0,287,0.09077411093467425,-0.016630860477337833,-0.022004062317664386,0.1475073702425853
0,3,displacement_elevation_exog_v1,7,17dac7c5985891f27905e7056b45626a0d6f4dbf34f336534c17bb76ecd32f09,MJ3,raw,2019-09-18,2020-06-30,287,1,-0.16272948190523417,-0.18201727868135892,0.18201727868135892,0.019287796776124758,0.12873211584336292,0.02506151986551395,0.19467962366134026,-0.71911286345983,0.2196471262288987,0.1627360872785801,0.9997734279749663,0.9997734279749663,0.2228104696269016,0.18201727868135892,0.9997668548297048,0.9997668548297048,0.02669010692590329,0.08136804363929005,0.07350987678221539,0.06052267578246958,0.5365853658536586,-0.2634146341463415,0.23320028032910115,1.0019998370811867,0,0,287,0.01419746299758684,-0.0031633433980028935,-0.019281191402778813,0.10593055528828466
0,3,displacement_elevation_exog_v1,7,17dac7c5985891f27905e7056b45626a0d6f4dbf34f336534c17bb76ecd32f09,ATU1,raw,2019-09-18,2020-06-30,287,1,-0.18974581213237102,-0.22335606284045828,0.22335606284045828,0.03361025070808727,0.422776923498751,0.04029966382836676,0.09532134226925423,-0.34412418602535877,0.47689073584720976,0.24828461012235511,0.9987686116212835,0.9987686116212835,0.47749918246494477,0.2485967719772182,0.998765467454298,0.998765467454298,0.06333246914652171,0.12414230506117756,0.10411937377933242,0.09719804932901055,0.89198606271777,0.09198606271776999,0.9781263789910756,1.6745184292585416,0,0,287,0.0012742359360576883,-0.0006084466177350145,-0.00031216185486307446,0.0012556955280645932
0,3,displacement_elevation_exog_v1,7,17dac7c5985891f27905e7056b45626a0d6f4dbf34f336534c17bb76ecd32f09,ATU2,raw,2019-09-18,2020-06-30,287,1,-0.10824646714717384,-0.15546682926829275,0.15546682926829275,0.047220362121118915,0.28273327460326164,0.044647657544584614,0.15791440751795244,-0.4484825068446128,0.3234912930069022,0.15380000459477616,0.9985848314998512,0.9985848314998512,0.3222258673501355,0.15633909407665492,0.9985958814908783,0.9985958814908783,0.037751963531756076,0.07690000229738808,0.0735615630815832,0.06273784297024244,0.89198606271777,0.09198606271776999,0.601563151091068,1.1131352661333929,0,0,287,-0.003927138647102257,0.0012654256567667388,-0.0025390894818787535,0.016240912082001735
0,3,displacement_elevation_exog_v1,7,17dac7c5985891f27905e7056b45626a0d6f4dbf34f336534c17bb76ecd32f09,ATU3,raw,2019-09-18,2020-06-30,287,1,-0.22782027011685116,-0.24300142857142848,0.24300142857142848,0.01518115845457731,0.43028391709775354,0.06079961356370533,0.1413011529080522,-0.0686088650762738,0.4936215089202555,0.24153602456579293,0.998635868853513,0.998635868853513,0.4935066784621653,0.2444569686411152,0.9986365034514051,0.9986365034514051,0.06152734961343138,0.12076801228289646,0.10667886651808747,0.09632474280480512,0.8885017421602788,0.08850174216027873,0.8477001657171076,1.6820621613151883,0,0,287,-0.00023268268313625384,0.00011483045809024262,-0.002920944075322285,0.011948704475716942
0,3,displacement_elevation_exog_v1,7,17dac7c5985891f27905e7056b45626a0d6f4dbf34f336534c17bb76ecd32f09,ATU4,raw,2019-09-18,2020-06-30,287,1,-0.16528720440578998,-0.13881038327526124,0.13881038327526124,-0.026476821130528724,0.27416485394879053,0.04334129029973003,0.15808477883100752,0.2947342681037045,0.31163471895577277,0.16776620279504617,0.9977427292362115,0.9977427292362115,0.30687584774225235,0.1492666202090592,0.9978111429332277,0.9978111429332277,0.039349137381472825,0.08388310139752309,0.06528861299117689,0.06284028392339093,0.8885017421602788,0.08850174216027873,0.4868866854211701,1.046377503726497,0,0,287,-0.015507480463296197,0.004758871213520421,0.018499582585986968,-0.12393650073993046
0,3,displacement_elevation_exog_v1,7,17dac7c5985891f27905e7056b45626a0d6f4dbf34f336534c17bb76ecd32f09,ATU5,raw,2019-09-18,2020-06-30,287,1,-0.1545170495519767,-0.2201682601679118,0.2201682601679118,0.0656512106159351,0.33142142192551766,0.051391836507956784,0.1550649206963646,-0.39832078090599937,0.3866345589963535,0.20318693034492613,0.9991636645886884,0.9991636645886884,0.39740596796319644,0.2208207887240037,0.9991164158551586,0.9991164158551586,0.047820148379402905,0.10159346517246307,0.0849410747058437,0.07811822941923656,0.8885017421602788,0.08850174216027873,0.7255916050385548,1.327612230852466,0,0,287,0.027104295947162127,-0.010771408966842921,-0.017633858379077577,0.07985597044994497
0,3,displacement_elevation_exog_v1,7,17dac7c5985891f27905e7056b45626a0d6f4dbf34f336534c17bb76ecd32f09,overall,calibrated,2019-09-18,2020-06-30,287,8,-0.15082686723238434,-0.1747658904206574,0.1747658904206574,0.023939023188273074,0.2920134418124893,0.04777603987704412,0.16360904340740098,-0.13710588001107105,0.3377705435519049,0.17433000241710989,0.9999988605791914,0.9999988605791914,0.34026141030996043,0.18053259739707228,0.9999988437120588,0.9999988437120588,0.03979234079546191,0.08716500120855494,0.07273134280295238,0.06656289493565641,0.7695993031358885,-0.03040069686411151,0.5424446945883714,1.1252368359841427,0,0,2296,0.007320450343712204,-0.0024908667580555433,-0.006202594979962395,0.034357202352326977
0,3,displacement_elevation_exog_v1,7,17dac7c5985891f27905e7056b45626a0d6f4dbf34f336534c17bb76ecd32f09,MJ9,calibrated,2019-09-18,2020-06-30,287,1,-0.07996425579271393,-0.08613425087108013,0.08613425087108013,0.006169995078366192,0.09018192769378008,0.014423991306255539,0.1599432577581769,0.12519311075211562,0.1199228430803738,0.09016159226359931,0.9997276683512102,0.9997276683512102,0.12459354735642256,0.09359062717770046,0.9997060419313405,0.9997060419313405,0.01579328371033729,0.045080796131799654,0.0389544353732364,0.03327617173845778,0.49477351916376305,-0.305226480836237,0.15743807466061083,0.5474771908357369,0,0,287,0.03748752945196554,-0.004670704276048751,-0.0034290349141011534,0.036638657283388554
0,3,displacement_elevation_exog_v1,7,17dac7c5985891f27905e7056b45626a0d6f4dbf34f336534c17bb76ecd32f09,MJ1,calibrated,2019-09-18,2020-06-30,287,1,-0.11830439680696388,-0.14917262968946765,0.14917262968946765,0.030868232882503767,0.10655297947450441,0.01575960554488165,0.1479039405805874,-0.6548712045613416,0.1665806334838232,0.12716856737180326,0.9998531182131168,0.9998531182131168,0.18321149396116104,0.14917262968946765,0.9998223258031971,0.9998223258031971,0.02576441833008466,0.06358428368590163,0.03591663919351231,0.04175511373649954,0.6724738675958188,-0.1275261324041812,0.3028542285625814,0.6168105752359697,0,0,287,0.09077411093467425,-0.016630860477337833,-0.022004062317664386,0.1475073702425853
0,3,displacement_elevation_exog_v1,7,17dac7c5985891f27905e7056b45626a0d6f4dbf34f336534c17bb76ecd32f09,MJ3,calibrated,2019-09-18,2020-06-30,287,1,-0.16272948190523417,-0.18201727868135892,0.18201727868135892,0.019287796776124758,0.12873211584336292,0.02506151986551395,0.19467962366134026,-0.71911286345983,0.2196471262288987,0.1627360872785801,0.9997734279749663,0.9997734279749663,0.2228104696269016,0.18201727868135892,0.9997668548297048,0.9997668548297048,0.026999956270688397,0.08136804363929005,0.0723901767808466,0.060252725563608354,0.5400696864111498,-0.2599303135888502,0.23939726722480328,0.99390133051535,0,0,287,0.01419746299758684,-0.0031633433980028935,-0.019281191402778813,0.10593055528828466
0,3,displacement_elevation_exog_v1,7,17dac7c5985891f27905e7056b45626a0d6f4dbf34f336534c17bb76ecd32f09,ATU1,calibrated,2019-09-18,2020-06-30,287,1,-0.18974581213237102,-0.22335606284045828,0.22335606284045828,0.03361025070808727,0.422776923498751,0.04029966382836676,0.09532134226925423,-0.34412418602535877,0.47689073584720976,0.24828461012235511,0.9987686116212835,0.9987686116212835,0.47749918246494477,0.2485967719772182,0.998765467454298,0.998765467454298,0.06333246914652171,0.12414230506117756,0.10411937377933242,0.09719804932901055,0.89198606271777,0.09198606271776999,0.9781263789910756,1.6745184292585416,0,0,287,0.0012742359360576883,-0.0006084466177350145,-0.00031216185486307446,0.0012556955280645932
0,3,displacement_elevation_exog_v1,7,17dac7c5985891f27905e7056b45626a0d6f4dbf34f336534c17bb76ecd32f09,ATU2,calibrated,2019-09-18,2020-06-30,287,1,-0.10824646714717384,-0.15546682926829275,0.15546682926829275,0.047220362121118915,0.28273327460326164,0.044647657544584614,0.15791440751795244,-0.4484825068446128,0.3234912930069022,0.15380000459477616,0.9985848314998512,0.9985848314998512,0.3222258673501355,0.15633909407665492,0.9985958814908783,0.9985958814908783,0.037751963531756076,0.07690000229738808,0.0735615630815832,0.06273784297024244,0.89198606271777,0.09198606271776999,0.601563151091068,1.1131352661333929,0,0,287,-0.003927138647102257,0.0012654256567667388,-0.0025390894818787535,0.016240912082001735
0,3,displacement_elevation_exog_v1,7,17dac7c5985891f27905e7056b45626a0d6f4dbf34f336534c17bb76ecd32f09,ATU3,calibrated,2019-09-18,2020-06-30,287,1,-0.22782027011685116,-0.24300142857142848,0.24300142857142848,0.01518115845457731,0.43028391709775354,0.06079961356370533,0.1413011529080522,-0.0686088650762738,0.4936215089202555,0.24153602456579293,0.998635868853513,0.998635868853513,0.4935066784621653,0.2444569686411152,0.9986365034514051,0.9986365034514051,0.06152734961343138,0.12076801228289646,0.10667886651808747,0.09632474280480512,0.8885017421602788,0.08850174216027873,0.8477001657171076,1.6820621613151883,0,0,287,-0.00023268268313625384,0.00011483045809024262,-0.002920944075322285,0.011948704475716942
0,3,displacement_elevation_exog_v1,7,17dac7c5985891f27905e7056b45626a0d6f4dbf34f336534c17bb76ecd32f09,ATU4,calibrated,2019-09-18,2020-06-30,287,1,-0.16528720440578998,-0.13881038327526124,0.13881038327526124,-0.026476821130528724,0.27416485394879053,0.04334129029973003,0.15808477883100752,0.2947342681037045,0.31163471895577277,0.16776620279504617,0.9977427292362115,0.9977427292362115,0.30687584774225235,0.1492666202090592,0.9978111429332277,0.9978111429332277,0.039349137381472825,0.08388310139752309,0.06528861299117689,0.06284028392339093,0.8885017421602788,0.08850174216027873,0.4868866854211701,1.046377503726497,0,0,287,-0.015507480463296197,0.004758871213520421,0.018499582585986968,-0.12393650073993046
0,3,displacement_elevation_exog_v1,7,17dac7c5985891f27905e7056b45626a0d6f4dbf34f336534c17bb76ecd32f09,ATU5,calibrated,2019-09-18,2020-06-30,287,1,-0.1545170495519767,-0.2201682601679118,0.2201682601679118,0.0656512106159351,0.33142142192551766,0.051391836507956784,0.1550649206963646,-0.39832078090599937,0.3866345589963535,0.20318693034492613,0.9991636645886884,0.9991636645886884,0.39740596796319644,0.2208207887240037,0.9991164158551586,0.9991164158551586,0.047820148379402905,0.10159346517246307,0.0849410747058437,0.07811822941923656,0.8885017421602788,0.08850174216027873,0.7255916050385548,1.327612230852466,0,0,287,0.027104295947162127,-0.010771408966842921,-0.017633858379077577,0.07985597044994497
1,1,displacement_elevation_exog_v1,7,17dac7c5985891f27905e7056b45626a0d6f4dbf34f336534c17bb76ecd32f09,overall,raw,2018-02-21,2018-12-04,287,8,1.9311959012289597,-0.16207756672926357,0.16207756672926357,2.093273467958223,0.18392291682531414,1.3845044339234232,7.527634173170461,0.2142027422838663,2.3601494910124794,1.9311959012289597,0.9999401905932427,0.9999401905932427,0.24511638802417446,0.16307588021306405,0.99999935488793,0.99999935488793,1.2951287990727138,0.9655979506144798,0.33244155900479694,0.8643894362306636,0.046167247386759584,-0.7538327526132405,1.8898064248043338,16.275703580775108,0,0,2296,-8.628689089444771,2.115033102988305,1.7681200210158956,-10.842314747624162
1,1,displacement_elevation_exog_v1,7,17dac7c5985891f27905e7056b45626a0d6f4dbf34f336534c17bb76ecd32f09,MJ9,raw,2018-02-21,2018-12-04,287,1,0.22043765701364199,-0.08835672473867599,0.08835672473867599,0.308794381752318,0.08881672187735454,0.056946888137868946,0.6411730464056747,0.09091438709458323,0.24242293176898488,0.22043765701364199,0.9988265771581175,0.9988265771581175,0.1251712232989687,0.09286613240418139,0.9996871644259334,0.9996871644259334,0.1440688983488012,0.11021882850682099,0.04217835094826474,0.09882202593462897,0.03832752613240418,-0.7616724738675958,0.26223551659394917,1.8624724929706595,0,0,287,-0.936730547004107,0.11725170847001617,0.12757152460946058,-1.3737141981344814
1,1,displacement_elevation_exog_v1,7,17dac7c5985891f27905e7056b45626a0d6f4dbf34f336534c17bb76ecd32f09,MJ1,raw,2018-02-21,2018-12-04,287,1,0.4685076032189277,-0.26700872006361237,0.26700872006361237,0.73551632328254,0.21360549146961538,0.12020304723339453,0.5627338810739001,0.14962190905724806,0.5212576199635602,0.4685076032189277,0.9994998014827244,0.9994998014827244,0.34170452501504067,0.26700872006361237,0.9997850492194448,0.9997850492194448,0.3048939734215264,0.23425380160946385,0.0940497573234667,0.21106584411815232,0.10801393728222997,-0.6919860627177701,0.6053311375028759,3.9894373074499314,0,0,287,-0.5254630296178144,0.17955309494851956,0.20149888315531533,-0.7546528184821457
1,1,displacement_elevation_exog_v1,7,17dac7c5985891f27905e7056b45626a0d6f4dbf34f336534c17bb76ecd32f09,MJ3,raw,2018-02-21,2018-12-04,287,1,1.0853856094119536,-0.0521863807349166,0.0521863807349166,1.1375719901468702,0.05705945057066131,0.2020246336226685,3.54059899985341,-0.08064696649183184,1.1062689208158414,1.0853856094119536,0.9460629673782366,0.9460629673782366,0.07725189349988038,0.05566348093981511,0.999736982955849,0.999736982955849,0.8023869632393533,0.5426928047059768,0.17997164251608197,0.5083504701538041,0.010452961672473868,-0.7895470383275262,0.9087218030450951,9.823586057554357,0,0,287,-13.320282270072182,1.0290170273159611,1.0297221284721385,-18.49906098372652
1,1,displacement_elevation_exog_v1,7,17dac7c5985891f27905e7056b45626a0d6f4dbf34f336534c17bb76ecd32f09,ATU1,raw,2018-02-21,2018-12-04,287,1,2.5329371359285124,-0.1597519356373974,0.1597519356373974,2.6926890715659098,0.14177263597358836,1.4748586246638762,10.402985135570422,0.009563179272139023,2.9324807823981556,2.5329371359285124,0.962842172800187,0.962842172800187,0.2134247600873727,0.1597519356373974,0.9998031798469791,0.9998031798469791,1.4521737667518653,1.2664685679642562,0.4525535487971567,1.057065294504426,0.16376306620209058,-0.6362369337979095,2.9336661192517326,19.047273155490224,0,0,287,-12.74011516375909,2.7190560223107827,2.373185200291115,-14.855439408745168
1,1,displacement_elevation_exog_v1,7,17dac7c5985891f27905e7056b45626a0d6f4dbf34f336534c17bb76ecd32f09,ATU2,raw,2018-02-21,2018-12-04,287,1,2.511667133308116,-0.10696860627177686,0.10696860627177686,2.6186357395798927,0.11706242426276037,0.7708464048889433,6.584917489481406,0.0339083599644169,2.628338480710194,2.511667133308116,0.9334560276643923,0.9334560276643923,0.1584239443009627,0.10696860627177686,0.9997582381451181,0.9997582381451181,1.6969291603192627,1.255833566654058,0.4245114317642746,1.1257580529125317,0.013937282229965157,-0.7860627177700349,2.362360121813601,21.214405920835375,0,0,287,-15.590538080008038,2.4699145364092314,2.4046985270363392,-22.480413747998952
1,1,displacement_elevation_exog_v1,7,17dac7c5985891f27905e7056b45626a0d6f4dbf34f336534c17bb76ecd32f09,ATU3,raw,2018-02-21,2018-12-04,287,1,3.5480753933057767,-0.23802623693379796,0.23802623693379796,3.7861016302395747,0.21300422663602417,0.9337012513129083,4.383486966708841,0.1599878605037192,3.665978223565953,3.5480753933057767,0.9751565410119559,0.9751565410119559,0.3191695530913898,0.23802623693379796,0.9998116892069343,0.9998116892069343,2.4384663637524207,1.7740376966528884,0.6020078970330006,1.6048373191461032,0.013937282229965157,-0.7860627177700349,3.3146075288562598,30.404742607854214,0,0,287,-10.485989775836327,3.346808670474563,3.3100491563719787,-13.906236551950363
1,1,displacement_elevation_exog_v1,7,17dac7c5985891f27905e7056b45626a0d6f4dbf34f336534c17bb76ecd32f09,ATU4,raw,2018-02-21,2018-12-04,287,1,2.097846659176502,-0.09670212543553999,0.09670212543553999,2.194548784612042,0.1015799825794991,0.513853335531498,5.0586082265700645,0.1729054564143772,2.1578648949633426,2.097846659176502,0.9471373859977941,0.9471373859977941,0.1401208085467853,0.09670212543553999,0.9997771023937446,0.9997771023937446,1.4590589906825036,1.048923329588251,0.35095191998682534,0.9529780800858599,0.017421602787456445,-0.7825783972125436,1.8906723748121295,18.100109106693292,0,0,287,-14.40003171079938,2.0177440864165574,2.001144533740962,-20.69390434520378
1,1,displacement_elevation_exog_v1,7,17dac7c5985891f27905e7056b45626a0d6f4dbf34f336534c17bb76ecd32f09,ATU5,raw,2018-02-21,2018-12-04,287,1,2.9847100184682467,-0.2876198040183912,0.2876198040183912,3.272329822486638,0.26003424451083024,0.7330934753899416,2.819218971597446,0.2807826954217627,3.066716762457813,2.9847100184682467,0.9888463562718943,0.9888463562718943,0.387436908234515,0.2876198040183912,0.9998219789268481,0.9998219789268481,2.063052276065977,1.4923550092341233,0.5133079236693051,1.3562384029898018,0.003484320557491289,-0.7965156794425088,2.840856796559024,25.763601997352826,0,0,287,-6.915396538838612,2.679279854223298,2.6970902144498554,-9.377275753506167
1,1,displacement_elevation_exog_v1,7,17dac7c5985891f27905e7056b45626a0d6f4dbf34f336534c17bb76ecd32f09,overall,calibrated,2018-02-21,2018-12-04,287,8,1.9311959012289597,-0.16207756672926357,0.16207756672926357,2.093273467958223,0.18392291682531414,1.3845044339234232,7.527634173170461,0.2142027422838663,2.3601494910124794,1.9311959012289597,0.9999401905932427,0.9999401905932427,0.24511638802417446,0.16307588021306405,0.99999935488793,0.99999935488793,0.4557948913060722,0.9655979506144798,0.43539475595331223,0.6189291992912881,0.4094076655052265,-0.39059233449477354,3.9488703637746383,8.911896472593844,0,0,2296,-8.628689089444771,2.115033102988305,1.7681200210158956,-10.842314747624162
1,1,displacement_elevation_exog_v1,7,17dac7c5985891f27905e7056b45626a0d6f4dbf34f336534c17bb76ecd32f09,MJ9,calibrated,2018-02-21,2018-12-04,287,1,0.22043765701364199,-0.08835672473867599,0.08835672473867599,0.308794381752318,0.08881672187735454,0.056946888137868946,0.6411730464056747,0.09091438709458323,0.24242293176898488,0.22043765701364199,0.9988265771581175,0.9988265771581175,0.1251712232989687,0.09286613240418139,0.9996871644259334,0.9996871644259334,0.017821356541538044,0.11021882850682099,0.06721818699792512,0.06508612401542806,0.6759581881533101,-0.12404181184668994,0.7630322375871568,0.8503954353946317,0,0,287,-0.936730547004107,0.11725170847001617,0.12757152460946058,-1.3737141981344814
1,1,displacement_elevation_exog_v1,7,17dac7c5985891f27905e7056b45626a0d6f4dbf34f336534c17bb76ecd32f09,MJ1,calibrated,2018-02-21,2018-12-04,287,1,0.4685076032189277,-0.26700872006361237,0.26700872006361237,0.73551632328254,0.21360549146961538,0.12020304723339453,0.5627338810739001,0.14962190905724806,0.5212576199635602,0.4685076032189277,0.9994998014827244,0.9994998014827244,0.34170452501504067,0.26700872006361237,0.9997850492194448,0.9997850492194448,0.030877357947348544,0.23425380160946385,0.14586570554567985,0.13699895503416407,0.7909407665505227,-0.009059233449477344,1.6416501019471388,1.7674306349302842,0,0,287,-0.5254630296178144,0.17955309494851956,0.20149888315531533,-0.7546528184821457
1,1,displacement_elevation_exog_v1,7,17dac7c5985891f27905e7056b45626a0d6f4dbf34f336534c17bb76ecd32f09,MJ3,calibrated,2018-02-21,2018-12-04,287,1,1.0853856094119536,-0.0521863807349166,0.0521863807349166,1.1375719901468702,0.05705945057066131,0.2020246336226685,3.54059899985341,-0.08064696649183184,1.1062689208158414,1.0853856094119536,0.9460629673782366,0.9460629673782366,0.07725189349988038,0.05566348093981511,0.999736982955849,0.999736982955849,0.1910708633876517,0.5426928047059768,0.25064577999051163,0.32813648269471335,0.13588850174216027,-0.6641114982578398,2.322204552533689,4.4171664337816345,0,0,287,-13.320282270072182,1.0290170273159611,1.0297221284721385,-18.49906098372652
1,1,displacement_elevation_exog_v1,7,17dac7c5985891f27905e7056b45626a0d6f4dbf34f336534c17bb76ecd32f09,ATU1,calibrated,2018-02-21,2018-12-04,287,1,2.5329371359285124,-0.1597519356373974,0.1597519356373974,2.6926890715659098,0.14177263597358836,1.4748586246638762,10.402985135570422,0.009563179272139023,2.9324807823981556,2.5329371359285124,0.962842172800187,0.962842172800187,0.2134247600873727,0.1597519356373974,0.9998031798469791,0.9998031798469791,1.3898536563753427,1.2664685679642562,0.46147549406139077,1.0392659061336633,0.23693379790940766,-0.5630662020905923,3.1121050245364117,18.513291504367334,0,0,287,-12.74011516375909,2.7190560223107827,2.373185200291115,-14.855439408745168
1,1,displacement_elevation_exog_v1,7,17dac7c5985891f27905e7056b45626a0d6f4dbf34f336534c17bb76ecd32f09,ATU2,calibrated,2018-02-21,2018-12-04,287,1,2.511667133308116,-0.10696860627177686,0.10696860627177686,2.6186357395798927,0.11706242426276037,0.7708464048889433,6.584917489481406,0.0339083599644169,2.628338480710194,2.511667133308116,0.9334560276643923,0.9334560276643923,0.1584239443009627,0.10696860627177686,0.9997582381451181,0.9997582381451181,0.6589498663149056,1.255833566654058,0.5459049559980557,0.8202294629890065,0.2682926829268293,-0.5317073170731708,4.790230606489224,12.048548223129615,0,0,287,-15.590538080008038,2.4699145364092314,2.4046985270363392,-22.480413747998952
1,1,displacement_elevation_exog_v1,7,17dac7c5985891f27905e7056b45626a0d6f4dbf34f336534c17bb76ecd32f09,ATU3,calibrated,2018-02-21,2018-12-04,287,1,3.5480753933057767,-0.23802623693379796,0.23802623693379796,3.7861016302395747,0.21300422663602417,0.9337012513129083,4.383486966708841,0.1599878605037192,3.665978223565953,3.5480753933057767,0.9751565410119559,0.9751565410119559,0.3191695530913898,0.23802623693379796,0.9998116892069343,0.9998116892069343,0.5868811582916211,1.7740376966528884,0.8225098143209993,1.0611428897551696,0.37282229965156793,-0.4271777003484321,7.724645874616235,14.093909726126206,0,0,287,-10.485989775836327,3.346808670474563,3.3100491563719787,-13.906236551950363
1,1,displacement_elevation_exog_v1,7,17dac7c5985891f27905e7056b45626a0d6f4dbf34f336534c17bb76ecd32f09,ATU4,calibrated,2018-02-21,2018-12-04,287,1,2.097846659176502,-0.09670212543553999,0.09670212543553999,2.194548784612042,0.1015799825794991,0.513853335531498,5.0586082265700645,0.1729054564143772,2.1578648949633426,2.097846659176502,0.9471373859977941,0.9471373859977941,0.1401208085467853,0.09670212543553999,0.9997771023937446,0.9997771023937446,0.26947592402964676,1.048923329588251,0.49464516165946165,0.6043481384257864,0.4738675958188153,-0.3261324041811847,4.764537208264856,7.641210856891086,0,0,287,-14.40003171079938,2.0177440864165574,2.001144533740962,-20.69390434520378
1,1,displacement_elevation_exog_v1,7,17dac7c5985891f27905e7056b45626a0d6f4dbf34f336534c17bb76ecd32f09,ATU5,calibrated,2018-02-21,2018-12-04,287,1,2.9847100184682467,-0.2876198040183912,0.2876198040183912,3.272329822486638,0.26003424451083024,0.7330934753899416,2.819218971597446,0.2807826954217627,3.066716762457813,2.9847100184682467,0.9888463562718943,0.9888463562718943,0.387436908234515,0.2876198040183912,0.9998219789268481,0.9998219789268481,0.5014289475605236,1.4923550092341233,0.6948929490524736,0.8962256352823735,0.3205574912891986,-0.47944250871080146,6.472557304222395,11.963218966129974,0,0,287,-6.915396538838612,2.679279854223298,2.6970902144498554,-9.377275753506167
1,2,displacement_elevation_exog_v1,7,17dac7c5985891f27905e7056b45626a0d6f4dbf34f336534c17bb76ecd32f09,overall,raw,2018-12-05,2019-09-17,287,8,0.20563322594135428,-0.08899660405050402,0.08899660405050402,0.2946298299918583,0.08053213935326142,0.2518762029798239,3.127648228428981,0.1223173506917376,0.32744705519596123,0.22536284495101308,0.9999988791669958,0.9999988791669958,0.12001248409509184,0.09264561082896423,0.9999998494393146,0.9999998494393146,0.047653927325684645,0.11268142247550654,0.07187327366458807,0.07740287448859308,0.7077526132404182,-0.09224738675958188,0.8448655500726692,1.1952720099027272,0,0,2296,-1.7284416089288568,0.20743457110086938,0.13271723412204883,-1.432525868570957
1,2,displacement_elevation_exog_v1,7,17dac7c5985891f27905e7056b45626a0d6f4dbf34f336534c17bb76ecd32f09,MJ9,raw,2018-12-05,2019-09-17,287,1,0.05271526673848934,-0.055489442508710865,0.055489442508710865,0.10820470924720021,0.05137252387005158,0.038454088323547464,0.7485341467905741,0.5691583101274454,0.06812865802997645,0.05872237906759535,0.9998814720152233,0.9998814720152233,0.07555804948620815,0.06341864111498252,0.9998542116878548,0.9998542116878548,0.01987230360176501,0.029361189533797676,0.013905067617366242,0.021046186917642973,0.43902439024390244,-0.3609756097560976,0.13357958280023044,0.3377737121913126,0,0,287,0.09832693547214733,-0.007429391456231699,-0.00469626204738717,0.07405176088324739
1,2,displacement_elevation_exog_v1,7,17dac7c5985891f27905e7056b45626a0d6f4dbf34f336534c17bb76ecd32f09,MJ1,raw,2018-12-05,2019-09-17,287,1,0.14795643122994445,-0.1332539635150423,0.1332539635150423,0.28121039474498677,0.08846583875087369,0.11067645406804295,1.2510643162465909,0.20729752245265853,0.19455448285359114,0.15086191616796063,0.9998049389481573,0.9998049389481573,0.1598610472025586,0.1332539635150423,0.9998683037572985,0.9998683037572985,0.0651421193824601,0.07543095808398032,0.03700017405071577,0.05919108383905206,0.37630662020905925,-0.4236933797909408,0.32710770193275596,1.021422934331759,0,0,287,-0.21702244704473128,0.034693435651032556,0.01760795265291834,-0.13213830334533117
1,2,displacement_elevation_exog_v1,7,17dac7c5985891f27905e7056b45626a0d6f4dbf34f336534c17bb76ecd32f09,MJ3,raw,2018-12-05,2019-09-17,287,1,0.020050145051529956,-0.11734578965108389,0.11734578965108389,0.13739593470261385,0.053000883939105674,0.15570593363671556,2.93779880757481,0.3621067471071167,0.14630581593303005,0.11107438301201555,0.9997799632876284,0.9997799632876284,0.12872194942682458,0.11734578965108389,0.9998296754763429,0.9998296754763429,0.024129346233177962,0.05553719150600778,0.025589204024908992,0.03508524725469824,0.8292682926829268,0.029268292682926744,0.3776143305586813,0.4971855025808696,0,0,287,-0.13660348203630557,0.01758386650620547,-0.006271406639068333,0.053443814709634996
1,2,displacement_elevation_exog_v1,7,17dac7c5985891f27905e7056b45626a0d6f4dbf34f336534c17bb76ecd32f09,ATU1,raw,2018-12-05,2019-09-17,287,1,0.23134291842989915,-0.06980478984656123,0.06980478984656123,0.30114770827646037,0.058367995252277156,0.24545722601324196,4.205339329410423,-0.057547605644392125,0.3443791897494493,0.24555247123206406,0.9972018241135446,0.9972018241135446,0.09092667976084662,0.07058980574671665,0.9998049329682087,0.9998049329682087,0.058268927891608986,0.12277623561603203,0.11034982175883225,0.0971316617554911,0.9442508710801394,0.14425087108013934,1.4955547590534948,1.6861874965044126,0,0,287,-2.7874383036445187,0.2534525099886027,0.1749626654853474,-2.478582617341817
1,2,displacement_elevation_exog_v1,7,17dac7c5985891f27905e7056b45626a0d6f4dbf34f336534c17bb76ecd32f09,ATU2,raw,2018-12-05,2019-09-17,287,1,0.2954903552684746,-0.047071045296167235,0.047071045296167235,0.34256140056464185,0.05635526536064369,0.20604874787859093,3.6562466090788264,-0.16412996911475408,0.3695754411602709,0.29557728196973626,0.9938248601764565,0.9938248601764565,0.07335211878306687,0.04789006968641105,0.9997567426822236,0.9997567426822236,0.04297233319620193,0.14778864098486813,0.09066594876509655,0.09380897431538887,0.7526132404181185,-0.04738675958188154,1.0128280435785695,1.3363828196129852,0,0,287,-4.038374450413099,0.29622332237720406,0.24768721228332521,-5.171995236281879
1,2,displacement_elevation_exog_v1,7,17dac7c5985891f27905e7056b45626a0d6f4dbf34f336534c17bb76ecd32f09,ATU3,raw,2018-12-05,2019-09-17,287,1,0.34906093853449355,-0.10678362369337965,0.10678362369337965,0.4558445622278732,0.0987233467727449,0.304872443912794,3.088149398081,-0.04182609966036988,0.47611786513834825,0.3578529631980886,0.9977561995161404,0.9977561995161404,0.14531029645708476,0.10845602787456456,0.9997909991464513,0.9997909991464513,0.05976260038225503,0.1789264815990443,0.11973798758996347,0.1194756898570876,0.8989547038327527,0.09895470383275262,1.4024476994170483,1.795005879722185,0,0,287,-2.2765597259583226,0.3308075686812635,0.24939693532352408,-2.2995211996143317
1,2,displacement_elevation_exog_v1,7,17dac7c5985891f27905e7056b45626a0d6f4dbf34f336534c17bb76ecd32f09,ATU4,raw,2018-12-05,2019-09-17,287,1,0.16414127089961994,-0.03301407665505239,0.03301407665505239,0.19715534755467232,0.06100275389090093,0.18716189308917647,3.068089244362675,-0.40504280545185256,0.27345033151567333,0.19687892241466026,0.9946958251825796,0.9946958251825796,0.06926975467110544,0.0510004878048782,0.9996596323940934,0.9996596323940934,0.039021195224710106,0.09843946120733013,0.06344579513122235,0.0669688171877542,0.8850174216027874,0.08501742160278736,0.788125676522637,1.0246699035593245,0,0,287,-2.947615128911925,0.2041805768445679,0.14587843460978206,-2.8603341044088753
1,2,displacement_elevation_exog_v1,7,17dac7c5985891f27905e7056b45626a0d6f4dbf34f336534c17bb76ecd32f09,ATU5,raw,2018-12-05,2019-09-17,287,1,0.38430848137838314,-0.14921010123803463,0.14921010123803463,0.5335185826164178,0.07472807187371937,0.2921211401965539,3.9091218717672827,0.02453301845663839,0.48706046922492646,0.38638244254598375,0.9987655378427475,0.9987655378427475,0.166818708780996,0.14921010123803463,0.9998551890088413,0.9998551890088413,0.07206259269329802,0.19319122127299188,0.11429219037859882,0.12651533478162957,0.5365853658536586,-0.2634146341463415,1.2216666067179363,1.8635478307189688,0,0,287,-1.9196993118101178,0.3202417604439305,0.23717234130794912,-1.5895193377664723
1,2,displacement_elevation_exog_v1,7,17dac7c5985891f27905e7056b45626a0d6f4dbf34f336534c17bb76ecd32f09,overall,calibrated,2018-12-05,2019-09-17,287,8,0.20563322594135428,-0.08899660405050402,0.08899660405050402,0.2946298299918583,0.08053213935326142,0.2518762029798239,3.127648228428981,0.1223173506917376,0.32744705519596123,0.22536284495101308,0.9999988791669958,0.9999988791669958,0.12001248409509184,0.09264561082896423,0.9999998494393146,0.9999998494393146,0.04912793130336475,0.11268142247550654,0.09968545310426764,0.08716493562771298,0.9638501742160279,0.16385017421602788,1.401109138866261,1.4881338440763243,0,0,2296,-1.7284416089288568,0.20743457110086938,0.13271723412204883,-1.432525868570957
1,2,displacement_elevation_exog_v1,7,17dac7c5985891f27905e7056b45626a0d6f4dbf34f336534c17bb76ecd32f09,MJ9,calibrated,2018-12-05,2019-09-17,287,1,0.05271526673848934,-0.055489442508710865,0.055489442508710865,0.10820470924720021,0.05137252387005158,0.038454088323547464,0.7485341467905741,0.5691583101274454,0.06812865802997645,0.05872237906759535,0.9998814720152233,0.9998814720152233,0.07555804948620815,0.06341864111498252,0.9998542116878548,0.9998542116878548,0.008412252531757066,0.029361189533797676,0.022110806874632728,0.019961416313395822,0.9790940766550522,0.17909407665505217,0.29769436794556015,0.30523059406389796,0,0,287,0.09832693547214733,-0.007429391456231699,-0.00469626204738717,0.07405176088324739
1,2,displacement_elevation_exog_v1,7,17dac7c5985891f27905e7056b45626a0d6f4dbf34f336534c17bb76ecd32f09,MJ1,calibrated,2018-12-05,2019-09-17,287,1,0.14795643122994445,-0.1332539635150423,0.1332539635150423,0.28121039474498677,0.08846583875087369,0.11067645406804295,1.2510643162465909,0.20729752245265853,0.19455448285359114,0.15086191616796063,0.9998049389481573,0.9998049389481573,0.1598610472025586,0.1332539635150423,0.9998683037572985,0.9998683037572985,0.024523480492491624,0.07543095808398032,0.05626485751820184,0.052073098698224594,0.9163763066202091,0.11637630662020904,0.7124013712824773,0.8078833801069347,0,0,287,-0.21702244704473128,0.034693435651032556,0.01760795265291834,-0.13213830334533117
1,2,displacement_elevation_exog_v1,7,17dac7c5985891f27905e7056b45626a0d6f4dbf34f336534c17bb76ecd32f09,MJ3,calibrated,2018-12-05,2019-09-17,287,1,0.020050145051529956,-0.11734578965108389,0.11734578965108389,0.13739593470261385,0.053000883939105674,0.15570593363671556,2.93779880757481,0.3621067471071167,0.14630581593303005,0.11107438301201555,0.9997799632876284,0.9997799632876284,0.12872194942682458,0.11734578965108389,0.9998296754763429,0.9998296754763429,0.026442260258442908,0.05553719150600778,0.034547607058579934,0.038842352941010204,0.9721254355400697,0.17212543554006965,0.5567823912321003,0.6098986731702285,0,0,287,-0.13660348203630557,0.01758386650620547,-0.006271406639068333,0.053443814709634996
1,2,displacement_elevation_exog_v1,7,17dac7c5985891f27905e7056b45626a0d6f4dbf34f336534c17bb76ecd32f09,ATU1,calibrated,2018-12-05,2019-09-17,287,1,0.23134291842989915,-0.06980478984656123,0.06980478984656123,0.30114770827646037,0.058367995252277156,0.24545722601324196,4.205339329410423,-0.057547605644392125,0.3443791897494493,0.24555247123206406,0.9972018241135446,0.9972018241135446,0.09092667976084662,0.07058980574671665,0.9998049329682087,0.9998049329682087,0.07349050271887286,0.12277623561603203,0.13516666278932357,0.11047780037474282,0.9721254355400697,0.17212543554006965,1.9918915796633214,2.086571655081965,0,0,287,-2.7874383036445187,0.2534525099886027,0.1749626654853474,-2.478582617341817
1,2,displacement_elevation_exog_v1,7,17dac7c5985891f27905e7056b45626a0d6f4dbf34f336534c17bb76ecd32f09,ATU2,calibrated,2018-12-05,2019-09-17,287,1,0.2954903552684746,-0.047071045296167235,0.047071045296167235,0.34256140056464185,0.05635526536064369,0.20604874787859093,3.6562466090788264,-0.16412996911475408,0.3695754411602709,0.29557728196973626,0.9938248601764565,0.9938248601764565,0.07335211878306687,0.04789006968641105,0.9997567426822236,0.9997567426822236,0.057099203607873066,0.14778864098486813,0.12594619034879131,0.1102780116471775,0.9616724738675958,0.16167247386759576,1.7184328752524647,1.8304539395666442,0,0,287,-4.038374450413099,0.29622332237720406,0.24768721228332521,-5.171995236281879
1,2,displacement_elevation_exog_v1,7,17dac7c5985891f27905e7056b45626a0d6f4dbf34f336534c17bb76ecd32f09,ATU3,calibrated,2018-12-05,2019-09-17,287,1,0.34906093853449355,-0.10678362369337965,0.10678362369337965,0.4558445622278732,0.0987233467727449,0.304872443912794,3.088149398081,-0.04182609966036988,0.47611786513834825,0.3578529631980886,0.9977561995161404,0.9977561995161404,0.14531029645708476,0.10845602787456456,0.9997909991464513,0.9997909991464513,0.08159095385335034,0.1789264815990443,0.16884159909366253,0.14311967818201907,0.9721254355400697,0.17212543554006965,2.38451992949103,2.504325529470129,0,0,287,-2.2765597259583226,0.3308075686812635,0.24939693532352408,-2.2995211996143317
1,2,displacement_elevation_exog_v1,7,17dac7c5985891f27905e7056b45626a0d6f4dbf34f336534c17bb76ecd32f09,ATU4,calibrated,2018-12-05,2019-09-17,287,1,0.16414127089961994,-0.03301407665505239,0.03301407665505239,0.19715534755467232,0.06100275389090093,0.18716189308917647,3.068089244362675,-0.40504280545185256,0.27345033151567333,0.19687892241466026,0.9946958251825796,0.9946958251825796,0.06926975467110544,0.0510004878048782,0.9996596323940934,0.9996596323940934,0.050262182157823763,0.09843946120733013,0.09156872315318006,0.08009012217277799,0.975609756097561,0.1756097560975609,1.350584236961791,1.4183090531100382,0,0,287,-2.947615128911925,0.2041805768445679,0.14587843460978206,-2.8603341044088753
1,2,displacement_elevation_exog_v1,7,17dac7c5985891f27905e7056b45626a0d6f4dbf34f336534c17bb76ecd32f09,ATU5,calibrated,2018-12-05,2019-09-17,287,1,0.38430848137838314,-0.14921010123803463,0.14921010123803463,0.5335185826164178,0.07472807187371937,0.2921211401965539,3.9091218717672827,0.02453301845663839,0.48706046922492646,0.38638244254598375,0.9987655378427475,0.9987655378427475,0.166818708780996,0.14921010123803463,0.9998551890088413,0.9998551890088413,0.0712026148063064,0.19319122127299188,0.16303717799776918,0.14247700469235583,0.9616724738675958,0.16167247386759576,2.196566359101344,2.3423979280407563,0,0,287,-1.9196993118101178,0.3202417604439305,0.23717234130794912,-1.5895193377664723
1,3,displacement_elevation_exog_v1,7,17dac7c5985891f27905e7056b45626a0d6f4dbf34f336534c17bb76ecd32f09,overall,raw,2019-09-18,2020-06-30,287,8,-0.12747452131299417,-0.1747658904206574,0.1747658904206574,0.04729136910766325,0.2920134418124893,0.04654043503517454,0.1593777147596499,-0.0893049412082103,0.3256928945064679,0.16319437393403785,0.9999989406068299,0.9999989406068299,0.34026141030996043,0.18053259739707228,0.9999988437120588,0.9999988437120588,0.03609259860878245,0.08159718696701893,0.07958269331157222,0.06575749296245786,0.742595818815331,-0.057404181184669056,0.4849005701359781,1.1567529192035468,0,0,2296,0.04281565690984879,-0.014568515803492554,-0.01733822346303443,0.09603929546806378
1,3,displacement_elevation_exog_v1,7,17dac7c5985891f27905e7056b45626a0d6f4dbf34f336534c17bb76ecd32f09,MJ9,raw,2019-09-18,2020-06-30,287,1,-0.07352934412882565,-0.08613425087108013,0.08613425087108013,0.012604906742254477,0.09018192769378008,0.012048730851263798,0.1336047161486304,0.3545881680989908,0.11352437224442538,0.08546298162929114,0.9997559535461339,0.9997559535461339,0.12459354735642256,0.09359062717770046,0.9997060419313405,0.9997060419313405,0.012285570823960286,0.04273149081464557,0.05122197630211596,0.03541301264690727,0.4355400696864111,-0.3644599303135889,0.08242398467570808,0.6350754712607626,0,0,287,0.08884228234012614,-0.011069175111997176,-0.00812764554840932,0.08684251610983829
1,3,displacement_elevation_exog_v1,7,17dac7c5985891f27905e7056b45626a0d6f4dbf34f336534c17bb76ecd32f09,MJ1,raw,2019-09-18,2020-06-30,287,1,-0.1109670016571687,-0.14917262968946765,0.14917262968946765,0.03820562803229894,0.10655297947450441,0.012665291496010898,0.1188637948790667,0.037746910413350585,0.1539024965327954,0.11919446185823113,0.9998746251985497,0.9998746251985497,0.18321149396116104,0.14917262968946765,0.9998223258031971,0.9998223258031971,0.01901516693525464,0.05959723092911556,0.04893838932340828,0.04251692906259283,0.5400696864111498,-0.2599303135888502,0.17578289955968904,0.6795355625866291,0,0,287,0.15997357368080223,-0.029308997428365652,-0.029978167831236524,0.20096292392003823
1,3,displacement_elevation_exog_v1,7,17dac7c5985891f27905e7056b45626a0d6f4dbf34f336534c17bb76ecd32f09,MJ3,raw,2019-09-18,2020-06-30,287,1,-0.16152882877163505,-0.18201727868135892,0.18201727868135892,0.020488449909723896,0.12873211584336292,0.020213863287600244,0.15702269130879368,-0.4620448044506621,0.21309438656379942,0.16152882877163505,0.9997867449844293,0.9997867449844293,0.2228104696269016,0.18201727868135892,0.9997668548297048,0.9997668548297048,0.02658888132402927,0.08076441438581752,0.07539944135220442,0.06091757902068373,0.5261324041811847,-0.27386759581881537,0.2239100104802872,1.0198832267623368,0,0,287,0.04360694126883646,-0.009716083063102177,-0.02048844990972387,0.11256321409788317
1,3,displacement_elevation_exog_v1,7,17dac7c5985891f27905e7056b45626a0d6f4dbf34f336534c17bb76ecd32f09,ATU1,raw,2019-09-18,2020-06-30,287,1,-0.14265785888462018,-0.22335606284045828,0.22335606284045828,0.0806982039558381,0.422776923498751,0.033459134317859685,0.07914134489877978,-0.011876483030606512,0.44712330385035937,0.2511905716230346,0.9989175399168294,0.9989175399168294,0.47749918246494477,0.2485967719772182,0.998765467454298,0.998765467454298,0.05818456777634643,0.1255952858115173,0.10150003814638733,0.09509329724475035,0.8885017421602788,0.08850174216027873,0.8876802451241727,1.5968460592273377,0,0,287,0.06361451439095489,-0.030375878614585405,0.002593799645816408,-0.010433762374252087
1,3,displacement_elevation_exog_v1,7,17dac7c5985891f27905e7056b45626a0d6f4dbf34f336534c17bb76ecd32f09,ATU2,raw,2019-09-18,2020-06-30,287,1,-0.08200037842764743,-0.15546682926829275,0.15546682926829275,0.07346645084064533,0.28273327460326164,0.030739705885250757,0.1087233397921963,-0.27145552844347276,0.3033600957093871,0.13598475932322734,0.9987554857697204,0.9987554857697204,0.3222258673501355,0.15633909407665492,0.9985958814908783,0.9985958814908783,0.03499324820389456,0.06799237966161367,0.07499834265164042,0.05932799017238288,0.89198606271777,0.09198606271776999,0.5668766711658155,1.0999159085553498,0,0,287,0.05854828414581792,-0.018865771640748374,-0.020354334753427572,0.13019350581274058
1,3,displacement_elevation_exog_v1,7,17dac7c5985891f27905e7056b45626a0d6f4dbf34f336534c17bb76ecd32f09,ATU3,raw,2019-09-18,2020-06-30,287,1,-0.19259259260070313,-0.24300142857142848,0.24300142857142848,0.05040883597072533,0.43028391709775354,0.04720405777430226,0.10970444373726909,-0.3263806354751988,0.48685074420379454,0.21380906250615686,0.998673034441218,0.998673034441218,0.4935066784621653,0.2444569686411152,0.9986365034514051,0.9986365034514051,0.05749528077982627,0.10690453125307843,0.1171904101752159,0.09386340740270688,0.8850174216027874,0.08501742160278736,0.7968867156339825,1.7468569095504218,0,0,287,0.01348701962678911,-0.006655934258370744,-0.030647906134958353,0.12537137437858126
1,3,displacement_elevation_exog_v1,7,17dac7c5985891f27905e7056b45626a0d6f4dbf34f336534c17bb76ecd32f09,ATU4,raw,2019-09-18,2020-06-30,287,1,-0.14282210545094787,-0.13881038327526124,0.13881038327526124,-0.004011722175686609,0.27416485394879053,0.033135753502105174,0.12086069029217868,-0.1897015958765599,0.3159612456157616,0.15448815135634233,0.997679617298986,0.997679617298986,0.30687584774225235,0.1492666202090592,0.9978111429332277,0.9978111429332277,0.0365760396181693,0.07724407567817117,0.0743708586780446,0.06273032465812835,0.8850174216027874,0.08501742160278736,0.45496921941888935,1.109468982962139,0,0,287,-0.02960610272966213,0.00908539787350926,0.005221531147283132,-0.03498123786798413
1,3,displacement_elevation_exog_v1,7,17dac7c5985891f27905e7056b45626a0d6f4dbf34f336534c17bb76ecd32f09,ATU5,raw,2019-09-18,2020-06-30,287,1,-0.11369806058240525,-0.2201682601679118,0.2201682601679118,0.10647019958550655,0.33142142192551766,0.035949806856745335,0.10847158475116479,-0.5958712796420039,0.37124407168434137,0.18389617440438427,0.9992289222007305,0.9992289222007305,0.39740596796319644,0.2208207887240037,0.9991164158551586,0.9991164158551586,0.04360203340877885,0.09194808720219214,0.09304208986356075,0.07619740349151058,0.8885017421602788,0.08850174216027873,0.6906748150292803,1.366441232723396,0,0,287,0.06583166431279641,-0.026161896278855068,-0.036924614319619437,0.16721529948781333
1,3,displacement_elevation_exog_v1,7,17dac7c5985891f27905e7056b45626a0d6f4dbf34f336534c17bb76ecd32f09,overall,calibrated,2019-09-18,2020-06-30,287,8,-0.12747452131299417,-0.1747658904206574,0.1747658904206574,0.04729136910766325,0.2920134418124893,0.04654043503517454,0.1593777147596499,-0.0893049412082103,0.3256928945064679,0.16319437393403785,0.9999989406068299,0.9999989406068299,0.34026141030996043,0.18053259739707228,0.9999988437120588,0.9999988437120588,0.03662539932938146,0.08159718696701893,0.07751280715110691,0.06524513114916909,0.7517421602787456,-0.048257839721254414,0.49638791680078587,1.1413820648048838,0,0,2296,0.04281565690984879,-0.014568515803492554,-0.01733822346303443,0.09603929546806378
1,3,displacement_elevation_exog_v1,7,17dac7c5985891f27905e7056b45626a0d6f4dbf34f336534c17bb76ecd32f09,MJ9,calibrated,2019-09-18,2020-06-30,287,1,-0.07352934412882565,-0.08613425087108013,0.08613425087108013,0.012604906742254477,0.09018192769378008,0.012048730851263798,0.1336047161486304,0.3545881680989908,0.11352437224442538,0.08546298162929114,0.9997559535461339,0.9997559535461339,0.12459354735642256,0.09359062717770046,0.9997060419313405,0.9997060419313405,0.012636707730267356,0.04273149081464557,0.04841857955965557,0.03459559270152283,0.445993031358885,-0.354006968641115,0.09609738082446881,0.6105528728992292,0,0,287,0.08884228234012614,-0.011069175111997176,-0.00812764554840932,0.08684251610983829
1,3,displacement_elevation_exog_v1,7,17dac7c5985891f27905e7056b45626a0d6f4dbf34f336534c17bb76ecd32f09,MJ1,calibrated,2019-09-18,2020-06-30,287,1,-0.1109670016571687,-0.14917262968946765,0.14917262968946765,0.03820562803229894,0.10655297947450441,0.012665291496010898,0.1188637948790667,0.037746910413350585,0.1539024965327954,0.11919446185823113,0.9998746251985497,0.9998746251985497,0.18321149396116104,0.14917262968946765,0.9998223258031971,0.9998223258031971,0.021002468587336533,0.05959723092911556,0.04207286305831454,0.04089085419158888,0.5679442508710801,-0.2320557491289199,0.21552893260132697,0.6307533164565108,0,0,287,0.15997357368080223,-0.029308997428365652,-0.029978167831236524,0.20096292392003823
1,3,displacement_elevation_exog_v1,7,17dac7c5985891f27905e7056b45626a0d6f4dbf34f336534c17bb76ecd32f09,MJ3,calibrated,2019-09-18,2020-06-30,287,1,-0.16152882877163505,-0.18201727868135892,0.18201727868135892,0.020488449909723896,0.12873211584336292,0.020213863287600244,0.15702269130879368,-0.4620448044506621,0.21309438656379942,0.16152882877163505,0.9997867449844293,0.9997867449844293,0.2228104696269016,0.18201727868135892,0.9997668548297048,0.9997668548297048,0.02851284853043244,0.08076441438581752,0.0685092750760361,0.05926217933076202,0.5609756097560976,-0.23902439024390243,0.2623893546083507,0.9702212360646854,0,0,287,0.04360694126883646,-0.009716083063102177,-0.02048844990972387,0.11256321409788317
1,3,displacement_elevation_exog_v1,7,17dac7c5985891f27905e7056b45626a0d6f4dbf34f336534c17bb76ecd32f09,ATU1,calibrated,2019-09-18,2020-06-30,287,1,-0.14265785888462018,-0.22335606284045828,0.22335606284045828,0.0806982039558381,0.422776923498751,0.033459134317859685,0.07914134489877978,-0.011876483030606512,0.44712330385035937,0.2511905716230346,0.9989175399168294,0.9989175399168294,0.47749918246494477,0.2485967719772182,0.998765467454298,0.998765467454298,0.05818456777634643,0.1255952858115173,0.10150003814638733,0.09509329724475035,0.8885017421602788,0.08850174216027873,0.8876802451241727,1.5968460592273377,0,0,287,0.06361451439095489,-0.030375878614585405,0.002593799645816408,-0.010433762374252087
1,3,displacement_elevation_exog_v1,7,17dac7c5985891f27905e7056b45626a0d6f4dbf34f336534c17bb76ecd32f09,ATU2,calibrated,2019-09-18,2020-06-30,287,1,-0.08200037842764743,-0.15546682926829275,0.15546682926829275,0.07346645084064533,0.28273327460326164,0.030739705885250757,0.1087233397921963,-0.27145552844347276,0.3033600957093871,0.13598475932322734,0.9987554857697204,0.9987554857697204,0.3222258673501355,0.15633909407665492,0.9985958814908783,0.9985958814908783,0.03499324820389456,0.06799237966161367,0.07499834265164042,0.05932799017238288,0.89198606271777,0.09198606271776999,0.5668766711658155,1.0999159085553498,0,0,287,0.05854828414581792,-0.018865771640748374,-0.020354334753427572,0.13019350581274058
1,3,displacement_elevation_exog_v1,7,17dac7c5985891f27905e7056b45626a0d6f4dbf34f336534c17bb76ecd32f09,ATU3,calibrated,2019-09-18,2020-06-30,287,1,-0.19259259260070313,-0.24300142857142848,0.24300142857142848,0.05040883597072533,0.43028391709775354,0.04720405777430226,0.10970444373726909,-0.3263806354751988,0.48685074420379454,0.21380906250615686,0.998673034441218,0.998673034441218,0.4935066784621653,0.2444569686411152,0.9986365034514051,0.9986365034514051,0.05749528077982627,0.10690453125307843,0.1171904101752159,0.09386340740270688,0.8850174216027874,0.08501742160278736,0.7968867156339825,1.7468569095504218,0,0,287,0.01348701962678911,-0.006655934258370744,-0.030647906134958353,0.12537137437858126
1,3,displacement_elevation_exog_v1,7,17dac7c5985891f27905e7056b45626a0d6f4dbf34f336534c17bb76ecd32f09,ATU4,calibrated,2019-09-18,2020-06-30,287,1,-0.14282210545094787,-0.13881038327526124,0.13881038327526124,-0.004011722175686609,0.27416485394879053,0.033135753502105174,0.12086069029217868,-0.1897015958765599,0.3159612456157616,0.15448815135634233,0.997679617298986,0.997679617298986,0.30687584774225235,0.1492666202090592,0.9978111429332277,0.9978111429332277,0.0365760396181693,0.07724407567817117,0.0743708586780446,0.06273032465812835,0.8850174216027874,0.08501742160278736,0.45496921941888935,1.109468982962139,0,0,287,-0.02960610272966213,0.00908539787350926,0.005221531147283132,-0.03498123786798413
1,3,displacement_elevation_exog_v1,7,17dac7c5985891f27905e7056b45626a0d6f4dbf34f336534c17bb76ecd32f09,ATU5,calibrated,2019-09-18,2020-06-30,287,1,-0.11369806058240525,-0.2201682601679118,0.2201682601679118,0.10647019958550655,0.33142142192551766,0.035949806856745335,0.10847158475116479,-0.5958712796420039,0.37124407168434137,0.18389617440438427,0.9992289222007305,0.9992289222007305,0.39740596796319644,0.2208207887240037,0.9991164158551586,0.9991164158551586,0.04360203340877885,0.09194808720219214,0.09304208986356075,0.07619740349151058,0.8885017421602788,0.08850174216027873,0.6906748150292803,1.366441232723396,0,0,287,0.06583166431279641,-0.026161896278855068,-0.036924614319619437,0.16721529948781333
2,1,displacement_elevation_exog_v1,7,17dac7c5985891f27905e7056b45626a0d6f4dbf34f336534c17bb76ecd32f09,overall,raw,2018-02-21,2018-12-04,287,8,1.4640297731283345,-0.16207756672926357,0.16207756672926357,1.626107339857598,0.18392291682531414,1.2084760170062134,6.570557045667108,0.1950918805395891,1.884220612435829,1.4672994071178105,0.9999618799052159,0.9999618799052159,0.24511638802417446,0.16307588021306405,0.99999935488793,0.99999935488793,0.7806812604802036,0.7336497035589052,0.2728472207990955,0.5957260616127348,0.1563588850174216,-0.6436411149825785,1.9134591266616916,10.535284812792993,0,0,2296,-6.6870446224509426,1.6391042244116545,1.3042235269047464,-7.997648243264026
2,1,displacement_elevation_exog_v1,7,17dac7c5985891f27905e7056b45626a0d6f4dbf34f336534c17bb76ecd32f09,MJ9,raw,2018-02-21,2018-12-04,287,1,0.1816115415589823,-0.08835672473867599,0.08835672473867599,0.2699682662976583,0.08881672187735454,0.04511846167872105,0.5079951243981324,0.14874483047446962,0.20416730932111407,0.1816115415589823,0.9991677006596941,0.9991677006596941,0.1251712232989687,0.09286613240418139,0.9996871644259334,0.9996871644259334,0.06810618528603046,0.09080577077949115,0.03726653322177962,0.06539282976243374,0.40418118466898956,-0.3958188153310105,0.3102177422939245,1.053727185078101,0,0,287,-0.63110421021823,0.07899608602214536,0.0887454091548009,-0.955627276137162
2,1,displacement_elevation_exog_v1,7,17dac7c5985891f27905e7056b45626a0d6f4dbf34f336534c17bb76ecd32f09,MJ1,raw,2018-02-21,2018-12-04,287,1,0.3641351922800413,-0.26700872006361237,0.26700872006361237,0.6311439123436536,0.21360549146961538,0.11244136233275118,0.5263973391280793,0.05263846740064502,0.43375342154339835,0.36517546646423943,0.9996536434589613,0.9996536434589613,0.34170452501504067,0.26700872006361237,0.9997850492194448,0.9997850492194448,0.1790090992401729,0.18258773323211971,0.0792454202359862,0.14694741756942625,0.28222996515679444,-0.5177700348432056,0.6509065966465621,2.582545194761591,0,0,287,-0.2693815556709587,0.09204889652835768,0.09816674640062706,-0.36765370950147136
2,1,displacement_elevation_exog_v1,7,17dac7c5985891f27905e7056b45626a0d6f4dbf34f336534c17bb76ecd32f09,MJ3,raw,2018-02-21,2018-12-04,287,1,0.860146753001502,-0.0521863807349166,0.0521863807349166,0.9123331337364186,0.05705945057066131,0.2387683844784956,4.184554567044236,0.0355831845932848,0.8938357683184035,0.860146753001502,0.9647887789350056,0.9647887789350056,0.07725189349988038,0.05566348093981511,0.999736982955849,0.999736982955849,0.5218843449867858,0.430073376500751,0.1512695908430326,0.36774243744352314,0.0,-0.8,0.9328244140005644,6.7315393582981855,0,0,287,-10.570405951535513,0.8165838748185231,0.8044832720616869,-14.4526224102211
2,1,displacement_elevation_exog_v1,7,17dac7c5985891f27905e7056b45626a0d6f4dbf34f336534c17bb76ecd32f09,ATU1,raw,2018-02-21,2018-12-04,287,1,1.8346913774422955,-0.1597519356373974,0.1597519356373974,1.994443313079693,0.14177263597358836,1.667759936281496,11.763623669889249,-0.036412090278105984,2.4849572399982183,1.8598081751739057,0.9733180355431144,0.9733180355431144,0.2134247600873727,0.1597519356373974,0.9998031798469791,0.9998031798469791,1.0129245904406377,0.9299040875869529,0.35775538371968063,0.766861353915757,0.4912891986062718,-0.30871080139372825,2.792378195806441,13.706799741603184,0,0,287,-10.643247198595496,2.2715324799108454,1.7000562395365084,-10.64185064646272
2,1,displacement_elevation_exog_v1,7,17dac7c5985891f27905e7056b45626a0d6f4dbf34f336534c17bb76ecd32f09,ATU2,raw,2018-02-21,2018-12-04,287,1,1.9080350533589703,-0.10696860627177686,0.10696860627177686,2.015003659630747,0.11706242426276037,0.8582127593687091,7.331240274354388,0.02678377614336212,2.0935265894574306,1.9080350533589703,0.9577814709515614,0.9577814709515614,0.1584239443009627,0.10696860627177686,0.9997582381451181,0.9997582381451181,1.0299078108559905,0.9540175266794851,0.34624156548965657,0.7767223010083774,0.07317073170731707,-0.726829268292683,2.326484505755321,13.761493763456473,0,0,287,-12.214710684644333,1.935102645156468,1.8010664470871933,-16.837336765061657
2,1,displacement_elevation_exog_v1,7,17dac7c5985891f27905e7056b45626a0d6f4dbf34f336534c17bb76ecd32f09,ATU3,raw,2018-02-21,2018-12-04,287,1,2.6922498490356057,-0.23802623693379796,0.23802623693379796,2.9302760859694037,0.21300422663602417,0.9173545674419362,4.306743494857906,0.1220447917345301,2.843325545243245,2.6922498490356057,0.9850553594035111,0.9850553594035111,0.3191695530913898,0.23802623693379796,0.9998116892069343,0.9998116892069343,1.3915287372670213,1.3461249245178029,0.4985168994121831,1.0787235203990024,0.0,-0.8,3.439025952714031,18.900456366792046,0,0,287,-7.9085112213980455,2.5241559921518553,2.4542236121018077,-10.310727269886634
2,1,displacement_elevation_exog_v1,7,17dac7c5985891f27905e7056b45626a0d6f4dbf34f336534c17bb76ecd32f09,ATU4,raw,2018-02-21,2018-12-04,287,1,1.5746645415659808,-0.09670212543553999,0.09670212543553999,1.6713666670015208,0.1015799825794991,0.4622730244409817,4.550827955490098,0.12008226794983314,1.640598806775977,1.5746645415659808,0.9694434078283723,0.9694434078283723,0.1401208085467853,0.09670212543553999,0.9997771023937446,0.9997771023937446,0.8138436110491462,0.7873322707829904,0.2919590878182967,0.6310449898834778,0.0,-0.8,2.015320199239473,11.05802698867443,0,0,287,-10.7084594628798,1.5004779982291916,1.4779624161304408,-15.283660100269728
2,1,displacement_elevation_exog_v1,7,17dac7c5985891f27905e7056b45626a0d6f4dbf34f336534c17bb76ecd32f09,ATU5,raw,2018-02-21,2018-12-04,287,1,2.2967038767832975,-0.2876198040183912,0.2876198040183912,2.5843236808016887,0.26003424451083024,0.897667326799192,3.4521119650523753,0.22705443519973367,2.4575595949214835,2.2967038767832975,0.992837286994835,0.992837286994835,0.387436908234515,0.2876198040183912,0.9998219789268481,0.9998219789268481,1.2282457047158446,1.1483519383916487,0.42052328565214864,0.9323736429198807,0.0,-0.8,2.8405154068372154,16.487689903679936,0,0,287,-5.3431220482327575,2.0701226866869686,2.009084072764906,-6.985207710649993
2,1,displacement_elevation_exog_v1,7,17dac7c5985891f27905e7056b45626a0d6f4dbf34f336534c17bb76ecd32f09,overall,calibrated,2018-02-21,2018-12-04,287,8,1.4640297731283345,-0.16207756672926357,0.16207756672926357,1.626107339857598,0.18392291682531414,1.2084760170062134,6.570557045667108,0.1950918805395891,1.884220612435829,1.4672994071178105,0.9999618799052159,0.9999618799052159,0.24511638802417446,0.16307588021306405,0.99999935488793,0.99999935488793,0.6512412910151475,0.7336497035589052,0.28885230949133217,0.5579144346884617,0.21385017421602787,-0.5861498257839721,2.2335609005064248,9.400936005064796,0,0,2296,-6.6870446224509426,1.6391042244116545,1.3042235269047464,-7.997648243264026
2,1,displacement_elevation_exog_v1,7,17dac7c5985891f27905e7056b45626a0d6f4dbf34f336534c17bb76ecd32f09,MJ9,calibrated,2018-02-21,2018-12-04,287,1,0.1816115415589823,-0.08835672473867599,0.08835672473867599,0.2699682662976583,0.08881672187735454,0.04511846167872105,0.5079951243981324,0.14874483047446962,0.20416730932111407,0.1816115415589823,0.9991677006596941,0.9991677006596941,0.1251712232989687,0.09286613240418139,0.9996871644259334,0.9996871644259334,0.041288475388939504,0.09080577077949115,0.04396490549247896,0.058686383886969874,0.5505226480836237,-0.24947735191637632,0.44418518770791127,0.8525338088141846,0,0,287,-0.63110421021823,0.07899608602214536,0.0887454091548009,-0.955627276137162
2,1,displacement_elevation_exog_v1,7,17dac7c5985891f27905e7056b45626a0d6f4dbf34f336534c17bb76ecd32f09,MJ1,calibrated,2018-02-21,2018-12-04,287,1,0.3641351922800413,-0.26700872006361237,0.26700872006361237,0.6311439123436536,0.21360549146961538,0.11244136233275118,0.5263973391280793,0.05263846740064502,0.43375342154339835,0.36517546646423943,0.9996536434589613,0.9996536434589613,0.34170452501504067,0.26700872006361237,0.9997850492194448,0.9997850492194448,0.06986490184236452,0.18258773323211971,0.09974607351629161,0.11739956953025861,0.5435540069686411,-0.25644599303135895,1.0609196622526704,1.6961097535865615,0,0,287,-0.2693815556709587,0.09204889652835768,0.09816674640062706,-0.36765370950147136
2,1,displacement_elevation_exog_v1,7,17dac7c5985891f27905e7056b45626a0d6f4dbf34f336534c17bb76ecd32f09,MJ3,calibrated,2018-02-21,2018-12-04,287,1,0.860146753001502,-0.0521863807349166,0.0521863807349166,0.9123331337364186,0.05705945057066131,0.2387683844784956,4.184554567044236,0.0355831845932848,0.8938357683184035,0.860146753001502,0.9647887789350056,0.9647887789350056,0.07725189349988038,0.05566348093981511,0.999736982955849,0.999736982955849,0.42560463846107943,0.430073376500751,0.16196733601255553,0.33921511699146195,0.0,-0.8,1.146779317391023,5.87571974473635,0,0,287,-10.570405951535513,0.8165838748185231,0.8044832720616869,-14.4526224102211
2,1,displacement_elevation_exog_v1,7,17dac7c5985891f27905e7056b45626a0d6f4dbf34f336534c17bb76ecd32f09,ATU1,calibrated,2018-02-21,2018-12-04,287,1,1.8346913774422955,-0.1597519356373974,0.1597519356373974,1.994443313079693,0.14177263597358836,1.667759936281496,11.763623669889249,-0.036412090278105984,2.4849572399982183,1.8598081751739057,0.9733180355431144,0.9733180355431144,0.2134247600873727,0.1597519356373974,0.9998031798469791,0.9998031798469791,1.0129245904406377,0.9299040875869529,0.35775538371968063,0.766861353915757,0.4912891986062718,-0.30871080139372825,2.792378195806441,13.706799741603184,0,0,287,-10.643247198595496,2.2715324799108454,1.7000562395365084,-10.64185064646272
2,1,displacement_elevation_exog_v1,7,17dac7c5985891f27905e7056b45626a0d6f4dbf34f336534c17bb76ecd32f09,ATU2,calibrated,2018-02-21,2018-12-04,287,1,1.9080350533589703,-0.10696860627177686,0.10696860627177686,2.015003659630747,0.11706242426276037,0.8582127593687091,7.331240274354388,0.02678377614336212,2.0935265894574306,1.9080350533589703,0.9577814709515614,0.9577814709515614,0.1584239443009627,0.10696860627177686,0.9997582381451181,0.9997582381451181,1.0299078108559905,0.9540175266794851,0.34624156548965657,0.7767223010083774,0.07317073170731707,-0.726829268292683,2.326484505755321,13.761493763456473,0,0,287,-12.214710684644333,1.935102645156468,1.8010664470871933,-16.837336765061657
2,1,displacement_elevation_exog_v1,7,17dac7c5985891f27905e7056b45626a0d6f4dbf34f336534c17bb76ecd32f09,ATU3,calibrated,2018-02-21,2018-12-04,287,1,2.6922498490356057,-0.23802623693379796,0.23802623693379796,2.9302760859694037,0.21300422663602417,0.9173545674419362,4.306743494857906,0.1220447917345301,2.843325545243245,2.6922498490356057,0.9850553594035111,0.9850553594035111,0.3191695530913898,0.23802623693379796,0.9998116892069343,0.9998116892069343,1.0196197768761288,1.3461249245178029,0.5400898590508144,0.9686115201482487,0.013937282229965157,-0.7860627177700349,4.270485145486657,15.597096359269438,0,0,287,-7.9085112213980455,2.5241559921518553,2.4542236121018077,-10.310727269886634
2,1,displacement_elevation_exog_v1,7,17dac7c5985891f27905e7056b45626a0d6f4dbf34f336534c17bb76ecd32f09,ATU4,calibrated,2018-02-21,2018-12-04,287,1,1.5746645415659808,-0.09670212543553999,0.09670212543553999,1.6713666670015208,0.1015799825794991,0.4622730244409817,4.550827955490098,0.12008226794983314,1.640598806775977,1.5746645415659808,0.9694434078283723,0.9694434078283723,0.1401208085467853,0.09670212543553999,0.9997771023937446,0.9997771023937446,0.4311254785862905,0.7873322707829904,0.33512294217661154,0.5178602305152975,0.03484320557491289,-0.7651567944250871,2.878597286405768,7.662484207629021,0,0,287,-10.7084594628798,1.5004779982291916,1.4779624161304408,-15.283660100269728
2,1,displacement_elevation_exog_v1,7,17dac7c5985891f27905e7056b45626a0d6f4dbf34f336534c17bb76ecd32f09,ATU5,calibrated,2018-02-21,2018-12-04,287,1,2.2967038767832975,-0.2876198040183912,0.2876198040183912,2.5843236808016887,0.26003424451083024,0.897667326799192,3.4521119650523753,0.22705443519973367,2.4575595949214835,2.2967038767832975,0.992837286994835,0.992837286994835,0.387436908234515,0.2876198040183912,0.9998219789268481,0.9998219789268481,1.179594655669748,1.1483519383916487,0.42593041047256813,0.9179590015113216,0.003484320557491289,-0.7965156794425088,2.948657903245606,16.055250661423166,0,0,287,-5.3431220482327575,2.0701226866869686,2.009084072764906,-6.985207710649993
2,2,displacement_elevation_exog_v1,7,17dac7c5985891f27905e7056b45626a0d6f4dbf34f336534c17bb76ecd32f09,overall,raw,2018-12-05,2019-09-17,287,8,0.2594688454560259,-0.08899660405050402,0.08899660405050402,0.3484654495065299,0.08053213935326142,0.3813690884889951,4.735613527117236,0.1838315378322655,0.45595920390787337,0.270961065408308,0.9999978267449071,0.9999978267449071,0.12001248409509184,0.09264561082896423,0.9999998494393146,0.9999998494393146,0.09687814064955157,0.135480532704154,0.061880572679639714,0.09807974867778176,0.4878048780487805,-0.31219512195121957,0.5925259041025469,1.587587133291913,0,0,2296,-2.799264779375738,0.3359467198127815,0.17831545457934378,-1.9247048293365685
2,2,displacement_elevation_exog_v1,7,17dac7c5985891f27905e7056b45626a0d6f4dbf34f336534c17bb76ecd32f09,MJ9,raw,2018-12-05,2019-09-17,287,1,0.07822064020623988,-0.055489442508710865,0.055489442508710865,0.13371008271495075,0.05137252387005158,0.0460020113357634,0.8954594376582886,0.3739510787093025,0.09537246625817741,0.08080363964798036,0.9997677224384262,0.9997677224384262,0.07555804948620815,0.06341864111498252,0.9998542116878548,0.9998542116878548,0.0439413622646542,0.04040181982399018,0.015626689292474016,0.0333232904603728,0.24390243902439024,-0.5560975609756098,0.11573969131764496,0.5956805155712821,0,0,287,-0.2622409777211898,0.019814416771969268,0.01738499853299784,-0.2741307323422082
2,2,displacement_elevation_exog_v1,7,17dac7c5985891f27905e7056b45626a0d6f4dbf34f336534c17bb76ecd32f09,MJ1,raw,2018-12-05,2019-09-17,287,1,0.19986321325393697,-0.1332539635150423,0.1332539635150423,0.3331171767689793,0.08846583875087369,0.16064807538768128,1.8159334456781457,0.10799559165159636,0.265335973410365,0.20083713360369068,0.9996371890834151,0.9996371890834151,0.1598610472025586,0.1332539635150423,0.9998683037572985,0.9998683037572985,0.11811118302784122,0.10041856680184534,0.03744108785164832,0.08532361256044496,0.17421602787456447,-0.6257839721254356,0.25602366288510453,1.5555227087948955,0,0,287,-0.6597912878311127,0.10547492620780644,0.06758317008864839,-0.5071756839789558
2,2,displacement_elevation_exog_v1,7,17dac7c5985891f27905e7056b45626a0d6f4dbf34f336534c17bb76ecd32f09,MJ3,raw,2018-12-05,2019-09-17,287,1,0.07429168838866834,-0.11734578965108389,0.11734578965108389,0.19163747803975223,0.053000883939105674,0.1967758647489433,3.712690244468848,0.3931692907045797,0.1968044823204125,0.12769842508006302,0.9996018543846105,0.9996018543846105,0.12872194942682458,0.11734578965108389,0.9998296754763429,0.9998296754763429,0.0468723114923762,0.06384921254003151,0.024947035686961546,0.04522285323978975,0.5609756097560976,-0.23902439024390243,0.2675567089687876,0.7181934717933776,0,0,287,-0.5289116051826985,0.06808253289358793,0.010352635428979129,-0.0882233223685458
2,2,displacement_elevation_exog_v1,7,17dac7c5985891f27905e7056b45626a0d6f4dbf34f336534c17bb76ecd32f09,ATU1,raw,2018-12-05,2019-09-17,287,1,0.2919321220561003,-0.06980478984656123,0.06980478984656123,0.36173691190266155,0.058367995252277156,0.4737609376432522,8.116793040356633,0.019113386840222665,0.5578828790952769,0.32415611142913364,0.9926567675341758,0.9926567675341758,0.09092667976084662,0.07058980574671665,0.9998049329682087,0.9998049329682087,0.07913141808469334,0.16207805571456682,0.0894249440056446,0.11021147260163493,0.7770034843205574,-0.02299651567944261,1.094192675195963,1.6855636209033797,0,0,287,-5.135524584892007,0.4669561993344303,0.253566305682417,-3.5921094129687576
2,2,displacement_elevation_exog_v1,7,17dac7c5985891f27905e7056b45626a0d6f4dbf34f336534c17bb76ecd32f09,ATU2,raw,2018-12-05,2019-09-17,287,1,0.2930680313051981,-0.047071045296167235,0.047071045296167235,0.34013907660136533,0.05635526536064369,0.38538160162978224,6.838431141501069,0.047830967913713614,0.48475234736009193,0.29470451881163334,0.9893761867141305,0.9893761867141305,0.07335211878306687,0.04789006968641105,0.9997567426822236,0.9997567426822236,0.09962208401428092,0.14735225940581667,0.06917832957393694,0.10538422433134485,0.5958188153310104,-0.2041811846689896,0.6586768433030448,1.6880041358821787,0,0,287,-5.608566397293975,0.4114002285770251,0.2468144491252223,-5.153770932917573
2,2,displacement_elevation_exog_v1,7,17dac7c5985891f27905e7056b45626a0d6f4dbf34f336534c17bb76ecd32f09,ATU3,raw,2018-12-05,2019-09-17,287,1,0.46571536524097673,-0.10678362369337965,0.10678362369337965,0.5724989889343564,0.0987233467727449,0.5048501938728648,5.113787268932434,0.08198341894363624,0.6873464069342952,0.46571536524097673,0.9953236542283436,0.9953236542283436,0.14531029645708476,0.10845602787456456,0.9997909991464513,0.9997909991464513,0.16246003405295922,0.23285768262048837,0.10591887635775177,0.16707886434373312,0.5017421602787456,-0.2982578397212544,0.9634230625191597,2.6837891041071096,0,0,287,-3.7301975406628713,0.5420361104772105,0.3572593373664122,-3.294047775561194
2,2,displacement_elevation_exog_v1,7,17dac7c5985891f27905e7056b45626a0d6f4dbf34f336534c17bb76ecd32f09,ATU4,raw,2018-12-05,2019-09-17,287,1,0.2631480150725477,-0.03301407665505239,0.03301407665505239,0.2961620917276001,0.06100275389090093,0.27340605684818353,4.481864168577549,-0.09350282276785797,0.3880125948239315,0.2631480150725477,0.9893204595073216,0.9893204595073216,0.06926975467110544,0.0510004878048782,0.9996596323940934,0.9996596323940934,0.08674242843350316,0.13157400753627385,0.060013224341797775,0.0927765534371916,0.6027874564459931,-0.19721254355400697,0.5484918205120161,1.4675565277530094,0,0,287,-4.601472051781116,0.31874284015282606,0.2121475272676695,-4.159715649766345
2,2,displacement_elevation_exog_v1,7,17dac7c5985891f27905e7056b45626a0d6f4dbf34f336534c17bb76ecd32f09,ATU5,raw,2018-12-05,2019-09-17,287,1,0.4095116881245392,-0.14921010123803463,0.14921010123803463,0.5587217893625739,0.07472807187371937,0.4784790828771199,6.402936284582409,0.360174187142477,0.6129781992314033,0.4106253143804386,0.9980447509958305,0.9980447509958305,0.166818708780996,0.14921010123803463,0.9998551890088413,0.9998551890088413,0.13814430382610426,0.2053126571902193,0.09249439432690276,0.14531711844774212,0.445993031358885,-0.354006968641115,0.8361027681186548,2.3063869815300704,0,0,287,-2.674517107287632,0.44615949045040726,0.26141521314240396,-1.7519940739492474
2,2,displacement_elevation_exog_v1,7,17dac7c5985891f27905e7056b45626a0d6f4dbf34f336534c17bb76ecd32f09,overall,calibrated,2018-12-05,2019-09-17,287,8,0.2594688454560259,-0.08899660405050402,0.08899660405050402,0.3484654495065299,0.08053213935326142,0.3813690884889951,4.735613527117236,0.1838315378322655,0.45595920390787337,0.270961065408308,0.9999978267449071,0.9999978267449071,0.12001248409509184,0.09264561082896423,0.9999998494393146,0.9999998494393146,0.06237949718407117,0.135480532704154,0.1052531467226482,0.10103772553695778,0.9429442508710801,0.1429442508710801,1.4614910676878197,1.676326439067194,0,0,2296,-2.799264779375738,0.3359467198127815,0.17831545457934378,-1.9247048293365685
2,2,displacement_elevation_exog_v1,7,17dac7c5985891f27905e7056b45626a0d6f4dbf34f336534c17bb76ecd32f09,MJ9,calibrated,2018-12-05,2019-09-17,287,1,0.07822064020623988,-0.055489442508710865,0.055489442508710865,0.13371008271495075,0.05137252387005158,0.0460020113357634,0.8954594376582886,0.3739510787093025,0.09537246625817741,0.08080363964798036,0.9997677224384262,0.9997677224384262,0.07555804948620815,0.06341864111498252,0.9998542116878548,0.9998542116878548,0.009345814044543058,0.04040181982399018,0.028469491284180685,0.02607237505090464,0.9651567944250871,0.16515679442508702,0.37259573115177824,0.3781530532872374,0,0,287,-0.2622409777211898,0.019814416771969268,0.01738499853299784,-0.2741307323422082
2,2,displacement_elevation_exog_v1,7,17dac7c5985891f27905e7056b45626a0d6f4dbf34f336534c17bb76ecd32f09,MJ1,calibrated,2018-12-05,2019-09-17,287,1,0.19986321325393697,-0.1332539635150423,0.1332539635150423,0.3331171767689793,0.08846583875087369,0.16064807538768128,1.8159334456781457,0.10799559165159636,0.265335973410365,0.20083713360369068,0.9996371890834151,0.9996371890834151,0.1598610472025586,0.1332539635150423,0.9998683037572985,0.9998683037572985,0.03296196391656913,0.10041856680184534,0.0706466944920931,0.06800907507016919,0.8641114982578397,0.06411149825783968,0.9201357956940003,1.0360865840866225,0,0,287,-0.6597912878311127,0.10547492620780644,0.06758317008864839,-0.5071756839789558
2,2,displacement_elevation_exog_v1,7,17dac7c5985891f27905e7056b45626a0d6f4dbf34f336534c17bb76ecd32f09,MJ3,calibrated,2018-12-05,2019-09-17,287,1,0.07429168838866834,-0.11734578965108389,0.11734578965108389,0.19163747803975223,0.053000883939105674,0.1967758647489433,3.712690244468848,0.3931692907045797,0.1968044823204125,0.12769842508006302,0.9996018543846105,0.9996018543846105,0.12872194942682458,0.11734578965108389,0.9998296754763429,0.9998296754763429,0.038325560379265856,0.06384921254003151,0.0509146935915408,0.05102982217027938,0.9616724738675958,0.16167247386759576,0.7990193288611964,0.8924025397080666,0,0,287,-0.5289116051826985,0.06808253289358793,0.010352635428979129,-0.0882233223685458
2,2,displacement_elevation_exog_v1,7,17dac7c5985891f27905e7056b45626a0d6f4dbf34f336534c17bb76ecd32f09,ATU1,calibrated,2018-12-05,2019-09-17,287,1,0.2919321220561003,-0.06980478984656123,0.06980478984656123,0.36173691190266155,0.058367995252277156,0.4737609376432522,8.116793040356633,0.019113386840222665,0.5578828790952769,0.32415611142913364,0.9926567675341758,0.9926567675341758,0.09092667976084662,0.07058980574671665,0.9998049329682087,0.9998049329682087,0.10556503891794929,0.16207805571456682,0.1527147055299101,0.14011926672080874,0.975609756097561,0.1756097560975609,2.3599879056812725,2.582797444478594,0,0,287,-5.135524584892007,0.4669561993344303,0.253566305682417,-3.5921094129687576
2,2,displacement_elevation_exog_v1,7,17dac7c5985891f27905e7056b45626a0d6f4dbf34f336534c17bb76ecd32f09,ATU2,calibrated,2018-12-05,2019-09-17,287,1,0.2930680313051981,-0.047071045296167235,0.047071045296167235,0.34013907660136533,0.05635526536064369,0.38538160162978224,6.838431141501069,0.047830967913713614,0.48475234736009193,0.29470451881163334,0.9893761867141305,0.9893761867141305,0.07335211878306687,0.04789006968641105,0.9997567426822236,0.9997567426822236,0.0782239153074992,0.14735225940581667,0.1238872885130902,0.11648782107546869,0.9721254355400697,0.17212543554006965,1.75285602208611,2.0211120382058945,0,0,287,-5.608566397293975,0.4114002285770251,0.2468144491252223,-5.153770932917573
2,2,displacement_elevation_exog_v1,7,17dac7c5985891f27905e7056b45626a0d6f4dbf34f336534c17bb76ecd32f09,ATU3,calibrated,2018-12-05,2019-09-17,287,1,0.46571536524097673,-0.10678362369337965,0.10678362369337965,0.5724989889343564,0.0987233467727449,0.5048501938728648,5.113787268932434,0.08198341894363624,0.6873464069342952,0.46571536524097673,0.9953236542283436,0.9953236542283436,0.14531029645708476,0.10845602787456456,0.9997909991464513,0.9997909991464513,0.09298273808795128,0.23285768262048837,0.16763949851154303,0.1644933064066609,0.9372822299651568,0.1372822299651567,2.1978355055949854,2.6062223659949435,0,0,287,-3.7301975406628713,0.5420361104772105,0.3572593373664122,-3.294047775561194
2,2,displacement_elevation_exog_v1,7,17dac7c5985891f27905e7056b45626a0d6f4dbf34f336534c17bb76ecd32f09,ATU4,calibrated,2018-12-05,2019-09-17,287,1,0.2631480150725477,-0.03301407665505239,0.03301407665505239,0.2961620917276001,0.06100275389090093,0.27340605684818353,4.481864168577549,-0.09350282276785797,0.3880125948239315,0.2631480150725477,0.9893204595073216,0.9893204595073216,0.06926975467110544,0.0510004878048782,0.9996596323940934,0.9996596323940934,0.054042471990385005,0.13157400753627385,0.09399303662321364,0.0932031720499575,0.9163763066202091,0.11637630662020904,1.228088066140334,1.4803550861359869,0,0,287,-4.601472051781116,0.31874284015282606,0.2121475272676695,-4.159715649766345
2,2,displacement_elevation_exog_v1,7,17dac7c5985891f27905e7056b45626a0d6f4dbf34f336534c17bb76ecd32f09,ATU5,calibrated,2018-12-05,2019-09-17,287,1,0.4095116881245392,-0.14921010123803463,0.14921010123803463,0.5587217893625739,0.07472807187371937,0.4784790828771199,6.402936284582409,0.360174187142477,0.6129781992314033,0.4106253143804386,0.9980447509958305,0.9980447509958305,0.166818708780996,0.14921010123803463,0.9998551890088413,0.9998551890088413,0.08758847482840654,0.2053126571902193,0.153759765235614,0.14888696575141327,0.9512195121951219,0.15121951219512186,2.0614101862928798,2.4134824006402056,0,0,287,-2.674517107287632,0.44615949045040726,0.26141521314240396,-1.7519940739492474
2,3,displacement_elevation_exog_v1,7,17dac7c5985891f27905e7056b45626a0d6f4dbf34f336534c17bb76ecd32f09,overall,raw,2019-09-18,2020-06-30,287,8,-0.12578697344599227,-0.1747658904206574,0.1747658904206574,0.04897891697466514,0.2920134418124893,0.046241604530101524,0.15835436972724928,0.10497153758919041,0.31679767347268906,0.16445879679709866,0.9999989976842193,0.9999989976842193,0.34026141030996043,0.18053259739707228,0.9999988437120588,0.9999988437120588,0.031682195485517144,0.08222939839854933,0.06982511710230656,0.061245570328791,0.7221254355400697,-0.07787456445993035,0.4172113625755919,1.015073125878237,0,0,2296,0.0689579720953285,-0.023463736837271376,-0.016073800599973626,0.08903544751322734
2,3,displacement_elevation_exog_v1,7,17dac7c5985891f27905e7056b45626a0d6f4dbf34f336534c17bb76ecd32f09,MJ9,raw,2019-09-18,2020-06-30,287,1,-0.08064788253086562,-0.08613425087108013,0.08613425087108013,0.005486368340214505,0.09018192769378008,0.017167373204473032,0.19036378622074052,0.20570935029907253,0.11944656536692574,0.0912527515932719,0.9997298272047986,0.9997298272047986,0.12459354735642256,0.09359062717770046,0.9997060419313405,0.9997060419313405,0.013366587874906301,0.04562637579663595,0.053173687652841375,0.03738888377479454,0.44947735191637633,-0.3505226480836237,0.08244147356494406,0.6654027552774768,0,0,287,0.04131018097408312,-0.005146981989496813,-0.0023378755844285642,0.02497980465490035
2,3,displacement_elevation_exog_v1,7,17dac7c5985891f27905e7056b45626a0d6f4dbf34f336534c17bb76ecd32f09,MJ1,raw,2019-09-18,2020-06-30,287,1,-0.10735829956532077,-0.14917262968946765,0.14917262968946765,0.04181433012414688,0.10655297947450441,0.030647885855197284,0.28763049148269565,0.06437990926029422,0.1528292729202354,0.12367543957644377,0.9998763676789744,0.9998763676789744,0.18321149396116104,0.14917262968946765,0.9998223258031971,0.9998223258031971,0.018527900804882685,0.06183771978822188,0.04800823859058962,0.042791286394564726,0.37282229965156793,-0.4271777003484321,0.15512657141938474,0.6653613939547232,0,0,287,0.16583141365228082,-0.03038222104092564,-0.025497190113023885,0.17092405065259852
2,3,displacement_elevation_exog_v1,7,17dac7c5985891f27905e7056b45626a0d6f4dbf34f336534c17bb76ecd32f09,MJ3,raw,2019-09-18,2020-06-30,287,1,-0.13424389970414854,-0.18201727868135892,0.18201727868135892,0.04777337897721039,0.12873211584336292,0.021911305723981558,0.1702085418268315,-0.6236255378636779,0.19626492703264914,0.14021324638852395,0.9998190991407941,0.9998190991407941,0.2228104696269016,0.18201727868135892,0.9997668548297048,0.9997668548297048,0.021360601801350052,0.07010662319426197,0.06812384705427536,0.053197024016629124,0.5226480836236934,-0.27735191637630663,0.18443712786653813,0.8948444885562543,0,0,287,0.11913956574259388,-0.026545542594252458,-0.04180403229283497,0.22967068069409768
2,3,displacement_elevation_exog_v1,7,17dac7c5985891f27905e7056b45626a0d6f4dbf34f336534c17bb76ecd32f09,ATU1,raw,2019-09-18,2020-06-30,287,1,-0.1370359393316036,-0.22335606284045828,0.22335606284045828,0.08632012350885468,0.422776923498751,0.046615515049555106,0.11026031095496351,0.01251962084875751,0.44561201605200396,0.25113872464407333,0.9989248450337667,0.9989248450337667,0.47749918246494477,0.2485967719772182,0.998765467454298,0.998765467454298,0.05157691091285003,0.12556936232203667,0.09387213156245193,0.09033946826577954,0.8710801393728222,0.0710801393728222,0.8036780831458072,1.4544904247530195,0,0,287,0.0667795204346382,-0.031887166412940815,0.0025419526668551407,-0.010225203837675334
2,3,displacement_elevation_exog_v1,7,17dac7c5985891f27905e7056b45626a0d6f4dbf34f336534c17bb76ecd32f09,ATU2,raw,2019-09-18,2020-06-30,287,1,-0.10649174087433345,-0.15546682926829275,0.15546682926829275,0.0489750883939593,0.28273327460326164,0.037055020141891146,0.13105998999901117,0.10407647923011049,0.30032515838463514,0.14981478246577232,0.998780262457947,0.998780262457947,0.3222258673501355,0.15633909407665492,0.9985958814908783,0.9985958814908783,0.030717159881081608,0.07490739123288616,0.061788494684414004,0.05580434859946059,0.89198606271777,0.09198606271776999,0.4550180341237639,0.9250565456549561,0,0,287,0.06796694860534802,-0.021900708965500337,-0.006524311610882599,0.04173179875075683
2,3,displacement_elevation_exog_v1,7,17dac7c5985891f27905e7056b45626a0d6f4dbf34f336534c17bb76ecd32f09,ATU3,raw,2019-09-18,2020-06-30,287,1,-0.19114719555316217,-0.24300142857142848,0.24300142857142848,0.0518542330182663,0.43028391709775354,0.04999241040630702,0.11618470600412785,0.08665285837004447,0.46884107431933225,0.22077708380184619,0.9987693932882732,0.9987693932882732,0.4935066784621653,0.2444569686411152,0.9986365034514051,0.9986365034514051,0.049631209318247785,0.11038854190092309,0.097035380176344,0.08568504379850496,0.8885017421602788,0.08850174216027873,0.6833409761977347,1.466665894945918,0,0,287,0.04998028439998914,-0.02466560414283303,-0.023679884839269028,0.0968672931309773
2,3,displacement_elevation_exog_v1,7,17dac7c5985891f27905e7056b45626a0d6f4dbf34f336534c17bb76ecd32f09,ATU4,raw,2019-09-18,2020-06-30,287,1,-0.12450981066013594,-0.13881038327526124,0.13881038327526124,0.014300572615125313,0.27416485394879053,0.02836043063627175,0.10344298413088722,0.1891653989925137,0.29711484613503786,0.14721760408368098,0.9979481732355697,0.9979481732355697,0.30687584774225235,0.1492666202090592,0.9978111429332277,0.9978111429332277,0.030648737518723213,0.07360880204184049,0.06232286842583376,0.05552680266213248,0.8885017421602788,0.08850174216027873,0.40292341699066303,0.9297160594455697,0,0,287,0.031807656676236196,-0.009761001607214492,-0.0020490161253782224,0.0137272226202243
2,3,displacement_elevation_exog_v1,7,17dac7c5985891f27905e7056b45626a0d6f4dbf34f336534c17bb76ecd32f09,ATU5,raw,2019-09-18,2020-06-30,287,1,-0.12486101934836803,-0.2201682601679118,0.2201682601679118,0.09530724081954377,0.33142142192551766,0.04330747891050334,0.13067193622817808,-0.1038510100211471,0.3603990604147209,0.19158074182317691,0.9992733145831048,0.9992733145831048,0.39740596796319644,0.2208207887240037,0.9991164158551586,0.9991164158551586,0.037628455772095476,0.09579037091158846,0.0742762886717024,0.0692317051184621,0.89198606271777,0.09198606271776999,0.5707252172958995,1.1190474444379788,0,0,287,0.09312116709808116,-0.03700690754847552,-0.029240046900826794,0.1324152815040115
2,3,displacement_elevation_exog_v1,7,17dac7c5985891f27905e7056b45626a0d6f4dbf34f336534c17bb76ecd32f09,overall,calibrated,2019-09-18,2020-06-30,287,8,-0.12578697344599227,-0.1747658904206574,0.1747658904206574,0.04897891697466514,0.2920134418124893,0.046241604530101524,0.15835436972724928,0.10497153758919041,0.31679767347268906,0.16445879679709866,0.9999989976842193,0.9999989976842193,0.34026141030996043,0.18053259739707228,0.9999988437120588,0.9999988437120588,0.03279513026302107,0.08222939839854933,0.06513260735137498,0.06005237867098179,0.769163763066202,-0.030836236933798,0.44521791073189043,0.9792773761439606,0,0,2296,0.0689579720953285,-0.023463736837271376,-0.016073800599973626,0.08903544751322734
2,3,displacement_elevation_exog_v1,7,17dac7c5985891f27905e7056b45626a0d6f4dbf34f336534c17bb76ecd32f09,MJ9,calibrated,2019-09-18,2020-06-30,287,1,-0.08064788253086562,-0.08613425087108013,0.08613425087108013,0.005486368340214505,0.09018192769378008,0.017167373204473032,0.19036378622074052,0.20570935029907253,0.11944656536692574,0.0912527515932719,0.9997298272047986,0.9997298272047986,0.12459354735642256,0.09359062717770046,0.9997060419313405,0.9997060419313405,0.01587646394811472,0.04562637579663595,0.03890422121284633,0.033469020319198996,0.49825783972125437,-0.3017421602787457,0.15448846809831024,0.5478068516096105,0,0,287,0.04131018097408312,-0.005146981989496813,-0.0023378755844285642,0.02497980465490035
2,3,displacement_elevation_exog_v1,7,17dac7c5985891f27905e7056b45626a0d6f4dbf34f336534c17bb76ecd32f09,MJ1,calibrated,2019-09-18,2020-06-30,287,1,-0.10735829956532077,-0.14917262968946765,0.14917262968946765,0.04181433012414688,0.10655297947450441,0.030647885855197284,0.28763049148269565,0.06437990926029422,0.1528292729202354,0.12367543957644377,0.9998763676789744,0.9998763676789744,0.18321149396116104,0.14917262968946765,0.9998223258031971,0.9998223258031971,0.023642402712543403,0.06183771978822188,0.02949120648279376,0.03832377632785301,0.6898954703832753,-0.11010452961672479,0.2815499573531612,0.5313360919533716,0,0,287,0.16583141365228082,-0.03038222104092564,-0.025497190113023885,0.17092405065259852
2,3,displacement_elevation_exog_v1,7,17dac7c5985891f27905e7056b45626a0d6f4dbf34f336534c17bb76ecd32f09,MJ3,calibrated,2019-09-18,2020-06-30,287,1,-0.13424389970414854,-0.18201727868135892,0.18201727868135892,0.04777337897721039,0.12873211584336292,0.021911305723981558,0.1702085418268315,-0.6236255378636779,0.19626492703264914,0.14021324638852395,0.9998190991407941,0.9998190991407941,0.2228104696269016,0.18201727868135892,0.9997668548297048,0.9997668548297048,0.022639702040512345,0.07010662319426197,0.06337026759461366,0.052038864276462656,0.5331010452961672,-0.26689895470383285,0.21001913264978392,0.8600996963512598,0,0,287,0.11913956574259388,-0.026545542594252458,-0.04180403229283497,0.22967068069409768
2,3,displacement_elevation_exog_v1,7,17dac7c5985891f27905e7056b45626a0d6f4dbf34f336534c17bb76ecd32f09,ATU1,calibrated,2019-09-18,2020-06-30,287,1,-0.1370359393316036,-0.22335606284045828,0.22335606284045828,0.08632012350885468,0.422776923498751,0.046615515049555106,0.11026031095496351,0.01251962084875751,0.44561201605200396,0.25113872464407333,0.9989248450337667,0.9989248450337667,0.47749918246494477,0.2485967719772182,0.998765467454298,0.998765467454298,0.05157691091285003,0.12556936232203667,0.09387213156245193,0.09033946826577954,0.8710801393728222,0.0710801393728222,0.8036780831458072,1.4544904247530195,0,0,287,0.0667795204346382,-0.031887166412940815,0.0025419526668551407,-0.010225203837675334
2,3,displacement_elevation_exog_v1,7,17dac7c5985891f27905e7056b45626a0d6f4dbf34f336534c17bb76ecd32f09,ATU2,calibrated,2019-09-18,2020-06-30,287,1,-0.10649174087433345,-0.15546682926829275,0.15546682926829275,0.0489750883939593,0.28273327460326164,0.037055020141891146,0.13105998999901117,0.10407647923011049,0.30032515838463514,0.14981478246577232,0.998780262457947,0.998780262457947,0.3222258673501355,0.15633909407665492,0.9985958814908783,0.9985958814908783,0.030717159881081608,0.07490739123288616,0.061788494684414004,0.05580434859946059,0.89198606271777,0.09198606271776999,0.4550180341237639,0.9250565456549561,0,0,287,0.06796694860534802,-0.021900708965500337,-0.006524311610882599,0.04173179875075683
2,3,displacement_elevation_exog_v1,7,17dac7c5985891f27905e7056b45626a0d6f4dbf34f336534c17bb76ecd32f09,ATU3,calibrated,2019-09-18,2020-06-30,287,1,-0.19114719555316217,-0.24300142857142848,0.24300142857142848,0.0518542330182663,0.43028391709775354,0.04999241040630702,0.11618470600412785,0.08665285837004447,0.46884107431933225,0.22077708380184619,0.9987693932882732,0.9987693932882732,0.4935066784621653,0.2444569686411152,0.9986365034514051,0.9986365034514051,0.049631209318247785,0.11038854190092309,0.097035380176344,0.08568504379850496,0.8885017421602788,0.08850174216027873,0.6833409761977347,1.466665894945918,0,0,287,0.04998028439998914,-0.02466560414283303,-0.023679884839269028,0.0968672931309773
2,3,displacement_elevation_exog_v1,7,17dac7c5985891f27905e7056b45626a0d6f4dbf34f336534c17bb76ecd32f09,ATU4,calibrated,2019-09-18,2020-06-30,287,1,-0.12450981066013594,-0.13881038327526124,0.13881038327526124,0.014300572615125313,0.27416485394879053,0.02836043063627175,0.10344298413088722,0.1891653989925137,0.29711484613503786,0.14721760408368098,0.9979481732355697,0.9979481732355697,0.30687584774225235,0.1492666202090592,0.9978111429332277,0.9978111429332277,0.030648737518723213,0.07360880204184049,0.06232286842583376,0.05552680266213248,0.8885017421602788,0.08850174216027873,0.40292341699066303,0.9297160594455697,0,0,287,0.031807656676236196,-0.009761001607214492,-0.0020490161253782224,0.0137272226202243
2,3,displacement_elevation_exog_v1,7,17dac7c5985891f27905e7056b45626a0d6f4dbf34f336534c17bb76ecd32f09,ATU5,calibrated,2019-09-18,2020-06-30,287,1,-0.12486101934836803,-0.2201682601679118,0.2201682601679118,0.09530724081954377,0.33142142192551766,0.04330747891050334,0.13067193622817808,-0.1038510100211471,0.3603990604147209,0.19158074182317691,0.9992733145831048,0.9992733145831048,0.39740596796319644,0.2208207887240037,0.9991164158551586,0.9991164158551586,0.037628455772095476,0.09579037091158846,0.0742762886717024,0.0692317051184621,0.89198606271777,0.09198606271776999,0.5707252172958995,1.1190474444379788,0,0,287,0.09312116709808116,-0.03700690754847552,-0.029240046900826794,0.1324152815040115
3,1,displacement_elevation_exog_v1,7,17dac7c5985891f27905e7056b45626a0d6f4dbf34f336534c17bb76ecd32f09,overall,raw,2018-02-21,2018-12-04,287,8,1.472892159145939,-0.16207756672926357,0.16207756672926357,1.6349697258752025,0.18392291682531414,1.3526811846098383,7.354609245864585,0.21979991337662935,1.980619519290624,1.4876463710974759,0.9999578795909206,0.9999578795909206,0.24511638802417446,0.16307588021306405,0.99999935488793,0.99999935488793,0.9112829627354709,0.7438231855487379,0.3160581722692862,0.6570547735178317,0.17682926829268292,-0.6231707317073172,2.257752580924197,12.273411350047569,0,0,2296,-7.080322720385739,1.7355031312664495,1.3245704908844118,-8.12241815990088
3,1,displacement_elevation_exog_v1,7,17dac7c5985891f27905e7056b45626a0d6f4dbf34f336534c17bb76ecd32f09,MJ9,raw,2018-02-21,2018-12-04,287,1,0.20688074954063418,-0.08835672473867599,0.08835672473867599,0.2952374742793102,0.08881672187735454,0.05883451428231626,0.6624260954323423,0.07675817674159263,0.23089089437834104,0.21030537604603114,0.9989355610650029,0.9989355610650029,0.1251712232989687,0.09286613240418139,0.9996871644259334,0.9996871644259334,0.11633257002983488,0.10515268802301557,0.04501312892893859,0.08883279566059636,0.11846689895470383,-0.6815331010452962,0.32818823779455597,1.6134569895877346,0,0,287,-0.8446004464369836,0.10571967107937233,0.11743924364184975,-1.2646078888126704
3,1,displacement_elevation_exog_v1,7,17dac7c5985891f27905e7056b45626a0d6f4dbf34f336534c17bb76ecd32f09,MJ1,raw,2018-02-21,2018-12-04,287,1,0.412814783682003,-0.26700872006361237,0.26700872006361237,0.6798235037456154,0.21360549146961538,0.14295562539165693,0.6692507032853687,0.18302535537981535,0.47445827951935615,0.412814783682003,0.9995855867563809,0.9995855867563809,0.34170452501504067,0.26700872006361237,0.9997850492194448,0.9997850492194448,0.24533403934434267,0.2064073918410015,0.097140133363041,0.18296052151612838,0.22996515679442509,-0.570034843205575,0.7153275285811002,3.4247417270738367,0,0,287,-0.38850452594525087,0.13275375450431548,0.1458060636183906,-0.5460722915103808
3,1,displacement_elevation_exog_v1,7,17dac7c5985891f27905e7056b45626a0d6f4dbf34f336534c17bb76ecd32f09,MJ3,raw,2018-02-21,2018-12-04,287,1,0.928635926159107,-0.0521863807349166,0.0521863807349166,0.9808223068940235,0.05705945057066131,0.2959487893307362,5.186674361055037,-0.19314350395594482,0.979484560402822,0.928635926159107,0.9577174845949501,0.9577174845949501,0.07725189349988038,0.05566348093981511,0.999736982955849,0.999736982955849,0.6505095495543312,0.4643179630795535,0.1799031008561151,0.43157687116333326,0.03832752613240418,-0.7616724738675958,1.081874088815798,8.304126504104463,0,0,287,-11.679101003580433,0.9022326669029416,0.8729724452192918,-15.683037253152992
3,1,displacement_elevation_exog_v1,7,17dac7c5985891f27905e7056b45626a0d6f4dbf34f336534c17bb76ecd32f09,ATU1,raw,2018-02-21,2018-12-04,287,1,1.6615262648360243,-0.1597519356373974,0.1597519356373974,1.8212782004734214,0.14177263597358836,1.8934260127979987,13.355370024655082,-5.975298664520863e-05,2.5205756295797577,1.7760242888133229,0.9725476563250122,0.9725476563250122,0.2134247600873727,0.1597519356373974,0.9998031798469791,0.9998031798469791,1.1379426965628867,0.8880121444066614,0.42019208555872534,0.8153823088427578,0.5749128919860628,-0.22508710801393728,3.6228122211235707,15.581347821216122,0,0,287,-10.810136877032797,2.307150869492385,1.6162723531759255,-10.117388228988453
3,1,displacement_elevation_exog_v1,7,17dac7c5985891f27905e7056b45626a0d6f4dbf34f336534c17bb76ecd32f09,ATU2,raw,2018-02-21,2018-12-04,287,1,1.8034584656095254,-0.10696860627177686,0.10696860627177686,1.9104270718813021,0.11706242426276037,1.2006314716404252,10.25633527753933,0.06664940963137712,2.164241625424397,1.8035695107391263,0.9548811910189157,0.9548811910189157,0.1584239443009627,0.10696860627177686,0.9997582381451181,0.9997582381451181,1.1005352745439825,0.9017847553695632,0.3868532544309119,0.7963910947814857,0.32752613240418116,-0.4724738675958189,2.771272384683313,14.873885289748946,0,0,287,-12.661076518287679,2.005817681123434,1.6966009044673493,-15.860736748843564
3,1,displacement_elevation_exog_v1,7,17dac7c5985891f27905e7056b45626a0d6f4dbf34f336534c17bb76ecd32f09,ATU3,raw,2018-02-21,2018-12-04,287,1,2.7810895487201397,-0.23802623693379796,0.23802623693379796,3.0191157856539377,0.21300422663602417,1.2903066354226855,6.057657426805555,0.19404935514218172,3.0549088857021878,2.7810895487201397,0.9827484220513947,0.9827484220513947,0.3191695530913898,0.23802623693379796,0.9998116892069343,0.9998116892069343,1.629807455594494,1.3905447743600698,0.5759316464300077,1.1987612921281905,0.041811846689895474,-0.7581881533101046,3.9603464352745608,22.057391020245024,0,0,287,-8.571429530521218,2.735739332610798,2.5430633117863417,-10.683962173857505
3,1,displacement_elevation_exog_v1,7,17dac7c5985891f27905e7056b45626a0d6f4dbf34f336534c17bb76ecd32f09,ATU4,raw,2018-02-21,2018-12-04,287,1,1.6848545165806694,-0.09670212543553999,0.09670212543553999,1.7815566420162092,0.1015799825794991,0.6917564951714109,6.809968633633349,0.23328755770676549,1.814719162389354,1.6848545165806694,0.9626131405388554,0.9626131405388554,0.1401208085467853,0.09670212543553999,0.9997771023937446,0.9997771023937446,1.0069995225517467,0.8424272582903347,0.339968987869667,0.7297985895705829,0.020905923344947737,-0.7790940766550523,2.2818537812738815,13.469685104214141,0,0,287,-11.951103988123453,1.6745983538425686,1.5881523911451294,-16.423138415957208
3,1,displacement_elevation_exog_v1,7,17dac7c5985891f27905e7056b45626a0d6f4dbf34f336534c17bb76ecd32f09,ATU5,raw,2018-02-21,2018-12-04,287,1,2.303877018039409,-0.2876198040183912,0.2876198040183912,2.5914968220578003,0.26003424451083024,1.1322448380510328,4.354214346579554,0.29080461526238693,2.5459970379882693,2.303877018039409,0.9923124983476121,0.9923124983476121,0.387436908234515,0.2876198040183912,0.9998219789268481,0.9998219789268481,1.402802593702147,1.1519385090197045,0.4834630407168825,1.012734714479578,0.0627177700348432,-0.7372822299651568,3.3003459698468003,18.8626563441903,0,0,287,-5.571384872933121,2.1585601297537544,2.0162572140210178,-7.010147374594876
3,1,displacement_elevation_exog_v1,7,17dac7c5985891f27905e7056b45626a0d6f4dbf34f336534c17bb76ecd32f09,overall,calibrated,2018-02-21,2018-12-04,287,8,1.472892159145939,-0.16207756672926357,0.16207756672926357,1.6349697258752025,0.18392291682531414,1.3526811846098383,7.354609245864585,0.21979991337662935,1.980619519290624,1.4876463710974759,0.9999578795909206,0.9999578795909206,0.24511638802417446,0.16307588021306405,0.99999935488793,0.99999935488793,0.6941670491321699,0.7438231855487379,0.3455415959457111,0.594510610208873,0.3588850174216028,-0.44111498257839726,2.8474210544526954,10.397086450778811,0,0,2296,-7.080322720385739,1.7355031312664495,1.3245704908844118,-8.12241815990088
3,1,displacement_elevation_exog_v1,7,17dac7c5985891f27905e7056b45626a0d6f4dbf34f336534c17bb76ecd32f09,MJ9,calibrated,2018-02-21,2018-12-04,287,1,0.20688074954063418,-0.08835672473867599,0.08835672473867599,0.2952374742793102,0.08881672187735454,0.05883451428231626,0.6624260954323423,0.07675817674159263,0.23089089437834104,0.21030537604603114,0.9989355610650029,0.9989355610650029,0.1251712232989687,0.09286613240418139,0.9996871644259334,0.9996871644259334,0.032801465322770104,0.10515268802301557,0.05972287640821444,0.06589234325133338,0.5958188153310104,-0.2041811846689896,0.6223831873800729,0.9252434173098454,0,0,287,-0.8446004464369836,0.10571967107937233,0.11743924364184975,-1.2646078888126704
3,1,displacement_elevation_exog_v1,7,17dac7c5985891f27905e7056b45626a0d6f4dbf34f336534c17bb76ecd32f09,MJ1,calibrated,2018-02-21,2018-12-04,287,1,0.412814783682003,-0.26700872006361237,0.26700872006361237,0.6798235037456154,0.21360549146961538,0.14295562539165693,0.6692507032853687,0.18302535537981535,0.47445827951935615,0.412814783682003,0.9995855867563809,0.9995855867563809,0.34170452501504067,0.26700872006361237,0.9997850492194448,0.9997850492194448,0.0649376818853799,0.2064073918410015,0.13200074716488636,0.1344486069637559,0.5470383275261324,-0.2529616724738677,1.4125398046180075,1.9693842905026628,0,0,287,-0.38850452594525087,0.13275375450431548,0.1458060636183906,-0.5460722915103808
3,1,displacement_elevation_exog_v1,7,17dac7c5985891f27905e7056b45626a0d6f4dbf34f336534c17bb76ecd32f09,MJ3,calibrated,2018-02-21,2018-12-04,287,1,0.928635926159107,-0.0521863807349166,0.0521863807349166,0.9808223068940235,0.05705945057066131,0.2959487893307362,5.186674361055037,-0.19314350395594482,0.979484560402822,0.928635926159107,0.9577174845949501,0.9577174845949501,0.07725189349988038,0.05566348093981511,0.999736982955849,0.999736982955849,0.4046144402366335,0.4643179630795535,0.2101344003986078,0.3596889345715983,0.12195121951219512,-0.6780487804878049,1.6865000796656522,6.147488406352414,0,0,287,-11.679101003580433,0.9022326669029416,0.8729724452192918,-15.683037253152992
3,1,displacement_elevation_exog_v1,7,17dac7c5985891f27905e7056b45626a0d6f4dbf34f336534c17bb76ecd32f09,ATU1,calibrated,2018-02-21,2018-12-04,287,1,1.6615262648360243,-0.1597519356373974,0.1597519356373974,1.8212782004734214,0.14177263597358836,1.8934260127979987,13.355370024655082,-5.975298664520863e-05,2.5205756295797577,1.7760242888133229,0.9725476563250122,0.9725476563250122,0.2134247600873727,0.1597519356373974,0.9998031798469791,0.9998031798469791,1.1379426965628867,0.8880121444066614,0.42019208555872534,0.8153823088427578,0.5749128919860628,-0.22508710801393728,3.6228122211235707,15.581347821216122,0,0,287,-10.810136877032797,2.307150869492385,1.6162723531759255,-10.117388228988453
3,1,displacement_elevation_exog_v1,7,17dac7c5985891f27905e7056b45626a0d6f4dbf34f336534c17bb76ecd32f09,ATU2,calibrated,2018-02-21,2018-12-04,287,1,1.8034584656095254,-0.10696860627177686,0.10696860627177686,1.9104270718813021,0.11706242426276037,1.2006314716404252,10.25633527753933,0.06664940963137712,2.164241625424397,1.8035695107391263,0.9548811910189157,0.9548811910189157,0.1584239443009627,0.10696860627177686,0.9997582381451181,0.9997582381451181,1.1005352745439825,0.9017847553695632,0.3868532544309119,0.7963910947814857,0.32752613240418116,-0.4724738675958189,2.771272384683313,14.873885289748946,0,0,287,-12.661076518287679,2.005817681123434,1.6966009044673493,-15.860736748843564
3,1,displacement_elevation_exog_v1,7,17dac7c5985891f27905e7056b45626a0d6f4dbf34f336534c17bb76ecd32f09,ATU3,calibrated,2018-02-21,2018-12-04,287,1,2.7810895487201397,-0.23802623693379796,0.23802623693379796,3.0191157856539377,0.21300422663602417,1.2903066354226855,6.057657426805555,0.19404935514218172,3.0549088857021878,2.7810895487201397,0.9827484220513947,0.9827484220513947,0.3191695530913898,0.23802623693379796,0.9998116892069343,0.9998116892069343,1.1506892773512278,1.3905447743600698,0.6372515379151542,1.0594951965421506,0.24390243902439024,-0.5560975609756098,5.186744264977492,17.87940815266382,0,0,287,-8.571429530521218,2.735739332610798,2.5430633117863417,-10.683962173857505
3,1,displacement_elevation_exog_v1,7,17dac7c5985891f27905e7056b45626a0d6f4dbf34f336534c17bb76ecd32f09,ATU4,calibrated,2018-02-21,2018-12-04,287,1,1.6848545165806694,-0.09670212543553999,0.09670212543553999,1.7815566420162092,0.1015799825794991,0.6917564951714109,6.809968633633349,0.23328755770676549,1.814719162389354,1.6848545165806694,0.9626131405388554,0.9626131405388554,0.1401208085467853,0.09670212543553999,0.9997771023937446,0.9997771023937446,0.5835817147560175,0.8424272582903347,0.39339461392758257,0.606467862324645,0.2682926829268293,-0.5317073170731708,3.350366302432193,9.769763286836001,0,0,287,-11.951103988123453,1.6745983538425686,1.5881523911451294,-16.423138415957208
3,1,displacement_elevation_exog_v1,7,17dac7c5985891f27905e7056b45626a0d6f4dbf34f336534c17bb76ecd32f09,ATU5,calibrated,2018-02-21,2018-12-04,287,1,2.303877018039409,-0.2876198040183912,0.2876198040183912,2.5914968220578003,0.26003424451083024,1.1322448380510328,4.354214346579554,0.29080461526238693,2.5459970379882693,2.303877018039409,0.9923124983476121,0.9923124983476121,0.387436908234515,0.2876198040183912,0.9998219789268481,0.9998219789268481,1.078233842398461,1.1519385090197045,0.5247832517616056,0.918318534393257,0.1916376306620209,-0.6083623693379792,4.1267501907412605,16.03017094160067,0,0,287,-5.571384872933121,2.1585601297537544,2.0162572140210178,-7.010147374594876
3,2,displacement_elevation_exog_v1,7,17dac7c5985891f27905e7056b45626a0d6f4dbf34f336534c17bb76ecd32f09,overall,raw,2018-12-05,2019-09-17,287,8,0.1981263990338305,-0.08899660405050402,0.08899660405050402,0.2871230030843345,0.08053213935326142,0.22157775046797581,2.751420144148974,0.2021883463407844,0.2959719227992941,0.20919371473305987,0.9999990842861972,0.9999990842861972,0.12001248409509184,0.09264561082896423,0.9999998494393146,0.9999998494393146,0.030338855439352958,0.10459685736652993,0.05206731062309653,0.06233434114299314,0.6994773519163763,-0.10052264808362377,0.6285627681779133,0.824061660624495,0,0,2296,-1.466176123517124,0.17595943870420222,0.11654810390409563,-1.2579991956581567
3,2,displacement_elevation_exog_v1,7,17dac7c5985891f27905e7056b45626a0d6f4dbf34f336534c17bb76ecd32f09,MJ9,raw,2018-12-05,2019-09-17,287,1,0.0670505839774163,-0.055489442508710865,0.055489442508710865,0.12254002648612716,0.05137252387005158,0.03990303265370285,0.7767388021394243,0.6053955362368979,0.07898765386860489,0.0695160439243214,0.9998406765653003,0.9998406765653003,0.07555804948620815,0.06341864111498252,0.9998542116878548,0.9998542116878548,0.02509554365476305,0.0347580219621607,0.013540713196112181,0.02446475960434531,0.3693379790940767,-0.43066202090592337,0.12026336020160266,0.38636256850875234,0,0,287,-0.04539032446864266,0.003429604382396742,0.0060974028093388755,-0.09614527687977192
3,2,displacement_elevation_exog_v1,7,17dac7c5985891f27905e7056b45626a0d6f4dbf34f336534c17bb76ecd32f09,MJ1,raw,2018-12-05,2019-09-17,287,1,0.14146663608806104,-0.1332539635150423,0.1332539635150423,0.27472059960310335,0.08846583875087369,0.1060836004225892,1.1991476248965256,0.2304764548457462,0.18632068371576319,0.14325443725585196,0.9998211000513351,0.9998211000513351,0.1598610472025586,0.1332539635150423,0.9998683037572985,0.9998683037572985,0.048983819275311535,0.07162721862792598,0.03121079189987137,0.05060727660103629,0.3867595818815331,-0.41324041811846696,0.2840927025247081,0.8019461117518291,0,0,287,-0.1655164718124098,0.0264596365132046,0.010000473740809673,-0.07504822728729388
3,2,displacement_elevation_exog_v1,7,17dac7c5985891f27905e7056b45626a0d6f4dbf34f336534c17bb76ecd32f09,MJ3,raw,2018-12-05,2019-09-17,287,1,0.007171459047271198,-0.11734578965108389,0.11734578965108389,0.12451724869835509,0.053000883939105674,0.09485778042039052,1.789739592444826,0.30285233752187196,0.09371651174259639,0.0727087614711692,0.9999097173710627,0.9999097173710627,0.12872194942682458,0.11734578965108389,0.9998296754763429,0.9998296754763429,0.017306509556348548,0.0363543807355846,0.018510337485373344,0.02405707592576883,0.7979094076655052,-0.002090592334494823,0.29380058510280943,0.35816847041721894,0,0,287,0.2719461431410962,-0.03500543768422819,-0.04463702817991469,0.38038883467944173
3,2,displacement_elevation_exog_v1,7,17dac7c5985891f27905e7056b45626a0d6f4dbf34f336534c17bb76ecd32f09,ATU1,raw,2018-12-05,2019-09-17,287,1,0.2097768063101755,-0.06980478984656123,0.06980478984656123,0.2795815961567367,0.058367995252277156,0.2797555290809165,4.792961071761363,0.06222314288643652,0.35123602979773266,0.21165525490391227,0.9970892873803285,0.9970892873803285,0.09092667976084662,0.07058980574671665,0.9998049329682087,0.9998049329682087,0.05075616266873381,0.10582762745195613,0.07174544028156074,0.0761097434674169,0.9825783972125436,0.18257839721254354,1.0674981136753274,1.2250160295029457,0,0,287,-2.862848953921402,0.26030935003688604,0.1410654491571956,-1.998382736217644
3,2,displacement_elevation_exog_v1,7,17dac7c5985891f27905e7056b45626a0d6f4dbf34f336534c17bb76ecd32f09,ATU2,raw,2018-12-05,2019-09-17,287,1,0.27988788271523035,-0.047071045296167235,0.047071045296167235,0.3269589280113976,0.05635526536064369,0.2009712493863164,3.566148577248415,0.06449969210586402,0.34683549587710166,0.27988788271523035,0.9945613931773453,0.9945613931773453,0.07335211878306687,0.04789006968641105,0.9997567426822236,0.9997567426822236,0.02625263327150734,0.13994394135761518,0.0629442168538478,0.07638026382765677,0.7317073170731707,-0.06829268292682933,0.7091487446677996,0.8919685012535514,0,0,287,-3.7283637014336346,0.2734833770940348,0.2319978130288193,-4.844382448135158
3,2,displacement_elevation_exog_v1,7,17dac7c5985891f27905e7056b45626a0d6f4dbf34f336534c17bb76ecd32f09,ATU3,raw,2018-12-05,2019-09-17,287,1,0.36318728849680937,-0.10678362369337965,0.10678362369337965,0.469970912190189,0.0987233467727449,0.22021859956441112,2.2306638375149586,0.0029964585066127847,0.43567736380242983,0.3691238567992352,0.9981211795678433,0.9981211795678433,0.14531029645708476,0.10845602787456456,0.9997909991464513,0.9997909991464513,0.028768088838055456,0.1845619283996176,0.08962752120419616,0.10098584614728974,0.7770034843205574,-0.02299651567944261,1.0501649970697347,1.1839561004225163,0,0,287,-1.998255281456264,0.29036706734534506,0.26066782892467066,-2.4034425198214664
3,2,displacement_elevation_exog_v1,7,17dac7c5985891f27905e7056b45626a0d6f4dbf34f336534c17bb76ecd32f09,ATU4,raw,2018-12-05,2019-09-17,287,1,0.18785017203574492,-0.03301407665505239,0.03301407665505239,0.2208642486907973,0.06100275389090093,0.11549979743794493,1.8933538253782456,-0.32181067490593807,0.23834598514388697,0.1987831171948232,0.9959702639324769,0.9959702639324769,0.06926975467110544,0.0510004878048782,0.9996596323940934,0.9996596323940934,0.018152638939352348,0.0993915585974116,0.04895302625705252,0.05549907459793882,0.7212543554006968,-0.07874564459930322,0.6004665127559615,0.6710566519640487,0,0,287,-2.440837726011299,0.16907623047278153,0.147782629389945,-2.8976708998420513
3,2,displacement_elevation_exog_v1,7,17dac7c5985891f27905e7056b45626a0d6f4dbf34f336534c17bb76ecd32f09,ATU5,raw,2018-12-05,2019-09-17,287,1,0.3286203635999353,-0.14921010123803463,0.14921010123803463,0.4778304648379699,0.07472807187371937,0.24833583897877004,3.3231934499584708,0.384993330211323,0.4009646090049352,0.3286203635999353,0.9991633879831532,0.9991633879831532,0.166818708780996,0.14921010123803463,0.9998551890088413,0.9998551890088413,0.02739544731075155,0.16431018179996765,0.08000643780675816,0.09057068897249244,0.8292682926829268,0.029268292682926744,0.9030671294253628,1.0740188511750972,0,0,287,-1.4035949680639965,0.2341459002239392,0.17941026236190066,-1.2024002455147977
3,2,displacement_elevation_exog_v1,7,17dac7c5985891f27905e7056b45626a0d6f4dbf34f336534c17bb76ecd32f09,overall,calibrated,2018-12-05,2019-09-17,287,8,0.1981263990338305,-0.08899660405050402,0.08899660405050402,0.2871230030843345,0.08053213935326142,0.22157775046797581,2.751420144148974,0.2021883463407844,0.2959719227992941,0.20919371473305987,0.9999990842861972,0.9999990842861972,0.12001248409509184,0.09264561082896423,0.9999998494393146,0.9999998494393146,0.033436471156426666,0.10459685736652993,0.0698929882703149,0.06930877226442383,0.9790940766550522,0.17909407665505217,0.9909523959903325,1.0332945942674159,0,0,2296,-1.466176123517124,0.17595943870420222,0.11654810390409563,-1.2579991956581567
3,2,displacement_elevation_exog_v1,7,17dac7c5985891f27905e7056b45626a0d6f4dbf34f336534c17bb76ecd32f09,MJ9,calibrated,2018-12-05,2019-09-17,287,1,0.0670505839774163,-0.055489442508710865,0.055489442508710865,0.12254002648612716,0.05137252387005158,0.03990303265370285,0.7767388021394243,0.6053955362368979,0.07898765386860489,0.0695160439243214,0.9998406765653003,0.9998406765653003,0.07555804948620815,0.06341864111498252,0.9998542116878548,0.9998542116878548,0.008827786369837247,0.0347580219621607,0.02388287674190134,0.022489561691299762,1.0,0.19999999999999996,0.3271066311173859,0.3271066311173859,0,0,287,-0.04539032446864266,0.003429604382396742,0.0060974028093388755,-0.09614527687977192
3,2,displacement_elevation_exog_v1,7,17dac7c5985891f27905e7056b45626a0d6f4dbf34f336534c17bb76ecd32f09,MJ1,calibrated,2018-12-05,2019-09-17,287,1,0.14146663608806104,-0.1332539635150423,0.1332539635150423,0.27472059960310335,0.08846583875087369,0.1060836004225892,1.1991476248965256,0.2304764548457462,0.18632068371576319,0.14325443725585196,0.9998211000513351,0.9998211000513351,0.1598610472025586,0.1332539635150423,0.9998683037572985,0.9998683037572985,0.020258167574349156,0.07162721862792598,0.050005049152110195,0.04729681178479511,0.8954703832752613,0.09547038327526125,0.6599778475694845,0.7026321672645935,0,0,287,-0.1655164718124098,0.0264596365132046,0.010000473740809673,-0.07504822728729388
3,2,displacement_elevation_exog_v1,7,17dac7c5985891f27905e7056b45626a0d6f4dbf34f336534c17bb76ecd32f09,MJ3,calibrated,2018-12-05,2019-09-17,287,1,0.007171459047271198,-0.11734578965108389,0.11734578965108389,0.12451724869835509,0.053000883939105674,0.09485778042039052,1.789739592444826,0.30285233752187196,0.09371651174259639,0.0727087614711692,0.9999097173710627,0.9999097173710627,0.12872194942682458,0.11734578965108389,0.9998296754763429,0.9998296754763429,0.024786273148869307,0.0363543807355846,0.026888168199760722,0.02934294069473821,0.9930313588850174,0.19303135888501732,0.5083657983349723,0.5167444134863003,0,0,287,0.2719461431410962,-0.03500543768422819,-0.04463702817991469,0.38038883467944173
3,2,displacement_elevation_exog_v1,7,17dac7c5985891f27905e7056b45626a0d6f4dbf34f336534c17bb76ecd32f09,ATU1,calibrated,2018-12-05,2019-09-17,287,1,0.2097768063101755,-0.06980478984656123,0.06980478984656123,0.2795815961567367,0.058367995252277156,0.2797555290809165,4.792961071761363,0.06222314288643652,0.35123602979773266,0.21165525490391227,0.9970892873803285,0.9970892873803285,0.09092667976084662,0.07058980574671665,0.9998049329682087,0.9998049329682087,0.06593127041281766,0.10582762745195613,0.0901220475497129,0.08729364847149557,0.9825783972125436,0.18257839721254354,1.4350302590383706,1.5605331796253057,0,0,287,-2.862848953921402,0.26030935003688604,0.1410654491571956,-1.998382736217644
3,2,displacement_elevation_exog_v1,7,17dac7c5985891f27905e7056b45626a0d6f4dbf34f336534c17bb76ecd32f09,ATU2,calibrated,2018-12-05,2019-09-17,287,1,0.27988788271523035,-0.047071045296167235,0.047071045296167235,0.3269589280113976,0.05635526536064369,0.2009712493863164,3.566148577248415,0.06449969210586402,0.34683549587710166,0.27988788271523035,0.9945613931773453,0.9945613931773453,0.07335211878306687,0.04789006968641105,0.9997567426822236,0.9997567426822236,0.03656697013980059,0.13994394135761518,0.08473250821359986,0.08708113990367188,0.9860627177700348,0.1860627177700348,1.1449145718628408,1.2129947835340047,0,0,287,-3.7283637014336346,0.2734833770940348,0.2319978130288193,-4.844382448135158
3,2,displacement_elevation_exog_v1,7,17dac7c5985891f27905e7056b45626a0d6f4dbf34f336534c17bb76ecd32f09,ATU3,calibrated,2018-12-05,2019-09-17,287,1,0.36318728849680937,-0.10678362369337965,0.10678362369337965,0.469970912190189,0.0987233467727449,0.22021859956441112,2.2306638375149586,0.0029964585066127847,0.43567736380242983,0.3691238567992352,0.9981211795678433,0.9981211795678433,0.14531029645708476,0.10845602787456456,0.9997909991464513,0.9997909991464513,0.03804975614165091,0.1845619283996176,0.10920293817129385,0.11060487423752079,0.9930313588850174,0.19303135888501732,1.4416733364116883,1.4725269431294479,0,0,287,-1.998255281456264,0.29036706734534506,0.26066782892467066,-2.4034425198214664
3,2,displacement_elevation_exog_v1,7,17dac7c5985891f27905e7056b45626a0d6f4dbf34f336534c17bb76ecd32f09,ATU4,calibrated,2018-12-05,2019-09-17,287,1,0.18785017203574492,-0.03301407665505239,0.03301407665505239,0.2208642486907973,0.06100275389090093,0.11549979743794493,1.8933538253782456,-0.32181067490593807,0.23834598514388697,0.1987831171948232,0.9959702639324769,0.9959702639324769,0.06926975467110544,0.0510004878048782,0.9996596323940934,0.9996596323940934,0.02210212817939714,0.0993915585974116,0.05910690246255679,0.06020019641312185,0.9930313588850174,0.19303135888501732,0.803544036866047,0.8120903064195394,0,0,287,-2.440837726011299,0.16907623047278153,0.147782629389945,-2.8976708998420513
3,2,displacement_elevation_exog_v1,7,17dac7c5985891f27905e7056b45626a0d6f4dbf34f336534c17bb76ecd32f09,ATU5,calibrated,2018-12-05,2019-09-17,287,1,0.3286203635999353,-0.14921010123803463,0.14921010123803463,0.4778304648379699,0.07472807187371937,0.24833583897877004,3.3231934499584708,0.384993330211323,0.4009646090049352,0.3286203635999353,0.9991633879831532,0.9991633879831532,0.166818708780996,0.14921010123803463,0.9998551890088413,0.9998551890088413,0.05096941728469138,0.16431018179996765,0.11520341567158353,0.11016100491874752,0.9895470383275261,0.18954703832752606,1.6070066867218706,1.6617283295627492,0,0,287,-1.4035949680639965,0.2341459002239392,0.17941026236190066,-1.2024002455147977
3,3,displacement_elevation_exog_v1,7,17dac7c5985891f27905e7056b45626a0d6f4dbf34f336534c17bb76ecd32f09,overall,raw,2019-09-18,2020-06-30,287,8,-0.14573825813368887,-0.1747658904206574,0.1747658904206574,0.029027632286968547,0.2920134418124893,0.044571035248634046,0.15263350540299603,-0.008448492934228138,0.32966632673123636,0.17112342239113562,0.9999989146000953,0.9999989146000953,0.34026141030996043,0.18053259739707228,0.9999988437120588,0.9999988437120588,0.034064120058246466,0.08556171119556781,0.09064669497070016,0.07009084207483814,0.6615853658536586,-0.13841463414634148,0.3637600854539667,1.2471081502894663,0,0,2296,0.03113806990064638,-0.010595083578724074,-0.00940917500593666,0.05211898095744816
3,3,displacement_elevation_exog_v1,7,17dac7c5985891f27905e7056b45626a0d6f4dbf34f336534c17bb76ecd32f09,MJ9,raw,2019-09-18,2020-06-30,287,1,-0.08166454889977204,-0.08613425087108013,0.08613425087108013,0.004469701971308094,0.09018192769378008,0.014225976029675957,0.15774752651087023,0.1622292857271169,0.12066651860256848,0.09024198978415816,0.9997242802670447,0.9997242802670447,0.12459354735642256,0.09359062717770046,0.9997060419313405,0.9997060419313405,0.01243515343692587,0.04512099489207908,0.06225094454250041,0.03993569762383512,0.41114982578397213,-0.3888501742160279,0.06282841209245656,0.7468609797942627,0,0,287,0.031518716957468884,-0.0039270287538540755,-0.0033486373935422975,0.03577962339310159
3,3,displacement_elevation_exog_v1,7,17dac7c5985891f27905e7056b45626a0d6f4dbf34f336534c17bb76ecd32f09,MJ1,raw,2019-09-18,2020-06-30,287,1,-0.12042737764800507,-0.14917262968946765,0.14917262968946765,0.02874525204146257,0.10655297947450441,0.019617058006129336,0.18410614234230052,0.15231048176050205,0.15989278362946627,0.12543443008400068,0.9998646754301228,0.9998646754301228,0.18321149396116104,0.14917262968946765,0.9998223258031971,0.9998223258031971,0.018482913793149158,0.06271721504200034,0.06823894953761755,0.04981302612425568,0.313588850174216,-0.48641114982578404,0.12956590326921968,0.8672186333076669,0,0,287,0.12727755135623808,-0.023318710331694775,-0.02373819960546697,0.15913240689584096
3,3,displacement_elevation_exog_v1,7,17dac7c5985891f27905e7056b45626a0d6f4dbf34f336534c17bb76ecd32f09,MJ3,raw,2019-09-18,2020-06-30,287,1,-0.16945949679588113,-0.18201727868135892,0.18201727868135892,0.012557781885477803,0.12873211584336292,0.019564146190155944,0.15197564385534504,-0.0912349628020841,0.2146394985084541,0.1698527243529006,0.9997836412193569,0.9997836412193569,0.2228104696269016,0.18201727868135892,0.9997668548297048,0.9997668548297048,0.025462994786988054,0.0849263621764503,0.09546577238795896,0.06861837645046577,0.4355400696864111,-0.3644599303135889,0.16309749379134614,1.20928767174947,0,0,287,0.03667229431422081,-0.008170971118447501,-0.01216455432845831,0.06683186572497701
3,3,displacement_elevation_exog_v1,7,17dac7c5985891f27905e7056b45626a0d6f4dbf34f336534c17bb76ecd32f09,ATU1,raw,2019-09-18,2020-06-30,287,1,-0.15396114706214664,-0.22335606284045828,0.22335606284045828,0.06939491577831164,0.422776923498751,0.031933533770158645,0.07553282120009794,-0.7030375318584222,0.4709083893477155,0.2522384790091756,0.9987993120999147,0.9987993120999147,0.47749918246494477,0.2485967719772182,0.998765467454298,0.998765467454298,0.05466227186507356,0.1261192395045878,0.12867490419127478,0.10315213852031206,0.7874564459930313,-0.012543554006968716,0.7033271810301487,1.833371760563484,0,0,287,0.013802731730777618,-0.0065907931172292655,0.0036417070319574307,-0.014649051968748772
3,3,displacement_elevation_exog_v1,7,17dac7c5985891f27905e7056b45626a0d6f4dbf34f336534c17bb76ecd32f09,ATU2,raw,2019-09-18,2020-06-30,287,1,-0.11103696612287849,-0.15546682926829275,0.15546682926829275,0.04442986314541427,0.28273327460326164,0.03504322835460932,0.12394447878051441,-0.020833977381895658,0.30598028424517165,0.14229973078855007,0.998733894635227,0.998733894635227,0.3222258673501355,0.15633909407665492,0.9985958814908783,0.9985958814908783,0.03309136562396093,0.07114986539427504,0.07869678464897996,0.06097933855573864,0.8815331010452961,0.0815331010452961,0.41597623147443197,1.117881502729409,0,0,287,0.050416756539632845,-0.016245583104963823,-0.014039363288104845,0.08980072048531362
3,3,displacement_elevation_exog_v1,7,17dac7c5985891f27905e7056b45626a0d6f4dbf34f336534c17bb76ecd32f09,ATU3,raw,2019-09-18,2020-06-30,287,1,-0.2286671034637378,-0.24300142857142848,0.24300142857142848,0.014334325107690667,0.43028391709775354,0.05098354895159496,0.11848815845936515,0.029277230246400974,0.4879528666089353,0.23972638719810288,0.9986670197278608,0.9986670197278608,0.4935066784621653,0.2444569686411152,0.9986365034514051,0.9986365034514051,0.05404876807797186,0.11986319359905144,0.12089633980353265,0.09826943382685198,0.8501742160278746,0.05017421602787453,0.5901823575144449,1.7494510788150455,0,0,287,0.011253772432292974,-0.005553811853230006,-0.004730581443012333,0.019351387155410738
3,3,displacement_elevation_exog_v1,7,17dac7c5985891f27905e7056b45626a0d6f4dbf34f336534c17bb76ecd32f09,ATU4,raw,2019-09-18,2020-06-30,287,1,-0.15565516736719062,-0.13881038327526124,0.13881038327526124,-0.016844784091929365,0.27416485394879053,0.03003792704423785,0.10956155251704304,0.08678512984397299,0.3140186261012516,0.16320904070211903,0.9977080623295839,0.9977080623295839,0.30687584774225235,0.1492666202090592,0.9978111429332277,0.9978111429332277,0.03349880269737742,0.08160452035105951,0.07870127040043211,0.06460153114962301,0.7630662020905923,-0.03693379790940776,0.33809424059578114,1.1220007309780953,0,0,287,-0.023275791860291717,0.0071427783589992355,0.013942420493059826,-0.09340615117788831
3,3,displacement_elevation_exog_v1,7,17dac7c5985891f27905e7056b45626a0d6f4dbf34f336534c17bb76ecd32f09,ATU5,raw,2019-09-18,2020-06-30,287,1,-0.1450342577098991,-0.2201682601679118,0.2201682601679118,0.07513400245801272,0.33142142192551766,0.04482885237419862,0.13526238622038522,0.04513441400998527,0.3621581525799403,0.1859845972100779,0.9992662034308086,0.9992662034308086,0.39740596796319644,0.2208207887240037,0.9991164158551586,0.9991164158551586,0.04083069018452488,0.09299229860503895,0.09224859425330476,0.07535719434762286,0.8501742160278746,0.05017421602787453,0.5070088638639044,1.3307928443782961,0,0,287,0.08869473089171231,-0.035247815383256165,-0.03483619151392581,0.15775775331310116
3,3,displacement_elevation_exog_v1,7,17dac7c5985891f27905e7056b45626a0d6f4dbf34f336534c17bb76ecd32f09,overall,calibrated,2019-09-18,2020-06-30,287,8,-0.14573825813368887,-0.1747658904206574,0.1747658904206574,0.029027632286968547,0.2920134418124893,0.044571035248634046,0.15263350540299603,-0.008448492934228138,0.32966632673123636,0.17112342239113562,0.9999989146000953,0.9999989146000953,0.34026141030996043,0.18053259739707228,0.9999988437120588,0.9999988437120588,0.03623064471167412,0.08556171119556781,0.08148072067014343,0.06775769219246179,0.7238675958188153,-0.07613240418118472,0.4096667426487439,1.1771136538181755,0,0,2296,0.03113806990064638,-0.010595083578724074,-0.00940917500593666,0.05211898095744816
3,3,displacement_elevation_exog_v1,7,17dac7c5985891f27905e7056b45626a0d6f4dbf34f336534c17bb76ecd32f09,MJ9,calibrated,2019-09-18,2020-06-30,287,1,-0.08166454889977204,-0.08613425087108013,0.08613425087108013,0.004469701971308094,0.09018192769378008,0.014225976029675957,0.15774752651087023,0.1622292857271169,0.12066651860256848,0.09024198978415816,0.9997242802670447,0.9997242802670447,0.12459354735642256,0.09359062717770046,0.9997060419313405,0.9997060419313405,0.016085301045220858,0.04512099489207908,0.04299304528027575,0.03473311373919189,0.5087108013937283,-0.2912891986062718,0.15644067726814978,0.590783463254966,0,0,287,0.031518716957468884,-0.0039270287538540755,-0.0033486373935422975,0.03577962339310159
3,3,displacement_elevation_exog_v1,7,17dac7c5985891f27905e7056b45626a0d6f4dbf34f336534c17bb76ecd32f09,MJ1,calibrated,2019-09-18,2020-06-30,287,1,-0.12042737764800507,-0.14917262968946765,0.14917262968946765,0.02874525204146257,0.10655297947450441,0.019617058006129336,0.18410614234230052,0.15231048176050205,0.15989278362946627,0.12543443008400068,0.9998646754301228,0.9998646754301228,0.18321149396116104,0.14917262968946765,0.9998223258031971,0.9998223258031971,0.025688336473409807,0.06271721504200034,0.04003162201145037,0.04281239117562017,0.6202090592334495,-0.17979094076655056,0.27367435687443276,0.6571995848486017,0,0,287,0.12727755135623808,-0.023318710331694775,-0.02373819960546697,0.15913240689584096
3,3,displacement_elevation_exog_v1,7,17dac7c5985891f27905e7056b45626a0d6f4dbf34f336534c17bb76ecd32f09,MJ3,calibrated,2019-09-18,2020-06-30,287,1,-0.16945949679588113,-0.18201727868135892,0.18201727868135892,0.012557781885477803,0.12873211584336292,0.019564146190155944,0.15197564385534504,-0.0912349628020841,0.2146394985084541,0.1698527243529006,0.9997836412193569,0.9997836412193569,0.2228104696269016,0.18201727868135892,0.9997668548297048,0.9997668548297048,0.031939621725853636,0.0849263621764503,0.06960320477189702,0.06215639622473365,0.5296167247386759,-0.2703832752613241,0.292630032568658,1.0154282649775066,0,0,287,0.03667229431422081,-0.008170971118447501,-0.01216455432845831,0.06683186572497701
3,3,displacement_elevation_exog_v1,7,17dac7c5985891f27905e7056b45626a0d6f4dbf34f336534c17bb76ecd32f09,ATU1,calibrated,2019-09-18,2020-06-30,287,1,-0.15396114706214664,-0.22335606284045828,0.22335606284045828,0.06939491577831164,0.422776923498751,0.031933533770158645,0.07553282120009794,-0.7030375318584222,0.4709083893477155,0.2522384790091756,0.9987993120999147,0.9987993120999147,0.47749918246494477,0.2485967719772182,0.998765467454298,0.998765467454298,0.05466227186507356,0.1261192395045878,0.12867490419127478,0.10315213852031206,0.7874564459930313,-0.012543554006968716,0.7033271810301487,1.833371760563484,0,0,287,0.013802731730777618,-0.0065907931172292655,0.0036417070319574307,-0.014649051968748772
3,3,displacement_elevation_exog_v1,7,17dac7c5985891f27905e7056b45626a0d6f4dbf34f336534c17bb76ecd32f09,ATU2,calibrated,2019-09-18,2020-06-30,287,1,-0.11103696612287849,-0.15546682926829275,0.15546682926829275,0.04442986314541427,0.28273327460326164,0.03504322835460932,0.12394447878051441,-0.020833977381895658,0.30598028424517165,0.14229973078855007,0.998733894635227,0.998733894635227,0.3222258673501355,0.15633909407665492,0.9985958814908783,0.9985958814908783,0.03309136562396093,0.07114986539427504,0.07869678464897996,0.06097933855573864,0.8815331010452961,0.0815331010452961,0.41597623147443197,1.117881502729409,0,0,287,0.050416756539632845,-0.016245583104963823,-0.014039363288104845,0.08980072048531362
3,3,displacement_elevation_exog_v1,7,17dac7c5985891f27905e7056b45626a0d6f4dbf34f336534c17bb76ecd32f09,ATU3,calibrated,2019-09-18,2020-06-30,287,1,-0.2286671034637378,-0.24300142857142848,0.24300142857142848,0.014334325107690667,0.43028391709775354,0.05098354895159496,0.11848815845936515,0.029277230246400974,0.4879528666089353,0.23972638719810288,0.9986670197278608,0.9986670197278608,0.4935066784621653,0.2444569686411152,0.9986365034514051,0.9986365034514051,0.05404876807797186,0.11986319359905144,0.12089633980353265,0.09826943382685198,0.8501742160278746,0.05017421602787453,0.5901823575144449,1.7494510788150455,0,0,287,0.011253772432292974,-0.005553811853230006,-0.004730581443012333,0.019351387155410738
3,3,displacement_elevation_exog_v1,7,17dac7c5985891f27905e7056b45626a0d6f4dbf34f336534c17bb76ecd32f09,ATU4,calibrated,2019-09-18,2020-06-30,287,1,-0.15565516736719062,-0.13881038327526124,0.13881038327526124,-0.016844784091929365,0.27416485394879053,0.03003792704423785,0.10956155251704304,0.08678512984397299,0.3140186261012516,0.16320904070211903,0.9977080623295839,0.9977080623295839,0.30687584774225235,0.1492666202090592,0.9978111429332277,0.9978111429332277,0.03349880269737742,0.08160452035105951,0.07870127040043211,0.06460153114962301,0.7630662020905923,-0.03693379790940776,0.33809424059578114,1.1220007309780953,0,0,287,-0.023275791860291717,0.0071427783589992355,0.013942420493059826,-0.09340615117788831
3,3,displacement_elevation_exog_v1,7,17dac7c5985891f27905e7056b45626a0d6f4dbf34f336534c17bb76ecd32f09,ATU5,calibrated,2019-09-18,2020-06-30,287,1,-0.1450342577098991,-0.2201682601679118,0.2201682601679118,0.07513400245801272,0.33142142192551766,0.04482885237419862,0.13526238622038522,0.04513441400998527,0.3621581525799403,0.1859845972100779,0.9992662034308086,0.9992662034308086,0.39740596796319644,0.2208207887240037,0.9991164158551586,0.9991164158551586,0.04083069018452488,0.09299229860503895,0.09224859425330476,0.07535719434762286,0.8501742160278746,0.05017421602787453,0.5070088638639044,1.3307928443782961,0,0,287,0.08869473089171231,-0.035247815383256165,-0.03483619151392581,0.15775775331310116
4,1,displacement_elevation_exog_v1,7,17dac7c5985891f27905e7056b45626a0d6f4dbf34f336534c17bb76ecd32f09,overall,raw,2018-02-21,2018-12-04,287,8,1.9468363856616764,-0.16207756672926357,0.16207756672926357,2.10891395239094,0.18392291682531414,1.2679779161918139,6.894072462955287,0.2312184385063169,2.307217922706056,1.9471119913338903,0.9999428432265749,0.9999428432265749,0.24511638802417446,0.16307588021306405,0.99999935488793,0.99999935488793,1.2995231569195942,0.9735559956669452,0.3644912195306519,0.8791901240390638,0.02656794425087108,-0.773432055749129,2.2027343812555125,16.64014376450246,0,0,2296,-8.412744457047515,2.0621015346818816,1.7840361111208263,-10.939914037501586
4,1,displacement_elevation_exog_v1,7,17dac7c5985891f27905e7056b45626a0d6f4dbf34f336534c17bb76ecd32f09,MJ9,raw,2018-02-21,2018-12-04,287,1,0.19318483975067768,-0.08835672473867599,0.08835672473867599,0.2815415644893537,0.08881672187735454,0.05986818880962498,0.6740643827442305,0.3403861119312748,0.21247532408210615,0.19538968512838936,0.9990985863289865,0.9990985863289865,0.1251712232989687,0.09286613240418139,0.9996871644259334,0.9996871644259334,0.11457344474686977,0.09769484256419468,0.040569756745258506,0.0842793480187743,0.10104529616724739,-0.6989547038327526,0.28471793668883594,1.551432014921283,0,0,287,-0.6974774111986868,0.08730410078313744,0.10252355272420798,-1.103992920454516
4,1,displacement_elevation_exog_v1,7,17dac7c5985891f27905e7056b45626a0d6f4dbf34f336534c17bb76ecd32f09,MJ1,raw,2018-02-21,2018-12-04,287,1,0.43669179234945193,-0.26700872006361237,0.26700872006361237,0.7037005124130643,0.21360549146961538,0.09542964476801383,0.4467565141301077,0.36059682023600675,0.48020134493782474,0.43669179234945193,0.999575493532998,0.999575493532998,0.34170452501504067,0.26700872006361237,0.9997850492194448,0.9997850492194448,0.27109888867138127,0.21834589617472597,0.09526284604944539,0.19490254363185086,0.07317073170731707,-0.726829268292683,0.6534249229394229,3.663617347208268,0,0,287,-0.4053116355912696,0.13849681992278406,0.16968307228583956,-0.6354963697268543
4,1,displacement_elevation_exog_v1,7,17dac7c5985891f27905e7056b45626a0d6f4dbf34f336534c17bb76ecd32f09,MJ3,raw,2018-02-21,2018-12-04,287,1,1.0050026860418702,-0.0521863807349166,0.0521863807349166,1.0571890667767867,0.05705945057066131,0.13285593928576123,2.328377472216194,-0.1449201837832696,1.0163924286109416,1.0050026860418702,0.9544709625307142,0.9544709625307142,0.07725189349988038,0.05566348093981511,0.999736982955849,0.999736982955849,0.7142364546537739,0.5025013430209351,0.1818166980692619,0.46618483191465704,0.003484320557491289,-0.7965156794425088,1.0246976607528429,8.960531527230359,0,0,287,-12.156861049787931,0.9391405351110612,0.949339205102055,-17.054973729158384
4,1,displacement_elevation_exog_v1,7,17dac7c5985891f27905e7056b45626a0d6f4dbf34f336534c17bb76ecd32f09,ATU1,raw,2018-02-21,2018-12-04,287,1,2.9054553570971278,-0.1597519356373974,0.1597519356373974,3.065207292734525,0.14177263597358836,0.7528947233232994,5.310578576415554,0.1960776355069789,2.997476088539807,2.9054553570971278,0.9611767922443223,0.9611767922443223,0.2134247600873727,0.1597519356373974,0.9998031798469791,0.9998031798469791,1.7690102561093561,1.4527276785485639,0.5607659324367197,1.2608346223648799,0.010452961672473868,-0.7895470383275262,3.6452768563713804,23.297761885460762,0,0,287,-13.044650148898786,2.784051328452434,2.7457034214597305,-17.187293603076508
4,1,displacement_elevation_exog_v1,7,17dac7c5985891f27905e7056b45626a0d6f4dbf34f336534c17bb76ecd32f09,ATU2,raw,2018-02-21,2018-12-04,287,1,2.5681907336611642,-0.10696860627177686,0.10696860627177686,2.6751593399329403,0.11706242426276037,0.3956990762080953,3.3802398908116085,0.10754051816078984,2.599108219903864,2.5681907336611642,0.9349278942271659,0.9349278942271659,0.1584239443009627,0.10696860627177686,0.9997582381451181,0.9997582381451181,1.7539086424632164,1.2840953668305821,0.47397883187985107,1.1706609470578833,0.006968641114982578,-0.7930313588850174,2.7916725663732205,22.27887474343068,0,0,287,-15.406031495884616,2.4406842756029015,2.4612221273893873,-23.008826731238518
4,1,displacement_elevation_exog_v1,7,17dac7c5985891f27905e7056b45626a0d6f4dbf34f336534c17bb76ecd32f09,ATU3,raw,2018-02-21,2018-12-04,287,1,3.5117047306895053,-0.23802623693379796,0.23802623693379796,3.7497309676233037,0.21300422663602417,0.5335148150839684,2.5047146881062785,0.2268984845659556,3.550991256346379,3.5117047306895053,0.9766905778531969,0.9766905778531969,0.3191695530913898,0.23802623693379796,0.9998116892069343,0.9998116892069343,2.390060511952065,1.7558523653447526,0.6477812155869593,1.597898030961259,0.006968641114982578,-0.7930313588850174,3.823092530795019,30.378417275390245,0,0,287,-10.125720551827204,3.2318217032549894,3.2736784937557073,-13.753435486467875
4,1,displacement_elevation_exog_v1,7,17dac7c5985891f27905e7056b45626a0d6f4dbf34f336534c17bb76ecd32f09,ATU4,raw,2018-02-21,2018-12-04,287,1,2.0355131414640097,-0.09670212543553999,0.09670212543553999,2.13221526689955,0.1015799825794991,0.31056619779682515,3.0573562813300157,0.20250655992158564,2.058392341158364,2.0355131414640097,0.9518987403351656,0.9518987403351656,0.1401208085467853,0.09670212543553999,0.9997771023937446,0.9997771023937446,1.390757497747443,1.0177565707320049,0.370694864402264,0.9264029776272373,0.006968641114982578,-0.7930313588850174,2.1621664749170617,17.61452362149707,0,0,287,-13.690126059835587,1.9182715326115785,1.9388110160284697,-20.049311297928487
4,1,displacement_elevation_exog_v1,7,17dac7c5985891f27905e7056b45626a0d6f4dbf34f336534c17bb76ecd32f09,ATU5,raw,2018-02-21,2018-12-04,287,1,2.9189478042396044,-0.2876198040183912,0.2876198040183912,3.2065676082579957,0.26003424451083024,0.4164173068353262,1.6013941072210691,0.32407238457978477,2.9479652823531137,2.9189478042396044,0.9896934298577736,0.9896934298577736,0.387436908234515,0.2876198040183912,0.9998219789268481,0.9998219789268481,1.9925395590126487,1.4594739021198022,0.5450596110754548,1.3323576907359687,0.003484320557491289,-0.7965156794425088,3.2368261012063155,25.37599170088104,0,0,287,-6.608891201890128,2.560528374118599,2.631328000221213,-9.148632894739608
4,1,displacement_elevation_exog_v1,7,17dac7c5985891f27905e7056b45626a0d6f4dbf34f336534c17bb76ecd32f09,overall,calibrated,2018-02-21,2018-12-04,287,8,1.9468363856616764,-0.16207756672926357,0.16207756672926357,2.10891395239094,0.18392291682531414,1.2679779161918139,6.894072462955287,0.2312184385063169,2.307217922706056,1.9471119913338903,0.9999428432265749,0.9999428432265749,0.24511638802417446,0.16307588021306405,0.99999935488793,0.99999935488793,0.3846789304418586,0.9735559956669452,0.4720531870312925,0.6100960377133654,0.24912891986062718,-0.5508710801393728,4.353973731268328,8.567321174731513,0,0,2296,-8.412744457047515,2.0621015346818816,1.7840361111208263,-10.939914037501586
4,1,displacement_elevation_exog_v1,7,17dac7c5985891f27905e7056b45626a0d6f4dbf34f336534c17bb76ecd32f09,MJ9,calibrated,2018-02-21,2018-12-04,287,1,0.19318483975067768,-0.08835672473867599,0.08835672473867599,0.2815415644893537,0.08881672187735454,0.05986818880962498,0.6740643827442305,0.3403861119312748,0.21247532408210615,0.19538968512838936,0.9990985863289865,0.9990985863289865,0.1251712232989687,0.09286613240418139,0.9996871644259334,0.9996871644259334,0.02911952830103179,0.09769484256419468,0.054734197609422414,0.060516189491549625,0.5888501742160279,-0.21114982578397212,0.5680067539721141,0.8385372591045421,0,0,287,-0.6974774111986868,0.08730410078313744,0.10252355272420798,-1.103992920454516
4,1,displacement_elevation_exog_v1,7,17dac7c5985891f27905e7056b45626a0d6f4dbf34f336534c17bb76ecd32f09,MJ1,calibrated,2018-02-21,2018-12-04,287,1,0.43669179234945193,-0.26700872006361237,0.26700872006361237,0.7037005124130643,0.21360549146961538,0.09542964476801383,0.4467565141301077,0.36059682023600675,0.48020134493782474,0.43669179234945193,0.999575493532998,0.999575493532998,0.34170452501504067,0.26700872006361237,0.9997850492194448,0.9997850492194448,0.032816699832667724,0.21834589617472597,0.13917362077462503,0.13011207226067292,0.7003484320557491,-0.0996515679442509,1.5316404174430156,1.7199032060729278,0,0,287,-0.4053116355912696,0.13849681992278406,0.16968307228583956,-0.6354963697268543
4,1,displacement_elevation_exog_v1,7,17dac7c5985891f27905e7056b45626a0d6f4dbf34f336534c17bb76ecd32f09,MJ3,calibrated,2018-02-21,2018-12-04,287,1,1.0050026860418702,-0.0521863807349166,0.0521863807349166,1.0571890667767867,0.05705945057066131,0.13285593928576123,2.328377472216194,-0.1449201837832696,1.0163924286109416,1.0050026860418702,0.9544709625307142,0.9544709625307142,0.07725189349988038,0.05566348093981511,0.999736982955849,0.999736982955849,0.20076906993809235,0.5025013430209351,0.24035658862627926,0.31454233386176894,0.0627177700348432,-0.7372822299651568,2.195495471893189,4.411256585643716,0,0,287,-12.156861049787931,0.9391405351110612,0.949339205102055,-17.054973729158384
4,1,displacement_elevation_exog_v1,7,17dac7c5985891f27905e7056b45626a0d6f4dbf34f336534c17bb76ecd32f09,ATU1,calibrated,2018-02-21,2018-12-04,287,1,2.9054553570971278,-0.1597519356373974,0.1597519356373974,3.065207292734525,0.14177263597358836,0.7528947233232994,5.310578576415554,0.1960776355069789,2.997476088539807,2.9054553570971278,0.9611767922443223,0.9611767922443223,0.2134247600873727,0.1597519356373974,0.9998031798469791,0.9998031798469791,1.4361940004828262,1.4527276785485639,0.5982425294387204,1.1623880694900368,0.017421602787456445,-0.7825783972125436,4.394808796411395,20.34436529921547,0,0,287,-13.044650148898786,2.784051328452434,2.7457034214597305,-17.187293603076508
4,1,displacement_elevation_exog_v1,7,17dac7c5985891f27905e7056b45626a0d6f4dbf34f336534c17bb76ecd32f09,ATU2,calibrated,2018-02-21,2018-12-04,287,1,2.5681907336611642,-0.10696860627177686,0.10696860627177686,2.6751593399329403,0.11706242426276037,0.3956990762080953,3.3802398908116085,0.10754051816078984,2.599108219903864,2.5681907336611642,0.9349278942271659,0.9349278942271659,0.1584239443009627,0.10696860627177686,0.9997582381451181,0.9997582381451181,0.37266486137310934,1.2840953668305821,0.6318243137527311,0.7628615139854742,0.09407665505226481,-0.7059233449477352,5.9485822038308225,10.044891751258406,0,0,287,-15.406031495884616,2.4406842756029015,2.4612221273893873,-23.008826731238518
4,1,displacement_elevation_exog_v1,7,17dac7c5985891f27905e7056b45626a0d6f4dbf34f336534c17bb76ecd32f09,ATU3,calibrated,2018-02-21,2018-12-04,287,1,3.5117047306895053,-0.23802623693379796,0.23802623693379796,3.7497309676233037,0.21300422663602417,0.5335148150839684,2.5047146881062785,0.2268984845659556,3.550991256346379,3.5117047306895053,0.9766905778531969,0.9766905778531969,0.3191695530913898,0.23802623693379796,0.9998116892069343,0.9998116892069343,0.42412494759664915,1.7558523653447526,0.8735982927740872,1.0178585352384963,0.18118466898954705,-0.6188153310104529,8.339434074537573,12.977232403707363,0,0,287,-10.125720551827204,3.2318217032549894,3.2736784937557073,-13.753435486467875
4,1,displacement_elevation_exog_v1,7,17dac7c5985891f27905e7056b45626a0d6f4dbf34f336534c17bb76ecd32f09,ATU4,calibrated,2018-02-21,2018-12-04,287,1,2.0355131414640097,-0.09670212543553999,0.09670212543553999,2.13221526689955,0.1015799825794991,0.31056619779682515,3.0573562813300157,0.20250655992158564,2.058392341158364,2.0355131414640097,0.9518987403351656,0.9518987403351656,0.1401208085467853,0.09670212543553999,0.9997771023937446,0.9997771023937446,0.24289679114988386,1.0177565707320049,0.502787469242008,0.5878136103746322,0.14982578397212543,-0.6501742160278746,4.804018571711939,7.456842603918919,0,0,287,-13.690126059835587,1.9182715326115785,1.9388110160284697,-20.049311297928487
4,1,displacement_elevation_exog_v1,7,17dac7c5985891f27905e7056b45626a0d6f4dbf34f336534c17bb76ecd32f09,ATU5,calibrated,2018-02-21,2018-12-04,287,1,2.9189478042396044,-0.2876198040183912,0.2876198040183912,3.2065676082579957,0.26003424451083024,0.4164173068353262,1.6013941072210691,0.32407238457978477,2.9479652823531137,2.9189478042396044,0.9896934298577736,0.9896934298577736,0.387436908234515,0.2876198040183912,0.9998219789268481,0.9998219789268481,0.338845544860608,1.4594739021198022,0.7357084840324677,0.8446759770042926,0.1986062717770035,-0.6013937282229965,7.0498035603465725,10.745540288930759,0,0,287,-6.608891201890128,2.560528374118599,2.631328000221213,-9.148632894739608
4,2,displacement_elevation_exog_v1,7,17dac7c5985891f27905e7056b45626a0d6f4dbf34f336534c17bb76ecd32f09,overall,raw,2018-12-05,2019-09-17,287,8,0.22091601259238514,-0.08899660405050402,0.08899660405050402,0.30991261664288916,0.08053213935326142,0.3822566646420375,4.74663491758532,0.18089876332698884,0.436131054704063,0.23649901784162017,0.9999980116503553,0.9999980116503553,0.12001248409509184,0.09264561082896423,0.9999998494393146,0.9999998494393146,0.07863268674634583,0.11824950892081008,0.0753834806892745,0.09075522545214347,0.7591463414634146,-0.0408536585365854,0.8885036919599671,1.5401616743562034,0,0,2296,-2.634047390923887,0.31611857060897114,0.14385340701265592,-1.5527277085822004
4,2,displacement_elevation_exog_v1,7,17dac7c5985891f27905e7056b45626a0d6f4dbf34f336534c17bb76ecd32f09,MJ9,raw,2018-12-05,2019-09-17,287,1,0.05706156513419266,-0.055489442508710865,0.055489442508710865,0.11255100764290353,0.05137252387005158,0.04960852905912686,0.9656626796186459,0.5717801986882393,0.07371680587637315,0.060733230407085996,0.9998612304276677,0.9998612304276677,0.07555804948620815,0.06341864111498252,0.9998542116878548,0.9998542116878548,0.019304512046391865,0.030366615203542998,0.016190282535489896,0.021953803261808253,0.5087108013937283,-0.2912891986062718,0.16175149554484125,0.35494794581881767,0,0,287,0.02436859636207367,-0.0018412436098349944,-0.0026854107078965253,0.042344185568840675
4,2,displacement_elevation_exog_v1,7,17dac7c5985891f27905e7056b45626a0d6f4dbf34f336534c17bb76ecd32f09,MJ1,raw,2018-12-05,2019-09-17,287,1,0.12627855476460542,-0.1332539635150423,0.1332539635150423,0.2595325182796477,0.08846583875087369,0.13148583058403623,1.4862893116778106,0.17556078552351476,0.19210277746078955,0.13111542439192891,0.9998098241501915,0.9998098241501915,0.1598610472025586,0.1332539635150423,0.9998683037572985,0.9998683037572985,0.050808848040784296,0.06555771219596446,0.035656521835110096,0.05067436069061962,0.5505226480836237,-0.24947735191637632,0.34353182974437696,0.8646536987589439,0,0,287,-0.20168596929918614,0.03224173025823096,-0.0021385391231133755,0.016048596729897446
4,2,displacement_elevation_exog_v1,7,17dac7c5985891f27905e7056b45626a0d6f4dbf34f336534c17bb76ecd32f09,MJ3,raw,2018-12-05,2019-09-17,287,1,0.04896603049772362,-0.11734578965108389,0.11734578965108389,0.16631182014880752,0.053000883939105674,0.21271794010714834,4.013479102566411,0.2809719840632671,0.2097017470411659,0.13880226093332573,0.9995479608353806,0.9995479608353806,0.12872194942682458,0.11734578965108389,0.9998296754763429,0.9998296754763429,0.05512937393571349,0.06940113046666287,0.030060946431786955,0.05153048361138777,0.7735191637630662,-0.02648083623693387,0.40472121896987084,0.8519032036750046,0,0,287,-0.6291063643374701,0.08097979761434132,0.021456471282241846,-0.18284824147539114
4,2,displacement_elevation_exog_v1,7,17dac7c5985891f27905e7056b45626a0d6f4dbf34f336534c17bb76ecd32f09,ATU1,raw,2018-12-05,2019-09-17,287,1,0.2348909157910831,-0.06980478984656123,0.06980478984656123,0.30469570563764437,0.058367995252277156,0.425667680315441,7.292826804751943,-0.06542472604513389,0.492310887338237,0.2514789639345847,0.9942815267973251,0.9942815267973251,0.09092667976084662,0.07058980574671665,0.9998049329682087,0.9998049329682087,0.09740708776467663,0.12573948196729234,0.11005533945193341,0.11106730306130079,0.9547038327526133,0.15470383275261324,1.5293206095543608,2.074624272166101,0,0,287,-4.41437220223044,0.4013842075773904,0.18088915818786805,-2.5625393960838565
4,2,displacement_elevation_exog_v1,7,17dac7c5985891f27905e7056b45626a0d6f4dbf34f336534c17bb76ecd32f09,ATU2,raw,2018-12-05,2019-09-17,287,1,0.265216700252411,-0.047071045296167235,0.047071045296167235,0.31228774554857824,0.05635526536064369,0.3865274128427026,6.858763069770553,0.049305783955500136,0.4693048715960386,0.2695380271952432,0.990042490885724,0.990042490885724,0.07335211878306687,0.04789006968641105,0.9997567426822236,0.9997567426822236,0.08759186618277992,0.1347690135976216,0.08790719328166234,0.10342269102068796,0.8571428571428571,0.05714285714285705,1.0373196054090266,1.7549905946444229,0,0,287,-5.397972947229662,0.39595275281297176,0.22164795750883218,-4.628265503896843
4,2,displacement_elevation_exog_v1,7,17dac7c5985891f27905e7056b45626a0d6f4dbf34f336534c17bb76ecd32f09,ATU3,raw,2018-12-05,2019-09-17,287,1,0.41499964534419925,-0.10678362369337965,0.10678362369337965,0.5217832690375789,0.0987233467727449,0.5334053452425819,5.403031427514794,0.1295604723282856,0.6722122386044485,0.4163386454304502,0.9955273170648862,0.9955273170648862,0.14531029645708476,0.10845602787456456,0.9997909991464513,0.9997909991464513,0.1295738292812548,0.2081693227152251,0.132185566580126,0.15664290619220197,0.8118466898954704,0.01184668989547033,1.5052818688895377,2.617593958613808,0,0,287,-3.626046845916224,0.5269019421473637,0.30788261755588564,-2.8387782918988056
4,2,displacement_elevation_exog_v1,7,17dac7c5985891f27905e7056b45626a0d6f4dbf34f336534c17bb76ecd32f09,ATU4,raw,2018-12-05,2019-09-17,287,1,0.24609204865862663,-0.03301407665505239,0.03301407665505239,0.279106125313679,0.06100275389090093,0.3102752465466706,5.0862498290089615,-0.0010591823015980704,0.40030602363020434,0.24615304429070553,0.9886330180251377,0.9886330180251377,0.06926975467110544,0.0510004878048782,0.9996596323940934,0.9996596323940934,0.07195183524294745,0.12307652214535277,0.07678279384015066,0.0906037170761503,0.8083623693379791,0.00836236933797907,0.8697554583418552,1.4873462908309811,0,0,287,-4.778943862741648,0.3310362689590989,0.19515255648582733,-3.82648411584724
4,2,displacement_elevation_exog_v1,7,17dac7c5985891f27905e7056b45626a0d6f4dbf34f336534c17bb76ecd32f09,ATU5,raw,2018-12-05,2019-09-17,287,1,0.37382264029623935,-0.14921010123803463,0.14921010123803463,0.5230327415342739,0.07472807187371937,0.49215058026354486,6.585886239580954,0.35522915087420215,0.6005319551444196,0.3778325461496368,0.9981233457833186,0.9981233457833186,0.166818708780996,0.14921010123803463,0.9998551890088413,0.9998551890088413,0.11729414147621807,0.1889162730748184,0.11422920155793674,0.14014653870299107,0.8083623693379791,0.00836236933797907,1.256347449225868,2.3152334303415483,0,0,287,-2.599907705393007,0.43371324636342357,0.22862244491160216,-1.532218281568492
4,2,displacement_elevation_exog_v1,7,17dac7c5985891f27905e7056b45626a0d6f4dbf34f336534c17bb76ecd32f09,overall,calibrated,2018-12-05,2019-09-17,287,8,0.22091601259238514,-0.08899660405050402,0.08899660405050402,0.30991261664288916,0.08053213935326142,0.3822566646420375,4.74663491758532,0.18089876332698884,0.436131054704063,0.23649901784162017,0.9999980116503553,0.9999980116503553,0.12001248409509184,0.09264561082896423,0.9999998494393146,0.9999998494393146,0.07540356488609792,0.11824950892081008,0.1038928141311783,0.09918196264602876,0.929006968641115,0.12900696864111494,1.458690360798043,1.7929637901727624,0,0,2296,-2.634047390923887,0.31611857060897114,0.14385340701265592,-1.5527277085822004
4,2,displacement_elevation_exog_v1,7,17dac7c5985891f27905e7056b45626a0d6f4dbf34f336534c17bb76ecd32f09,MJ9,calibrated,2018-12-05,2019-09-17,287,1,0.05706156513419266,-0.055489442508710865,0.055489442508710865,0.11255100764290353,0.05137252387005158,0.04960852905912686,0.9656626796186459,0.5717801986882393,0.07371680587637315,0.060733230407085996,0.9998612304276677,0.9998612304276677,0.07555804948620815,0.06341864111498252,0.9998542116878548,0.9998542116878548,0.01099984296970582,0.030366615203542998,0.025886064217615825,0.022417507463621547,0.9477351916376306,0.1477351916376306,0.35566712918735977,0.3688590718732165,0,0,287,0.02436859636207367,-0.0018412436098349944,-0.0026854107078965253,0.042344185568840675
4,2,displacement_elevation_exog_v1,7,17dac7c5985891f27905e7056b45626a0d6f4dbf34f336534c17bb76ecd32f09,MJ1,calibrated,2018-12-05,2019-09-17,287,1,0.12627855476460542,-0.1332539635150423,0.1332539635150423,0.2595325182796477,0.08846583875087369,0.13148583058403623,1.4862893116778106,0.17556078552351476,0.19210277746078955,0.13111542439192891,0.9998098241501915,0.9998098241501915,0.1598610472025586,0.1332539635150423,0.9998683037572985,0.9998683037572985,0.036818379664411774,0.06555771219596446,0.059633730930001905,0.054003274263459376,0.9163763066202091,0.11637630662020904,0.823076011642213,0.9645211059441368,0,0,287,-0.20168596929918614,0.03224173025823096,-0.0021385391231133755,0.016048596729897446
4,2,displacement_elevation_exog_v1,7,17dac7c5985891f27905e7056b45626a0d6f4dbf34f336534c17bb76ecd32f09,MJ3,calibrated,2018-12-05,2019-09-17,287,1,0.04896603049772362,-0.11734578965108389,0.11734578965108389,0.16631182014880752,0.053000883939105674,0.21271794010714834,4.013479102566411,0.2809719840632671,0.2097017470411659,0.13880226093332573,0.9995479608353806,0.9995479608353806,0.12872194942682458,0.11734578965108389,0.9998296754763429,0.9998296754763429,0.047432988726684853,0.06940113046666287,0.03982476801538833,0.05221962906957869,0.8606271777003485,0.06062717770034842,0.5999976506418986,0.872577567420732,0,0,287,-0.6291063643374701,0.08097979761434132,0.021456471282241846,-0.18284824147539114
4,2,displacement_elevation_exog_v1,7,17dac7c5985891f27905e7056b45626a0d6f4dbf34f336534c17bb76ecd32f09,ATU1,calibrated,2018-12-05,2019-09-17,287,1,0.2348909157910831,-0.06980478984656123,0.06980478984656123,0.30469570563764437,0.058367995252277156,0.425667680315441,7.292826804751943,-0.06542472604513389,0.492310887338237,0.2514789639345847,0.9942815267973251,0.9942815267973251,0.09092667976084662,0.07058980574671665,0.9998049329682087,0.9998049329682087,0.11900341289266755,0.12573948196729234,0.147748501135133,0.13083046533169762,0.9581881533101045,0.1581881533101045,2.2831838432183527,2.667519140278006,0,0,287,-4.41437220223044,0.4013842075773904,0.18088915818786805,-2.5625393960838565
4,2,displacement_elevation_exog_v1,7,17dac7c5985891f27905e7056b45626a0d6f4dbf34f336534c17bb76ecd32f09,ATU2,calibrated,2018-12-05,2019-09-17,287,1,0.265216700252411,-0.047071045296167235,0.047071045296167235,0.31228774554857824,0.05635526536064369,0.3865274128427026,6.858763069770553,0.049305783955500136,0.4693048715960386,0.2695380271952432,0.990042490885724,0.990042490885724,0.07335211878306687,0.04789006968641105,0.9997567426822236,0.9997567426822236,0.09314194741779583,0.1347690135976216,0.12384429166725906,0.1172517508942255,0.9547038327526133,0.15470383275261324,1.7560615731209617,2.169862390850549,0,0,287,-5.397972947229662,0.39595275281297176,0.22164795750883218,-4.628265503896843
4,2,displacement_elevation_exog_v1,7,17dac7c5985891f27905e7056b45626a0d6f4dbf34f336534c17bb76ecd32f09,ATU3,calibrated,2018-12-05,2019-09-17,287,1,0.41499964534419925,-0.10678362369337965,0.10678362369337965,0.5217832690375789,0.0987233467727449,0.5334053452425819,5.403031427514794,0.1295604723282856,0.6722122386044485,0.4163386454304502,0.9955273170648862,0.9955273170648862,0.14531029645708476,0.10845602787456456,0.9997909991464513,0.9997909991464513,0.11505642603087811,0.2081693227152251,0.1696513515950366,0.16429236678037995,0.9198606271777003,0.1198606271777003,2.2545975691877493,2.8470777762591473,0,0,287,-3.626046845916224,0.5269019421473637,0.30788261755588564,-2.8387782918988056
4,2,displacement_elevation_exog_v1,7,17dac7c5985891f27905e7056b45626a0d6f4dbf34f336534c17bb76ecd32f09,ATU4,calibrated,2018-12-05,2019-09-17,287,1,0.24609204865862663,-0.03301407665505239,0.03301407665505239,0.279106125313679,0.06100275389090093,0.3102752465466706,5.0862498290089615,-0.0010591823015980704,0.40030602363020434,0.24615304429070553,0.9886330180251377,0.9886330180251377,0.06926975467110544,0.0510004878048782,0.9996596323940934,0.9996596323940934,0.06583668258953651,0.12307652214535277,0.0952865498067052,0.09473325151386482,0.9233449477351916,0.12334494773519156,1.239830577672946,1.6112323239624171,0,0,287,-4.778943862741648,0.3310362689590989,0.19515255648582733,-3.82648411584724
4,2,displacement_elevation_exog_v1,7,17dac7c5985891f27905e7056b45626a0d6f4dbf34f336534c17bb76ecd32f09,ATU5,calibrated,2018-12-05,2019-09-17,287,1,0.37382264029623935,-0.14921010123803463,0.14921010123803463,0.5230327415342739,0.07472807187371937,0.49215058026354486,6.585886239580954,0.35522915087420215,0.6005319551444196,0.3778325461496368,0.9981233457833186,0.9981233457833186,0.166818708780996,0.14921010123803463,0.9998551890088413,0.9998551890088413,0.11493883879710297,0.1889162730748184,0.16926725568228657,0.15770745585140264,0.9512195121951219,0.15121951219512186,2.357108531712865,2.8420609447938956,0,0,287,-2.599907705393007,0.43371324636342357,0.22862244491160216,-1.532218281568492
4,3,displacement_elevation_exog_v1,7,17dac7c5985891f27905e7056b45626a0d6f4dbf34f336534c17bb76ecd32f09,overall,raw,2019-09-18,2020-06-30,287,8,-0.14288331753246525,-0.1747658904206574,0.1747658904206574,0.03188257288819216,0.2920134418124893,0.04204820032067607,0.1439940574642331,-0.07445266890611026,0.3305226060104846,0.1701060777810766,0.9999989089543111,0.9999989089543111,0.34026141030996043,0.18053259739707228,0.9999988437120588,0.9999988437120588,0.033700244677809854,0.0850530388905383,0.07658356922113188,0.06511228426316001,0.7277874564459931,-0.07221254355400697,0.47154053516874794,1.1028381389894173,0,0,2296,0.02862153627884012,-0.009738804299475823,-0.010426519615995694,0.0577542214886716
4,3,displacement_elevation_exog_v1,7,17dac7c5985891f27905e7056b45626a0d6f4dbf34f336534c17bb76ecd32f09,MJ9,raw,2019-09-18,2020-06-30,287,1,-0.06746536259926833,-0.08613425087108013,0.08613425087108013,0.01866888827181179,0.09018192769378008,0.02362193752073587,0.2619364891039593,0.29102494130502116,0.10943703908365737,0.08437560079606296,0.9997732104955809,0.9997732104955809,0.12459354735642256,0.09359062717770046,0.9997060419313405,0.9997060419313405,0.012390563926340572,0.04218780039803148,0.03966216607667219,0.03141351013368141,0.445993031358885,-0.354006968641115,0.09836076261611904,0.5205273000301276,0,0,287,0.12164761814997715,-0.015156508272765185,-0.0092150263816375,0.09846099614377979
4,3,displacement_elevation_exog_v1,7,17dac7c5985891f27905e7056b45626a0d6f4dbf34f336534c17bb76ecd32f09,MJ1,raw,2019-09-18,2020-06-30,287,1,-0.11099449049688606,-0.14917262968946765,0.14917262968946765,0.03817813919258158,0.10655297947450441,0.03560262666868716,0.3341307473922493,0.05547997100514778,0.15645260716281081,0.12806203659337503,0.9998704359431139,0.9998704359431139,0.18321149396116104,0.14917262968946765,0.9998223258031971,0.9998223258031971,0.018713966816241732,0.06403101829668752,0.042579145470886204,0.04177471019460515,0.43205574912891986,-0.3679442508710802,0.185246609064223,0.6129311228712793,0,0,287,0.1460546291054361,-0.02675888679835023,-0.021110593096092617,0.14151787187796105
4,3,displacement_elevation_exog_v1,7,17dac7c5985891f27905e7056b45626a0d6f4dbf34f336534c17bb76ecd32f09,MJ3,raw,2019-09-18,2020-06-30,287,1,-0.17309830094289277,-0.18201727868135892,0.18201727868135892,0.008918977738466142,0.12873211584336292,0.025865788331455326,0.20092723685927746,-0.6739431977863757,0.22719252240076018,0.17444648879771477,0.9997575940353545,0.9997575940353545,0.2228104696269016,0.18201727868135892,0.9997668548297048,0.9997668548297048,0.025547404017742772,0.08722324439885738,0.08040176258454455,0.06439080366704823,0.5121951219512195,-0.2878048780487805,0.21533161531579423,1.0594916660228733,0,0,287,-0.019667176238155948,0.004382052773858586,-0.007570789883644152,0.04159379778937167
4,3,displacement_elevation_exog_v1,7,17dac7c5985891f27905e7056b45626a0d6f4dbf34f336534c17bb76ecd32f09,ATU1,raw,2019-09-18,2020-06-30,287,1,-0.15003244248418587,-0.22335606284045828,0.22335606284045828,0.0733236203562724,0.422776923498751,0.039932654325042144,0.09445324970571653,-0.29957135520208816,0.46075609417525326,0.25048457499831434,0.9988505251987135,0.9988505251987135,0.47749918246494477,0.2485967719772182,0.998765467454298,0.998765467454298,0.05243359025127705,0.12524228749915717,0.10847904381660765,0.09538497385568062,0.8885017421602788,0.08850174216027873,0.839570194700581,1.609126340678847,0,0,287,0.035064119279242356,-0.01674308828969151,0.001887803021096146,-0.007593835616132472
4,3,displacement_elevation_exog_v1,7,17dac7c5985891f27905e7056b45626a0d6f4dbf34f336534c17bb76ecd32f09,ATU2,raw,2019-09-18,2020-06-30,287,1,-0.12723876639975817,-0.15546682926829275,0.15546682926829275,0.02822806286853459,0.28273327460326164,0.02879240887757163,0.10183594031503314,-0.27360669773296054,0.31798506453952236,0.1523873365358345,0.9986325973864718,0.9986325973864718,0.3222258673501355,0.15633909407665492,0.9985958814908783,0.9985958814908783,0.03437257701866535,0.07619366826791725,0.07490440885689464,0.06182355138115908,0.8885017421602788,0.08850174216027873,0.535002121670295,1.0927698587556,0,0,287,0.01316096328791938,-0.00424080281061312,-0.003951757540820416,0.02527683535688663
4,3,displacement_elevation_exog_v1,7,17dac7c5985891f27905e7056b45626a0d6f4dbf34f336534c17bb76ecd32f09,ATU3,raw,2019-09-18,2020-06-30,287,1,-0.21807396169283247,-0.24300142857142848,0.24300142857142848,0.024927466878596007,0.43028391709775354,0.049969675812411865,0.11613186974185596,-0.07543813563997329,0.4876231929095818,0.22698929663709577,0.9986688203119585,0.9986688203119585,0.4935066784621653,0.2444569686411152,0.9986365034514051,0.9986365034514051,0.0526913877849503,0.11349464831854789,0.1104504338261929,0.09221215664323036,0.8850174216027874,0.08501742160278736,0.7831912286512797,1.6314182161114321,0,0,287,0.011921795204306584,-0.005883485552583501,-0.01746767200401944,0.07145499717647052
4,3,displacement_elevation_exog_v1,7,17dac7c5985891f27905e7056b45626a0d6f4dbf34f336534c17bb76ecd32f09,ATU4,raw,2019-09-18,2020-06-30,287,1,-0.14016898808109013,-0.13881038327526124,0.13881038327526124,-0.0013586048058288665,0.27416485394879053,0.03280424270627089,0.11965152437955517,0.05862096798143612,0.30752789209676157,0.14939041763128172,0.9978018313619051,0.9978018313619051,0.30687584774225235,0.1492666202090592,0.9978111429332277,0.9978111429332277,0.0318057421222741,0.07469520881564086,0.06871714171204199,0.05840603088331898,0.8850174216027874,0.08501742160278736,0.45421848110112684,1.005228838343161,0,0,287,-0.002124782250888968,0.000652044354509218,0.00012379742222251577,-0.00082937110821657
4,3,displacement_elevation_exog_v1,7,17dac7c5985891f27905e7056b45626a0d6f4dbf34f336534c17bb76ecd32f09,ATU5,raw,2019-09-18,2020-06-30,287,1,-0.15599422756280823,-0.2201682601679118,0.2201682601679118,0.06417403260510358,0.33142142192551766,0.03180732284266152,0.09597244094200337,-0.25373574217248285,0.3743404284268344,0.19471287025893352,0.9992160062313377,0.9992160062313377,0.39740596796319644,0.2208207887240037,0.9991164158551586,0.9991164158551586,0.04164672548498697,0.09735643512946676,0.08747445142521496,0.07549253734655623,0.8850174216027874,0.08501742160278736,0.6614032682305646,1.2912117691020193,0,0,287,0.05804024447488454,-0.023065539536362034,-0.026107918465070185,0.11823125266390377
4,3,displacement_elevation_exog_v1,7,17dac7c5985891f27905e7056b45626a0d6f4dbf34f336534c17bb76ecd32f09,overall,calibrated,2019-09-18,2020-06-30,287,8,-0.14288331753246525,-0.1747658904206574,0.1747658904206574,0.03188257288819216,0.2920134418124893,0.04204820032067607,0.1439940574642331,-0.07445266890611026,0.3305226060104846,0.1701060777810766,0.9999989089543111,0.9999989089543111,0.34026141030996043,0.18053259739707228,0.9999988437120588,0.9999988437120588,0.0342587380140548,0.0850530388905383,0.07450111053903158,0.06460429581454157,0.757404181184669,-0.04259581881533103,0.48479169230197383,1.0875984855308636,0,0,2296,0.02862153627884012,-0.009738804299475823,-0.010426519615995694,0.0577542214886716
4,3,displacement_elevation_exog_v1,7,17dac7c5985891f27905e7056b45626a0d6f4dbf34f336534c17bb76ecd32f09,MJ9,calibrated,2019-09-18,2020-06-30,287,1,-0.06746536259926833,-0.08613425087108013,0.08613425087108013,0.01866888827181179,0.09018192769378008,0.02362193752073587,0.2619364891039593,0.29102494130502116,0.10943703908365737,0.08437560079606296,0.9997732104955809,0.9997732104955809,0.12459354735642256,0.09359062717770046,0.9997060419313405,0.9997060419313405,0.012390563926340572,0.04218780039803148,0.03966216607667219,0.03141351013368141,0.445993031358885,-0.354006968641115,0.09836076261611904,0.5205273000301276,0,0,287,0.12164761814997715,-0.015156508272765185,-0.0092150263816375,0.09846099614377979
4,3,displacement_elevation_exog_v1,7,17dac7c5985891f27905e7056b45626a0d6f4dbf34f336534c17bb76ecd32f09,MJ1,calibrated,2019-09-18,2020-06-30,287,1,-0.11099449049688606,-0.14917262968946765,0.14917262968946765,0.03817813919258158,0.10655297947450441,0.03560262666868716,0.3341307473922493,0.05547997100514778,0.15645260716281081,0.12806203659337503,0.9998704359431139,0.9998704359431139,0.18321149396116104,0.14917262968946765,0.9998223258031971,0.9998223258031971,0.0220963864694029,0.06403101829668752,0.030049108515115015,0.03872550442706848,0.6585365853658537,-0.14146341463414636,0.26954532539406334,0.5214549498451793,0,0,287,0.1460546291054361,-0.02675888679835023,-0.021110593096092617,0.14151787187796105
4,3,displacement_elevation_exog_v1,7,17dac7c5985891f27905e7056b45626a0d6f4dbf34f336534c17bb76ecd32f09,MJ3,calibrated,2019-09-18,2020-06-30,287,1,-0.17309830094289277,-0.18201727868135892,0.18201727868135892,0.008918977738466142,0.12873211584336292,0.025865788331455326,0.20092723685927746,-0.6739431977863757,0.22719252240076018,0.17444648879771477,0.9997575940353545,0.9997575940353545,0.2228104696269016,0.18201727868135892,0.9997668548297048,0.9997668548297048,0.026632931054541113,0.08722324439885738,0.07627213008351334,0.06337610184563729,0.5226480836236934,-0.27735191637630663,0.23704215605176102,1.0290506113805444,0,0,287,-0.019667176238155948,0.004382052773858586,-0.007570789883644152,0.04159379778937167
4,3,displacement_elevation_exog_v1,7,17dac7c5985891f27905e7056b45626a0d6f4dbf34f336534c17bb76ecd32f09,ATU1,calibrated,2019-09-18,2020-06-30,287,1,-0.15003244248418587,-0.22335606284045828,0.22335606284045828,0.0733236203562724,0.422776923498751,0.039932654325042144,0.09445324970571653,-0.29957135520208816,0.46075609417525326,0.25048457499831434,0.9988505251987135,0.9988505251987135,0.47749918246494477,0.2485967719772182,0.998765467454298,0.998765467454298,0.05243359025127705,0.12524228749915717,0.10847904381660765,0.09538497385568062,0.8885017421602788,0.08850174216027873,0.839570194700581,1.609126340678847,0,0,287,0.035064119279242356,-0.01674308828969151,0.001887803021096146,-0.007593835616132472
4,3,displacement_elevation_exog_v1,7,17dac7c5985891f27905e7056b45626a0d6f4dbf34f336534c17bb76ecd32f09,ATU2,calibrated,2019-09-18,2020-06-30,287,1,-0.12723876639975817,-0.15546682926829275,0.15546682926829275,0.02822806286853459,0.28273327460326164,0.02879240887757163,0.10183594031503314,-0.27360669773296054,0.31798506453952236,0.1523873365358345,0.9986325973864718,0.9986325973864718,0.3222258673501355,0.15633909407665492,0.9985958814908783,0.9985958814908783,0.03437257701866535,0.07619366826791725,0.07490440885689464,0.06182355138115908,0.8885017421602788,0.08850174216027873,0.535002121670295,1.0927698587556,0,0,287,0.01316096328791938,-0.00424080281061312,-0.003951757540820416,0.02527683535688663
4,3,displacement_elevation_exog_v1,7,17dac7c5985891f27905e7056b45626a0d6f4dbf34f336534c17bb76ecd32f09,ATU3,calibrated,2019-09-18,2020-06-30,287,1,-0.21807396169283247,-0.24300142857142848,0.24300142857142848,0.024927466878596007,0.43028391709775354,0.049969675812411865,0.11613186974185596,-0.07543813563997329,0.4876231929095818,0.22698929663709577,0.9986688203119585,0.9986688203119585,0.4935066784621653,0.2444569686411152,0.9986365034514051,0.9986365034514051,0.0526913877849503,0.11349464831854789,0.1104504338261929,0.09221215664323036,0.8850174216027874,0.08501742160278736,0.7831912286512797,1.6314182161114321,0,0,287,0.011921795204306584,-0.005883485552583501,-0.01746767200401944,0.07145499717647052
4,3,displacement_elevation_exog_v1,7,17dac7c5985891f27905e7056b45626a0d6f4dbf34f336534c17bb76ecd32f09,ATU4,calibrated,2019-09-18,2020-06-30,287,1,-0.14016898808109013,-0.13881038327526124,0.13881038327526124,-0.0013586048058288665,0.27416485394879053,0.03280424270627089,0.11965152437955517,0.05862096798143612,0.30752789209676157,0.14939041763128172,0.9978018313619051,0.9978018313619051,0.30687584774225235,0.1492666202090592,0.9978111429332277,0.9978111429332277,0.0318057421222741,0.07469520881564086,0.06871714171204199,0.05840603088331898,0.8850174216027874,0.08501742160278736,0.45421848110112684,1.005228838343161,0,0,287,-0.002124782250888968,0.000652044354509218,0.00012379742222251577,-0.00082937110821657
4,3,displacement_elevation_exog_v1,7,17dac7c5985891f27905e7056b45626a0d6f4dbf34f336534c17bb76ecd32f09,ATU5,calibrated,2019-09-18,2020-06-30,287,1,-0.15599422756280823,-0.2201682601679118,0.2201682601679118,0.06417403260510358,0.33142142192551766,0.03180732284266152,0.09597244094200337,-0.25373574217248285,0.3743404284268344,0.19471287025893352,0.9992160062313377,0.9992160062313377,0.39740596796319644,0.2208207887240037,0.9991164158551586,0.9991164158551586,0.04164672548498697,0.09735643512946676,0.08747445142521496,0.07549253734655623,0.8850174216027874,0.08501742160278736,0.6614032682305646,1.2912117691020193,0,0,287,0.05804024447488454,-0.023065539536362034,-0.026107918465070185,0.11823125266390377
