phase,scenario,model,probability_model,horizon,point,n,mae,rmse,crps,coverage80,width80,interval_score80,coverage90,width90,interval_score90,coverage95,width95,interval_score95
inner,past_only_main,B_ANCHOR,B_ANCHOR_G,1,ATU1,180,0.225624590530552,0.35638315145989,0.185799530483525,0.655555555555556,0.763314230788993,1.47797359517868,0.677777777777778,0.979703208807991,2.12776889260793,0.688888888888889,1.16738837629023,3.02340063293164
inner,past_only_main,B_ANCHOR,B_ANCHOR_G,1,ATU5,180,0.211487894102948,0.2474382674499,0.149272751831263,0.65,0.53179966293482,0.964728602154402,0.727777777777778,0.68255747791013,1.25322718424509,0.788888888888889,0.813317399288467,1.57230265275725
inner,past_only_main,B_ANCHOR,B_ANCHOR_G,1,MJ3,180,0.540046328901792,0.591799878754603,0.366611479961542,0.5,1.1783560733468,2.08373251206708,0.65,1.51240364663839,2.35923505094503,0.822222222222222,1.80214009862516,2.72029874569936
inner,past_only_main,B_ANCHOR,B_ANCHOR_G,1,MJ1,180,0.256747651727763,0.293561691949477,0.182106154464067,0.611111111111111,0.663316743184499,1.11036927495961,0.794444444444444,0.851357822953466,1.40733960531251,0.844444444444444,1.01445541633867,1.85392614719782
inner,past_only_main,B_ANCHOR,B_ANCHOR_G,2,ATU1,179,0.432509037405957,0.683025460760333,0.361977268668474,0.675977653631285,1.4642459873653,2.92152642840239,0.698324022346369,1.87933937878142,4.25731657276119,0.709497206703911,2.23937099130593,6.16622987491056
inner,past_only_main,B_ANCHOR,B_ANCHOR_G,2,ATU5,179,0.420826161514324,0.492658833300224,0.298586844654531,0.664804469273743,1.05300289462343,1.95669664217313,0.720670391061452,1.35151458355538,2.57771109890831,0.782122905027933,1.61042895546799,3.28775979435658
inner,past_only_main,B_ANCHOR,B_ANCHOR_G,2,MJ3,179,1.0745185157926,1.17654131918343,0.732361865353054,0.480446927374302,2.30251495503078,4.19025247926237,0.620111731843575,2.95524595085876,4.78016438973198,0.810055865921788,3.52139274536911,5.47580509328602
inner,past_only_main,B_ANCHOR,B_ANCHOR_G,2,MJ1,179,0.508088047290359,0.577536789757417,0.361099467469389,0.614525139664804,1.30134891355219,2.22262788922276,0.798882681564246,1.67026324803095,2.84365580168733,0.849162011173184,1.99024141552878,3.854663049186
inner,past_only_main,B_ANCHOR,B_ANCHOR_G,3,ATU1,178,0.629644081910408,0.986573348918258,0.531905802707892,0.691011235955056,2.11894106520817,4.33780283074436,0.702247191011236,2.71963141406875,6.38975553284481,0.719101123595506,3.24064070836361,9.38999083099122
inner,past_only_main,B_ANCHOR,B_ANCHOR_G,3,ATU5,178,0.630029707207728,0.739362394093136,0.449415533024262,0.662921348314607,1.5732391148458,2.97264851767416,0.724719101123595,2.01923054342052,3.98234212147892,0.764044943820225,2.40606159523288,5.1343062228779
inner,past_only_main,B_ANCHOR,B_ANCHOR_G,3,MJ3,178,1.60826758501648,1.76070173092427,1.10060210216821,0.443820224719101,3.3930891514869,6.34773647468359,0.606741573033708,4.35498277825534,7.31566508380658,0.792134831460674,5.18928204845336,8.40289406728757
inner,past_only_main,B_ANCHOR,B_ANCHOR_G,3,MJ1,178,0.767270861859579,0.868107507610117,0.54558690970693,0.612359550561798,1.94742935267833,3.37425352510847,0.792134831460674,2.49949851422754,4.36575449616002,0.848314606741573,2.97833617960092,6.01873911227112
inner,past_only_main,B_ANCHOR,B_ANCHOR_G,4,ATU1,177,0.818361940156219,1.27003700125179,0.696669592689559,0.700564971751412,2.73466224681686,5.72799564264603,0.706214689265537,3.50990099508987,8.51725231588357,0.72316384180791,4.18230499477775,12.6535421594144
inner,past_only_main,B_ANCHOR,B_ANCHOR_G,4,ATU5,177,0.838724554735111,0.988018380847396,0.601535499848036,0.655367231638418,2.09684465352325,4.02464494043122,0.717514124293785,2.69127097670538,5.44653315447315,0.76271186440678,3.20684716290326,7.07486411757389
inner,past_only_main,B_ANCHOR,B_ANCHOR_G,4,MJ3,177,2.1378718554652,2.34276347177285,1.47012629274402,0.418079096045198,4.45194648149219,8.56056755306852,0.593220338983051,5.71401144827475,9.96186314848093,0.76271186440678,6.80866459018878,11.5040590868771
inner,past_only_main,B_ANCHOR,B_ANCHOR_G,4,MJ1,177,1.02884872634806,1.16224611278313,0.733583896061587,0.621468926553672,2.5964341889136,4.55013315802815,0.790960451977401,3.33248720347859,5.96147059390107,0.847457627118644,3.97090342309914,8.33056817494597
inner,past_only_main,B_ANCHOR,B_ANCHOR_G,5,ATU1,176,1.00017821129457,1.53571474144504,0.856702383066007,0.698863636363636,3.31730265424531,7.08984669872487,0.710227272727273,4.25771186211488,10.6171517607477,0.721590909090909,5.07337660297499,15.901223953021
inner,past_only_main,B_ANCHOR,B_ANCHOR_G,5,ATU5,176,1.04699584802928,1.23866533881934,0.754592520113108,0.659090909090909,2.62704211953493,5.11705852511722,0.715909090909091,3.37177205712753,6.9456957557849,0.75,4.01771421345048,9.04288276507759
inner,past_only_main,B_ANCHOR,B_ANCHOR_G,5,MJ3,176,2.66139437889587,2.92075032193352,1.83947496191744,0.409090909090909,5.47900809342068,10.8205825073828,0.573863636363636,7.03223075595068,12.723978002441,0.761363636363636,8.37941977742002,14.7614306842347
inner,past_only_main,B_ANCHOR,B_ANCHOR_G,5,MJ1,176,1.2916111699034,1.45745671453141,0.923207222718364,0.647727272727273,3.24597833741761,5.755816125864,0.789772727272727,4.16616809253271,7.62031019939627,0.846590909090909,4.96429547353574,10.7811236345567
inner,past_only_main,B_ANCHOR,B_ANCHOR_G,6,ATU1,175,1.17495857246352,1.78565515867756,1.01214862185708,0.697142857142857,3.87235372234494,8.41892819134486,0.708571428571429,4.97011219547096,12.6752785770941,0.72,5.92225395781904,19.0764159702738
inner,past_only_main,B_ANCHOR,B_ANCHOR_G,6,ATU5,175,1.25502402759787,1.49117533020404,0.908183081670989,0.662857142857143,3.16696434888401,6.23519221611389,0.714285714285714,4.06475473616562,8.4619345376275,0.742857142857143,4.84345400607993,11.0095197574667
inner,past_only_main,B_ANCHOR,B_ANCHOR_G,6,MJ3,175,3.17819128381823,3.49359320490174,2.20781591250546,0.4,6.47410406743835,13.1185226065914,0.565714285714286,8.30942261153726,15.5667289764548,0.737142857142857,9.90128774018644,18.1263635497995
inner,past_only_main,B_ANCHOR,B_ANCHOR_G,6,MJ1,175,1.55410832854582,1.7522981648441,1.11335983475629,0.668571428571429,3.89505057016435,6.98888575582467,0.8,4.99924328426976,9.34474053499006,0.845714285714286,5.9569657911035,13.3572657108899
inner,past_only_main,B_ANCHOR,B_ANCHOR_G,7,ATU1,174,1.34399890633028,2.02190214854593,1.16325973174136,0.701149425287356,4.40494625408383,9.71190982383959,0.706896551724138,5.65368730947403,14.670663068956,0.718390804597701,6.73678394530311,22.1324731369333
inner,past_only_main,B_ANCHOR,B_ANCHOR_G,7,ATU5,174,1.46493698611955,1.7460586677728,1.06269538443246,0.660919540229885,3.71709171636396,7.3681477612207,0.695402298850575,4.77083556819217,9.98991437310001,0.741379310344828,5.68480121064001,12.9507970205285
inner,past_only_main,B_ANCHOR,B_ANCHOR_G,7,MJ3,174,3.68968919970151,4.06247225218011,2.5757115323224,0.385057471264368,7.43651314257032,15.4483047246117,0.563218390804598,9.54466128659522,18.4871841281069,0.729885057471264,11.3731654050165,21.6131490682006
inner,past_only_main,B_ANCHOR,B_ANCHOR_G,7,MJ1,174,1.81736032679002,2.0478113543843,1.30489799172326,0.666666666666667,4.54271950625394,8.25042797468589,0.798850574712644,5.83051736424644,11.1320113148611,0.844827586206897,6.94748995163663,16.0507446312907
inner,past_only_main,DRIFT1,DRIFT1_G,1,ATU1,180,0.0050592495042707,0.0064580544576913,0.0036885071611481,0.777777777777778,0.0169927493317383,0.0246034712803331,0.866666666666667,0.021809957649508,0.0291020436609023,0.916666666666667,0.0259881674557259,0.0330909014939247
inner,past_only_main,DRIFT1,DRIFT1_G,1,ATU5,180,0.009498681506293,0.0116250632745621,0.0070852892784153,0.661111111111111,0.0280687757656602,0.0452711060647611,0.766666666666667,0.036025883673764,0.0583475803240143,0.783333333333333,0.0429274881088746,0.0708573552515506
inner,past_only_main,DRIFT1,DRIFT1_G,1,MJ3,180,0.0015904152591221,0.0022695853432811,0.0012535810978318,0.85,0.0066581474876026,0.0092555699016202,0.883333333333333,0.0085456397840036,0.0117787915800944,0.905555555555556,0.0101827578618819,0.0141474732138199
inner,past_only_main,DRIFT1,DRIFT1_G,1,MJ1,180,0.0058350502438031,0.0079481650929456,0.0044600689085876,0.844444444444444,0.0244070063300683,0.031562574821314,0.905555555555556,0.0313260534842129,0.0371661172357209,0.955555555555556,0.037327295025428,0.0408073332790587
inner,past_only_main,DRIFT1,DRIFT1_G,2,ATU1,179,0.0151996110915069,0.019402673922343,0.0111144118386676,0.776536312849162,0.0515626071137471,0.0743296850776285,0.871508379888268,0.0661798897573686,0.0885068690190069,0.916201117318436,0.0788582025171815,0.102017214165487
inner,past_only_main,DRIFT1,DRIFT1_G,2,ATU5,179,0.0286054455903086,0.0349570765131455,0.0214720816435358,0.653631284916201,0.0851096741796063,0.138369907216753,0.770949720670391,0.10923708419294,0.179578184332791,0.787709497206704,0.130164014162848,0.222004943439742
inner,past_only_main,DRIFT1,DRIFT1_G,2,MJ3,179,0.004690398543458,0.0066666469797622,0.0036925893971972,0.854748603351955,0.0197100162791461,0.0273925021230915,0.88268156424581,0.0252975320194914,0.0350219396921313,0.910614525139665,0.0301438686357905,0.0422662210324172
inner,past_only_main,DRIFT1,DRIFT1_G,2,MJ1,179,0.0173943753522632,0.023696213700092,0.0132855448876906,0.843575418994413,0.0724114757100723,0.0940551004992348,0.905027932960894,0.092939122901394,0.110684633711818,0.955307262569832,0.110743795470159,0.121784714450963
inner,past_only_main,DRIFT1,DRIFT1_G,3,ATU1,178,0.0304445046296714,0.0388568106035556,0.0223154718523143,0.780898876404494,0.10438065474666,0.149428505623815,0.882022471910112,0.133971119976477,0.179116279661112,0.915730337078652,0.159636435619527,0.209092394771217
inner,past_only_main,DRIFT1,DRIFT1_G,3,ATU5,178,0.0574382650815198,0.070069273914723,0.0433632894193523,0.646067415730337,0.172161170883714,0.28166123499723,0.775280898876405,0.220966470614044,0.367580679636873,0.792134831460674,0.263297789601578,0.461372833604269
inner,past_only_main,DRIFT1,DRIFT1_G,3,MJ3,178,0.0092163932365884,0.0130517591575596,0.0072430066834844,0.859550561797753,0.0388225715408358,0.0539179806635633,0.882022471910112,0.0498282311249788,0.0691636441301878,0.904494382022472,0.0593739994964345,0.0838379892233324
inner,past_only_main,DRIFT1,DRIFT1_G,3,MJ1,178,0.0345702515874601,0.0470925251880322,0.0263815540262806,0.842696629213483,0.142901930142884,0.186801129035005,0.898876404494382,0.183412641686403,0.219816799250266,0.955056179775281,0.218549642426824,0.241971726207984
inner,past_only_main,DRIFT1,DRIFT1_G,4,ATU1,177,0.050826252488429,0.064837840242608,0.0373136723317595,0.779661016949153,0.176202848997061,0.250037687060786,0.898305084745763,0.226153908312571,0.301925850201327,0.926553672316384,0.26947900286856,0.355739814240658
inner,past_only_main,DRIFT1,DRIFT1_G,4,ATU5,177,0.0961012173538816,0.117026332253145,0.0729452485919746,0.644067796610169,0.290406899169564,0.47740245545022,0.779661016949153,0.372733219819998,0.625515951377655,0.796610169491525,0.444139025332489,0.795223791441722
inner,past_only_main,DRIFT1,DRIFT1_G,4,MJ3,177,0.0150814270892832,0.0212883305235875,0.0118263724345308,0.858757062146893,0.0635965854459529,0.0882422886026026,0.887005649717514,0.0816253337321248,0.113486320571582,0.909604519774011,0.0972625841714189,0.137784286134471
inner,past_only_main,DRIFT1,DRIFT1_G,4,MJ1,177,0.0572301735024534,0.0779823405279764,0.043659490603173,0.836158192090395,0.234490611597119,0.309357900129126,0.898305084745763,0.300965441689176,0.364189690720781,0.954802259887006,0.358622443138135,0.401710596452903
inner,past_only_main,DRIFT1,DRIFT1_G,5,ATU1,176,0.0763568945401438,0.0973575503567787,0.0561059628573824,0.795454545454545,0.267821649244276,0.375858325162408,0.897727272727273,0.343745365367619,0.456503845658328,0.926136363636364,0.409597866298759,0.541686295458197
inner,past_only_main,DRIFT1,DRIFT1_G,5,ATU5,176,0.144694975728529,0.175884469163029,0.110377937272105,0.636363636363636,0.441136468030499,0.727433718978327,0.784090909090909,0.566192527034348,0.955579445195388,0.801136363636364,0.674660008112553,1.22771826394666
inner,past_only_main,DRIFT1,DRIFT1_G,5,MJ3,176,0.0222234469155376,0.0312427714708661,0.0173648945127674,0.863636363636364,0.0936565212410792,0.129756524283984,0.892045454545455,0.120206843636174,0.167008858213884,0.909090909090909,0.143235288758622,0.202627663493437
inner,past_only_main,DRIFT1,DRIFT1_G,5,MJ1,176,0.0852525985887059,0.116208004477414,0.0650410050279797,0.829545454545455,0.345754596895506,0.461633293054334,0.897727272727273,0.443771220783476,0.543635555396098,0.948863636363636,0.528786024397215,0.600876782865663
inner,past_only_main,DRIFT1,DRIFT1_G,6,ATU1,175,0.107069849683111,0.136422119081684,0.0786570207275535,0.794285714285714,0.38001450976155,0.526515875786757,0.902857142857143,0.487743342898461,0.64214904467345,0.931428571428571,0.581182039615216,0.762465133114777
inner,past_only_main,DRIFT1,DRIFT1_G,6,ATU5,175,0.203363829364866,0.24669153118546,0.155788097928808,0.634285714285714,0.625693178851251,1.03314449796019,0.788571428571429,0.803068500918983,1.35891614549229,0.805714285714286,0.956915140125235,1.76081170522926
inner,past_only_main,DRIFT1,DRIFT1_G,6,MJ3,175,0.0305451831497872,0.0427846730032249,0.0237822482485196,0.868571428571429,0.128644519448852,0.177764059321866,0.885714285714286,0.165113453170304,0.228882233388111,0.908571428571429,0.196744814416483,0.277380300288558
inner,past_only_main,DRIFT1,DRIFT1_G,6,MJ1,175,0.11853415497968,0.161609224215956,0.0904579769665852,0.828571428571429,0.475239342326761,0.643491833972062,0.885714285714286,0.609963092327081,0.760013228372531,0.942857142857143,0.726815853563499,0.840512583344238
inner,past_only_main,DRIFT1,DRIFT1_G,7,ATU1,174,0.143015222631742,0.182032086516687,0.104895699319752,0.804597701149425,0.513513672585509,0.700580524978768,0.908045977011494,0.659087663384429,0.855338699547962,0.925287356321839,0.785351390374054,1.01196327308733
inner,past_only_main,DRIFT1,DRIFT1_G,7,ATU5,174,0.272182879553379,0.329487073666101,0.209265012825292,0.637931034482759,0.845440091114873,1.39558984721308,0.793103448275862,1.08511060938038,1.83560301735195,0.810344827586207,1.29298904095775,2.39424421315101
inner,past_only_main,DRIFT1,DRIFT1_G,7,MJ3,174,0.0399551567296704,0.0557869986661101,0.0310037700374394,0.867816091954023,0.168204035573999,0.23161818130332,0.890804597701149,0.215887542429216,0.298203523853312,0.908045977011494,0.257245873395021,0.360613208738743
inner,past_only_main,DRIFT1,DRIFT1_G,7,MJ1,174,0.156887266512664,0.214023349521085,0.119851930571087,0.82183908045977,0.621433738588731,0.855456138369339,0.879310344827586,0.797601568527854,1.01457598750667,0.931034482758621,0.950400888390636,1.12097194789676
inner,past_only_main,B_RAW,B_RAW_G,1,ATU1,180,2.97056051850929,4.29781586656229,2.43676206287297,0.583333333333333,9.36906108818533,18.5996923100818,0.622222222222222,12.0250597216373,24.6053643456853,0.722222222222222,14.3287424365132,33.7702281403738
inner,past_only_main,B_RAW,B_RAW_G,1,ATU5,180,4.35014138152944,5.0282444707775,3.10404432318218,0.505555555555556,10.3236729062984,19.2371098221716,0.638888888888889,13.250290725656,22.0549736413504,0.766666666666667,15.7886952257892,27.7623430802026
inner,past_only_main,B_RAW,B_RAW_G,1,MJ3,180,50.5537352309501,61.0351658857275,34.8400473407946,0.0166666666666667,78.809581369035,190.429012705679,0.266666666666667,101.151002611664,189.461152842081,0.438888888888889,120.528853674606,192.828282717943
inner,past_only_main,B_RAW,B_RAW_G,1,MJ1,180,15.3000382300135,18.6626947615231,10.6320814549389,0.194444444444444,25.0876778727864,59.2560026930539,0.4,32.1996859512297,62.7532038203681,0.616666666666667,38.3682923172182,67.5708190328995
inner,past_only_main,B_RAW,B_RAW_G,2,ATU1,179,3.01584562596886,4.3687277674368,2.49613582022411,0.58659217877095,9.50250992127487,19.3152690005358,0.631284916201117,12.1963394446084,26.0059891478793,0.720670391061452,14.5328348145856,36.6195167609414
inner,past_only_main,B_RAW,B_RAW_G,2,ATU5,179,4.38092618311939,5.05749929951722,3.1429300173771,0.491620111731844,10.3355319090789,19.7504609135262,0.631284916201117,13.2655115909414,22.9264496234639,0.770949720670391,15.8068320054298,28.9770881421099
inner,past_only_main,B_RAW,B_RAW_G,2,MJ3,179,50.7857759533268,61.1939912527641,35.1857961170876,0.0055865921787709,77.9412900621404,196.128344524654,0.256983240223464,100.036562784353,198.392176934251,0.430167597765363,119.200916714941,205.019893427279
inner,past_only_main,B_RAW,B_RAW_G,2,MJ1,179,15.3787777114654,18.7362659727413,10.7459437220005,0.17877094972067,24.8765481684327,60.8585721657116,0.385474860335196,31.9287039093828,65.7228793841368,0.58659217877095,38.0453972986131,71.7984354801428
inner,past_only_main,B_RAW,B_RAW_G,3,ATU1,178,3.0742308293443,4.45757355774178,2.56668045253752,0.589887640449438,9.67220020011655,20.1011091956743,0.634831460674157,12.4141345596201,27.3986619954698,0.730337078651685,14.7923537009091,39.5908043417218
inner,past_only_main,B_RAW,B_RAW_G,3,ATU5,178,4.41474573619654,5.09467433286539,3.18546675490234,0.48876404494382,10.367935053129,20.2699985709107,0.629213483146067,13.3071005760814,23.8309886602834,0.769662921348315,15.8563883377941,30.1040718635639
inner,past_only_main,B_RAW,B_RAW_G,3,MJ3,178,51.0148890976849,61.3539917890964,35.5339062262832,0,77.0571912021016,201.920126168442,0.247191011235955,98.9018341822305,207.611462083907,0.426966292134831,117.848804188972,217.552057678095
inner,past_only_main,B_RAW,B_RAW_G,3,MJ1,178,15.467799431181,18.8158308102739,10.8660172932788,0.157303370786517,24.6949763992,62.5151205949254,0.382022471910112,31.6956590665501,68.6709680236276,0.567415730337079,37.7677072408166,76.2487459397544
inner,past_only_main,B_RAW,B_RAW_G,4,ATU1,177,3.1470345134525,4.55953936092657,2.64586935178283,0.604519774011299,9.86846848450066,20.8709111009343,0.655367231638418,12.6660421754385,28.7747004371691,0.734463276836158,15.092520139032,42.6526598383405
inner,past_only_main,B_RAW,B_RAW_G,4,ATU5,177,4.4493213986789,5.1387595647457,3.23059802191753,0.485875706214689,10.4209179895865,20.8054965271797,0.621468926553672,13.3751034388156,24.7277728081119,0.757062146892655,15.9374187465921,31.1593783043652
inner,past_only_main,B_RAW,B_RAW_G,4,MJ3,177,51.2378106330222,61.5086326065472,35.8814376110179,0,76.1597975243837,207.738916232687,0.23728813559322,97.7500418663509,217.10687558968,0.389830508474576,116.476358993968,230.716308758118
inner,past_only_main,B_RAW,B_RAW_G,4,MJ1,177,15.5670353366088,18.8962347345072,10.9911224657395,0.146892655367232,24.5487947778634,64.2202380903065,0.367231638418079,31.5080369867885,71.6253585149805,0.559322033898305,37.5441417435518,80.6157408564988
inner,past_only_main,B_RAW,B_RAW_G,5,ATU1,176,3.2374248895025,4.67106377028512,2.73170980491295,0.607954545454545,10.0851091447759,21.6262739602102,0.681818181818182,12.9440974526349,30.171013486143,0.744318181818182,15.4238434374012,45.7946550351992
inner,past_only_main,B_RAW,B_RAW_G,5,ATU5,176,4.4838489729851,5.18902949295724,3.2773374152224,0.477272727272727,10.4948893467096,21.3626463130211,0.619318181818182,13.4700446478358,25.643077939945,0.75,16.0505481748156,32.2239686233576
inner,past_only_main,B_RAW,B_RAW_G,5,MJ3,176,51.4527835300239,61.654748187217,36.2267530382323,0,75.250132600973,213.527304896347,0.227272727272727,96.5824995771363,226.862455252551,0.369318181818182,115.085146548196,245.310243072426
inner,past_only_main,B_RAW,B_RAW_G,5,MJ1,176,15.6748610855612,18.9748669001849,11.11964433895,0.153409090909091,24.44017810058,65.9401442856011,0.375,31.3686289907465,74.539132600109,0.568181818181818,37.3780268705187,84.8876399539472
inner,past_only_main,B_RAW,B_RAW_G,6,ATU1,175,3.3396097787858,4.78948263162479,2.82300783953984,0.622857142857143,10.3182872404796,22.3643981727107,0.731428571428571,13.2433782984125,31.7030717084004,0.754285714285714,15.7804585607019,49.0494873611245
inner,past_only_main,B_RAW,B_RAW_G,6,ATU5,175,4.51794632972688,5.24484074983512,3.32468142811186,0.474285714285714,10.5889445260695,21.8954956126746,0.611428571428571,13.590763163628,26.5746210963056,0.731428571428571,16.1943931585533,33.2425710734226
inner,past_only_main,B_RAW,B_RAW_G,6,MJ3,175,51.6593693249305,61.7914617600032,36.5692951017798,0,74.3288728121629,219.278202000653,0.217142857142857,95.4000754392945,236.851935515472,0.354285714285714,113.676201286048,260.735206016147
inner,past_only_main,B_RAW,B_RAW_G,6,MJ1,175,15.7901082984875,19.0505699797451,11.2523968256846,0.165714285714286,24.3668040977998,67.6452471715285,0.377142857142857,31.2744544777251,77.445334074745,0.571428571428571,37.2658110169259,89.072535218633
inner,past_only_main,B_RAW,B_RAW_G,7,ATU1,174,3.45207876032224,4.91260029961084,2.91862483112749,0.64367816091954,10.565745440706,23.1015520518832,0.758620689655172,13.56098745992,33.5197246970893,0.764367816091954,16.1589132192288,52.4213413026261
inner,past_only_main,B_RAW,B_RAW_G,7,ATU5,174,4.56836275431745,5.30607464648956,3.37206070535975,0.471264367816092,10.7019539332521,22.3875515848957,0.614942528735632,13.7358091674576,27.5197339885036,0.718390804597701,16.3672261322292,34.2764503783413
inner,past_only_main,B_RAW,B_RAW_G,7,MJ3,174,51.8592299757411,61.9214996869158,36.9103502636945,0,73.3954142370375,225.010642809261,0.21264367816092,94.2019943287217,247.077486996246,0.344827586206897,112.248599590186,276.777292529868
inner,past_only_main,B_RAW,B_RAW_G,7,MJ1,174,15.9171380411711,19.1258790951455,11.3914766984679,0.183908045977011,24.3216136025379,69.3586235220729,0.390804597701149,31.2164531049878,80.4427445679977,0.568965517241379,37.1966981185158,93.4431268638409
inner,known_future_drivers_secondary,B_ORACLE,B_ORACLE_G,1,ATU1,180,0.275646960213717,0.398250992682438,0.212646517061932,0.638888888888889,0.852015069306891,1.5966292674792,0.672222222222222,1.09354950252915,2.26152280030909,0.683333333333333,1.30304460235845,3.18152411966448
inner,known_future_drivers_secondary,B_ORACLE,B_ORACLE_G,1,ATU5,180,0.220803550190465,0.261058834973556,0.156478655068118,0.627777777777778,0.558352944767771,1.01463769169131,0.716666666666667,0.716638246179369,1.26856796170289,0.805555555555556,0.853927139437151,1.62419606836712
inner,known_future_drivers_secondary,B_ORACLE,B_ORACLE_G,1,MJ3,180,0.579571325928507,0.65316569709776,0.397874245564231,0.588888888888889,1.35589441899779,2.40039266104686,0.755555555555556,1.74027164634928,2.97397804418172,0.822222222222222,2.07366156737144,3.75778091247624
inner,known_future_drivers_secondary,B_ORACLE,B_ORACLE_G,1,MJ1,180,0.409110917383624,0.595686705057292,0.334431192326043,0.622222222222222,1.30979797808879,2.52862778128092,0.722222222222222,1.68110750496218,3.44334738648888,0.794444444444444,2.00316314465777,4.70766054998525
inner,known_future_drivers_secondary,B_ORACLE,B_ORACLE_G,2,ATU1,179,0.543981968035102,0.778351749649126,0.425078800232878,0.631284916201117,1.66343755126489,3.22213831271197,0.664804469273743,2.13499898323843,4.61930058051971,0.670391061452514,2.54400819964293,6.63326058377516
inner,known_future_drivers_secondary,B_ORACLE,B_ORACLE_G,2,ATU5,179,0.438134569546458,0.517134371147278,0.31123160311312,0.614525139664804,1.10068425095509,2.03435414722581,0.715083798882682,1.41271294186471,2.55112736653044,0.804469273743017,1.68335129714868,3.30996416658293
inner,known_future_drivers_secondary,B_ORACLE,B_ORACLE_G,2,MJ3,179,1.16310350289105,1.30372450710998,0.800516044672838,0.564245810055866,2.68278347860972,4.84906712691344,0.720670391061452,3.44331531696223,6.07454390343128,0.815642458100559,4.1029632655941,7.6185624097277
inner,known_future_drivers_secondary,B_ORACLE,B_ORACLE_G,2,MJ1,179,0.805225544499676,1.16265957847976,0.657400648716143,0.614525139664804,2.53907529474713,5.00317682801259,0.698324022346369,3.25886785982967,6.91653337198193,0.776536312849162,3.88318056450972,9.52639608392385
inner,known_future_drivers_secondary,B_ORACLE,B_ORACLE_G,3,ATU1,178,0.804523792801353,1.14243987833822,0.634164807916516,0.623595505617977,2.44055404384231,4.86088889646089,0.668539325842697,3.13241720326656,7.01093810457048,0.679775280898876,3.73250531376143,10.2273258479056
inner,known_future_drivers_secondary,B_ORACLE,B_ORACLE_G,3,ATU5,178,0.651722653508398,0.76639704425946,0.463131061467195,0.606741573033708,1.62520453838645,3.03105354900641,0.713483146067416,2.08592744246459,3.83394956371055,0.808988764044944,2.48553585231263,4.92330480919897
inner,known_future_drivers_secondary,B_ORACLE,B_ORACLE_G,3,MJ3,178,1.75008280362454,1.95140354511628,1.20722853454409,0.567415730337079,3.97936927792359,7.35382424142879,0.696629213483146,5.10746517405276,9.23416733409735,0.814606741573034,6.08592012651554,11.6293092737125
inner,known_future_drivers_secondary,B_ORACLE,B_ORACLE_G,3,MJ1,178,1.18629475689149,1.70341085403296,0.969301104231845,0.617977528089888,3.69518884665275,7.44331692411608,0.702247191011236,4.74272353926274,10.4274398057328,0.775280898876405,5.65130366208541,14.5755710577443
inner,known_future_drivers_secondary,B_ORACLE,B_ORACLE_G,4,ATU1,177,1.05320824127803,1.49152738260509,0.839236210840945,0.627118644067797,3.18742961168796,6.49735496919404,0.677966101694915,4.09102161660541,9.44019456770949,0.700564971751412,4.87475292460051,13.9767351403885
inner,known_future_drivers_secondary,B_ORACLE,B_ORACLE_G,4,ATU5,177,0.86077079989968,1.00796450492413,0.611194519952464,0.598870056497175,2.13205914804331,3.98854133644468,0.706214689265537,2.73646829110918,5.06188713147547,0.80225988700565,3.26070308477854,6.46142307763574
inner,known_future_drivers_secondary,B_ORACLE,B_ORACLE_G,4,MJ3,177,2.34063313732942,2.59648371535495,1.61769152566392,0.548022598870056,5.24673327849871,9.89922060380206,0.689265536723164,6.73410925850509,12.4701229795257,0.80225988700565,8.02418610286294,15.7660393289503
inner,known_future_drivers_secondary,B_ORACLE,B_ORACLE_G,4,MJ1,177,1.55399282346211,2.22304955019854,1.27498472925374,0.632768361581921,4.79115740583208,9.88527277845049,0.700564971751412,6.1493839562588,13.9633811823102,0.768361581920904,7.32744293102456,19.7558237241742
inner,known_future_drivers_secondary,B_ORACLE,B_ORACLE_G,5,ATU1,176,1.29083104346791,1.82651072066402,1.04052371867382,0.642045454545455,3.90768095595157,8.15024426932033,0.6875,5.01545420892582,11.98551540645,0.715909090909091,5.97628229924829,17.8895155658785
inner,known_future_drivers_secondary,B_ORACLE,B_ORACLE_G,5,ATU5,176,1.06221574607965,1.24143362593658,0.754439361592113,0.602272727272727,2.62152475298573,4.92708266536156,0.710227272727273,3.36469059382659,6.21292598339762,0.8125,4.00927612947736,7.86918636337109
inner,known_future_drivers_secondary,B_ORACLE,B_ORACLE_G,5,MJ3,176,2.93415598671545,3.23891458447047,2.03142017378118,0.522727272727273,6.48379673287729,12.4699731019437,0.670454545454545,8.32186301294648,15.8033189055685,0.795454545454545,9.91611139276912,20.0559680662735
inner,known_future_drivers_secondary,B_ORACLE,B_ORACLE_G,5,MJ1,176,1.91934399076873,2.7245828635009,1.57582715497147,0.613636363636364,5.8339014205912,12.3496146219724,0.681818181818182,7.48773141005758,17.4728448921807,0.75,8.92218228367328,24.9607367121369
inner,known_future_drivers_secondary,B_ORACLE,B_ORACLE_G,6,ATU1,175,1.51510174802234,2.14852787983685,1.23851296263968,0.657142857142857,4.6050327481411,9.808735418484,0.691428571428571,5.91049554435318,14.5719357467767,0.708571428571429,7.04278983120633,21.9125405346038
inner,known_future_drivers_secondary,B_ORACLE,B_ORACLE_G,6,ATU5,175,1.25700398788736,1.46698739903223,0.892401068768513,0.6,3.0954054454367,5.82634072002207,0.691428571428571,3.97290987791681,7.33788024070367,0.811428571428571,4.73401410736596,9.20500431666703
inner,known_future_drivers_secondary,B_ORACLE,B_ORACLE_G,6,MJ3,175,3.53023747923915,3.87865150352322,2.44833704584882,0.491428571428571,7.68978864072042,15.0809691980472,0.64,9.8697368691553,19.2327436733717,0.788571428571429,11.7605168529699,24.4571873711317
inner,known_future_drivers_secondary,B_ORACLE,B_ORACLE_G,6,MJ1,175,2.27912438451498,3.20763424411837,1.87025143789893,0.6,6.826240716017,14.7298494497597,0.685714285714286,8.7613851069761,20.978033939492,0.731428571428571,10.4398342703508,30.1508501824151
inner,known_future_drivers_secondary,B_ORACLE,B_ORACLE_G,7,ATU1,174,1.73686201393802,2.45830091961585,1.43305354939142,0.660919540229885,5.28217424410373,11.4546561531891,0.689655172413793,6.77959724539956,17.1551301237013,0.71264367816092,8.07838838237375,25.981069030297
inner,known_future_drivers_secondary,B_ORACLE,B_ORACLE_G,7,ATU5,174,1.44978001903666,1.68489194087422,1.02495309815659,0.603448275862069,3.55706128550088,6.66108227905492,0.718390804597701,4.56543873383547,8.39198731547396,0.804597701149425,5.44005578692482,10.4852188282056
inner,known_future_drivers_secondary,B_ORACLE,B_ORACLE_G,7,MJ3,174,4.12854245803686,4.51561955656363,2.86877246743145,0.477011494252874,8.86423877893267,17.753644387742,0.609195402298851,11.3771273023222,22.7640721852183,0.775862068965517,13.5566833392992,28.9643003069088
inner,known_future_drivers_secondary,B_ORACLE,B_ORACLE_G,7,MJ1,174,2.63966676394111,3.6705774309129,2.15827905067029,0.591954022988506,7.76748413558498,17.0346955794546,0.67816091954023,9.96945795721892,24.4340465275339,0.729885057471264,11.8793418583694,35.1648585869213
inner,past_only_main,CL_DIRECT,CL_DIRECT_G,1,ATU1,180,0.24649766498581,0.337351676752652,0.183309308399785,0.477777777777778,0.5551889315851,1.25083793316047,0.6,0.712577279224027,1.56860410133758,0.716666666666667,0.849088198850315,2.04154096529162
inner,past_only_main,CL_DIRECT,CL_DIRECT_G,1,ATU5,180,0.344405775667688,0.488039761517085,0.251436875854374,0.383333333333333,0.522818415888105,1.65579208464658,0.488888888888889,0.67103017212196,2.0388274657636,0.611111111111111,0.799581767245953,2.39982179825488
inner,past_only_main,CL_DIRECT,CL_DIRECT_G,1,MJ3,180,0.454908426897367,0.477547685811438,0.300698245369331,0.333333333333333,0.900604447470156,1.54969730552887,0.622222222222222,1.15591329424221,1.73365289100417,0.766666666666667,1.37735564359285,2.06494042231256
inner,past_only_main,CL_DIRECT,CL_DIRECT_G,1,MJ1,180,0.177020850601485,0.193121616663348,0.121132130569953,0.677777777777778,0.416662283606632,0.738143436742233,0.8,0.534780251400188,0.950011428534437,0.855555555555556,0.637229973058604,1.26749523749175
inner,past_only_main,CL_DIRECT,CL_DIRECT_G,2,ATU1,179,0.491823170365446,0.695507051274114,0.37599630124071,0.480446927374302,1.10101573111068,2.63463738947537,0.58659217877095,1.41313839203842,3.38159106354197,0.715083798882682,1.68385825229898,4.33094450442632
inner,past_only_main,CL_DIRECT,CL_DIRECT_G,2,ATU5,179,0.703172245490128,0.999588844012728,0.51762951219459,0.396648044692737,1.05361452894417,3.48564980564737,0.486033519553073,1.35229960770726,4.42685500421288,0.620111731843575,1.61136436944008,5.32193379370984
inner,past_only_main,CL_DIRECT,CL_DIRECT_G,2,MJ3,179,0.926172215987462,0.971960422286502,0.614663460619567,0.335195530726257,1.80939806294301,3.18220844045055,0.631284916201117,2.32233727182568,3.60341883190024,0.754189944134078,2.76723553886636,4.40459990069502
inner,past_only_main,CL_DIRECT,CL_DIRECT_G,2,MJ1,179,0.358523884961941,0.393276814103558,0.246775795632054,0.681564245810056,0.834415948314433,1.50888357863587,0.82122905027933,1.07096127527878,1.964438325962,0.843575418994413,1.27612906947458,2.66604888967592
inner,past_only_main,CL_DIRECT,CL_DIRECT_G,3,ATU1,178,0.733532462167409,1.05241736038397,0.567100660593559,0.49438202247191,1.60794547680317,4.0462288133678,0.584269662921348,2.0637756767407,5.32370602105599,0.691011235955056,2.45914039541518,6.76918116552373
inner,past_only_main,CL_DIRECT,CL_DIRECT_G,3,ATU5,178,1.06736105689424,1.5147730583622,0.789479858992348,0.410112359550562,1.58315654493235,5.39982398201754,0.48876404494382,2.03195942713185,6.98692172204865,0.617977528089888,2.42122899568046,8.57502877063341
inner,past_only_main,CL_DIRECT,CL_DIRECT_G,3,MJ3,178,1.40632704665506,1.47408992850965,0.936648369339101,0.342696629213483,2.71579022083354,4.87470310386385,0.623595505617977,3.48567901197102,5.59006260128298,0.747191011235955,4.15344272170419,6.94335982610284
inner,past_only_main,CL_DIRECT,CL_DIRECT_G,3,MJ1,178,0.53520922580326,0.590591528796106,0.370922518537776,0.657303370786517,1.233695005913,2.28987010731313,0.820224719101124,1.58343039764113,2.99044130935502,0.842696629213483,1.88677369253484,4.12068195791215
inner,past_only_main,CL_DIRECT,CL_DIRECT_G,4,ATU1,177,0.97526121569982,1.38348713438093,0.747261180069101,0.508474576271186,2.06916398669449,5.33886366539822,0.610169491525424,2.65574322545928,7.11927990543528,0.677966101694915,3.16451323619205,9.22655343968394
inner,past_only_main,CL_DIRECT,CL_DIRECT_G,4,ATU5,177,1.41810035009295,2.0041538230108,1.05300485337298,0.412429378531073,2.09929469521147,7.25885905518994,0.502824858757062,2.69441557116839,9.53855404049558,0.627118644067797,3.21059417831696,11.9796596939304
inner,past_only_main,CL_DIRECT,CL_DIRECT_G,4,MJ3,177,1.88221572328965,1.97063929904003,1.25820225988359,0.338983050847458,3.6017576968659,6.59540093476507,0.627118644067797,4.62280595675651,7.65081653095057,0.740112994350282,5.50841304922224,9.6278475815048
inner,past_only_main,CL_DIRECT,CL_DIRECT_G,4,MJ1,177,0.705798356056119,0.782301257770758,0.491891322634918,0.638418079096045,1.62234431390135,3.06810563289228,0.813559322033898,2.08225638408138,4.03005818583738,0.84180790960452,2.48116151644568,5.6135252309757
inner,past_only_main,CL_DIRECT,CL_DIRECT_G,5,ATU1,176,1.21892381861027,1.68297245802945,0.916897119394763,0.522727272727273,2.48847762524212,6.46159720324452,0.613636363636364,3.19392645408511,8.66544260101736,0.698863636363636,3.80579810671581,11.3095596693627
inner,past_only_main,CL_DIRECT,CL_DIRECT_G,5,ATU5,176,1.74926288982745,2.45611709030722,1.30269286761349,0.392045454545455,2.59439030439688,9.00443455543864,0.511363636363636,3.32986390610158,11.9172438512222,0.630681818181818,3.96777757147599,15.3338011965033
inner,past_only_main,CL_DIRECT,CL_DIRECT_G,5,MJ3,176,2.34352644143645,2.45069515889514,1.57223231308822,0.335227272727273,4.4490785839873,8.31527247647569,0.625,5.71033054167726,9.74045600562287,0.732954545454545,6.80427851945072,12.4025404303076
inner,past_only_main,CL_DIRECT,CL_DIRECT_G,5,MJ1,176,0.871750553951921,0.968222799840214,0.609772602970264,0.642045454545455,2.00875449742791,3.82969579551918,0.8125,2.57820848538799,5.08748710736258,0.846590909090909,3.07212489500448,7.15284009572756
inner,past_only_main,CL_DIRECT,CL_DIRECT_G,6,ATU1,175,1.45598177699761,1.95576060607929,1.07955966674382,0.514285714285714,2.87170162449543,7.43439926191004,0.622857142857143,3.68578913214971,9.94771389066483,0.685714285714286,4.3918886369308,12.9763171786377
inner,past_only_main,CL_DIRECT,CL_DIRECT_G,6,ATU5,175,2.06388387824584,2.87032337728436,1.53711220094057,0.4,3.0626273865171,10.6076049145829,0.554285714285714,3.93083969475145,14.158057863042,0.634285714285714,4.68388439218886,18.5469204393379
inner,past_only_main,CL_DIRECT,CL_DIRECT_G,6,MJ3,175,2.78232967256683,2.90641841926871,1.87338566256928,0.331428571428571,5.24139014329797,10.0088268853854,0.617142857142857,6.7272514187189,11.8190213984827,0.725714285714286,8.01601448274282,15.2188211747309
inner,past_only_main,CL_DIRECT,CL_DIRECT_G,6,MJ1,175,1.03552909639027,1.15016142771297,0.725619441286801,0.645714285714286,2.40073777817586,4.57831041626396,0.811428571428571,3.08131357953896,6.16842664710623,0.845714285714286,3.67161159024439,8.76381164382201
inner,past_only_main,CL_DIRECT,CL_DIRECT_G,7,ATU1,174,1.68558783271782,2.21614712238645,1.24100340936229,0.511494252873563,3.22807181662018,8.38178903547328,0.626436781609195,4.14318532190405,11.1040760072014,0.683908045977011,4.93690981321981,14.3460751471321
inner,past_only_main,CL_DIRECT,CL_DIRECT_G,7,ATU5,174,2.36387486071641,3.25785292137426,1.75924480043009,0.442528735632184,3.50384144367862,12.1154128012362,0.551724137931034,4.49713180635733,16.3489477224755,0.649425287356322,5.35866306263735,21.4805992845373
inner,past_only_main,CL_DIRECT,CL_DIRECT_G,7,MJ3,174,3.19434200674469,3.33432880197856,2.15882042206768,0.32183908045977,5.96586092803846,11.6508269981402,0.597701149425287,7.65709960426139,13.8537365914183,0.718390804597701,9.12399693473211,18.0334626736892
inner,past_only_main,CL_DIRECT,CL_DIRECT_G,7,MJ1,174,1.20061334687767,1.33209671157776,0.841601059835557,0.672413793103448,2.80608890164022,5.33033247214604,0.82183908045977,3.60157611406746,7.28474633213536,0.844827586206897,4.29154263667511,10.4683882144931
inner,past_only_main,CL_BRES,CL_BRES_G,1,ATU1,180,0.156108518872314,0.227720944115016,0.126377041090616,0.55,0.468570789715506,0.986075175590612,0.633333333333333,0.601404097711468,1.35265503761588,0.705555555555556,0.716617182438242,1.83202289704273
inner,past_only_main,CL_BRES,CL_BRES_G,1,ATU5,180,0.231520814296307,0.286121688413162,0.163765659540328,0.366666666666667,0.439645713414265,0.99940957003879,0.566666666666667,0.564279164198758,1.17030291569521,0.677777777777778,0.672380095671919,1.48152469883867
inner,past_only_main,CL_BRES,CL_BRES_G,1,MJ3,180,0.440084104977238,0.496929553098227,0.303991690757873,0.438888888888889,0.976359092474026,1.83196488311023,0.572222222222222,1.25314332847814,2.09853301748611,0.733333333333333,1.49321237527737,2.34978076502793
inner,past_only_main,CL_BRES,CL_BRES_G,1,MJ1,180,0.212537024810348,0.245931723727827,0.150749624155855,0.75,0.574310706021431,0.943941467398292,0.833333333333333,0.737119811012038,1.25548233114536,0.85,0.878332429221786,1.67682879796448
inner,past_only_main,CL_BRES,CL_BRES_G,2,ATU1,179,0.307801328841769,0.443578249202243,0.248072853584523,0.569832402234637,0.89212482353406,1.93068215216158,0.620111731843575,1.14502981474636,2.69599264464569,0.70391061452514,1.36438717789546,3.7261002884914
inner,past_only_main,CL_BRES,CL_BRES_G,2,ATU5,179,0.471661841295712,0.588200103957393,0.336404691670839,0.357541899441341,0.881678823757434,2.09719015676792,0.547486033519553,1.1316225191824,2.42183486230639,0.709497206703911,1.34841139986582,3.09133447390289
inner,past_only_main,CL_BRES,CL_BRES_G,2,MJ3,179,0.876329658459795,0.989353697567438,0.607913734732786,0.446927374301676,1.90897280867043,3.69748703839005,0.547486033519553,2.45014007435503,4.2801802665769,0.687150837988827,2.91952197090899,4.84033996221723
inner,past_only_main,CL_BRES,CL_BRES_G,2,MJ1,179,0.425282269853033,0.488676056770468,0.300278719453862,0.76536312849162,1.13681672867992,1.91707739984179,0.826815642458101,1.45908847495625,2.58975950583601,0.871508379888268,1.73861115318323,3.52267902958819
inner,past_only_main,CL_BRES,CL_BRES_G,3,ATU1,178,0.455396504982564,0.650953252748884,0.364770176347457,0.595505617977528,1.2792783486118,2.8164055102157,0.634831460674157,1.64193598460504,4.00012147482485,0.702247191011236,1.95648739925303,5.61022149243952
inner,past_only_main,CL_BRES,CL_BRES_G,3,ATU5,178,0.719663376328199,0.903383607971458,0.51638011051185,0.382022471910112,1.33018958495374,3.27917118062354,0.533707865168539,1.70727984902773,3.81839878448718,0.735955056179775,2.03434941614051,4.86874970213895
inner,past_only_main,CL_BRES,CL_BRES_G,3,MJ3,178,1.31439734564181,1.48293190693224,0.915270554966577,0.426966292134831,2.81531752992874,5.60596599059524,0.52247191011236,3.61342093024206,6.57461315400528,0.674157303370786,4.30565660567839,7.52037422618614
inner,past_only_main,CL_BRES,CL_BRES_G,3,MJ1,178,0.645127628506558,0.737205931107181,0.454256544141334,0.786516853932584,1.70644093457165,2.93019571445585,0.825842696629214,2.19019322817171,4.02053353075817,0.865168539325843,2.60977619896552,5.54805615046602
inner,past_only_main,CL_BRES,CL_BRES_G,4,ATU1,177,0.599149705820599,0.847218974779708,0.473987300877337,0.615819209039548,1.6418434146657,3.61435872499048,0.644067796610169,2.10728320896838,5.16400396055747,0.706214689265537,2.51098281763758,7.29975730129711
inner,past_only_main,CL_BRES,CL_BRES_G,4,ATU5,177,0.970387117610682,1.22147571742244,0.69925339622242,0.429378531073446,1.78722794798166,4.4851283149431,0.570621468926554,2.29388223733113,5.33861002132298,0.740112994350282,2.73332927397181,6.86086365434964
inner,past_only_main,CL_BRES,CL_BRES_G,4,MJ3,177,1.75309764417114,1.97758627286872,1.22618606131093,0.418079096045198,3.70005168504257,7.55961844492088,0.531073446327684,4.74896492476594,8.96825846191931,0.672316384180791,5.65874073162123,10.3836972157371
inner,past_only_main,CL_BRES,CL_BRES_G,4,MJ1,177,0.866480040002232,0.988235272766863,0.610810259527533,0.785310734463277,2.27646826152944,3.9702336510139,0.830508474576271,2.92181538167402,5.50610011431638,0.864406779661017,3.48155776521577,7.70849099089071
inner,past_only_main,CL_BRES,CL_BRES_G,5,ATU1,176,0.738306021265546,1.03440681133257,0.577992331642721,0.625,1.99365152786335,4.33336180706134,0.676136363636364,2.5588240338108,6.19564650849017,0.727272727272727,3.04902689629576,8.87573782752671
inner,past_only_main,CL_BRES,CL_BRES_G,5,ATU5,176,1.22152418620563,1.53735279206472,0.883505671093023,0.460227272727273,2.2547775274582,5.69968390365936,0.590909090909091,2.89397562589082,6.90836342919151,0.755681818181818,3.44838465012554,9.06042543368551
inner,past_only_main,CL_BRES,CL_BRES_G,5,MJ3,176,2.19302791678714,2.47306889940047,1.54060363825241,0.414772727272727,4.56646519444339,9.54784787094115,0.505681818181818,5.86099462508635,11.4340204313295,0.670454545454545,6.98380584784458,13.3709494861734
inner,past_only_main,CL_BRES,CL_BRES_G,5,MJ1,176,1.08705374824117,1.23978319173895,0.768451729838558,0.789772727272727,2.84544078184555,5.0297737474231,0.829545454545455,3.65208370550846,7.0404400451268,0.863636363636364,4.35172614391744,9.98912064984361
inner,past_only_main,CL_BRES,CL_BRES_G,6,ATU1,175,0.876714113224382,1.21899651792053,0.681214769564516,0.662857142857143,2.34803375906731,5.01228590083823,0.708571428571429,3.01366870334642,7.21413653724584,0.737142857142857,3.59100774872095,10.5262716814147
inner,past_only_main,CL_BRES,CL_BRES_G,6,ATU5,175,1.4741386028137,1.85051223707622,1.0695775206782,0.468571428571429,2.73502110676422,6.91525983890133,0.611428571428571,3.51036158684588,8.51433426299859,0.748571428571429,4.18285382370608,11.4572965215159
inner,past_only_main,CL_BRES,CL_BRES_G,6,MJ3,175,2.63608546939797,2.97034821593031,1.85919733576019,0.405714285714286,5.41746657990367,11.5712391994242,0.497142857142857,6.95324307848369,13.9646890494973,0.668571428571429,8.28530015454227,16.4259003797882
inner,past_only_main,CL_BRES,CL_BRES_G,6,MJ1,175,1.30769829261131,1.49121663646287,0.926740411772477,0.788571428571429,3.41388563959793,6.10451691152445,0.828571428571429,4.38167478177436,8.62025672758404,0.862857142857143,5.2210875323671,12.3955193064239
inner,past_only_main,CL_BRES,CL_BRES_G,7,ATU1,174,1.02047657905587,1.41039888805285,0.788647602582543,0.660919540229885,2.71653931228012,5.72970166718956,0.71264367816092,3.4866404604339,8.2446724473823,0.752873563218391,4.1545883582091,12.1977149768356
inner,past_only_main,CL_BRES,CL_BRES_G,7,ATU5,174,1.73021054534895,2.16366855237636,1.25880035771305,0.471264367816092,3.23059119273496,8.14428678678867,0.620689655172414,4.14641890614009,10.2015157144743,0.735632183908046,4.94076286648837,14.0259548342739
inner,past_only_main,CL_BRES,CL_BRES_G,7,MJ3,174,3.08569982015289,3.47253991357474,2.18384146005817,0.379310344827586,6.25561952877665,13.637625998426,0.494252873563218,8.02900074205297,16.5365092597165,0.649425287356322,9.56714447317412,19.5455924549306
inner,past_only_main,CL_BRES,CL_BRES_G,7,MJ1,174,1.53055908645312,1.74428103209764,1.08714252447641,0.78735632183908,3.9828023998795,7.19545234847054,0.833333333333333,5.11187153837925,10.2467171992057,0.85632183908046,6.09117063345498,14.9193141393875
inner,past_only_main,PINN_EQ,PINN_EQ_G,1,ATU1,180,0.26722484917133,0.373712680644387,0.200024562505496,0.444444444444444,0.544988536831671,1.3982324331616,0.555555555555556,0.699485214294604,1.73795560498109,0.65,0.83348804128949,2.05294043870624
inner,past_only_main,PINN_EQ,PINN_EQ_G,1,ATU5,180,0.255721417968604,0.308958235529467,0.180527845089715,0.561111111111111,0.55662068233581,1.08829142684466,0.727777777777778,0.714414911418091,1.38639425386768,0.766666666666667,0.851277872665775,1.82169979443882
inner,past_only_main,PINN_EQ,PINN_EQ_G,1,MJ3,180,0.490841487967289,0.516846770076993,0.327904589397081,0.616666666666667,1.08757769138759,1.87456003370085,0.65,1.39589085477818,2.36052088003376,0.738888888888889,1.66330654405079,2.83291525343003
inner,past_only_main,PINN_EQ,PINN_EQ_G,1,MJ1,180,0.191943733718964,0.224537993964593,0.137441574760238,0.7,0.519693762281842,0.894719322807974,0.844444444444444,0.667019722636028,1.18164099253872,0.85,0.794803021936673,1.618497491483
inner,past_only_main,PINN_EQ,PINN_EQ_G,2,ATU1,179,0.384623263434873,0.550767954112653,0.297882976077937,0.541899441340782,0.995870886028297,2.19220380565655,0.636871508379888,1.27818644438463,2.88187094717444,0.754189944134078,1.5230530884163,3.794134021318
inner,past_only_main,PINN_EQ,PINN_EQ_G,2,ATU5,179,0.4738321016791,0.547918783273579,0.33198279537141,0.620111731843575,1.051578680235,1.95295315103764,0.731843575418994,1.34968662417757,2.54763616368236,0.770949720670391,1.60825080752399,3.23952680469591
inner,past_only_main,PINN_EQ,PINN_EQ_G,2,MJ3,179,1.03855013278643,1.10088439261465,0.697488526488514,0.452513966480447,2.21449943321504,3.78013327189382,0.687150837988827,2.8422792516022,4.49854375418727,0.776536312849162,3.38678462075101,5.50199211179162
inner,past_only_main,PINN_EQ,PINN_EQ_G,2,MJ1,179,0.443688413166182,0.512220656568819,0.31834411523508,0.670391061452514,1.16791360927956,2.01186568873394,0.832402234636871,1.49900088910828,2.638116743682,0.849162011173184,1.78616972799636,3.64276951390648
inner,past_only_main,PINN_EQ,PINN_EQ_G,3,ATU1,178,0.579709947208427,0.83664673973588,0.452353488020991,0.556179775280899,1.62010794706982,3.40660050523468,0.640449438202247,2.0793860383279,4.72484273850807,0.741573033707865,2.4777412885252,6.72747977052827
inner,past_only_main,PINN_EQ,PINN_EQ_G,3,ATU5,178,0.69794911338238,0.799209368618096,0.488693555264302,0.612359550561798,1.54988563755082,2.86494722559029,0.730337078651685,1.98925667981383,3.73801801729391,0.786516853932584,2.37034553382534,4.74815798792746
inner,past_only_main,PINN_EQ,PINN_EQ_G,3,MJ3,178,1.58906288840307,1.70041627791708,1.07610336778269,0.432584269662921,3.33152620017046,6.00710883198084,0.662921348314607,4.27596758567069,6.8644803867311,0.775280898876405,5.0951296392907,8.42802607973857
inner,past_only_main,PINN_EQ,PINN_EQ_G,3,MJ1,178,0.707424232759154,0.809080486577121,0.506470238202219,0.662921348314607,1.82862508938526,3.17758994559285,0.831460674157303,2.34701489310079,4.18739878746246,0.848314606741573,2.79664073829007,5.84413772740101
inner,past_only_main,PINN_EQ,PINN_EQ_G,4,ATU1,177,0.791452170037775,1.13888882696844,0.617525589249624,0.581920903954802,2.25392838992844,4.66620428197551,0.655367231638418,2.89288576967031,6.68771295673714,0.728813559322034,3.44708600634014,9.78306779240504
inner,past_only_main,PINN_EQ,PINN_EQ_G,4,ATU5,177,0.927235925895617,1.0551384586798,0.647605883914938,0.576271186440678,2.04456914460448,3.79473102663288,0.734463276836158,2.62417608738717,4.93488455654786,0.785310734463277,3.12689867116172,6.27582133071271
inner,past_only_main,PINN_EQ,PINN_EQ_G,4,MJ3,177,2.13761310977867,2.30254072154005,1.45809005864849,0.418079096045198,4.42248462792738,8.28675609689207,0.610169491525424,5.67619756860288,9.46527058698521,0.779661016949153,6.76360657343993,11.5410040997873
inner,past_only_main,PINN_EQ,PINN_EQ_G,4,MJ1,177,0.974569367077957,1.10928936567065,0.698047946787681,0.661016949152542,2.49013035429864,4.36990560503491,0.830508474576271,3.19604770886415,5.80654799512779,0.847457627118644,3.808325737686,8.19350103599487
inner,past_only_main,PINN_EQ,PINN_EQ_G,5,ATU1,176,0.999166953276572,1.42845499214955,0.78021622306691,0.596590909090909,2.86262147484226,5.93957893664724,0.676136363636364,3.67413488624043,8.65239148574239,0.761363636363636,4.37800174640456,12.92480958713
inner,past_only_main,PINN_EQ,PINN_EQ_G,5,ATU5,176,1.15562692115794,1.31163485187202,0.806485020276528,0.556818181818182,2.54060647131477,4.7483215710836,0.732954545454545,3.26083310367824,6.15661409374033,0.778409090909091,3.8855222969903,7.79306368281649
inner,past_only_main,PINN_EQ,PINN_EQ_G,5,MJ3,176,2.68050340252412,2.90042223740494,1.83999380248506,0.392045454545455,5.48286606267849,10.6091134633361,0.596590909090909,7.03718240588578,12.2314688941808,0.767045454545455,8.38532003223773,14.802147612707
inner,past_only_main,PINN_EQ,PINN_EQ_G,5,MJ1,176,1.24026881913978,1.40800081985662,0.889682125660205,0.659090909090909,3.14486102576689,5.5704605024698,0.829545454545455,4.03638542807505,7.4720435154125,0.846590909090909,4.80964989049617,10.66283392189
inner,past_only_main,PINN_EQ,PINN_EQ_G,6,ATU1,175,1.18745244422159,1.690598200657,0.931680157755253,0.611428571428571,3.42941279944081,7.17461063680252,0.714285714285714,4.40160367567957,10.6119899291526,0.765714285714286,5.24483427412328,16.108546578295
inner,past_only_main,PINN_EQ,PINN_EQ_G,6,ATU5,175,1.38259917819845,1.56683205335582,0.964171339614331,0.554285714285714,3.0482011263975,5.71572041183282,0.725714285714286,3.91232379034382,7.40282863359498,0.777142857142857,4.66182133126629,9.28551612723512
inner,past_only_main,PINN_EQ,PINN_EQ_G,6,MJ3,175,3.21645397608647,3.4902623121054,2.2199453360594,0.382857142857143,6.5116591290226,12.9515509917528,0.571428571428571,8.35762401124524,15.078927423271,0.76,9.958723250486,18.1713421963369
inner,past_only_main,PINN_EQ,PINN_EQ_G,6,MJ1,175,1.50253706835689,1.70175727023789,1.07897704022673,0.645714285714286,3.78798095060321,6.77183425442215,0.828571428571429,4.86182091531761,9.16679377273833,0.845714285714286,5.79321693868096,13.2186260501919
inner,past_only_main,PINN_EQ,PINN_EQ_G,7,ATU1,174,1.35180857883409,1.92177273499256,1.06880771717878,0.666666666666667,3.94903480486641,8.34398990668408,0.729885057471264,5.06853129938771,12.5063600738379,0.752873563218391,6.03952755341858,19.1508883346929
inner,past_only_main,PINN_EQ,PINN_EQ_G,7,ATU5,174,1.60752765997479,1.82115312013185,1.12071058373858,0.586206896551724,3.57273257349816,6.69021882469051,0.729885057471264,4.58555261422416,8.66498654639638,0.764367816091954,5.46402295367163,10.7444563003433
inner,past_only_main,PINN_EQ,PINN_EQ_G,7,MJ3,174,3.74608943315666,4.07224430977862,2.59792549301143,0.379310344827586,7.50757879431175,15.3116527812732,0.557471264367816,9.63587306313341,17.9937786369385,0.747126436781609,11.4818509403441,21.6138787526993
inner,past_only_main,PINN_EQ,PINN_EQ_G,7,MJ1,174,1.7619200841271,1.99179532457366,1.26684274429663,0.672413793103448,4.42010270450986,7.98629918204958,0.82183908045977,5.67314040299381,10.8979520595383,0.844827586206897,6.75996373593125,15.8515008328189
inner,past_only_main,PINN_NOEQ,PINN_NOEQ_G,1,ATU1,180,0.921896618732433,1.14023267438245,0.677625019590152,0.55,2.24361559956875,4.50116831109699,0.644444444444444,2.87964944654201,5.37719841094844,0.772222222222222,3.43131395453314,6.24349455983563
inner,past_only_main,PINN_NOEQ,PINN_NOEQ_G,1,ATU5,180,0.532518496570871,0.643907353032651,0.371297484726877,0.433333333333333,0.974929215621042,2.21050335089343,0.627777777777778,1.25130810140578,2.48357297343314,0.8,1.49102556734119,2.75537476804033
inner,past_only_main,PINN_NOEQ,PINN_NOEQ_G,1,MJ3,180,0.310767897498039,0.352127787973505,0.218545405476368,0.516666666666667,0.670430422874203,1.27986225594618,0.65,0.860488131989142,1.6196263920934,0.677777777777778,1.02533485058399,2.08728118226353
inner,past_only_main,PINN_NOEQ,PINN_NOEQ_G,1,MJ1,180,0.25584676182524,0.308057339827521,0.183935095144818,0.8,0.745401366392359,1.20456762126531,0.85,0.956712296257874,1.65459859597198,0.855555555555556,1.1399930142765,2.22522529282272
inner,past_only_main,PINN_NOEQ,PINN_NOEQ_G,2,ATU1,179,0.838033874004726,1.02851322953913,0.605366983575668,0.519553072625698,1.92507584375186,4.07251433170153,0.64804469273743,2.47080809612706,5.18504408065423,0.720670391061452,2.94414943784046,6.4279460791146
inner,past_only_main,PINN_NOEQ,PINN_NOEQ_G,2,ATU5,179,0.684981929500569,0.882625149134663,0.484753628486461,0.363128491620112,1.15569665813958,2.98346172882737,0.519553072625698,1.48332060207718,3.30901432471354,0.692737430167598,1.7674855135808,3.80046870816067
inner,past_only_main,PINN_NOEQ,PINN_NOEQ_G,2,MJ3,179,0.869973559340333,0.915959051178046,0.578222840704822,0.497206703910615,1.75843045317758,3.0313749763186,0.664804469273743,2.25692105289727,3.71498490745538,0.754189944134078,2.68928730626761,4.57292276361633
inner,past_only_main,PINN_NOEQ,PINN_NOEQ_G,2,MJ1,179,0.440473825246785,0.522684033581523,0.315524031649595,0.787709497206704,1.2353110088496,2.10385953947519,0.849162011173184,1.58550451495557,2.89845875535702,0.849162011173184,1.88924515575164,4.00662253603399
inner,past_only_main,PINN_NOEQ,PINN_NOEQ_G,3,ATU1,178,0.818683860444983,1.07380292951415,0.593941439492304,0.623595505617977,1.9232974693843,3.87674235711402,0.707865168539326,2.46852557733717,5.29568150716112,0.786516853932584,2.94142964894927,7.20765694000787
inner,past_only_main,PINN_NOEQ,PINN_NOEQ_G,3,ATU5,178,0.926174935247963,1.16897036732245,0.659194265921235,0.325842696629214,1.57475045987067,4.04056544612753,0.578651685393258,2.02117033375949,4.30231277022407,0.741573033707865,2.40837299798608,4.80999468634009
inner,past_only_main,PINN_NOEQ,PINN_NOEQ_G,3,MJ3,178,1.44488636068027,1.52834512944511,0.967947012336704,0.404494382022472,2.9140626718504,5.16158697122304,0.685393258426966,3.74015894781428,6.07719201310147,0.758426966292135,4.45667426818854,7.52998302883914
inner,past_only_main,PINN_NOEQ,PINN_NOEQ_G,3,MJ1,178,0.682279347888419,0.785973207744017,0.485027041153032,0.769662921348315,1.82990232119724,3.13962213598177,0.848314606741573,2.34865420238406,4.33951796198308,0.848314606741573,2.79859409578164,6.08121762014187
inner,past_only_main,PINN_NOEQ,PINN_NOEQ_G,4,ATU1,177,0.884725448550424,1.30113817638278,0.667114862109849,0.638418079096045,2.24892813296125,4.64600325570321,0.768361581920904,2.88646800933254,6.11414001305722,0.88135593220339,3.4394387732263,8.73416848127746
inner,past_only_main,PINN_NOEQ,PINN_NOEQ_G,4,ATU5,177,1.1997274443054,1.47302354027716,0.855509636609948,0.322033898305085,2.0716387854656,5.32086811734226,0.548022598870056,2.65891959529416,5.51488927754845,0.745762711864407,3.16829811429666,5.86931208055262
inner,past_only_main,PINN_NOEQ,PINN_NOEQ_G,4,MJ3,177,2.03503177921827,2.16220030467884,1.37337958196146,0.384180790960452,4.08411515032778,7.52530366136418,0.672316384180791,5.24190504581792,8.66132834307704,0.751412429378531,6.24611511434205,10.7991324328928
inner,past_only_main,PINN_NOEQ,PINN_NOEQ_G,4,MJ1,177,0.932993667470348,1.06180426610944,0.663236326286296,0.745762711864407,2.43769997009863,4.2238058412158,0.847457627118644,3.12875403927452,5.84712525653107,0.847457627118644,3.72814038464176,8.28751120243448
inner,past_only_main,PINN_NOEQ,PINN_NOEQ_G,5,ATU1,176,1.17919554946869,1.67352173299567,0.895054171551869,0.579545454545455,3.01115963425234,6.36784389103859,0.693181818181818,3.86478154987471,8.76390695478864,0.806818181818182,4.60517125764455,12.4912974973439
inner,past_only_main,PINN_NOEQ,PINN_NOEQ_G,5,ATU5,176,1.48013157545418,1.77923534956821,1.05503767805847,0.329545454545455,2.59821808746589,6.59538997951201,0.545454545454545,3.33477681248282,6.86621421633758,0.772727272727273,3.97363166050182,7.02663158658867
inner,past_only_main,PINN_NOEQ,PINN_NOEQ_G,5,MJ3,176,2.63866367092822,2.81120804312775,1.79178515703305,0.369318181818182,5.26236091271606,10.0039044929732,0.647727272727273,6.75416710987383,11.4448103875358,0.738636363636364,8.0480865069146,14.3411076198171
inner,past_only_main,PINN_NOEQ,PINN_NOEQ_G,5,MJ1,176,1.18193586784782,1.34001005636774,0.843248125128659,0.721590909090909,3.03807390982546,5.33596709542053,0.846590909090909,3.89932564859337,7.38020695716718,0.846590909090909,4.64633309007607,10.5685673356632
inner,past_only_main,PINN_NOEQ,PINN_NOEQ_G,6,ATU1,175,1.5648952768911,2.11485757639292,1.1779744921095,0.6,3.97848082631204,8.40113970408236,0.725714285714286,5.10632485875459,11.7117175846143,0.817142857142857,6.08456135703061,17.0948807232013
inner,past_only_main,PINN_NOEQ,PINN_NOEQ_G,6,ATU5,175,1.75672004524115,2.07754863979252,1.25191876493457,0.354285714285714,3.14495623230416,7.83071070381031,0.582857142857143,4.03650762434273,8.36379054359498,0.76,4.80979549632989,8.90170518128289
inner,past_only_main,PINN_NOEQ,PINN_NOEQ_G,6,MJ3,175,3.24714416253489,3.46471334610288,2.21658951307785,0.36,6.43272344667749,12.5486307745429,0.605714285714286,8.256311159783,14.4078514060948,0.742857142857143,9.8380015420109,18.0711445338273
inner,past_only_main,PINN_NOEQ,PINN_NOEQ_G,6,MJ1,175,1.4269307955404,1.61656842551146,1.02258853650467,0.708571428571429,3.62655855094438,6.45153062697971,0.845714285714286,4.65463750835327,8.91842149236941,0.845714285714286,5.54634268240016,12.8911469938588
inner,past_only_main,PINN_NOEQ,PINN_NOEQ_G,7,ATU1,174,1.91967860706369,2.54570030304002,1.44290270053468,0.626436781609195,4.94757485054918,10.2792839324617,0.781609195402299,6.35014357310033,14.6068381428145,0.82183908045977,7.56666276925949,21.7104061656336
inner,past_only_main,PINN_NOEQ,PINN_NOEQ_G,7,ATU5,174,2.02318299496225,2.3637127007261,1.44233060242131,0.396551724137931,3.7028758568025,9.02437903370681,0.568965517241379,4.75258970997735,9.93938977761998,0.758620689655172,5.66305992960314,10.8839318632529
inner,past_only_main,PINN_NOEQ,PINN_NOEQ_G,7,MJ3,174,3.8489650650708,4.11185421024208,2.6400620923377,0.350574712643678,7.57025067278043,15.122485234027,0.574712643678161,9.7163115483092,17.4596295501687,0.741379310344828,11.5776993072335,21.8918351354557
inner,past_only_main,PINN_NOEQ,PINN_NOEQ_G,7,MJ1,174,1.67336868939088,1.894003499485,1.2032631265728,0.67816091954023,4.21020964627415,7.58538125535734,0.844827586206897,5.4037455792559,10.4742106100146,0.844827586206897,6.43896000435518,15.2718460293894
inner,past_only_main,RR_DIRECT,RR_DIRECT_G,1,ATU1,180,0.0023766472640419,0.002774674798884,0.001721069554575,0.75,0.0083995821948646,0.0109891303251276,0.877777777777778,0.0107807470331718,0.0131166483692172,0.927777777777778,0.0128460524178163,0.0146988076689348
inner,past_only_main,RR_DIRECT,RR_DIRECT_G,1,ATU5,180,0.002520235680747,0.002921853135854,0.0018371744152337,0.783333333333333,0.0087823980623745,0.011877653730372,0.861111111111111,0.0112720858798222,0.0144655683603421,0.911111111111111,0.0134315187643993,0.0164096074401679
inner,past_only_main,RR_DIRECT,RR_DIRECT_G,1,MJ3,180,0.0027093358264197,0.0028040019353217,0.0016913687769681,0.822222222222222,0.0081886541305064,0.0090655349526034,1,0.0105100237934746,0.0105100237934746,1,0.0125234657809895,0.0125234657809895
inner,past_only_main,RR_DIRECT,RR_DIRECT_G,1,MJ1,180,0.0004488045124642,0.0005345380753201,0.0011436352673453,0.838888888888889,0.0109014521165616,0.0112667624177119,0.905555555555556,0.0139918623136737,0.0143612463564169,0.944444444444444,0.0166723322744954,0.0170084061421499
inner,past_only_main,RR_DIRECT,RR_DIRECT_G,2,ATU1,179,0.0080727581514219,0.009854793104514,0.0059352376482968,0.759776536312849,0.0280360089804379,0.0394842861831722,0.88268156424581,0.035983827960232,0.0489942712513934,0.899441340782123,0.0428773756353379,0.0577617136559568
inner,past_only_main,RR_DIRECT,RR_DIRECT_G,2,ATU5,179,0.0089302812342137,0.0104611495313018,0.0064927105748642,0.782122905027933,0.0303424004453375,0.0421062921883021,0.871508379888268,0.0389440493576389,0.0525999599633299,0.899441340782123,0.0464046969909391,0.0618823169201438
inner,past_only_main,RR_DIRECT,RR_DIRECT_G,2,MJ3,179,0.006433495744631,0.0066383766137531,0.0040929138735561,0.815642458100559,0.0213706765741904,0.0235731737282641,0.977653631284916,0.0274289664330024,0.0274941937363105,1,0.0326836293886458,0.0326836293886458
inner,past_only_main,RR_DIRECT,RR_DIRECT_G,2,MJ1,179,0.001323167559848,0.0016296222577412,0.0033294342393567,0.88268156424581,0.0324565764801566,0.0333031288776957,0.955307262569832,0.0416575649214017,0.0425662190376219,0.966480446927374,0.0496380502141751,0.0508286247690976
inner,past_only_main,RR_DIRECT,RR_DIRECT_G,3,ATU1,178,0.019621597966038,0.0240965109865398,0.0143257885957458,0.752808988764045,0.0643561893689647,0.0943847409591879,0.865168539325843,0.0826002748124549,0.116807374669028,0.898876404494382,0.0984242981216368,0.13838964198207
inner,past_only_main,RR_DIRECT,RR_DIRECT_G,3,ATU5,178,0.0221957228439586,0.0258911814305185,0.0159199855486651,0.769662921348315,0.0718415367602014,0.100874894873858,0.882022471910112,0.0922076141786639,0.125618332785073,0.904494382022472,0.109872149065001,0.148436414339172
inner,past_only_main,RR_DIRECT,RR_DIRECT_G,3,MJ3,178,0.0117734291521945,0.0121610262921544,0.0075606657159448,0.837078651685393,0.0403406616780782,0.0446878371701893,0.949438202247191,0.0517766787219638,0.0526142919243386,1,0.0616957180087856,0.0616957180087856
inner,past_only_main,RR_DIRECT,RR_DIRECT_G,3,MJ1,178,0.0028918301764392,0.0036934340593155,0.0066024643019917,0.932584269662921,0.0646418430250508,0.0659947613794174,0.971910112359551,0.0829669073108334,0.0844574426872592,0.971910112359551,0.0988611676889914,0.100580149051451
inner,past_only_main,RR_DIRECT,RR_DIRECT_G,4,ATU1,177,0.0393576299216624,0.0484531254342325,0.028620939276298,0.745762711864407,0.122845545472116,0.187820073655384,0.824858757062147,0.157670550649105,0.231039019456168,0.892655367231638,0.187876049048566,0.267691821890255
inner,past_only_main,RR_DIRECT,RR_DIRECT_G,4,ATU5,177,0.0454752608313766,0.0527707606384878,0.0322102100798921,0.76271186440678,0.141091770429744,0.200319591610078,0.875706214689266,0.18108932684714,0.24712950316358,0.915254237288136,0.215781242044504,0.291924478716589
inner,past_only_main,RR_DIRECT,RR_DIRECT_G,4,MJ3,177,0.0194666412186325,0.0201798409996807,0.0124969445330786,0.847457627118644,0.0659828218014686,0.073848531986405,0.943502824858757,0.0846880349371696,0.0872501523829741,1,0.100912017749556,0.100912017749556
inner,past_only_main,RR_DIRECT,RR_DIRECT_G,4,MJ1,177,0.005435411041829,0.0070758655025474,0.0109895646152131,0.949152542372881,0.107035084513818,0.109068420910168,0.971751412429379,0.137378043698776,0.139385578143955,0.983050847457627,0.163696035625493,0.165632311401586
inner,past_only_main,RR_DIRECT,RR_DIRECT_G,5,ATU1,176,0.0696703121481189,0.0858761914297053,0.0505762739286447,0.721590909090909,0.208782106312973,0.332371432291947,0.823863636363636,0.267968932381996,0.408631337591523,0.869318181818182,0.319304677230015,0.470743601250254
inner,past_only_main,RR_DIRECT,RR_DIRECT_G,5,ATU5,176,0.0816725651613339,0.0944272642424869,0.057307476656551,0.721590909090909,0.245219507167438,0.352960989548626,0.863636363636364,0.314735830073455,0.431567127299292,0.920454545454545,0.375030872948612,0.510929710983853
inner,past_only_main,RR_DIRECT,RR_DIRECT_G,5,MJ3,176,0.0303896008213862,0.0316403371185913,0.019403489434874,0.852272727272727,0.0994168456554896,0.112396603345499,0.9375,0.127600139981124,0.133221214394418,1,0.15204494472178,0.15204494472178
inner,past_only_main,RR_DIRECT,RR_DIRECT_G,5,MJ1,176,0.009293640148979,0.0121155567966251,0.0165310874922579,0.954545454545455,0.15919331131195,0.162170997079041,0.971590909090909,0.204322403044779,0.207251251945515,0.988636363636364,0.24346515984201,0.246279639732218
inner,past_only_main,RR_DIRECT,RR_DIRECT_G,6,ATU1,175,0.112904659374358,0.1392056745043,0.0818868410180758,0.702857142857143,0.326994425417828,0.541094795953636,0.805714285714286,0.419692801368365,0.663751743027557,0.851428571428571,0.500094818027831,0.770697679795851
inner,past_only_main,RR_DIRECT,RR_DIRECT_G,6,ATU5,175,0.132858629738791,0.153499039215346,0.0926981742913769,0.737142857142857,0.389290992220618,0.569968198920216,0.857142857142857,0.499649579236035,0.690906581753648,0.92,0.595369195256718,0.822796589095431
inner,past_only_main,RR_DIRECT,RR_DIRECT_G,6,MJ3,175,0.0455680371483842,0.0476258889470943,0.0289060588971113,0.857142857142857,0.142009412696264,0.162025015059496,0.937142857142857,0.182267107945375,0.192542499312744,0.994285714285714,0.217184654783723,0.217285512304045
inner,past_only_main,RR_DIRECT,RR_DIRECT_G,6,MJ1,175,0.0148211734456618,0.0191617185775395,0.0232997066839467,0.96,0.220671826162957,0.225097939697694,0.971428571428571,0.283229222599336,0.28737733573133,0.988571428571429,0.337488434574456,0.341400490685184
inner,past_only_main,RR_DIRECT,RR_DIRECT_G,7,ATU1,174,0.171996285819746,0.211999628760057,0.124588109968277,0.683908045977011,0.482359877483928,0.825723366152353,0.793103448275862,0.619102200260004,1.01302170777916,0.850574712643678,0.737705772341597,1.19186292750726
inner,past_only_main,RR_DIRECT,RR_DIRECT_G,7,ATU5,174,0.200936978829975,0.232588084082706,0.139739800286694,0.729885057471264,0.576699156424985,0.857994761702727,0.867816091954023,0.740185353916974,1.04103285045034,0.919540229885057,0.881985248894185,1.24433261399501
inner,past_only_main,RR_DIRECT,RR_DIRECT_G,7,MJ3,174,0.0661640899361073,0.0693450336700279,0.0417605656117181,0.862068965517241,0.19534860501068,0.224928981705873,0.936781609195402,0.250727220121802,0.267433136550812,0.988505747126437,0.298759909897488,0.29963330389612
inner,past_only_main,RR_DIRECT,RR_DIRECT_G,7,MJ1,174,0.0222895421759828,0.0285854839980795,0.0313914913302748,0.959770114942529,0.290992490561695,0.297410302180451,0.977011494252874,0.373484818234881,0.379126067576865,0.988505747126437,0.445034610082321,0.450166653781049
inner,past_only_main,RR_BRES,RR_BRES_G,1,ATU1,180,0.0046535434158844,0.0067623509416039,0.0035611202763087,0.805555555555556,0.0149984127458816,0.025674850248735,0.861111111111111,0.0192502543532814,0.0341578888243456,0.877777777777778,0.0229380928536399,0.0440200965071849
inner,past_only_main,RR_BRES,RR_BRES_G,1,ATU5,180,0.0059508128080365,0.006843795691807,0.0040101596525123,0.722222222222222,0.016263506352855,0.0232485320321997,0.9,0.0208739844190992,0.0276686219391757,0.933333333333333,0.024872886562615,0.0327394565192195
inner,past_only_main,RR_BRES,RR_BRES_G,1,MJ3,180,0.0026817409320175,0.0028935832039832,0.0017311858966837,0.805555555555556,0.0082029895115839,0.0096851687152719,0.927777777777778,0.0105284230559012,0.0111437168197603,0.983333333333333,0.0125453898544391,0.0126973338160446
inner,past_only_main,RR_BRES,RR_BRES_G,1,MJ1,180,0.0010112965844263,0.001413615755228,0.0013456159731803,0.977777777777778,0.0125217264649715,0.0129090084824295,0.977777777777778,0.0160714619258038,0.0165703625473674,0.983333333333333,0.0191503280519088,0.0197569511963075
inner,past_only_main,RR_BRES,RR_BRES_G,2,ATU1,179,0.0102792849449099,0.0132397300401989,0.0076649941444403,0.776536312849162,0.0339369652483717,0.0527389467343073,0.832402234636871,0.0435576233351109,0.0657810885793056,0.88268156424581,0.051902109458338,0.0769779393621525
inner,past_only_main,RR_BRES,RR_BRES_G,2,ATU5,179,0.0139531066129674,0.0159864135069363,0.0096189681759589,0.731843575418994,0.0408427358629861,0.0571515274119861,0.88268156424581,0.0524210839618518,0.06702849556782,0.932960893854749,0.0624635742125045,0.0758624826452021
inner,past_only_main,RR_BRES,RR_BRES_G,2,MJ3,179,0.0065153752752912,0.0069458904937189,0.004252920899075,0.787709497206704,0.0216250873864311,0.0251211551827134,0.949720670391061,0.0277554991753938,0.0288482004212233,0.988826815642458,0.0330727171496401,0.0334443737358711
inner,past_only_main,RR_BRES,RR_BRES_G,2,MJ1,179,0.0019007657022817,0.0025285873698768,0.0034772683265514,0.972067039106145,0.0342535031681053,0.0350798531183731,0.983240223463687,0.0439638953567247,0.0451865002832756,0.983240223463687,0.0523862124309274,0.0542469355263325
inner,past_only_main,RR_BRES,RR_BRES_G,3,ATU1,178,0.0203209728134119,0.0253815927448365,0.01512418401809,0.724719101123595,0.0676983399102171,0.101087069505334,0.837078651685393,0.0868898785922757,0.118208569621871,0.904494382022472,0.103535676288439,0.134177602051192
inner,past_only_main,RR_BRES,RR_BRES_G,3,ATU5,178,0.028626021853076,0.0326136096513968,0.0197848066877175,0.741573033707865,0.0847788801422271,0.119949137568077,0.853932584269663,0.10881251464241,0.140373767088641,0.921348314606742,0.129658108339785,0.158769802862123
inner,past_only_main,RR_BRES,RR_BRES_G,3,MJ3,178,0.0121078375693806,0.0128305396051501,0.007923999314883,0.792134831460674,0.0410306845255409,0.0475928234749558,0.949438202247191,0.0526623134586505,0.0545621984186132,0.98876404494382,0.062751016887044,0.0634216616071008
inner,past_only_main,RR_BRES,RR_BRES_G,3,MJ1,178,0.0033022670066609,0.004496944136932,0.0066858914844504,0.960674157303371,0.0664145868279307,0.0677799816484612,0.98314606741573,0.0852421993491791,0.0868106502285523,0.98876404494382,0.101572345374595,0.10384431322611
inner,past_only_main,RR_BRES,RR_BRES_G,4,ATU1,177,0.0382881202173825,0.0476962189116438,0.0283123917109957,0.734463276836158,0.124258092995549,0.190684501009982,0.824858757062147,0.159483535767787,0.229973161567507,0.88135593220339,0.190036354062273,0.258969625068741
inner,past_only_main,RR_BRES,RR_BRES_G,4,ATU5,177,0.0535205442710521,0.0607922197144324,0.0368720076251431,0.740112994350282,0.156915851409493,0.222470862974389,0.847457627118644,0.201399314905745,0.263123729050215,0.92090395480226,0.239982085492854,0.302180770980111
inner,past_only_main,RR_BRES,RR_BRES_G,4,MJ3,177,0.0202080222742716,0.0213316680370434,0.01313822072239,0.807909604519774,0.0672920066471316,0.0784106013381106,0.96045197740113,0.086368355495193,0.0894000093115076,0.988700564971751,0.10291424318907,0.10378460980052
inner,past_only_main,RR_BRES,RR_BRES_G,4,MJ1,177,0.0054994532320694,0.0077359280989583,0.01097105736005,0.966101694915254,0.108693964681694,0.110460515768692,0.977401129943503,0.139507193343764,0.141083623893282,0.988700564971751,0.166233073908696,0.167624216205463
inner,past_only_main,RR_BRES,RR_BRES_G,5,ATU1,176,0.0666122016519579,0.0832541020674229,0.0492341712569646,0.744318181818182,0.208887985597986,0.332216157934413,0.806818181818182,0.26810482697309,0.409130671452963,0.863636363636364,0.319466605622836,0.459243696840691
inner,past_only_main,RR_BRES,RR_BRES_G,5,ATU5,176,0.0915728106922551,0.104010886140673,0.0629267786943795,0.755681818181818,0.264620420212401,0.376660763356826,0.857954545454545,0.339636632386958,0.450105586090349,0.926136363636364,0.404702008982197,0.523637815798777
inner,past_only_main,RR_BRES,RR_BRES_G,5,MJ3,176,0.0316929758804527,0.0333642077358458,0.0203862024478654,0.8125,0.101508710424903,0.118911393067639,0.9375,0.130285019345794,0.135355360671368,0.988636363636364,0.155244175809178,0.155953618400045
inner,past_only_main,RR_BRES,RR_BRES_G,5,MJ1,176,0.0087354059304374,0.0125698824364089,0.0163644496630541,0.965909090909091,0.160645056790713,0.162890455117615,0.977272727272727,0.206185698194469,0.207822670723689,0.988636363636364,0.245685412955175,0.246684911533675
inner,past_only_main,RR_BRES,RR_BRES_G,6,ATU1,175,0.107956988237621,0.134727421896988,0.0795150744075632,0.72,0.326056853850174,0.536988478262682,0.8,0.418489441289044,0.664778915922268,0.84,0.498660926052729,0.756981497773795
inner,past_only_main,RR_BRES,RR_BRES_G,6,ATU5,175,0.144794348651785,0.164971792730063,0.0994830390430458,0.742857142857143,0.413042213117146,0.592464366139213,0.857142857142857,0.53013394122857,0.711699948611128,0.925714285714286,0.631693553009936,0.837475223351316
inner,past_only_main,RR_BRES,RR_BRES_G,6,MJ3,175,0.0475783019094823,0.049988561946743,0.030285755922276,0.817142857142857,0.145027133568458,0.170654376000441,0.92,0.186140310752954,0.195375719508174,0.994285714285714,0.221799860588869,0.22234334036427
inner,past_only_main,RR_BRES,RR_BRES_G,6,MJ1,175,0.0133737393759325,0.0193365294535383,0.0229426650953948,0.965714285714286,0.221812478670276,0.225186619273205,0.982857142857143,0.284693234242867,0.287419194255825,0.988571428571429,0.339232912044825,0.341423743111823
inner,past_only_main,RR_BRES,RR_BRES_G,7,ATU1,174,0.165249045891882,0.20557367635148,0.121131176924846,0.695402298850575,0.480382538659225,0.816966524434373,0.78735632183908,0.616564313354029,1.00918106284438,0.839080459770115,0.73468169357188,1.16984579819027
inner,past_only_main,RR_BRES,RR_BRES_G,7,ATU5,174,0.215460124775909,0.246210213433733,0.147863841871668,0.735632183908046,0.60542069230082,0.882553708481776,0.873563218390805,0.777049046121908,1.06018045824858,0.925287356321839,0.92591104744245,1.25935994231864
inner,past_only_main,RR_BRES,RR_BRES_G,7,MJ3,174,0.0690165885458155,0.0724091909890015,0.0435948643732137,0.82183908045977,0.199417261237977,0.235540956326717,0.925287356321839,0.255949283854693,0.271609631900235,0.994252873563218,0.30498238262924,0.305086617252548
inner,past_only_main,RR_BRES,RR_BRES_G,7,MJ1,174,0.0200663167113917,0.0284106002957702,0.0308227194969165,0.96551724137931,0.291711656926713,0.297029736538576,0.977011494252874,0.374407858271412,0.37864152437255,0.988505747126437,0.44613448012441,0.44975784897875
development,past_only_main,B_ANCHOR,B_ANCHOR_G,1,ATU1,376,0.179691190462391,0.444368447722221,0.168094249142648,0.813829787234043,0.866434650141221,1.40632363261966,0.896276595744681,1.11205683416694,2.0317034405956,0.954787234042553,1.3250974481957,3.00949452365154
development,past_only_main,B_ANCHOR,B_ANCHOR_G,1,ATU5,376,0.201325410132362,0.636928517400909,0.211163950460213,0.848404255319149,1.12618812728462,1.8767077036566,0.901595744680851,1.44544681275201,2.74254003618304,0.949468085106383,1.72235611007698,4.06776884554721
development,past_only_main,B_ANCHOR,B_ANCHOR_G,1,MJ3,376,0.260697604933439,0.463736297848229,0.20475876604217,0.821808510638298,0.892081443664692,1.5019166803378,0.898936170212766,1.14497413728682,2.03091841865461,0.917553191489362,1.36432083411042,2.72040977852335
development,past_only_main,B_ANCHOR,B_ANCHOR_G,1,MJ1,376,0.238656790869411,0.318284871623984,0.161739794970734,0.787234042553192,0.615805980973893,0.964361965072493,0.896276595744681,0.790378419828061,1.23972271082981,0.906914893617021,0.941793975851673,1.58258018144558
development,past_only_main,B_ANCHOR,B_ANCHOR_G,2,ATU1,375,0.355852367286302,0.878283902901726,0.334041198309533,0.821333333333333,1.69407925212391,2.78639658945859,0.92,2.17432718051819,4.07895246193162,0.954666666666667,2.5908706371159,6.15742212427973
development,past_only_main,B_ANCHOR,B_ANCHOR_G,2,ATU5,375,0.416003088601277,1.36771517786613,0.450569648493616,0.856,2.4045098820952,4.09649118435862,0.901333333333333,3.08615502250526,6.11362083361528,0.954666666666667,3.67738052535915,9.30394181634188
development,past_only_main,B_ANCHOR,B_ANCHOR_G,2,MJ3,375,0.51765378445524,0.919803719853682,0.409569427237292,0.829333333333333,1.77598781326112,3.03072378521569,0.901333333333333,2.2794556806013,4.15655630986107,0.917333333333333,2.71613897135274,5.66283145457839
development,past_only_main,B_ANCHOR,B_ANCHOR_G,2,MJ1,375,0.47499424153284,0.634047045206679,0.323385624157789,0.784,1.2202385904838,1.94850985523996,0.893333333333333,1.56615927541745,2.52461101323207,0.904,1.86619388106934,3.27861361813597
development,past_only_main,B_ANCHOR,B_ANCHOR_G,3,ATU1,374,0.528269688466254,1.29703922048095,0.498367753981077,0.820855614973262,2.4801054305536,4.14631291451308,0.925133689839572,3.18318085853578,6.10949672456089,0.946524064171123,3.79299393987443,9.31553558080596
development,past_only_main,B_ANCHOR,B_ANCHOR_G,3,ATU5,374,0.646833751141927,2.18583096083126,0.720103214382116,0.858288770053476,3.82588840298573,6.66334269267327,0.911764705882353,4.91047460371867,10.1089437330809,0.954545454545455,5.85119138419915,15.6943059082969
development,past_only_main,B_ANCHOR,B_ANCHOR_G,3,MJ3,374,0.770942887871454,1.36825399956787,0.61423313962148,0.844919786096257,2.6495525281606,4.58947760016968,0.898395721925134,3.40066385381177,6.36941019972723,0.914438502673797,4.05214091259374,8.81775103387685
development,past_only_main,B_ANCHOR,B_ANCHOR_G,3,MJ1,374,0.708869398815006,0.947198866914758,0.484819915875673,0.788770053475936,1.81369795470031,2.95027210486168,0.882352941176471,2.32785612314829,3.85449022703063,0.903743315508021,2.77381165582358,5.08449406587238
development,past_only_main,B_ANCHOR,B_ANCHOR_G,4,ATU1,373,0.696750890182805,1.70160077698027,0.659977606095872,0.809651474530831,3.22913046310042,5.47372072726928,0.919571045576407,4.14454407995131,8.10873689515427,0.946380697050938,4.93852887329465,12.4375968002035
development,past_only_main,B_ANCHOR,B_ANCHOR_G,4,ATU5,373,0.892275621386926,3.08016408254289,1.01714647414759,0.86058981233244,5.36815821089485,9.53942138444813,0.911528150134048,6.88995647201089,14.6509696030623,0.954423592493298,8.20988951169964,23.0691472245651
development,past_only_main,B_ANCHOR,B_ANCHOR_G,4,MJ3,373,1.02055568638889,1.80917119060419,0.818470764532872,0.847184986595174,3.50720577596918,6.17074446152343,0.900804289544236,4.50144988010417,8.65985710683955,0.911528150134048,5.36380836486225,12.1613361340583
development,past_only_main,B_ANCHOR,B_ANCHOR_G,4,MJ1,373,0.940318433455711,1.25774882369889,0.646024970593274,0.793565683646113,2.3944637234972,3.97084033003176,0.873994638069705,3.07326091753819,5.23160542550101,0.900804289544236,3.66201625164249,6.9994504637043
development,past_only_main,B_ANCHOR,B_ANCHOR_G,5,ATU1,372,0.862472716243389,2.09477888191489,0.81917181116463,0.806451612903226,3.95015196984682,6.76504652437485,0.916666666666667,5.06996516511682,10.0435485133943,0.943548387096774,6.04123610981636,15.4423659264913
development,past_only_main,B_ANCHOR,B_ANCHOR_G,5,ATU5,372,1.15202570367212,4.03957868104423,1.33897656408951,0.860215053763441,7.01121090789751,12.6862452680453,0.913978494623656,8.99879177805554,19.6748489965032,0.951612903225806,10.7227217670745,31.3140359987171
development,past_only_main,B_ANCHOR,B_ANCHOR_G,5,MJ3,372,1.26655001673423,2.24265099931765,1.0219163600377,0.860215053763441,4.34384865537879,7.76656940110941,0.900537634408602,5.57526939049993,11.0142198602592,0.911290322580645,6.64334323154386,15.6836628911496
development,past_only_main,B_ANCHOR,B_ANCHOR_G,5,MJ1,372,1.16947755677226,1.56575643379975,0.807042668879331,0.793010752688172,2.95988915901916,5.00875279581629,0.868279569892473,3.79897660732682,6.65388519640819,0.897849462365591,4.5267598322841,9.01360931572027
development,past_only_main,B_ANCHOR,B_ANCHOR_G,6,ATU1,371,1.02510684818272,2.4785236926333,0.976272623900202,0.787061994609164,4.65015825468522,8.04200016672765,0.908355795148248,5.96841350497427,11.8958084149427,0.940700808625337,7.11180333794963,18.251491000877
development,past_only_main,B_ANCHOR,B_ANCHOR_G,6,ATU5,371,1.42487544409498,5.05362004012142,1.68250230766104,0.862533692722372,8.73705703898876,16.0640886146119,0.911051212938005,11.2138913063209,25.1137065281276,0.948787061994609,13.3621756530827,40.3248260489677
development,past_only_main,B_ANCHOR,B_ANCHOR_G,6,MJ3,371,1.50886893165443,2.66874909851961,1.22431804759502,0.865229110512129,5.15704956185908,9.37245329495375,0.897574123989218,6.61900145437196,13.4270215874344,0.908355795148248,7.88702669442456,19.3635003970052
development,past_only_main,B_ANCHOR,B_ANCHOR_G,6,MJ1,371,1.39616954556672,1.87110464693758,0.967867979473991,0.787061994609164,3.50829085658207,6.06290944253456,0.862533692722372,4.50284256599339,8.11584541668719,0.897574123989218,5.36546785245429,11.1249447884623
development,past_only_main,B_ANCHOR,B_ANCHOR_G,7,ATU1,370,1.185303067162,2.85430750534073,1.13165149088963,0.762162162162162,5.33396964081249,9.30285202038186,0.902702702702703,6.84607591736747,13.6933725696167,0.935135135135135,8.1576026058537,20.9662811878231
development,past_only_main,B_ANCHOR,B_ANCHOR_G,7,ATU5,370,1.70932141893873,6.11234565912043,2.04334420469802,0.856756756756757,10.5295628694569,19.6210113989913,0.913513513513514,13.5145476324862,30.8606940547374,0.948648648648649,16.1035767517601,49.8742118786753
development,past_only_main,B_ANCHOR,B_ANCHOR_G,7,MJ3,370,1.74766520778776,3.08757054889962,1.42570709800847,0.864864864864865,5.94967806836143,10.9903771345517,0.897297297297297,7.63632912873014,15.8971739074687,0.908108108108108,9.0992473866167,23.201913250586
development,past_only_main,B_ANCHOR,B_ANCHOR_G,7,MJ1,370,1.6204886147863,2.1739187255034,1.12851905239371,0.786486486486486,4.04204939382618,7.13311756400085,0.862162162162162,5.18791423186052,9.61308642816751,0.894594594594595,6.18178109147302,13.3389046866291
development,past_only_main,DRIFT1,DRIFT1_G,1,ATU1,376,0.0032457301430621,0.0041335418650293,0.0023229722322709,0.757978723404255,0.010313752368264,0.0149706484838432,0.872340425531915,0.0132375578529326,0.0176873608939034,0.928191489361702,0.0157735230721435,0.0200289842000139
development,past_only_main,DRIFT1,DRIFT1_G,1,ATU5,376,0.002295594390729,0.0028892547942182,0.001725619352787,0.795212765957447,0.0087018449187664,0.0117138652343453,0.88031914893617,0.0111686970392946,0.0145151095016584,0.922872340425532,0.0133083233623792,0.0171129362863407
development,past_only_main,DRIFT1,DRIFT1_G,1,MJ3,376,0.0018765727041449,0.0024574129157772,0.0013734315507102,0.784574468085106,0.0062189134914975,0.0093143539836909,0.859042553191489,0.007981889053245,0.0114097181797363,0.898936170212766,0.0095110074335146,0.0135119984066657
development,past_only_main,DRIFT1,DRIFT1_G,1,MJ1,376,0.0023640212976036,0.0033824450282051,0.0018531593411047,0.779255319148936,0.008267425398202,0.0133989082106809,0.829787234042553,0.0106111256209998,0.0177864986275408,0.853723404255319,0.0126439360389355,0.0227497547431173
development,past_only_main,DRIFT1,DRIFT1_G,2,ATU1,375,0.009736564059222,0.0123976743700484,0.0069797556626101,0.754666666666667,0.0309327538894844,0.0450883683869594,0.872,0.0397017598001194,0.0535122362004201,0.930666666666667,0.0473075646708515,0.0614397414608414
development,past_only_main,DRIFT1,DRIFT1_G,2,ATU5,375,0.0068836215496718,0.0086660189437732,0.0052133130543458,0.797333333333333,0.0264010748144804,0.0357219705425014,0.877333333333333,0.033885412675967,0.0444538413794429,0.92,0.0403769596017264,0.0527738454607061
development,past_only_main,DRIFT1,DRIFT1_G,2,MJ3,375,0.0056240517379149,0.007360126680468,0.0041320520718021,0.784,0.018553653194101,0.0282095425905063,0.853333333333333,0.0238133560677707,0.0347019377786673,0.896,0.0283753639102494,0.0414201096211169
development,past_only_main,DRIFT1,DRIFT1_G,2,MJ1,375,0.0070829860074433,0.0101339733666038,0.0055691832863519,0.781333333333333,0.0247380767873074,0.0406744642299115,0.824,0.0317509778158025,0.0545862955041042,0.853333333333333,0.0378336235961803,0.0709851111682116
development,past_only_main,DRIFT1,DRIFT1_G,3,ATU1,374,0.0194641215448714,0.0247761924821231,0.0139746697367916,0.754010695187166,0.0618212997610845,0.0905047650766769,0.871657754010695,0.079346779223553,0.107921934038514,0.927807486631016,0.0945475190127716,0.125616984737653
development,past_only_main,DRIFT1,DRIFT1_G,3,ATU5,374,0.0137502720261487,0.0173210371690149,0.0104973342176786,0.783422459893048,0.0533868310235679,0.0726075974692079,0.874331550802139,0.0685212557976443,0.0907855545373359,0.914438502673797,0.0816481122321814,0.108559870407575
development,past_only_main,DRIFT1,DRIFT1_G,3,MJ3,374,0.0112334951794525,0.0146905120254864,0.0082842863187984,0.77807486631016,0.0368876815216882,0.0569279986130254,0.844919786096257,0.0473448266710897,0.0703576003266062,0.890374331550802,0.0564148405725394,0.0844461755097635
development,past_only_main,DRIFT1,DRIFT1_G,3,MJ1,374,0.0141434880409092,0.0202321431238997,0.0111564929520802,0.780748663101604,0.0493508486951138,0.0822965946130733,0.823529411764706,0.0633411285598887,0.111583561946397,0.8475935828877,0.0754756099164956,0.147378975415375
development,past_only_main,DRIFT1,DRIFT1_G,4,ATU1,373,0.0324165833216104,0.041241191864994,0.0233074164497804,0.756032171581769,0.102918722589726,0.151351605916917,0.873994638069705,0.132094750366901,0.181532272469951,0.922252010723861,0.15740060332649,0.213620810422712
development,past_only_main,DRIFT1,DRIFT1_G,4,ATU5,373,0.0228827997853008,0.0288382880794154,0.0176079458504232,0.785522788203753,0.0899430835690391,0.122875198787765,0.871313672922252,0.115440697983045,0.154455258279352,0.911528150134048,0.13755607592651,0.186443678762024
development,past_only_main,DRIFT1,DRIFT1_G,4,MJ3,373,0.0186996798084764,0.024426979339915,0.0138354205654403,0.772117962466488,0.0610959724272984,0.0956781936946493,0.836461126005362,0.0784158316692181,0.118837249973427,0.890080428954424,0.0934382265820787,0.143131466554855
development,past_only_main,DRIFT1,DRIFT1_G,4,MJ1,373,0.0235345295558821,0.0336476280762509,0.0186242171465876,0.780160857908847,0.082049782883846,0.138734358775058,0.823056300268097,0.105309756232648,0.189914631386744,0.849865951742627,0.125484314260366,0.254433503285666
development,past_only_main,DRIFT1,DRIFT1_G,5,ATU1,372,0.0485494833673231,0.061753612976733,0.0349735248610173,0.75,0.154138276940547,0.227714155748003,0.876344086021505,0.197834336669838,0.274827143879938,0.919354838709677,0.235734151917761,0.326216653559032
development,past_only_main,DRIFT1,DRIFT1_G,5,ATU5,372,0.0342637326356595,0.0431952227696567,0.0265688574910549,0.790322580645161,0.136349028947908,0.186924757046147,0.870967741935484,0.175002084056582,0.236508387711784,0.905913978494624,0.208527844879461,0.288084180136537
development,past_only_main,DRIFT1,DRIFT1_G,5,MJ3,372,0.028000466971902,0.0365442537882337,0.0207873530637828,0.768817204301075,0.0910476197335559,0.144670190743814,0.830645161290323,0.116858354802432,0.180572094195664,0.887096774193548,0.139245318217087,0.217692652543155
development,past_only_main,DRIFT1,DRIFT1_G,5,MJ1,372,0.0352130967401985,0.0503449884266155,0.0279823717755244,0.776881720430108,0.122782627119886,0.210349035791086,0.82258064516129,0.15758979581828,0.290602915307903,0.844086021505376,0.187779823732586,0.39431492411272
development,past_only_main,DRIFT1,DRIFT1_G,6,ATU1,371,0.067841000716126,0.0862633823998206,0.0489634080463256,0.746630727762803,0.215364225519969,0.31981482071673,0.876010781671159,0.276416990924261,0.388811994882667,0.91644204851752,0.329371159870671,0.464264247064312
development,past_only_main,DRIFT1,DRIFT1_G,6,ATU5,371,0.0478498244545067,0.0603627932967783,0.037394687325242,0.784366576819407,0.192879299406328,0.265272529869492,0.873315363881402,0.247557900690116,0.337623608856106,0.908355795148248,0.294983432866446,0.414882207108734
development,past_only_main,DRIFT1,DRIFT1_G,6,MJ3,371,0.039111628947132,0.051013182932013,0.0291382116621308,0.765498652291105,0.126607739501907,0.204010654243782,0.824797843665768,0.162499274409875,0.255882636415485,0.881401617250674,0.193629828295146,0.308656534340701
development,past_only_main,DRIFT1,DRIFT1_G,6,MJ1,371,0.049162121983678,0.070282927612035,0.0392408173780721,0.778975741239892,0.171498178550337,0.297492006881466,0.822102425876011,0.220115529166567,0.41445758908678,0.84366576819407,0.262283830327214,0.56926343964782
development,past_only_main,DRIFT1,DRIFT1_G,7,ATU1,370,0.0902610558708387,0.114709513299978,0.0652602759075498,0.748648648648649,0.286447290994938,0.427493786194289,0.872972972972973,0.367651117747442,0.52306068201616,0.910810810810811,0.438083327205468,0.627234595132174
development,past_only_main,DRIFT1,DRIFT1_G,7,ATU5,370,0.0636226244911289,0.0803054583837384,0.0500889009045514,0.786486486486486,0.259802966562152,0.358106761382726,0.87027027027027,0.333453497566369,0.458149505292268,0.908108108108108,0.397334349415806,0.567119950551612
development,past_only_main,DRIFT1,DRIFT1_G,7,MJ3,370,0.0520066714375604,0.0678005255212846,0.0388818868853745,0.762162162162162,0.167638409715652,0.273837181156191,0.816216216216216,0.215161569499548,0.345075509748155,0.87027027027027,0.256380823294156,0.416087239339263
development,past_only_main,DRIFT1,DRIFT1_G,7,MJ1,370,0.0653684807009132,0.093414539051476,0.0524073949588981,0.775675675675676,0.228143472886322,0.400571787332856,0.818918918918919,0.292818977348682,0.562553175207253,0.843243243243243,0.348915332154482,0.780457200359155
development,past_only_main,B_RAW,B_RAW_G,1,ATU1,376,35.9774139402056,40.3437134844976,22.7909928957317,0.664893617021277,75.5837084931817,93.4591115130136,0.784574468085106,97.0106395996798,115.176025700093,0.86436170212766,115.59530685108,136.820284097697
development,past_only_main,B_RAW,B_RAW_G,1,ATU5,376,43.5652057742776,48.5342277013169,27.4805802831014,0.686170212765957,95.151989426603,117.530866866906,0.827127659574468,122.126256272401,145.018522328722,0.906914893617021,145.522409981393,173.693440015189
development,past_only_main,B_RAW,B_RAW_G,1,MJ3,376,20.5213643219294,36.375753387724,17.702767350638,0.502659574468085,69.8726577525597,120.428252184159,0.648936170212766,89.680585330327,139.281862599438,0.752659574468085,106.861008468991,161.323535213835
development,past_only_main,B_RAW,B_RAW_G,1,MJ1,376,32.9995956159186,40.248277644837,21.5720655451882,0.566489361702128,72.6474326744812,96.8771171399315,0.954787234042553,93.2419703865397,94.3036566869463,1,111.104660506402,111.104660506402
development,past_only_main,B_RAW,B_RAW_G,2,ATU1,375,36.0701916571702,40.4161095713737,22.8867156980444,0.664,75.4530140559118,94.0588940683677,0.784,96.8428951054703,116.422194135982,0.861333333333333,115.395426957898,139.599801795714
development,past_only_main,B_RAW,B_RAW_G,2,ATU5,375,43.7074180989608,48.6363853269193,27.6039014381053,0.685333333333333,95.1345984526352,118.266691804383,0.826666666666667,122.103935198964,146.520618187296,0.909333333333333,145.495812781913,176.819874317755
development,past_only_main,B_RAW,B_RAW_G,2,MJ3,375,20.5663717573902,36.4210142641635,17.86740521248,0.504,70.1236484577039,123.14375150269,0.648,90.0027284128117,143.782109598711,0.744,107.244865627582,168.769127838765
development,past_only_main,B_RAW,B_RAW_G,2,MJ1,375,33.0818896096384,40.2982827219929,21.6547923635221,0.56,72.491950251233,98.3013551209155,0.954666666666667,93.0424108567612,94.1266680437567,1,110.866870660103,110.866870660103
development,past_only_main,B_RAW,B_RAW_G,3,ATU1,374,36.1594901018107,40.4884749600461,22.9798171978432,0.665775401069519,75.3259665197757,94.6219979426148,0.788770053475936,96.6798313581915,117.676562966951,0.863636363636364,115.201124518694,142.478070315134
development,past_only_main,B_RAW,B_RAW_G,3,ATU5,374,43.8661539420075,48.7624703072993,27.7331353902443,0.692513368983957,95.2080067640736,118.94602183615,0.831550802139037,122.198153746672,148.007507320041,0.909090909090909,145.608081106071,180.186854902323
development,past_only_main,B_RAW,B_RAW_G,3,MJ3,374,20.6066614978628,36.4644294058122,18.0296617425325,0.508021390374332,70.3756058204985,125.862014576056,0.644385026737968,90.3261121869587,148.348267990094,0.737967914438503,107.630201161472,176.432306248526
development,past_only_main,B_RAW,B_RAW_G,3,MJ1,374,33.1612693641864,40.3463420518852,21.7360423968871,0.556149732620321,72.3344722220771,99.7466054890418,0.954545454545455,92.8402899945295,93.9235487881889,1,110.626028797942,110.626028797942
development,past_only_main,B_RAW,B_RAW_G,4,ATU1,373,36.2454772669855,40.5604877275072,23.0702908817654,0.664879356568365,75.2012303942403,95.1555867857601,0.785522788203753,96.5197342743012,118.945136275553,0.863270777479893,115.010357076951,145.409637813414
development,past_only_main,B_RAW,B_RAW_G,4,ATU5,373,44.0402618347891,48.9151919264911,27.8682462414005,0.697050938337802,95.3745846168775,119.64703094801,0.836461126005362,122.411954106111,149.593980116125,0.914209115281501,145.862839947537,184.001326459179
development,past_only_main,B_RAW,B_RAW_G,4,MJ3,373,20.6421990164367,36.5058132405536,18.1886857812118,0.506702412868633,70.6188047092266,128.577830411078,0.64343163538874,90.6382545813421,152.964246669147,0.729222520107239,108.002141765192,184.30441107793
development,past_only_main,B_RAW,B_RAW_G,4,MJ1,373,33.2376922023541,40.3924110381526,21.8157182726395,0.557640750670241,72.1686775979362,101.192588798997,0.957104557640751,92.6274948981954,93.6970869684769,1,110.372467801347,110.372467801347
development,past_only_main,B_RAW,B_RAW_G,5,ATU1,372,36.3285743455215,40.6325955126784,23.1583428470305,0.663978494623656,75.0789000666279,95.6649399818436,0.787634408602151,96.3627249986159,120.222127190291,0.865591397849462,114.823268985622,148.394473103364
development,past_only_main,B_RAW,B_RAW_G,5,ATU5,372,44.2290779510574,49.0981330970303,28.0101663721824,0.704301075268817,95.6350133701414,120.397842869567,0.841397849462366,122.746210792214,151.413103950064,0.916666666666667,146.261131355124,188.636633094894
development,past_only_main,B_RAW,B_RAW_G,5,MJ3,372,20.6730458730545,36.5450287209303,18.3439873861929,0.513440860215054,70.848057320016,131.279314646065,0.645161290322581,90.9324971217777,157.614827505795,0.725806451612903,108.352753377389,192.363821397146
development,past_only_main,B_RAW,B_RAW_G,5,MJ1,372,33.3111701403768,40.4365240455443,21.8938408725018,0.556451612903226,71.991226348887,102.631580943248,0.956989247311828,92.3997386857627,93.4552124213483,1,110.101079535359,110.101079535359
development,past_only_main,B_RAW,B_RAW_G,6,ATU1,371,36.4085564533242,40.7042738640574,23.2438181038229,0.668463611859838,74.9589799788936,96.1606658312827,0.792452830188679,96.2088092323234,121.510986612935,0.870619946091644,114.639867038091,151.430074676248
development,past_only_main,B_RAW,B_RAW_G,6,ATU5,371,44.4311544588049,49.3127543550003,28.1598306889062,0.714285714285714,95.9858612257547,121.186905407978,0.851752021563342,123.19651913979,153.666282329917,0.929919137466307,146.797706846539,194.696247079264
development,past_only_main,B_RAW,B_RAW_G,6,MJ3,371,20.6990386384979,36.5816864272516,18.4952939083474,0.517520215633423,71.0613486537101,133.944436311599,0.644204851752022,91.2062535848468,162.299346315326,0.722371967654987,108.678954322785,200.559442224273
development,past_only_main,B_RAW,B_RAW_G,6,MJ1,371,33.3815158437383,40.4782551237958,21.9702971555716,0.55256064690027,71.8006702987395,104.073080706283,0.943396226415094,92.1551626432142,93.2362763404068,1,109.809649205619,109.809649205619
development,past_only_main,B_RAW,B_RAW_G,7,ATU1,370,36.486019700292,40.7763435851407,23.3273598773401,0.67027027027027,74.8405444711468,96.6493451515942,0.791891891891892,96.0567989038164,122.806255412996,0.87027027027027,114.458735559721,154.5154197591
development,past_only_main,B_RAW,B_RAW_G,7,ATU5,370,44.6444714501292,49.5595233952294,28.3179489922231,0.721621621621622,96.4196287415744,122.07232766396,0.859459459459459,123.753253719055,156.551971083992,0.935135135135135,147.461097014775,202.698235938065
development,past_only_main,B_RAW,B_RAW_G,7,MJ3,370,20.7205307419571,36.6157408902911,18.6429375443561,0.518918918918919,71.2621582297838,136.577832835096,0.645945945945946,91.4639898854466,167.026194762244,0.721621621621622,108.986066067203,208.95129785749
development,past_only_main,B_RAW,B_RAW_G,7,MJ1,370,33.4488217797622,40.5177827202311,22.0452324800142,0.551351351351351,71.6003192332106,105.518931003026,0.891891891891892,91.8980148345276,93.5960717687819,1,109.503238692567,109.503238692567
development,known_future_drivers_secondary,B_ORACLE,B_ORACLE_G,1,ATU1,376,0.26501089042848,0.52188544109856,0.241869078222803,0.781914893617021,1.11120178835695,1.96530982386805,0.848404255319149,1.42621205497665,2.75522646886331,0.882978723404255,1.69943648253484,3.86221834410886
development,known_future_drivers_secondary,B_ORACLE,B_ORACLE_G,1,ATU5,376,0.218684496936757,0.568615924844885,0.214187959412522,0.816489361702128,1.07082255631961,1.86793837672211,0.856382978723404,1.37438587173451,2.68369246688535,0.875,1.63768177625194,3.83232354365408
development,known_future_drivers_secondary,B_ORACLE,B_ORACLE_G,1,MJ3,376,0.265150899902039,0.472188753226597,0.207695432011631,0.819148936170213,0.899852686342733,1.5216161797831,0.904255319148936,1.15494841928104,2.05714079153291,0.917553191489362,1.37620592416341,2.75777334945742
development,known_future_drivers_secondary,B_ORACLE,B_ORACLE_G,1,MJ1,376,0.240820093361952,0.320785796769843,0.163305404689934,0.803191489361702,0.641823633260951,0.986113893738718,0.896276595744681,0.823771715017816,1.27575317179292,0.909574468085106,0.981584541300552,1.62987335923462
development,known_future_drivers_secondary,B_ORACLE,B_ORACLE_G,2,ATU1,375,0.516770540459524,0.98388087319609,0.468664330046712,0.765333333333333,2.07607094321258,3.8157160586767,0.837333333333333,2.66460820817665,5.39063666210378,0.864,3.17507651462906,7.61773173064265
development,known_future_drivers_secondary,B_ORACLE,B_ORACLE_G,2,ATU5,375,0.434411310199722,1.10629554594148,0.425189152277452,0.808,2.08372848083639,3.7135975050281,0.848,2.67443655131372,5.37253297381086,0.866666666666667,3.18678770780803,7.77599563899952
development,known_future_drivers_secondary,B_ORACLE,B_ORACLE_G,2,MJ3,375,0.531118588474627,0.9451562187255,0.418590740120043,0.829333333333333,1.7988729705228,3.09114092275006,0.901333333333333,2.30882846195269,4.24156136718973,0.914666666666667,2.75113879907673,5.78740535397213
development,known_future_drivers_secondary,B_ORACLE,B_ORACLE_G,2,MJ1,375,0.481731886132732,0.641859549538535,0.328174731850105,0.8,1.27699235674324,1.99980262374076,0.896,1.63900194580608,2.60788297137296,0.904,1.95299127638775,3.38960859897757
development,known_future_drivers_secondary,B_ORACLE,B_ORACLE_G,3,ATU1,374,0.746000471858115,1.39288145424087,0.672594685017037,0.751336898395722,2.92410153127436,5.44581990644231,0.820855614973262,3.75304368439289,7.71274186419891,0.871657754010695,4.47202737878183,10.9633372551214
development,known_future_drivers_secondary,B_ORACLE,B_ORACLE_G,3,ATU5,374,0.643202919616023,1.60011748070455,0.628222432698174,0.799465240641711,3.02610735661192,5.48938081568476,0.844919786096257,3.88396674382153,7.99298776634319,0.877005347593583,4.62803182624231,11.7813145418171
development,known_future_drivers_secondary,B_ORACLE,B_ORACLE_G,3,MJ3,374,0.797934369424351,1.41864818541777,0.632609296624568,0.842245989304813,2.69538705664062,4.71315748280833,0.898395721925134,3.45949183423558,6.54771724419149,0.911764705882353,4.12223877481362,9.07929929755738
development,known_future_drivers_secondary,B_ORACLE,B_ORACLE_G,3,MJ1,374,0.722723139953381,0.96309828981727,0.494563558903832,0.796791443850267,1.90442093192953,3.04094033887863,0.893048128342246,2.44429780380738,3.99360329140415,0.901069518716578,2.91256047617554,5.27550428345141
development,known_future_drivers_secondary,B_ORACLE,B_ORACLE_G,4,ATU1,373,0.954701874803833,1.75495478099329,0.858008311535702,0.756032171581769,3.67411180674616,6.96701511732371,0.812332439678284,4.71567145141249,9.89533727303897,0.841823056300268,5.61906911122669,14.0204330790525
development,known_future_drivers_secondary,B_ORACLE,B_ORACLE_G,4,ATU5,373,0.847604839020016,2.04726345129153,0.822681461994647,0.785522788203753,3.89641148812301,7.17936720399041,0.839142091152815,5.00099000355946,10.5557969943185,0.876675603217158,5.9590471355118,15.6673645858454
development,known_future_drivers_secondary,B_ORACLE,B_ORACLE_G,4,MJ3,373,1.0655072355872,1.89246659984704,0.849674193352801,0.847184986595174,3.58785037631131,6.38579665064021,0.89544235924933,4.60495610406983,8.97236875097054,0.908847184986595,5.48714363787643,12.628084219666
development,known_future_drivers_secondary,B_ORACLE,B_ORACLE_G,4,MJ1,373,0.963751875097375,1.28440224854505,0.662453922574114,0.793565683646113,2.52354823637713,4.1100738442607,0.876675603217158,3.23893909616348,5.43289071437963,0.900804289544236,3.8594339779429,7.28780802436773
development,known_future_drivers_secondary,B_ORACLE,B_ORACLE_G,5,ATU1,372,1.15199865682949,2.07632081199583,1.02868907770973,0.75,4.34143468127452,8.34528838311033,0.793010752688172,5.57217108827978,11.880903747228,0.844086021505376,6.63965137673976,16.8337050812711
development,known_future_drivers_secondary,B_ORACLE,B_ORACLE_G,5,ATU5,372,1.04703320783998,2.45151556300537,1.00868549604525,0.782258064516129,4.70120104657337,8.79953211771541,0.841397849462366,6.03392621911254,12.97583181765,0.873655913978495,7.18986655168279,19.36362700179
development,known_future_drivers_secondary,B_ORACLE,B_ORACLE_G,5,MJ3,372,1.33383533730686,2.36647259530741,1.06968772446119,0.849462365591398,4.4751880835659,8.10552614103999,0.89247311827957,5.74384172158945,11.5121567685561,0.908602150537634,6.84420955321031,16.4328017789
development,known_future_drivers_secondary,B_ORACLE,B_ORACLE_G,5,MJ1,372,1.20486486497734,1.60570243616895,0.831861746618092,0.793010752688172,3.13529384007483,5.20612006682397,0.870967741935484,4.02410607817733,6.93865779491236,0.897849462365591,4.79501814262587,9.42451010260226
development,known_future_drivers_secondary,B_ORACLE,B_ORACLE_G,6,ATU1,371,1.33639350502838,2.36551301032468,1.18768484732633,0.746630727762803,4.94576464147675,9.59778416167544,0.795148247978437,6.3478201949091,13.6616696549214,0.838274932614555,7.56389429338865,19.4554490332692
development,known_future_drivers_secondary,B_ORACLE,B_ORACLE_G,6,ATU5,371,1.2408268342234,2.82100799123665,1.18733450939766,0.78167115902965,5.45316999904288,10.3333434885858,0.835579514824798,6.99906792084247,15.2811403242847,0.881401617250674,8.3399038220959,22.8762348267219
development,known_future_drivers_secondary,B_ORACLE,B_ORACLE_G,6,MJ3,371,1.60291887222946,2.84055961731746,1.29253543746368,0.857142857142857,5.356525952335,9.87335622850692,0.894878706199461,6.875026629782,14.1657445572735,0.902964959568733,8.1920995074196,20.4876637100029
development,known_future_drivers_secondary,B_ORACLE,B_ORACLE_G,6,MJ1,371,1.44616167809213,1.92695144471592,1.00281765072345,0.792452830188679,3.74039787465563,6.3258407257973,0.862533692722372,4.80074869851562,8.50654422001706,0.894878706199461,5.720444903877,11.6810240243967
development,known_future_drivers_secondary,B_ORACLE,B_ORACLE_G,7,ATU1,370,1.51574129829152,2.63261335326534,1.33884604526239,0.727027027027027,5.50805061052297,10.7713818016398,0.805405405405405,7.06950642309966,15.3241277085007,0.845945945945946,8.42383647439208,21.9630092802514
development,known_future_drivers_secondary,B_ORACLE,B_ORACLE_G,7,ATU5,370,1.43088922316687,3.1651389439184,1.36019800013394,0.775675675675676,6.16679611239383,11.8030268213881,0.82972972972973,7.91499712134543,17.4823768974264,0.883783783783784,9.43130078043895,26.3125101412888
development,known_future_drivers_secondary,B_ORACLE,B_ORACLE_G,7,MJ3,370,1.87272252531667,3.31462733859779,1.51812795488261,0.859459459459459,6.23104700902345,11.6884526132236,0.889189189189189,7.99746225439001,16.9309330161358,0.9,9.52956404721194,24.784519517029
development,known_future_drivers_secondary,B_ORACLE,B_ORACLE_G,7,MJ1,370,1.68743364745477,2.24809009918417,1.17519823033261,0.789189189189189,4.33764376637826,7.46912042421943,0.859459459459459,5.56730550168598,10.1251678874654,0.891891891891892,6.6338536727184,14.0519530341589
development,past_only_main,CL_DIRECT,CL_DIRECT_G,1,ATU1,376,0.252996620810438,0.336137663736146,0.183071917961498,0.742021276595745,0.80186836003838,1.15944712206211,0.835106382978723,1.02918689798195,1.48203390541135,0.88031914893617,1.22635182873,1.81275962331378
development,past_only_main,CL_DIRECT,CL_DIRECT_G,1,ATU5,376,0.196575437082592,0.299693006090809,0.159550681079522,0.819148936170213,0.91176667371566,1.21023281356796,0.896276595744681,1.17023985652686,1.57371494735524,0.917553191489362,1.39442679548143,1.99057081426217
development,past_only_main,CL_DIRECT,CL_DIRECT_G,1,MJ3,376,0.0884041351021774,0.114368487827146,0.0758623625035709,0.792553191489362,0.453689722293918,0.587197301078197,0.845744680851064,0.582304454451367,0.717389824549438,0.901595744680851,0.693858553771253,0.805492201498182
development,past_only_main,CL_DIRECT,CL_DIRECT_G,1,MJ1,376,0.137810445554045,0.165675062142931,0.0935424467815397,0.678191489361702,0.396621806549953,0.554041008268447,0.795212765957447,0.509058577564548,0.595572023376081,0.954787234042553,0.606580708276677,0.646789724523728
development,past_only_main,CL_DIRECT,CL_DIRECT_G,2,ATU1,375,0.510996645238891,0.679330083032211,0.371669795100998,0.744,1.62685009323717,2.41735923314542,0.818666666666667,2.08803948925016,3.07731564714302,0.88,2.48805251128189,3.7948925886205
development,past_only_main,CL_DIRECT,CL_DIRECT_G,2,ATU5,375,0.392228984882933,0.608037522524338,0.323571624320221,0.829333333333333,1.86024630130235,2.49264689013767,0.885333333333333,2.38760027921307,3.27167153037512,0.917333333333333,2.84500120865371,4.18183019743831
development,past_only_main,CL_DIRECT,CL_DIRECT_G,2,MJ3,375,0.178574734579776,0.231346799567409,0.154858832916033,0.792,0.931076327372614,1.20829653982889,0.845333333333333,1.19502352868393,1.48175143521612,0.893333333333333,1.42395836232519,1.68204337518216
development,past_only_main,CL_DIRECT,CL_DIRECT_G,2,MJ1,375,0.281388397112748,0.339421898900797,0.192079048318039,0.68,0.815439428020121,1.1503585432118,0.792,1.04660517516371,1.24014801699179,0.954666666666667,1.24710698614317,1.34759956283391
development,past_only_main,CL_DIRECT,CL_DIRECT_G,3,ATU1,374,0.766882580974109,1.01290728317541,0.559071980906136,0.724598930481283,2.43933491727255,3.66473325515744,0.812834224598931,3.1308524712543,4.63864209517979,0.874331550802139,3.73064082056932,5.68718826548936
development,past_only_main,CL_DIRECT,CL_DIRECT_G,3,ATU5,374,0.591016145771674,0.923671436190066,0.491683911179387,0.828877005347594,2.82922522191967,3.811766763573,0.882352941176471,3.63127125966216,5.04672113782812,0.911764705882353,4.32692658508708,6.45772803146024
development,past_only_main,CL_DIRECT,CL_DIRECT_G,3,MJ3,374,0.269180251152511,0.349372689865956,0.23544186055691,0.788770053475936,1.42266359054167,1.84855135135047,0.844919786096257,1.82596895025434,2.27154843389008,0.903743315508021,2.17577620327216,2.59813156600727
development,past_only_main,CL_DIRECT,CL_DIRECT_G,3,MJ1,374,0.427534584884036,0.516855954718258,0.2930781932496,0.679144385026738,1.24304115155954,1.76845302110033,0.783422459893048,1.59542604571185,1.91291108484239,0.959893048128342,1.90106738882768,2.06745908303499
development,past_only_main,CL_DIRECT,CL_DIRECT_G,4,ATU1,373,1.01692037436476,1.33548949848903,0.742705180062319,0.707774798927614,3.2144332870869,4.87289158051171,0.804289544235925,4.12568045875828,6.13572532461335,0.857908847184987,4.91605148226693,7.47199607534459
development,past_only_main,CL_DIRECT,CL_DIRECT_G,4,ATU5,373,0.793063445601717,1.24305015766233,0.661664856635891,0.833780160857909,3.78689710243269,5.12211761583061,0.879356568364611,4.86042981125105,6.82029112335813,0.898123324396783,5.79155933594687,8.75894986487473
development,past_only_main,CL_DIRECT,CL_DIRECT_G,4,MJ3,373,0.358507444404267,0.466485591254223,0.315768937766005,0.788203753351206,1.91266938024309,2.49133212207985,0.839142091152815,2.45488457260397,3.07014381699253,0.903485254691689,2.92517538926807,3.52038580160356
development,past_only_main,CL_DIRECT,CL_DIRECT_G,4,MJ1,373,0.572991764081813,0.693434008581497,0.393758327977115,0.67828418230563,1.66250659094876,2.38601595516082,0.772117962466488,2.13380410860856,2.59149419665864,0.959785522788204,2.54258441870447,2.77699166487327
development,past_only_main,CL_DIRECT,CL_DIRECT_G,5,ATU1,372,1.26098408337724,1.64780170921214,0.921801612734433,0.698924731182796,3.94494165577023,6.03952868489166,0.795698924731183,5.06327779939791,7.57531575753896,0.844086021505376,6.03326762207632,9.1987506152945
development,past_only_main,CL_DIRECT,CL_DIRECT_G,5,ATU5,372,1.00090716721765,1.56528366444905,0.832961366678032,0.833333333333333,4.72364308211743,6.45743114386089,0.870967741935484,6.06273025989657,8.62657740672432,0.89247311827957,7.22418868322137,11.1172449723811
development,past_only_main,CL_DIRECT,CL_DIRECT_G,5,MJ3,372,0.444695729261243,0.580585384474866,0.394227274871499,0.779569892473118,2.38919524093108,3.12662415060774,0.833333333333333,3.06649889337124,3.86923378431516,0.908602150537634,3.65395880287458,4.45970383023142
development,past_only_main,CL_DIRECT,CL_DIRECT_G,5,MJ1,372,0.714537767967411,0.864741568339984,0.491587480838713,0.672043010752688,2.06057399285655,2.98403869776289,0.771505376344086,2.64471808772803,3.25719343886593,0.951612903225806,3.15137597429605,3.45464612586423
development,past_only_main,CL_DIRECT,CL_DIRECT_G,6,ATU1,371,1.49651382712014,1.94741775299701,1.09439021219858,0.692722371967655,4.63103765212489,7.16681699873252,0.797843665768194,5.94387247727282,8.95339410064452,0.838274932614555,7.08256089980784,10.8613895895787
development,past_only_main,CL_DIRECT,CL_DIRECT_G,6,ATU5,371,1.21059485191186,1.88745774109617,1.00236181973881,0.83288409703504,5.63290349886182,7.76101596376904,0.873315363881402,7.22975337042578,10.4406611145502,0.897574123989218,8.61478248943281,13.5120655936015
development,past_only_main,CL_DIRECT,CL_DIRECT_G,6,MJ3,371,0.526709536221804,0.690242552846455,0.469817600175626,0.773584905660377,2.84541124457372,3.74928634636097,0.827493261455526,3.65204579483049,4.66820721478434,0.902964959568733,4.35168097055842,5.41511949628446
development,past_only_main,CL_DIRECT,CL_DIRECT_G,6,MJ1,371,0.848880174154059,1.02651875972258,0.584186498089897,0.671159029649596,2.42778526049646,3.54470425767242,0.776280323450135,3.11602864726706,3.88701167653537,0.943396226415094,3.71297714481599,4.08901507405039
development,past_only_main,CL_DIRECT,CL_DIRECT_G,7,ATU1,370,1.72209467848666,2.23445439195982,1.2602379208747,0.694594594594595,5.28338969610538,8.24541849197941,0.794594594594595,6.78115726115473,10.254663358231,0.840540540540541,8.08024725579893,12.435605708256
development,past_only_main,CL_DIRECT,CL_DIRECT_G,7,ATU5,370,1.4173481158772,2.20658136988087,1.16787541201808,0.837837837837838,6.51540768438467,9.00921304246426,0.878378378378378,8.3624352299655,12.1836305020864,0.908108108108108,9.96445617119029,15.8722522057413
development,past_only_main,CL_DIRECT,CL_DIRECT_G,7,MJ3,370,0.603012571215164,0.793862544789622,0.541624066833907,0.772972972972973,3.2818946579779,4.35032124988984,0.845945945945946,4.21226619090713,5.45271874951587,0.902702702702703,5.01922474571486,6.37821133942751
development,past_only_main,CL_DIRECT,CL_DIRECT_G,7,MJ1,370,0.974323885206146,1.17566598526214,0.669846065438057,0.667567567567568,2.75925335610855,4.05399449603768,0.781081081081081,3.54146334216718,4.45950327082471,0.932432432432432,4.21991385098566,4.6524939603383
development,past_only_main,CL_BRES,CL_BRES_G,1,ATU1,376,0.151425294322505,0.288602996205548,0.124336522809442,0.827127659574468,0.60481350640855,0.916558626611865,0.896276595744681,0.776269731466159,1.26471162179539,0.936170212765957,0.924982436754624,1.76969116051102
development,past_only_main,CL_BRES,CL_BRES_G,1,ATU5,376,0.197394932974575,0.497217968976222,0.183579503459131,0.789893617021277,0.958913458149363,1.48539012769482,0.872340425531915,1.23075209923317,2.12331906597317,0.920212765957447,1.46653157999526,3.07214981961216
development,past_only_main,CL_BRES,CL_BRES_G,1,MJ3,376,0.254394624926659,0.299770569961804,0.171538564938265,0.856382978723404,0.821381600637839,1.01617331223163,0.944148936170213,1.0542318711508,1.2701774743203,0.965425531914894,1.25619475493354,1.52076239400846
development,past_only_main,CL_BRES,CL_BRES_G,1,MJ1,376,0.21261039628815,0.275194041368332,0.144750252921735,0.646276595744681,0.569657860036375,0.86978395917426,0.789893617021277,0.731147947842477,0.98914700199522,0.88031914893617,0.871216515354959,1.02227992040157
development,past_only_main,CL_BRES,CL_BRES_G,2,ATU1,375,0.310768930921134,0.572443197450066,0.254489853190801,0.808,1.20652760131866,1.8626923477629,0.890666666666667,1.54856141134104,2.58106242671285,0.917333333333333,1.84522473267252,3.57712091715963
development,past_only_main,CL_BRES,CL_BRES_G,2,ATU5,375,0.422552279242331,1.08089971589237,0.398951235635684,0.818666666666667,2.07379609495796,3.27670444778012,0.877333333333333,2.66168847205134,4.75819589422413,0.928,3.17159743445061,7.05076793040322
development,past_only_main,CL_BRES,CL_BRES_G,2,MJ3,375,0.514415830668503,0.602323467980937,0.346187084884724,0.861333333333333,1.66276611217853,2.04814561061286,0.944,2.13413720050085,2.57351044950612,0.962666666666667,2.54298132217464,3.09953801366808
development,past_only_main,CL_BRES,CL_BRES_G,2,MJ1,375,0.432943395949627,0.556327520302592,0.295039786860685,0.64,1.15551939284413,1.78061167932425,0.789333333333333,1.48309308453363,2.01887705182665,0.882666666666667,1.76721440970631,2.09321550939416
development,past_only_main,CL_BRES,CL_BRES_G,3,ATU1,374,0.478283486241647,0.853751630244487,0.391568343840587,0.796791443850267,1.81296051102531,2.85221957294049,0.877005347593583,2.32690962443835,3.94618704461537,0.911764705882353,2.77268383304805,5.48094847815433
development,past_only_main,CL_BRES,CL_BRES_G,3,ATU5,374,0.67453735069905,1.74165556189154,0.643390799491611,0.815508021390374,3.3286583015971,5.34870244751655,0.887700534759358,4.27228667770183,7.81689112607663,0.93048128342246,5.09074356691856,11.7893252580637
development,past_only_main,CL_BRES,CL_BRES_G,3,MJ3,374,0.776881871376939,0.905397170123819,0.522057677411537,0.868983957219251,2.51631420218311,3.09395049409109,0.943850267379679,3.22965431379383,3.90612373017158,0.962566844919786,3.84837047736717,4.72965915918503
development,past_only_main,CL_BRES,CL_BRES_G,3,MJ1,374,0.658962414442841,0.84252542669127,0.449568205959586,0.63903743315508,1.75213237255943,2.72611733597884,0.788770053475936,2.24883755393701,3.08265575281151,0.882352941176471,2.67965522316213,3.20046115661399
development,past_only_main,CL_BRES,CL_BRES_G,4,ATU1,373,0.652439561968074,1.13278844952548,0.533511068114089,0.788203753351206,2.41717315418825,3.86185757905881,0.873994638069705,3.1024081562779,5.34508885962987,0.903485254691689,3.69674732876847,7.42972188657254
development,past_only_main,CL_BRES,CL_BRES_G,4,ATU5,373,0.943075123859749,2.46762665806727,0.911547948365402,0.839142091152815,4.69207857771936,7.67106642205463,0.906166219839142,6.022217657097,11.397285660426,0.919571045576407,7.17591493952399,17.3524290101647
development,past_only_main,CL_BRES,CL_BRES_G,4,MJ3,373,1.03718779122747,1.20588513689156,0.696978270740623,0.863270777479893,3.37052675885301,4.14959155307244,0.943699731903485,4.32602426081889,5.26181221846156,0.962466487935657,5.15477584663019,6.40177844944418
development,past_only_main,CL_BRES,CL_BRES_G,4,MJ1,373,0.888177198381076,1.13216223520396,0.606501984974513,0.638069705093834,2.34895983204946,3.69601631384135,0.7828418230563,3.01485730515102,4.17493962906806,0.882037533512064,3.59242405512709,4.33002858388504
development,past_only_main,CL_BRES,CL_BRES_G,5,ATU1,372,0.832733908750251,1.40797300664826,0.678370336084292,0.763440860215054,3.01491277350009,4.89014053564929,0.870967741935484,3.86959865194856,6.73471619802143,0.897849462365591,4.61091118879703,9.37713162290735
development,past_only_main,CL_BRES,CL_BRES_G,5,ATU5,372,1.21912196392422,3.24648096540589,1.19673142808019,0.844086021505376,6.13688160136068,10.1969387789527,0.900537634408602,7.87660226210271,15.3341204285692,0.924731182795699,9.3855504838325,23.598071791415
development,past_only_main,CL_BRES,CL_BRES_G,5,MJ3,372,1.29064162551296,1.50036061647285,0.868770666705629,0.85752688172043,4.21348564065445,5.21536083739898,0.940860215053763,5.40795027252239,6.63633680219178,0.962365591397849,6.44397020540489,8.1110172296812
development,past_only_main,CL_BRES,CL_BRES_G,5,MJ1,372,1.11758292547737,1.42316671128423,0.763825982657615,0.637096774193548,2.93200583653601,4.67867667510849,0.779569892473118,3.76318875036426,5.28941009717305,0.865591397849462,4.48411597049531,5.490386793023
development,past_only_main,CL_BRES,CL_BRES_G,6,ATU1,371,1.01860486868036,1.67848010428024,0.825125019105337,0.746630727762803,3.61068008770972,5.93039270672887,0.878706199460916,4.63425772142611,8.10643015098811,0.900269541778976,5.52205866847008,11.2782860827717
development,past_only_main,CL_BRES,CL_BRES_G,6,ATU5,371,1.50649288306732,4.06798928328839,1.4969253622871,0.8544474393531,7.64647917996726,12.8898567829291,0.900269541778976,9.81414977807255,19.5335397696397,0.91644204851752,11.6942807485881,30.2494113311555
development,past_only_main,CL_BRES,CL_BRES_G,6,MJ3,371,1.5327567525709,1.78542661653258,1.03543013137182,0.849056603773585,5.03605352844556,6.29398538719005,0.93800539083558,6.46370472675075,8.03505530505313,0.959568733153639,7.70197922997712,9.8702306183423
development,past_only_main,CL_BRES,CL_BRES_G,6,MJ1,371,1.34416514725219,1.71342580836154,0.919626893305171,0.633423180592992,3.48903092538726,5.66250764206239,0.77088948787062,4.4781227119256,6.42798470200412,0.849056603773585,5.33601232955421,6.69164852501822
development,past_only_main,CL_BRES,CL_BRES_G,7,ATU1,370,1.21086300015243,1.94470398724634,0.973099002126234,0.735135135135135,4.21591285006282,6.97401735994373,0.87027027027027,5.41106556207146,9.46199118533852,0.9,6.44768230185988,13.0628759477056
development,past_only_main,CL_BRES,CL_BRES_G,7,ATU5,370,1.80410953498657,4.92223034163437,1.80884673070063,0.862162162162162,9.21063784385863,15.7323201544895,0.894594594594595,11.8217256888678,23.9477491961536,0.916216216216216,14.0864549924943,37.2160787596005
development,past_only_main,CL_BRES,CL_BRES_G,7,MJ3,370,1.75948197257583,2.05835600934299,1.19543691160615,0.843243243243243,5.83364002506512,7.39331455206959,0.935135135135135,7.48739591253203,9.4706522981443,0.954054054054054,8.9217825137143,11.7072881879675
development,past_only_main,CL_BRES,CL_BRES_G,7,MJ1,370,1.56494151626339,2.00120672090697,1.07231622017774,0.62972972972973,4.01503136687157,6.63773006479478,0.764864864864865,5.1532369696854,7.58214582405462,0.840540540540541,6.14046058499629,7.95076947195186
development,past_only_main,PINN_EQ,PINN_EQ_G,1,ATU1,376,0.299193692112321,0.407780860371898,0.208662403907784,0.792553191489362,0.985456258688118,1.31306729291476,0.906914893617021,1.26481941490693,1.67709986090955,0.944148936170213,1.50712529038777,2.12666316030876
development,past_only_main,PINN_EQ,PINN_EQ_G,1,ATU5,376,0.261983954143478,0.629542625560047,0.228230183028782,0.877659574468085,1.19064594904064,1.84378039354785,0.930851063829787,1.52817753132104,2.63157742939766,0.949468085106383,1.8209358415215,3.81472905371882
development,past_only_main,PINN_EQ,PINN_EQ_G,1,MJ3,376,0.214704823710382,0.354157351937308,0.170232617743002,0.715425531914894,0.750724801753478,1.24904954991546,0.816489361702128,0.963544851573627,1.62432039386317,0.851063829787234,1.14813450609185,2.04904349753191
development,past_only_main,PINN_EQ,PINN_EQ_G,1,MJ1,376,0.141397886090094,0.192293715471375,0.0954595330069212,0.731382978723404,0.373678224427141,0.585711230911353,0.821808510638298,0.479610808715741,0.732647369150346,0.859042553191489,0.57149152743834,0.87674470036923
development,past_only_main,PINN_EQ,PINN_EQ_G,2,ATU1,375,0.524845509484519,0.825106300087285,0.385893443577512,0.829333333333333,1.80445850577004,2.68645723234122,0.928,2.31599741883034,3.69182280168799,0.952,2.75968113807681,5.13862621656376
development,past_only_main,PINN_EQ,PINN_EQ_G,2,ATU5,375,0.509660359392269,1.3620391440181,0.477170452496852,0.885333333333333,2.52168483619874,4.08981875062124,0.930666666666667,3.23654744792685,6.01041379947177,0.962666666666667,3.85658415329548,8.94769006768568
development,past_only_main,PINN_EQ,PINN_EQ_G,2,MJ3,375,0.433964015858264,0.786982198685634,0.353476407252727,0.688,1.53164575935282,2.68654815527693,0.754666666666667,1.96584604959357,3.62874579575827,0.813333333333333,2.34245004736059,4.83538944811123
development,past_only_main,PINN_EQ,PINN_EQ_G,2,MJ1,375,0.3598143898735,0.489677598924726,0.243686994778705,0.792,0.932853231062324,1.47000205158374,0.858666666666667,1.1973041598792,1.92212316827496,0.898666666666667,1.42667590200868,2.43343270776993
development,past_only_main,PINN_EQ,PINN_EQ_G,3,ATU1,374,0.763502432993716,1.26378872601182,0.579212585417717,0.823529411764706,2.6969512311732,4.16446932218322,0.917112299465241,3.46149943051362,5.82031343892313,0.957219251336898,4.12463097332658,8.31186105504949
development,past_only_main,PINN_EQ,PINN_EQ_G,3,ATU5,374,0.779289910650666,2.18723849227936,0.760501212369234,0.877005347593583,4.02017492425122,6.69515152704221,0.938502673796791,5.15983865411138,10.0321414084181,0.962566844919786,6.14832697717869,15.3361052026
development,past_only_main,PINN_EQ,PINN_EQ_G,3,MJ3,374,0.670190735660836,1.21678064660797,0.546249422839781,0.711229946524064,2.36373022905503,4.18739299256175,0.77807486631016,3.03381490446994,5.73913908580769,0.852941176470588,3.61501342799867,7.87106267296021
development,past_only_main,PINN_EQ,PINN_EQ_G,3,MJ1,374,0.579087402284232,0.788007813657645,0.394640771869732,0.783422459893048,1.49753091064504,2.4160480433258,0.866310160427808,1.92206011531005,3.18108556942967,0.901069518716578,2.2902758886276,4.12215395968449
development,past_only_main,PINN_EQ,PINN_EQ_G,4,ATU1,373,0.989634229211197,1.69334996910209,0.769198852528841,0.81769436997319,3.56477896319922,5.63658096888105,0.908847184986595,4.57534426592254,7.92200111665538,0.967828418230563,5.45185895641071,11.4651879442988
development,past_only_main,PINN_EQ,PINN_EQ_G,4,ATU5,373,1.06502984180363,3.09032572380997,1.07203491316598,0.876675603217158,5.64748325847528,9.61737462047697,0.946380697050938,7.24846628930087,14.6094620891875,0.962466487935657,8.63708030757288,22.708195949382
development,past_only_main,PINN_EQ,PINN_EQ_G,4,MJ3,373,0.908394455816708,1.63998021714985,0.741538856270491,0.731903485254692,3.20452829907533,5.70906865838278,0.841823056300268,4.11296754427728,7.94784552752069,0.876675603217158,4.90090311033094,11.0805703148921
development,past_only_main,PINN_EQ,PINN_EQ_G,4,MJ1,373,0.796245642120904,1.08444198774571,0.546323885625989,0.774798927613941,2.05454968185237,3.38944980696128,0.873994638069705,2.63698596826321,4.48388611838079,0.903485254691689,3.14216258568391,5.93684584264144
development,past_only_main,PINN_EQ,PINN_EQ_G,5,ATU1,372,1.2096645645711,2.11413367313867,0.956289475166326,0.801075268817204,4.3993657613152,7.07095368766524,0.900537634408602,5.6465248245476,9.94723452924716,0.959677419354839,6.72824931810856,14.5275548400565
development,past_only_main,PINN_EQ,PINN_EQ_G,5,ATU5,372,1.36493015029208,4.05953503386886,1.40836670511491,0.879032258064516,7.37632919247751,12.8127079460946,0.940860215053763,9.4674160229196,19.6689661502325,0.956989247311828,11.2811219962293,30.9299991906748
development,past_only_main,PINN_EQ,PINN_EQ_G,5,MJ3,372,1.14608936924688,2.05934256137588,0.938471541250934,0.779569892473118,4.03491089501576,7.26261856663033,0.852150537634409,5.17875206782828,10.2394942837222,0.879032258064516,6.17086369965808,14.4700933911349
development,past_only_main,PINN_EQ,PINN_EQ_G,5,MJ1,372,1.0143691953297,1.38166272191576,0.700157118756177,0.768817204301075,2.60483955439855,4.39165739210606,0.876344086021505,3.34327537328424,5.83631960443909,0.900537634408602,3.9837583202959,7.8695223499476
development,past_only_main,PINN_EQ,PINN_EQ_G,6,ATU1,371,1.43380434091528,2.53034623144166,1.14458075242963,0.784366576819407,5.21041670398276,8.49110386597087,0.900269541778976,6.68749743974022,11.9170751794961,0.959568733153639,7.96864469508287,17.4464997747174
development,past_only_main,PINN_EQ,PINN_EQ_G,6,ATU5,371,1.67872376707108,5.08437086906768,1.76679710079968,0.878706199460916,9.18583425920745,16.2391479765462,0.940700808625337,11.789890632619,25.1369256764416,0.959568733153639,14.0485211832658,39.917840429872
development,past_only_main,PINN_EQ,PINN_EQ_G,6,MJ3,371,1.38380998754636,2.47741381953679,1.13682293274052,0.816711590296496,4.84871673927844,8.84758353252922,0.8544474393531,6.2232605609383,12.5972869206821,0.902964959568733,7.41547233503924,18.0436341502302
development,past_only_main,PINN_EQ,PINN_EQ_G,6,MJ1,371,1.23582380479792,1.6816371760723,0.857174010582548,0.77088948787062,3.14882567769273,5.42231872320777,0.865229110512129,4.0414740037322,7.25530801969791,0.897574123989218,4.81571330237503,9.92260919155897
development,past_only_main,PINN_EQ,PINN_EQ_G,7,ATU1,370,1.6683484985378,2.94439524801322,1.33706639935799,0.767567567567568,6.01106991388654,9.92746435495371,0.891891891891892,7.71512470940916,13.8675936081714,0.959459459459459,9.1931381120535,20.2295246354201
development,past_only_main,PINN_EQ,PINN_EQ_G,7,ATU5,370,2.00554318071731,6.15466802786688,2.1433266557527,0.875675675675676,11.0585555504254,19.8451709724902,0.943243243243243,14.1935023880462,30.9089442231189,0.959459459459459,16.9126012425874,49.4459858125822
development,past_only_main,PINN_EQ,PINN_EQ_G,7,MJ3,370,1.62178282857189,2.89506475607933,1.33697090094435,0.821621621621622,5.64766804769648,10.4574712399288,0.864864864864865,7.2487034636986,15.0254529894114,0.910810810810811,8.63736291829882,21.8315976352263
development,past_only_main,PINN_EQ,PINN_EQ_G,7,MJ1,370,1.4609940675743,1.9848331654957,1.01758617784691,0.772972972972973,3.68857128418815,6.4814635803698,0.864864864864865,4.73422998979185,8.74251046031196,0.897297297297297,5.64118297365994,12.1055054870226
development,past_only_main,PINN_NOEQ,PINN_NOEQ_G,1,ATU1,376,0.457142907529457,0.592726836887887,0.330406468306235,0.736702127659574,1.49373452229841,2.07466143406447,0.875,1.91718750361876,2.442855911152,0.933510638297872,2.28446981368628,2.83399538323386
development,past_only_main,PINN_NOEQ,PINN_NOEQ_G,1,ATU5,376,0.492556029180646,0.735338019431293,0.364374298765207,0.75,1.75354886233341,2.37928837300479,0.914893617021277,2.25065559887949,2.87164245701874,0.968085106382979,2.68182155732776,3.65020003542386
development,past_only_main,PINN_NOEQ,PINN_NOEQ_G,1,MJ3,376,0.360780160277798,0.439003688993783,0.244756636455296,0.773936170212766,1.04901353813549,1.50977949291334,0.867021276595745,1.34639429993603,1.77839835632058,0.920212765957447,1.60432776122183,2.01853398704444
development,past_only_main,PINN_NOEQ,PINN_NOEQ_G,1,MJ1,376,0.18968310759598,0.218444221572751,0.128073957291727,0.61968085106383,0.519352051302117,0.726354229685508,0.853723404255319,0.666581141341707,0.763169531895497,0.968085106382979,0.794280420091079,0.818197005202948
development,past_only_main,PINN_NOEQ,PINN_NOEQ_G,2,ATU1,375,0.656737435162141,0.881163489123053,0.473521951170314,0.709333333333333,1.98878909260413,3.03468768459778,0.834666666666667,2.55258316572014,3.70475684460146,0.901333333333333,3.04159044329499,4.4956202911652
development,past_only_main,PINN_NOEQ,PINN_NOEQ_G,2,ATU5,375,0.672065998187434,1.37811800716936,0.567953081559451,0.802666666666667,2.84061101495812,4.17262011929914,0.898666666666667,3.64588476681906,5.90169981718937,0.922666666666667,4.34433965287988,8.40745094762013
development,past_only_main,PINN_NOEQ,PINN_NOEQ_G,2,MJ3,375,0.485214934878328,0.630207170355207,0.356205453771141,0.826666666666667,1.72298941894836,2.52568283414411,0.885333333333333,2.2114329779246,3.25836506760895,0.925333333333333,2.63508492180519,4.17052557776548
development,past_only_main,PINN_NOEQ,PINN_NOEQ_G,2,MJ1,375,0.350235931913831,0.44804788414118,0.232400158343764,0.672,0.855443585721451,1.30305843766839,0.848,1.09794995570728,1.58497193975373,0.909333333333333,1.3082880657302,1.87308000132356
development,past_only_main,PINN_NOEQ,PINN_NOEQ_G,3,ATU1,374,0.98077591747515,1.34236692987683,0.711477750613105,0.711229946524064,3.00447678633896,4.60951401106939,0.850267379679144,3.85620420743745,5.73483401719875,0.933155080213904,4.59495072374134,7.28335049975758
development,past_only_main,PINN_NOEQ,PINN_NOEQ_G,3,ATU5,374,0.929470747359613,2.1835158594095,0.827721153674113,0.909090909090909,4.30406298607331,6.68593095149623,0.917112299465241,5.52420503677649,9.90928044946576,0.919786096256685,6.58249630112291,14.7150834915126
development,past_only_main,PINN_NOEQ,PINN_NOEQ_G,3,MJ3,374,0.676553750569941,0.981843380170596,0.525047334330592,0.839572192513369,2.51185217341929,3.84626565086694,0.911764705882353,3.22392736187631,5.1922094147672,0.922459893048128,3.84154639325679,7.00817348273687
development,past_only_main,PINN_NOEQ,PINN_NOEQ_G,3,MJ1,374,0.52602388860216,0.715637607201404,0.356133068297044,0.737967914438503,1.30361607014636,2.08750488394511,0.8475935828877,1.67317311201696,2.71143231317716,0.901069518716578,1.99370873232771,3.44405332332849
development,past_only_main,PINN_NOEQ,PINN_NOEQ_G,4,ATU1,373,1.34806453570083,1.84219563879047,0.973390036153558,0.710455764075067,4.16574525300773,6.25369697511086,0.89544235924933,5.34667614834043,7.89857866704288,0.962466487935657,6.37095758311858,10.419274919797
development,past_only_main,PINN_NOEQ,PINN_NOEQ_G,4,ATU5,373,1.24039087925363,3.08538169142984,1.13754788528783,0.914209115281501,6.00552805417276,9.58479451268936,0.93029490616622,7.70801180947181,14.3709780784929,0.941018766756032,9.18466256901769,21.7054648042952
development,past_only_main,PINN_NOEQ,PINN_NOEQ_G,4,MJ3,373,0.892625058324772,1.36841521921213,0.705023450001302,0.847184986595174,3.3147224333608,5.28097098375166,0.908847184986595,4.25440018446232,7.28953626537014,0.919571045576407,5.0694304956612,10.0402063700855
development,past_only_main,PINN_NOEQ,PINN_NOEQ_G,4,MJ1,373,0.712181253185992,0.988511762054301,0.487811971646539,0.769436997319035,1.79052852958507,2.95791126757552,0.857908847184987,2.29811848795684,3.94040342392769,0.892761394101877,2.73837707793432,5.16955556691557
development,past_only_main,PINN_NOEQ,PINN_NOEQ_G,5,ATU1,372,1.75038866802947,2.35651552394876,1.24561345423566,0.725806451612903,5.39626318605029,7.96501849523898,0.919354838709677,6.92602881709844,10.1453174906481,0.978494623655914,8.2528723619977,13.6844139300433
development,past_only_main,PINN_NOEQ,PINN_NOEQ_G,5,ATU5,372,1.58134167046019,4.06051768222764,1.48095900870565,0.92741935483871,7.84252436963245,12.7809905161426,0.935483870967742,10.0657710549192,19.3758795890803,0.970430107526882,11.9941059927817,29.7869699423715
development,past_only_main,PINN_NOEQ,PINN_NOEQ_G,5,MJ3,372,1.1081620258572,1.76465847427167,0.890516098231893,0.801075268817204,4.11086519552471,6.79605776737816,0.903225806451613,5.27623835713075,9.46817065906499,0.916666666666667,6.28702577808776,13.2462069513828
development,past_only_main,PINN_NOEQ,PINN_NOEQ_G,5,MJ1,372,0.906219230595447,1.26582919966375,0.625501309437532,0.774193548387097,2.2955203696826,3.88892907616708,0.870967741935484,2.94626849775557,5.24395097799982,0.881720430107527,3.51069545020143,7.05361126753325
development,past_only_main,PINN_NOEQ,PINN_NOEQ_G,6,ATU1,371,2.17220673788804,2.88076064468291,1.52519022186623,0.757412398921833,6.66541436103974,9.64877620377806,0.932614555256065,8.55496671507838,12.4411219814236,0.981132075471698,10.1938715857464,16.9815024061671
development,past_only_main,PINN_NOEQ,PINN_NOEQ_G,6,ATU5,371,1.94743940128458,5.09503592517574,1.85236776017873,0.921832884097035,9.77881694991106,16.2235183654563,0.970350404312669,12.5509756765195,24.8325894384296,0.970350404312669,14.9554099487919,38.7303814242567
development,past_only_main,PINN_NOEQ,PINN_NOEQ_G,6,MJ3,371,1.31534137096863,2.16648600417361,1.07910877198671,0.787061994609164,4.8863132459826,8.40301301568934,0.862533692722372,6.27151515488183,11.7499771524226,0.913746630727763,7.47297123017997,16.6346586213316
development,past_only_main,PINN_NOEQ,PINN_NOEQ_G,6,MJ1,371,1.11017050723212,1.55034302961636,0.770195015310303,0.776280323450135,2.81348831863312,4.87050296400666,0.867924528301887,3.6110731629614,6.62540019340535,0.886792452830189,4.30285906841503,9.07577457181781
development,past_only_main,PINN_NOEQ,PINN_NOEQ_G,7,ATU1,370,2.60103977812264,3.40730615586044,1.80680204312612,0.783783783783784,7.92607232108525,11.2967372395879,0.937837837837838,10.1730036896928,14.7626027241629,0.981081081081081,12.121881558145,20.2677964861269
development,past_only_main,PINN_NOEQ,PINN_NOEQ_G,7,ATU5,370,2.33639050429919,6.17763608983533,2.24684418533911,0.927027027027027,11.790311897989,19.8814955458224,0.967567567567568,15.1327014922377,30.6731894213112,0.97027027027027,18.0317260013899,48.1769701060286
development,past_only_main,PINN_NOEQ,PINN_NOEQ_G,7,MJ3,370,1.5151615587457,2.5735883538527,1.26982480338685,0.781081081081081,5.63805640614369,10.0836523456169,0.821621621621622,7.23636705532133,14.2812193883805,0.87027027027027,8.62266318105667,20.2829273160168
development,past_only_main,PINN_NOEQ,PINN_NOEQ_G,7,MJ1,370,1.32214644587223,1.84299187849186,0.922027456556275,0.786486486486486,3.34155689838151,5.90548647326065,0.872972972972973,4.28884184744594,8.07835268271743,0.894594594594595,5.11047026838594,11.2662712164151
development,past_only_main,RR_DIRECT,RR_DIRECT_G,1,ATU1,376,0.0013174324819029,0.00173939743888,0.0009384854664384,0.720744680851064,0.0041672943198838,0.0057189937728301,0.856382978723404,0.0053486643541468,0.0068491198950483,0.893617021276596,0.0063733266764638,0.0077533493975635
development,past_only_main,RR_DIRECT,RR_DIRECT_G,1,ATU5,376,0.0011344998104352,0.0014583777753024,0.0008409258630773,0.710106382978723,0.0041301652565278,0.0055552119039853,0.872340425531915,0.005301009717245,0.0064673267694793,0.946808510638298,0.0063165426742357,0.0071830489191241
development,past_only_main,RR_DIRECT,RR_DIRECT_G,1,MJ3,376,0.0002105430941358,0.0002575621698678,0.0002231647977085,0.747340425531915,0.0016647452882263,0.0018745182812412,0.906914893617021,0.0021366774454591,0.0022880262562372,0.970744680851064,0.0025460082107368,0.0026914121862563
development,past_only_main,RR_DIRECT,RR_DIRECT_G,1,MJ1,376,0.000174700204237,0.0002149399265183,0.0001265957629693,0.86968085106383,0.0006792205350899,0.0008421022319754,0.938829787234043,0.0008717701188805,0.0010697445148336,0.957446808510638,0.001038778167132,0.0013220323356258
development,past_only_main,RR_DIRECT,RR_DIRECT_G,2,ATU1,375,0.0051337600375425,0.006897877269182,0.0037297990448428,0.714666666666667,0.0164232678305725,0.02361629045806,0.84,0.0210790360558221,0.0282963436501717,0.893333333333333,0.0251172206579883,0.0330581410002745
development,past_only_main,RR_DIRECT,RR_DIRECT_G,2,ATU5,375,0.004143973416566,0.0055469288252142,0.0031595868064705,0.682666666666667,0.0151428504036545,0.0210914559306736,0.818666666666667,0.0194356380800576,0.0241508913680106,0.938666666666667,0.0231589911888144,0.0270482786653611
development,past_only_main,RR_DIRECT,RR_DIRECT_G,2,MJ3,375,0.0007625277599636,0.0009520692096406,0.0006926082608554,0.746666666666667,0.0046889178750692,0.0054637681331999,0.904,0.0060181609391766,0.0065868859827593,0.968,0.00717108106196,0.0077190729165061
development,past_only_main,RR_DIRECT,RR_DIRECT_G,2,MJ1,375,0.0005532963207697,0.0007107128214256,0.0004066180901603,0.882666666666667,0.0021657828595531,0.0027942217270992,0.936,0.002779752206238,0.0036421187495167,0.949333333333333,0.0033122790507823,0.0045635733363942
development,past_only_main,RR_DIRECT,RR_DIRECT_G,3,ATU1,374,0.0131165429623887,0.0176926846908145,0.009624069783903,0.727272727272727,0.0420043939608851,0.0624200975487836,0.836898395721925,0.0539120559890237,0.0753101238468571,0.874331550802139,0.0642401769614161,0.0879695171893993
development,past_only_main,RR_DIRECT,RR_DIRECT_G,3,ATU5,374,0.010474601141549,0.0144601188814178,0.0081454340156171,0.695187165775401,0.0387720235642307,0.0554629463998568,0.810160427807487,0.0497633534993727,0.0659735975652316,0.919786096256685,0.059296693037344,0.0758884561213323
development,past_only_main,RR_DIRECT,RR_DIRECT_G,3,MJ3,374,0.001851132562025,0.0023379065947135,0.0015633645608155,0.748663101604278,0.0098718145867676,0.0118282140737317,0.898395721925134,0.0126703368512141,0.0141992625817498,0.957219251336898,0.0150976375608579,0.0165598921569296
development,past_only_main,RR_DIRECT,RR_DIRECT_G,3,MJ1,374,0.0012572520212735,0.0016463942914778,0.0009318733190547,0.885026737967914,0.0049207054901107,0.0064495260443233,0.93048128342246,0.0063156571223348,0.0084289588310075,0.949197860962567,0.0075255696285925,0.0106083883562087
development,past_only_main,RR_DIRECT,RR_DIRECT_G,4,ATU1,373,0.0270475236087058,0.0364736391692222,0.0199510243305111,0.729222520107239,0.0862957310146828,0.130931004673597,0.82573726541555,0.11075937166025,0.159475333532617,0.857908847184987,0.131977931560219,0.186787628651858
development,past_only_main,RR_DIRECT,RR_DIRECT_G,4,ATU5,373,0.0215822651552352,0.0306818633996897,0.017086780174134,0.697050938337802,0.0813034450792286,0.118290530889466,0.801608579088472,0.104351842030939,0.145842380291965,0.906166219839142,0.124342889087409,0.173633459038982
development,past_only_main,RR_DIRECT,RR_DIRECT_G,4,MJ3,373,0.0036790837397123,0.0046809251713405,0.0030024020281605,0.756032171581769,0.0181154051089137,0.0221586233725374,0.887399463806971,0.0232508707399538,0.0266096757271436,0.954423592493298,0.0277051213024826,0.0309198210688431
development,past_only_main,RR_DIRECT,RR_DIRECT_G,4,MJ1,373,0.0024138567077407,0.0031597590940562,0.0017848289073925,0.876675603217158,0.0093939569001896,0.0123361493583183,0.93029490616622,0.0120570131504168,0.0160883980841771,0.949061662198391,0.0143668172953116,0.0203181939668537
development,past_only_main,RR_DIRECT,RR_DIRECT_G,5,ATU1,372,0.0488873273286248,0.0657853780577393,0.0361684793767397,0.723118279569892,0.154884317412176,0.238716484287327,0.817204301075269,0.198791869248786,0.292124088722118,0.852150537634409,0.236875122359146,0.343243333910769
development,past_only_main,RR_DIRECT,RR_DIRECT_G,5,ATU5,372,0.0383657605189685,0.0550120850025626,0.030604279632495,0.690860215053763,0.145390306953779,0.213428680258907,0.803763440860215,0.186606438746672,0.265417542629596,0.889784946236559,0.222355286351291,0.320621021607057
development,past_only_main,RR_DIRECT,RR_DIRECT_G,5,MJ3,372,0.0064605934801689,0.0082555129775639,0.0051851211659494,0.763440860215054,0.0304351532826764,0.0378396206257248,0.876344086021505,0.0390630963355485,0.0453790055409018,0.956989247311828,0.0465465502144334,0.052587532544778
development,past_only_main,RR_DIRECT,RR_DIRECT_G,5,MJ1,372,0.0041436893376079,0.0053847929138778,0.0030452697195188,0.881720430107527,0.0160465226380755,0.0210082690198471,0.932795698924731,0.0205954888362022,0.0272770160804728,0.948924731182796,0.0245410386076423,0.0343778220456709
development,past_only_main,RR_DIRECT,RR_DIRECT_G,6,ATU1,371,0.0806844750142003,0.108148871089,0.0597503981039556,0.700808625336927,0.253329994928404,0.39549992926905,0.808625336927224,0.325145528417743,0.483487772881914,0.851752021563342,0.387434793583505,0.571243695971643
development,past_only_main,RR_DIRECT,RR_DIRECT_G,6,ATU5,371,0.0606227174935999,0.0847319012544441,0.047821172522033,0.681940700808625,0.226338686919355,0.331644508791395,0.803234501347709,0.29050255963796,0.405034269088201,0.876010781671159,0.346155150207721,0.473897214432206
development,past_only_main,RR_DIRECT,RR_DIRECT_G,6,MJ3,371,0.0104138346602754,0.0133286561431678,0.0082898851584908,0.765498652291105,0.0479567843775376,0.0602387381556626,0.873315363881402,0.0615518663790936,0.0721015212545937,0.956873315363881,0.0733435725268013,0.083112191551613
development,past_only_main,RR_DIRECT,RR_DIRECT_G,6,MJ1,371,0.0065352385098871,0.008452390636113,0.0047915653306244,0.873315363881402,0.0253535487462432,0.0329834402672785,0.93800539083558,0.03254092752299,0.0426289895359605,0.951482479784367,0.0387749067294139,0.0538686833158145
development,past_only_main,RR_DIRECT,RR_DIRECT_G,7,ATU1,370,0.124335339098142,0.165980701720304,0.0921321828807892,0.7,0.388010926610228,0.612048593162144,0.797297297297297,0.498006632811865,0.747140759010361,0.843243243243243,0.593411503844476,0.886418340987185
development,past_only_main,RR_DIRECT,RR_DIRECT_G,7,ATU5,370,0.087671441674325,0.118441211218471,0.0675621366024361,0.675675675675676,0.321189518453839,0.461885891641053,0.816216216216216,0.412242283940481,0.551332641515354,0.872972972972973,0.49121697893894,0.629908548092807
development,past_only_main,RR_DIRECT,RR_DIRECT_G,7,MJ3,370,0.0157431724276697,0.0201442200518587,0.0124950385410636,0.764864864864865,0.0719136009036017,0.090741198471004,0.859459459459459,0.0923001075053324,0.10843029198564,0.956756756756757,0.109982361661512,0.123956414526111
development,past_only_main,RR_DIRECT,RR_DIRECT_G,7,MJ1,370,0.0096891299915593,0.0124909676346081,0.0071016553840811,0.875675675675676,0.0378204242021559,0.0488374585936944,0.937837837837838,0.0485419889408217,0.063223811874186,0.951351351351351,0.0578413474020064,0.0796187758766638
development,past_only_main,RR_BRES,RR_BRES_G,1,ATU1,376,0.0107728673234562,0.0182382989836966,0.0091610120950903,0.773936170212766,0.0398988930602515,0.0707892361450259,0.845744680851064,0.0512096748394289,0.0958855152766891,0.888297872340426,0.0610200912109808,0.127995967329998
development,past_only_main,RR_BRES,RR_BRES_G,1,ATU5,376,0.0042888129460137,0.0089442204516134,0.0038688608965756,0.811170212765957,0.0193924152738128,0.0313321763679678,0.877659574468085,0.0248898955423031,0.0429247329164396,0.933510638297872,0.0296581398141217,0.0601439261296318
development,past_only_main,RR_BRES,RR_BRES_G,1,MJ3,376,0.0004752682020989,0.0007638573825595,0.0004427587819755,0.904255319148936,0.0027972447006381,0.00371858615833,0.930851063829787,0.0035902247049587,0.0049791672808812,0.944148936170213,0.004278016598436,0.006512422897619
development,past_only_main,RR_BRES,RR_BRES_G,1,MJ1,376,0.0003901061261255,0.0005997319847345,0.000286974377763,0.795212765957447,0.0012295424671986,0.0019951435405796,0.859042553191489,0.0015781006718945,0.0025867123566801,0.906914893617021,0.0018804229325978,0.0033594075106934
development,past_only_main,RR_BRES,RR_BRES_G,2,ATU1,375,0.0175269939888852,0.0283286660322458,0.014510552503643,0.765333333333333,0.0621154917095237,0.110779116445718,0.824,0.0797243705015265,0.148383585764647,0.866666666666667,0.0949974467714307,0.196001318307165
development,past_only_main,RR_BRES,RR_BRES_G,2,ATU5,375,0.0088774984312358,0.0185338131702469,0.0080131376971696,0.794666666666667,0.0409152064554158,0.0645621870749698,0.885333333333333,0.0525140989602417,0.090707988993095,0.941333333333333,0.0625744084191883,0.129822106161563
development,past_only_main,RR_BRES,RR_BRES_G,2,MJ3,375,0.0010448881547296,0.0016480572386441,0.0010070723396518,0.864,0.0064226159809744,0.0083561172262925,0.92,0.0082433383680181,0.0111068203441585,0.944,0.009822543507186,0.0145032300936934
development,past_only_main,RR_BRES,RR_BRES_G,2,MJ1,375,0.0008762816445848,0.0012380173624308,0.0006380596254572,0.797333333333333,0.0028563011683927,0.004346281721635,0.874666666666667,0.0036660228607288,0.0055457859108755,0.917333333333333,0.004368335671818,0.0070172725363766
development,past_only_main,RR_BRES,RR_BRES_G,3,ATU1,374,0.0249252780637724,0.037771799577534,0.0198514254483884,0.740641711229946,0.0836979823044087,0.145924051936386,0.820855614973262,0.10742519728687,0.18922456896896,0.871657754010695,0.128005017750183,0.238556622586607
development,past_only_main,RR_BRES,RR_BRES_G,3,ATU5,374,0.0166206055603152,0.0333709596839491,0.0149090387375602,0.770053475935829,0.0756569129421971,0.119359953049125,0.855614973262032,0.0971045964927933,0.165881078868517,0.946524064171123,0.115707263394551,0.2365751738663
development,past_only_main,RR_BRES,RR_BRES_G,3,MJ3,374,0.0021177520123238,0.0030660122470187,0.001937384972006,0.839572192513369,0.0120189790747674,0.0155013134672847,0.893048128342246,0.0154261926362594,0.0200569143494152,0.935828877005348,0.0183814422695423,0.0252135093636203
development,past_only_main,RR_BRES,RR_BRES_G,3,MJ1,374,0.0016677707355321,0.002221257922963,0.0012033598207356,0.823529411764706,0.0056411683738771,0.0079619936152028,0.914438502673797,0.0072403612226598,0.0102370241228726,0.941176470588235,0.008627422525001,0.0131177563340713
development,past_only_main,RR_BRES,RR_BRES_G,4,ATU1,373,0.036899064324537,0.052722424765102,0.0284129760390947,0.697050938337802,0.118013159849083,0.197828978402991,0.796246648793566,0.151468250848946,0.246981601422293,0.86058981233244,0.180485553000496,0.294951096246239
development,past_only_main,RR_BRES,RR_BRES_G,4,ATU5,373,0.0292980669619716,0.0563978737702618,0.0261174301759489,0.742627345844504,0.130867824909324,0.2063371586206,0.82573726541555,0.167967034835519,0.285266370995542,0.93029490616622,0.200145066693723,0.402511411415644
development,past_only_main,RR_BRES,RR_BRES_G,4,MJ3,373,0.0039116956789467,0.0053252127221502,0.0033976201599324,0.806970509383378,0.0204848502250092,0.0262644650909805,0.879356568364611,0.0262920206225546,0.0329599918628305,0.932975871313673,0.0313288748960103,0.0400683111588807
development,past_only_main,RR_BRES,RR_BRES_G,4,MJ1,373,0.0028477311553958,0.0037288031805025,0.0020711989631512,0.857908847184987,0.0100435519794315,0.0138033489910932,0.922252010723861,0.012890759408369,0.0179085411930404,0.943699731903485,0.0153602872375872,0.0227463598776073
development,past_only_main,RR_BRES,RR_BRES_G,5,ATU1,372,0.0573447002169741,0.0785269857084551,0.0429397355864757,0.690860215053763,0.176352332719928,0.282858944335919,0.798387096774194,0.226345768593757,0.346163718233248,0.854838709677419,0.269707618494304,0.404251366652341
development,past_only_main,RR_BRES,RR_BRES_G,5,ATU5,372,0.0479913278774802,0.0878029424690013,0.0422705904549871,0.728494623655914,0.208814252967086,0.328042526109284,0.81989247311828,0.268010192165867,0.448963437086615,0.908602150537634,0.319353841294867,0.622104146961766
development,past_only_main,RR_BRES,RR_BRES_G,5,MJ3,372,0.0066051505434698,0.0087335934546516,0.0055586294330781,0.787634408602151,0.0328451733937454,0.0421684102874561,0.85752688172043,0.0421563236603764,0.0515859686046758,0.935483870967742,0.0502323579077799,0.0611396228423033
development,past_only_main,RR_BRES,RR_BRES_G,5,MJ1,372,0.0045363687857542,0.0059163360628073,0.0033269595069662,0.85752688172043,0.0165230672911431,0.0224209641565057,0.924731182795699,0.0212071272767334,0.0291881086726984,0.940860215053763,0.0252698507617329,0.0366487161508051
development,past_only_main,RR_BRES,RR_BRES_G,6,ATU1,371,0.0884865065050578,0.11839832933774,0.0651469296804844,0.69811320754717,0.266249305093845,0.420872795110872,0.803234501347709,0.341727283498589,0.512323521231444,0.849056603773585,0.407193173433482,0.595328653576167
development,past_only_main,RR_BRES,RR_BRES_G,6,ATU5,371,0.0723235892393667,0.122543835428949,0.0621901287280685,0.735849056603774,0.302369416367208,0.46843599715882,0.797843665768194,0.388086944421512,0.629689597395518,0.894878706199461,0.462434116612618,0.848128948052229
development,past_only_main,RR_BRES,RR_BRES_G,6,MJ3,371,0.0104030975066741,0.0135825059666366,0.0085989134184873,0.765498652291105,0.0502675110872703,0.0646449797497413,0.857142857142857,0.0645176520030022,0.0782150256367608,0.93800539083558,0.0768775240671968,0.0902077718875578
development,past_only_main,RR_BRES,RR_BRES_G,6,MJ1,371,0.0068410906730021,0.0089236831508269,0.0050513083705217,0.849056603773585,0.0255602581409769,0.0342984736371149,0.921832884097035,0.0328062361588549,0.0443432018887188,0.946091644204852,0.0390910414678292,0.0559622296375161
development,past_only_main,RR_BRES,RR_BRES_G,7,ATU1,370,0.131465892156561,0.174377503196403,0.096346689068304,0.694594594594595,0.393726995429074,0.625247750569851,0.797297297297297,0.505343127714885,0.752678553274817,0.862162162162162,0.602153476714936,0.887919809167337
development,past_only_main,RR_BRES,RR_BRES_G,7,ATU5,370,0.100855302371348,0.154194051394826,0.0836327672630385,0.708108108108108,0.400621450545569,0.607403332039936,0.797297297297297,0.51419206505702,0.785959873316983,0.872972972972973,0.612697635908093,1.00600049918413
development,past_only_main,RR_BRES,RR_BRES_G,7,MJ3,370,0.0155037327801309,0.0201274944974735,0.0127007524190459,0.748648648648649,0.0740366606653731,0.0953782890856818,0.854054054054054,0.0950250252092406,0.113806401990953,0.92972972972973,0.113229301372734,0.128208561784471
development,past_only_main,RR_BRES,RR_BRES_G,7,MJ1,370,0.0099266617219421,0.0128797452028831,0.0073213706522489,0.856756756756757,0.0376790574646649,0.0498518061037166,0.932432432432432,0.0483605466975866,0.0641260118657402,0.948648648648649,0.0576251456341424,0.0810776556484432
development,past_only_main,C16_CORE_RULES,C16_CORE_RULES_G,1,ATU1,376,5.53121011457939e-05,0.0001163440622018,0.0001869815259725,0.952127659574468,0.0018460892114743,0.0019560991183877,0.960106382978723,0.0023694298511339,0.0025596721931157,0.962765957446808,0.0028233498081687,0.0031609082161549
development,past_only_main,C16_CORE_RULES,C16_CORE_RULES_G,1,ATU5,376,3.65390046098016e-05,6.91540880378297e-05,0.0002704229786273,0.954787234042553,0.0028455399197456,0.00290789538181,0.960106382978723,0.0036522109476354,0.0037600537404162,0.962765957446808,0.0043518777622593,0.0045404827485702
development,past_only_main,C16_CORE_RULES,C16_CORE_RULES_G,1,MJ3,376,2.77934834733234e-05,5.83182657037832e-05,0.0001094903780053,0.944148936170213,0.0010924024061199,0.0011539018776438,0.957446808510638,0.0014020833091005,0.00150885394147,0.960106382978723,0.0016706853084772,0.0018608239371469
development,past_only_main,C16_CORE_RULES,C16_CORE_RULES_G,1,MJ1,376,4.18393030448089e-05,8.98806904029538e-05,0.0001774649039443,0.944148936170213,0.0017667082170627,0.0018697499595877,0.954787234042553,0.0022675454478227,0.0024459787780155,0.962765957446808,0.0027019470536582,0.0030192698340223
development,past_only_main,C16_CORE_RULES,C16_CORE_RULES_G,2,ATU1,375,0.0002549438892622,0.0005053340598199,0.0006266585359091,0.938666666666667,0.0059164933360416,0.0064076127307562,0.949333333333333,0.0075937369859066,0.0084300346371404,0.954666666666667,0.0090484957181443,0.0105104705528244
development,past_only_main,C16_CORE_RULES,C16_CORE_RULES_G,2,ATU5,375,0.0001700763226408,0.0002985859423166,0.0008792683591063,0.938666666666667,0.0090797762589093,0.0093457155995856,0.946666666666667,0.0116537666629289,0.0120931522062456,0.957333333333333,0.0138863194689899,0.0146359913183975
development,past_only_main,C16_CORE_RULES,C16_CORE_RULES_G,2,MJ3,375,0.0001267510267116,0.0002540029413443,0.0003502830242889,0.936,0.0033430905586804,0.0036255955850695,0.944,0.0042908102791443,0.0047729414097132,0.944,0.0051128157994268,0.005944203966319
development,past_only_main,C16_CORE_RULES,C16_CORE_RULES_G,2,MJ1,375,0.0001884258102248,0.0003860111034399,0.0005877949799951,0.938666666666667,0.0056168894417915,0.0060888135770819,0.944,0.0072091995506925,0.0080202351681121,0.952,0.0085902911026223,0.0100167812349603
development,past_only_main,C16_CORE_RULES,C16_CORE_RULES_G,3,ATU1,374,0.0007054529084259,0.0013222870004592,0.0013918215129886,0.925133689839572,0.0126196200092093,0.0139102158924756,0.951871657754011,0.0161971069295845,0.0183119867679754,0.951871657754011,0.0193000433081507,0.0229313741995889
development,past_only_main,C16_CORE_RULES,C16_CORE_RULES_G,3,ATU5,374,0.0004735209718623,0.0007868459712516,0.0019023297072482,0.933155080213904,0.0192838841152136,0.0199672990013727,0.946524064171123,0.0247505973082992,0.025859593406169,0.954545454545455,0.0294921557306127,0.0313572584464638
development,past_only_main,C16_CORE_RULES,C16_CORE_RULES_G,3,MJ3,374,0.0003528732016222,0.0006669632069747,0.0007480748636925,0.935828877005348,0.0068314934372157,0.0075885033254957,0.941176470588235,0.0087681269016409,0.0100507719548453,0.946524064171123,0.0104478676141838,0.0126365642813166
development,past_only_main,C16_CORE_RULES,C16_CORE_RULES_G,3,MJ1,374,0.0005163904320242,0.0010100158788092,0.0012938951034369,0.922459893048128,0.0119134489611958,0.0131842522568494,0.943850267379679,0.0152907462018546,0.0174242306249712,0.949197860962567,0.0182200478883469,0.0219668251136762
development,past_only_main,C16_CORE_RULES,C16_CORE_RULES_G,4,ATU1,373,0.0015473476904,0.0027147412472405,0.0025692406316378,0.919571045576407,0.0223832091711413,0.0250514825393331,0.938337801608579,0.0287285379518227,0.0329808337988337,0.954423592493298,0.0342321643649381,0.0412959600454808
development,past_only_main,C16_CORE_RULES,C16_CORE_RULES_G,4,ATU5,373,0.0010407890431884,0.0016406016960197,0.0034249617996979,0.914209115281501,0.0340710926128028,0.0354811781301208,0.951742627345844,0.0437297739436328,0.0459534264727124,0.957104557640751,0.0521072395605491,0.0557804800861268
development,past_only_main,C16_CORE_RULES,C16_CORE_RULES_G,4,MJ3,373,0.0007636336297821,0.0013676286484929,0.0013303433550632,0.93029490616622,0.0116447304508792,0.0131809100314409,0.943699731903485,0.0149458497277563,0.0175374050550102,0.946380697050938,0.0178090783913833,0.022230916664393
development,past_only_main,C16_CORE_RULES,C16_CORE_RULES_G,4,MJ1,373,0.0011075985997109,0.0020895947613512,0.0023705785520563,0.900804289544236,0.0210588826253676,0.0237253400579565,0.941018766756032,0.027028783232127,0.0314140167821345,0.949061662198391,0.0322067816934581,0.0397340179492474
development,past_only_main,C16_CORE_RULES,C16_CORE_RULES_G,5,ATU1,372,0.0029033640522251,0.0048487030085181,0.0042536199048906,0.903225806451613,0.0356467008690466,0.0405318935270673,0.92741935483871,0.0457520452471171,0.0532810545920334,0.946236559139785,0.0545169244448784,0.0665337035899974
development,past_only_main,C16_CORE_RULES,C16_CORE_RULES_G,5,ATU5,372,0.0019763432274898,0.0029764374182431,0.0055389809103525,0.913978494623656,0.0540757758933633,0.0566631696137193,0.946236559139785,0.0694055069650049,0.0733049346198242,0.956989247311828,0.0827017624858662,0.0890922990916917
development,past_only_main,C16_CORE_RULES,C16_CORE_RULES_G,5,MJ3,372,0.0014189732597919,0.0024467907814516,0.0021279405170503,0.905913978494624,0.0178806275915596,0.0205410580843813,0.938172043010753,0.0229495370587318,0.0272517627526377,0.948924731182796,0.0273460600748573,0.0345736871373369
development,past_only_main,C16_CORE_RULES,C16_CORE_RULES_G,5,MJ1,372,0.0020566407961727,0.0037661783142305,0.0039010453733024,0.889784946236559,0.0334870821331327,0.0384019824294996,0.935483870967742,0.042980204607929,0.0508523560772409,0.938172043010753,0.0512140726076734,0.0644093188759579
development,past_only_main,C16_CORE_RULES,C16_CORE_RULES_G,6,ATU1,371,0.0049106241562935,0.0078952468710024,0.0065395751294958,0.889487870619946,0.0528536665554613,0.0609659121809649,0.924528301886792,0.0678369466112684,0.0800474174287073,0.946091644204852,0.080832707543508,0.0999587657048667
development,past_only_main,C16_CORE_RULES,C16_CORE_RULES_G,6,ATU5,371,0.0033708696265216,0.0049145358398247,0.0083382559201297,0.902964959568733,0.0799444805838516,0.0842865160346251,0.93800539083558,0.102607629984219,0.108866815488109,0.956873315363881,0.122264532243402,0.132360985455463
development,past_only_main,C16_CORE_RULES,C16_CORE_RULES_G,6,MJ3,371,0.0023898888143629,0.0040187760534787,0.0031862853832323,0.902964959568733,0.0256600974278472,0.0300792694596937,0.929919137466307,0.0329343784962519,0.0399519962164471,0.943396226415094,0.039243732480615,0.0507976685029403
development,past_only_main,C16_CORE_RULES,C16_CORE_RULES_G,6,MJ1,371,0.0034722206640984,0.0061902828482446,0.0059772041731969,0.886792452830189,0.0496530529430826,0.057885768301617,0.913746630727763,0.0637290035129696,0.0767196501241552,0.93800539083558,0.0759377914298383,0.097203242741781
development,past_only_main,C16_CORE_RULES,C16_CORE_RULES_G,7,ATU1,370,0.0077503542385552,0.0120171122811292,0.0095180044587383,0.878378378378378,0.0744034532159426,0.0869610322218471,0.921621621621622,0.0954957983512351,0.113996163804745,0.943243243243243,0.11379026217075,0.142541157727643
development,past_only_main,C16_CORE_RULES,C16_CORE_RULES_G,7,ATU5,370,0.0053364962572831,0.0075745095061256,0.011916363843863,0.894594594594595,0.112317084557084,0.119090260903749,0.927027027027027,0.144157417359817,0.153611369737838,0.956756756756757,0.171774157590679,0.186471940949179
development,past_only_main,C16_CORE_RULES,C16_CORE_RULES_G,7,MJ3,370,0.0038044039162348,0.0062040545668478,0.0045572848020272,0.9,0.0351037855890612,0.0419735154566076,0.924324324324324,0.045055221029174,0.0558671765113497,0.940540540540541,0.0536866071763118,0.0711659022428132
development,past_only_main,C16_CORE_RULES,C16_CORE_RULES_G,7,MJ1,370,0.0054792785169481,0.0095124369741693,0.0086908594220149,0.883783783783784,0.0700040882996168,0.0827836184242955,0.908108108108108,0.0898492746112197,0.109939889773526,0.932432432432432,0.107062014144951,0.13907745208883
development,past_only_main,C16_PHYS_RULES,C16_PHYS_RULES_G,1,ATU1,376,5.57865082384676e-05,0.0001164905652413,0.0001870455939731,0.952127659574468,0.001846851525656,0.0019568627472519,0.960106382978723,0.0023704082707946,0.0025606261232892,0.962765957446808,0.0028245156671032,0.0031620409482929
development,past_only_main,C16_PHYS_RULES,C16_PHYS_RULES_G,1,ATU5,376,3.70307033323149e-05,6.95015756098706e-05,0.0002705121532055,0.954787234042553,0.0028464487953627,0.0029086469776072,0.960106382978723,0.0036533774768426,0.0037608786276928,0.962765957446808,0.0043532677675539,0.0045410239484624
development,past_only_main,C16_PHYS_RULES,C16_PHYS_RULES_G,1,MJ3,376,2.78602958539349e-05,5.84826760071681e-05,0.0001096038593619,0.936170212765957,0.0010928747520917,0.0011547652506852,0.954787234042553,0.001402689558584,0.0015093612799698,0.957446808510638,0.0016714076993057,0.0018602026935004
development,past_only_main,C16_PHYS_RULES,C16_PHYS_RULES_G,1,MJ1,376,4.2548564611847e-05,9.04980521608165e-05,0.0001775707656262,0.944148936170213,0.0017676735829172,0.0018709403573925,0.954787234042553,0.0022687844814777,0.0024471569798271,0.962765957446808,0.0027034234533209,0.0030212515457968
development,past_only_main,C16_PHYS_RULES,C16_PHYS_RULES_G,2,ATU1,375,0.0002577397910871,0.000506518427385,0.0006271208786607,0.938666666666667,0.0059221755674722,0.0064125066792864,0.952,0.0076010300509897,0.0084349560744109,0.954666666666667,0.0090571859411972,0.0105138361113153
development,past_only_main,C16_PHYS_RULES,C16_PHYS_RULES_G,2,ATU5,375,0.0001754255176356,0.000303433123045,0.000880581176214,0.938666666666667,0.0090910665535072,0.009353856899958,0.949333333333333,0.0116682575991769,0.0121019147927357,0.96,0.0139035864845264,0.0146421949125755
development,past_only_main,C16_PHYS_RULES,C16_PHYS_RULES_G,2,MJ3,375,0.0001272052636298,0.0002556588944848,0.0003511066028602,0.928,0.0033479895774047,0.0036356624075621,0.944,0.0042970981015823,0.0047845447795383,0.944,0.0051203082019856,0.0059604831448935
development,past_only_main,C16_PHYS_RULES,C16_PHYS_RULES_G,2,MJ1,375,0.0001941105181625,0.0003922619263598,0.0005887400478916,0.941333333333333,0.0056257798202223,0.006104058789635,0.946666666666667,0.0072206102278851,0.0080445573140708,0.952,0.0086038877631247,0.0100595122544673
development,past_only_main,C16_PHYS_RULES,C16_PHYS_RULES_G,3,ATU1,374,0.0007155572011362,0.0013296104237839,0.0013936602618088,0.925133689839572,0.0126417470816764,0.0139258214848655,0.951871657754011,0.0162255067196324,0.0183295206007243,0.951871657754011,0.0193338837452231,0.0229386566697134
development,past_only_main,C16_PHYS_RULES,C16_PHYS_RULES_G,3,ATU5,374,0.0004979621539592,0.0008134723932266,0.001911418524753,0.935828877005348,0.0193479761821715,0.0200155474120246,0.949197860962567,0.0248328585856789,0.0259126597397121,0.957219251336898,0.0295901760883804,0.03139654037826
development,past_only_main,C16_PHYS_RULES,C16_PHYS_RULES_G,3,MJ3,374,0.0003548148002606,0.0006726070687299,0.0007504407952169,0.927807486631016,0.0068476975149562,0.0076235506416911,0.941176470588235,0.0087889246102631,0.0100946493658267,0.946524064171123,0.010472649612531,0.0127001134129742
development,past_only_main,C16_PHYS_RULES,C16_PHYS_RULES_G,3,MJ1,374,0.0005389315937734,0.0010336218840486,0.0012965985634761,0.925133689839572,0.0119435940014726,0.0132347615407152,0.946524064171123,0.0153294369421623,0.0175138723508812,0.949197860962567,0.0182661507489962,0.0221186305777859
development,past_only_main,C16_PHYS_RULES,C16_PHYS_RULES_G,4,ATU1,373,0.0015739136302451,0.0027425923871295,0.0025766995536842,0.916890080428954,0.022459804341028,0.0251138768309025,0.938337801608579,0.0288268467880673,0.0330369628034876,0.957104557640751,0.0343493065685021,0.0413255920627872
development,past_only_main,C16_PHYS_RULES,C16_PHYS_RULES_G,4,ATU5,373,0.0011112321421275,0.0017376190574304,0.0034639522407072,0.914209115281501,0.0343114388635572,0.0357102222609751,0.951742627345844,0.0440382550168036,0.0461711205233892,0.962466487935657,0.0524748174309522,0.0559895562138842
development,past_only_main,C16_PHYS_RULES,C16_PHYS_RULES_G,4,MJ3,373,0.0007685343724246,0.0013808064719812,0.0013345593481736,0.924932975871314,0.0116805129770054,0.013265743773016,0.941018766756032,0.0149917761028426,0.0176444273731271,0.946380697050938,0.017863803042637,0.022389957039284
development,past_only_main,C16_PHYS_RULES,C16_PHYS_RULES_G,4,MJ1,373,0.0011652436862836,0.0021487841851935,0.0023750290507823,0.903485254691689,0.0211297086143074,0.0238435490733413,0.941018766756032,0.0271196874047884,0.0316188199429158,0.949061662198391,0.032315100696146,0.0401047208296887
development,past_only_main,C16_PHYS_RULES,C16_PHYS_RULES_G,5,ATU1,372,0.0029710360229753,0.0049307103009475,0.0042823921682831,0.905913978494624,0.0358941267429744,0.0407287386548162,0.92741935483871,0.0460696129182684,0.0534554003933884,0.954301075268817,0.0548953296645949,0.0667005434476551
development,past_only_main,C16_PHYS_RULES,C16_PHYS_RULES_G,5,ATU5,372,0.0021355911856572,0.0032390148164643,0.0056491032260705,0.911290322580645,0.054729836329473,0.0575438102437251,0.943548387096774,0.0702449844464339,0.0743218004582737,0.954301075268817,0.0837020616021409,0.0901063176058876
development,past_only_main,C16_PHYS_RULES,C16_PHYS_RULES_G,5,MJ3,372,0.0014276819809504,0.0024716564177649,0.002133193544233,0.922043010752688,0.0179442686854509,0.0206811472492406,0.935483870967742,0.023031219518426,0.0274943740767153,0.943548387096774,0.0274433907288241,0.0349399772630748
development,past_only_main,C16_PHYS_RULES,C16_PHYS_RULES_G,5,MJ1,372,0.0021687411216588,0.0038818246120883,0.0039059530126624,0.895161290322581,0.0336232444582112,0.0386739334389211,0.93010752688172,0.0431549670601514,0.0512791926433021,0.940860215053763,0.0514223149136143,0.0651126802534741
development,past_only_main,C16_PHYS_RULES,C16_PHYS_RULES_G,6,ATU1,371,0.0050771543803745,0.0081215114955038,0.006637451512175,0.897574123989218,0.0535641522310939,0.0614988876674653,0.92722371967655,0.0687488451035907,0.0805988335218945,0.943396226415094,0.0819193016168239,0.100557915447995
development,past_only_main,C16_PHYS_RULES,C16_PHYS_RULES_G,6,ATU5,371,0.0036607948465133,0.005433261183029,0.0085541005531698,0.900269541778976,0.0812329937335995,0.086101540530792,0.935309973045822,0.10426141870777,0.111050456101417,0.954177897574124,0.12423514305222,0.134816802881991
development,past_only_main,C16_PHYS_RULES,C16_PHYS_RULES_G,6,MJ3,371,0.0024042774545516,0.0040593602557214,0.0031905072356693,0.924528301886792,0.0257584467823645,0.0302519509820258,0.932614555256065,0.0330606085261826,0.0403775526152848,0.943396226415094,0.0393941448385353,0.0514990849800832
development,past_only_main,C16_PHYS_RULES,C16_PHYS_RULES_G,6,MJ1,371,0.003676013995476,0.0063817267174325,0.0059792756956938,0.889487870619946,0.0498821284077442,0.0583706172543442,0.91644204851752,0.0640230186888165,0.0775522426745155,0.93800539083558,0.0762881321204072,0.0985184801722359
development,past_only_main,C16_PHYS_RULES,C16_PHYS_RULES_G,7,ATU1,370,0.0080758839965793,0.0125411733570889,0.0097759163356543,0.894594594594595,0.0760506832009324,0.088119399158676,0.927027027027027,0.0976099951483649,0.115468721390854,0.940540540540541,0.116309483036798,0.143889663517233
development,past_only_main,C16_PHYS_RULES,C16_PHYS_RULES_G,7,ATU5,370,0.0058078416624858,0.0084604887763061,0.0122776960757227,0.891891891891892,0.114516622637939,0.122183505708099,0.927027027027027,0.14698049392355,0.157341582378951,0.954054054054054,0.175138060797536,0.190759739316211
development,past_only_main,C16_PHYS_RULES,C16_PHYS_RULES_G,7,MJ3,370,0.0038132212497473,0.0062631062037798,0.0045565426167079,0.927027027027027,0.0352389537217806,0.0421773011210634,0.92972972972973,0.0452287074493118,0.0564896157446227,0.943243243243243,0.0538933289962569,0.0723714339703649
development,past_only_main,C16_PHYS_RULES,C16_PHYS_RULES_G,7,MJ1,370,0.0057855917929831,0.0097927585138607,0.0086840802418978,0.891891891891892,0.0703513639631398,0.0835343534463624,0.910810810810811,0.0902949980998897,0.111246425781482,0.932432432432432,0.107593126440009,0.141495878661608
later_exploratory,past_only_main,B_ANCHOR,B_ANCHOR_G,1,ATU1,293,0.24626855623164,0.426079344988906,0.183512091237211,0.68259385665529,0.503881486647863,1.2703477186352,0.757679180887372,0.646724886574685,1.58692722714925,0.83617747440273,0.770620233206641,1.86826416344183
later_exploratory,past_only_main,B_ANCHOR,B_ANCHOR_G,1,ATU5,293,0.181562535652741,0.309190226037466,0.136537430295639,0.672354948805461,0.378773511134196,0.958885523004613,0.784982935153584,0.486150538404178,1.21692753067281,0.839590443686007,0.579284095997602,1.47045665575684
later_exploratory,past_only_main,B_ANCHOR,B_ANCHOR_G,1,MJ3,293,0.136225846774108,0.186310680207627,0.107380981999403,0.706484641638225,0.500652420226704,0.712738024444368,0.812286689419795,0.642580424691671,0.85961844637758,0.883959044368601,0.765681802277052,1.01081151395136
later_exploratory,past_only_main,B_ANCHOR,B_ANCHOR_G,1,MJ1,293,0.183154224552773,0.272139501443984,0.144647041841332,0.829351535836177,0.691655697194418,1.05425707286191,0.890784982935154,0.887730476649551,1.37987257063784,0.918088737201365,1.0577961064149,1.75257144665974
later_exploratory,past_only_main,B_ANCHOR,B_ANCHOR_G,2,ATU1,292,0.487903601824137,0.846576177176421,0.366083835352028,0.664383561643836,0.988354255587483,2.55546255373947,0.76027397260274,1.26853895365899,3.2656026515234,0.821917808219178,1.51155739417724,4.05558812659891
later_exploratory,past_only_main,B_ANCHOR,B_ANCHOR_G,2,ATU5,292,0.362110273774493,0.615678396634455,0.274923564232948,0.671232876712329,0.75886620013041,1.95769154325922,0.777397260273973,0.97399422326401,2.53094925168864,0.839041095890411,1.16058570043439,3.16754810019253
later_exploratory,past_only_main,B_ANCHOR,B_ANCHOR_G,2,MJ3,292,0.265689313986982,0.362753840187576,0.211931843702235,0.705479452054795,0.98931969539854,1.41078391692057,0.808219178082192,1.26977808224149,1.74151780796588,0.866438356164384,1.51303390695268,2.12750656760272
later_exploratory,past_only_main,B_ANCHOR,B_ANCHOR_G,2,MJ1,292,0.302187366480558,0.42441633722958,0.237018409659662,0.815068493150685,1.18830390034993,1.6984813588188,0.904109589041096,1.52517154436978,2.16327664997451,0.924657534246575,1.81735398714496,2.65507096717964
later_exploratory,past_only_main,B_ANCHOR,B_ANCHOR_G,3,ATU1,291,0.725273867570519,1.26464504643386,0.548821540851403,0.656357388316151,1.45617772632143,3.88254978916227,0.752577319587629,1.86898387784179,5.0644734929694,0.81786941580756,2.2270316508619,6.53001196219702
later_exploratory,past_only_main,B_ANCHOR,B_ANCHOR_G,3,ATU5,291,0.541304835288099,0.920481873336747,0.41540252734658,0.670103092783505,1.14560909535718,3.00099646155954,0.766323024054983,1.47037335541477,3.95118928137481,0.828178694158076,1.75205791762848,5.09305413013787
later_exploratory,past_only_main,B_ANCHOR,B_ANCHOR_G,3,MJ3,291,0.392810783423069,0.535648750511154,0.316782983160538,0.707903780068729,1.48057279260354,2.11245501050555,0.828178694158076,1.90029460644037,2.67418137863749,0.869415807560137,2.26434068515978,3.35549329141206
later_exploratory,past_only_main,B_ANCHOR,B_ANCHOR_G,3,MJ1,291,0.386356878545753,0.514914244807763,0.303136539213187,0.783505154639175,1.59771511251831,2.18102710485053,0.865979381443299,2.05064514633411,2.68056658527948,0.934707903780069,2.44349440341132,3.22129630716338
later_exploratory,past_only_main,B_ANCHOR,B_ANCHOR_G,4,ATU1,290,0.958599653688278,1.68069410206389,0.731678767630227,0.658620689655172,1.90468009534565,5.25176098735377,0.751724137931034,2.44463043645084,7.02048494632763,0.810344827586207,2.91295683241695,9.27916966657953
later_exploratory,past_only_main,B_ANCHOR,B_ANCHOR_G,4,ATU5,290,0.718792610736041,1.22398431249549,0.558081065170011,0.658620689655172,1.54103139653371,4.09377034589043,0.762068965517241,1.97789238449988,5.47757476969396,0.824137931034483,2.35680414074327,7.25046422768689
later_exploratory,past_only_main,B_ANCHOR,B_ANCHOR_G,4,MJ3,290,0.519374922237361,0.709081648066369,0.424191940560245,0.713793103448276,1.98598715054249,2.84102693410188,0.831034482758621,2.54898691201759,3.66836715586535,0.862068965517241,3.03730524270282,4.6754084263733
later_exploratory,past_only_main,B_ANCHOR,B_ANCHOR_G,4,MJ1,290,0.46316030070518,0.595245361463257,0.365857460887013,0.782758620689655,2.00639443817861,2.68054154229174,0.848275862068966,2.57517938213505,3.3160428988147,0.886206896551724,3.06851549585555,3.83988141986815
later_exploratory,past_only_main,B_ANCHOR,B_ANCHOR_G,5,ATU1,289,1.1879309000117,2.09425461529338,0.914583652901432,0.657439446366782,2.33440989655559,6.6586203735289,0.747404844290657,2.99618266511902,9.11656050154241,0.788927335640138,3.57017184904184,12.3300159014543
later_exploratory,past_only_main,B_ANCHOR,B_ANCHOR_G,5,ATU5,289,0.894550859288843,1.52628139781657,0.703150078609177,0.660899653979239,1.94758181374117,5.23732368352208,0.761245674740484,2.49969419588321,7.11445514584829,0.826989619377163,2.97856934867522,9.64836377881683
later_exploratory,past_only_main,B_ANCHOR,B_ANCHOR_G,5,MJ3,289,0.646459034854482,0.883784725983812,0.534720819572788,0.72318339100346,2.50843772024644,3.6070010701732,0.826989619377163,3.21954495867351,4.7189665872577,0.865051903114187,3.83632443775723,6.08992780741527
later_exploratory,past_only_main,B_ANCHOR,B_ANCHOR_G,5,MJ1,289,0.537126269416601,0.677295719005823,0.430468663361868,0.778546712802768,2.43436926085956,3.22526321095616,0.86159169550173,3.12447912024705,4.00506642756415,0.878892733564014,3.72304650443665,4.68756487074724
later_exploratory,past_only_main,B_ANCHOR,B_ANCHOR_G,6,ATU1,288,1.4130193106981,2.50484341568722,1.0971901271404,0.663194444444444,2.74520437963614,8.10366914115791,0.75,3.52343167607828,11.344329244956,0.777777777777778,4.19842779560882,15.6792982076967
later_exploratory,past_only_main,B_ANCHOR,B_ANCHOR_G,6,ATU5,288,1.06829600882094,1.82786707553306,0.850852678650393,0.65625,2.36736453962402,6.4300253172905,0.746527777777778,3.03847949158575,8.87329692908641,0.822916666666667,3.62057162636962,12.2661812536603
later_exploratory,past_only_main,B_ANCHOR,B_ANCHOR_G,6,MJ3,288,0.773774289718169,1.05894811393386,0.648110558846775,0.729166666666667,3.04824721811265,4.41349399152162,0.826388888888889,3.91238294841975,5.82457449757632,0.857638888888889,4.66189182246158,7.5996373812837
later_exploratory,past_only_main,B_ANCHOR,B_ANCHOR_G,6,MJ1,288,0.613642610753074,0.765864514005036,0.49920544758708,0.767361111111111,2.88185911788558,3.80872877463275,0.854166666666667,3.69882613377549,4.74711043098815,0.881944444444444,4.40742318251847,5.59830987409727
later_exploratory,past_only_main,B_ANCHOR,B_ANCHOR_G,7,ATU1,287,1.63377115035434,2.91198737654554,1.27930179477534,0.662020905923345,3.14030203845535,9.58443040571092,0.745644599303136,4.03053403120877,13.6934324579356,0.770034843205575,4.80267752108333,19.3115854241167
later_exploratory,past_only_main,B_ANCHOR,B_ANCHOR_G,7,ATU5,287,1.23982743381798,2.12888428048197,1.00121595458795,0.658536585365854,2.80355541938853,7.67443847604601,0.738675958188153,3.59832442480067,10.7614445923282,0.815331010452962,4.2876680099318,15.1171411302871
later_exploratory,past_only_main,B_ANCHOR,B_ANCHOR_G,7,MJ3,287,0.900571018594861,1.2337544733542,0.764102532275427,0.721254355400697,3.60586800261876,5.25829606682274,0.822299651567944,4.62808147707679,6.98865675127438,0.853658536585366,5.51469921940662,9.20352492328301
later_exploratory,past_only_main,B_ANCHOR,B_ANCHOR_G,7,MJ1,287,0.694605796798451,0.862023704649246,0.57291320156942,0.759581881533101,3.34703351625359,4.43293178963155,0.839721254355401,4.29587101038601,5.54063845033162,0.874564459930314,5.11884603263526,6.58140951542259
later_exploratory,past_only_main,DRIFT1,DRIFT1_G,1,ATU1,293,0.01176932834188,0.0201505152872721,0.0086304540263962,0.62457337883959,0.0231737121219117,0.0570452643724935,0.771331058020478,0.0297431375049352,0.0759729095539417,0.812286689419795,0.0354411343001612,0.100387053212006
later_exploratory,past_only_main,DRIFT1,DRIFT1_G,1,ATU5,293,0.0070206868711934,0.0135045449394751,0.005325718534773,0.614334470989761,0.0132330518321615,0.0382938858347041,0.744027303754266,0.0169844381505789,0.0528787264181116,0.829351535836177,0.020238206322644,0.0731563550803902
later_exploratory,past_only_main,DRIFT1,DRIFT1_G,1,MJ3,293,0.0025516722799847,0.0036427493072047,0.0020179690981941,0.737201365187713,0.0083132936777803,0.015165902283848,0.781569965870307,0.0106699969204823,0.0204388963675523,0.819112627986348,0.0127140855190157,0.0267495996629202
later_exploratory,past_only_main,DRIFT1,DRIFT1_G,1,MJ1,293,0.0021041142416676,0.0030688040199673,0.001659500523493,0.74061433447099,0.0070454082937882,0.0120491593491541,0.798634812286689,0.0090426836476598,0.0155794936904766,0.84641638225256,0.0107750221555349,0.0197984145747486
later_exploratory,past_only_main,DRIFT1,DRIFT1_G,2,ATU1,292,0.0350867632776659,0.0601465899488976,0.025903962003149,0.63013698630137,0.068371932718079,0.173634954832596,0.767123287671233,0.0877544256014499,0.235051245451463,0.804794520547945,0.104565847589507,0.318056206227903
later_exploratory,past_only_main,DRIFT1,DRIFT1_G,2,ATU5,292,0.0210034141944924,0.0404862650055997,0.0160748620859972,0.602739726027397,0.0388370675279665,0.117132339423832,0.732876712328767,0.0498468365230272,0.164682075475452,0.828767123287671,0.0593961691955959,0.233377867739022
later_exploratory,past_only_main,DRIFT1,DRIFT1_G,2,MJ3,292,0.0076662841093075,0.0109385261519684,0.0060929080069502,0.736301369863014,0.0249680630516083,0.0462064469887889,0.780821917808219,0.0320461619903093,0.0629625384505918,0.815068493150685,0.0381853572345762,0.0837247832879017
later_exploratory,past_only_main,DRIFT1,DRIFT1_G,2,MJ1,292,0.0063148062288284,0.0092105507530747,0.0050127660231065,0.73972602739726,0.0212730514976435,0.0366442619309628,0.804794520547945,0.0273036660037606,0.0479060690309937,0.842465753424658,0.0325343247182824,0.0620599283466603
later_exploratory,past_only_main,DRIFT1,DRIFT1_G,3,ATU1,291,0.0697483142260941,0.119728195135025,0.0518476983329874,0.639175257731959,0.134411763155489,0.352968930551057,0.769759450171821,0.172515630330717,0.4841059090593,0.797250859106529,0.205565052523915,0.668544344255963
later_exploratory,past_only_main,DRIFT1,DRIFT1_G,3,ATU5,291,0.0418846427791931,0.0809189236826588,0.0323451955107973,0.608247422680412,0.0759147974318909,0.238636430540497,0.725085910652921,0.0974355876519713,0.340986171184304,0.81786941580756,0.116101663686814,0.493775697008968
later_exploratory,past_only_main,DRIFT1,DRIFT1_G,3,MJ3,291,0.0153465614674194,0.0218909587610326,0.012259448516016,0.738831615120275,0.0499766611124069,0.0937899315692285,0.780068728522337,0.0641443501017045,0.129114404150638,0.810996563573883,0.076432707416093,0.174274768767999
later_exploratory,past_only_main,DRIFT1,DRIFT1_G,3,MJ1,291,0.0126276619044779,0.018425535149265,0.010091683095182,0.738831615120275,0.0428080434577806,0.0742362714742562,0.804123711340206,0.0549435289514071,0.0980611797298959,0.84192439862543,0.0654692528038965,0.129241064034097
later_exploratory,past_only_main,DRIFT1,DRIFT1_G,4,ATU1,290,0.115591039693917,0.198673586308548,0.0865015174438116,0.627586206896552,0.220064195743095,0.597484488776593,0.762068965517241,0.282449337398581,0.829069236078277,0.789655172413793,0.336559144040329,1.16716290447853
later_exploratory,past_only_main,DRIFT1,DRIFT1_G,4,ATU5,290,0.0696656245602694,0.134773479535025,0.0542294791688792,0.593103448275862,0.123531517131737,0.404985770869189,0.717241379310345,0.158550985742518,0.587437203432402,0.813793103448276,0.188925152169681,0.866913478301881
later_exploratory,past_only_main,DRIFT1,DRIFT1_G,4,MJ3,290,0.025599841826452,0.0364971803770877,0.0205478388834337,0.737931034482759,0.0833361571476228,0.158536453820399,0.775862068965517,0.106960799725779,0.220283848403289,0.806896551724138,0.127451653925375,0.301679310400961
later_exploratory,past_only_main,DRIFT1,DRIFT1_G,4,MJ1,290,0.0210460517673329,0.0307101206279477,0.0169246262719019,0.744827586206897,0.0717639824791,0.125203779262772,0.810344827586207,0.0921080743365016,0.167207858031609,0.837931034482759,0.109753540027415,0.223472991231243
later_exploratory,past_only_main,DRIFT1,DRIFT1_G,5,ATU1,289,0.172424795811003,0.296792272179601,0.12991345636507,0.619377162629758,0.324047049067471,0.909360748448226,0.754325259515571,0.415909884777082,1.27610534747342,0.788927335640138,0.495587194884994,1.82609797300339
later_exploratory,past_only_main,DRIFT1,DRIFT1_G,5,ATU5,289,0.104293912247074,0.202014089567633,0.0818106337837414,0.591695501730104,0.180715652904406,0.6177881109058,0.705882352941177,0.231946029421281,0.908815184070086,0.806228373702422,0.276380740859802,1.36308896804762
later_exploratory,past_only_main,DRIFT1,DRIFT1_G,5,MJ3,289,0.0384150916760405,0.0547479819442011,0.03098398966513,0.73356401384083,0.125027671230881,0.241054618164567,0.775086505190311,0.160471278739384,0.337970700630125,0.806228373702422,0.19121332240682,0.468854919020408
later_exploratory,past_only_main,DRIFT1,DRIFT1_G,5,MJ1,289,0.031574146889189,0.0460566530897993,0.025535307372228,0.743944636678201,0.108242904444726,0.189927264841562,0.820069204152249,0.138928263797182,0.256493351766983,0.84083044982699,0.165543236805703,0.34677786201019
later_exploratory,past_only_main,DRIFT1,DRIFT1_G,6,ATU1,288,0.240115493931796,0.413917557717405,0.182133072709765,0.618055555555556,0.445023656155543,1.2909351784692,0.746527777777778,0.571181678979565,1.82896365266384,0.78125,0.680604949331515,2.65692892382523
later_exploratory,past_only_main,DRIFT1,DRIFT1_G,6,ATU5,288,0.145708599094408,0.282594004836035,0.115157842852181,0.583333333333333,0.24646238432975,0.878151632047184,0.697916666666667,0.316331045641252,1.3089723419757,0.795138888888889,0.376931689537528,1.99345193435402
later_exploratory,past_only_main,DRIFT1,DRIFT1_G,6,MJ3,288,0.0537719842582342,0.0766279521919586,0.0435895145494003,0.732638888888889,0.175014375509188,0.341850799931178,0.774305555555556,0.224628519104958,0.483517754726801,0.802083333333333,0.26766138951966,0.678687085874058
later_exploratory,past_only_main,DRIFT1,DRIFT1_G,6,MJ1,288,0.0441865896907695,0.0644533652566548,0.0359422491928108,0.75,0.152334952463035,0.268681417016972,0.815972222222222,0.195519794760516,0.366600344543411,0.836805555555556,0.232976205126234,0.500414291260743
later_exploratory,past_only_main,DRIFT1,DRIFT1_G,7,ATU1,287,0.318593081258005,0.549898696921946,0.243203213918535,0.609756097560976,0.581607643869941,1.74303186854323,0.735191637630662,0.746485329348131,2.49176154728319,0.780487804878049,0.889492132635232,3.66955552114826
later_exploratory,past_only_main,DRIFT1,DRIFT1_G,7,ATU5,287,0.194049684683307,0.376451355339626,0.154323814913133,0.578397212543554,0.319740334764191,1.18790007117651,0.689895470383275,0.410382276811512,1.79253388464337,0.790940766550523,0.489000643744109,2.767304246804
later_exploratory,past_only_main,DRIFT1,DRIFT1_G,7,MJ3,287,0.0716801836154902,0.10211560749515,0.0583815698108899,0.731707317073171,0.233238075523303,0.461450530077693,0.773519163763066,0.299357829042701,0.658016433061387,0.804878048780488,0.356706854518855,0.934128128298572
later_exploratory,past_only_main,DRIFT1,DRIFT1_G,7,MJ1,287,0.0589019611637763,0.0858842722436284,0.0481592291151325,0.752613240418119,0.204117760010114,0.361640312478638,0.815331010452962,0.261982308714339,0.498134769032577,0.832752613240418,0.312171175144862,0.685668519381768
later_exploratory,past_only_main,B_RAW,B_RAW_G,1,ATU1,293,5.43485433696232,8.07020093495871,6.4841063390542,0.627986348122867,42.4123051677729,56.1182981490915,0.890784982935154,54.4356043550525,73.0944747920081,0.914675767918089,64.8640233175729,94.8264783738844
later_exploratory,past_only_main,B_RAW,B_RAW_G,1,ATU5,293,8.11020047050433,9.11823246699639,7.81482021247266,0.781569965870307,52.1793541531603,55.4031616609786,0.938566552901024,66.9714760126241,67.4073046316323,1,79.801435717723,79.801435717723
later_exploratory,past_only_main,B_RAW,B_RAW_G,1,MJ3,293,8.78525721855185,13.0250481861408,9.69492038129797,0.41296928327645,56.3997943241676,75.3281387881956,0.771331058020478,72.3883523282198,83.6150303867109,0.860068259385666,86.2560419594666,93.1481668327241
later_exploratory,past_only_main,B_RAW,B_RAW_G,1,MJ1,293,5.28607262740782,6.29429026887373,6.51003345071043,0.911262798634812,54.259063081279,54.8948614177606,1,69.6407535238772,69.6407535238772,1,82.9820760501367,82.9820760501367
later_exploratory,past_only_main,B_RAW,B_RAW_G,2,ATU1,292,5.4569054806884,8.08734873853854,6.56582906038147,0.63013698630137,42.9980854643742,57.1720098799439,0.886986301369863,55.1874452262014,74.8677418661752,0.914383561643836,65.7598969718676,97.8882784717105
later_exploratory,past_only_main,B_RAW,B_RAW_G,2,ATU5,292,8.14133319851276,9.13834286628167,7.87104927565286,0.784246575342466,52.8268586474464,56.148921823884,0.928082191780822,67.8025390338309,68.3220579918289,1,80.7917083862201,80.7917083862201
later_exploratory,past_only_main,B_RAW,B_RAW_G,2,MJ3,292,8.82161782043805,13.0574383682084,9.81092708363396,0.414383561643836,57.0383409610305,76.9387422398406,0.767123287671233,73.2079180638952,85.6549771261484,0.852739726027397,87.2326147672635,95.7581163645259
later_exploratory,past_only_main,B_RAW,B_RAW_G,2,MJ1,292,5.30383779806137,6.30510359213634,6.56220960119531,0.907534246575342,55.0027869670124,55.5997920713691,1,70.5953127970182,70.5953127970182,1,84.1195035791336,84.1195035791336
later_exploratory,past_only_main,B_RAW,B_RAW_G,3,ATU1,291,5.48045985018739,8.10977807001037,6.64777369401323,0.642611683848797,43.5960658477987,58.215667742961,0.88659793814433,55.9549447392652,76.6020907628064,0.910652920962199,66.6744290488313,100.805252766858
later_exploratory,past_only_main,B_RAW,B_RAW_G,3,ATU5,291,8.17405016475742,9.16001589169331,7.92781818995856,0.790378006872852,53.4844416060747,56.8988948272748,0.927835051546392,68.6465376239786,69.2784205700637,1,81.7973947358061,81.7973947358061
later_exploratory,past_only_main,B_RAW,B_RAW_G,3,MJ3,291,8.85820103205136,13.0912092030477,9.92816155495968,0.412371134020619,57.6825582773389,78.5616171956655,0.759450171821306,74.0347620378437,87.7271204992301,0.845360824742268,88.2178601308747,98.4439440325697
later_exploratory,past_only_main,B_RAW,B_RAW_G,3,MJ1,291,5.3169962652221,6.31442618073302,6.61340347139126,0.910652920962199,55.7484473289807,56.3136979783428,1,71.5523575104991,71.5523575104991,1,85.2598926929623,85.2598926929623
later_exploratory,past_only_main,B_RAW,B_RAW_G,4,ATU1,290,5.50476932221741,8.14035083109843,6.73053067834934,0.655172413793103,44.2024454197103,59.273262816551,0.886206896551724,56.7332244940436,78.3282260979062,0.906896551724138,67.6018065760886,103.716248096358
later_exploratory,past_only_main,B_RAW,B_RAW_G,4,ATU5,290,8.20889166302603,9.18375602690713,7.98554064553098,0.789655172413793,54.1516803952387,57.6522155502303,0.924137931034483,69.5029293384492,70.2518009505402,1,82.8178484038518,82.8178484038518
later_exploratory,past_only_main,B_RAW,B_RAW_G,4,MJ3,290,8.89515063053423,13.1265507141826,10.0467125159968,0.393103448275862,58.3326921443604,80.1975743109259,0.751724137931034,74.8691998224207,89.8338628579252,0.827586206896552,89.2121540779547,101.208765976381
later_exploratory,past_only_main,B_RAW,B_RAW_G,4,MJ1,290,5.32761049250628,6.32325772810832,6.66435909166438,0.913793103448276,56.4987518138124,57.0326441199047,1,72.515362891144,72.515362891144,1,86.4073843797943,86.4073843797943
later_exploratory,past_only_main,B_RAW,B_RAW_G,5,ATU1,289,5.53168337603329,8.18108666377853,6.81483517119798,0.660899653979239,44.8152627129368,60.3389750695296,0.8719723183391,57.5197669746765,80.0744681279273,0.903114186851211,68.5390297484679,106.674728646885
later_exploratory,past_only_main,B_RAW,B_RAW_G,5,ATU5,289,8.24622249709812,9.21015483321074,8.04473906621063,0.792387543252595,54.8300176770225,58.395595797347,0.927335640138408,70.3735658139813,71.2413541649587,1,83.8552757516167,83.8552757516167
later_exploratory,past_only_main,B_RAW,B_RAW_G,5,MJ3,289,8.93257103141829,13.1636645797825,10.1666704130977,0.387543252595156,58.9889148039353,81.8473693982079,0.743944636678201,75.7114524876351,91.9887225841062,0.802768166089965,90.2157600296663,104.229486967502
later_exploratory,past_only_main,B_RAW,B_RAW_G,5,MJ1,289,5.33708816699915,6.33228672268637,6.7156293532552,0.916955017301038,57.255502357266,57.7588457605245,1,73.4866416984608,73.4866416984608,1,87.5647344625589,87.5647344625589
later_exploratory,past_only_main,B_RAW,B_RAW_G,6,ATU1,288,5.56607509673945,8.23536880190752,6.90104958263645,0.659722222222222,45.4307165136836,61.4140291805002,0.864583333333333,58.3096933760766,81.8583418083808,0.899305555555556,69.4802851111418,109.700583293031
later_exploratory,past_only_main,B_RAW,B_RAW_G,6,ATU5,288,8.28717022772784,9.24029870053493,8.10596528284243,0.798611111111111,55.5184827096951,59.1553810661611,0.930555555555556,71.2572011170521,72.2320566420929,1,84.9081921577389,84.9081921577389
later_exploratory,past_only_main,B_RAW,B_RAW_G,6,MJ3,288,8.97064549791277,13.2029952408354,10.2881066930376,0.385416666666667,59.6507927555857,83.5109598869515,0.704861111111111,76.5609636416469,94.2622007526249,0.791666666666667,91.2280150042406,107.377057399505
later_exploratory,past_only_main,B_RAW,B_RAW_G,6,MJ1,288,5.3461807505573,6.34166406544118,6.76719785995221,0.913194444444444,58.0176180625079,58.493333331522,1,74.4648066163828,74.4648066163828,1,88.7302898522023,88.7302898522023
later_exploratory,past_only_main,B_RAW,B_RAW_G,7,ATU1,287,5.60915724667586,8.30323766272878,6.98921681732438,0.665505226480836,46.0513805475961,62.5039426839546,0.860627177700348,59.1063070393477,83.6578288743905,0.895470383275261,70.4295088378132,112.76120582164
later_exploratory,past_only_main,B_RAW,B_RAW_G,7,ATU5,287,8.33102409090792,9.27442839350649,8.16947281374167,0.804878048780488,56.2190330590403,59.9103669748026,0.926829268292683,72.1563477561441,73.2307932854178,1,85.9795914607315,85.9795914607315
later_exploratory,past_only_main,B_RAW,B_RAW_G,7,MJ3,287,9.00944174091348,13.2446970032995,10.4110693916272,0.372822299651568,60.3187958072597,85.1888896693282,0.64808362369338,77.4183362764294,96.7928010600009,0.780487804878049,92.2496375109303,110.646445684894
later_exploratory,past_only_main,B_RAW,B_RAW_G,7,MJ1,287,5.35433078166106,6.35139022840413,6.8190991862738,0.916376306620209,58.7855328054994,59.2354950570464,1,75.4504145186776,75.4504145186776,1,89.9047141047457,89.9047141047457
later_exploratory,known_future_drivers_secondary,B_ORACLE,B_ORACLE_G,1,ATU1,293,0.263492418850638,0.445628476367746,0.202648893223107,0.703071672354949,0.648120661763895,1.44931138168739,0.771331058020478,0.831853863602826,1.79231489474821,0.819112627986348,0.991215015334691,2.06266301585513
later_exploratory,known_future_drivers_secondary,B_ORACLE,B_ORACLE_G,1,ATU5,293,0.179388767044257,0.312176165065105,0.137453916007991,0.709897610921502,0.406743215729964,0.991562581528789,0.798634812286689,0.522049265607988,1.29974004692698,0.843003412969283,0.622060067827198,1.60581480005802
later_exploratory,known_future_drivers_secondary,B_ORACLE,B_ORACLE_G,1,MJ3,293,0.140879027170258,0.197800543981759,0.110438356837032,0.778156996587031,0.519210630802685,0.759781111139948,0.849829351535836,0.666399630095764,0.953556873227007,0.880546075085324,0.794064136101419,1.1518084582811
later_exploratory,known_future_drivers_secondary,B_ORACLE,B_ORACLE_G,1,MJ1,293,0.191548084228417,0.366993955837186,0.160599364370187,0.901023890784983,0.801992213989708,1.27636035059789,0.928327645051195,1.02934586280751,1.80937638336909,0.9419795221843,1.22654124700273,2.56066579467682
later_exploratory,known_future_drivers_secondary,B_ORACLE,B_ORACLE_G,2,ATU1,292,0.521373980555197,0.881398467658985,0.40183426832771,0.702054794520548,1.25331204704816,2.90144807209807,0.770547945205479,1.60860859735525,3.67285334513734,0.804794520547945,1.91677536795851,4.30973351237598
later_exploratory,known_future_drivers_secondary,B_ORACLE,B_ORACLE_G,2,ATU5,292,0.354483690141593,0.618220117997069,0.273591900192926,0.715753424657534,0.794328981068717,1.99908790398996,0.804794520547945,1.01951020983562,2.67951214050995,0.825342465753425,1.21482134361834,3.39261071649639
later_exploratory,known_future_drivers_secondary,B_ORACLE,B_ORACLE_G,2,MJ3,292,0.272148870389445,0.376315348606609,0.216160771879343,0.76027397260274,1.01898168350639,1.49434642144518,0.832191780821918,1.30784883181844,1.86984694210619,0.883561643835616,1.55839800307203,2.24226285652066
later_exploratory,known_future_drivers_secondary,B_ORACLE,B_ORACLE_G,2,MJ1,292,0.344485411278302,0.600464066208744,0.28486423563405,0.873287671232877,1.41283330455148,2.22611215326271,0.900684931506849,1.8133519147798,3.05317354074432,0.931506849315068,2.16074207821897,4.13910107711911
later_exploratory,known_future_drivers_secondary,B_ORACLE,B_ORACLE_G,3,ATU1,291,0.772793004538422,1.3062700840835,0.596513150059965,0.70446735395189,1.81481861404311,4.34752098900734,0.769759450171821,2.32929447384298,5.59374708693315,0.800687285223368,2.77552555638746,6.76859601900404
later_exploratory,known_future_drivers_secondary,B_ORACLE,B_ORACLE_G,3,ATU5,291,0.525602595178955,0.917499060067636,0.407923388690247,0.711340206185567,1.16169327768104,3.00893827604866,0.800687285223368,1.49101717993438,4.0976772441554,0.831615120274914,1.77665655175534,5.31722173950803
later_exploratory,known_future_drivers_secondary,B_ORACLE,B_ORACLE_G,3,MJ3,291,0.399067935530585,0.547556487255266,0.321079108034938,0.745704467353952,1.51983983644152,2.22856260892513,0.81786941580756,1.95069331158268,2.78360967730289,0.865979381443299,2.32439444637467,3.36034648623126
later_exploratory,known_future_drivers_secondary,B_ORACLE,B_ORACLE_G,3,MJ1,291,0.480393565811975,0.77322076356936,0.389972841247942,0.865979381443299,1.94551860350954,2.96714322226376,0.917525773195876,2.49704609421965,4.04912429991745,0.927835051546392,2.97541394092163,5.50716954402473
later_exploratory,known_future_drivers_secondary,B_ORACLE,B_ORACLE_G,4,ATU1,290,1.01601762034056,1.71880258642024,0.78588264480254,0.713793103448276,2.33197148986897,5.75608742584949,0.76551724137931,2.99305300401892,7.55664294752915,0.803448275862069,3.56644262782756,9.35698573431316
later_exploratory,known_future_drivers_secondary,B_ORACLE,B_ORACLE_G,4,ATU5,290,0.69318429216733,1.20916642097076,0.539874667486976,0.7,1.50764342665382,4.0053043202839,0.810344827586207,1.93503938909181,5.51924757945038,0.824137931034483,2.30574164724642,7.37523061714456
later_exploratory,known_future_drivers_secondary,B_ORACLE,B_ORACLE_G,4,MJ3,290,0.521290406869241,0.715526058891956,0.426289586648944,0.741379310344828,2.02687328329586,2.97142074068945,0.810344827586207,2.60146369528524,3.74343890729052,0.868965517241379,3.09983518673178,4.56034600303809
later_exploratory,known_future_drivers_secondary,B_ORACLE,B_ORACLE_G,4,MJ1,290,0.603274785643208,0.917405057098253,0.483660382781216,0.810344827586207,2.43621408054587,3.63334502187582,0.903448275862069,3.12684692068029,4.8653460683314,0.920689655172414,3.72586791267363,6.44200502248677
later_exploratory,known_future_drivers_secondary,B_ORACLE,B_ORACLE_G,5,ATU1,289,1.25099639312633,2.11755371412138,0.969655215762722,0.695501730103806,2.80703619951293,7.15470600308823,0.761245674740484,3.60279195772418,9.50174148586278,0.792387543252595,4.29299140375016,12.0122010991242
later_exploratory,known_future_drivers_secondary,B_ORACLE,B_ORACLE_G,5,ATU5,289,0.856625123040713,1.49233378414963,0.669162745226594,0.70242214532872,1.83221957274697,4.9854642222115,0.795847750865052,2.35162836254946,6.96937351682473,0.823529411764706,2.80213802620372,9.50549881670536
later_exploratory,known_future_drivers_secondary,B_ORACLE,B_ORACLE_G,5,MJ3,289,0.640119194237178,0.881619991631869,0.532569528868691,0.737024221453287,2.54466474161485,3.75027782857494,0.806228373702422,3.26604183721787,4.74928300179787,0.86159169550173,3.89172888581707,5.91798439137554
later_exploratory,known_future_drivers_secondary,B_ORACLE,B_ORACLE_G,5,MJ1,289,0.709404672687931,1.04485160700827,0.567467179413968,0.788927335640138,2.90597364111489,4.25331341115873,0.896193771626298,3.72977678926401,5.51254430540309,0.930795847750865,4.44430316324224,7.22296406792459
later_exploratory,known_future_drivers_secondary,B_ORACLE,B_ORACLE_G,6,ATU1,288,1.4775488116108,2.50007474325787,1.1478387627615,0.684027777777778,3.24396672419589,8.50859741154323,0.756944444444444,4.16358621491442,11.4688557259793,0.798611111111111,4.96121897659923,14.7328771181457
later_exploratory,known_future_drivers_secondary,B_ORACLE,B_ORACLE_G,6,ATU5,288,1.01576975051256,1.76563624511487,0.795608880226262,0.701388888888889,2.13631942870591,5.94639059779252,0.788194444444444,2.74193630214212,8.41556907798078,0.822916666666667,3.26721862179416,11.7332713334326
later_exploratory,known_future_drivers_secondary,B_ORACLE,B_ORACLE_G,6,MJ3,288,0.754492165664876,1.04385581737749,0.639537806170192,0.732638888888889,3.07304998673832,4.54592727701771,0.802083333333333,3.94421695731118,5.80626214522953,0.847222222222222,4.69982438368671,7.40923023179792
later_exploratory,known_future_drivers_secondary,B_ORACLE,B_ORACLE_G,6,MJ1,288,0.806395465730234,1.14647526103422,0.64486727163379,0.774305555555556,3.3446477863021,4.85499624922513,0.857638888888889,4.2928089591435,6.24465765242704,0.930555555555556,5.11519737353526,7.94263347971302
later_exploratory,known_future_drivers_secondary,B_ORACLE,B_ORACLE_G,7,ATU1,287,1.69729357027736,2.86651912436015,1.32066151106256,0.679442508710801,3.64948474732581,9.84017671386949,0.752613240418119,4.68406296284458,13.4334260582911,0.787456445993031,5.58140527404157,17.6275209322414
later_exploratory,known_future_drivers_secondary,B_ORACLE,B_ORACLE_G,7,ATU5,287,1.17072389778014,2.02941892138245,0.919482090332058,0.707317073170732,2.4222430704838,6.89546520793448,0.777003484320557,3.1089153233957,9.87136077487898,0.825783972125436,3.70450109663164,13.9940614313405
later_exploratory,known_future_drivers_secondary,B_ORACLE,B_ORACLE_G,7,MJ3,287,0.867470460155648,1.20236793561447,0.747224003627357,0.714285714285714,3.61549234169251,5.36324437530228,0.794425087108014,4.64043418254575,6.94467093562398,0.839721254355401,5.52941837583131,9.02003465796229
later_exploratory,known_future_drivers_secondary,B_ORACLE,B_ORACLE_G,7,MJ1,287,0.893239339510118,1.23092510865492,0.715256345585676,0.766550522648084,3.76769676782471,5.44307732153899,0.832752613240418,4.83578644857434,7.02844008509391,0.888501742160279,5.76219495816098,8.66284900312191
later_exploratory,past_only_main,CL_DIRECT,CL_DIRECT_G,1,ATU1,293,0.144722926314874,0.213065480874323,0.108416756526994,0.668941979522184,0.463190767200864,0.746754995111649,0.815699658703072,0.594498913570449,0.935594622966185,0.921501706484642,0.708389148039764,1.17382313652036
later_exploratory,past_only_main,CL_DIRECT,CL_DIRECT_G,1,ATU5,293,0.109278904282397,0.177632726913434,0.0854224743430065,0.686006825938567,0.302736868718151,0.610971083083461,0.795221843003413,0.388558564408116,0.779548535324625,0.870307167235495,0.462996086488227,0.99280656691919
later_exploratory,past_only_main,CL_DIRECT,CL_DIRECT_G,1,MJ3,293,0.0705591405614647,0.099074866081639,0.0515065135015255,0.641638225255973,0.175826056758847,0.34845874564844,0.723549488054608,0.22567030071041,0.407456000006603,0.883959044368601,0.268902748868021,0.461661713620592
later_exploratory,past_only_main,CL_DIRECT,CL_DIRECT_G,1,MJ1,293,0.0517608338319532,0.0650668381496253,0.0381217980627568,0.784982935153584,0.197621386898245,0.260354251790636,0.890784982935154,0.253644304093699,0.319023079569648,0.948805460750853,0.302235829840233,0.382801019430737
later_exploratory,past_only_main,CL_DIRECT,CL_DIRECT_G,2,ATU1,292,0.292483977126422,0.435125784449665,0.223211213140626,0.671232876712329,0.94957152031305,1.57805092225802,0.794520547945205,1.21876185182842,2.02303320896401,0.883561643835616,1.45224431899284,2.51513302865447
later_exploratory,past_only_main,CL_DIRECT,CL_DIRECT_G,2,ATU5,292,0.224031814519105,0.365502339133248,0.176961662137542,0.712328767123288,0.624117418764006,1.27090615172647,0.815068493150685,0.801046034742521,1.66043353620509,0.863013698630137,0.954505223035431,2.2161794642707
later_exploratory,past_only_main,CL_DIRECT,CL_DIRECT_G,2,MJ3,292,0.140079031820352,0.199378532631663,0.104036139402396,0.623287671232877,0.354353665820786,0.711802232428555,0.719178082191781,0.45480800626325,0.846559509509095,0.873287671232877,0.541937165441622,0.977574497537194
later_exploratory,past_only_main,CL_DIRECT,CL_DIRECT_G,2,MJ1,292,0.10747187918741,0.132950788233102,0.0794058143096227,0.76027397260274,0.404188108883238,0.535368921297137,0.88013698630137,0.518769821473961,0.647866738162949,0.938356164383562,0.618152369119737,0.764844619364179
later_exploratory,past_only_main,CL_DIRECT,CL_DIRECT_G,3,ATU1,291,0.439495595463283,0.65808070068295,0.340524465723975,0.676975945017182,1.44129429365718,2.44343489917539,0.77319587628866,1.84988119882561,3.16180583980368,0.883161512027491,2.20426940486841,3.97368869236087
later_exploratory,past_only_main,CL_DIRECT,CL_DIRECT_G,3,ATU5,291,0.342270505391819,0.557622687506353,0.271483087109719,0.725085910652921,0.957223771386256,1.95268964333678,0.824742268041237,1.22858340975125,2.60415682686862,0.859106529209622,1.46394742709037,3.5819225580904
later_exploratory,past_only_main,CL_DIRECT,CL_DIRECT_G,3,MJ3,291,0.209145223894571,0.301163938786804,0.157605207053327,0.618556701030928,0.534686938214026,1.09099565572908,0.714776632302406,0.686263255611732,1.32211785928899,0.848797250859107,0.817733105774938,1.56086824551833
later_exploratory,past_only_main,CL_DIRECT,CL_DIRECT_G,3,MJ1,291,0.164954508618002,0.202340483462373,0.122557884611329,0.735395189003436,0.617351747449848,0.821445965703603,0.872852233676976,0.792362389621208,0.985087088764813,0.945017182130584,0.944158021671486,1.16170255654545
later_exploratory,past_only_main,CL_DIRECT,CL_DIRECT_G,4,ATU1,290,0.587434036106986,0.879448207446785,0.459722332230406,0.675862068965517,1.94175049660253,3.32423225570452,0.768965517241379,2.49220978136314,4.31773527828318,0.875862068965517,2.96965111870973,5.46330846885135
later_exploratory,past_only_main,CL_DIRECT,CL_DIRECT_G,4,ATU5,290,0.46169789042146,0.748142582365515,0.366655024749207,0.737931034482759,1.29946882233575,2.6335933837487,0.831034482758621,1.6678501770789,3.57678526181396,0.862068965517241,1.98736606414149,5.00350914647979
later_exploratory,past_only_main,CL_DIRECT,CL_DIRECT_G,4,MJ3,290,0.278397092109297,0.403393268288504,0.211982731477061,0.617241379310345,0.717917724741458,1.47855648534949,0.713793103448276,0.92143742408984,1.82000918586507,0.844827586206897,1.09796041157205,2.19603317065756
later_exploratory,past_only_main,CL_DIRECT,CL_DIRECT_G,4,MJ1,290,0.222559466022103,0.271725628067121,0.166221708427833,0.727586206896552,0.835596762509951,1.11694824479127,0.851724137931035,1.07247683389104,1.33804679199698,0.937931034482759,1.27793496894664,1.57117688402865
later_exploratory,past_only_main,CL_DIRECT,CL_DIRECT_G,5,ATU1,289,0.740628134412281,1.09902436859958,0.581140683189137,0.671280276816609,2.45890853884585,4.21678281738101,0.757785467128028,3.15597494256409,5.50309252577595,0.868512110726644,3.76057609150347,6.94993113663781
later_exploratory,past_only_main,CL_DIRECT,CL_DIRECT_G,5,ATU5,289,0.578232861516898,0.930899974291728,0.459588254903918,0.737024221453287,1.65105230487947,3.28903861793992,0.837370242214533,2.1191026915983,4.52503173576428,0.865051903114187,2.52506659986049,6.40146618461796
later_exploratory,past_only_main,CL_DIRECT,CL_DIRECT_G,5,MJ3,289,0.347638359127807,0.502602534214359,0.265979549173316,0.615916955017301,0.903328989966231,1.85868436322651,0.716262975778547,1.15941020667781,2.30980626623323,0.847750865051903,1.38152247176442,2.82306725468134
later_exploratory,past_only_main,CL_DIRECT,CL_DIRECT_G,5,MJ1,289,0.277338242091909,0.336730916980335,0.208007178371806,0.730103806228374,1.05250304182962,1.40721832809199,0.844290657439446,1.35087302944008,1.69030944116167,0.923875432525952,1.60966449658879,1.97993373829706
later_exploratory,past_only_main,CL_DIRECT,CL_DIRECT_G,6,ATU1,288,0.901037879856173,1.31869309915516,0.705196178309524,0.6875,2.99248638389387,5.12366453056063,0.767361111111111,3.84081469250831,6.6993347019269,0.861111111111111,4.57661298565544,8.48075204352344
later_exploratory,past_only_main,CL_DIRECT,CL_DIRECT_G,6,ATU5,288,0.689309636956323,1.10141171485262,0.548186961796138,0.736111111111111,2.00660189561977,3.90734505160518,0.826388888888889,2.57544565087812,5.41420803355488,0.871527777777778,3.06883277463227,7.70216503150392
later_exploratory,past_only_main,CL_DIRECT,CL_DIRECT_G,6,MJ3,288,0.417288551536372,0.599022447814398,0.319366804388199,0.621527777777778,1.09121428748238,2.22779303493749,0.715277777777778,1.4005583753346,2.78334935384726,0.861111111111111,1.6688682378318,3.45062841437611
later_exploratory,past_only_main,CL_DIRECT,CL_DIRECT_G,6,MJ1,288,0.327149804688977,0.394574053869684,0.246074134252056,0.732638888888889,1.26099316968285,1.68257494476759,0.847222222222222,1.61846721152608,2.02718044922472,0.923611111111111,1.92852263129897,2.36701809928085
later_exploratory,past_only_main,CL_DIRECT,CL_DIRECT_G,7,ATU1,287,1.07169940946862,1.53922307664696,0.831995402659051,0.682926829268293,3.54892796788689,6.03513521762285,0.780487804878049,4.55499973369204,7.9100334109657,0.867595818815331,5.42761695104274,10.0517562325999
later_exploratory,past_only_main,CL_DIRECT,CL_DIRECT_G,7,ATU5,287,0.793801142360613,1.25656309725282,0.631357771513254,0.731707317073171,2.36231666976918,4.49721312693532,0.818815331010453,3.03200062076825,6.24240492476475,0.871080139372822,3.61285157562788,8.8313021212423
later_exploratory,past_only_main,CL_DIRECT,CL_DIRECT_G,7,MJ3,287,0.48709320417991,0.692406885192105,0.371714626037931,0.616724738675958,1.27989120562967,2.57977488504542,0.721254355400697,1.64272257807172,3.23591777003717,0.888501742160279,1.95742468317901,4.12602753071574
later_exploratory,past_only_main,CL_DIRECT,CL_DIRECT_G,7,MJ1,287,0.371520703217042,0.443226053523963,0.279247525969973,0.738675958188153,1.45844801351758,1.93326533682916,0.853658536585366,1.87189775991192,2.33440067558946,0.926829268292683,2.23050375550337,2.71315425750051
later_exploratory,past_only_main,CL_BRES,CL_BRES_G,1,ATU1,293,0.111166996725379,0.130573834808424,0.0737209345858243,0.761092150170648,0.339608974164648,0.422237348688607,0.89419795221843,0.435883399403135,0.480024579414,0.972696245733788,0.519387105509441,0.543821967349012
later_exploratory,past_only_main,CL_BRES,CL_BRES_G,1,ATU5,293,0.101088239593311,0.14736993782729,0.0747724496507686,0.744027303754266,0.316374061625682,0.520835214963215,0.832764505119454,0.406061712013303,0.663534010009745,0.866894197952218,0.483852373248422,0.829151345451108
later_exploratory,past_only_main,CL_BRES,CL_BRES_G,1,MJ3,293,0.0778262465958462,0.10853354499323,0.0579668874241802,0.802047781569966,0.268945680363051,0.405345845965225,0.870307167235495,0.345188043689916,0.505370942771069,0.924914675767918,0.411316923548975,0.630029405009196
later_exploratory,past_only_main,CL_BRES,CL_BRES_G,1,MJ1,293,0.146219709286236,0.225289656683986,0.116613081463503,0.822525597269625,0.517455939515679,0.873686203873216,0.870307167235495,0.664147508210699,1.15813820753772,0.907849829351536,0.791380567356338,1.5156310807923
later_exploratory,past_only_main,CL_BRES,CL_BRES_G,2,ATU1,292,0.233425926288159,0.273825707508485,0.155664882615449,0.763698630136986,0.702353416888934,0.899601014014904,0.914383561643836,0.901460851230423,1.01463653862855,0.972602739726027,1.0741568568378,1.14323146024782
later_exploratory,past_only_main,CL_BRES,CL_BRES_G,2,ATU5,292,0.206960304784712,0.302441344019816,0.15484263737473,0.746575342465753,0.662256135579822,1.10111361752179,0.811643835616438,0.849996547830222,1.41781067843561,0.866438356164384,1.01283335698281,1.77532441063266
later_exploratory,past_only_main,CL_BRES,CL_BRES_G,2,MJ3,292,0.147194450191804,0.204940829157837,0.111326281017471,0.794520547945205,0.522315689328428,0.795683645849899,0.845890410958904,0.670384929568118,0.998604714991243,0.914383561643836,0.798812913321139,1.22875374411899
later_exploratory,past_only_main,CL_BRES,CL_BRES_G,2,MJ1,292,0.246926219319578,0.366950848287453,0.195482446787108,0.818493150684932,0.890824329307092,1.44702055076848,0.866438356164384,1.14336064847669,1.91457775985311,0.907534246575342,1.36239824361027,2.46871342544802
later_exploratory,past_only_main,CL_BRES,CL_BRES_G,3,ATU1,291,0.36344899908412,0.427217989268418,0.243927960488621,0.762886597938144,1.08479874324492,1.43277979213452,0.893470790378007,1.39232411345114,1.6110973642826,0.965635738831615,1.65905650962302,1.79657065115385
later_exploratory,past_only_main,CL_BRES,CL_BRES_G,3,ATU5,291,0.315129949992378,0.460059521313088,0.237917801983215,0.742268041237113,1.03075302561794,1.72378151173798,0.790378006872852,1.32295718585338,2.25181634332682,0.859106529209622,1.57640071728862,2.81697975730568
later_exploratory,past_only_main,CL_BRES,CL_BRES_G,3,MJ3,291,0.213414657338425,0.297923518238235,0.164022799083897,0.797250859106529,0.774620328428766,1.19557387637146,0.845360824742268,0.994214428028077,1.50770985080499,0.896907216494845,1.1846795604887,1.84815543539452
later_exploratory,past_only_main,CL_BRES,CL_BRES_G,3,MJ1,291,0.322547414467162,0.465649816646394,0.255264798986737,0.831615120274914,1.19971512568779,1.87447353394699,0.876288659793814,1.53981769352957,2.46801377055106,0.924398625429553,1.83480595028321,3.19692544263717
later_exploratory,past_only_main,CL_BRES,CL_BRES_G,4,ATU1,290,0.50087977981851,0.591202999328992,0.338230929136451,0.758620689655172,1.48229783613633,2.01813489238382,0.872413793103448,1.90250867584485,2.2801408051349,0.944827586206897,2.26697891157759,2.54978699378444
later_exploratory,past_only_main,CL_BRES,CL_BRES_G,4,ATU5,290,0.424535711911951,0.617805559887883,0.322869383785852,0.741379310344828,1.41687348931531,2.38295532198317,0.786206896551724,1.81853743578496,3.14728081671416,0.837931034482759,2.16692100760495,3.93147518696251
later_exploratory,past_only_main,CL_BRES,CL_BRES_G,4,MJ3,290,0.278218701596984,0.390607720837217,0.217317347014788,0.793103448275862,1.0288152066121,1.60799823358882,0.831034482758621,1.32047002208578,2.04726872190374,0.896551724137931,1.57343707886616,2.48733749256093
later_exploratory,past_only_main,CL_BRES,CL_BRES_G,4,MJ1,290,0.387948668497739,0.547475891796287,0.30829137641681,0.837931034482759,1.49445481706221,2.24498265278407,0.893103448275862,1.91811199193944,2.95035566072052,0.906896551724138,2.28557140946536,3.85124738291118
later_exploratory,past_only_main,CL_BRES,CL_BRES_G,5,ATU1,289,0.644426089292175,0.766444075910701,0.438321998370378,0.747404844290657,1.88994157725019,2.65619481288522,0.86159169550173,2.42571375327011,3.03394427160415,0.934256055363322,2.8904162141311,3.42810105527688
later_exploratory,past_only_main,CL_BRES,CL_BRES_G,5,ATU5,289,0.533546179038965,0.773286444533322,0.4083123561141,0.747404844290657,1.81381786922616,3.06575983065458,0.785467128027682,2.32801003177597,4.07885632678038,0.823529411764706,2.77399504926494,5.13831174252361
later_exploratory,past_only_main,CL_BRES,CL_BRES_G,5,MJ3,289,0.342822683667569,0.484280932864891,0.271738704599922,0.795847750865052,1.28581519612568,2.03188491091985,0.830449826989619,1.65032593755827,2.60941507074725,0.878892733564014,1.96648464481387,3.19035883246051
later_exploratory,past_only_main,CL_BRES,CL_BRES_G,5,MJ1,289,0.449491104585433,0.623066154404767,0.359465096578179,0.85121107266436,1.79854146298962,2.60115136414752,0.896193771626298,2.30840297664023,3.4489378492248,0.913494809688581,2.75063180205602,4.46196404451062
later_exploratory,past_only_main,CL_BRES,CL_BRES_G,6,ATU1,288,0.790494578452173,0.951387627124079,0.542690906876822,0.743055555555556,2.3022561061015,3.34790929581183,0.864583333333333,2.95491372185478,3.88146488551605,0.930555555555556,3.52099687009381,4.4665299736522
later_exploratory,past_only_main,CL_BRES,CL_BRES_G,6,ATU5,288,0.639112384668511,0.921317051139483,0.491914321684302,0.739583333333333,2.21435868140456,3.74208681090877,0.784722222222222,2.84209859860923,5.00743041299556,0.819444444444444,3.38656935943285,6.3631431266553
later_exploratory,past_only_main,CL_BRES,CL_BRES_G,6,MJ3,288,0.408937322240492,0.580678507004102,0.328081491747907,0.791666666666667,1.54484906313649,2.46849117882862,0.833333333333333,1.98279230653731,3.18820171808779,0.881944444444444,2.36264275796916,3.95322109660688
later_exploratory,past_only_main,CL_BRES,CL_BRES_G,6,MJ1,288,0.50958690801955,0.697801072712348,0.411375595537302,0.857638888888889,2.11732332151594,2.99636773629319,0.895833333333333,2.71755506251865,3.96010138073607,0.913194444444444,3.23816658289084,5.06341820408458
later_exploratory,past_only_main,CL_BRES,CL_BRES_G,7,ATU1,287,0.937430367731935,1.14674841536015,0.65101528479692,0.742160278745645,2.71482014451948,4.09025537928893,0.860627177700348,3.4844339325013,4.83814959009061,0.9198606271777,4.1519591180093,5.70719036584299
later_exploratory,past_only_main,CL_BRES,CL_BRES_G,7,ATU5,287,0.739923825630421,1.06036573244238,0.572719257528193,0.742160278745645,2.61291595478233,4.41438946249156,0.790940766550523,3.35364132095356,5.91947839548753,0.818815331010453,3.99611010878613,7.59154197586545
later_exploratory,past_only_main,CL_BRES,CL_BRES_G,7,MJ3,287,0.478574271744009,0.681456838682604,0.387254435429312,0.773519163763066,1.80621815774631,2.9204900279357,0.822299651567944,2.31825590769116,3.78972640304853,0.881533101045296,2.76237229354145,4.75976529858418
later_exploratory,past_only_main,CL_BRES,CL_BRES_G,7,MJ1,287,0.567552473431499,0.770990806354592,0.464227484781967,0.846689895470383,2.4508455846961,3.41106554359384,0.898954703832753,3.14562625294933,4.48257426157891,0.912891986062718,3.74824486725362,5.70841856379484
later_exploratory,past_only_main,PINN_EQ,PINN_EQ_G,1,ATU1,293,0.134953939861779,0.175558535980798,0.100364677598259,0.733788395904437,0.466916837535976,0.667689601930712,0.853242320819113,0.599281273071042,0.805071069273816,0.918088737201365,0.714087680862811,0.954961480206226
later_exploratory,past_only_main,PINN_EQ,PINN_EQ_G,1,ATU5,293,0.0724163260899976,0.0944673366802869,0.0536834426545108,0.737201365187713,0.25099005761537,0.358057703445722,0.880546075085324,0.322142251390365,0.425858843025586,0.918088737201365,0.383856168280437,0.489878095307829
later_exploratory,past_only_main,PINN_EQ,PINN_EQ_G,1,MJ3,293,0.0773548232833614,0.104700528785719,0.0620832238914651,0.778156996587031,0.298276814821117,0.429349850584474,0.84641638225256,0.382834147204644,0.517699619230895,0.901023890784983,0.456175022675947,0.602344106483728
later_exploratory,past_only_main,PINN_EQ,PINN_EQ_G,1,MJ1,293,0.156700443887788,0.254755225300252,0.127493863394986,0.829351535836177,0.550515727999992,0.985036352349101,0.870307167235495,0.706579287357674,1.34209148528207,0.89419795221843,0.841941150720941,1.79728002908231
later_exploratory,past_only_main,PINN_EQ,PINN_EQ_G,2,ATU1,292,0.299973791593966,0.480417823692622,0.236799714426734,0.64041095890411,0.845100699207028,1.75132069524808,0.736301369863014,1.08467500458258,2.19737876964986,0.797945205479452,1.29246998582653,2.55748176368728
later_exploratory,past_only_main,PINN_EQ,PINN_EQ_G,2,ATU5,292,0.207571701900183,0.318611212790429,0.155035499589134,0.736301369863014,0.535168616286696,1.0678939761165,0.797945205479452,0.686881482724977,1.35593378615012,0.86986301369863,0.818469768816783,1.61206997931481
later_exploratory,past_only_main,PINN_EQ,PINN_EQ_G,2,MJ3,292,0.152240240287985,0.19528571063287,0.12579336523375,0.818493150684932,0.701115745055346,0.94013595238062,0.863013698630137,0.899872316629729,1.1771801240467,0.907534246575342,1.07226400111219,1.3776927208453
later_exploratory,past_only_main,PINN_EQ,PINN_EQ_G,2,MJ1,292,0.253209332350075,0.389312940776716,0.205208370768209,0.835616438356164,1.0012445103387,1.57486980240997,0.886986301369863,1.28508341651942,2.09003728333344,0.907534246575342,1.53127133760581,2.70300782381759
later_exploratory,past_only_main,PINN_EQ,PINN_EQ_G,3,ATU1,291,0.517537769811408,0.856913376273051,0.404007959212917,0.652920962199313,1.30096976084443,2.99067059570509,0.707903780068729,1.66977661079895,3.90591179474203,0.769759450171821,1.9896615515016,4.79715725750057
later_exploratory,past_only_main,PINN_EQ,PINN_EQ_G,3,ATU5,291,0.377102008501174,0.59524243445914,0.28498092417132,0.718213058419244,0.919504900472073,2.00531563622621,0.786941580756014,1.18017176304445,2.61791338189001,0.845360824742268,1.40626139203966,3.24733060954623
later_exploratory,past_only_main,PINN_EQ,PINN_EQ_G,3,MJ3,291,0.300384591428895,0.362997546441967,0.231959366901052,0.790378006872852,1.20467397967026,1.60446480033094,0.838487972508591,1.54618231371177,1.94451754259819,0.903780068728522,1.84238986299618,2.16685884062174
later_exploratory,past_only_main,PINN_EQ,PINN_EQ_G,3,MJ1,291,0.319649416404957,0.463286561443276,0.260841766612235,0.814432989690722,1.36654533471612,1.96030647749483,0.900343642611684,1.75394194867707,2.53157740859648,0.924398625429553,2.08995073728981,3.20869378528117
later_exploratory,past_only_main,PINN_EQ,PINN_EQ_G,4,ATU1,290,0.737294806927886,1.23972425030573,0.57621338920818,0.655172413793103,1.75747527491182,4.2647061240687,0.706896551724138,2.25569509486556,5.69921880674996,0.772413793103448,2.68782648717143,7.25788104941656
later_exploratory,past_only_main,PINN_EQ,PINN_EQ_G,4,ATU5,290,0.548642923534489,0.875097887105211,0.42001481001862,0.724137931034483,1.3298889412929,3.01173761448885,0.789655172413793,1.70689397706655,4.01607513674983,0.848275862068966,2.03388962133922,5.20094885928364
later_exploratory,past_only_main,PINN_EQ,PINN_EQ_G,4,MJ3,290,0.455594951041998,0.54277206700021,0.344718316583487,0.772413793103448,1.73681996478561,2.29471540929147,0.841379310344828,2.2291842913284,2.76148643161668,0.906896551724138,2.65623691635329,3.1848824120064
later_exploratory,past_only_main,PINN_EQ,PINN_EQ_G,4,MJ1,290,0.37881252846617,0.526714128681012,0.314542475493368,0.810344827586207,1.73128314426415,2.38837804091573,0.86551724137931,2.22207785912437,3.02187011743968,0.920689655172414,2.64776908009707,3.73865873438592
later_exploratory,past_only_main,PINN_EQ,PINN_EQ_G,5,ATU1,289,0.962895341448756,1.6289929352063,0.753833458497696,0.650519031141868,2.22061098244582,5.61656400940229,0.71280276816609,2.85012334011866,7.62232893403644,0.775086505190311,3.39613142871733,9.99208846487684
later_exploratory,past_only_main,PINN_EQ,PINN_EQ_G,5,ATU5,289,0.72713249476202,1.16128118504891,0.562777622185123,0.719723183391003,1.77368702659863,4.08710137536737,0.782006920415225,2.27650265288995,5.53168925589461,0.847750865051903,2.71262022180277,7.35237923442632
later_exploratory,past_only_main,PINN_EQ,PINN_EQ_G,5,MJ3,289,0.611728597188943,0.730714582059173,0.462742722207294,0.754325259515571,2.29085402443792,3.03320330287693,0.86159169550173,2.94027930847385,3.70253361265175,0.889273356401384,3.50355889099859,4.38210687798362
later_exploratory,past_only_main,PINN_EQ,PINN_EQ_G,5,MJ1,289,0.441375408499503,0.59558608095699,0.37328591817636,0.813148788927336,2.12574283505358,2.87831125670087,0.847750865051903,2.72836139115332,3.65324313651815,0.885813148788927,3.25104311766695,4.33325739542828
later_exploratory,past_only_main,PINN_EQ,PINN_EQ_G,6,ATU1,288,1.19688143842571,2.02708210390087,0.938333709131964,0.652777777777778,2.69867982286243,7.04270529855578,0.722222222222222,3.4637180539276,9.69442735727767,0.78125,4.1272746261814,12.9888376864722
later_exploratory,past_only_main,PINN_EQ,PINN_EQ_G,6,ATU5,288,0.916064943184296,1.45780939823455,0.715495298762556,0.701388888888889,2.2570206002051,5.24706587341785,0.798611111111111,2.89685457859349,7.18445627610218,0.84375,3.45181513385855,9.74750148601262
later_exploratory,past_only_main,PINN_EQ,PINN_EQ_G,6,MJ3,288,0.76551035416746,0.926639514932526,0.586310387656596,0.743055555555556,2.86426621460645,3.83787227451508,0.854166666666667,3.67624588687375,4.78821547695515,0.881944444444444,4.38051715880652,5.78765417997199
later_exploratory,past_only_main,PINN_EQ,PINN_EQ_G,6,MJ1,288,0.514006577346348,0.679677414985405,0.440868263719596,0.774305555555556,2.55743079806302,3.44796157918346,0.847222222222222,3.28242689328208,4.37308886055855,0.868055555555556,3.91125288433242,5.17384937918386
later_exploratory,past_only_main,PINN_EQ,PINN_EQ_G,7,ATU1,287,1.43856941213288,2.43390126411283,1.12905706354209,0.644599303135889,3.18789465041596,8.53645010128377,0.728222996515679,4.09161848735099,11.9134861619434,0.780487804878049,4.8754641399607,16.254907656518
later_exploratory,past_only_main,PINN_EQ,PINN_EQ_G,7,ATU5,287,1.11288657425249,1.76505140433779,0.877211653242517,0.696864111498258,2.77589095862055,6.50213202249312,0.797909407665505,3.56281747380839,8.99546010343846,0.843205574912892,4.24535886825171,12.40662109105
later_exploratory,past_only_main,PINN_EQ,PINN_EQ_G,7,MJ3,287,0.917175686993653,1.13039973053752,0.715887517712802,0.735191637630662,3.45910686019347,4.70956445137556,0.843205574912892,4.43971559005048,5.98645270427807,0.871080139372822,5.29024742112001,7.40178681433292
later_exploratory,past_only_main,PINN_EQ,PINN_EQ_G,7,MJ1,287,0.598104205851327,0.780820137671897,0.518111088918215,0.759581881533101,3.02382577696118,4.09989963030788,0.829268292682927,3.88103836804283,5.18917037662019,0.86411149825784,4.62454245128188,6.18742786769575
later_exploratory,past_only_main,PINN_NOEQ,PINN_NOEQ_G,1,ATU1,293,0.34637682757738,0.522761440622902,0.254790801043214,0.805460750853242,0.99750192673757,1.82956445336105,0.84641638225256,1.28027986247134,2.43398109345149,0.863481228668942,1.52554754992175,3.10091303258314
later_exploratory,past_only_main,PINN_NOEQ,PINN_NOEQ_G,1,ATU5,293,0.353206404794588,0.58267493398674,0.262277457010922,0.713310580204778,0.768903726083995,1.85754032641575,0.791808873720137,0.986877248351925,2.51507761494027,0.83617747440273,1.17593677166074,3.30448707310724
later_exploratory,past_only_main,PINN_NOEQ,PINN_NOEQ_G,1,MJ3,293,0.143402095075916,0.208958445974878,0.110814876357029,0.726962457337884,0.466436807139558,0.78170091723639,0.784982935153584,0.598665160727383,0.935472689168929,0.853242320819113,0.713353537724338,1.0788884402448
later_exploratory,past_only_main,PINN_NOEQ,PINN_NOEQ_G,1,MJ1,293,0.20035155154482,0.282055217732333,0.146481562604417,0.784982935153584,0.556847120900312,0.952019956846897,0.860068259385666,0.714705542169212,1.22500811472368,0.897610921501707,0.851624180565558,1.51516662605952
later_exploratory,past_only_main,PINN_NOEQ,PINN_NOEQ_G,2,ATU1,292,0.236572613401632,0.303650047577058,0.179877469463956,0.835616438356164,1.12736634445402,1.31958261206679,0.921232876712329,1.44695903811737,1.65722092391162,0.948630136986301,1.72415803774035,1.96596604293852
later_exploratory,past_only_main,PINN_NOEQ,PINN_NOEQ_G,2,ATU5,292,0.250972921868304,0.367974290598234,0.189153677290422,0.75,0.761066664933894,1.4118666790666,0.815068493150685,0.976818489263368,1.90739589277526,0.839041095890411,1.16395102094122,2.48482136352977
later_exploratory,past_only_main,PINN_NOEQ,PINN_NOEQ_G,2,MJ3,292,0.153434007101259,0.198108883650171,0.113657267348484,0.753424657534247,0.526285698853253,0.729756984202072,0.934931506849315,0.675480381629123,0.883364987667392,0.952054794520548,0.804884518940554,1.09161693496683
later_exploratory,past_only_main,PINN_NOEQ,PINN_NOEQ_G,2,MJ1,292,0.236896507112686,0.375986211634291,0.193635989794583,0.856164383561644,0.913832020638663,1.49282162324179,0.886986301369863,1.17289070060411,2.02132698291004,0.904109589041096,1.39758547102247,2.68797334105456
later_exploratory,past_only_main,PINN_NOEQ,PINN_NOEQ_G,3,ATU1,291,0.338539858502824,0.428989360835303,0.264561099112909,0.766323024054983,1.53898392741212,1.96379756136459,0.845360824742268,1.97526448633234,2.36028930225621,0.93127147766323,2.35367280694005,2.66755610355842
later_exploratory,past_only_main,PINN_NOEQ,PINN_NOEQ_G,3,ATU5,291,0.210103711316576,0.276095238945499,0.161929619372131,0.855670103092783,0.944836399404313,1.20936134878711,0.883161512027491,1.21268438993754,1.53872644900266,0.927835051546392,1.4450025764886,1.85131740634462
later_exploratory,past_only_main,PINN_NOEQ,PINN_NOEQ_G,3,MJ3,291,0.317184436945869,0.367547479377218,0.223920469736734,0.70446735395189,1.02359406053341,1.38159761359983,0.859106529209622,1.3137687536427,1.5543585508498,0.972508591065292,1.56545202500852,1.7618188841705
later_exploratory,past_only_main,PINN_NOEQ,PINN_NOEQ_G,3,MJ1,291,0.283124094841773,0.433247724501028,0.235978856787586,0.855670103092783,1.2367197218808,1.85393438026348,0.893470790378007,1.58731257855676,2.49287303002825,0.917525773195876,1.89139959641554,3.27843687416045
later_exploratory,past_only_main,PINN_NOEQ,PINN_NOEQ_G,4,ATU1,290,0.540156851061042,0.737602722533233,0.426997268836022,0.693103448275862,2.03215861250229,3.17512536801665,0.793103448275862,2.60824734188093,3.91423909072371,0.858620689655172,3.10791840021262,4.48599193781921
later_exploratory,past_only_main,PINN_NOEQ,PINN_NOEQ_G,4,ATU5,290,0.299296986575446,0.401515520842011,0.234868585037996,0.803448275862069,1.28283795079119,1.74369042556763,0.868965517241379,1.64650468454088,2.20813027883184,0.903448275862069,1.96193134100182,2.66853621623927
later_exploratory,past_only_main,PINN_NOEQ,PINN_NOEQ_G,4,MJ3,290,0.535437067437126,0.588423954675052,0.361691266382866,0.731034482758621,1.65004901962033,2.08496769309273,0.896551724137931,2.11781498890904,2.37551196563903,0.982758620689655,2.52353220746693,2.62324462220814
later_exploratory,past_only_main,PINN_NOEQ,PINN_NOEQ_G,4,MJ1,290,0.337806824507784,0.489756509165642,0.285635855865444,0.820689655172414,1.5789492136117,2.23763608863263,0.903448275862069,2.02655937584355,2.94365979175296,0.927586206896552,2.41479443769528,3.80288630427045
later_exploratory,past_only_main,PINN_NOEQ,PINN_NOEQ_G,5,ATU1,289,0.756887706626087,1.09062675675955,0.602333633826267,0.674740484429066,2.53753643559015,4.47592208103465,0.761245674740484,3.25689275548444,5.67658636086576,0.830449826989619,3.88082708252269,6.72297761190943
later_exploratory,past_only_main,PINN_NOEQ,PINN_NOEQ_G,5,ATU5,289,0.469892438302014,0.638122806892595,0.361360426711704,0.750865051903114,1.70423011060666,2.63262749514274,0.847750865051903,2.1873556663325,3.32621790488393,0.892733564013841,2.60639503548834,4.12980475072943
later_exploratory,past_only_main,PINN_NOEQ,PINN_NOEQ_G,5,MJ3,289,0.765698695198184,0.830300232818779,0.510971651933315,0.785467128027682,2.32690805455209,2.84909266671454,0.903114186851211,2.98655415514717,3.31201715579059,0.975778546712803,3.55869877176591,3.60781199182264
later_exploratory,past_only_main,PINN_NOEQ,PINN_NOEQ_G,5,MJ1,289,0.396171180995336,0.56085332281114,0.346455124726035,0.813148788927336,1.96352370527879,2.73918650931285,0.86159169550173,2.52015539215587,3.50887455336246,0.916955017301038,3.0029503678236,4.33831006116634
later_exploratory,past_only_main,PINN_NOEQ,PINN_NOEQ_G,6,ATU1,288,1.00346826308111,1.46878839552998,0.790924946366097,0.666666666666667,3.08205188619998,5.84512736024245,0.743055555555556,3.95577077018695,7.5454735159198,0.822916666666667,4.71359160087224,9.1994563438591
later_exploratory,past_only_main,PINN_NOEQ,PINN_NOEQ_G,6,ATU5,288,0.668322290982739,0.920180109279884,0.510940448538771,0.732638888888889,2.2059017973016,3.71822676663412,0.822916666666667,2.83124430537324,4.72174361212728,0.881944444444444,3.37363567130912,5.97785688838217
later_exploratory,past_only_main,PINN_NOEQ,PINN_NOEQ_G,6,MJ3,288,0.99897512980999,1.08519626440329,0.668112463613867,0.8125,3.03382305212259,3.7213801709169,0.899305555555556,3.89386973179827,4.36765077123439,0.944444444444444,4.63983196423375,4.79898576786654
later_exploratory,past_only_main,PINN_NOEQ,PINN_NOEQ_G,6,MJ1,288,0.469234597735446,0.656243473739802,0.421002358620367,0.795138888888889,2.39444924978673,3.32859948465364,0.833333333333333,3.0732423407319,4.25590644266541,0.875,3.6619941160125,5.12135059943735
later_exploratory,past_only_main,PINN_NOEQ,PINN_NOEQ_G,7,ATU1,287,1.28263213232277,1.86827582514757,0.993345603739687,0.662020905923345,3.68110127181342,7.27796812358779,0.749128919860627,4.72464233270625,9.48095223860568,0.832752613240418,5.62975857560045,11.8619433379908
later_exploratory,past_only_main,PINN_NOEQ,PINN_NOEQ_G,7,ATU5,287,0.892905975424338,1.2310490150634,0.680320527709238,0.738675958188153,2.78610383860168,4.94183763874543,0.81184668989547,3.5759255633541,6.38892013187529,0.878048780487805,4.26097812032055,8.24220890539775
later_exploratory,past_only_main,PINN_NOEQ,PINN_NOEQ_G,7,MJ3,287,1.22874956853979,1.3469605256521,0.830247781297981,0.794425087108014,3.75776336467407,4.67275323870148,0.89198606271777,4.8230370636572,5.5533404284033,0.930313588850174,5.74700312901997,6.1797627211032
later_exploratory,past_only_main,PINN_NOEQ,PINN_NOEQ_G,7,MJ1,287,0.558997915876934,0.774861394789424,0.508401779847081,0.766550522648084,2.86583856074368,4.02085274375769,0.825783972125436,3.67826397129283,5.14164782370784,0.857142857142857,4.38292185471036,6.14487061716378
later_exploratory,past_only_main,RR_DIRECT,RR_DIRECT_G,1,ATU1,293,0.0005030045053086,0.0007926956820866,0.0004285985921731,0.819112627986348,0.0024281913940693,0.0034167072930383,0.853242320819113,0.0031165499140705,0.0045843796564512,0.887372013651877,0.003713598272522,0.0059580632269187
later_exploratory,past_only_main,RR_DIRECT,RR_DIRECT_G,1,ATU5,293,0.0003447692597271,0.0005672222513386,0.0003065129521511,0.843003412969283,0.0017471520722545,0.0024822199252008,0.866894197952218,0.0022424454077014,0.0033832656006014,0.883959044368601,0.0026720385111266,0.004441466153614
later_exploratory,past_only_main,RR_DIRECT,RR_DIRECT_G,1,MJ3,293,0.0001207497105383,0.0001617363097493,9.22423074330124e-05,0.822525597269625,0.0004748508142051,0.0006156409168326,0.901023890784983,0.0006094644218991,0.0007829723396284,0.938566552901024,0.000726221651092,0.0009664952681181
later_exploratory,past_only_main,RR_DIRECT,RR_DIRECT_G,1,MJ1,293,0.0001266615139251,0.0001581881268057,8.90861636697709e-05,0.822525597269625,0.0004357651671413,0.0005721461376831,0.918088737201365,0.000559298536964,0.0007105211098649,0.948805460750853,0.0006664453122716,0.0008568136162382
later_exploratory,past_only_main,RR_DIRECT,RR_DIRECT_G,2,ATU1,292,0.002051491276842,0.0032234976091483,0.0017504500421419,0.825342465753425,0.009751670094245,0.013980384616347,0.852739726027397,0.012516133064484,0.0189268922245482,0.873287671232877,0.0149138924158003,0.0247068307828122
later_exploratory,past_only_main,RR_DIRECT,RR_DIRECT_G,2,ATU5,292,0.001472161705423,0.0023650055753231,0.0012952190342083,0.828767123287671,0.007240860070402,0.0104443140711307,0.863013698630137,0.0092935432871161,0.0142336892685711,0.89041095890411,0.0110739398527918,0.0188393783155879
later_exploratory,past_only_main,RR_DIRECT,RR_DIRECT_G,2,MJ3,292,0.0004578606350129,0.0006191988999753,0.0003524704751109,0.828767123287671,0.0018057391142513,0.0023859715770086,0.897260273972603,0.0023176410620137,0.0030728385821033,0.938356164383562,0.0027616396597336,0.0038208341729483
later_exploratory,past_only_main,RR_DIRECT,RR_DIRECT_G,2,MJ1,292,0.0004654442200254,0.0005856518036987,0.0003267765295301,0.797945205479452,0.0015041149063926,0.0020574068166541,0.904109589041096,0.0019305105823645,0.0025205882783532,0.955479452054795,0.0023003452411998,0.003070839192743
later_exploratory,past_only_main,RR_DIRECT,RR_DIRECT_G,3,ATU1,291,0.0052448834510914,0.0081385444094191,0.0044774515948046,0.804123711340206,0.0248599521585032,0.0358044463813551,0.848797250859107,0.0319074031612431,0.0483277700034641,0.872852233676976,0.0380200158917133,0.0629729105708991
later_exploratory,past_only_main,RR_DIRECT,RR_DIRECT_G,3,ATU5,291,0.0038884160685062,0.0060825195037667,0.0033844896894785,0.838487972508591,0.0187816804349889,0.0272474350699378,0.852233676975945,0.0241060258629689,0.0371723398668127,0.88659793814433,0.0287241014809197,0.0491732838126673
later_exploratory,past_only_main,RR_DIRECT,RR_DIRECT_G,3,MJ3,291,0.0011223392707428,0.0015150845916559,0.0008643722123079,0.821305841924399,0.0044210080951865,0.005900337365353,0.893470790378007,0.0056743024593583,0.0075901439846844,0.941580756013746,0.0067613484114977,0.0094894408446734
later_exploratory,past_only_main,RR_DIRECT,RR_DIRECT_G,3,MJ1,291,0.0011324563380998,0.0014148953329968,0.000789450377066,0.807560137457045,0.0035343078752992,0.0049345560305974,0.903780068728522,0.0045362350480128,0.0059959004564232,0.951890034364261,0.0054052574489505,0.007315442914941
later_exploratory,past_only_main,RR_DIRECT,RR_DIRECT_G,4,ATU1,290,0.0107551550886383,0.0164569847937816,0.0091723664940522,0.8,0.0509912219776213,0.0731459178623744,0.855172413793103,0.0654465248746615,0.0983202763261504,0.868965517241379,0.0779843443610087,0.12786469530616
later_exploratory,past_only_main,RR_DIRECT,RR_DIRECT_G,4,ATU5,290,0.0081568508721908,0.0124838332916626,0.0070392272180999,0.83448275862069,0.0389194423614613,0.0564015952502728,0.855172413793103,0.0499525634772101,0.0769725854352593,0.875862068965517,0.0595221506318725,0.101459703151449
later_exploratory,past_only_main,RR_DIRECT,RR_DIRECT_G,4,MJ3,290,0.0022220821041981,0.0029974318684399,0.001714861440721,0.824137931034483,0.0087565982786976,0.0117757896491812,0.882758620689655,0.0112389722159605,0.0151765829788772,0.93448275862069,0.0133920614002222,0.0189388404890733
later_exploratory,past_only_main,RR_DIRECT,RR_DIRECT_G,4,MJ1,290,0.002244828859266,0.00279069411045,0.001560886205028,0.786206896551724,0.0068653249055308,0.0096782398433898,0.889655172413793,0.0088115491211385,0.0117314988247386,0.941379310344828,0.010499608380018,0.0141434579511669
later_exploratory,past_only_main,RR_DIRECT,RR_DIRECT_G,5,ATU1,289,0.0192230902636359,0.0290711939802942,0.0164102635311567,0.792387543252595,0.0919457156189057,0.131255382085015,0.84083044982699,0.118011048392065,0.175682549386885,0.882352941176471,0.140618837345997,0.226898071399458
later_exploratory,past_only_main,RR_DIRECT,RR_DIRECT_G,5,ATU5,289,0.0147621158133468,0.0222890199365693,0.0127005493242658,0.823529411764706,0.0703256253846483,0.101622022406696,0.854671280276817,0.0902619629920305,0.137948865389261,0.882352941176471,0.107553762681087,0.18176369174298
later_exploratory,past_only_main,RR_DIRECT,RR_DIRECT_G,5,MJ3,289,0.003868566232893,0.0052152749252329,0.0029919324042785,0.823529411764706,0.0152416311367409,0.0206691996582953,0.878892733564014,0.0195624217783532,0.0265532595008736,0.934256055363322,0.0233100632832754,0.0333225683066822
later_exploratory,past_only_main,RR_DIRECT,RR_DIRECT_G,5,MJ1,289,0.0039207187986829,0.0048571185350357,0.002724866198682,0.785467128027682,0.0118434818394708,0.0168386005416709,0.875432525951557,0.0152009443733243,0.0203647607692028,0.937716262975779,0.0181130424096969,0.0241390898539768
later_exploratory,past_only_main,RR_DIRECT,RR_DIRECT_G,6,ATU1,288,0.0313136247375599,0.0468504747161833,0.0267754728273902,0.791666666666667,0.151600045033366,0.214290073342958,0.847222222222222,0.194576551286234,0.286236399475882,0.885416666666667,0.231852261203222,0.369068167906022
later_exploratory,past_only_main,RR_DIRECT,RR_DIRECT_G,6,ATU5,288,0.0241699366957033,0.0361396930709687,0.0207434541779931,0.822916666666667,0.115206954019285,0.165470655515027,0.857638888888889,0.147866524659201,0.225171904026764,0.885416666666667,0.176193831537625,0.297289509901257
later_exploratory,past_only_main,RR_DIRECT,RR_DIRECT_G,6,MJ3,288,0.0061733971295304,0.0083136771920508,0.0047811376908006,0.819444444444444,0.0242634068005872,0.0330907950700552,0.885416666666667,0.0311417454834637,0.0427396570113514,0.927083333333333,0.0371076784968854,0.0533783470886486
later_exploratory,past_only_main,RR_DIRECT,RR_DIRECT_G,6,MJ1,288,0.0063015242812514,0.0077547372263908,0.0043650704103821,0.774305555555556,0.0188102215232209,0.0268824909769047,0.871527777777778,0.0241426579531065,0.0323452908614665,0.934027777777778,0.0287677513085838,0.0379333858953359
later_exploratory,past_only_main,RR_DIRECT,RR_DIRECT_G,7,ATU1,287,0.0478965021697069,0.0706295674144255,0.0408347286564679,0.794425087108014,0.233553400286012,0.326548907416573,0.850174216027875,0.29976254399412,0.436023459233457,0.888501742160279,0.357189102127878,0.563646771881883
later_exploratory,past_only_main,RR_DIRECT,RR_DIRECT_G,7,ATU5,287,0.0368347910655556,0.054618794541546,0.031492653383342,0.822299651567944,0.17532601067012,0.250669028811126,0.86411149825784,0.225028498503799,0.340755508773774,0.885017421602787,0.268137994369738,0.450438728494457
later_exploratory,past_only_main,RR_DIRECT,RR_DIRECT_G,7,MJ3,287,0.0092461108942987,0.0124307578472557,0.0071603665871968,0.825783972125436,0.0361111681959031,0.049582786731952,0.874564459930314,0.0463481826072561,0.0642225022800913,0.905923344947735,0.0552272659224305,0.0801923357416711
later_exploratory,past_only_main,RR_DIRECT,RR_DIRECT_G,7,MJ1,287,0.0094928747035081,0.0115917967191039,0.0065519721165815,0.780487804878049,0.0280978915968796,0.0401023212211927,0.878048780487805,0.0360632534385571,0.0483851820268954,0.937282229965157,0.0429720169301043,0.0561940201661486
later_exploratory,past_only_main,RR_BRES,RR_BRES_G,1,ATU1,293,0.001553007642166,0.0023935267376652,0.0018528436053827,0.853242320819113,0.0136227456928402,0.0168866866600904,0.901023890784983,0.0174846048058784,0.0222771231885484,0.921501706484642,0.0208341916520295,0.0281096338257275
later_exploratory,past_only_main,RR_BRES,RR_BRES_G,1,ATU5,293,0.0008070201628235,0.0011183305080052,0.0007279672370229,0.870307167235495,0.004533813083641,0.0059217681230833,0.897610921501707,0.0058190860945708,0.0078081047348729,0.918088737201365,0.0069338687536927,0.0099750754583574
later_exploratory,past_only_main,RR_BRES,RR_BRES_G,1,MJ3,293,0.0006806024658558,0.0011620272511564,0.0005656824934294,0.781569965870307,0.002204113922373,0.004380476733218,0.819112627986348,0.0028289495927363,0.0059651553598946,0.873720136518771,0.0033709013525628,0.0082214504539637
later_exploratory,past_only_main,RR_BRES,RR_BRES_G,1,MJ1,293,0.0007926255632918,0.0012883507563221,0.0006424559579258,0.781569965870307,0.0025628711001839,0.0048498167162869,0.843003412969283,0.0032894094454638,0.0064289617749472,0.901023890784983,0.0039195731084319,0.0086118827101602
later_exploratory,past_only_main,RR_BRES,RR_BRES_G,2,ATU1,292,0.0035113883619026,0.0050908873974684,0.0035708661290038,0.832191780821918,0.0244635989911829,0.0310212924529025,0.900684931506849,0.031398689378399,0.0412353734446266,0.917808219178082,0.0374138460316852,0.0533187986064734
later_exploratory,past_only_main,RR_BRES,RR_BRES_G,2,ATU5,292,0.0020042765523485,0.0028729010736586,0.0017476810090523,0.849315068493151,0.0104629926637791,0.0142720523159347,0.886986301369863,0.0134291056985232,0.0192053997607062,0.910958904109589,0.0160017664079034,0.0252387584464953
later_exploratory,past_only_main,RR_BRES,RR_BRES_G,2,MJ3,292,0.0009954432463985,0.0015610473144878,0.0007849058609996,0.811643835616438,0.0032830292158223,0.0057636982130495,0.873287671232877,0.0042137223801456,0.0077744222539612,0.893835616438356,0.0050209599021976,0.0103451927163533
later_exploratory,past_only_main,RR_BRES,RR_BRES_G,2,MJ1,292,0.0009875192788797,0.0015129043041633,0.0007792993122519,0.787671232876712,0.0032906819283727,0.005633639661097,0.873287671232877,0.0042235445303648,0.0073907540432038,0.897260273972603,0.0050326637160791,0.0095429548829253
later_exploratory,past_only_main,RR_BRES,RR_BRES_G,3,ATU1,291,0.0067056956966032,0.0098477252297061,0.0062177905740506,0.828178694158076,0.0395672053075393,0.0526150472779447,0.879725085910653,0.0507839582176974,0.0703945070610419,0.903780068728522,0.0605128185682688,0.0909943238615037
later_exploratory,past_only_main,RR_BRES,RR_BRES_G,3,ATU5,291,0.0044325468483023,0.0065789337878598,0.0038469533604504,0.838487972508591,0.0223358008695148,0.0314271643250442,0.865979381443299,0.0286676900554283,0.0426493619594476,0.890034364261168,0.034159659624377,0.0558903916615742
later_exploratory,past_only_main,RR_BRES,RR_BRES_G,3,MJ3,291,0.001504844776531,0.0021549171515307,0.0011565819252292,0.81786941580756,0.0053487863558162,0.0084231296848593,0.855670103092783,0.00686509296519,0.0108823526603261,0.910652920962199,0.0081802628159825,0.0134200701715093
later_exploratory,past_only_main,RR_BRES,RR_BRES_G,3,MJ1,291,0.0012205753906591,0.0017718575789809,0.0009674758086191,0.769759450171821,0.0043435725126153,0.0070440369468079,0.848797250859107,0.0055749149651052,0.0087706058843861,0.890034364261168,0.0066429209076436,0.0103631625677617
later_exploratory,past_only_main,RR_BRES,RR_BRES_G,4,ATU1,290,0.0121706727247152,0.018036852026281,0.0107722705242308,0.810344827586207,0.0649813410896109,0.0892369221923532,0.86551724137931,0.0834026483592973,0.119062052149912,0.903448275862069,0.0993803851729032,0.154383215426142
later_exploratory,past_only_main,RR_BRES,RR_BRES_G,4,ATU5,290,0.0087992050930458,0.0130483367124398,0.0075624173109685,0.824137931034483,0.0431332092360529,0.0613407514623798,0.862068965517241,0.0553608747095872,0.0831626033841593,0.889655172413793,0.0659665509474609,0.109393577436261
later_exploratory,past_only_main,RR_BRES,RR_BRES_G,4,MJ3,290,0.0024140555411334,0.0033055391999027,0.0018519434869857,0.83448275862069,0.0091703585012243,0.0133561840863908,0.886206896551724,0.0117700277122853,0.017494299104648,0.910344827586207,0.014024853053868,0.0220835419076029
later_exploratory,past_only_main,RR_BRES,RR_BRES_G,4,MJ1,290,0.0018689168806331,0.0025777268369673,0.0014447989234348,0.751724137931034,0.0066707786459762,0.0102793763400416,0.837931034482759,0.0085618517002558,0.0126007826226661,0.896551724137931,0.0102020755515821,0.0149057385345353
later_exploratory,past_only_main,RR_BRES,RR_BRES_G,5,ATU1,289,0.0208440911811969,0.0306572544062701,0.0179938668981888,0.813148788927336,0.105716688382135,0.146661235660991,0.847750865051903,0.135685900583142,0.196092349169384,0.892733564013841,0.161679722739664,0.253781835244467
later_exploratory,past_only_main,RR_BRES,RR_BRES_G,5,ATU5,289,0.0155918535629468,0.0229860096071117,0.013333783565272,0.823529411764706,0.0755099769567922,0.107669120157983,0.86159169550173,0.0969160061972553,0.145763260280428,0.889273356401384,0.115482544197025,0.191938134227916
later_exploratory,past_only_main,RR_BRES,RR_BRES_G,5,MJ3,289,0.0038825557306903,0.0052312733648311,0.002981524548389,0.84083044982699,0.0152166049860403,0.0213431683316929,0.892733564013841,0.0195303010616758,0.0279829715775616,0.916955017301038,0.0232717890886624,0.0356247345114337
later_exploratory,past_only_main,RR_BRES,RR_BRES_G,5,MJ1,289,0.0031806442220655,0.0042134876152649,0.0023580182342645,0.775086505190311,0.0108883206451193,0.0165861754130021,0.837370242214533,0.0139750082525338,0.0207164269607868,0.899653979238754,0.0166522494219574,0.024669890769863
later_exploratory,past_only_main,RR_BRES,RR_BRES_G,6,ATU1,288,0.0332329546608804,0.0485192458336081,0.028425123277561,0.805555555555556,0.165560269135712,0.22971219628738,0.857638888888889,0.212494304941382,0.307423181273474,0.895833333333333,0.253202581543303,0.398632230119021
later_exploratory,past_only_main,RR_BRES,RR_BRES_G,6,ATU5,288,0.0252101822515722,0.037016369422743,0.0215145350585138,0.826388888888889,0.121458776700302,0.172940463328391,0.861111111111111,0.155890652199917,0.23466010570791,0.892361111111111,0.185755169233247,0.309477748326492
later_exploratory,past_only_main,RR_BRES,RR_BRES_G,6,MJ3,288,0.0060267941557607,0.0080856986484339,0.0046407222585266,0.840277777777778,0.0238702677668843,0.0330923062114263,0.895833333333333,0.0306371569964925,0.0429781497380001,0.927083333333333,0.0365064242300358,0.0548501160478578
later_exploratory,past_only_main,RR_BRES,RR_BRES_G,6,MJ1,288,0.0052434119282989,0.0067742479741507,0.0037907906643123,0.788194444444444,0.0172773551862701,0.026044722772113,0.840277777777778,0.0221752453091418,0.0324301925017597,0.895833333333333,0.0264234345488919,0.0384623167549528
later_exploratory,past_only_main,RR_BRES,RR_BRES_G,7,ATU1,287,0.0500274761697272,0.0723766321016397,0.0425607883353299,0.808362369337979,0.247795787848467,0.342301125015437,0.860627177700348,0.318042450529595,0.458138744411134,0.895470383275261,0.378970954241179,0.593829274558361
later_exploratory,past_only_main,RR_BRES,RR_BRES_G,7,ATU5,287,0.0380763694739901,0.0556957329483146,0.0323948569073725,0.818815331010453,0.182388414572768,0.258989355057608,0.86411149825784,0.234092995779269,0.351630931821356,0.888501742160279,0.278939009065996,0.464672235587745
later_exploratory,past_only_main,RR_BRES,RR_BRES_G,7,MJ3,287,0.0089428598747419,0.0120038476559104,0.0069124891950382,0.829268292682927,0.0354037058444949,0.0489511854420371,0.878048780487805,0.0454401645095788,0.0635669938442555,0.930313588850174,0.0541452956245287,0.0808874496754197
later_exploratory,past_only_main,RR_BRES,RR_BRES_G,7,MJ1,287,0.0081605870809399,0.0103180431506718,0.0057956822365106,0.801393728222996,0.0260737888943146,0.0387392212556782,0.860627177700348,0.0334653457451482,0.0480060946490975,0.902439024390244,0.0398764189809633,0.0565156887747389
later_exploratory,past_only_main,C16_CORE_RULES,C16_CORE_RULES_G,1,ATU1,293,0.0001517463296999,0.0004157438071683,0.0001245786503465,0.911262798634812,0.0005248927634759,0.0010120903758746,0.935153583617747,0.0006736925684244,0.0015345252623377,0.945392491467577,0.0008027542081054,0.0023879830894861
later_exploratory,past_only_main,C16_CORE_RULES,C16_CORE_RULES_G,1,ATU5,293,9.05566979306025e-05,0.0002772238029174,7.58218731239786e-05,0.918088737201365,0.00030384878908,0.0006176874787254,0.935153583617747,0.0003899856987383,0.0009456841236032,0.9419795221843,0.0004646966219317,0.001476686973057
later_exploratory,past_only_main,C16_CORE_RULES,C16_CORE_RULES_G,1,MJ3,293,3.13414733218234e-05,7.43610641619857e-05,3.19644325079528e-05,0.928327645051195,0.0001879422323206,0.0002768891731136,0.955631399317406,0.0002412212436838,0.0003944489929477,0.959044368600683,0.0002874328403463,0.0005625418662005
later_exploratory,past_only_main,C16_CORE_RULES,C16_CORE_RULES_G,1,MJ1,293,3.09045215187012e-05,6.76526550163483e-05,2.90185581470663e-05,0.924914675767918,0.0001631055194683,0.0002508549859974,0.945392491467577,0.0002093436678424,0.0003602263237567,0.948805460750853,0.0002494483658901,0.0005158403850636
later_exploratory,past_only_main,C16_CORE_RULES,C16_CORE_RULES_G,2,ATU1,292,0.0007023806868137,0.0017914825458967,0.00056767899857,0.914383561643836,0.0022230199698668,0.0044712185700165,0.931506849315068,0.0028532152420023,0.0068494364687087,0.948630136986301,0.0033998156570468,0.0107555297823214
later_exploratory,past_only_main,C16_CORE_RULES,C16_CORE_RULES_G,2,ATU5,292,0.0004180512800512,0.0011952456376202,0.0003453186129549,0.904109589041096,0.0012825575239892,0.0027369024549308,0.931506849315068,0.0016461447606508,0.0042373618843529,0.934931506849315,0.001961502465222,0.0067490557629525
later_exploratory,past_only_main,C16_CORE_RULES,C16_CORE_RULES_G,2,MJ3,292,0.0001417313327068,0.0003196414895438,0.0001413096349248,0.931506849315068,0.0008085870556598,0.0012124369716291,0.955479452054795,0.0010378102504356,0.001741089583019,0.955479452054795,0.0012366271869486,0.0025084358746911
later_exploratory,past_only_main,C16_CORE_RULES,C16_CORE_RULES_G,2,MJ1,292,0.0001382578559919,0.000290775719446,0.000128443777865,0.914383561643836,0.0007022525807142,0.0010987175191152,0.938356164383562,0.000901331429407,0.001568461707298,0.941780821917808,0.0010740026412214,0.0022483684336687
later_exploratory,past_only_main,C16_CORE_RULES,C16_CORE_RULES_G,3,ATU1,291,0.0020084751937533,0.0047939010606247,0.0015914400451942,0.862542955326461,0.0058228078425488,0.0119477971865026,0.93127147766323,0.0074734929567846,0.0180561535421827,0.941580756013746,0.0089052161201498,0.0282294671365878
later_exploratory,past_only_main,C16_CORE_RULES,C16_CORE_RULES_G,3,ATU5,291,0.0011970589901296,0.0031887811312058,0.0009623278846829,0.893470790378007,0.00332366756825,0.0072628540740924,0.917525773195876,0.0042658811407982,0.0111236979779908,0.927835051546392,0.0050831108989223,0.0175937047591229
later_exploratory,past_only_main,C16_CORE_RULES,C16_CORE_RULES_G,3,MJ3,291,0.0003980431416756,0.0008461318661892,0.0003809215802369,0.927835051546392,0.002142781131043,0.0031814526986405,0.958762886597938,0.0027502298072887,0.0045364428770112,0.965635738831615,0.0032771009427085,0.0065633104536838
later_exploratory,past_only_main,C16_CORE_RULES,C16_CORE_RULES_G,3,MJ1,291,0.0003820269493567,0.0007673122121047,0.0003444037586281,0.914089347079038,0.0018551640550789,0.0028727372622225,0.934707903780069,0.0023810772868093,0.0040555424664785,0.945017182130584,0.0028372285838006,0.0056861947377762
later_exploratory,past_only_main,C16_CORE_RULES,C16_CORE_RULES_G,4,ATU1,290,0.0045115101977967,0.0103031688878745,0.0035791438060379,0.789655172413793,0.0122163857718655,0.0267238169965296,0.917241379310345,0.015679561388973,0.039643323514195,0.924137931034483,0.0186833497596549,0.0615752215430442
later_exploratory,past_only_main,C16_CORE_RULES,C16_CORE_RULES_G,4,ATU5,290,0.0027148769630622,0.0068608566865672,0.0021680105033222,0.806896551724138,0.0069149349538543,0.0162570487976248,0.910344827586207,0.0088752229288126,0.0244521890028997,0.924137931034483,0.0105754804015485,0.0389475772528377
later_exploratory,past_only_main,C16_CORE_RULES,C16_CORE_RULES_G,4,MJ3,290,0.0008878974732161,0.001795773285348,0.0008309941677546,0.903448275862069,0.0045516640050726,0.0068303023478494,0.944827586206897,0.0058419975041927,0.0096860324977397,0.958620689655172,0.0069611693821226,0.0138011831472732
later_exploratory,past_only_main,C16_CORE_RULES,C16_CORE_RULES_G,4,MJ1,290,0.0008323747567593,0.0016132700754284,0.00073852872904,0.913793103448276,0.0039012593917332,0.0060595671434267,0.924137931034483,0.0050072122204875,0.008484973920778,0.941379310344828,0.005966461364282,0.011799275112274
later_exploratory,past_only_main,C16_CORE_RULES,C16_CORE_RULES_G,5,ATU1,289,0.0087741548733037,0.0192775816648316,0.0069550201826542,0.771626297577855,0.0223075758419168,0.0522148575324134,0.875432525951557,0.0286314636247064,0.0765115879147067,0.923875432525952,0.0341164931697215,0.118649988824388
later_exploratory,past_only_main,C16_CORE_RULES,C16_CORE_RULES_G,5,ATU5,289,0.0052956414651663,0.012878051081158,0.0042373507195037,0.778546712802768,0.0125480118132998,0.0323588436715973,0.86159169550173,0.0161051988051398,0.047865928262195,0.916955017301038,0.0191905280231111,0.0762488591844861
later_exploratory,past_only_main,C16_CORE_RULES,C16_CORE_RULES_G,5,MJ3,289,0.0017194388389425,0.0033348029873145,0.0015898421325211,0.889273356401384,0.0084591616451912,0.0130573675636835,0.937716262975779,0.0108572164297908,0.0183927891237365,0.944636678200692,0.0129371713240047,0.025950013832283
later_exploratory,past_only_main,C16_CORE_RULES,C16_CORE_RULES_G,5,MJ1,289,0.0015714491395423,0.0029567078540292,0.0013833531737196,0.899653979238754,0.007150363014038,0.0111799628552889,0.923875432525952,0.0091773915727348,0.0157067908319883,0.937716262975779,0.0109355365485746,0.0218128009523981
later_exploratory,past_only_main,C16_CORE_RULES,C16_CORE_RULES_G,6,ATU1,288,0.0153359131973713,0.0326503803183149,0.0121668307426249,0.746527777777778,0.0368998832086452,0.0920715798221864,0.819444444444444,0.0473604873667632,0.133984862958748,0.895833333333333,0.056433501442408,0.20347032477044
later_exploratory,past_only_main,C16_CORE_RULES,C16_CORE_RULES_G,6,ATU5,288,0.0093387271073683,0.0218852244564011,0.0074510389385644,0.767361111111111,0.0206464490826382,0.0573864032295804,0.829861111111111,0.0264994305108617,0.0849647305634681,0.909722222222222,0.031576019021456,0.13188816824917
later_exploratory,past_only_main,C16_CORE_RULES,C16_CORE_RULES_G,6,MJ3,288,0.0030321071072592,0.0056427345090421,0.0027676686102408,0.864583333333333,0.0143227768888276,0.0227529741974987,0.927083333333333,0.0183830851188544,0.0316066167310428,0.930555555555556,0.0219047969784769,0.0443953703725365
later_exploratory,past_only_main,C16_CORE_RULES,C16_CORE_RULES_G,6,MJ1,288,0.0026975796182103,0.0049294025495575,0.0023538602371184,0.850694444444444,0.0119247419571562,0.0188845942280519,0.913194444444444,0.0153052406052478,0.0262702350469676,0.9375,0.0182373190352531,0.0364639585869079
later_exploratory,past_only_main,C16_CORE_RULES,C16_CORE_RULES_G,7,ATU1,287,0.0246414094035528,0.0512861356292586,0.019636144949787,0.728222996515679,0.0566495962300439,0.148338919991644,0.801393728222996,0.072708969603368,0.216863508124562,0.860627177700348,0.0866380810064747,0.322805906047355
later_exploratory,past_only_main,C16_CORE_RULES,C16_CORE_RULES_G,7,ATU5,287,0.0151944456749242,0.0344688694008088,0.0120704837814323,0.745644599303136,0.0315436520492247,0.0928238897086712,0.818815331010453,0.0404858390995797,0.138036017137864,0.871080139372822,0.0482418527818483,0.211075328915107
later_exploratory,past_only_main,C16_CORE_RULES,C16_CORE_RULES_G,7,MJ3,287,0.0049718724943853,0.0089034754305229,0.0044799849736006,0.846689895470383,0.0226103005421046,0.0367107995539965,0.898954703832753,0.0290200065709785,0.0505657681499793,0.933797909407665,0.0345794706460657,0.0706650206537927
later_exploratory,past_only_main,C16_CORE_RULES,C16_CORE_RULES_G,7,MJ1,287,0.0043028087278714,0.0076600592116557,0.0037243282088257,0.825783972125436,0.0185435812736883,0.0297205211127783,0.916376306620209,0.0238004288978715,0.0409996771750507,0.930313588850174,0.0283599602372434,0.056629899016416
later_exploratory,past_only_main,C16_PHYS_RULES,C16_PHYS_RULES_G,1,ATU1,293,0.0001573870677781,0.000425062910773,0.0001294943531897,0.904436860068259,0.0005297299297463,0.0010567016156485,0.921501706484642,0.0006799010041166,0.0015706795807805,0.938566552901024,0.0008101520155318,0.0023820026176652
later_exploratory,past_only_main,C16_PHYS_RULES,C16_PHYS_RULES_G,1,ATU5,293,9.44714781893454e-05,0.0002831415454196,7.85535832855737e-05,0.911262798634812,0.0003062072130223,0.0006415738557882,0.924914675767918,0.000393012703111,0.0009602271716726,0.938566552901024,0.0004683035200983,0.0014627089780148
later_exploratory,past_only_main,C16_PHYS_RULES,C16_PHYS_RULES_G,1,MJ3,293,3.14806062809022e-05,7.51833280913096e-05,3.24074932825788e-05,0.931740614334471,0.0001898368399244,0.0002805386084669,0.955631399317406,0.0002436529462039,0.0003979068344172,0.959044368600683,0.0002903303926148,0.0005677927096872
later_exploratory,past_only_main,C16_PHYS_RULES,C16_PHYS_RULES_G,1,MJ1,293,3.11770777133191e-05,6.7640431886629e-05,2.91084899632628e-05,0.928327645051195,0.0001632413361233,0.0002499859043815,0.948805460750853,0.0002095179866286,0.0003594884650025,0.948805460750853,0.0002496560795307,0.0005145563718946
later_exploratory,past_only_main,C16_PHYS_RULES,C16_PHYS_RULES_G,2,ATU1,292,0.000747084158263,0.0018890775930262,0.0006046429025891,0.900684931506849,0.0022711353436025,0.0047823862028805,0.917808219178082,0.0029149706556218,0.0072394596014747,0.941780821917808,0.0034734017710706,0.0111905529664452
later_exploratory,past_only_main,C16_PHYS_RULES,C16_PHYS_RULES_G,2,ATU5,292,0.0004445817335208,0.0012540934031519,0.0003661058723934,0.897260273972603,0.001305079366847,0.0029156723528137,0.921232876712329,0.0016750512330007,0.0044502224588357,0.928082191780822,0.001995946651507,0.006979207837088
later_exploratory,past_only_main,C16_PHYS_RULES,C16_PHYS_RULES_G,2,MJ3,292,0.0001432805656664,0.0003264409619933,0.0001446766259351,0.928082191780822,0.0008236472520596,0.0012420825952637,0.955479452054795,0.0010571398032512,0.0017722032414969,0.955479452054795,0.0012596597697516,0.0025531503455356
later_exploratory,past_only_main,C16_PHYS_RULES,C16_PHYS_RULES_G,2,MJ1,292,0.0001405738440293,0.0002914810191168,0.0001294329870968,0.921232876712329,0.0007062701484243,0.0010997992792991,0.938356164383562,0.0009064879217326,0.0015724379946336,0.941780821917808,0.0010801469808046,0.0022463759571463
later_exploratory,past_only_main,C16_PHYS_RULES,C16_PHYS_RULES_G,3,ATU1,291,0.0021535862244334,0.005098804442927,0.0017084068804712,0.852233676975945,0.0059625105646942,0.0129338073758354,0.920962199312715,0.0076527994594679,0.0195382043769355,0.93127147766323,0.0091188729961686,0.0300226031021217
later_exploratory,past_only_main,C16_PHYS_RULES,C16_PHYS_RULES_G,3,ATU5,291,0.0012765845013563,0.0033760100806194,0.00102914208343,0.865979381443299,0.0033879785810461,0.0078382108197845,0.910652920962199,0.0043484234321078,0.0119979644240758,0.917525773195876,0.0051814661054452,0.0186698588340748
later_exploratory,past_only_main,C16_PHYS_RULES,C16_PHYS_RULES_G,3,MJ3,291,0.0004011777424376,0.0008646931392976,0.0003894340478826,0.920962199312715,0.0021832238823609,0.0032674782755857,0.9553264604811,0.0028021375166701,0.0046234093200793,0.965635738831615,0.0033389527933715,0.0066700226064116
later_exploratory,past_only_main,C16_PHYS_RULES,C16_PHYS_RULES_G,3,MJ1,291,0.0003902029989891,0.0007703243186718,0.0003481693624773,0.910652920962199,0.0018705155665996,0.0028775469150776,0.938144329896907,0.0024007807385369,0.004077125820439,0.941580756013746,0.0028607066946211,0.0057036554317641
later_exploratory,past_only_main,C16_PHYS_RULES,C16_PHYS_RULES_G,4,ATU1,290,0.0048565819084662,0.0109236908328456,0.0038346648846927,0.789655172413793,0.0124815255605062,0.0288558780269576,0.882758620689655,0.0160198646235158,0.0421656672862484,0.917241379310345,0.0190888460740956,0.0645910666820135
later_exploratory,past_only_main,C16_PHYS_RULES,C16_PHYS_RULES_G,4,ATU5,290,0.0028956175729412,0.0072570508557734,0.002318811653789,0.803448275862069,0.0070387155345064,0.0175525601042636,0.906896551724138,0.0090340935841235,0.0261219968878808,0.917241379310345,0.0107647864634992,0.0410418386296363
later_exploratory,past_only_main,C16_PHYS_RULES,C16_PHYS_RULES_G,4,MJ3,290,0.0008966573093058,0.0018285169884583,0.0008442929305775,0.910344827586207,0.0046235335681558,0.0069440685075121,0.944827586206897,0.005934241089785,0.0098103375647011,0.962068965517241,0.0070710843937408,0.0139691644192524
later_exploratory,past_only_main,C16_PHYS_RULES,C16_PHYS_RULES_G,4,MJ1,290,0.0008558435437654,0.0016213235607805,0.0007479663445436,0.913793103448276,0.0039390381632082,0.0060865028613103,0.927586206896552,0.0050557007487159,0.0085299716526135,0.937931034482759,0.0060242390093208,0.0118131441551652
later_exploratory,past_only_main,C16_PHYS_RULES,C16_PHYS_RULES_G,5,ATU1,289,0.0094328415201296,0.0202981533079709,0.0074192203191867,0.757785467128028,0.0227124303827395,0.0556447639439141,0.85121107266436,0.0291510888023096,0.0807265465547698,0.910034602076125,0.0347356647585443,0.122078845589942
later_exploratory,past_only_main,C16_PHYS_RULES,C16_PHYS_RULES_G,5,ATU5,289,0.0056400729065401,0.0135677700943783,0.0045249429765685,0.785467128027682,0.0127457788961681,0.0346380481818734,0.844290657439446,0.0163590301079901,0.0511000883533335,0.906574394463668,0.019492986675707,0.0789653288103987
later_exploratory,past_only_main,C16_PHYS_RULES,C16_PHYS_RULES_G,5,MJ3,289,0.0017392348530459,0.0033787300676158,0.0016060303455662,0.885813148788927,0.0085611901713129,0.0131044181123493,0.934256055363322,0.010988168625371,0.0184332544911246,0.948096885813149,0.0130932104893007,0.0258108065022844
later_exploratory,past_only_main,C16_PHYS_RULES,C16_PHYS_RULES_G,5,MJ1,289,0.0016251687932332,0.002974675336512,0.0014030090791877,0.903114186851211,0.0072291964370552,0.0112308625090775,0.920415224913495,0.0092785731757828,0.0157367218786016,0.934256055363322,0.0110561018649216,0.0217814637373253
later_exploratory,past_only_main,C16_PHYS_RULES,C16_PHYS_RULES_G,6,ATU1,288,0.0165145054810155,0.0341333055764146,0.0129187757327759,0.736111111111111,0.0374400122797935,0.0968034992660169,0.822916666666667,0.0480537355243733,0.140355789086832,0.878472222222222,0.0572595575722718,0.207676946755491
later_exploratory,past_only_main,C16_PHYS_RULES,C16_PHYS_RULES_G,6,ATU5,288,0.009964493418712,0.0229674925305812,0.0079447584752146,0.760416666666667,0.0209308468682173,0.0609289027084701,0.826388888888889,0.0268644511169048,0.0899559426986143,0.871527777777778,0.0320109679006132,0.136136065510737
later_exploratory,past_only_main,C16_PHYS_RULES,C16_PHYS_RULES_G,6,MJ3,288,0.0030696882467577,0.0056878374550773,0.0027820084859314,0.864583333333333,0.014446039753559,0.0225935837135864,0.930555555555556,0.0185412912929842,0.0313722328420138,0.9375,0.0220933112622674,0.0437961638774974
later_exploratory,past_only_main,C16_PHYS_RULES,C16_PHYS_RULES_G,6,MJ1,288,0.0028095245320191,0.0049663372834511,0.0023916862024043,0.871527777777778,0.0120796963608159,0.0189278305433057,0.920138888888889,0.0155041224292134,0.0262172752544537,0.9375,0.0184743013452701,0.0363931704109295
later_exploratory,past_only_main,C16_PHYS_RULES,C16_PHYS_RULES_G,7,ATU1,287,0.0265810644580172,0.0532870548964058,0.0207647966592863,0.717770034843206,0.0572974248014687,0.154758064163582,0.794425087108014,0.0735404485730751,0.224226073776657,0.857142857142857,0.0876288493081811,0.332325766959674
later_exploratory,past_only_main,C16_PHYS_RULES,C16_PHYS_RULES_G,7,ATU5,287,0.0162495889832809,0.0360805344010874,0.0128615245691184,0.749128919860627,0.0319214979758275,0.0979748386264442,0.804878048780488,0.0409707990961254,0.144398237710526,0.860627177700348,0.048819718259707,0.218879905005632
later_exploratory,past_only_main,C16_PHYS_RULES,C16_PHYS_RULES_G,7,MJ3,287,0.005021282682464,0.0089294306687772,0.0044823927877267,0.850174216027875,0.0227296871462829,0.0362480501951228,0.909407665505226,0.0291732376185364,0.0497715895452361,0.930313588850174,0.0347620567009006,0.0688497131088887
later_exploratory,past_only_main,C16_PHYS_RULES,C16_PHYS_RULES_G,7,MJ1,287,0.0044968377394656,0.0077281928814954,0.0037908585689113,0.853658536585366,0.0188354444504759,0.0297333513808973,0.923344947735192,0.0241750312297842,0.0408515248674756,0.930313588850174,0.0288063264470032,0.056238966924614
