model,horizon,point,n,mae,rmse,crps,coverage80,width80,interval_score80,coverage90,width90,interval_score90,coverage95,width95,interval_score95
B_RAW,1,ATU1,376,35.9775672332,40.3284428141,,,,,,,,,,
B_RAW,1,ATU5,376,43.5549908491,48.5180203576,,,,,,,,,,
B_RAW,1,MJ3,376,20.5258863412,36.3771550925,,,,,,,,,,
B_RAW,1,MJ1,376,33.0021029845,40.2498692236,,,,,,,,,,
B_RAW,2,ATU1,375,36.0731549443,40.3821776945,,,,,,,,,,
B_RAW,2,ATU5,375,43.6709657843,48.5826678679,,,,,,,,,,
B_RAW,2,MJ3,375,20.5802730581,36.4256250469,,,,,,,,,,
B_RAW,2,MJ1,375,33.0899013783,40.3034997861,,,,,,,,,,
B_RAW,3,ATU1,374,36.1689382732,40.4361264543,,,,,,,,,,
B_RAW,3,ATU5,374,43.7873989834,48.6475741717,,,,,,,,,,
B_RAW,3,MJ3,374,20.634893114,36.4742890473,,,,,,,,,,
B_RAW,3,MJ1,374,33.1779075444,40.3573444798,,,,,,,,,,
B_RAW,4,ATU1,373,36.2649099427,40.4902895269,,,,,,,,,,
B_RAW,4,ATU5,373,43.9042834168,48.7127407601,,,,,,,,,,
B_RAW,4,MJ3,373,20.6897708295,36.5231484645,,,,,,,,,,
B_RAW,4,MJ1,373,33.2661192627,40.411404079,,,,,,,,,,
B_RAW,5,ATU1,372,36.3610681707,40.5446673423,,,,,,,,,,
B_RAW,5,ATU5,372,44.0216145142,48.77816911,,,,,,,,,,
B_RAW,5,MJ3,372,20.7449299588,36.572204702,,,,,,,,,,
B_RAW,5,MJ1,372,33.3545343788,40.4656793401,,,,,,,,,,
B_RAW,6,ATU1,371,36.4574025943,40.5992601782,,,,,,,,,,
B_RAW,6,ATU5,371,44.139384352,48.8438606569,,,,,,,,,,
B_RAW,6,MJ3,371,20.8003929624,36.6214591783,,,,,,,,,,
B_RAW,6,MJ1,371,33.4431493661,40.5201709849,,,,,,,,,,
B_RAW,7,ATU1,370,36.5535569343,40.6540612646,,,,,,,,,,
B_RAW,7,ATU5,370,44.2574307044,48.9098154328,,,,,,,,,,
B_RAW,7,MJ3,370,20.8561611655,36.6709132262,,,,,,,,,,
B_RAW,7,MJ1,370,33.5319190167,40.5748790995,,,,,,,,,,
B_RAW,8,ATU1,369,36.6494652944,40.7090657478,,,,,,,,,,
B_RAW,8,ATU5,369,44.3756905602,48.9760334359,,,,,,,,,,
B_RAW,8,MJ3,369,20.9122368978,36.7205681959,,,,,,,,,,
B_RAW,8,MJ1,369,33.6208013741,40.6298034281,,,,,,,,,,
B_RAW,9,ATU1,368,36.7451437955,40.7642703611,,,,,,,,,,
B_RAW,9,ATU5,368,44.4941386624,49.0425146647,,,,,,,,,,
B_RAW,9,MJ3,368,20.9686240671,36.7704254573,,,,,,,,,,
B_RAW,9,MJ1,368,33.7097590778,40.6849433951,,,,,,,,,,
B_RAW,10,ATU1,367,36.8405676444,40.8196704664,,,,,,,,,,
B_RAW,10,ATU5,367,44.6127403529,49.1092586686,,,,,,,,,,
B_RAW,10,MJ3,367,21.0253260813,36.8204863907,,,,,,,,,,
B_RAW,10,MJ1,367,33.7987551356,40.7402980236,,,,,,,,,,
B_RAW,11,ATU1,366,36.9357366272,40.8752621502,,,,,,,,,,
B_RAW,11,ATU5,366,44.7314753615,49.1762649504,,,,,,,,,,
B_RAW,11,MJ3,366,21.0823475495,36.8707523941,,,,,,,,,,
B_RAW,11,MJ1,366,33.887756432,40.7958660118,,,,,,,,,,
B_RAW,12,ATU1,365,37.0306759292,40.9310429416,,,,,,,,,,
B_RAW,12,ATU5,365,44.8503394287,49.2435332144,,,,,,,,,,
B_RAW,12,MJ3,365,21.1396947786,36.9212248854,,,,,,,,,,
B_RAW,12,MJ1,365,33.9767348231,40.8516458078,,,,,,,,,,
B_RAW,13,ATU1,364,37.1253646345,40.9870080198,,,,,,,,,,
B_RAW,13,ATU5,364,44.969314504,49.3110626794,,,,,,,,,,
B_RAW,13,MJ3,364,21.1973740149,36.9719052938,,,,,,,,,,
B_RAW,13,MJ1,364,34.0656635219,40.9076355366,,,,,,,,,,
B_RAW,14,ATU1,363,37.2197636187,41.0431509002,,,,,,,,,,
B_RAW,14,ATU5,363,45.088375937,49.3788521107,,,,,,,,,,
B_RAW,14,MJ3,363,21.2553913009,37.0227950594,,,,,,,,,,
B_RAW,14,MJ1,363,34.1545167876,40.9638329956,,,,,,,,,,
B_RAW,15,ATU1,362,37.3144393465,41.0995093432,,,,,,,,,,
B_RAW,15,ATU5,362,45.2077573119,49.4469099864,,,,,,,,,,
B_RAW,15,MJ3,362,21.313768029,37.0738956864,,,,,,,,,,
B_RAW,15,MJ1,362,34.2433028556,41.0202372819,,,,,,,,,,
B_RAW,16,ATU1,361,37.4094471538,41.1560882598,,,,,,,,,,
B_RAW,16,ATU5,361,45.3275216422,49.5152397799,,,,,,,,,,
B_RAW,16,MJ3,361,21.3725251398,37.1252086698,,,,,,,,,,
B_RAW,16,MJ1,361,34.3320307161,41.0768476613,,,,,,,,,,
B_RAW,17,ATU1,360,37.5047290886,41.2128843308,,,,,,,,,,
B_RAW,17,ATU5,360,45.4476816335,49.5838432396,,,,,,,,,,
B_RAW,17,MJ3,360,21.4316829317,37.1767354875,,,,,,,,,,
B_RAW,17,MJ1,360,34.4207095162,41.1336635433,,,,,,,,,,
B_RAW,18,ATU1,359,37.6002324466,41.2698942805,,,,,,,,,,
B_RAW,18,ATU5,359,45.5682413092,49.6527218032,,,,,,,,,,
B_RAW,18,MJ3,359,21.4912610449,37.2284775939,,,,,,,,,,
B_RAW,18,MJ1,359,34.5093485343,41.19068448,,,,,,,,,,
B_RAW,19,ATU1,358,37.695926736,41.3271162227,,,,,,,,,,
B_RAW,19,ATU5,358,45.689205139,49.7218769471,,,,,,,,,,
B_RAW,19,MJ3,358,21.5512784668,37.2804364146,,,,,,,,,,
B_RAW,19,MJ1,358,34.5979572294,41.2479101678,,,,,,,,,,
B_RAW,20,ATU1,357,37.7911139242,41.3844900205,,,,,,,,,,
B_RAW,20,ATU5,357,45.8102808543,49.7912957922,,,,,,,,,,
B_RAW,20,MJ3,357,21.6115672141,37.3326133682,,,,,,,,,,
B_RAW,20,MJ1,357,34.6864868881,41.3053362341,,,,,,,,,,
B_RAW,21,ATU1,356,37.8840185973,41.4418194624,,,,,,,,,,
B_RAW,21,ATU5,356,45.9306646335,49.8609326056,,,,,,,,,,
B_RAW,21,MJ3,356,21.6721451876,37.3850099655,,,,,,,,,,
B_RAW,21,MJ1,356,34.7748244945,41.3629525902,,,,,,,,,,
B_RAW,22,ATU1,355,37.9746437131,41.4990398128,,,,,,,,,,
B_RAW,22,ATU5,355,46.0501889471,49.9307644299,,,,,,,,,,
B_RAW,22,MJ3,355,21.7330274507,37.4376277496,,,,,,,,,,
B_RAW,22,MJ1,355,34.8629198348,41.4207525272,,,,,,,,,,
B_RAW,23,ATU1,354,38.0634715249,41.5561638455,,,,,,,,,,
B_RAW,23,ATU5,354,46.1689163834,50.0007817209,,,,,,,,,,
B_RAW,23,MJ3,354,21.7942201776,37.4904682755,,,,,,,,,,
B_RAW,23,MJ1,354,34.9507433055,41.4787303073,,,,,,,,,,
B_RAW,24,ATU1,353,38.150959027,41.6132287494,,,,,,,,,,
B_RAW,24,ATU5,353,46.2869555234,50.0709811532,,,,,,,,,,
B_RAW,24,MJ3,353,21.8557272694,37.5435331118,,,,,,,,,,
B_RAW,24,MJ1,353,35.0382729153,41.5368803982,,,,,,,,,,
B_RAW,25,ATU1,352,38.2369314408,41.6701752452,,,,,,,,,,
B_RAW,25,ATU5,352,46.404196426,50.1413408902,,,,,,,,,,
B_RAW,25,MJ3,352,21.9175545998,37.5968238488,,,,,,,,,,
B_RAW,25,MJ1,352,35.1254838245,41.595196573,,,,,,,,,,
B_RAW,26,ATU1,351,38.3214265107,41.7269796551,,,,,,,,,,
B_RAW,26,ATU5,351,46.5206081437,50.2118446345,,,,,,,,,,
B_RAW,26,MJ3,351,21.9797080887,37.6503420952,,,,,,,,,,
B_RAW,26,MJ1,351,35.2123532405,41.6536723713,,,,,,,,,,
B_RAW,27,ATU1,350,38.4047276444,41.7836747214,,,,,,,,,,
B_RAW,27,ATU5,350,46.6362706746,50.2824886511,,,,,,,,,,
B_RAW,27,MJ3,350,22.0421931814,37.7040894765,,,,,,,,,,
B_RAW,27,MJ1,350,35.2988623858,41.7123013808,,,,,,,,,,
B_RAW,28,ATU1,349,38.4903166653,41.8410001604,,,,,,,,,,
B_RAW,28,ATU5,349,46.7526256808,50.3534410932,,,,,,,,,,
B_RAW,28,MJ3,349,22.1049957662,37.7580675733,,,,,,,,,,
B_RAW,28,MJ1,349,35.385046397,41.7710835929,,,,,,,,,,
B_RAW,29,ATU1,348,38.5783789943,41.8989632273,,,,,,,,,,
B_RAW,29,ATU5,348,46.8700072719,50.4247429519,,,,,,,,,,
B_RAW,29,MJ3,348,22.1681016926,37.8122779642,,,,,,,,,,
B_RAW,29,MJ1,348,35.4709431991,41.830020106,,,,,,,,,,
B_RAW,30,ATU1,347,38.6683786661,41.9574384747,,,,,,,,,,
B_RAW,30,ATU5,347,46.9884225384,50.4963955359,,,,,,,,,,
B_RAW,30,MJ3,347,22.2314979905,37.8667222226,,,,,,,,,,
B_RAW,30,MJ1,347,35.5565895353,41.8891126045,,,,,,,,,,
B_ANCHOR,1,ATU1,376,0.265010890428,0.521885441099,0.264089934137,0.938829787234,1.77389307945,2.20796070472,0.968085106383,2.27676711886,2.94334325979,0.976063829787,2.71293535244,3.84596940719
B_ANCHOR,1,ATU5,376,0.218684496937,0.568615924845,0.23663980427,0.962765957447,1.64207925681,2.12937156986,0.978723404255,2.10758590909,2.95582555044,0.981382978723,2.51134350708,4.04737345619
B_ANCHOR,1,MJ3,376,0.265150899902,0.472188753227,0.207362035348,0.885638297872,0.97002813706,1.54961811275,0.904255319149,1.24501763517,2.04774665726,0.920212765957,1.48353001451,2.61819675515
B_ANCHOR,1,MJ1,376,0.240820093362,0.32078579677,0.165456443926,0.832446808511,0.73823535328,1.01143873518,0.901595744681,0.947514818001,1.26664554014,0.922872340426,1.12903354297,1.47691999145
B_ANCHOR,2,ATU1,375,0.51677054046,0.983880873196,0.510995754354,0.944,3.45107334202,4.25656035758,0.965333333333,4.4294046811,5.65310940952,0.976,5.27796121531,7.30111423871
B_ANCHOR,2,ATU5,375,0.4344113102,1.10629554594,0.469547108075,0.96,3.25381986026,4.23888901224,0.978666666667,4.17623257814,5.8851402271,0.984,4.97628804782,8.08201320269
B_ANCHOR,2,MJ3,375,0.531118588475,0.945156218725,0.416502227732,0.885333333333,1.92069493699,3.12788708807,0.904,2.46518526318,4.18326286422,0.917333333333,2.93744941913,5.44114134465
B_ANCHOR,2,MJ1,375,0.481731886133,0.641859549539,0.331700906497,0.821333333333,1.45636832504,2.03801867912,0.901333333333,1.86922850865,2.57166429008,0.917333333333,2.22732314645,3.0534717524
B_ANCHOR,3,ATU1,374,0.746000471858,1.39288145424,0.735031061075,0.946524064171,5.03531297592,6.13618507644,0.965240641711,6.46275423787,8.11987537224,0.978609625668,7.70084665262,10.416250649
B_ANCHOR,3,ATU5,374,0.643202919616,1.6001174807,0.695536964817,0.954545454545,4.8183689588,6.29141438888,0.98128342246,6.18430960638,8.76407746239,0.983957219251,7.36905940999,12.1848823481
B_ANCHOR,3,MJ3,374,0.797934369424,1.41864818542,0.627964853749,0.882352941176,2.86162224858,4.74227638817,0.903743315508,3.67285239321,6.40454003868,0.914438502674,4.37647356171,8.46799939648
B_ANCHOR,3,MJ1,374,0.722723139953,0.963098289817,0.498832080071,0.820855614973,2.15946874979,3.0803577047,0.898395721925,2.77164813409,3.91574264113,0.911764705882,3.30262245322,4.73571648376
B_ANCHOR,4,ATU1,373,0.954701874804,1.75495478099,0.940930365112,0.949061662198,6.53207123909,7.88086904409,0.965147453083,8.38382267088,10.3787871656,0.97855227882,9.98994087891,13.2251250257
B_ANCHOR,4,ATU5,373,0.84760483902,2.04726345129,0.913924317264,0.957104557641,6.33113415566,8.30112632916,0.981233243968,8.12592271636,11.5834435464,0.981233243968,9.68263412882,16.0892846045
B_ANCHOR,4,MJ3,373,1.06550723559,1.89246659985,0.841749905453,0.882037533512,3.79353463791,6.39019133863,0.900804289544,4.86894899581,8.71658833383,0.914209115282,5.80171057047,11.6806379991
B_ANCHOR,4,MJ1,373,0.963751875097,1.28440224855,0.666848051763,0.817694369973,2.84928858516,4.14040207312,0.898123324397,3.6570223076,5.29778239332,0.911528150134,4.35761085127,6.5173215798
B_ANCHOR,5,ATU1,372,1.15199865683,2.076320812,1.13205360307,0.948924731183,7.94883516435,9.49555468212,0.97311827957,10.2022194827,12.408198469,0.981182795699,12.1566943228,15.8079715827
B_ANCHOR,5,ATU5,372,1.04703320784,2.45151556301,1.12497553453,0.954301075269,7.79561038163,10.2514534123,0.978494623656,10.0055576032,14.2855495081,0.978494623656,11.9223572397,19.7748906397
B_ANCHOR,5,MJ3,372,1.33383533731,2.36647259531,1.05787373785,0.879032258065,4.71766096061,8.07497761984,0.900537634409,6.05505229006,11.1086040024,0.911290322581,7.21503981788,15.0929829997
B_ANCHOR,5,MJ1,372,1.20486486498,1.60570243617,0.83574575862,0.817204301075,3.52765875159,5.21609299093,0.895161290323,4.52770099011,6.71712219368,0.908602150538,5.39508849175,8.39587548497
B_ANCHOR,6,ATU1,371,1.33639350503,2.36551301032,1.31171765831,0.943396226415,9.29666008373,11.0253894944,0.978436657682,11.9321340384,14.3959131196,0.981132075472,14.2180146554,18.2326899284
B_ANCHOR,6,ATU5,371,1.24082683422,2.82100799124,1.32978963201,0.956873315364,9.22072716154,12.1420155272,0.975741239892,11.8346751879,16.8875322381,0.975741239892,14.1018852723,23.2700637341
B_ANCHOR,6,MJ3,371,1.60291887223,2.84055961732,1.27622559371,0.878706199461,5.6330467929,9.79140988951,0.897574123989,7.22993728633,13.5861599168,0.911051212938,8.61500163875,18.6805862377
B_ANCHOR,6,MJ1,371,1.44616167809,1.92695144472,1.00549205298,0.811320754717,4.19431627182,6.31018244416,0.894878706199,5.38334665398,8.17777505093,0.908355795148,6.41465318568,10.3662876256
B_ANCHOR,7,ATU1,370,1.51574129829,2.63261335327,1.48334589562,0.945945945946,10.5883910962,12.5353786791,0.972972972973,13.5900528441,16.3027954354,0.978378378378,16.1935467606,20.4484747053
B_ANCHOR,7,ATU5,370,1.43088922317,3.16513894392,1.52979691469,0.954054054054,10.6166960511,13.9868432567,0.97027027027,13.6263818604,19.4123572535,0.972972972973,16.2368354535,26.6105456255
B_ANCHOR,7,MJ3,370,1.87272252532,3.3146273386,1.49669951032,0.878378378378,6.53867241333,11.5415908734,0.897297297297,8.3922951863,16.1387780122,0.908108108108,10.0000365037,22.4438223635
B_ANCHOR,7,MJ1,370,1.68743364745,2.24809009918,1.17604707422,0.810810810811,4.84840877598,7.41985673213,0.891891891892,6.22286529432,9.67321278504,0.905405405405,7.41500134581,12.4204872811
B_ANCHOR,8,ATU1,369,1.69050854308,2.88474831465,1.64850779207,0.945799457995,11.8335183733,13.9744815799,0.970189701897,15.188156403,18.1292550245,0.978319783198,18.0978046032,22.6689067979
B_ANCHOR,8,ATU5,369,1.61783756545,3.49142003118,1.72593580612,0.953929539295,11.9910362367,15.7907663192,0.967479674797,15.3903283919,21.8785440559,0.970189701897,18.3387073866,29.8232264142
B_ANCHOR,8,MJ3,369,2.14347167829,3.78858604268,1.71922764019,0.875338753388,7.43412435137,13.3228428279,0.894308943089,9.54159530628,18.7723324924,0.907859078591,11.3695120641,26.3772957644
B_ANCHOR,8,MJ1,369,1.92875797266,2.56906162235,1.347385566,0.79674796748,5.48950398243,8.55316122612,0.888888888889,7.04570208365,11.2084327993,0.905149051491,8.39547185444,14.5662956776
B_ANCHOR,9,ATU1,368,1.85618211273,3.1281012807,1.80866141612,0.948369565217,13.0421285583,15.3751541829,0.970108695652,16.7393907815,19.9417431032,0.975543478261,19.9462143727,24.7639079935
B_ANCHOR,9,ATU5,368,1.8029526294,3.80527872708,1.91899514148,0.951086956522,13.3491895246,17.5611869628,0.967391304348,17.1334992651,24.2863127155,0.970108695652,20.4158235958,32.9903743491
B_ANCHOR,9,MJ3,368,2.4149999467,4.26235837344,1.94375503077,0.875,8.31924469736,15.1326045493,0.89402173913,10.6776349714,21.473537867,0.904891304348,12.7231868181,30.4680381975
B_ANCHOR,9,MJ1,368,2.16997695143,2.88981367247,1.51949103684,0.796195652174,6.11773187322,9.70191558563,0.885869565217,7.85202385212,12.7760737431,0.899456521739,9.35626350196,16.7930848486
B_ANCHOR,10,ATU1,367,2.019406819,3.36794896036,1.96563363598,0.948228882834,14.2238491094,16.7366137808,0.967302452316,18.2561126886,21.6934470374,0.975476839237,21.753499996,26.7908963785
B_ANCHOR,10,ATU5,367,1.98972419101,4.11056259353,2.10973214106,0.950953678474,14.6953763211,19.3070525465,0.964577656676,18.8613113129,26.64734248,0.967302452316,22.4746386357,36.0641461566
B_ANCHOR,10,MJ3,367,2.68732156015,4.73588077418,2.17024418805,0.871934604905,9.19430726326,16.97522442,0.891008174387,11.8007656156,24.2534135079,0.904632152589,14.0614795247,34.7065077517
B_ANCHOR,10,MJ1,367,2.41101441246,3.2102979567,1.69235025129,0.792915531335,6.73421627727,10.8687053538,0.885558583106,8.64327301855,14.3840389011,0.899182561308,10.2990950364,19.1101572375
B_ANCHOR,11,ATU1,366,2.18556373151,3.60766904985,2.12094452994,0.948087431694,15.3853327211,18.0835597555,0.964480874317,19.7468607651,23.3991162682,0.972677595628,23.5298358913,28.7500145955
B_ANCHOR,11,ATU5,366,2.17657889041,4.40973947395,2.29868210924,0.950819672131,16.0327022423,21.0323745408,0.964480874317,20.5777505503,28.9865700127,0.967213114754,24.5199021363,39.0075514719
B_ANCHOR,11,MJ3,366,2.96037346817,5.20909216254,2.39868440497,0.868852459016,10.0601846899,18.8451137862,0.887978142077,12.9121072612,27.0951861842,0.901639344262,15.3857247732,39.0972759988
B_ANCHOR,11,MJ1,366,2.65175575857,3.53046553706,1.86595253581,0.792349726776,7.34108544188,12.0514447773,0.882513661202,9.42218115875,16.0248862454,0.896174863388,11.227221331,21.5044301372
B_ANCHOR,12,ATU1,365,2.35160003237,3.84741701797,2.27513273266,0.947945205479,16.5293016023,19.4085627265,0.964383561644,21.2151289285,25.0675695789,0.969863013699,25.2793853179,30.5910529468
B_ANCHOR,12,ATU5,365,2.36392733551,4.70392460715,2.48601550539,0.950684931507,17.3629377782,22.7410781825,0.961643835616,22.2850893767,31.2828651332,0.964383561644,26.5543218284,41.8615952488
B_ANCHOR,12,MJ3,365,3.23424272336,5.68192082017,2.62901518982,0.868493150685,10.9168441012,20.7430473609,0.887671232877,14.011617712,30.0006498931,0.898630136986,16.6958722835,43.6085291248
B_ANCHOR,12,MJ1,365,2.89206602088,3.85026320559,2.04029049727,0.786301369863,7.93998721168,13.2492819075,0.879452054795,10.1908632584,17.7029901572,0.895890410959,12.1431625469,23.9643199536
B_ANCHOR,13,ATU1,364,2.51534516382,4.08537588457,2.42824064158,0.947802197802,17.6610123418,20.6988973765,0.961538461538,22.6676639373,26.6828484188,0.96978021978,27.0101875345,32.3995162533
B_ANCHOR,13,ATU5,364,2.54905356501,4.99324805961,2.67201738573,0.950549450549,18.6937738691,24.4402088489,0.958791208791,23.9931990071,33.5329150662,0.961538461538,28.58965999,44.5946425151
B_ANCHOR,13,MJ3,364,3.50874687115,6.15427855024,2.86113355131,0.865384615385,11.7633663386,22.6703419732,0.884615384615,15.0981172412,32.9715098641,0.895604395604,17.9905163245,48.2690820682
B_ANCHOR,13,MJ1,364,3.13198994526,4.16962969913,2.21535373484,0.791208791209,8.53145631239,14.4646335411,0.876373626374,10.9500056306,19.4206435804,0.892857142857,13.0477364763,26.5062712885
B_ANCHOR,14,ATU1,363,2.67827320668,4.31980292763,2.579794512,0.947658402204,18.7819158045,21.9646713467,0.961432506887,24.1063279564,28.2566593641,0.969696969697,28.7244614475,34.1040517265
B_ANCHOR,14,ATU5,363,2.73325725665,5.27743404756,2.85732181266,0.95041322314,20.0384767071,26.1346300885,0.955922865014,25.7191064148,35.7387711534,0.95867768595,30.6462055113,47.1981569461
B_ANCHOR,14,MJ3,363,3.783794626,6.62607456143,3.09490833636,0.862258953168,12.5981398201,24.6212065575,0.881542699725,16.1695374054,35.9946608569,0.892561983471,19.2671921938,53.0492343304
B_ANCHOR,14,MJ1,363,3.37139923736,4.4885385717,2.3911528593,0.787878787879,9.11544068302,15.6952187447,0.870523415978,11.6995414557,21.1757899202,0.889807162534,13.9408634988,29.1075398732
B_ANCHOR,15,ATU1,362,2.83947036637,4.54964206286,2.72942814686,0.947513812155,19.900062579,23.2281171816,0.961325966851,25.5414538047,29.7745576332,0.969613259669,30.4345193698,35.7574319404
B_ANCHOR,15,ATU5,362,2.91742591548,5.55629357428,3.04238589243,0.950276243094,21.4066254418,27.8225552568,0.953038674033,27.475106305,37.8870009153,0.955801104972,32.7386084372,49.6321178481
B_ANCHOR,15,MJ3,362,4.05934842411,7.09720581444,3.33033194532,0.859116022099,13.4219388212,26.5954850114,0.881215469613,17.2268719764,39.0716894662,0.889502762431,20.5270840438,57.929574725
B_ANCHOR,15,MJ1,362,3.61050866966,4.80693743624,2.56770227966,0.78453038674,9.69271464065,16.9397860434,0.867403314917,12.440464559,22.9746457233,0.886740331492,14.8237278303,31.7877022667
B_ANCHOR,16,ATU1,361,3.00098085154,4.77359495037,2.87736698877,0.947368421053,21.0295315978,24.4813968863,0.958448753463,26.9911115961,31.2745065489,0.972299168975,32.1618931704,37.3653985715
B_ANCHOR,16,ATU5,361,3.10032446523,5.82960406096,3.22726411347,0.950138504155,22.8013510749,29.5169662427,0.952908587258,29.2652172751,39.9989337126,0.95567867036,34.8716572217,51.8932964944
B_ANCHOR,16,MJ3,361,4.33544273698,7.56756954467,3.56738026509,0.858725761773,14.2351389931,28.5970830546,0.87811634349,18.2706030975,42.2074442535,0.8891966759,21.7707663831,62.9278420439
B_ANCHOR,16,MJ1,361,3.84918645602,5.12477550302,2.74501269438,0.786703601108,10.2635822205,18.2020286349,0.861495844875,13.1731651655,24.8174756476,0.883656509695,15.6967944525,34.5364344235
B_ANCHOR,17,ATU1,360,3.16354668927,4.99148019944,3.02468525059,0.944444444444,22.1834744569,25.7338562022,0.955555555556,28.4721812215,32.7162613037,0.972222222222,33.9266964799,38.9199315319
B_ANCHOR,17,ATU5,360,3.28350911906,6.09724418151,3.41186340747,0.947222222222,24.2215688879,31.1988460147,0.95,31.0880471039,42.0346441861,0.955555555556,37.043692931,54.0078862583
B_ANCHOR,17,MJ3,360,4.61179029081,8.03706400055,3.80604875319,0.855555555556,15.0384361384,30.6222062092,0.875,19.3016238214,45.3885532135,0.886111111111,22.9993033503,68.025140374
B_ANCHOR,17,MJ1,360,4.08759071525,5.44201856259,2.92310251302,0.786111111111,10.8294782045,19.4796342358,0.858333333333,13.8994847976,26.6989062685,0.883333333333,16.5622576748,37.3421231715
B_ANCHOR,18,ATU1,359,3.32495309714,5.2031195697,3.17247693985,0.941504178273,23.3751256801,26.9719618184,0.955431754875,30.0016490082,34.1036959852,0.972144846797,35.7491697556,40.3506679277
B_ANCHOR,18,ATU5,359,3.46756155951,6.35915872882,3.59608195654,0.944289693593,25.665830951,32.8570566202,0.947075208914,32.9417373936,43.9767831918,0.952646239554,39.2525011476,55.9572951907
B_ANCHOR,18,MJ3,359,4.88853687194,8.50557839409,4.04629620546,0.852367688022,15.8318182676,32.6688365111,0.869080779944,20.3199187601,48.6167386086,0.883008356546,24.212676609,73.2047921056
B_ANCHOR,18,MJ1,359,4.32550653123,5.75860848512,3.10196859405,0.785515320334,11.391000152,20.7720852829,0.855153203343,14.6201904148,28.6211558515,0.877437325905,17.4210313857,40.2410952069
B_ANCHOR,19,ATU1,358,3.48837199898,5.40836586521,3.32201233561,0.944134078212,24.6212164623,28.199386683,0.958100558659,31.6009892124,35.4770709794,0.974860335196,37.6549011519,41.6845743821
B_ANCHOR,19,ATU5,358,3.65420624605,6.615434716,3.77999573325,0.944134078212,27.13517749,34.4920963716,0.944134078212,34.8276232595,45.8180628218,0.949720670391,41.4996727595,57.6312183902
B_ANCHOR,19,MJ3,358,5.16548087267,8.97299657867,4.28809893242,0.849162011173,16.6156121903,34.7360245429,0.868715083799,21.3259073688,51.8977872013,0.879888268156,25.4113859712,78.492048954
B_ANCHOR,19,MJ1,358,4.56259666305,6.07447957157,3.28159654196,0.787709497207,11.947738457,22.0807392494,0.851955307263,15.3347562932,30.5835522484,0.871508379888,18.2724891468,43.1979016504
B_ANCHOR,20,ATU1,357,3.65628878798,5.60856787439,3.47475624112,0.941176470588,25.9374372662,29.4439093297,0.957983193277,33.2903403251,36.8483687663,0.974789915966,39.667887161,43.0022391707
B_ANCHOR,20,ATU5,357,3.84230425116,6.86647801964,3.96387672585,0.941176470588,28.6328763341,36.121240228,0.946778711485,36.7498989151,47.6266736602,0.946778711485,43.7902054802,59.0113315449
B_ANCHOR,20,MJ3,357,5.44244090889,9.4392003854,4.53140154081,0.848739495798,17.3894824276,36.8264791389,0.865546218487,22.3191590653,55.225728585,0.87675070028,26.5949183663,83.8825198011
B_ANCHOR,20,MJ1,357,4.79899276445,6.38953221141,3.46194711806,0.789915966387,12.4987910722,23.4103723209,0.84593837535,16.0420246679,32.5867872093,0.871148459384,19.1152513956,46.2521993792
B_ANCHOR,21,ATU1,356,3.83222542181,5.80385316215,3.63094148768,0.941011235955,27.3274633466,30.6943932649,0.960674157303,35.0744194846,38.2143441602,0.977528089888,41.7937485999,44.2845011246
B_ANCHOR,21,ATU5,356,4.02998610117,7.11263717965,4.14790482872,0.938202247191,30.1623060517,37.7246381289,0.943820224719,38.7129007058,49.3551189964,0.949438202247,46.1292663841,60.1301943797
B_ANCHOR,21,MJ3,356,5.7197219615,9.90407825241,4.77589978702,0.845505617978,18.1478764689,38.9346779422,0.862359550562,23.2925472793,58.5902454225,0.873595505618,27.7547819621,89.353409337
B_ANCHOR,21,MJ1,356,5.03436191235,6.70362994542,3.64295067098,0.794943820225,13.0410979329,24.7577248967,0.842696629213,16.7380679881,34.6423351115,0.865168539326,19.9446381672,49.3755720745
B_ANCHOR,22,ATU1,355,4.00830916902,5.9943376004,3.7885611831,0.943661971831,28.7612069516,31.9548301528,0.96338028169,36.9146094794,39.596026577,0.983098591549,43.9864702229,45.5760776561
B_ANCHOR,22,ATU5,355,4.21703698942,7.35439238748,4.33166159297,0.935211267606,31.7179130169,39.2951598913,0.940845070423,40.7095006302,50.9648927829,0.946478873239,48.5083619335,61.137758454
B_ANCHOR,22,MJ3,355,5.99701524615,10.3675340832,5.02163417054,0.842253521127,18.8923459202,41.0589366867,0.859154929577,24.2480634755,61.9893900036,0.87323943662,28.8933497353,94.9181219488
B_ANCHOR,22,MJ1,355,5.26874139796,7.01666698901,3.82456162859,0.797183098592,13.5740181486,26.1266885052,0.83661971831,17.42206368,36.7446664893,0.864788732394,20.7596693041,52.5875562217
B_ANCHOR,23,ATU1,354,4.18039256399,6.18084826995,3.94609520617,0.943502824859,30.2128419292,33.2152242024,0.963276836158,38.7777628024,40.9259891072,0.985875706215,46.2065543392,46.9377944787
B_ANCHOR,23,ATU5,354,4.40283247377,7.59222134009,4.51463155075,0.932203389831,33.292559881,40.8245158694,0.937853107345,42.7305380002,52.4436419836,0.943502824859,50.9165764954,61.8077228642
B_ANCHOR,23,MJ3,354,6.27434847076,10.8294871281,5.26867262704,0.838983050847,19.625127231,43.1996851501,0.858757062147,25.1885781058,65.4330535137,0.870056497175,30.0140420401,100.567573017
B_ANCHOR,23,MJ1,354,5.50215099452,7.32855082041,4.00673700091,0.796610169492,14.0978154803,27.5118819021,0.830508474576,18.0943502769,38.8845854737,0.858757062147,21.5607481938,55.873741868
B_ANCHOR,24,ATU1,353,4.34906925917,6.36443322173,4.10294010721,0.943342776204,31.6704122673,34.4306256335,0.963172804533,40.6485340781,42.1705315152,0.99433427762,48.435715806,48.5956063497
B_ANCHOR,24,ATU5,353,4.59026322318,7.82655199186,4.69646906748,0.932011331445,34.8814180416,42.3281247807,0.937677053824,44.7698153718,53.8008885107,0.943342776204,53.3465253598,62.2096352786
B_ANCHOR,24,MJ3,353,6.55182269643,11.2898777369,5.51703301663,0.832861189802,20.3474044355,45.3598276909,0.85269121813,26.1156108616,68.9145015127,0.866855524079,31.1186697007,106.277941299
B_ANCHOR,24,MJ1,353,5.7345741057,7.63924005676,4.18945169803,0.793201133144,14.6121674439,28.911506067,0.830028328612,18.7545138751,41.074225001,0.85835694051,22.3473816396,59.2431514527
B_ANCHOR,25,ATU1,352,4.5136516534,6.5445170899,4.25833898062,0.943181818182,33.1261357719,35.6107370089,0.971590909091,42.5169349687,43.4072919407,1,50.6620527847,50.6620527847
B_ANCHOR,25,ATU5,352,4.77622449002,8.05752030757,4.87682727621,0.928977272727,36.4805872341,43.7867183888,0.9375,46.8223268096,55.0876348995,0.946022727273,55.7922435866,62.3703945
B_ANCHOR,25,MJ3,352,6.82933576006,11.7486563578,5.76670681366,0.832386363636,21.0598353302,47.5406732523,0.849431818182,27.0300060156,72.4321182114,0.863636363636,32.2082387298,112.078721229
B_ANCHOR,25,MJ1,352,5.96595882981,7.94869516672,4.37267591424,0.789772727273,15.116643177,30.323603596,0.826704545455,19.4020014688,43.2956451325,0.852272727273,23.1189106943,62.7161363136
B_ANCHOR,26,ATU1,351,4.67599476893,6.72025933193,4.41154482981,0.948717948718,34.5752616446,36.7821085777,0.988603988604,44.3768678904,44.6907691035,1,52.8782995561,52.8782995561
B_ANCHOR,26,ATU5,351,4.96053989615,8.28520548437,5.05537626448,0.928774928775,38.0867935833,45.2023772498,0.934472934473,48.8838703402,56.2369409667,0.951566951567,58.2487242158,62.5951272145
B_ANCHOR,26,MJ3,351,7.10661468479,12.205781942,6.01768120529,0.82905982906,21.7630221919,49.7381965793,0.849002849003,27.9325365815,75.9790800811,0.860398860399,33.2836702304,117.957326335
B_ANCHOR,26,MJ1,351,6.19653781279,8.25688117124,4.55638257133,0.789173789174,15.6112939765,31.7510305372,0.823361823362,20.0368788966,45.55506539,0.846153846154,23.8754138098,66.2719769316
B_ANCHOR,27,ATU1,350,4.83369466079,6.89205568423,4.56247010963,0.948571428571,36.0155236956,37.9029195722,0.994285714286,46.2254242201,46.2837322804,1,55.080990282,55.080990282
B_ANCHOR,27,ATU5,350,5.14099778066,8.5098374225,5.23192769893,0.925714285714,39.6974574967,46.5547155755,0.931428571429,50.9511350925,57.215015584,0.957142857143,60.7120221013,62.7192636129
B_ANCHOR,27,MJ3,350,7.38401426034,12.6612207592,6.2699158336,0.825714285714,22.4569974367,51.9499750249,0.845714285714,28.8232441654,79.5672492867,0.857142857143,34.3450137788,123.880178029
B_ANCHOR,27,MJ1,350,6.42581144959,8.56376931549,4.74055522615,0.785714285714,16.0960460027,33.1954272756,0.82,20.6590513866,47.8522881777,0.845714285714,24.6167780579,69.9350783239
B_ANCHOR,28,ATU1,349,4.99694581177,7.06534362135,4.71260330161,0.945558739255,37.4556840245,38.9642168097,1,48.0738499909,48.0738499909,1,57.2835254375,57.2835254375
B_ANCHOR,28,ATU5,349,5.32132694387,8.73273544453,5.40665768777,0.925501432665,41.3133910196,47.8413817972,0.931232091691,53.0251633155,58.0286415086,0.988538681948,63.183379159,63.3230770614
B_ANCHOR,28,MJ3,349,7.66128005668,13.1149442848,6.52352561255,0.822349570201,23.145310923,54.1765959768,0.842406876791,29.7066849608,83.1804195905,0.856733524355,35.3976984147,129.852512264
B_ANCHOR,28,MJ1,349,6.65377737245,8.86936557871,4.92519953674,0.779369627507,16.5724817343,34.6546347074,0.816618911175,21.2705500279,50.176172089,0.839541547278,25.345423631,73.6699860098
B_ANCHOR,29,ATU1,348,5.16480336186,7.24129206759,4.86246246328,0.948275862069,38.894391482,39.9895657026,1,49.9204110214,49.9204110214,1,59.4838386178,59.4838386178
B_ANCHOR,29,ATU5,348,5.49964111979,8.95450426196,5.57965459941,0.922413793103,42.9339229234,49.0835484545,0.933908045977,55.1050934964,58.7752166256,1,65.6617688334,65.6617688334
B_ANCHOR,29,MJ3,348,7.93822703013,13.5669282825,6.77847797556,0.818965517241,23.8283070438,56.417322244,0.83908045977,30.5833009915,86.8164328865,0.853448275862,36.442250842,135.871937927
B_ANCHOR,29,MJ1,348,6.88063414905,9.17367974893,5.11031966252,0.778735632184,17.0410976142,36.1317918657,0.813218390805,21.8720119982,52.5349254379,0.83908045977,26.0621097729,77.4920785288
B_ANCHOR,30,ATU1,347,5.33662388716,7.42004945046,5.01219103961,0.948126801153,40.32858273,40.9560030662,1,51.7611755599,51.7611755599,1,61.6772448518,61.6772448518
B_ANCHOR,30,ATU5,347,5.6842389957,9.17556187161,5.75099685078,0.919308357349,44.5581598578,50.2432957087,0.939481268012,57.1897790326,59.4123404931,1,68.1458248631,68.1458248631
B_ANCHOR,30,MJ3,347,8.21518458524,14.0171518023,7.0345702935,0.815561959654,24.5024288693,58.6757332603,0.835734870317,31.4485269874,90.4896486302,0.847262247839,37.4732312057,141.940290072
B_ANCHOR,30,MJ1,347,7.106429535,9.4767221235,5.29592184157,0.775216138329,17.5006712444,37.6282371857,0.809798270893,22.4618683668,54.92645846,0.832853025937,26.7649669873,81.3818259084
B_TREND14,1,ATU1,376,0.250818922123,0.495050484672,0.256576718511,0.933510638298,1.6958155586,2.17150561531,0.957446808511,2.17655570576,2.88525021108,0.962765957447,2.59352608872,3.68203373051
B_TREND14,1,ATU5,376,0.207498231685,0.529540161015,0.216025155126,0.922872340426,1.27185553476,1.82996175421,0.94414893617,1.63240890617,2.487489489,0.965425531915,1.9451351851,3.32839984368
B_TREND14,1,MJ3,376,0.0695215655308,0.130580771668,0.0598396875718,0.946808510638,0.362049617534,0.495773652302,0.954787234043,0.46468565335,0.671469358748,0.960106382979,0.5537071079,0.879881199655
B_TREND14,1,MJ1,376,0.0495724488832,0.071594715796,0.0465090806574,0.960106382979,0.370036520965,0.400624018431,0.973404255319,0.474936732924,0.503280425575,0.98670212766,0.565922022613,0.585399120048
B_TREND14,2,ATU1,375,0.493432352234,0.955635324467,0.505939607613,0.944,3.39936006801,4.28104334839,0.962666666667,4.36303141248,5.69252715107,0.968,5.19887258767,7.29964916322
B_TREND14,2,ATU5,375,0.418261606035,1.06001886766,0.439182747421,0.925333333333,2.58498553725,3.74446097309,0.954666666667,3.31779301815,5.17403917315,0.96,3.95339422134,7.04964128349
B_TREND14,2,MJ3,375,0.147689888708,0.275450054175,0.124056051827,0.941333333333,0.714539203517,1.01608945973,0.949333333333,0.917101139043,1.39535712557,0.957333333333,1.09279340925,1.86971182443
B_TREND14,2,MJ1,375,0.10426041936,0.150269815781,0.0951982706204,0.957333333333,0.736053903106,0.808739494416,0.968,0.944714957015,1.02253914886,0.978666666667,1.12569730283,1.19685258518
B_TREND14,3,ATU1,374,0.725438853878,1.38199899448,0.744483521802,0.946524064171,5.09785119495,6.3024282403,0.96256684492,6.54302117302,8.3585181675,0.967914438503,7.79649060504,10.6100992038
B_TREND14,3,ATU5,374,0.63770272462,1.57079616317,0.666768237706,0.92513368984,3.90729734726,5.68443307331,0.954545454545,5.0149618525,7.87210292718,0.957219251337,5.97569562038,10.7721892929
B_TREND14,3,MJ3,374,0.234219765334,0.433888922075,0.19413390082,0.938502673797,1.07751575164,1.57732357514,0.949197860963,1.38297649493,2.18810085064,0.954545454545,1.64791813515,2.98552047133
B_TREND14,3,MJ1,374,0.163399078861,0.235506645933,0.146433535142,0.957219251337,1.10399719363,1.23057175263,0.967914438503,1.41696505775,1.56119393376,0.975935828877,1.68841800574,1.84655565154
B_TREND14,4,ATU1,373,0.948868597545,1.77489557949,0.97434664134,0.949061662198,6.78159862676,8.22990285524,0.967828418231,8.70408760572,10.8702390763,0.970509383378,10.3715600865,13.7388743199
B_TREND14,4,ATU5,373,0.858775777798,2.05219180865,0.894190892669,0.922252010724,5.22029333316,7.62439062372,0.949061662198,6.70017395605,10.4933202073,0.957104557641,7.98374969593,14.3228515535
B_TREND14,4,MJ3,373,0.328918716274,0.60539831857,0.270456601078,0.930294906166,1.45538667599,2.18956755354,0.946380697051,1.86796857573,3.06062992761,0.951742627346,2.22582184377,4.22218350908
B_TREND14,4,MJ1,373,0.226990112261,0.32690001116,0.200329290945,0.954423592493,1.47645081335,1.66590032525,0.962466487936,1.89500410335,2.12046015911,0.975871313673,2.2580366619,2.53199760879
B_TREND14,5,ATU1,372,1.16323957592,2.13668815878,1.19666992593,0.948924731183,8.44495561545,10.1047064873,0.965053763441,10.838983188,13.2405977159,0.970430107527,12.9154450764,16.4354618252
B_TREND14,5,ATU5,372,1.07718272414,2.50289884079,1.11970737779,0.916666666667,6.51665535705,9.57899865607,0.943548387097,8.3640366005,13.1745987915,0.956989247312,9.96636432187,17.9473722401
B_TREND14,5,MJ3,372,0.431657086139,0.789727088867,0.353316980216,0.932795698925,1.85179603168,2.86131192659,0.938172043011,2.37675447558,4.02065410285,0.94623655914,2.83207763651,5.5850984287
B_TREND14,5,MJ1,372,0.294534237979,0.424211571035,0.256906153434,0.948924731183,1.85423735454,2.11560317946,0.965053763441,2.37988787954,2.70118819124,0.97311827957,2.83581131762,3.25118540455
B_TREND14,6,ATU1,371,1.37769702983,2.47239569417,1.41241884126,0.943396226415,10.0853061675,11.9145343,0.962264150943,12.9443503286,15.4997732456,0.967654986523,15.4241447577,18.9357766101
B_TREND14,6,ATU5,371,1.29444303599,2.92802327755,1.34432928887,0.916442048518,7.79762893341,11.5571379606,0.940700808625,10.0081483864,15.9011295403,0.951482479784,11.9254443482,21.6198874396
B_TREND14,6,MJ3,371,0.542178944331,0.986760743208,0.442669287234,0.929919137466,2.26492097093,3.58667290256,0.932614555256,2.90699459464,5.09781299616,0.938005390836,3.46389770822,7.11752811453
B_TREND14,6,MJ1,371,0.366052480873,0.527306962831,0.316034754649,0.946091644205,2.23500264312,2.57927440911,0.962264150943,2.86859483662,3.30006319378,0.973045822102,3.41814157435,4.00849933108
B_TREND14,7,ATU1,370,1.57905834287,2.79079653905,1.62297672103,0.943243243243,11.7047573437,13.6201669168,0.962162162162,15.0228934107,17.6172037457,0.97027027027,17.9008816019,21.3655150851
B_TREND14,7,ATU5,370,1.51354060268,3.33586788982,1.56874325791,0.910810810811,9.06893935821,13.5138001516,0.935135135135,11.6398576515,18.6158123957,0.945945945946,13.8697458596,25.2125608038
B_TREND14,7,MJ3,370,0.660712200582,1.19640316128,0.538440878769,0.927027027027,2.69261772273,4.36334177012,0.932432432432,3.45593743264,6.27116313882,0.935135135135,4.11800344409,8.91103781366
B_TREND14,7,MJ1,370,0.44137052992,0.636067143215,0.37760252853,0.935135135135,2.61609727138,3.06293357857,0.959459459459,3.35772449661,3.91883356422,0.972972972973,4.00097551267,4.78878129011
B_TREND14,8,ATU1,369,1.77882675,3.09874245816,1.8295524983,0.945799457995,13.3029022762,15.3324060165,0.967479674797,17.0740902249,19.6347324204,0.970189701897,20.3450333581,23.5713937627
B_TREND14,8,ATU5,369,1.73303007581,3.7337094586,1.79258755328,0.905149051491,10.3342900118,15.462927679,0.932249322493,13.263917633,21.2968684939,0.943089430894,15.8049326874,28.7764952666
B_TREND14,8,MJ3,369,0.786773293322,1.41853886234,0.640505651307,0.924119241192,3.13254640516,5.18985504815,0.932249322493,4.02057978363,7.54303747011,0.932249322493,4.79081630351,10.8807903739
B_TREND14,8,MJ1,369,0.520018670438,0.750350294177,0.441493106308,0.932249322493,2.9949453338,3.57388802095,0.953929539295,3.84397072054,4.56194440596,0.967479674797,4.58037362501,5.60399146125
B_TREND14,9,ATU1,368,1.9751881072,3.40334483458,2.03356401973,0.942934782609,14.8806412631,17.0200442878,0.961956521739,19.0990962916,21.6349595116,0.972826086957,22.7579769139,25.7246550233
B_TREND14,9,ATU5,368,1.95407873567,4.12718205006,2.01566346075,0.907608695652,11.5958964846,17.3934020061,0.929347826087,14.8831720106,24.0085054907,0.940217391304,17.7343932849,32.4436450117
B_TREND14,9,MJ3,368,0.920285461709,1.65304231563,0.748793903912,0.926630434783,3.58394715741,6.07235771112,0.929347826087,4.59994637685,8.91617811082,0.934782608696,5.4811741797,13.0407604489
B_TREND14,9,MJ1,368,0.602253478136,0.870002316396,0.507678658249,0.929347826087,3.37106117227,4.10073157515,0.940217391304,4.32671017301,5.26279845897,0.964673913043,5.15559316142,6.46548966385
B_TREND14,10,ATU1,367,2.16974916241,3.71115349242,2.23644269371,0.942779291553,16.4400091853,18.7054368647,0.961852861035,21.100523352,23.6937597218,0.972752043597,25.1428243506,28.0549786103
B_TREND14,10,ATU5,367,2.17054529492,4.52041865869,2.2379866058,0.901907356948,12.8558505791,19.3592863015,0.926430517711,16.5003055835,26.7372922475,0.934604904632,19.6613267878,36.0617407465
B_TREND14,10,MJ3,367,1.06109634098,1.89980767247,0.863301224546,0.923705722071,4.04762303906,7.00748277348,0.926430517711,5.19506792808,10.3836583447,0.931880108992,6.19030524627,15.4031754115
B_TREND14,10,MJ1,367,0.687663480922,0.994906813805,0.576257595973,0.931880108992,3.74681316459,4.64857232435,0.937329700272,4.80898263401,6.02774912548,0.959128065395,5.73025624317,7.4325026556
B_TREND14,11,ATU1,366,2.35913466162,4.02772887979,2.43943227977,0.939890710383,17.9833429128,20.4012717838,0.964480874317,23.0813707463,25.8158534473,0.972677595628,27.5031496027,30.4608822706
B_TREND14,11,ATU5,366,2.38588220035,4.91616797593,2.45975527742,0.898907103825,14.1162257365,21.3213007211,0.92349726776,18.1179795849,29.4040188405,0.934426229508,21.588904251,39.5435717942
B_TREND14,11,MJ3,366,1.20901499214,2.1587058883,0.984121384216,0.920765027322,4.52701040656,7.99552949876,0.926229508197,5.81035495307,11.9536577415,0.928961748634,6.92346495689,17.9378150496
B_TREND14,11,MJ1,366,0.776166040482,1.12494091305,0.647431760435,0.928961748634,4.1273735443,5.21878148912,0.934426229508,5.29742659339,6.83097939599,0.953551912568,6.31227311882,8.50008725439
B_TREND14,12,ATU1,365,2.54650898945,4.35461556331,2.64279441672,0.939726027397,19.5128674176,22.1333609575,0.964383561644,25.0444941951,27.9614025802,0.972602739726,29.8423554711,32.9307208458
B_TREND14,12,ATU5,365,2.60024924463,5.31545884338,2.68110728246,0.895890410959,15.3784482306,23.2682903921,0.920547945205,19.7380246172,32.0167066313,0.934246575342,23.5193069716,42.9711629731
B_TREND14,12,MJ3,365,1.36471711489,2.42953355344,1.11108891915,0.917808219178,5.02123957871,9.0346677333,0.923287671233,6.4446912281,13.6156878287,0.928767123288,7.67932324895,20.6437401729
B_TREND14,12,MJ1,365,0.868148161726,1.25995621636,0.721320174111,0.928767123288,4.51675977518,5.81349482665,0.934246575342,5.79719841013,7.67717381177,0.950684931507,6.90778796904,9.64879600235
B_TREND14,13,ATU1,364,2.73044027,4.68901576522,2.84591506489,0.936813186813,21.0341606632,23.8964118667,0.964285714286,26.9970529372,30.1434116562,0.972527472527,32.1689727151,35.4003252481
B_TREND14,13,ATU5,364,2.81420944554,5.71774624293,2.90232841644,0.898351648352,16.6513254519,25.1890743954,0.92032967033,21.3717448439,34.628749844,0.928571428571,25.4660046915,46.4058006508
B_TREND14,13,MJ3,364,1.527258417,2.71198764314,1.24390535109,0.917582417582,5.52721163532,10.1245590192,0.92032967033,7.09409933217,15.3629176742,0.925824175824,8.453140733,23.5170619936
B_TREND14,13,MJ1,364,0.962887678686,1.39975750782,0.797864947384,0.925824175824,4.91569126404,6.4355679882,0.931318681319,6.30922143285,8.56598583479,0.945054945055,7.51790103159,10.8791116877
B_TREND14,14,ATU1,363,2.90746982374,5.02669522705,3.04836170896,0.933884297521,22.548767641,25.6834483879,0.961432506887,28.9410299474,32.3441917092,0.97520661157,34.4853641946,37.9068610367
B_TREND14,14,ATU5,363,3.0308085655,6.12152500588,3.12392970788,0.898071625344,17.950294728,27.1074021302,0.917355371901,23.0389538604,37.2900695967,0.925619834711,27.4526067657,49.7595079002
B_TREND14,14,MJ3,363,1.69635282106,3.00566379471,1.38213970825,0.914600550964,6.0394243041,11.2574117049,0.920110192837,7.75151717525,17.1954094442,0.922865013774,9.23650240976,26.5337063606
B_TREND14,14,MJ1,363,1.0601012193,1.54403651062,0.876912606207,0.922865013774,5.32366728356,7.08105785805,0.928374655647,6.83285298498,9.49068077164,0.939393939394,8.1418465101,12.1765633117
B_TREND14,15,ATU1,362,3.08587118395,5.36276139176,3.24916451318,0.930939226519,24.0601938265,27.4731621372,0.958563535912,30.880924455,34.5285146726,0.972375690608,36.7968910724,40.4540699116
B_TREND14,15,ATU5,362,3.24800162351,6.52503419396,3.34569335111,0.897790055249,19.2861177716,29.073655982,0.917127071823,24.7534641753,39.9312470059,0.925414364641,29.4955718133,53.0206173642
B_TREND14,15,MJ3,362,1.87162515966,3.31013990209,1.52561377243,0.914364640884,6.55768734325,12.4312742217,0.917127071823,8.41670058464,19.1035183525,0.922651933702,10.0291173295,29.6964210226
B_TREND14,15,MJ1,362,1.16102812887,1.69259541757,0.958410423037,0.922651933702,5.74126433248,7.75061030033,0.92817679558,7.36883299468,10.4582060832,0.939226519337,8.78050608334,13.5386965798
B_TREND14,16,ATU1,361,3.25636671335,5.69208992166,3.44740895647,0.939058171745,25.5760158468,29.2119915574,0.961218836565,32.8264609553,36.7059814676,0.972299168975,39.1151407992,42.9915057343
B_TREND14,16,ATU5,361,3.46064733272,6.92635111639,3.5669697156,0.894736842105,20.6621271309,31.0413374849,0.914127423823,26.5195530679,42.511265998,0.925207756233,31.5999965271,56.2918712298
B_TREND14,16,MJ3,361,2.05345998703,3.62498195255,1.67423941289,0.914127423823,7.08365728188,13.6469592597,0.914127423823,9.09177569241,21.0807275039,0.919667590028,10.8335189349,32.9930463301
B_TREND14,16,MJ1,361,1.26551734958,1.84528001787,1.04233378723,0.919667590028,6.16959181903,8.44671304375,0.925207756233,7.91858537196,11.4612566481,0.93351800554,9.43557644476,14.963112239
B_TREND14,17,ATU1,360,3.43330006071,6.01180739422,3.6430079143,0.938888888889,27.104195816,30.8990266057,0.961111111111,34.7878587114,38.8168661299,0.975,41.452290378,45.5791480398
B_TREND14,17,ATU5,360,3.66989292436,7.32354431705,3.78720866193,0.894444444444,22.0768955353,32.990214194,0.916666666667,28.3353886566,45.0648016688,0.925,33.7636980853,59.454683532
B_TREND14,17,MJ3,360,2.24203426343,3.94971518806,1.82786850496,0.911111111111,7.61778220861,14.9029631444,0.913888888889,9.77731761409,23.1305233803,0.916666666667,11.6503925182,36.400833145
B_TREND14,17,MJ1,360,1.37294622829,2.00191450134,1.12871467406,0.916666666667,6.61148613393,9.16770036902,0.925,8.48575058493,12.4978440187,0.933333333333,10.1113954797,16.4332217663
B_TREND14,18,ATU1,359,3.60724795633,6.32136468278,3.83669704607,0.935933147632,28.6550995944,32.5789049815,0.963788300836,36.7784221608,40.8768261666,0.974930362117,43.8241930238,48.0753479616
B_TREND14,18,ATU5,359,3.87296616017,7.71511760067,4.0062422961,0.896935933148,23.5289155961,34.9194136759,0.91364902507,30.1990362284,47.6069161071,0.924791086351,35.9843711354,62.5456257842
B_TREND14,18,MJ3,359,2.43658547791,4.28384403082,1.98628566272,0.908077994429,8.15869651096,16.1926489962,0.910863509749,10.471573605,25.2420449151,0.91643454039,12.4776495556,39.9192482891
B_TREND14,18,MJ1,359,1.48307681114,2.16237772367,1.21753321557,0.91643454039,7.06824119118,9.91411624758,0.922005571031,9.0719893542,13.5774283268,0.930362116992,10.8099420587,17.9589524622
B_TREND14,19,ATU1,358,3.779672745,6.61877579414,4.02889007888,0.941340782123,30.2428625674,34.2721753765,0.966480446927,38.8162938744,42.9748557122,0.977653631285,46.2524669434,50.5145452751
B_TREND14,19,ATU5,358,4.06912520754,8.09987507479,4.22403040296,0.899441340782,25.0195339281,36.8657556219,0.916201117318,32.1122241452,50.1152970269,0.927374301676,38.2640751473,65.6601856016
B_TREND14,19,MJ3,358,2.63697553989,4.62683954984,2.14932604528,0.90782122905,8.7059500301,17.5141154609,0.90782122905,11.1739658927,27.4048603334,0.913407821229,13.3146015884,43.5380943612
B_TREND14,19,MJ1,358,1.59607703481,2.3265563661,1.30865033675,0.913407821229,7.5382087496,10.6852919721,0.918994413408,9.67518618513,14.6846310427,0.927374301676,11.5286954145,19.5221839525
B_TREND14,20,ATU1,357,3.94301613692,6.90433577011,4.22043007384,0.93837535014,31.8864145372,36.003073668,0.960784313725,40.9257699901,45.0225482331,0.977591036415,48.7660627705,52.8708703609
B_TREND14,20,ATU5,357,4.26105390814,8.47772268961,4.44087551145,0.899159663866,26.5537408339,38.8321737708,0.918767507003,34.0813573906,52.6155277749,0.927170868347,40.6104421301,68.7099421532
B_TREND14,20,MJ3,357,2.84297022169,4.97817012417,2.31686107708,0.904761904762,9.25921597908,18.8687353855,0.90756302521,11.8840750504,29.6200948374,0.910364145658,14.1607488391,47.2273775006
B_TREND14,20,MJ1,357,1.71184968112,2.49433990425,1.40191621137,0.910364145658,8.01910738946,11.4736566563,0.918767507003,10.2924129072,15.8210531233,0.924369747899,12.2641664168,21.1435889757
B_TREND14,21,ATU1,356,4.08606904404,7.17759299556,4.4109328425,0.938202247191,33.5985131551,37.7797762002,0.963483146067,43.1232247763,47.1105350063,0.983146067416,51.3844916495,55.1945908886
B_TREND14,21,ATU5,356,4.44391743715,8.84946856392,4.65723275238,0.904494382022,28.1370554195,40.8203426393,0.921348314607,36.1135196607,55.1474277196,0.926966292135,43.0319128281,71.6302307882
B_TREND14,21,MJ3,356,3.05541691534,5.33735251777,2.48884285326,0.901685393258,9.81910278911,20.250209557,0.904494382022,12.6026819914,31.8824829911,0.910112359551,15.0170218231,50.9908035054
B_TREND14,21,MJ1,356,1.83034075147,2.66565265637,1.4972733079,0.910112359551,8.51031343879,12.281258397,0.915730337079,10.9228690461,16.9835171659,0.924157303371,13.0154012414,22.7867896614
B_TREND14,22,ATU1,355,4.22474183932,7.44021283083,4.60033364346,0.940845070423,35.3634753396,39.5614436455,0.96338028169,45.3885292156,49.1910312795,0.985915492958,54.0837683768,58.0701982187
B_TREND14,22,ATU5,355,4.62230420869,9.21715388526,4.87402715087,0.904225352113,29.7646895752,42.8274577469,0.921126760563,38.2025654833,57.6790780739,0.923943661972,45.5211644595,74.3888016875
B_TREND14,22,MJ3,355,3.27423131798,5.7040056439,2.66524566225,0.898591549296,10.3856357406,21.6569700208,0.901408450704,13.3298191625,34.1821081061,0.907042253521,15.8834592032,54.8307492717
B_TREND14,22,MJ1,355,1.95124266754,2.84063486173,1.59479698299,0.907042253521,9.01228519311,13.1058375831,0.915492957746,11.5671428178,18.1668870713,0.921126760563,13.7831007911,24.4740825415
B_TREND14,23,ATU1,354,4.36767602417,7.70245620428,4.79255646237,0.937853107345,37.1688297674,41.3398960311,0.971751412429,47.7056765378,51.2800269386,0.985875706215,56.8448197093,61.0064525033
B_TREND14,23,ATU5,354,4.80042079428,9.58388508629,5.09294150474,0.901129943503,31.4299288616,44.8376778538,0.920903954802,40.3398769684,60.1582701155,0.926553672316,48.0679281751,77.0866808052
B_TREND14,23,MJ3,354,3.49868429287,6.07774977349,2.8461706137,0.898305084746,10.961908727,23.0917618841,0.901129943503,14.0694575331,36.5173487187,0.90395480226,16.7647926812,58.7177407722
B_TREND14,23,MJ1,354,2.07465663063,3.01925450067,1.69451237361,0.906779661017,9.52603068793,13.9469257596,0.912429378531,12.2265280218,19.3740605895,0.920903954802,14.568806723,26.177107217
B_TREND14,24,ATU1,353,4.50882652911,7.96739971154,4.98843442726,0.937677053824,39.0107916329,43.0816429542,0.977337110482,50.0698089978,53.695671253,0.985835694051,59.6618572866,63.9774285803
B_TREND14,24,ATU5,353,4.98140546393,9.95069498083,5.3140890006,0.900849858357,33.1278580072,46.843236655,0.917847025496,42.5191454338,62.574960217,0.926345609065,50.6646867163,79.6183288866
B_TREND14,24,MJ3,353,3.72889556177,6.45822257004,3.03155220967,0.895184135977,11.5462385174,24.5541611287,0.898016997167,14.8194366997,38.8988579696,0.900849858357,17.6584479778,62.6469035228
B_TREND14,24,MJ1,353,2.20054194677,3.20138129557,1.79627540042,0.903682719547,10.0494588872,14.8065798304,0.912181303116,12.8983408425,20.6002753616,0.917847025496,15.3693210735,27.913066051
B_TREND14,25,ATU1,352,4.64896688009,8.23531063346,5.18764895852,0.940340909091,40.8862510386,44.8006045935,0.977272727273,52.4769350851,56.2243361382,0.985795454545,62.5301249306,66.9789464733
B_TREND14,25,ATU5,352,5.16608633404,10.3180493786,5.53728593748,0.903409090909,34.8540037221,48.855364192,0.920454545455,44.7346294737,64.9187348979,0.926136363636,53.3045987762,81.9039469023
B_TREND14,25,MJ3,352,3.96452286333,6.84508141482,3.2212953352,0.892045454545,12.1354990249,26.0372086827,0.894886363636,15.5757443732,41.3084697357,0.900568181818,18.5596441554,66.6465141075
B_TREND14,25,MJ1,352,2.32831316364,3.38684676362,1.89989776346,0.900568181818,10.5795711808,15.6777456857,0.909090909091,13.5787326052,21.8457796751,0.917613636364,16.180057864,29.6707627841
B_TREND14,26,ATU1,351,4.78749045156,8.50428147537,5.38904360699,0.945868945869,42.7907279282,46.4874932387,0.980056980057,54.9213047098,58.7684980405,0.985754985755,65.4427709867,69.9972353469
B_TREND14,26,ATU5,351,5.3535172625,10.6860525804,5.76218501146,0.903133903134,36.6039555508,50.8344560873,0.920227920228,46.9806683299,67.2179569463,0.925925925926,55.9809191453,83.9407360065
B_TREND14,26,MJ3,351,4.206764705,7.2380085685,3.41537353115,0.888888888889,12.7277599842,27.5386590903,0.894586894587,16.3359030848,43.7435376878,0.897435897436,19.4654291279,70.6835882958
B_TREND14,26,MJ1,351,2.45881320536,3.57548212415,2.00524048685,0.900284900285,11.1142799591,16.5629101205,0.908831908832,14.2650238922,23.1082907042,0.91452991453,16.9978243713,31.4477406341
B_TREND14,27,ATU1,350,4.93161450682,8.77433341668,5.59265820795,0.957142857143,44.7212625428,48.3046276336,0.98,57.3991190625,61.3439927582,0.985714285714,68.3952688941,73.0224546391
B_TREND14,27,ATU5,350,5.5425451684,11.0549574668,5.98863969521,0.902857142857,38.373969649,52.7911167893,0.917142857143,49.2524568302,69.4113547356,0.928571428571,58.6879221078,85.8598382626
B_TREND14,27,MJ3,350,4.45466807916,7.63671050529,3.61375832851,0.888571428571,13.3205761281,29.057646765,0.894285714286,17.0967743683,46.212165844,0.894285714286,20.3720631821,74.7522730493
B_TREND14,27,MJ1,350,2.59139806064,3.76713279549,2.11221463161,0.897142857143,11.652342411,17.4583284614,0.905714285714,14.9556195728,24.3848510744,0.917142857143,17.8207198798,33.2683073447
B_TREND14,28,ATU1,349,5.08924785496,9.04960583341,5.80023817311,0.965616045845,46.6793124615,50.2852472371,0.97994269341,59.9122489256,63.935730401,0.985673352436,71.3898478278,76.0530151029
B_TREND14,28,ATU5,349,5.73573505678,11.4255844649,6.21683187875,0.902578796562,40.1622655619,54.7095491879,0.916905444126,51.5477097857,71.4980032438,0.928366762178,61.4228846933,87.6138243657
B_TREND14,28,MJ3,349,4.70793433957,8.04090287017,3.81630721228,0.876790830946,13.9085048624,30.6120159878,0.89111747851,17.8513727293,48.7147883897,0.893982808023,21.2712225883,78.8791050293
B_TREND14,28,MJ1,349,2.72557591825,3.96168385057,2.22070049104,0.896848137536,12.1912682617,18.362485003,0.905444126074,15.6473234137,25.6784681606,0.916905444126,18.6449358428,35.1093203061
B_TREND14,29,ATU1,348,5.26828795334,9.33332025757,6.01329693264,0.965517241379,48.6624299912,52.3457222788,0.979885057471,62.4575527192,66.5414900214,0.985632183908,74.4227643641,79.0876705829
B_TREND14,29,ATU5,348,5.93749492627,11.7986498257,6.44687152467,0.905172413793,41.9667440686,56.6035144552,0.916666666667,53.8637328755,73.4564194931,0.954022988506,64.1825964201,89.6531766854
B_TREND14,29,MJ3,348,4.96607473844,8.45031350963,4.02309391626,0.867816091954,14.4921781511,32.2190706537,0.887931034483,18.6005092851,51.2376121221,0.890804597701,22.1638738521,83.0459921237
B_TREND14,29,MJ1,348,2.86267864764,4.15901775872,2.33065988365,0.89367816092,12.7305315607,19.2772211332,0.902298850575,16.3394603647,26.9833955142,0.913793103448,19.4696678883,36.9680682427
B_TREND14,30,ATU1,347,5.46005607672,9.62717280784,6.23201939498,0.965417867435,50.6666280095,54.4250917404,0.979827089337,65.0299130268,69.1631964833,0.985590778098,77.4879207256,82.1211976517
B_TREND14,30,ATU5,347,6.1480830631,12.1747939851,6.67856982651,0.904899135447,43.7852287701,58.4818687564,0.919308357349,56.1977327216,75.3520454555,0.962536023055,66.9637287734,93.2422324442
B_TREND14,30,MJ3,347,5.2290461508,8.86467509641,4.23412813636,0.861671469741,15.0709736839,33.8769100896,0.884726224784,19.343385309,53.7809181624,0.887608069164,23.049065232,87.2414488628
B_TREND14,30,MJ1,347,3.00100188926,4.35899767163,2.44204943765,0.893371757925,13.2696786712,20.1980073614,0.902017291066,17.0314481895,28.3070088592,0.913544668588,20.2942222391,38.860461012
PERSIST,1,ATU1,376,0.0741985997812,0.0933511552608,0.152721088512,1,1.61132906393,1.61132906393,1,2.06811846381,2.06811846381,1,2.46431514538,2.46431514538
PERSIST,1,ATU5,376,0.143741009328,0.159774279661,0.158137644972,1,1.5432593758,1.5432593758,1,1.98075196493,1.98075196493,1,2.36021154099,2.36021154099
PERSIST,1,MJ3,376,0.113677402977,0.125531729876,0.082561887596,1,0.631338833591,0.631338833591,1,0.810314620329,0.810314620329,1,0.965549423954,0.965549423954
PERSIST,1,MJ1,376,0.116037452633,0.142938821644,0.0854007477173,1,0.565706722208,0.565706722208,1,0.726076717341,0.726076717341,1,0.865173771504,0.865173771504
PERSIST,2,ATU1,375,0.148673430224,0.186890560633,0.30688555814,1,3.23849467608,3.23849467608,1,4.1565629172,4.1565629172,1,4.95285020119,4.95285020119
PERSIST,2,ATU5,375,0.287568983429,0.319682687621,0.317636322501,1,3.10139850614,3.10139850614,1,3.98060188805,3.98060188805,1,4.74317970276,4.74317970276
PERSIST,2,MJ3,375,0.227202640546,0.250894179886,0.165467804058,1,1.26769443688,1.26769443688,1,1.62706819486,1.62706819486,1,1.93877133507,1.93877133507
PERSIST,2,MJ1,375,0.232252473713,0.286079067451,0.171437479105,1,1.13534543275,1.13534543275,1,1.45720008708,1.45720008708,1,1.73636100024,1.73636100024
PERSIST,3,ATU1,374,0.223447241425,0.280578193092,0.462378131427,1,4.88024736997,4.88024736997,1,6.26372968731,6.26372968731,1,7.46369427337,7.46369427337
PERSIST,3,ATU5,374,0.431485353262,0.479715488852,0.478435877247,1,4.67367852568,4.67367852568,1,5.99860144598,5.99860144598,1,7.14777448831,7.14777448831
PERSIST,3,MJ3,374,0.340558119056,0.376061521255,0.248706375175,1,1.90905794834,1.90905794834,1,2.45024934994,2.45024934994,1,2.9196521808,2.9196521808
PERSIST,3,MJ1,374,0.34866373716,0.429418136549,0.258112452911,1,1.70885602202,1.70885602202,1,2.19329295935,2.19329295935,1,2.61346975648,2.61346975648
PERSIST,4,ATU1,373,0.29851576388,0.374373813003,0.619082034416,1,6.53532306459,6.53532306459,1,8.38799634374,8.38799634374,1,9.99491411685,9.99491411685
PERSIST,4,ATU5,373,0.575490674775,0.639862187909,0.640474728571,1,6.25935003802,6.25935003802,1,8.03378879883,8.03378879883,1,9.57284979473,9.57284979473
PERSIST,4,MJ3,373,0.453727241344,0.501008880792,0.332267030103,1,2.55541997941,2.55541997941,1,3.27984603548,3.27984603548,1,3.90817760259,3.90817760259
PERSIST,4,MJ1,373,0.46528952661,0.572952673874,0.345425386788,1,2.28617656033,2.28617656033,1,2.93427584828,2.93427584828,1,3.49640532695,3.49640532695
PERSIST,5,ATU1,372,0.37391343831,0.468237131295,0.776879559942,1,8.20244894785,8.20244894785,1,10.5277292498,10.5277292498,1,12.5445631335,12.5445631335
PERSIST,5,ATU5,372,0.719584403617,0.800111368437,0.803690218727,1,7.85765691093,7.85765691093,1,10.0851934614,10.0851934614,1,12.0172492176,12.0172492176
PERSIST,5,MJ3,372,0.566694614684,0.625712564876,0.416140156257,1,3.20677051096,3.20677051096,1,4.11584539207,4.11584539207,1,4.90433227748,4.90433227748
PERSIST,5,MJ1,372,0.582147486899,0.716678492009,0.433373798649,1,2.86724435024,2.86724435024,1,3.68006828257,3.68006828257,1,4.38507182421,4.38507182421
PERSIST,6,ATU1,371,0.449634905548,0.562128064586,0.935652610168,1,9.88034921132,9.88034921132,1,12.6812909232,12.6812909232,1,15.1106901427,15.1106901427
PERSIST,6,ATU5,371,0.863764880307,0.960450726462,0.968018986814,1,9.46784020526,9.46784020526,1,12.1518413459,12.1518413459,1,14.4798120595,14.4798120595
PERSIST,6,MJ3,371,0.679446067022,0.750150149833,0.500317203639,1,3.86309850415,3.86309850415,1,4.95823325153,4.95823325153,1,5.90809932307,5.90809932307
PERSIST,6,MJ1,371,0.69925461546,0.860590701715,0.521953447235,1,3.4519975719,3.4519975719,1,4.43059091731,4.43059091731,1,5.27937470293,5.27937470293
PERSIST,7,ATU1,370,0.525724645371,0.656006967106,1.09528321002,1,11.5677505731,11.5677505731,1,14.8470471242,14.8470471242,1,17.6913478278,17.6913478278
PERSIST,7,ATU5,370,1.00802931516,1.120867099,1.1333973349,1,11.0891420243,11.0891420243,1,14.2327597023,14.2327597023,1,16.9593792177,16.9593792177
PERSIST,7,MJ3,370,0.791968663465,0.874300568669,0.584790777932,1,4.52439153952,4.52439153952,1,5.80699367362,5.80699367362,1,6.91945974539,6.91945974539
PERSIST,7,MJ1,370,0.816627253567,1.00468383629,0.611158761619,1,4.04037683605,4.04037683605,1,5.1857675272,5.1857675272,1,6.1792231351,6.1792231351
PERSIST,8,ATU1,369,0.602176948505,0.74983483975,1.25565398824,1,13.2633875271,13.2633875271,1,17.0233735935,17.0233735935,1,20.2846007645,20.2846007645
PERSIST,8,ATU5,369,1.152373773,1.28134648789,1.29976158007,1,12.720809202,12.720809202,1,16.3269818524,16.3269818524,1,19.4547988238,19.4547988238
PERSIST,8,MJ3,369,0.90425072305,0.998144194038,0.669554723255,1,5.19063580237,5.19063580237,1,6.66210892737,6.66210892737,1,7.93839241668,7.93839241668
PERSIST,8,MJ1,369,0.934281077452,1.14895196968,0.700983243397,1,4.63232649858,4.63232649858,1,5.94552669379,5.94552669379,1,7.08453202037,7.08453202037
PERSIST,9,ATU1,368,0.679001705721,0.843573516482,1.41664859747,1,14.9660069778,14.9660069778,1,19.2086620002,19.2086620002,1,22.8885325081,22.8885325081
PERSIST,9,ATU5,368,1.29679315754,1.44187407878,1.46704839451,1,14.3620968454,14.3620968454,1,18.4335517368,18.4335517368,1,21.9649316628,21.9649316628
PERSIST,9,MJ3,368,1.01628183578,1.12166291739,0.75460419379,1,5.86181648162,5.86181648162,1,7.52356000301,7.52356000301,1,8.96487468538,8.96487468538
PERSIST,9,MJ1,368,1.05223108926,1.29338882829,0.791419771174,1,5.22779494075,5.22779494075,1,6.70980216516,6.70980216516,1,7.9952224147,7.9952224147
PERSIST,10,ATU1,367,0.756233411544,0.937185828251,1.57815208742,1,16.674372384,16.674372384,1,21.401325261,21.401325261,1,25.5012519325,25.5012519325
PERSIST,10,ATU5,367,1.44128119562,1.60243425518,1.63519514118,1,16.0122718102,16.0122718102,1,20.5515283745,20.5515283745,1,24.4886564867,24.4886564867
PERSIST,10,MJ3,367,1.12805287994,1.24484022417,0.839935712392,1,6.53791827766,6.53791827766,1,8.39132726365,8.39132726365,1,9.99888315273,9.99888315273
PERSIST,10,MJ1,367,1.17049160788,1.43798789644,0.882460814889,1,5.82673393792,5.82673393792,1,7.47853204564,7.47853204564,1,8.91122056487,8.91122056487
PERSIST,11,ATU1,366,0.833847292962,1.03063574439,1.74005127376,1,18.3872678469,18.3872678469,1,23.5998027866,23.5998027866,1,28.1208994808,28.1208994808
PERSIST,11,ATU5,366,1.5858304211,1.76301060753,1.80414020465,1,17.6706160899,17.6706160899,1,22.6799902145,22.6799902145,1,27.0248751997,27.0248751997
PERSIST,11,MJ3,366,1.2395560397,1.36766126494,0.925547215844,1,7.21892591143,7.21892591143,1,9.26539109884,9.26539109884,1,11.0403944514,11.0403944514
PERSIST,11,MJ1,366,1.28907625959,1.5827425154,0.974098631704,1,6.42909798727,6.42909798727,1,8.25165793301,8.25165793301,1,9.83245688033,9.83245688033
PERSIST,12,ATU1,365,0.911906460966,1.12388848919,1.902235111,1,20.1035021963,20.1035021963,1,25.8025657267,25.8025657267,1,30.7456534152,30.7456534152
PERSIST,12,ATU5,365,1.73043235046,1.92358607932,1.97382335079,1,19.3364301164,19.3364301164,1,24.8180393706,24.8180393706,1,29.5725179045,29.5725179045
PERSIST,12,MJ3,365,1.35078462033,1.49011260577,1.01143796862,1,7.90482462685,7.90482462685,1,10.1457325694,10.1457325694,1,12.089386014,12.089386014
PERSIST,12,MJ1,365,1.40799803051,1.72764599476,1.06632546156,1,7.03484369711,7.03484369711,1,9.02912413463,9.02912413463,1,10.7588649992,10.7588649992
PERSIST,13,ATU1,364,0.99032881601,1.21691066312,2.0645950772,1,21.8219130749,21.8219130749,1,28.0081222116,28.0081222116,1,33.3737360637,33.3737360637
PERSIST,13,ATU5,364,1.87507823856,2.08414355364,2.14418618679,1,21.00903597,21.00903597,1,26.9648057426,26.9648057426,1,32.1305478126,32.1305478126
PERSIST,13,MJ3,364,1.46173225075,1.61218102337,1.09760810613,1,8.59560068366,8.59560068366,1,11.0323340398,11.0323340398,1,13.1458368266,13.1458368266
PERSIST,13,MJ1,364,1.52726950619,1.87269177515,1.15913374174,1,7.64392922695,7.64392922695,1,9.8108769488,9.8108769488,1,11.690380932,11.690380932
PERSIST,14,ATU1,363,1.06910677894,1.3096704075,2.22702558024,1,23.5413710158,23.5413710158,1,30.2150225866,30.2150225866,1,36.003420056,36.003420056
PERSIST,14,ATU5,363,2.01975926807,2.24466603919,2.3151725302,1,22.6877805024,22.6877805024,1,29.1194510234,29.1194510234,1,34.6979660197,34.6979660197
PERSIST,14,MJ3,363,1.57239268418,1.73385324144,1.18405851506,1,9.29124183056,9.29124183056,1,11.9251797858,11.9251797858,1,14.2097281523,14.2097281523
PERSIST,14,MJ1,363,1.64690292837,2.01787352992,1.25251627881,1,8.25631376866,8.25631376866,1,10.5968639989,10.5968639989,1,12.626942268,12.626942268
PERSIST,15,ATU1,362,1.14823220018,1.4021375643,2.38942438406,1,25.2607835064,25.2607835064,1,32.4218646266,32.4218646266,1,38.6330345379,38.6330345379
PERSIST,15,ATU5,362,2.16446654845,2.40513671538,2.48672874852,1,24.372038362,24.372038362,1,31.281172583,31.281172583,1,37.2738161331,37.2738161331
PERSIST,15,MJ3,362,1.6827597999,1.85511598163,1.27079081948,1,9.99173777026,9.99173777026,1,12.8242565909,12.8242565909,1,15.2810442429,15.2810442429
PERSIST,15,MJ1,362,1.76691019021,2.16318524136,1.34646639894,1,8.87195706697,8.87195706697,1,11.3870336178,11.3870336178,1,13.5684874422,13.5684874422
PERSIST,16,ATU1,361,1.22769635185,1.49428382024,2.55169305926,1,26.9790990284,26.9790990284,1,34.6272987228,34.6272987228,1,41.2609713512,41.2609713512
PERSIST,16,ATU5,361,2.30919111491,2.56553897459,2.65880410302,1,26.0612149148,26.0612149148,1,33.4492072172,33.4492072172,1,39.8571887388,39.8571887388
PERSIST,16,MJ3,361,1.79282760496,1.97595601309,1.35780735497,1,10.6970806178,10.6970806178,1,13.7295543348,13.7295543348,1,16.3597730394,16.3597730394
PERSIST,16,MJ1,361,1.88730283148,2.30862127019,1.44097809002,1,9.49081899609,9.49081899609,1,12.1813343046,12.1813343046,1,14.5149550874,14.5149550874
PERSIST,17,ATU1,360,1.30748991973,1.58608283348,2.71373746344,1,28.6953110516,28.6953110516,1,36.8300330075,36.8300330075,1,43.8856911407,43.8856911407
PERSIST,17,ATU5,360,2.45392392741,2.72585646081,2.83135109915,1,27.7547490531,27.7547490531,1,35.6228347517,35.6228347517,1,42.4472256963,42.4472256963
PERSIST,17,MJ3,360,1.90259023597,2.09636020013,1.44511113,1,11.4072653562,11.4072653562,1,14.6410665783,14.6410665783,1,17.4459068689,17.4459068689
PERSIST,17,MJ1,360,2.00809203365,2.45417641781,1.53604613409,1,10.1128591564,10.1128591564,1,12.9797142069,12.9797142069,1,15.4662834178,15.4662834178
PERSIST,18,ATU1,359,1.38760299507,1.6775103418,2.87546823931,1,30.4084619624,30.4084619624,1,39.0288383968,39.0288383968,1,46.5057293627,46.5057293627
PERSIST,18,ATU5,359,2.59865586963,2.8860731048,3.00432581201,1,29.4521158828,29.4521158828,1,37.8013814923,37.8013814923,1,45.0431242494,45.0431242494
PERSIST,18,MJ3,359,2.01204196091,2.21631554763,1.53270578053,1,12.122290291,12.122290291,1,15.5587911468,15.5587911468,1,18.5394431401,18.5394431401
PERSIST,18,MJ1,359,2.12928861487,2.59984598149,1.63166621042,1,10.7380364761,10.7380364761,1,13.7821206098,13.7821206098,1,16.4224096195,16.4224096195
PERSIST,19,ATU1,358,1.46802506632,1.76854425132,3.0368012843,1,32.1176469084,32.1176469084,1,41.2225535256,41.2225535256,1,49.119702165,49.119702165
PERSIST,19,ATU5,358,2.74337774785,3.04617315521,3.17768811817,1,31.1528292781,31.1528292781,1,39.9842235035,39.9842235035,1,47.644140933,47.644140933
PERSIST,19,MJ3,358,2.12117718093,2.33580924385,1.62059552698,1,12.8421575061,12.8421575061,1,16.4827307146,16.4827307146,1,19.6403850399,19.6403850399
PERSIST,19,MJ1,358,2.25090302497,2.74562580219,1.72783492126,1,11.3663088145,11.3663088145,1,14.5884994262,14.5884994262,1,17.3832692438,17.3832692438
PERSIST,20,ATU1,357,1.54874501067,1.85916470478,3.19765819312,1,33.8220175385,33.8220175385,1,43.4100895467,43.4100895467,1,51.7263121065,51.7263121065
PERSIST,20,ATU5,357,2.8880802899,3.20614120577,3.35140188038,1,32.8564442909,32.8564442909,1,42.1707897003,42.1707897003,1,50.2495952575,50.2495952575
PERSIST,20,MJ3,357,2.22999043226,2.45482870055,1.70878511903,1,13.5668733206,13.5668733206,1,17.4128933925,17.4128933925,1,20.7487422326,20.7487422326
PERSIST,20,MJ1,357,2.3729453402,2.89151230502,1.82454975846,1,11.9976325617,11.9976325617,1,15.3987946833,15.3987946833,1,18.348795595,18.348795595
PERSIST,21,ATU1,356,1.62975108546,1.94935412871,3.35796667056,1,35.5207856106,35.5207856106,1,45.5904347626,45.5904347626,1,54.324353675,54.324353675
PERSIST,21,ATU5,356,3.03275414407,3.36596221825,3.52543510973,1,34.5625593986,34.5625593986,1,44.3605647342,44.3605647342,1,52.8588731473,52.8588731473
PERSIST,21,MJ3,356,2.33847638811,2.57336159032,1.79727977011,1,14.2964487496,14.2964487496,1,18.349293318,18.349293318,1,21.8645315643,21.8645315643
PERSIST,21,MJ1,356,2.49542525807,3.03750253213,1.92180904183,1,12.6319622318,12.6319622318,1,16.2129480007,16.2129480007,1,19.3189191087,19.3189191087
PERSIST,22,ATU1,355,1.71103091946,2.03909725831,3.51766090579,1,37.2132264407,37.2132264407,1,47.7626590511,47.7626590511,1,56.9127185618,56.9127185618
PERSIST,22,ATU5,355,3.17738987794,3.52562154128,3.69976010185,1,36.270818576,36.270818576,1,46.5530916518,46.5530916518,1,55.4714301087,55.4714301087
PERSIST,22,MJ3,355,2.44662986053,2.69139588083,1.8860850852,1,15.0308999666,15.0308999666,1,19.2919512497,19.2919512497,1,22.9877777702,22.9877777702
PERSIST,22,MJ1,355,2.61835209197,3.18359416796,2.01961183559,1,13.269250048,13.269250048,1,17.0308980576,17.0308980576,1,20.2935667164,20.2935667164
PERSIST,23,ATU1,354,1.79257150399,2.12838113933,3.6766819053,1,38.8986821813,38.8986821813,1,49.9259180744,49.9259180744,1,59.4904006762,59.4904006762
PERSIST,23,ATU5,354,3.32197797731,3.68510492468,3.87435355081,1,37.9809132418,37.9809132418,1,48.7479743932,48.7479743932,1,58.0867942074,58.0867942074
PERSIST,23,MJ3,354,2.55444580246,2.80891986615,1.97520698102,1,15.7702486571,15.7702486571,1,20.2408950205,20.2408950205,1,24.1185140154,24.1185140154
PERSIST,23,MJ1,354,2.74173476576,3.32978555668,2.11795784637,1,13.9094455569,13.9094455569,1,17.8525800977,17.8525800977,1,21.2726612565,21.2726612565
PERSIST,24,ATU1,353,1.8743591839,2.21719510569,3.83497778449,1,40.5765649438,40.5765649438,1,52.0794572856,52.0794572856,1,62.05650092,62.05650092
PERSIST,24,ATU5,353,3.46650884498,3.84439852949,4.04919663866,1,39.6925840572,39.6925840572,1,50.9448801007,50.9448801007,1,60.7045688188,60.7045688188
PERSIST,24,MJ3,353,2.66191930967,2.92592219476,2.06465159725,1,16.5145220286,16.5145220286,1,21.196159551,21.196159551,1,25.2567819104,25.2567819104
PERSIST,24,MJ1,353,2.86558180824,3.47607571169,2.21684732435,1,14.5524955252,14.5524955252,1,18.6779257966,18.6779257966,1,22.2561213153,22.2561213153
PERSIST,25,ATU1,352,1.95637964836,2.30553073186,3.99250401334,1,42.246359715,42.246359715,1,54.2226156723,54.2226156723,1,64.6102316485,64.6102316485
PERSIST,25,ATU5,352,3.6109727996,4.0034889333,4.22427506991,1,41.4056221988,41.4056221988,1,53.1435407525,53.1435407525,1,63.3244345753,63.3244345753
PERSIST,25,MJ3,352,2.7690456228,3.0423918944,2.15442518175,1,17.2637523266,17.2637523266,1,22.1577862278,22.1577862278,1,26.4026307703,26.4026307703
PERSIST,25,MJ1,352,2.98990134756,3.62246431709,2.31628099132,1,15.1983443787,15.1983443787,1,19.5068638259,19.5068638259,1,23.2438618997,23.2438618997
PERSIST,26,ATU1,351,2.03861792154,2.3933817588,4.149223616,1,43.9076270723,43.9076270723,1,56.3548292417,56.3548292417,1,67.1509208228,67.1509208228
PERSIST,26,ATU5,351,3.75536007448,4.16236313098,4.39957906475,1,43.1198702714,43.1198702714,1,55.3437543338,55.3437543338,1,65.9461507615,65.9461507615
PERSIST,26,MJ3,351,2.87582012942,3.15831839338,2.24453391524,1,18.017975432,18.017975432,1,23.1258211035,23.1258211035,1,27.5561154701,27.5561154701
PERSIST,26,MJ1,351,3.11470110549,3.76895172084,2.41625995969,1,15.8469347374,15.8469347374,1,20.339320539,20.339320539,1,24.2357952545,24.2357952545
PERSIST,27,ATU1,350,2.12105835313,2.48074399217,4.3051073097,1,45.5600055303,45.5600055303,1,58.4756340324,58.4756340324,1,69.678015599,69.678015599
PERSIST,27,ATU5,350,3.89966081634,4.32100853061,4.57510332244,1,44.8352229948,44.8352229948,1,57.5453857192,57.5453857192,1,68.5695563654,68.5695563654
PERSIST,27,MJ3,350,2.98223836616,3.27369153851,2.33498377707,1,18.77723027,18.77723027,1,24.100314138,24.100314138,1,28.7172955409,28.7172955409
PERSIST,27,MJ1,350,3.23998839162,3.91553891959,2.51678563175,1,16.4982079518,16.4982079518,1,21.1752206601,21.1752206601,1,25.231831683,25.231831683
PERSIST,28,ATU1,349,2.20368460861,2.56761517156,4.46013357955,1,47.203213474,47.203213474,1,60.5846685955,60.5846685955,1,72.1910852837,72.1910852837
PERSIST,28,ATU5,349,4.0438650841,4.47941294451,4.75084695325,1,46.5516276408,46.5516276408,1,59.7483672324,59.7483672324,1,71.1945707458,71.1945707458
PERSIST,28,MJ3,349,3.0882960208,3.38850160929,2.4257804185,1,19.5415584651,19.5415584651,1,25.0813187559,25.0813187559,1,29.8862346417,29.8862346417
PERSIST,28,MJ1,349,3.36577009748,4.06222753498,2.61785957884,1,17.1521046164,17.1521046164,1,22.014487943,22.014487943,1,26.2318803324,26.2318803324
PERSIST,29,ATU1,348,2.2864796595,2.65399480948,4.6142886873,1,48.8370506521,48.8370506521,1,62.681675911,62.681675911,1,74.6898236191,74.6898236191
PERSIST,29,ATU5,348,4.18796284759,4.63756457523,4.9268133771,1,48.2690841894,48.2690841894,1,61.9526988482,61.9526988482,1,73.8211938728,73.8211938728
PERSIST,29,MJ3,348,3.19398893447,3.50273932842,2.51692902604,1,20.3110039575,20.3110039575,1,26.0688913538,26.0688913538,1,31.0629999734,31.0629999734
PERSIST,29,MJ1,348,3.49205269048,4.20901978119,2.71948340198,1,17.8085650577,17.8085650577,1,22.8570457979,22.8570457979,1,27.2358499399,27.2358499399
PERSIST,30,ATU1,347,2.36942577332,2.73988399855,4.76756661067,1,50.4613991836,50.4613991836,1,64.7665046805,64.7665046805,1,77.1740503218,77.1740503218
PERSIST,30,ATU5,347,4.33194398629,4.79545199641,5.10301018698,1,49.9876451771,49.9876451771,1,64.1584479961,64.1584479961,1,76.4495060934,76.4495060934
PERSIST,30,MJ3,347,3.29931310386,3.61639586839,2.60843417421,1,21.0856125804,21.0856125804,1,27.063090758,27.063090758,1,32.2476616319,32.2476616319
PERSIST,30,MJ1,347,3.61884220786,4.35591842364,2.82165857611,1,18.4675298105,18.4675298105,1,23.7028179016,23.7028179016,1,28.2436495613,28.2436495613
DRIFT14,1,ATU1,376,0.023504492101,0.0296062022622,0.0620353571778,1,0.664972621022,0.664972621022,1,0.853483119149,0.853483119149,1,1.01698786295,1.01698786295
DRIFT14,1,ATU5,376,0.0165334881473,0.02086357235,0.0473115291714,1,0.508581857367,0.508581857367,1,0.65275774708,0.65275774708,1,0.777808829882,0.777808829882
DRIFT14,1,MJ3,376,0.0139889023511,0.0182446320582,0.0117557111514,0.978723404255,0.0930490548107,0.0937781899332,1,0.119427168914,0.119427168914,1,0.142306249025,0.142306249025
DRIFT14,1,MJ1,376,0.0174608449837,0.024834566638,0.0139561954951,0.880319148936,0.0827815654551,0.10340626582,0.914893617021,0.106248988995,0.12593289596,0.94414893617,0.126603479125,0.140451944792
DRIFT14,2,ATU1,375,0.0500012293127,0.0629624605985,0.13254681262,1,1.42100261713,1.42100261713,1,1.82383711396,1.82383711396,1,2.17323596364,2.17323596364
DRIFT14,2,ATU5,375,0.0351591514488,0.0443975877193,0.101094179171,1,1.08682750837,1.08682750837,1,1.3949280053,1.3949280053,1,1.66215923813,1.66215923813
DRIFT14,2,MJ3,375,0.0297527574644,0.038811438459,0.0250790578963,0.976,0.198844553243,0.200445897965,1,0.255214221101,0.255214221101,1,0.304106501334,0.304106501334
DRIFT14,2,MJ1,375,0.0371329460853,0.05281688477,0.029777989194,0.88,0.176245630772,0.221782805712,0.909333333333,0.226208818126,0.271413070406,0.941333333333,0.269544431947,0.304252567294
DRIFT14,3,ATU1,374,0.079393945312,0.099982812362,0.211484483922,1,2.26759802162,2.26759802162,1,2.91043055201,2.91043055201,1,3.46799190394,3.46799190394
DRIFT14,3,ATU5,374,0.0558464608915,0.0705549018858,0.161312313054,1,1.73436922498,1.73436922498,1,2.22603880084,2.22603880084,1,2.65248883326,2.65248883326
DRIFT14,3,MJ3,374,0.0472493962293,0.0616559069336,0.0399576126064,0.975935828877,0.3173578693,0.319940751775,1,0.407324415493,0.407324415493,1,0.485356977247,0.485356977247
DRIFT14,3,MJ1,374,0.0589368526671,0.0838836114179,0.0474495712925,0.874331550802,0.280224412858,0.355282314651,0.906417112299,0.359664140127,0.436593057733,0.938502673797,0.42856625637,0.492356016479
DRIFT14,4,ATU1,373,0.111637491313,0.140572643747,0.298778626091,1,3.20405334371,3.20405334371,1,4.11235794567,4.11235794567,1,4.90017672879,4.90017672879
DRIFT14,4,ATU5,373,0.0785091476309,0.0992841730189,0.227915543596,1,2.45067834815,2.45067834815,1,3.14541160716,3.14541160716,1,3.74798910102,3.74798910102
DRIFT14,4,MJ3,373,0.0664365792523,0.0867297832644,0.0563768232377,0.973190348525,0.448543162775,0.452163694832,1,0.575698916822,0.575698916822,1,0.685987570213,0.685987570213
DRIFT14,4,MJ1,373,0.0828495635479,0.117966326943,0.0669512483073,0.876675603217,0.394532680086,0.503820906037,0.903485254692,0.506377212777,0.62188278704,0.932975871314,0.603385665066,0.705007693146
DRIFT14,5,ATU1,372,0.14666433427,0.184629809473,0.39434006936,1,4.22945406915,4.22945406915,1,5.42844552861,5.42844552861,1,6.46839180932,6.46839180932
DRIFT14,5,ATU5,372,0.103131524027,0.130530688761,0.300839088941,1,3.2350687089,3.2350687089,1,4.15216573592,4.15216573592,1,4.94761063653,4.94761063653
DRIFT14,5,MJ3,372,0.0872634601402,0.113981867092,0.0743201652677,0.975806451613,0.592338513037,0.597114134739,1,0.760258250817,0.760258250817,1,0.905903580802,0.905903580802
DRIFT14,5,MJ1,372,0.108825527554,0.154992277438,0.0882593588817,0.870967741935,0.518969621174,0.667452752376,0.903225806452,0.666090297586,0.827139944539,0.930107526882,0.793695543682,0.943077362938
DRIFT14,6,ATU1,371,0.184297867118,0.232045517965,0.498060682844,1,5.34268150258,5.34268150258,1,6.85725747089,6.85725747089,1,8.17092624866,8.17092624866
DRIFT14,6,ATU5,371,0.129672635019,0.164237115911,0.380004118192,1,4.08669996961,4.08669996961,1,5.24522262545,5.24522262545,1,6.2500682543,6.2500682543
DRIFT14,6,MJ3,371,0.109681659586,0.143358500781,0.0937692123215,0.975741239892,0.748666105373,0.754642689244,1,0.960902543375,0.960902543375,1,1.14498600168,1.14498600168
DRIFT14,6,MJ1,371,0.136718503645,0.1948846886,0.111346100105,0.870619946092,0.653319884358,0.846135205251,0.900269541779,0.838526993558,1.05263201954,0.927223719677,0.999166540115,1.20606337117
DRIFT14,7,ATU1,370,0.224559326033,0.282705218324,0.609813895475,1,6.542418168,6.542418168,1,8.39710281036,8.39710281036,1,10.0057651411,10.0057651411
DRIFT14,7,ATU5,370,0.157986703768,0.200344248802,0.465318101737,1,5.00458099878,5.00458099878,1,6.42331017224,6.42331017224,1,7.65384614949,7.65384614949
DRIFT14,7,MJ3,370,0.133654972938,0.174804093418,0.114703732159,0.975675675676,0.917432282332,0.924559222794,1,1.17751158646,1.17751158646,1,1.40309159613,1.40309159613
DRIFT14,7,MJ1,370,0.166571741485,0.23756306596,0.136179480617,0.872972972973,0.797355223167,1.03945839682,0.9,1.02339434952,1.29793796259,0.924324324324,1.21944958151,1.49480417162
DRIFT14,8,ATU1,369,0.267350034106,0.336489479507,0.729455277689,1,7.82715378629,7.82715378629,1,10.0460431248,10.0460431248,1,11.9705987141,11.9705987141
DRIFT14,8,ATU5,369,0.188118753445,0.238791747393,0.556675180503,1,5.9875734311,5.9875734311,1,7.68496730024,7.68496730024,1,9.15720334262,9.15720334262
DRIFT14,8,MJ3,369,0.15909268131,0.208261666406,0.137101831845,0.972899728997,1.09852784042,1.10684943803,1,1.4099452189,1.4099452189,1,1.68005335182,1.68005335182
DRIFT14,8,MJ1,369,0.198311350007,0.282943486221,0.162723394266,0.867208672087,0.950836601059,1.24776965621,0.89701897019,1.22038556539,1.56284735464,0.924119241192,1.45417909303,1.80768195547
DRIFT14,9,ATU1,368,0.312397947862,0.393274847688,0.856823126519,1,9.19519118444,9.19519118444,1,11.8019001161,11.8019001161,1,14.0628313655,14.0628313655
DRIFT14,9,ATU5,368,0.219999705884,0.279518852991,0.65395656105,1,7.03439549238,7.03439549238,1,9.02854887008,9.02854887008,1,10.7581795292,10.7581795292
DRIFT14,9,MJ3,368,0.185987738021,0.243673404266,0.160940146729,0.975543478261,1.29182861967,1.30128946793,1,1.65804408312,1.65804408312,1,1.9756813825,1.9756813825
DRIFT14,9,MJ1,368,0.231714968863,0.330938882677,0.190937750408,0.866847826087,1.11351596101,1.47032096305,0.896739130435,1.42918226342,1.84750781743,0.91847826087,1.70297570418,2.1458952159
DRIFT14,10,ATU1,367,0.359835755401,0.452934663914,0.991739034303,1,10.6446519194,10.6446519194,1,13.6622628289,13.6622628289,1,16.2795902646,16.2795902646
DRIFT14,10,ATU5,367,0.253458897368,0.322465066801,0.757030935087,1,8.14362608063,8.14362608063,1,10.4522309171,10.4522309171,1,12.4546013213,12.4546013213
DRIFT14,10,MJ3,367,0.214292021803,0.280981191761,0.186194045097,0.975476839237,1.49719612661,1.50771504001,1,1.92163042466,1.92163042466,1,2.28976388063,2.28976388063
DRIFT14,10,MJ1,367,0.266924327432,0.381459326415,0.220778643017,0.861035422343,1.28513738782,1.70673324746,0.893732970027,1.64945598001,2.15068724969,0.91825613079,1.96544802646,2.50723389706
DRIFT14,11,ATU1,366,0.409534696057,0.515339820614,1.13400848983,1,12.1734821724,12.1734821724,1,15.6244952152,15.6244952152,1,18.6177343665,18.6177343665
DRIFT14,11,ATU5,366,0.288536952381,0.367570774042,0.865754926607,1,9.31370915175,9.31370915175,1,11.9540162803,11.9540162803,1,14.2440889549,14.2440889549
DRIFT14,11,MJ3,366,0.243893554955,0.320127115978,0.212837839911,0.972677595628,1.71447820388,1.72589276353,1,2.20050895164,2.20050895164,1,2.62206814163,2.62206814163
DRIFT14,11,MJ1,366,0.303796837773,0.434412304218,0.252198607742,0.863387978142,1.46543815516,1.95751903213,0.890710382514,1.88086950958,2.47243919323,0.912568306011,2.24119425461,2.89150545653
DRIFT14,12,ATU1,365,0.46110269431,0.580359050501,1.28342148671,1,13.7794590817,13.7794590817,1,17.6857442629,17.6857442629,1,21.0738640978,21.0738640978
DRIFT14,12,ATU5,365,0.325198069851,0.414777372772,0.979973530348,1,10.5429584716,10.5429584716,1,13.5317407016,13.5317407016,1,16.1240635573,16.1240635573
DRIFT14,12,MJ3,365,0.274808582871,0.36105365546,0.240844880123,0.975342465753,1.9435097616,1.95573219792,1,2.49446777354,2.49446777354,1,2.97234168234,2.97234168234
DRIFT14,12,MJ1,365,0.34215493411,0.489702983463,0.28514697262,0.86301369863,1.65414976699,2.22129399215,0.887671232877,2.12307824118,2.81162053799,0.912328767123,2.52980375937,3.29860324969
DRIFT14,13,ATU1,364,0.514820083716,0.647857889762,1.43975306118,1,15.4601976086,15.4601976086,1,19.842948808,19.842948808,1,23.6443318564,23.6443318564
DRIFT14,13,ATU5,364,0.363287228807,0.464025957181,1.09952045606,1,11.8295628015,11.8295628015,1,15.1830794815,15.1830794815,1,18.0917550781,18.0917550781
DRIFT14,13,MJ3,364,0.306980463517,0.403702949657,0.270187240793,0.975274725275,2.18411357823,2.19709593731,1,2.80327942895,2.80327942895,1,3.34031346578,3.34031346578
DRIFT14,13,MJ1,364,0.382082426196,0.547234457173,0.319570294117,0.857142857143,1.85099901439,2.49822244793,0.887362637363,2.37573151495,3.16774987993,0.912087912088,2.83085870375,3.72518196018
DRIFT14,14,ATU1,363,0.570490234204,0.717698586691,1.60276400018,1,17.2131580332,17.2131580332,1,22.0928491552,22.0928491552,1,26.3252534758,26.3252534758
DRIFT14,14,ATU5,363,0.402784499214,0.515257027296,1.2242186207,1,13.1715915906,13.1715915906,1,16.9055547846,16.9055547846,1,20.1442109946,20.1442109946
DRIFT14,14,MJ3,363,0.340300546127,0.448016655499,0.300835703768,0.97520661157,2.43610117965,2.44954504498,1,3.12670201394,3.12670201394,1,3.72569524565,3.72569524565
DRIFT14,14,MJ1,363,0.423382307328,0.606908047533,0.355412902108,0.856749311295,2.0557090598,2.78779221592,0.884297520661,2.63847401375,3.54086985877,0.909090909091,3.14393570125,4.17422743156
DRIFT14,15,ATU1,362,0.62767465114,0.789740393829,1.77220167329,1,19.035654185,19.035654185,1,24.431997642,24.431997642,1,29.1125208129,29.1125208129
DRIFT14,15,ATU5,362,0.443632778002,0.568410598361,1.35388073692,1,14.5670012558,14.5670012558,1,18.6965437003,18.6965437003,1,22.2783059158,22.2783059158
DRIFT14,15,MJ3,362,0.374883544906,0.493936055191,0.332759869616,0.977900552486,2.69927381278,2.71286156454,1,3.46448043173,3.46448043173,1,4.12818305536,4.12818305536
DRIFT14,15,MJ1,362,0.466122966858,0.668623641483,0.392617516072,0.85635359116,2.26800055477,3.08863323951,0.883977900552,2.91094719771,3.92886839356,0.908839779006,3.46860752527,4.64083139228
DRIFT14,16,ATU1,361,0.686729326124,0.863839892469,1.94780096389,1,20.9248625083,20.9248625083,1,26.856770274,26.856770274,1,32.0018156118,32.0018156118
DRIFT14,16,ATU5,361,0.48578165407,0.623426324612,1.48830996971,1,16.0136421376,16.0136421376,1,20.5532871707,20.5532871707,1,24.4907522216,24.4907522216
DRIFT14,16,MJ3,361,0.410433390928,0.541402181866,0.36592828876,0.975069252078,2.97342352036,2.98718275105,1,3.81634777205,3.81634777205,1,4.54745885174,4.54745885174
DRIFT14,16,MJ1,361,0.510169255361,0.732280048682,0.4311258851,0.850415512465,2.48759269267,3.40205297006,0.880886426593,3.19279065543,4.33258514582,0.905817174515,3.80444471914,5.1245759527
DRIFT14,17,ATU1,360,0.747339903916,0.939851347883,2.12928530296,1,22.8778319738,22.8778319738,1,29.3633794461,29.3633794461,1,34.9886246629,34.9886246629
DRIFT14,17,ATU5,360,0.52914024739,0.680243634737,1.62730067467,1,17.5092662861,17.5092662861,1,22.4728999833,22.4728999833,1,26.7781119692,26.7781119692
DRIFT14,17,MJ3,360,0.447106932345,0.590355959344,0.400308601276,0.975,3.25833425924,3.27199288404,1,4.1820267465,4.1820267465,1,4.98319222527,4.98319222527
DRIFT14,17,MJ1,360,0.555198289395,0.797775383533,0.47087938321,0.85,2.71420387747,3.72571079157,0.880555555556,3.4836429623,4.75023813831,0.902777777778,4.15101661888,5.62610921099
DRIFT14,18,ATU1,359,0.809171441182,1.01762709507,2.31636779552,1,24.8914948919,24.8914948919,1,31.9478878212,31.9478878212,1,38.0682563395,38.0682563395
DRIFT14,18,ATU5,359,0.573673013473,0.738801877341,1.77063923985,1,19.0515363553,19.0515363553,1,24.452382187,24.452382187,1,29.1368104964,29.1368104964
DRIFT14,18,MJ3,359,0.484871577124,0.640738353581,0.435867675178,0.977715877437,3.55378295921,3.56708092926,1,4.56123104759,4.56123104759,1,5.43504201952,5.43504201952
DRIFT14,18,MJ1,359,0.601478251516,0.86500747198,0.511819555442,0.849582172702,2.94755202963,4.06031024107,0.877437325905,3.78314207319,5.18073337544,0.902506963788,4.5078918211,6.1408107634
DRIFT14,19,ATU1,358,0.8726698149,1.09701795383,2.50875240847,1,26.9626788449,26.9626788449,1,34.6062236454,34.6062236454,1,41.2358588476,41.2358588476
DRIFT14,19,ATU5,358,0.619227407235,0.799040474681,1.91810502557,1,20.6380356882,20.6380356882,1,26.488632036,26.488632036,1,31.563151845,31.563151845
DRIFT14,19,MJ3,358,0.523461318699,0.692490533829,0.47257173824,0.977653631285,3.85954049113,3.87235341395,1,4.95366659125,4.95366659125,1,5.90265781172,5.90265781172
DRIFT14,19,MJ1,358,0.648665156409,0.933874282507,0.553888638762,0.849162011173,3.18735477907,4.40586919264,0.874301675978,4.09092556998,5.6247089099,0.899441340782,4.87463847799,6.67038920573
DRIFT14,20,ATU1,357,0.937214447541,1.17787366676,2.70613522102,1,29.0881197844,29.0881197844,1,37.3341975578,37.3341975578,1,44.4864402559,44.4864402559
DRIFT14,20,ATU5,357,0.665931142136,0.860899080987,2.06947139382,1,22.2662795369,22.2662795369,1,28.578460391,28.578460391,1,34.0533359214,34.0533359214
DRIFT14,20,MJ3,357,0.56306516684,0.745554040755,0.510386494571,0.977591036415,4.17537254079,4.18726473567,1,5.35903263844,5.35903263844,1,6.38568124921,6.38568124921
DRIFT14,20,MJ1,357,0.696807929589,1.00427437738,0.597029923188,0.848739495798,3.43332973285,4.75970762811,0.871148459384,4.40663100529,6.07891412802,0.899159663866,5.25082470684,7.2122325639
DRIFT14,21,ATU1,356,1.00279030283,1.2600433482,2.90820573603,1,31.2644761905,31.2644761905,1,40.1275207641,40.1275207641,1,47.8148901506,47.8148901506
DRIFT14,21,ATU5,356,0.71355194097,0.924317739544,2.22450681711,1,23.9337273069,23.9337273069,1,30.7186064343,30.7186064343,1,36.6034772213,36.6034772213
DRIFT14,21,MJ3,356,0.603558617171,0.799870957292,0.549277222027,0.980337078652,4.50104040852,4.51205680396,1,5.77702282145,5.77702282145,1,6.88374727233,6.88374727233
DRIFT14,21,MJ1,356,0.745468685529,1.07610737671,0.64118793185,0.842696629213,3.68519503215,5.12392957465,0.86797752809,4.72989661721,6.54443234207,0.89606741573,5.63601944175,7.76612532424
DRIFT14,22,ATU1,355,1.06949676276,1.34337593198,3.11464824637,1,33.488344198,33.488344198,1,42.9818244507,42.9818244507,1,51.2160027693,51.2160027693
DRIFT14,22,ATU5,355,0.762075898705,0.989237032593,2.38297605604,1,25.6377956967,25.6377956967,1,32.9057545342,32.9057545342,1,39.2096249261,39.2096249261
DRIFT14,22,MJ3,355,0.64496842974,0.855384077953,0.589208855169,0.980281690141,4.83630179708,4.84607417117,1,6.20732615513,6.20732615513,1,7.39648531943,7.39648531943
DRIFT14,22,MJ1,355,0.795114390089,1.14927442741,0.686308463394,0.842253521127,3.94267049168,5.4955893377,0.870422535211,5.06036279185,7.02157743419,0.895774647887,6.02979417634,8.33312521735
DRIFT14,23,ATU1,354,1.13707853447,1.42772060687,3.32514326151,1,35.7562737088,35.7562737088,1,45.8926804644,45.8926804644,1,54.6845016422,54.6845016422
DRIFT14,23,ATU5,354,0.811577543921,1.0555982188,2.54464140025,1,27.3758726511,27.3758726511,1,35.1365521543,35.1365521543,1,41.8677842422,41.8677842422
DRIFT14,23,MJ3,354,0.687046822079,0.912037072822,0.630146069975,0.983050847458,5.18091177167,5.18942096417,1,6.64962826909,6.64962826909,1,7.92352079507,7.92352079507
DRIFT14,23,MJ1,354,0.845269015349,1.22367867019,0.732338565532,0.838983050847,4.20547988021,5.87526419108,0.867231638418,5.39767499023,7.50674731592,0.892655367232,6.43172645137,8.90662406654
DRIFT14,24,ATU1,353,1.20571805418,1.51292723002,3.53936899661,1,38.0647854664,38.0647854664,1,48.855623228,48.855623228,1,58.2150657056,58.2150657056
DRIFT14,24,ATU5,353,0.86165163148,1.12334335364,2.70926394616,1,29.1453318134,29.1453318134,1,37.4076284021,37.4076284021,1,44.5739385036,44.5739385036
DRIFT14,24,MJ3,353,0.729966352382,0.969774642905,0.672053392616,0.980169971671,5.53462412063,5.54167233089,1,7.10361315407,7.10361315407,1,8.46447715101,8.46447715101
DRIFT14,24,MJ1,353,0.895722360408,1.29922569821,0.779226498604,0.838526912181,4.47335467206,6.26388069059,0.86402266289,5.7414885634,8.00228067015,0.889518413598,6.84140559228,9.48910762375
DRIFT14,25,ATU1,352,1.27475562359,1.59884670881,3.75700288964,1,40.4103886758,40.4103886758,1,51.8661723547,51.8661723547,1,61.8023562495,61.8023562495
DRIFT14,25,ATU5,352,0.912680681336,1.19241538833,2.87660484656,1,30.9435467288,30.9435467288,1,39.7156122594,39.7156122594,1,47.3240708942,47.3240708942
DRIFT14,25,MJ3,352,0.773700698608,1.02854266374,0.714895342764,0.982954545455,5.89719322009,5.90287067137,1,7.56896555526,7.56896555526,1,9.01897873796,9.01897873796
DRIFT14,25,MJ1,352,0.946917548826,1.37582400154,0.826921640915,0.838068181818,4.74603828979,6.65785776496,0.863636363636,6.09147419776,8.50418837964,0.892045454545,7.25843919771,10.0825983404
DRIFT14,26,ATU1,351,1.34445037805,1.68533134214,3.97772314574,1,42.7895991229,42.7895991229,1,54.9198559039,54.9198559039,1,65.4410446279,65.4410446279
DRIFT14,26,ATU5,351,0.964544913887,1.26275824341,3.04642654682,1,32.7679049499,32.7679049499,1,42.0571506864,42.0571506864,1,50.1141860206,50.1141860206
DRIFT14,26,MJ3,351,0.818096507749,1.0882883144,0.758636645385,0.982905982906,6.26837685402,6.27247975109,1,8.04537459173,8.04537459173,1,9.58665511846,9.58665511846
DRIFT14,26,MJ1,351,0.998195611523,1.45338539172,0.875374375664,0.831908831909,5.0232907044,7.05986979605,0.860398860399,6.44732381944,9.01300939704,0.888888888889,7.682460175,10.6793272359
DRIFT14,27,ATU1,350,1.41508284151,1.77223511164,4.20121027158,1,45.1989573448,45.1989573448,1,58.0122337031,58.0122337031,1,69.1258400491,69.1258400491
DRIFT14,27,ATU5,350,1.01694478009,1.3343168528,3.21849402235,1,34.6158221865,34.6158221865,1,44.4289267824,44.4289267824,1,52.940331552,52.940331552
DRIFT14,27,MJ3,350,0.863259229829,1.14896018893,0.80324241814,0.985714285714,6.64793844266,6.65072355449,1,8.53253661667,8.53253661667,1,10.167144475,10.167144475
DRIFT14,27,MJ1,350,1.04986781979,1.53182540058,0.92453603115,0.831428571429,5.3048934419,7.46708458395,0.86,6.80875702008,9.53270255982,0.885714285714,8.113134397,11.286761851
DRIFT14,28,ATU1,349,1.48553202675,1.85941391306,4.42714859951,1,47.6350468166,47.6350468166,1,61.1389206902,61.1389206902,1,72.8515173892,72.8515173892
DRIFT14,28,ATU5,349,1.07009917907,1.40703717479,3.39257600967,1,36.4847563953,36.4847563953,1,46.8276778701,46.8276778701,1,55.7986197684,55.7986197684
DRIFT14,28,MJ3,349,0.909109752693,1.21050838762,0.848678369435,0.991404011461,7.03564912622,7.03716973106,1,9.0301578917,9.0301578917,1,10.7600967967,10.7600967967
DRIFT14,28,MJ1,349,1.10181413434,1.61106364742,0.974358945221,0.830945558739,5.59065506502,7.87958551238,0.862464183381,7.17552809264,10.0568041284,0.89111747851,8.55016908568,11.899972152
DRIFT14,29,ATU1,348,1.55680228382,1.94672559652,4.65522778451,1,50.0945120762,50.0945120762,1,64.2956101762,64.2956101762,1,76.6129449116,76.6129449116
DRIFT14,29,ATU5,348,1.12392619177,1.48086592595,3.56844619801,1,38.3722216889,38.3722216889,1,49.2502133477,49.2502133477,1,58.6852488335,58.6852488335
DRIFT14,29,MJ3,348,0.955612614542,1.27288449962,0.894910989665,0.994252873563,7.43128993843,7.43178220675,1,9.53795737665,9.53795737665,1,11.3651772036,11.3651772036
DRIFT14,29,MJ1,348,1.15377910867,1.6910243679,1.02479681714,0.827586206897,5.8804172107,8.29951055077,0.85632183908,7.54743378032,10.5874174583,0.887931034483,8.99332204565,12.5190742513
DRIFT14,30,ATU1,347,1.62861611589,2.03402983699,4.8851442666,1,52.574076635,52.574076635,1,67.4780968334,67.4780968334,1,80.4051116596,80.4051116596
DRIFT14,30,ATU5,347,1.17828012603,1.5557496848,3.74588433424,1,40.2758019277,40.2758019277,1,51.6934321336,51.6934321336,1,61.5965235806,61.5965235806
DRIFT14,30,MJ3,347,1.00270811779,1.33604136976,0.941907693616,1,7.83465405935,7.83465405935,1,10.055669621,10.055669621,1,11.9820693919,11.9820693919
DRIFT14,30,MJ1,347,1.20564667024,1.77163771382,1.07580569774,0.829971181556,6.17406128836,8.72347409346,0.85878962536,7.92432187375,11.1256834843,0.884726224784,9.44241190825,13.1487440615
DRIFT1,1,ATU1,376,0.00324573014306,0.00413354186503,0.0086657821564,1,0.0929012571824,0.0929012571824,1,0.119237472711,0.119237472711,1,0.142080212058,0.142080212058
DRIFT1,1,ATU5,376,0.00229559439073,0.00288925479422,0.00660690808339,1,0.0710550979133,0.0710550979133,1,0.0911982308464,0.0911982308464,1,0.10866939464,0.10866939464
DRIFT1,1,MJ3,376,0.00187657270414,0.00245741291578,0.00257641086676,1,0.0256782490144,0.0256782490144,1,0.0329576758057,0.0329576758057,1,0.039271492937,0.039271492937
DRIFT1,1,MJ1,376,0.0023640212976,0.00338244502821,0.00277495118289,1,0.0256310313109,0.0256310313109,1,0.0328970725391,0.0328970725391,1,0.0391992796908,0.0391992796908
DRIFT1,2,ATU1,375,0.00973656405922,0.01239767437,0.0261077675014,1,0.279922246816,0.279922246816,1,0.35927631421,0.35927631421,1,0.428104133287,0.428104133287
DRIFT1,2,ATU5,375,0.00688362154967,0.00866601894377,0.0199056810584,1,0.214101066145,0.214101066145,1,0.274795743419,0.274795743419,1,0.327439324314,0.327439324314
DRIFT1,2,MJ3,375,0.00562405173791,0.00736012668047,0.00480201267829,0.978666666667,0.0382768267868,0.0387249216902,1,0.0491277753164,0.0491277753164,1,0.0585393549207,0.0585393549207
DRIFT1,2,MJ1,375,0.00708298600744,0.0101339733666,0.00573436837746,0.888,0.0343744446347,0.0429292716479,0.92,0.0441191220485,0.0529074422105,0.949333333333,0.0525711764426,0.0602342430316
DRIFT1,3,ATU1,374,0.0194641215449,0.0247761924821,0.0524126601037,1,0.562028236083,0.562028236083,1,0.721355431513,0.721355431513,1,0.859548012451,0.859548012451
DRIFT1,3,ATU5,374,0.0137502720261,0.017321037169,0.0399633636691,1,0.429880053044,0.429880053044,1,0.551745074809,0.551745074809,1,0.657444806975,0.657444806975
DRIFT1,3,MJ3,374,0.0112334951795,0.0146905120255,0.00961806923093,0.975935828877,0.0767735485084,0.0776944641142,1,0.0985377827262,0.0985377827262,1,0.117415010123,0.117415010123
DRIFT1,3,MJ1,374,0.0141434880409,0.0202321431239,0.0114547200365,0.879679144385,0.0677327841896,0.0859770041233,0.914438502674,0.0869340873462,0.106352015039,0.941176470588,0.103588354268,0.121351593723
DRIFT1,4,ATU1,373,0.0324165833216,0.041241191865,0.087643960669,1,0.939936903536,0.939936903536,1,1.20639595507,1.20639595507,1,1.43750944418,1.43750944418
DRIFT1,4,ATU5,373,0.0228827997853,0.0288382880794,0.0668295008073,1,0.718945131451,0.718945131451,1,0.922756086325,0.922756086325,1,1.09953169454,1.09953169454
DRIFT1,4,MJ3,373,0.0186996798085,0.0244269793399,0.016049288678,0.97855227882,0.128284227879,0.129834415826,1,0.164651023947,0.164651023947,1,0.19619379601,0.19619379601
DRIFT1,4,MJ1,373,0.0235345295559,0.0336476280763,0.0191159219241,0.879356568365,0.112735157019,0.144156933717,0.908847184987,0.144694007556,0.179094432222,0.938337801609,0.172413544246,0.205543547874
DRIFT1,5,ATU1,372,0.0485494833673,0.0617536129767,0.131842394599,1,1.41412337628,1.41412337628,1,1.81500770392,1.81500770392,1,2.16271507267,2.16271507267
DRIFT1,5,ATU5,372,0.0342637326357,0.0431952227697,0.100536515948,1,1.08166465729,1.08166465729,1,1.38830155768,1.38830155768,1,1.65426333878,1.65426333878
DRIFT1,5,MJ3,372,0.0280004669719,0.0365442537882,0.0240963888665,0.975806451613,0.192865233055,0.195216181725,1,0.247539846724,0.247539846724,1,0.294961920239,0.294961920239
DRIFT1,5,MJ1,372,0.0352130967402,0.0503449884266,0.0287012726278,0.873655913978,0.168820292825,0.217395969104,0.908602150538,0.216678500048,0.271253935404,0.935483870968,0.258188357529,0.312935884115
DRIFT1,6,ATU1,371,0.0678410007161,0.0862633823998,0.185026268405,1,1.9848245089,1.9848245089,1,2.54749467763,2.54749467763,1,3.03552713576,3.03552713576
DRIFT1,6,ATU5,371,0.0478498244545,0.0603627932968,0.141100049066,1,1.51822621763,1.51822621763,1,1.94862225426,1.94862225426,1,2.32192662936,2.32192662936
DRIFT1,6,MJ3,371,0.0391116289471,0.051013182932,0.0337573954279,0.975741239892,0.270554196721,0.273867955054,1,0.347252552085,0.347252552085,1,0.413776937032,0.413776937032
DRIFT1,6,MJ1,371,0.0491621219837,0.070282927612,0.0402063350108,0.876010781671,0.235882710269,0.305913657598,0.905660377358,0.302752180991,0.383072696873,0.932614555256,0.360751474332,0.44428272088
DRIFT1,7,ATU1,370,0.0902610558708,0.1147095133,0.247191777349,1,2.65204256755,2.65204256755,1,3.40385978477,3.40385978477,1,4.05594909922,4.05594909922
DRIFT1,7,ATU5,370,0.0636226244911,0.0803054583837,0.188519260725,1,2.02864019985,2.02864019985,1,2.60373150814,2.60373150814,1,3.10253745241,3.10253745241
DRIFT1,7,MJ3,370,0.0520066714376,0.0678005255213,0.0450274424087,0.975675675676,0.36137048249,0.365743084723,1,0.463813992958,0.463813992958,1,0.55266846048,0.55266846048
DRIFT1,7,MJ1,370,0.0653684807009,0.0934145390515,0.0536221828918,0.875675675676,0.313798363789,0.409690688769,0.902702702703,0.402755839629,0.514880275376,0.92972972973,0.479913183339,0.599735932215
DRIFT1,8,ATU1,369,0.115706635343,0.147020172703,0.318313367913,1,3.41554945125,3.41554945125,1,4.38381026091,4.38381026091,1,5.2236321127,5.2236321127
DRIFT1,8,ATU5,369,0.0815561562761,0.102981170709,0.242777100376,1,2.6127429529,2.6127429529,1,3.35341927544,3.35341927544,1,3.99584552523,3.99584552523
DRIFT1,8,MJ3,369,0.0666492415183,0.0868687242751,0.0578985163458,0.972899728997,0.46531487532,0.470851029173,1,0.597225176827,0.597225176827,1,0.711637691076,0.711637691076
DRIFT1,8,MJ1,369,0.0837365968117,0.119687549303,0.0689351717682,0.872628726287,0.402425080266,0.528840770396,0.89972899729,0.516506998742,0.666644716756,0.926829268293,0.615456049529,0.78014443297
DRIFT1,9,ATU1,368,0.144158064612,0.183112717321,0.3983442597,1,4.27489260746,4.27489260746,1,5.48676526115,5.48676526115,1,6.53788405684,6.53788405684
DRIFT1,9,ATU5,368,0.101563452005,0.128341346437,0.303840575589,1,3.27019995065,3.27019995065,1,4.19725619655,4.19725619655,1,5.00133923429,5.00133923429
DRIFT1,9,MJ3,368,0.0829973303887,0.108175661907,0.0723592666889,0.975543478261,0.582369833582,0.589185660135,1,0.747463589252,0.747463589252,1,0.890657801208,0.890657801208
DRIFT1,9,MJ1,368,0.104259414146,0.149044560221,0.0861269405327,0.872282608696,0.501604901004,0.663371754518,0.896739130435,0.643802920535,0.838446388936,0.926630434783,0.767138495921,0.984784214673
DRIFT1,10,ATU1,367,0.175562581451,0.222893698166,0.487216878037,1,5.2293998879,5.2293998879,1,6.71186209252,6.71186209252,1,7.99767696954,7.99767696954
DRIFT1,10,ATU5,367,0.123629565527,0.156330816762,0.371661018529,1,4.00050891508,4.00050891508,1,5.13459760461,5.13459760461,1,6.11825041161,6.11825041161
DRIFT1,10,MJ3,367,0.101007722931,0.131674398764,0.0883948444009,0.975476839237,0.712499883759,0.720611693465,1,0.914483700471,0.914483700471,1,1.08967453882,1.08967453882
DRIFT1,10,MJ1,367,0.126926731882,0.181423291939,0.105174414488,0.871934604905,0.611165623546,0.812971275692,0.896457765668,0.784422585548,1.03022236624,0.91825613079,0.934697161585,1.21469580116
DRIFT1,11,ATU1,366,0.209750330088,0.266261047579,0.584843479636,1,6.27818395767,6.27818395767,1,8.057961873,8.057961873,1,9.60165378919,9.60165378919
DRIFT1,11,ATU5,366,0.147731125286,0.18689029865,0.446174589888,1,4.80300290977,4.80300290977,1,6.16458749597,6.16458749597,1,7.34555906597,7.34555906597
DRIFT1,11,MJ3,366,0.120632103744,0.157314165425,0.105987334026,0.972677595628,0.855652017247,0.865115626073,1,1.09821747467,1.09821747467,1,1.30860683424,1.30860683424
DRIFT1,11,MJ1,366,0.151572133527,0.216756954121,0.126049913272,0.866120218579,0.730921872785,0.977828658595,0.893442622951,0.938128067408,1.24173081527,0.920765027322,1.11784853976,1.46864266666
DRIFT1,12,ATU1,365,0.246735817803,0.313113089682,0.691117481175,1,7.42014665608,7.42014665608,1,9.5236551286,9.5236551286,1,11.3481350239,11.3481350239
DRIFT1,12,ATU5,365,0.173721589587,0.219966224661,0.527303482543,1,5.67685344912,5.67685344912,1,7.28616252088,7.28616252088,1,8.68199813798,8.68199813798
DRIFT1,12,MJ3,365,0.141822325593,0.185045911091,0.125118252948,0.972602739726,1.01175611547,1.02249954862,1,1.29857491564,1.29857491564,1,1.54734745037,1.54734745037
DRIFT1,12,MJ1,365,0.178215365989,0.254974961136,0.148721512314,0.865753424658,0.860676083086,1.15752942028,0.890410958904,1.10466579337,1.47282345663,0.915068493151,1.31629047988,1.74660750159
DRIFT1,13,ATU1,364,0.286468212805,0.363345080387,0.80591353268,1,8.65398340086,8.65398340086,1,11.1072674461,11.1072674461,1,13.2351254873,13.2351254873
DRIFT1,13,ATU5,364,0.201629310938,0.25550618506,0.614955782431,1,6.62107366906,6.62107366906,1,8.49805605304,8.49805605304,1,10.1260583493,10.1260583493
DRIFT1,13,MJ3,364,0.164529617522,0.214820861705,0.145767875249,0.975274725275,1.18072540958,1.19270814395,1,1.51544465677,1.51544465677,1,1.80576368569,1.80576368569
DRIFT1,13,MJ1,364,0.206871307111,0.296002906937,0.173153141133,0.85989010989,1.00021945307,1.35164251109,0.892857142857,1.28376776975,1.7232678565,0.914835164835,1.52970364779,2.04862868235
DRIFT1,14,ATU1,363,0.328692932676,0.416847230188,0.929087769,1,9.97818770705,9.97818770705,1,12.806865273,12.806865273,1,15.2603212095,15.2603212095
DRIFT1,14,ATU5,363,0.23145674307,0.293456583555,0.709025550547,1,7.63452160612,7.63452160612,1,9.79880239819,9.79880239819,1,11.6759932175,11.6759932175
DRIFT1,14,MJ3,363,0.188728576171,0.246589296176,0.167914689519,0.972451790634,1.36245697925,1.37567646418,1,1.74869460124,1.74869460124,1,2.08369813717,2.08369813717
DRIFT1,14,MJ1,363,0.237280340731,0.339762668786,0.199304850415,0.862258953168,1.14933289539,1.56073573845,0.889807162534,1.47515280102,1.99253618202,0.914600550964,1.75775297833,2.37200843474
DRIFT1,15,ATU1,362,0.373518700437,0.473504761508,1.06047830374,1,11.3910558927,11.3910558927,1,14.6202619572,14.6202619572,1,17.4211166338,17.4211166338
DRIFT1,15,ATU5,362,0.262968180166,0.333762612989,0.809393142617,1,8.71590363626,8.71590363626,1,11.1867412079,11.1867412079,1,13.3298243154,13.3298243154
DRIFT1,15,MJ3,362,0.214359144254,0.280300495195,0.191535407964,0.972375690608,1.55683230579,1.57116607361,1,1.99817263198,1.99817263198,1,2.38096954611,2.38096954611
DRIFT1,15,MJ1,362,0.269495692773,0.38617263817,0.227133241149,0.861878453039,1.30778799386,1.78376030445,0.889502762431,1.67852771813,2.28058621453,0.911602209945,2.00008913905,2.72021575245
DRIFT1,16,ATU1,361,0.42087556788,0.533198034244,1.19990577437,1,12.890692044,12.890692044,1,16.5450241196,16.5450241196,1,19.7146122102,19.7146122102
DRIFT1,16,ATU5,361,0.296245984448,0.376368279678,0.915925558399,1,9.86377812513,9.86377812513,1,12.6600221644,12.6600221644,1,15.0853468534,15.0853468534
DRIFT1,16,MJ3,361,0.241357025743,0.315902754698,0.216605019225,0.972299168975,1.76371788838,1.77889342586,1,2.26370740251,2.26370740251,1,2.69737374059,2.69737374059
DRIFT1,16,MJ1,361,0.303609622994,0.435147965143,0.256591987203,0.85595567867,1.47534797578,2.02055783673,0.886426592798,1.89358862664,2.58628123038,0.91135734072,2.25635001738,3.08848972992
DRIFT1,17,ATU1,360,0.470367055627,0.595802713306,1.34717394394,1,14.4750132937,14.4750132937,1,18.5784784291,18.5784784291,1,22.137622468,22.137622468
DRIFT1,17,ATU5,360,0.331324671743,0.421216456741,1.02847682451,1,11.0765593438,11.0765593438,1,14.2166100067,14.2166100067,1,16.9401356684,16.9401356684
DRIFT1,17,MJ3,360,0.269713178868,0.353343437706,0.243096869227,0.975,1.98296592806,1.99891954648,1,2.54510921494,2.54510921494,1,3.03268468164,3.03268468164
DRIFT1,17,MJ1,360,0.339189714022,0.486600815865,0.287632429761,0.855555555556,1.6517686877,2.27112891768,0.883333333333,2.12002215899,2.90927032065,0.905555555556,2.52616221284,3.47701423831
DRIFT1,18,ATU1,359,0.522237842822,0.661189965181,1.50207033807,1,16.1417554822,16.1417554822,1,20.7177188683,20.7177188683,1,24.6866846742,24.6866846742
DRIFT1,18,ATU5,359,0.367878411015,0.468248956309,1.14688840791,1,12.3525217079,12.3525217079,1,15.8542899712,15.8542899712,1,18.891551707,18.891551707
DRIFT1,18,MJ3,359,0.299363732504,0.392569050974,0.270982762899,0.972144846797,2.21441508622,2.23102884579,1,2.8421709934,2.8421709934,1,3.38665562315,3.38665562315
DRIFT1,18,MJ1,359,0.37639626076,0.540440644075,0.320204233143,0.855153203343,1.83679957416,2.53419668043,0.880222841226,2.35750673072,3.24883491294,0.905292479109,2.80914253391,3.88623344521
DRIFT1,19,ATU1,358,0.576426584152,0.729226677263,1.66436684975,1,17.8884792799,17.8884792799,1,22.9596145916,22.9596145916,1,27.3580681959,27.3580681959
DRIFT1,19,ATU5,358,0.405996270883,0.517406615288,1.27098964414,1,13.6898044024,13.6898044024,1,17.5706737279,17.5706737279,1,20.9367490982,20.9367490982
DRIFT1,19,MJ3,358,0.330260872352,0.433525339244,0.300233084536,0.972067039106,2.457891325,2.47488481396,1,3.15466936273,3.15466936273,1,3.75902039718,3.75902039718
DRIFT1,19,MJ1,358,0.415315519077,0.59657447774,0.354256044889,0.849162011173,2.0301846627,2.81045456415,0.879888268156,2.60571380473,3.60415286772,0.905027932961,3.1048995045,4.31143531501
DRIFT1,20,ATU1,357,0.632378159596,0.799775697252,1.83382033862,1,19.7125768544,19.7125768544,1,25.3008184822,25.3008184822,1,30.1477846977,30.1477846977
DRIFT1,20,ATU5,357,0.445777457317,0.568629391815,1.40059819042,1,15.0864164592,15.0864164592,1,19.3632058966,19.3632058966,1,23.0726829188,23.0726829188
DRIFT1,20,MJ3,357,0.362328599035,0.476157393262,0.330816924432,0.974789915966,2.71320883794,2.73041626181,1,3.48236584289,3.48236584289,1,4.14949483725,4.14949483725
DRIFT1,20,MJ1,357,0.455488569255,0.654907222491,0.389735985672,0.854341736695,2.23166355817,3.0988953658,0.879551820728,2.86430916748,3.97561654415,0.899159663866,3.4130348846,4.75595218541
DRIFT1,21,ATU1,356,0.690343821853,0.87269609196,2.01017325649,1,21.6112791743,21.6112791743,1,27.7377765269,27.7377765269,1,33.0515993115,33.0515993115
DRIFT1,21,ATU5,356,0.486843606395,0.621856470939,1.53552051615,1,16.5402423605,16.5402423605,1,21.2291712396,21.2291712396,1,25.2961177635,25.2961177635
DRIFT1,21,MJ3,356,0.39555481711,0.520409769513,0.362702209681,0.974719101124,2.98017107983,2.9973941158,1,3.82500817087,3.82500817087,1,4.55777835342,4.55777835342
DRIFT1,21,MJ1,356,0.497064111059,0.715341983684,0.426591962945,0.848314606742,2.44097244907,3.39943053614,0.876404494382,3.13295422056,4.36199534417,0.898876404494,3.73314520934,5.21582382487
DRIFT1,22,ATU1,355,0.750448385937,0.947843426074,2.19315430124,1,23.5816638977,23.5816638977,1,30.2667379406,30.2667379406,1,36.0650427011,36.0650427011
DRIFT1,22,ATU5,355,0.529311150709,0.677026378821,1.67555243444,1,18.0490481825,18.0490481825,1,23.1657025469,23.1657025469,1,27.603637141,27.603637141
DRIFT1,22,MJ3,355,0.429923976196,0.566226620711,0.395855831438,0.974647887324,3.25857174073,3.27537806914,1,4.1823315507,4.1823315507,1,4.98355542187,4.98355542187
DRIFT1,22,MJ1,355,0.540089745582,0.777780409127,0.464771785675,0.847887323944,2.65784450562,3.71216140971,0.87323943662,3.41130649167,4.76243017608,0.898591549296,4.06482239778,5.69123724341
DRIFT1,23,ATU1,354,0.811963033547,1.02507006227,2.3824790476,1,25.6206631985,25.6206631985,1,32.8837652109,32.8837652109,1,39.1834230313,39.1834230313
DRIFT1,23,ATU5,354,0.573146096789,0.734077105222,1.82047969058,1,19.6104884201,19.6104884201,1,25.1697893954,25.1697893954,1,29.9916539108,29.9916539108
DRIFT1,23,MJ3,354,0.465338448868,0.613551836681,0.43024370535,0.974576271186,3.54819473406,3.56474262231,1,4.55405863826,4.55405863826,1,5.42649556667,5.42649556667
DRIFT1,23,MJ1,354,0.584146415187,0.842123054719,0.504222846546,0.847457627119,2.88200693612,4.03480447432,0.870056497175,3.69901585642,5.17616429998,0.895480225989,4.407649251,6.18399155956
DRIFT1,24,ATU1,353,0.875132284392,1.10422548466,2.57785071088,1,27.7250731906,27.7250731906,1,35.5847461945,35.5847461945,1,42.4018403811,42.4018403811
DRIFT1,24,ATU5,353,0.618126860359,0.792946234345,1.97007884742,1,21.2221161595,21.2221161595,1,27.238291205,27.238291205,1,32.4564258408,32.4564258408
DRIFT1,24,MJ3,353,0.501709508655,0.66232919568,0.465830837199,0.974504249292,3.84881428749,3.86480778352,1,4.93989965793,4.93989965793,1,5.88625349887,5.88625349887
DRIFT1,24,MJ1,353,0.629501781829,0.908269775403,0.544891946171,0.841359773371,3.11318083145,4.36889509964,0.869688385269,3.99572433888,5.60213005907,0.895184135977,4.76119921434,6.68768110294
DRIFT1,25,ATU1,352,0.940059168115,1.18515664803,2.77896112057,1,29.8915657413,29.8915657413,1,38.3654092795,38.3654092795,1,45.7152048108,45.7152048108
DRIFT1,25,ATU5,352,0.664442678778,0.853571084283,2.12411824487,1,22.8813940453,22.8813940453,1,29.3679513155,29.3679513155,1,34.9940723812,34.9940723812
DRIFT1,25,MJ3,352,0.539100278859,0.712502526443,0.502581460852,0.977272727273,4.16019605542,4.17537009344,1,5.33955383034,5.33955383034,1,6.36247081777,6.36247081777
DRIFT1,25,MJ1,352,0.675690848551,0.976120144041,0.586725304219,0.84375,3.35108409294,4.71224951284,0.869318181818,4.30106986928,6.04109443303,0.892045454545,5.12504085509,7.20407134253
DRIFT1,26,ATU1,351,1.00614761717,1.26770835584,2.98549185836,1,32.1167021103,32.1167021103,1,41.2213408903,41.2213408903,1,49.1182572209,49.1182572209
DRIFT1,26,ATU5,351,0.711814930553,0.915888855447,2.28235894589,1,24.5857050277,24.5857050277,1,31.5554107795,31.5554107795,1,37.6005910993,37.6005910993
DRIFT1,26,MJ3,351,0.577413998983,0.764015881406,0.540459259636,0.977207977208,4.48209934389,4.49641383851,1,5.75271222818,5.75271222818,1,6.85477941375,6.85477941375
DRIFT1,26,MJ1,351,0.722622618439,1.04557390098,0.629668512274,0.837606837607,3.59543449895,5.06574453031,0.866096866097,4.61469022009,6.492139057,0.891737891738,5.49874255252,7.73504001281
DRIFT1,27,ATU1,350,1.0736130737,1.35172367018,3.1971155215,1,34.3969479213,34.3969479213,1,44.1480047043,44.1480047043,1,52.6055922496,52.6055922496
DRIFT1,27,ATU5,350,0.760117045808,0.979836788463,2.4445557904,1,26.3323642288,26.3323642288,1,33.797223594,33.797223594,1,40.2718758291,40.2718758291
DRIFT1,27,MJ3,350,0.616668329958,0.816813721712,0.579427576003,0.98,4.81427889146,4.82735475473,1,6.17906006178,6.17906006178,1,7.36280419179,7.36280419179
DRIFT1,27,MJ1,350,0.770783169838,1.11653143724,0.673666494421,0.837142857143,3.8459531998,5.42892854497,0.865714285714,4.93622749163,6.95548632072,0.888571428571,5.88187784284,8.27621399284
DRIFT1,28,ATU1,349,1.14258339599,1.43704435759,3.41349714952,1,36.7286898438,36.7286898438,1,47.1407630617,47.1407630617,1,56.1716837844,56.1716837844
DRIFT1,28,ATU5,349,0.809617861043,1.04535233208,2.61045857858,1,28.1186321428,28.1186321428,1,36.0898736411,36.0898736411,1,43.0037368579,43.0037368579
DRIFT1,28,MJ3,349,0.656603347112,0.870841114655,0.619449643981,0.977077363897,5.15648665373,5.16847762045,1,6.61827896961,6.61827896961,1,7.88616580073,7.88616580073
DRIFT1,28,MJ1,349,0.819371206208,1.18889431455,0.718663532188,0.839541547278,4.10236870504,5.79933225046,0.865329512894,5.26533322965,7.42846260413,0.89111747851,6.27403151723,8.83185881197
DRIFT1,29,ATU1,348,1.21214473244,1.52351137436,3.63429584835,1,39.1082543087,39.1082543087,1,50.1949009879,50.1949009879,1,59.8109135864,59.8109135864
DRIFT1,29,ATU5,348,0.860022115969,1.11237332142,2.77981340233,1,29.9417293469,29.9417293469,1,38.4297935702,38.4297935702,1,45.7919234251,45.7919234251
DRIFT1,29,MJ3,348,0.697607660773,0.926043943792,0.660488866804,0.979885057471,5.50847383208,5.51914108693,1,7.07004962209,7.07004962209,1,8.42448373591,8.42448373591
DRIFT1,29,MJ1,348,0.868509728391,1.26256582432,0.764603423539,0.833333333333,4.36442140094,6.17971808683,0.859195402299,5.60167422357,7.91072044774,0.890804597701,6.67480653076,9.39735734006
DRIFT1,30,ATU1,347,1.2827751578,1.61096539217,3.85916663846,1,41.53192851,41.53192851,1,53.3056531478,53.3056531478,1,63.5176034088,63.5176034088
DRIFT1,30,ATU5,347,0.911285953935,1.18083816516,2.95236414515,1,31.7988529181,31.7988529181,1,40.8133858687,40.8133858687,1,48.6321488302,48.6321488302
DRIFT1,30,MJ3,347,0.739241749289,0.982369128505,0.70250914651,0.979827089337,5.86999314169,5.87953196595,1,7.53405463259,7.53405463259,1,8.97737980783,8.97737980783
DRIFT1,30,MJ1,347,0.918386054332,1.33745158104,0.811429852399,0.835734870317,4.63186861914,6.56755151929,0.861671469741,5.94493901189,8.40511766609,0.887608069164,7.08383175419,9.97724228511
DRIFT3,1,ATU1,376,0.00648807688056,0.00825242558573,0.0172901927787,1,0.185352573182,0.185352573182,1,0.237897452167,0.237897452167,1,0.283472298459,0.283472298459
DRIFT3,1,ATU5,376,0.00458374781588,0.00576770251481,0.0131821363775,1,0.14176502361,0.14176502361,1,0.181953437949,0.181953437949,1,0.21681089393,0.21681089393
DRIFT3,1,MJ3,376,0.00376445067811,0.00492669490075,0.00334450613701,0.989361702128,0.0276766500391,0.0277604876186,1,0.0355225957526,0.0355225957526,1,0.0423277835618,0.0423277835618
DRIFT3,1,MJ1,376,0.00473900023874,0.00677303741741,0.0039659228462,0.922872340426,0.0268761591819,0.0300699899516,0.965425531915,0.0344951768602,0.036721757142,0.981382978723,0.0411035384417,0.0422167222954
DRIFT3,2,ATU1,375,0.0162136837406,0.0206164395952,0.0433893309281,1,0.465196600566,0.465196600566,1,0.597073372823,0.597073372823,1,0.711456805448,0.711456805448
DRIFT3,2,ATU5,375,0.0114462856534,0.014411013255,0.0330816730425,1,0.355807070232,0.355807070232,1,0.45667343063,0.45667343063,1,0.544159955674,0.544159955674
DRIFT3,2,MJ3,375,0.00939996105525,0.0122943453887,0.0080057173703,0.976,0.0637547005454,0.0644871948177,1,0.0818282722653,0.0818282722653,1,0.0975044003486,0.0975044003486
DRIFT3,2,MJ1,375,0.0118298314936,0.0169050956916,0.00953661583651,0.88,0.0565058156363,0.0711671659965,0.914666666667,0.0725244292091,0.0876044378818,0.944,0.086418187564,0.0993069127816
DRIFT3,3,ATU1,374,0.029163827689,0.0370635465888,0.0783608002543,1,0.840248541193,0.840248541193,1,1.07844732719,1.07844732719,1,1.28504925052,1.28504925052
DRIFT3,3,ATU5,374,0.0205733242671,0.0259137860153,0.0597480498148,1,0.642678107275,0.642678107275,1,0.824868420542,0.824868420542,1,0.982891346535,0.982891346535
DRIFT3,3,MJ3,374,0.0169004104795,0.0220809983084,0.0144272143224,0.978609625668,0.115058832504,0.116401699247,1,0.147676412752,0.147676412752,1,0.175967299228,0.175967299228
DRIFT3,3,MJ1,374,0.0212604821743,0.0303662051872,0.0171887655109,0.879679144385,0.101584150421,0.128897291148,0.911764705882,0.130381845532,0.159358840727,0.941176470588,0.155359551326,0.181761989902
DRIFT3,4,ATU1,373,0.0452948491574,0.0575537607202,0.122245350028,1,1.31098344494,1.31098344494,1,1.6826290352,1.6826290352,1,2.00497615976,2.00497615976
DRIFT3,4,ATU5,373,0.0319471134295,0.0402531565915,0.0932136614744,1,1.00274608307,1.00274608307,1,1.28701066425,1.28701066425,1,1.53356779492,1.53356779492
DRIFT3,4,MJ3,373,0.026244447177,0.0342605730358,0.0224624637047,0.975871313673,0.179393757123,0.181514150971,1,0.230249394554,0.230249394554,1,0.274359075722,0.274359075722
DRIFT3,4,MJ1,373,0.0329894524596,0.0471198000228,0.0267640942664,0.876675603217,0.157766282411,0.201621490411,0.908847184987,0.202490831279,0.250423548563,0.935656836461,0.241282707472,0.28714137984
DRIFT3,5,ATU1,372,0.0645823076457,0.0820361181969,0.175061463768,1,1.87763948065,1.87763948065,1,2.40992418322,2.40992418322,1,2.87160178096,2.87160178096
DRIFT3,5,ATU5,372,0.0455249542321,0.0573997624124,0.133494201944,1,1.43619896902,1.43619896902,1,1.84334142046,1.84334142046,1,2.1964767783,2.1964767783
DRIFT3,5,MJ3,372,0.0374074292554,0.0488031223801,0.0321092434364,0.975806451613,0.256795178223,0.259854816063,1,0.329593043027,0.329593043027,1,0.392734334109,0.392734334109
DRIFT3,5,MJ1,372,0.0469974818942,0.0671234788263,0.0382582336922,0.876344086022,0.224944397569,0.289594414781,0.908602150538,0.288713008631,0.361049744054,0.932795698925,0.34402276866,0.416310729677
DRIFT3,6,ATU1,371,0.0869946116882,0.110448800576,0.236805670078,1,2.54022177523,2.54022177523,1,3.2603393516,3.2603393516,1,3.88493395511,3.88493395511
DRIFT3,6,ATU5,371,0.0612866312053,0.0773177636296,0.180588974294,1,1.94304843253,1.94304843253,1,2.49387566409,2.49387566409,1,2.97163614042,2.97163614042
DRIFT3,6,MJ3,371,0.050362262187,0.0656746368162,0.0433625365297,0.975741239892,0.347280738644,0.351378314197,1,0.445730002512,0.445730002512,1,0.531120056787,0.531120056787
DRIFT3,6,MJ1,371,0.0632701720721,0.0903292650875,0.0516625625195,0.878706199461,0.302992645006,0.392805338007,0.905660377358,0.388886849719,0.491630285545,0.929919137466,0.463387262564,0.569505626067
DRIFT3,7,ATU1,370,0.11242970612,0.142719210422,0.307452845487,1,3.29850604956,3.29850604956,1,4.23358668118,4.23358668118,1,5.04462967682,5.04462967682
DRIFT3,7,ATU5,370,0.0792059040842,0.0999648364533,0.234481166661,1,2.52313309828,2.52313309828,1,3.23840627218,3.23840627218,1,3.85879907901,3.85879907901
DRIFT3,7,MJ3,370,0.0650724129081,0.084836823918,0.0562143004784,0.972972972973,0.450850058993,0.456098132931,1,0.578659786062,0.578659786062,1,0.689515663522,0.689515663522
DRIFT3,7,MJ1,370,0.0817135994073,0.116683854034,0.0669638999276,0.872972972973,0.391766973732,0.511374889454,0.902702702703,0.502827467102,0.642151241465,0.927027027027,0.599155882207,0.747562918463
DRIFT3,8,ATU1,369,0.140865243975,0.178764010335,0.386956651019,1,4.15204367865,4.15204367865,1,5.32909036804,5.32909036804,1,6.35000283343,6.35000283343
DRIFT3,8,ATU5,369,0.0991964462168,0.125292145273,0.295138110926,1,3.17612161551,3.17612161551,1,4.07650796064,4.07650796064,1,4.85745883684,4.85745883684
DRIFT3,8,MJ3,369,0.0814954935568,0.106246867789,0.0706532319873,0.975609756098,0.567484571618,0.574011295222,1,0.728358562356,0.728358562356,1,0.867892757543,0.867892757543
DRIFT3,8,MJ1,369,0.102318455176,0.146128854923,0.0841443910232,0.872628726287,0.491106544891,0.645289139273,0.89972899729,0.63032842634,0.812745896936,0.926829268293,0.751082645784,0.950007505468
DRIFT3,9,ATU1,368,0.172247917481,0.218489685957,0.475250078696,1,5.10016728128,5.10016728128,1,6.54599383765,6.54599383765,1,7.80003275342,7.80003275342
DRIFT3,9,ATU5,368,0.121242099575,0.153244955624,0.36251160744,1,3.90151576509,3.90151576509,1,5.00754127213,5.00754127213,1,5.96685345349,5.96685345349
DRIFT3,9,MJ3,368,0.0995883229016,0.129857460569,0.0866647240677,0.975543478261,0.697147867106,0.704959623646,1,0.894779600416,0.894779600416,1,1.06619565546,1.06619565546
DRIFT3,9,MJ1,368,0.125073415395,0.178601066111,0.103181543053,0.872282608696,0.600835956682,0.794278918915,0.902173913043,0.771164601661,1.00338580862,0.921195652174,0.918899299392,1.17760532681
DRIFT3,10,ATU1,367,0.206411237219,0.261795674032,0.572246181759,1,6.14199534103,6.14199534103,1,7.88316567592,7.88316567592,1,9.39337127377,9.39337127377
DRIFT3,10,ATU5,367,0.145321115781,0.183766119613,0.436538522214,1,4.69865355611,4.69865355611,1,6.0306565505,6.0306565505,1,7.18597050123,7.18597050123
DRIFT3,10,MJ3,367,0.119304447795,0.155618409461,0.104231567751,0.972752043597,0.839786098058,0.848957801588,1,1.07785378786,1.07785378786,1,1.28434200477,1.28434200477
DRIFT3,10,MJ1,367,0.1498145244,0.214032890948,0.124048326092,0.866485013624,0.720766574266,0.958557213031,0.899182561308,0.92509388287,1.21398382274,0.920980926431,1.10231735094,1.42955314267
DRIFT3,11,ATU1,366,0.243364413486,0.308577651648,0.677838810818,1,7.27643660193,7.27643660193,1,9.33920527098,9.33920527098,1,11.1283494625,11.1283494625
DRIFT3,11,ATU5,366,0.171285665603,0.216799391845,0.517141374439,1,5.56671233953,5.56671233953,1,7.14479793716,7.14479793716,1,8.51355184692,8.51355184692
DRIFT3,11,MJ3,366,0.140593144861,0.183478818058,0.12333491884,0.972677595628,0.995328398739,1.00578011861,1,1.27749016949,1.27749016949,1,1.5222234257,1.5222234257
DRIFT3,11,MJ1,366,0.176558498024,0.25235272787,0.146713320114,0.866120218579,0.850697559452,1.13768314283,0.896174863388,1.09185849694,1.44438432138,0.918032786885,1.30102964492,1.70566980692
DRIFT3,12,ATU1,365,0.283054013491,0.35872951386,0.79190322999,1,8.50219448979,8.50219448979,1,10.9124484879,10.9124484879,1,13.0029843805,13.0029843805
DRIFT3,12,ATU5,365,0.199161410455,0.252291184176,0.60422878768,1,6.50471198446,6.50471198446,1,8.34870744773,8.34870744773,1,9.94809850974,9.94809850974
DRIFT3,12,MJ3,365,0.163404271431,0.213388657323,0.143954987963,0.975342465753,1.16368733882,1.17540021214,1,1.4935765297,1.4935765297,1,1.7797062051,1.7797062051
DRIFT3,12,MJ1,365,0.205318588469,0.293485263034,0.171140905289,0.86301369863,0.990416838365,1.33141574147,0.893150684932,1.27118624999,1.69404965861,0.917808219178,1.51471184232,2.00656451455
DRIFT3,13,ATU1,364,0.32522635154,0.412141036479,0.914296316852,1,9.81777164277,9.81777164277,1,12.6009734835,12.6009734835,1,15.0149860104,15.0149860104
DRIFT3,13,ATU5,364,0.2289504258,0.29018769872,0.697695519666,1,7.51151816377,7.51151816377,1,9.64092918909,9.64092918909,1,11.487875686,11.487875686
DRIFT3,13,MJ3,364,0.187712180076,0.245297480058,0.166070453488,0.972527472527,1.34475941691,1.35774335821,1,1.72598002589,1.72598002589,1,2.05663205124,2.05663205124
DRIFT3,13,MJ1,364,0.235837208883,0.337351542564,0.1972914465,0.862637362637,1.13970205202,1.54010371547,0.89010989011,1.46279174737,1.96259759193,0.914835164835,1.74302387444,2.32927550409
DRIFT3,14,ATU1,363,0.369987462716,0.468697100461,1.04485695386,1,11.2214746217,11.2214746217,1,14.4026067522,14.4026067522,1,17.1617644606,17.1617644606
DRIFT3,14,ATU5,363,0.26041846307,0.330433964389,0.797422689235,1,8.58584579745,8.58584579745,1,11.0198137789,11.0198137789,1,13.1309180155,13.1309180155
DRIFT3,14,MJ3,363,0.213456465183,0.279153870085,0.189658233742,0.972451790634,1.53842559863,1.55253736165,1,1.9745478791,1.9745478791,1,2.35281891676,2.35281891676
DRIFT3,14,MJ1,363,0.268165169036,0.383869155693,0.225121635936,0.862258953168,1.298321508,1.76266680233,0.889807162534,1.66637761507,2.24996671432,0.911845730028,1.98561139828,2.67670131094
DRIFT3,15,ATU1,362,0.417265875731,0.528277810654,1.18340655166,1,12.7114188741,12.7114188741,1,16.3149294971,16.3149294971,1,19.4404375567,19.4404375567
DRIFT3,15,ATU5,362,0.293645007513,0.37297385538,0.9032781198,1,9.7262627073,9.7262627073,1,12.4835230364,12.4835230364,1,14.8750351707,14.8750351707
DRIFT3,15,MJ3,362,0.240573545176,0.314905446711,0.214693527497,0.972375690608,1.74455191446,1.75952398391,1,2.23910814129,2.23910814129,1,2.66806191294,2.66806191294
DRIFT3,15,MJ1,362,0.302393085834,0.432952476908,0.254584960697,0.85635359116,1.46603514413,1.99907921799,0.886740331492,1.88163573662,2.55513005131,0.911602209945,2.24210727044,3.04425723404
DRIFT3,16,ATU1,361,0.466666935215,0.590758661262,1.3297496275,1,14.2855340269,14.2855340269,1,18.335284423,18.335284423,1,21.8478389363,21.8478389363
DRIFT3,16,ATU5,361,0.32866386895,0.417750141836,1.01511671571,1,10.9311935372,10.9311935372,1,14.0300350138,14.0300350138,1,16.7178178522,16.7178178522
DRIFT3,16,MJ3,361,0.269051429147,0.352498911568,0.241149886456,0.975069252078,1.9629901261,1.97881650174,1,2.51947055069,2.51947055069,1,3.00213432888,3.00213432888
DRIFT3,16,MJ1,361,0.338091127515,0.484512921657,0.285632257825,0.85595567867,1.64259551127,2.24925654744,0.883656509695,2.10824851451,2.8777642904,0.905817174515,2.51213305013,3.43266657062
DRIFT3,17,ATU1,360,0.51843054488,0.656010732921,1.48367444574,1,15.9415695667,15.9415695667,1,20.4607830274,20.4607830274,1,24.3805267363,24.3805267363
DRIFT3,17,ATU5,360,0.365151993003,0.46470456103,1.13278087645,1,12.1989239966,12.1989239966,1,15.657149443,15.657149443,1,18.6566442789,18.6566442789
DRIFT3,17,MJ3,360,0.298827495305,0.391880122228,0.268999308783,0.972222222222,2.19357846679,2.2101254385,1,2.8154274819,2.8154274819,1,3.35478876368,3.35478876368
DRIFT3,17,MJ1,360,0.37542020535,0.538459216207,0.318212331792,0.858333333333,1.8277487637,2.51213855107,0.880555555556,2.34589014126,3.21703169866,0.905555555556,2.79530051381,3.8417222874
DRIFT3,18,ATU1,359,0.572495434443,0.723900914119,1.64495370216,1,17.6771009818,17.6771009818,1,22.6883134831,22.6883134831,1,27.034792986,27.034792986
DRIFT3,18,ATU5,359,0.403198927075,0.513777902966,1.25610094731,1,13.5276054895,13.5276054895,1,17.3624936769,17.3624936769,1,20.6886872674,20.6886872674
DRIFT3,18,MJ3,359,0.329859462295,0.432994184467,0.298212349657,0.972144846797,2.43614246236,2.45309246643,1,3.12675499973,3.12675499973,1,3.72575838211,3.72575838211
DRIFT3,18,MJ1,359,0.414457479511,0.594697682835,0.352272618971,0.852367688022,2.02123565681,2.78836538596,0.883008356546,2.59422788003,3.57228866737,0.905292479109,3.09121318106,4.26703502307
DRIFT3,19,ATU1,358,0.628308524187,0.7942921438,1.81334518886,1,19.4895364505,19.4895364505,1,25.0145492231,25.0145492231,1,29.8066738361,29.8066738361
DRIFT3,19,ATU5,358,0.44289437889,0.56491010721,1.38489569237,1,14.9152601961,14.9152601961,1,19.1435292111,19.1435292111,1,22.810922003,22.810922003
DRIFT3,19,MJ3,358,0.362058885789,0.475785558834,0.32875824891,0.974860335196,2.69049584116,2.70772890495,1,3.45321402713,3.45321402713,1,4.11475830626,4.11475830626
DRIFT3,19,MJ1,358,0.454751929987,0.653132541931,0.387759847301,0.854748603352,2.22279255541,3.07697433444,0.879888268156,2.8529233587,3.94425557546,0.899441340782,3.39946785665,4.71233322041
DRIFT3,20,ATU1,357,0.686116157037,0.867043674221,1.98859246359,1,21.376124167,21.376124167,1,27.4359583426,27.4359583426,1,32.6919607628,32.6919607628
DRIFT3,20,ATU5,357,0.483868559821,0.618040369259,1.51897279939,1,16.3597866796,16.3597866796,1,20.9975588806,20.9975588806,1,25.0201346156,25.0201346156
DRIFT3,20,MJ3,357,0.395422015581,0.520198179278,0.360605064145,0.974789915966,2.95644154175,2.9737071673,1,3.79455163847,3.79455163847,1,4.52148715668,4.52148715668
DRIFT3,20,MJ1,357,0.49646910773,0.713666232815,0.424620522845,0.848739495798,2.43215245547,3.37724121259,0.87675070028,3.12163388133,4.33055762115,0.901960784314,3.71965619316,5.17446766489
DRIFT3,21,ATU1,356,0.746040780856,0.94201135456,2.17042554966,1,23.3339603557,23.3339603557,1,29.9488138863,29.9488138863,1,35.6862128247,35.6862128247
DRIFT3,21,ATU5,356,0.526251245064,0.673107255655,1.65812942692,1,17.8589660797,17.8589660797,1,22.9217348093,22.9217348093,1,27.3129316513,27.3129316513
DRIFT3,21,MJ3,356,0.429934511823,0.566175582698,0.393719804137,0.97191011236,3.23377277775,3.2506445709,1,4.1505024263,4.1505024263,1,4.94562868087,4.94562868087
DRIFT3,21,MJ1,356,0.539614490783,0.776199755327,0.46280121727,0.848314606742,2.64904581137,3.68969979912,0.873595505618,3.40001348986,4.73100924107,0.898876404494,4.05136595614,5.65084114824
DRIFT3,22,ATU1,355,0.807358669254,1.01904793659,2.35856163943,1,25.3599976116,25.3599976116,1,32.5492045521,32.5492045521,1,38.7847694179,38.7847694179
DRIFT3,22,ATU5,355,0.569973411461,0.730048827579,1.80215279779,1,19.4104689111,19.4104689111,1,24.9130671349,24.9130671349,1,29.6857504697,29.6857504697
DRIFT3,22,MJ3,355,0.46548762287,0.613661049025,0.428068528353,0.974647887324,3.52227363081,3.5389327515,1,4.52078926242,4.52078926242,1,5.38685266023,5.38685266023
DRIFT3,22,MJ1,355,0.583789355609,0.840633034408,0.502248523659,0.847887323944,2.87319936211,4.01207855756,0.870422535211,3.68771145757,5.14467056993,0.895774647887,4.39417922895,6.1443390244
DRIFT3,23,ATU1,354,0.870314607174,1.09800340442,2.55270583097,1,27.4510538192,27.4510538192,1,35.2330461389,35.2330461389,1,41.9827639167,41.9827639167
DRIFT3,23,ATU5,354,0.614831013953,0.788802772922,1.95082096121,1,21.0118638092,21.0118638092,1,26.9684352349,26.9684352349,1,32.1348726194,32.1348726194
DRIFT3,23,MJ3,354,0.502020620927,0.662597751808,0.463616398042,0.974576271186,3.82171898513,3.83781548392,1,4.90512321383,4.90512321383,1,5.84481480985,5.84481480985
DRIFT3,23,MJ1,354,0.629308434779,0.906865310089,0.542908788946,0.841807909605,3.10433398117,4.34585169744,0.870056497175,3.98436952947,5.57060306055,0.895480225989,4.74766912441,6.64874676977
DRIFT3,24,ATU1,353,0.934997179201,1.17872533085,2.75255205414,1,29.6038233174,29.6038233174,1,37.9960958767,37.9960958767,1,45.2751407488,45.2751407488
DRIFT3,24,ATU5,353,0.661034389987,0.849306547099,2.10390378222,1,22.6606288436,22.6606288436,1,29.0846022466,29.0846022466,1,34.656441141,34.656441141
DRIFT3,24,MJ3,353,0.539552540577,0.712928919578,0.500327764094,0.977337110482,4.13187502098,4.14713550246,1,5.30320417616,5.30320417616,1,6.31915753331,6.31915753331
DRIFT3,24,MJ1,353,0.675616194919,0.974795555481,0.584728070726,0.844192634561,3.34216628279,4.68924222926,0.869688385269,4.28962398387,6.01011696848,0.892351274788,5.11140224142,7.16591362701
DRIFT3,25,ATU1,352,1.00081947134,1.26105926312,2.95778417608,1,31.8148901332,31.8148901332,1,40.8339694114,40.8339694114,1,48.6566756341,48.6566756341
DRIFT3,25,ATU5,352,0.708261799459,0.911497522957,2.26116393872,1,24.3541628869,24.3541628869,1,31.2582296592,31.2582296592,1,37.2464779532,37.2464779532
DRIFT3,25,MJ3,352,0.578033857562,0.764598008457,0.538166314314,0.977272727273,4.45250051599,4.46687466067,1,5.71472254386,5.71472254386,1,6.80951191284,6.80951191284
DRIFT3,25,MJ1,352,0.722681843033,1.04432292556,0.627652128429,0.838068181818,3.58641169704,5.04238957012,0.869318181818,4.60310957922,6.4619390748,0.892045454545,5.48494336781,7.69864385448
DRIFT3,26,ATU1,351,1.06802508061,1.34484914175,3.16807727768,1,34.080743134,34.080743134,1,43.7421602535,43.7421602535,1,52.1219987591,52.1219987591
DRIFT3,26,ATU5,351,0.756429484241,0.975313150273,2.42235796909,1,26.0897974998,26.0897974998,1,33.4858925678,33.4858925678,1,39.9009020302,39.9009020302
DRIFT3,26,MJ3,351,0.617429002152,0.817548886561,0.577095304401,0.980056980057,4.78334924739,4.79644098305,1,6.1393622934,6.1393622934,1,7.31550138318,7.31550138318
DRIFT3,26,MJ1,351,0.770985578856,1.11534723966,0.671626366957,0.840455840456,3.83678783142,5.40540392198,0.866096866097,4.92446386867,6.92530197194,0.891737891738,5.86786062152,8.24146739154
DRIFT3,27,ATU1,350,1.13667947844,1.42993775573,3.3830990727,1,36.3977927315,36.3977927315,1,46.716061216,46.716061216,1,55.6656203219,55.6656203219
DRIFT3,27,ATU5,350,0.805758759068,1.04069112528,2.58723744335,1,27.8648101238,27.8648101238,1,35.7640966066,35.7640966066,1,42.6155495784,42.6155495784
DRIFT3,27,MJ3,350,0.657514655376,0.871726030727,0.617077778573,0.977142857143,5.12417194932,5.13613268137,1,6.57680349552,6.57680349552,1,7.83674472513,7.83674472513
DRIFT3,27,MJ1,350,0.819686203517,1.1877695006,0.716595793148,0.84,4.09301829336,5.7759752441,0.865714285714,5.2533321062,7.39798302113,0.891428571429,6.25973129661,8.79759627069
DRIFT3,28,ATU1,349,1.20590031506,1.51616723723,3.60251150817,1,38.7623895145,38.7623895145,1,49.7509883305,49.7509883305,1,59.2819590298,59.2819590298
DRIFT3,28,ATU5,349,0.856002207631,1.10756957003,2.7555502776,1,29.6764387774,29.6764387774,1,38.0892968106,38.0892968106,1,45.3861965113,45.3861965113
DRIFT3,28,MJ3,349,0.698676250029,0.927074734806,0.658076814373,0.97994269341,5.47471827642,5.48529939909,1,7.02672483544,7.02672483544,1,8.37285906848,8.37285906848
DRIFT3,28,MJ1,349,0.868979977955,1.26149245049,0.762505045383,0.833810888252,4.35483702024,6.15603968418,0.859598853868,5.58937280411,7.87976111568,0.89111747851,6.66014848539,9.36327759921
DRIFT3,29,ATU1,348,1.27621506879,1.60337959514,3.82597257748,1,41.1708451213,41.1708451213,1,52.8422076357,52.8422076357,1,62.9653740203,62.9653740203
DRIFT3,29,ATU5,348,0.907070905816,1.17588721967,2.92704220902,1,31.5218984192,31.5218984192,1,40.4579186177,40.4579186177,1,48.2085834757,48.2085834757
DRIFT3,29,MJ3,348,0.740457524236,0.983541325887,0.700055813062,0.979885057471,5.83473901058,5.84414281059,1,7.48880644516,7.48880644516,1,8.92346326701,8.92346326701
DRIFT3,29,MJ1,348,0.918961260579,1.33642115778,0.809298569381,0.836206896552,4.62199313691,6.54368494679,0.862068965517,5.93226396767,8.37424928779,0.887931034483,7.06872850745,9.94223783436
DRIFT3,30,ATU1,347,1.34784765277,1.69141727603,4.05313834381,1,43.6194552842,43.6194552842,1,55.9849647559,55.9849647559,1,66.7102001049,66.7102001049
DRIFT3,30,ATU5,347,0.959052909059,1.24558361143,3.10145842919,1,33.3983989284,33.3983989284,1,42.8663809469,42.8663809469,1,51.0784433502,51.0784433502
DRIFT3,30,MJ3,347,0.78302309742,1.04107338229,0.74297884055,0.982708933718,6.20398848593,6.21187963998,1,7.96273301599,7.96273301599,1,9.48818160724,9.48818160724
DRIFT3,30,MJ1,347,0.969356903552,1.41246362229,0.85692101841,0.829971181556,4.89425634504,6.93771562064,0.85878962536,6.28171001215,8.87450362635,0.887608069164,7.48511915188,10.5277337203
DRIFT7,1,ATU1,376,0.012898973774,0.0163473993334,0.0342289605606,1,0.366918909237,0.366918909237,1,0.470935321592,0.470935321592,1,0.561154046928,0.561154046928
DRIFT7,1,ATU5,376,0.00908981184656,0.0114405788132,0.0260974433187,1,0.280629682554,0.280629682554,1,0.360184298151,0.360184298151,1,0.429186062884,0.429186062884
DRIFT7,1,MJ3,376,0.00754490195918,0.00985561953733,0.006376714728,0.978723404255,0.0506145585673,0.0511381942291,1,0.0649630826213,0.0649630826213,1,0.0774082873857,0.0774082873857
DRIFT7,1,MJ1,376,0.00947796197664,0.0135082406313,0.00759329905739,0.882978723404,0.0450600096931,0.0563027975903,0.917553191489,0.057833896323,0.0688723034352,0.94414893617,0.0689133379538,0.0773602754114
DRIFT7,2,ATU1,375,0.0289797432494,0.0367222714019,0.0772410340586,1,0.82809736738,0.82809736738,1,1.06285146445,1.06285146445,1,1.26646563384,1.26646563384
DRIFT7,2,ATU5,375,0.0204195021805,0.0257078819703,0.058894436944,1,0.633362535031,0.633362535031,1,0.812912013009,0.812912013009,1,0.968644408226,0.968644408226
DRIFT7,2,MJ3,375,0.0169502523649,0.0221268420925,0.0143608320912,0.976,0.114163755628,0.115372064799,1,0.14652759402,0.14652759402,1,0.174598397277,0.174598397277
DRIFT7,2,MJ1,375,0.021275717245,0.0303268440043,0.0171039619492,0.88,0.101254132104,0.127451716581,0.912,0.129958271608,0.15666976641,0.944,0.154854831866,0.176964707043
DRIFT7,3,ATU1,374,0.0482083975641,0.0610728270457,0.129055609781,1,1.38378301818,1.38378301818,1,1.77606627588,1.77606627588,1,2.11631349917,2.11631349917
DRIFT7,3,ATU5,374,0.0339510593071,0.042772506846,0.0984072500572,1,1.05839280944,1.05839280944,1,1.35843246433,1.35843246433,1,1.61867211884,1.61867211884
DRIFT7,3,MJ3,374,0.0281907797245,0.0367830318199,0.0239494795109,0.975935828877,0.190681613852,0.192730975895,1,0.244737201819,0.244737201819,1,0.291622362855,0.291622362855
DRIFT7,3,MJ1,374,0.0353653164069,0.0504121634756,0.028527801392,0.879679144385,0.168472872927,0.213700082221,0.911764705882,0.216232591436,0.263792246608,0.938502673797,0.257657024646,0.299694187429
DRIFT7,4,ATU1,373,0.0705493754472,0.089336061516,0.189670420599,1,2.03399281118,2.03399281118,1,2.6106015104,2.6106015104,1,3.11072356503,3.11072356503
DRIFT7,4,ATU5,373,0.0496571306808,0.0625983600942,0.144635910359,1,1.55573971759,1.55573971759,1,1.9967703102,1.9967703102,1,2.37929857665,2.37929857665
DRIFT7,4,MJ3,373,0.0412376079682,0.0537890503442,0.0351372030325,0.975871313673,0.28018299313,0.283181040385,1,0.359610978482,0.359610978482,1,0.428502910363,0.428502910363
DRIFT7,4,MJ1,373,0.0517280511718,0.0737144858755,0.0418567781326,0.879356568365,0.246587817695,0.315079198588,0.908847184987,0.316492037623,0.390680285419,0.935656836461,0.377123523315,0.446201364407
DRIFT7,5,ATU1,372,0.0959082268354,0.121438309549,0.259061858033,1,2.77851687689,2.77851687689,1,3.56618780342,3.56618780342,1,4.24937486368,4.24937486368
DRIFT7,5,ATU5,372,0.0675116401226,0.0851429746914,0.197564517072,1,2.12525101936,2.12525101936,1,2.72773015255,2.72773015255,1,3.25029095048,3.25029095048
DRIFT7,5,MJ3,372,0.0560545850444,0.0731055223416,0.0479158577557,0.975806451613,0.382665143164,0.386772093763,1,0.49114539404,0.49114539404,1,0.585235833583,0.585235833583
DRIFT7,5,MJ1,372,0.0702796258562,0.100178780295,0.0570788369693,0.873655913978,0.335453148832,0.431715559275,0.905913978495,0.430549455335,0.537432687753,0.932795698925,0.513031319136,0.617109379938
DRIFT7,6,ATU1,371,0.124254249538,0.157296071766,0.337185347015,1,3.61692239366,3.61692239366,1,4.64226963438,4.64226963438,1,5.53160545158,5.53160545158
DRIFT7,6,ATU5,371,0.0874336003479,0.110358405386,0.257161591139,1,2.76660628702,2.76660628702,1,3.55090072682,3.55090072682,1,4.2311591884,4.2311591884
DRIFT7,6,MJ3,371,0.0725996524412,0.0946889880991,0.0622745129886,0.975741239892,0.498108040358,0.503421998157,1,0.639314748485,0.639314748485,1,0.761790509067,0.761790509067
DRIFT7,6,MJ1,371,0.0910019871436,0.129745013625,0.0741775980181,0.873315363881,0.434905744654,0.563633175668,0.902964959569,0.558195480158,0.704314726086,0.929919137466,0.665130939019,0.81282836126
DRIFT7,7,ATU1,370,0.155533918481,0.196817119669,0.423975820838,1,4.54855808887,4.54855808887,1,5.83801110391,5.83801110391,1,6.95641929319,6.95641929319
DRIFT7,7,ATU5,370,0.109401894294,0.1381923586,0.323380434527,1,3.47931996347,3.47931996347,1,4.46565882724,4.46565882724,1,5.32116069492,5.32116069492
DRIFT7,7,MJ3,370,0.0908305154991,0.118492355045,0.078199495464,0.972972972973,0.626474301559,0.63302767693,1,0.804071061061,0.804071061061,1,0.958109764217,0.958109764217
DRIFT7,7,MJ1,370,0.113880154892,0.162348460188,0.0931321846222,0.875675675676,0.54476609252,0.710655776888,0.902702702703,0.699199710112,0.891316217275,0.924324324324,0.833147842073,1.03349548278
DRIFT7,8,ATU1,369,0.18958854311,0.239901740831,0.519348300581,1,5.57255958927,5.57255958927,1,7.15230280096,7.15230280096,1,8.52249444371,8.52249444371
DRIFT7,8,ATU5,369,0.133396383095,0.168589393563,0.3961595007,1,4.26274440832,4.26274440832,1,5.47117321636,5.47117321636,1,6.51930498954,6.51930498954
DRIFT7,8,MJ3,369,0.110702193013,0.144465570801,0.0956745823709,0.972899728997,0.767709243251,0.775575529922,1,0.985344146233,0.985344146233,1,1.17410996781,1.17410996781
DRIFT7,8,MJ1,369,0.138760665435,0.197920003532,0.113917214008,0.869918699187,0.664840258503,0.873100118852,0.89972899729,0.853313233695,1.09826683501,0.924119241192,1.01678543195,1.27919922745
DRIFT7,9,ATU1,368,0.226418292098,0.286444108857,0.623198494198,1,6.68785470987,6.68785470987,1,8.58376859098,8.58376859098,1,10.2281911377,10.2281911377
DRIFT7,9,ATU5,368,0.159273016519,0.201492207147,0.475422787512,1,5.11607304887,5.11607304887,1,6.56640866933,6.56640866933,1,7.82435852575,7.82435852575
DRIFT7,9,MJ3,368,0.132162556349,0.17255647196,0.114681334545,0.975543478261,0.921741309037,0.930886166197,1,1.18304216236,1.18304216236,1,1.40968168379,1.40968168379
DRIFT7,9,MJ1,368,0.165651307386,0.236386433683,0.136502865138,0.869565217391,0.79492182526,1.05042250832,0.896739130435,1.02027111712,1.32527637912,0.91847826087,1.21572802057,1.54946105432
DRIFT7,10,ATU1,367,0.265960995372,0.336333710815,0.735403355497,1,7.89316810204,7.89316810204,1,10.1307715818,10.1307715818,1,12.0715588977,12.0715588977
DRIFT7,10,ATU5,367,0.187047384707,0.23684295187,0.561080244787,1,6.03834360706,6.03834360706,1,7.75013011562,7.75013011562,1,9.23484962627,9.23484962627
DRIFT7,10,MJ3,367,0.15515873042,0.202711740811,0.135199504815,0.972752043597,1.08848252846,1.09891023934,1,1.39705220058,1.39705220058,1,1.66469037293,1.66469037293
DRIFT7,10,MJ1,367,0.194558590295,0.27767073769,0.160854970167,0.866485013624,0.934793082671,1.24250591215,0.893732970027,1.19979393246,1.57171415005,0.91825613079,1.42964264903,1.84467315491
DRIFT7,11,ATU1,366,0.30796584856,0.389456754314,0.855821649839,1,9.18702587973,9.18702587973,1,11.791420061,11.791420061,1,14.0503436096,14.0503436096
DRIFT7,11,ATU5,366,0.216717851261,0.274584528531,0.653028193776,1,7.02844143759,7.02844143759,1,9.0209069235,9.0209069235,1,10.7490735882,10.7490735882
DRIFT7,11,MJ3,366,0.179658178999,0.234877893433,0.157207479954,0.972677595628,1.26782900415,1.27955815434,1,1.62724091007,1.62724091007,1,1.93897713794,1.93897713794
DRIFT7,11,MJ1,366,0.225234970437,0.321692379757,0.1869351839,0.866120218579,1.08422602885,1.44953131296,0.890710382514,1.39158904248,1.83741969236,0.915300546448,1.65818061854,2.16263949297
DRIFT7,12,ATU1,365,0.352529654897,0.445696879142,0.984294474526,1,10.56776041,10.56776041,1,13.563573645,13.563573645,1,16.1619948489,16.1619948489
DRIFT7,12,ATU5,365,0.248057479135,0.314661141214,0.751149695128,1,8.08510302602,8.08510302602,1,10.3771173897,10.3771173897,1,12.365098033,12.365098033
DRIFT7,12,MJ3,365,0.205602139241,0.269001833,0.180682532601,0.972602739726,1.45966144273,1.4725020029,1,1.87345517945,1.87345517945,1,2.23235953534,2.23235953534
DRIFT7,12,MJ1,365,0.257729956401,0.368367541229,0.214701224555,0.865753424658,1.24298333787,1.67055306579,0.890410958904,1.59535184265,2.12198592925,0.912328767123,1.90097897042,2.50557826263
DRIFT7,13,ATU1,364,0.39957668631,0.504933651507,1.12064558885,1,12.0335153482,12.0335153482,1,15.4448497412,15.4448497412,1,18.4036735813,18.4036735813
DRIFT7,13,ATU5,364,0.281141188319,0.357016480723,0.855314715556,1,9.20691969782,9.20691969782,1,11.8169535001,11.8169535001,1,14.0807685788,14.0807685788
DRIFT7,13,MJ3,364,0.232934474677,0.305029894425,0.205600403164,0.975274725275,1.66384573545,1.67771148387,1,2.13552288197,2.13552288197,1,2.54463246349,2.54463246349
DRIFT7,13,MJ1,364,0.292113532496,0.417609272259,0.244107170891,0.85989010989,1.41081932437,1.90570706761,0.887362637363,1.8107669992,2.42475227675,0.912087912088,2.15766196133,2.86923495602
DRIFT7,14,ATU1,363,0.448721993842,0.567042215081,1.26468190634,1,13.5822509926,13.5822509926,1,17.4326304208,17.4326304208,1,20.7722603524,20.7722603524
DRIFT7,14,ATU5,363,0.315987573567,0.401593212812,0.965380445344,1,10.3923415927,10.3923415927,1,13.3384260305,13.3384260305,1,15.8937149189,15.8937149189
DRIFT7,14,MJ3,363,0.261622637676,0.342907553137,0.231935203085,0.972451790634,1.88023359456,1.89503587194,1,2.41325369238,2.41325369238,1,2.87556913583,2.87556913583
DRIFT7,14,MJ1,363,0.32797490328,0.469327720942,0.275103896339,0.859504132231,1.58748091937,2.15459181374,0.887052341598,2.03750970164,2.7458826382,0.909090909091,2.42784255567,3.25573948937
DRIFT7,15,ATU1,362,0.500189060684,0.631893479031,1.41619409529,1,15.2117500399,15.2117500399,1,19.5240698058,19.5240698058,1,23.2643640893,23.2643640893
DRIFT7,15,ATU5,362,0.352293193969,0.448333039949,1.08119170423,1,11.639681964,11.639681964,1,14.939370065,14.939370065,1,17.801357397,17.801357397
DRIFT7,15,MJ3,362,0.291621942236,0.382579482554,0.25965949033,0.972375690608,2.10866326072,2.12423637981,1,2.70643999483,2.70643999483,1,3.22492216284,3.22492216284
DRIFT7,15,MJ1,362,0.365505282157,0.523430401027,0.307639608764,0.861878453039,1.77270866678,2.41637142596,0.883977900552,2.27524694166,3.08397843983,0.908839779006,2.71112394958,3.66322497193
DRIFT7,16,ATU1,361,0.553917909869,0.699354338614,1.57495724686,1,16.9196238247,16.9196238247,1,21.7161020773,21.7161020773,1,25.8763316436,25.8763316436
DRIFT7,16,ATU5,361,0.390165184059,0.497176782922,1.20258138991,1,12.9471218662,12.9471218662,1,16.6174510123,16.6174510123,1,19.8009141758,19.8009141758
DRIFT7,16,MJ3,361,0.322895632399,0.423989637103,0.288744366416,0.975069252078,2.34896029106,2.36506685642,1,3.01485789429,3.01485789429,1,3.59242475713,3.59242475713
DRIFT7,16,MJ1,361,0.4046943753,0.579822475491,0.341660460605,0.85595567867,1.96623774611,2.691902142,0.880886426593,2.52363882586,3.43847132734,0.905817174515,3.00710113509,4.08861076885
DRIFT7,17,ATU1,360,0.609366249618,0.769287921781,1.74073161971,1,18.7033191151,18.7033191151,1,24.0054501978,24.0054501978,1,28.604258184,28.604258184
DRIFT7,17,ATU5,360,0.429624576835,0.54806447658,1.32937097548,1,14.3127152974,14.3127152974,1,18.3701712061,18.3701712061,1,21.8894091023,21.8894091023
DRIFT7,17,MJ3,360,0.355320057186,0.467081353168,0.31915958768,0.975,2.60093843387,2.61747484087,1,3.3382683393,3.3382683393,1,3.97779207131,3.97779207131
DRIFT7,17,MJ1,360,0.445150788503,0.638407057358,0.37711119244,0.855555555556,2.16779901102,2.97940537995,0.880555555556,2.78233990863,3.80913434111,0.902777777778,3.31536248837,4.53518460597
DRIFT7,18,ATU1,359,0.666775870377,0.841553859222,1.91326344869,1,20.5601255526,20.5601255526,1,26.3886354596,26.3886354596,1,31.443998575,31.443998575
DRIFT7,18,ATU5,359,0.470354596864,0.60093547679,1.46137105726,1,15.7343948711,15.7343948711,1,20.1948771843,20.1948771843,1,24.0636803816,24.0636803816
DRIFT7,18,MJ3,359,0.388964465985,0.511797464078,0.350873689841,0.974930362117,2.86440059829,2.88098343733,1,3.67641836647,3.67641836647,1,4.38072268092,4.38072268092
DRIFT7,18,MJ1,359,0.487120780151,0.699085529513,0.413935793914,0.849582172702,2.37712004371,3.27870499475,0.877437325905,3.05100054553,4.19444108664,0.902506963788,3.63549138238,4.99699572791
DRIFT7,19,ATU1,358,0.726236049611,0.916008577515,2.09228576117,1,22.4871838225,22.4871838225,1,28.8619879721,28.8619879721,1,34.391179872,34.391179872
DRIFT7,19,ATU5,358,0.512528376614,0.655728577165,1.59838194197,1,17.2099780923,17.2099780923,1,22.0887677452,22.0887677452,1,26.3203901759,26.3203901759
DRIFT7,19,MJ3,358,0.423710059704,0.558080427162,0.38385412826,0.974860335196,3.13913991576,3.15562661545,1,4.02904246287,4.02904246287,1,4.80090020779,4.80090020779
DRIFT7,19,MJ1,358,0.530416971399,0.761757885515,0.45207814705,0.849162011173,2.59392615586,3.59004365539,0.877094972067,3.3292681779,4.59475249707,0.899441340782,3.96706771754,5.47450476642
DRIFT7,20,ATU1,357,0.787059280992,0.992505616336,2.27751920547,1,24.4814945038,24.4814945038,1,31.4216580202,31.4216580202,1,37.4412148565,37.4412148565
DRIFT7,20,ATU5,357,0.555955227853,0.712382134937,1.74019428118,1,18.7371743183,18.7371743183,1,24.0489028806,24.0489028806,1,28.6560352492,28.6560352492
DRIFT7,20,MJ3,357,0.45953369818,0.605872462002,0.418067412025,0.974789915966,3.42494074291,3.44128999834,1,4.39586385326,4.39586385326,1,5.23799485386,5.23799485386
DRIFT7,20,MJ1,357,0.574779353777,0.82632309364,0.491482432616,0.848739495798,2.81794067073,3.91135641214,0.873949579832,3.61678769501,5.00824781611,0.896358543417,4.30966835334,5.968754961
DRIFT7,21,ATU1,356,0.849529511279,1.07089597156,2.46867290457,1,26.5399275564,26.5399275564,1,34.0636282408,34.0636282408,1,40.5893165452,40.5893165452
DRIFT7,21,ATU5,356,0.600548776506,0.770834205827,1.88658979928,1,20.3135928878,20.3135928878,1,26.0722142099,26.0722142099,1,31.0669594007,31.0669594007
DRIFT7,21,MJ3,356,0.496355369026,0.65511569961,0.45347921022,0.974719101124,3.72157936016,3.73734394661,1,4.77659539664,4.77659539664,1,5.69166446956,5.69166446956
DRIFT7,21,MJ1,356,0.620569931845,0.892679486552,0.532093259164,0.845505617978,3.04888423028,4.2443850354,0.873595505618,3.91320054469,5.4353813234,0.901685393258,4.6628660485,6.47586477975
DRIFT7,22,ATU1,355,0.913610150891,1.15102846676,2.66544537803,1,28.6592328719,28.6592328719,1,36.7837271652,36.7837271652,1,43.8305143264,43.8305143264
DRIFT7,22,ATU5,355,0.64644540448,0.831022688019,2.03734215762,1,21.9367528734,21.9367528734,1,28.1555174973,28.1555174973,1,33.5493683794,33.5493683794
DRIFT7,22,MJ3,355,0.534126282653,0.705752342663,0.490054430571,0.977464788732,4.02882437161,4.04390057947,1,5.17094009961,5.17094009961,1,6.16155516539,6.16155516539
DRIFT7,22,MJ1,355,0.667025606003,0.960725179214,0.573855624845,0.847887323944,3.28647404491,4.58749972531,0.87323943662,4.2181437704,5.87602383505,0.898591549296,5.02622831366,6.99907882388
DRIFT7,23,ATU1,354,0.978779904178,1.23275015592,2.86752559745,1,30.8360525446,30.8360525446,1,39.5776449677,39.5776449677,1,47.1596727262,47.1596727262
DRIFT7,23,ATU5,354,0.693307108298,0.892885475539,2.19221796293,1,23.6040945145,23.6040945145,1,30.2955273255,30.2955273255,1,36.0993473691,36.0993473691
DRIFT7,23,MJ3,354,0.572960648883,0.757724837096,0.527757294053,0.977401129944,4.34643712585,4.36057049263,1,5.57859165638,5.57859165638,1,6.64730195551,6.64730195551
DRIFT7,23,MJ1,354,0.714396751832,1.03035851769,0.616714839512,0.841807909605,3.53042432645,4.94026517993,0.870056497175,4.53125056701,6.32721688472,0.895480225989,5.39931807351,7.53466503775
DRIFT7,24,ATU1,353,1.04542941366,1.31590676043,3.07459423242,1,33.0669354273,33.0669354273,1,42.4409521489,42.4409521489,1,50.5715136706,50.5715136706
DRIFT7,24,ATU5,353,0.741191980534,0.956360621136,2.35097791256,1,25.3129922094,25.3129922094,1,32.4888737715,32.4888737715,1,38.7128808589,38.7128808589
DRIFT7,24,MJ3,353,0.612588443121,0.810976054944,0.566551448587,0.980169971671,4.67417269732,4.6870849867,1,5.9992357084,5.9992357084,1,7.14853025861,7.14853025861
DRIFT7,24,MJ1,353,0.762879678469,1.10147856057,0.660616530593,0.841359773371,3.78044906611,5.30273252462,0.866855524079,4.85215384623,6.78991270154,0.892351274788,5.78169791538,8.07935966452
DRIFT7,25,ATU1,352,1.11333268411,1.40034314187,3.28632507263,1,35.3483537576,35.3483537576,1,45.3691208752,45.3691208752,1,54.0606419128,54.0606419128
DRIFT7,25,ATU5,352,0.790099445449,1.02138650808,2.5133779986,1,27.060768168,27.060768168,1,34.7321199286,34.7321199286,1,41.3858735217,41.3858735217
DRIFT7,25,MJ3,352,0.652985277533,0.86544948727,0.606400134999,0.977272727273,5.0117815522,5.02353103345,1,6.4325519825,6.4325519825,1,7.66485844564,7.66485844564
DRIFT7,25,MJ1,352,0.811792181278,1.17398559223,0.705506617717,0.840909090909,4.0362656409,5.67222270563,0.866477272727,5.18049086535,7.26159044635,0.894886363636,6.17293560469,8.63561993379
DRIFT7,26,ATU1,351,1.18178139315,1.48590380822,3.50238663524,1,37.6767219089,37.6767219089,1,48.3575490442,48.3575490442,1,57.6215737098,57.6215737098
DRIFT7,26,ATU5,351,0.839994409123,1.08790202857,2.67917080454,1,28.8447070786,28.8447070786,1,37.0217807322,37.0217807322,1,44.1141726472,44.1141726472
DRIFT7,26,MJ3,351,0.694433855554,0.921089444899,0.647266436056,0.980056980057,5.3590123033,5.36936837319,1,6.8782178267,6.8782178267,1,8.19590205309,8.19590205309
DRIFT7,26,MJ1,351,0.861366999672,1.24778166448,0.751331248641,0.837606837607,4.29759879351,6.05167100376,0.863247863248,5.51590833544,7.74425823844,0.891737891738,6.57261017172,9.20384112846
DRIFT7,27,ATU1,350,1.25146617154,1.57243343824,3.72244389697,1,40.0484165556,40.0484165556,1,51.401586168,51.401586168,1,61.2487676635,61.2487676635
DRIFT7,27,ATU5,350,0.890605370806,1.15584676177,2.84810691107,1,30.6620719588,30.6620719588,1,39.3543433032,39.3543433032,1,46.8935923815,46.8935923815
DRIFT7,27,MJ3,350,0.73648314622,0.977841261911,0.689113511344,0.98,5.71561397599,5.72466715899,1,7.33591111855,7.33591111855,1,8.74127724835,8.74127724835
DRIFT7,27,MJ1,350,0.911493634217,1.32277115536,0.798036754762,0.837142857143,4.56418504831,6.43842212535,0.862857142857,5.8580680892,8.23748099094,0.888571428571,6.98031866525,9.781830319
DRIFT7,28,ATU1,349,1.32213936526,1.65977739723,3.94616011682,1,42.4597978552,42.4597978552,1,54.4965605595,54.4965605595,1,64.9366571151,64.9366571151
DRIFT7,28,ATU5,349,0.942191369415,1.22516113933,3.01993637545,1,32.5101207767,32.5101207767,1,41.726288282,41.726288282,1,49.7199391492,49.7199391492
DRIFT7,28,MJ3,349,0.779388620631,1.03565149312,0.731904847306,0.982808022923,6.08133819431,6.08886273249,1,7.80531307094,7.80531307094,1,9.30060417319,9.30060417319
DRIFT7,28,MJ1,349,0.962207742634,1.39886132678,0.845569687345,0.830945558739,4.83577756755,6.83173557541,0.859598853868,6.20665331382,8.73638366223,0.888252148997,7.39568357955,10.3653398831
DRIFT7,29,ATU1,348,1.39321417672,1.74778221489,4.17319870629,1,44.9072311488,44.9072311488,1,57.6378071842,57.6378071842,1,68.6796833335,68.6796833335
DRIFT7,29,ATU5,348,0.994448972717,1.29578658619,3.19441024487,1,34.3861233846,34.3861233846,1,44.1341115618,44.1341115618,1,52.5890375493,52.5890375493
DRIFT7,29,MJ3,348,0.822946764017,1.09446809617,0.775604539388,0.98275862069,6.45594148328,6.46200792655,1,8.28611118714,8.28611118714,1,9.87351046475,9.87351046475
DRIFT7,29,MJ1,348,1.01300884881,1.47596286093,0.89387700741,0.830459770115,5.1121514495,7.23285589717,0.859195402299,6.56137535103,9.24451499319,0.885057471264,7.81836095707,10.9590765334
DRIFT7,30,ATU1,347,1.4654124599,1.83629599852,4.40322510039,1,47.387108641,47.387108641,1,60.8206954871,60.8206954871,1,72.4723286717,72.4723286717
DRIFT7,30,ATU5,347,1.04729304742,1.36766562498,3.37128206689,1,36.2873783322,36.2873783322,1,46.5743458687,46.5743458687,1,55.4967560703,55.4967560703
DRIFT7,30,MJ3,347,0.867180312745,1.15424058986,0.820177609409,0.985590778098,6.83918764223,6.84377858244,1,8.77800230687,8.77800230687,1,10.4596348853,10.4596348853
DRIFT7,30,MJ1,347,1.06430241585,1.55399035761,0.942906505854,0.829971181556,5.39310948447,7.63835061687,0.861671469741,6.92198108494,9.76271054851,0.884726224784,8.24804919164,11.5642664995
DRIFT30,1,ATU1,376,0.0418970340236,0.0523724643803,0.11061147791,1,1.18587589812,1.18587589812,1,1.52205523724,1.52205523724,1,1.81364067817,1.81364067817
DRIFT30,1,ATU5,376,0.0297396298203,0.0384977958379,0.0845403649446,1,0.907282052213,0.907282052213,1,1.16448390714,1.16448390714,1,1.38756815876,1.38756815876
DRIFT30,1,MJ3,376,0.0264824568154,0.0348085841424,0.0222914280833,0.981382978723,0.175479689098,0.175836319167,1,0.22522574263,0.22522574263,1,0.268373025243,0.268373025243
DRIFT30,1,MJ1,376,0.0322289655796,0.0463296033306,0.0259907995184,0.869680851064,0.154631298443,0.192774692055,0.909574468085,0.198467122918,0.232351296773,0.949468085106,0.236488163239,0.256165630357
DRIFT30,2,ATU1,375,0.0859430748099,0.107469205871,0.228051948738,1,2.44531994448,2.44531994448,1,3.13853417051,3.13853417051,1,3.73979412979,3.73979412979
DRIFT30,2,ATU5,375,0.0610704526323,0.0791410323992,0.17432556121,1,1.87094136927,1.87094136927,1,2.40132725034,2.40132725034,1,2.86135790361,2.86135790361
DRIFT30,2,MJ3,375,0.0544009562676,0.0715796527773,0.0459490305432,0.981333333333,0.362404675423,0.363175042115,1,0.465141365218,0.465141365218,1,0.554250122083,0.554250122083
DRIFT30,2,MJ1,375,0.0661617549893,0.0952014617816,0.0535785629052,0.872,0.318210910451,0.399613785865,0.906666666667,0.408419281957,0.484049195099,0.941333333333,0.486661591105,0.535835395333
DRIFT30,3,ATU1,374,0.132126156006,0.165164640311,0.352155300815,1,3.7765844712,3.7765844712,1,4.84719369237,4.84719369237,1,5.77578752751,5.77578752751
DRIFT30,3,ATU5,374,0.0939173821641,0.121871788383,0.26923437417,1,2.88966680695,2.88966680695,1,3.7088471942,3.7088471942,1,4.4193640125,4.4193640125
DRIFT30,3,MJ3,374,0.0837253490045,0.110254542846,0.0709470412292,0.98128342246,0.560648081087,0.561882861804,1,0.719584021753,0.719584021753,1,0.857437247532,0.857437247532
DRIFT30,3,MJ1,374,0.101750210282,0.146527893997,0.0827302439007,0.866310160428,0.490495610697,0.620360059178,0.903743315508,0.629544300791,0.754743806644,0.941176470588,0.750148302564,0.839627254756
DRIFT30,4,ATU1,373,0.180200958098,0.225329215768,0.482741275364,1,5.17776712946,5.17776712946,1,6.64559216452,6.64559216452,1,7.91871147984,7.91871147984
DRIFT30,4,ATU5,373,0.128233997966,0.166631213024,0.369135212471,1,3.96203190928,3.96203190928,1,5.0852129023,5.0852129023,1,6.0594049093,6.0594049093
DRIFT30,4,MJ3,373,0.114393352044,0.150773139274,0.0972589450938,0.981233243968,0.77007078794,0.771767212516,1,0.988375156028,0.988375156028,1,1.17772163874,1.17772163874
DRIFT30,4,MJ1,373,0.138930670289,0.20021858271,0.113409711729,0.868632707775,0.671231743039,0.85503511035,0.900804289544,0.861516615286,1.04494483501,0.935656836461,1.02656036402,1.16845563235
DRIFT30,5,ATU1,372,0.230144591707,0.287830313501,0.619616320769,1,6.64681998176,6.64681998176,1,8.53110108764,8.53110108764,1,10.1654339367,10.1654339367
DRIFT30,5,ATU5,372,0.163998022646,0.213359998428,0.473886725102,1,5.08650127684,5.08650127684,1,6.52845371084,6.52845371084,1,7.77913240322,7.77913240322
DRIFT30,5,MJ3,372,0.14635123989,0.193074543266,0.124857690879,0.978494623656,0.99052255854,0.99266714946,1,1.27132194037,1.27132194037,1,1.51487352738,1.51487352738
DRIFT30,5,MJ1,372,0.177569344803,0.25618131913,0.145577973389,0.865591397849,0.860158013729,1.10310158553,0.900537634409,1.10400085855,1.35364447864,0.930107526882,1.31549816117,1.52136382819
DRIFT30,6,ATU1,371,0.28187991051,0.352532966084,0.762574470083,1,8.18155904097,8.18155904097,1,10.5009173446,10.5009173446,1,12.5126147779,12.5126147779
DRIFT30,6,ATU5,371,0.20109384297,0.261998847628,0.583338430177,1,6.26143716416,6.26143716416,1,8.03646759624,8.03646759624,1,9.57604177871,9.57604177871
DRIFT30,6,MJ3,371,0.179547726109,0.237097445889,0.153715815805,0.981132075472,1.22184257047,1.22447185385,1,1.56821796145,1.56821796145,1,1.86864695678,1.86864695678
DRIFT30,6,MJ1,371,0.217725296916,0.314322387845,0.179193340534,0.862533692722,1.0570074565,1.36471292976,0.897574123989,1.35665438308,1.68149224618,0.927223719677,1.61655340435,1.8995536222
DRIFT30,7,ATU1,370,0.3351143791,0.419300529585,0.911398249289,1,9.77967423957,9.77967423957,1,12.5520759959,12.5520759959,1,14.9567210602,14.9567210602
DRIFT30,7,ATU5,370,0.239484157192,0.312488904193,0.697331354747,1,7.48510628393,7.48510628393,1,9.60702990831,9.60702990831,1,11.4474822016,11.4474822016
DRIFT30,7,MJ3,370,0.213947298881,0.28278047926,0.183805566063,0.981081081081,1.46386000329,1.46689360298,1,1.87884397358,1.87884397358,1,2.2387806796,2.2387806796
DRIFT30,7,MJ1,370,0.259265447771,0.37454693738,0.21421169778,0.864864864865,1.26150958763,1.63897194858,0.897297297297,1.61913002678,2.02696069209,0.924324324324,1.92931242439,2.30099547749
DRIFT30,8,ATU1,369,0.39007893682,0.487995303027,1.06585960913,1,11.4387397135,11.4387397135,1,14.6814634786,14.6814634786,1,17.4940427446,17.4940427446
DRIFT30,8,ATU5,369,0.279127936232,0.364772138408,0.815698690954,1,8.75568686266,8.75568686266,1,11.2378024261,11.2378024261,1,13.3906675097,13.3906675097
DRIFT30,8,MJ3,369,0.249522684189,0.330062540529,0.215099027907,0.981029810298,1.71639489251,1.71969885504,1,2.20296899487,2.20296899487,1,2.62499946394,2.62499946394
DRIFT30,8,MJ1,369,0.302075181923,0.436759336273,0.250586849369,0.859078590786,1.47339254617,1.92617379357,0.891598915989,1.89107885992,2.39032575989,0.921409214092,2.25335944587,2.72616860949
DRIFT30,9,ATU1,368,0.446350092973,0.558479086816,1.22572083511,1,13.1562238695,13.1562238695,1,16.885830528,16.885830528,1,20.1207080932,20.1207080932
DRIFT30,9,ATU5,368,0.319960295651,0.41879168416,0.93826647042,1,10.0712759583,10.0712759583,1,12.92634275,12.92634275,1,15.4026874043,15.4026874043
DRIFT30,9,MJ3,368,0.286157643837,0.378883082985,0.247568263985,0.983695652174,1.97925921065,1.98274340945,1,2.54035169465,2.54035169465,1,3.02701574656,3.02701574656
DRIFT30,9,MJ1,368,0.346047881556,0.500863514263,0.288270885038,0.861413043478,1.69238467378,2.22566874917,0.891304347826,2.17215221276,2.77068215601,0.91847826087,2.58827900319,3.17304627041
DRIFT30,10,ATU1,367,0.503821800909,0.630613670214,1.39073542432,1,14.9294990888,14.9294990888,1,19.161804632,19.161804632,1,22.8326985101,22.8326985101
DRIFT30,10,ATU5,367,0.361891919633,0.474492119752,1.06485425519,1,11.429897014,11.429897014,1,14.6701139967,14.6701139967,1,17.4805190027,17.4805190027
DRIFT30,10,MJ3,367,0.323875612521,0.429182367717,0.28118543524,0.980926430518,2.2522579526,2.25586632205,1,2.89074178657,2.89074178657,1,3.44453129291,3.44453129291
DRIFT30,10,MJ1,367,0.391162233456,0.566763287881,0.327214543,0.858310626703,1.91821544028,2.5367495952,0.888283378747,2.46200286359,3.1664292579,0.91553133515,2.93365735614,3.64113215039
DRIFT30,11,ATU1,366,0.562718485801,0.704261236112,1.56064896782,1,16.7558514846,16.7558514846,1,21.5059025544,21.5059025544,1,25.6258634635,25.6258634635
DRIFT30,11,ATU5,366,0.404840321649,0.531819684997,1.19527584562,1,12.8295076498,12.8295076498,1,16.4664947998,16.4664947998,1,19.6210387541,19.6210387541
DRIFT30,11,MJ3,366,0.362658576983,0.480901668375,0.315922902304,0.98087431694,2.5351902042,2.53870793979,1,3.2538814001,3.2538814001,1,3.87723883126,3.87723883126
DRIFT30,11,MJ1,366,0.43743027449,0.634362669452,0.367367588953,0.855191256831,2.15061611074,2.8596391021,0.885245901639,2.76028589487,3.57902395404,0.915300546448,3.28908351013,4.13042847553
DRIFT30,12,ATU1,365,0.622543511782,0.7792844557,1.73520002692,1,18.6324908081,18.6324908081,1,23.9145430498,23.9145430498,1,28.4959356361,28.4959356361
DRIFT30,12,ATU5,365,0.448936612426,0.590722171824,1.32933998063,1,14.2680077015,14.2680077015,1,18.312789628,18.312789628,1,21.8210347348,21.8210347348
DRIFT30,12,MJ3,365,0.402417323511,0.533983273259,0.351753229125,0.983561643836,2.82785017842,2.83121486734,1,3.62950641043,3.62950641043,1,4.32482363752,4.32482363752
DRIFT30,12,MJ1,365,0.484590085959,0.703566167159,0.408679204734,0.854794520548,2.38932026078,3.19257793899,0.884931506849,3.06665935461,4.00494091922,0.912328767123,3.65415000424,4.63663879452
DRIFT30,13,ATU1,364,0.683435098364,0.855545802996,1.91412096077,1,20.5565605314,20.5565605314,1,26.3840598044,26.3840598044,1,31.4385463456,31.4385463456
DRIFT30,13,ATU5,364,0.493803045212,0.651147906752,1.46685097309,1,15.7432475253,15.7432475253,1,20.2062394431,20.2062394431,1,24.077219348,24.077219348
DRIFT30,13,MJ3,364,0.443092762822,0.58836996359,0.388648930879,0.983516483516,3.1300282029,3.13302150062,1,4.01734770604,4.01734770604,1,4.78696504552,4.78696504552
DRIFT30,13,MJ1,364,0.53265677003,0.774279127067,0.451098392911,0.848901098901,2.63406418444,3.53632901636,0.879120879121,3.38078477986,4.44507224137,0.909340659341,4.02845353497,5.16153093776
DRIFT30,14,ATU1,363,0.745313629782,0.932907261357,2.09713882904,1,22.5251481363,22.5251481363,1,28.9107146413,28.9107146413,1,34.4492412795,34.4492412795
DRIFT30,14,ATU5,363,0.539828038037,0.713045170477,1.60760941686,1,17.2530365858,17.2530365858,1,22.1440327233,22.1440327233,1,26.3862424589,26.3862424589
DRIFT30,14,MJ3,363,0.484730916828,0.644004812784,0.426582365852,0.986225895317,3.44151165042,3.44403648834,1,4.41713238279,4.41713238279,1,5.26333786993,5.26333786993
DRIFT30,14,MJ1,363,0.581379225074,0.846408148151,0.494574391542,0.848484848485,2.88458724558,3.88942743536,0.878787878788,3.70232764777,4.89837435102,0.909090909091,4.41159549378,5.70238669873
DRIFT30,15,ATU1,362,0.808051467915,1.01123048357,2.28397638203,1,24.5352956391,24.5352956391,1,31.4907110297,31.4907110297,1,37.5234965924,37.5234965924
DRIFT30,15,ATU5,362,0.586563038271,0.776362082681,1.75141297203,1,18.7951523465,18.7951523465,1,24.1233168742,24.1233168742,1,28.7447049916,28.7447049916
DRIFT30,15,MJ3,362,0.527215151078,0.700831216344,0.465525725843,0.986187845304,3.76208581106,3.76399106443,1,4.82858486353,4.82858486353,1,5.75361374031,5.75361374031
DRIFT30,15,MJ1,362,0.630972404869,0.919861520361,0.539057051446,0.848066298343,3.14063223238,4.25161190652,0.878453038674,4.03095783053,5.36173008078,0.908839779006,4.80318250912,6.25503816457
DRIFT30,16,ATU1,361,0.871315461812,1.0903770866,2.47435311278,1,26.5840103848,26.5840103848,1,34.1202079386,34.1202079386,1,40.6567354133,40.6567354133
DRIFT30,16,ATU5,361,0.634189062979,0.841046601618,1.89805719606,1,20.3673494794,20.3673494794,1,26.1412100483,26.1412100483,1,31.149173013,31.149173013
DRIFT30,16,MJ3,361,0.570641348979,0.758792969142,0.505451035221,0.98891966759,4.09153470862,4.09281683963,1,5.25142794579,5.25142794579,1,6.25746234954,6.25746234954
DRIFT30,16,MJ1,361,0.681126708564,0.994549683824,0.584497150958,0.847645429363,3.40194578598,4.62346142283,0.875346260388,4.36635014556,5.83888159844,0.903047091413,5.20282710204,6.82407562618
DRIFT30,17,ATU1,360,0.935304219465,1.1702090074,2.66798637087,1,28.6682761352,28.6682761352,1,36.7953340679,36.7953340679,1,43.844344804,43.844344804
DRIFT30,17,ATU5,360,0.682618056032,0.907046561877,2.04733641596,1,21.967369405,21.967369405,1,28.1948133902,28.1948133902,1,33.5961923238,33.5961923238
DRIFT30,17,MJ3,360,0.614893618377,0.817834360979,0.546330143538,0.991666666667,4.42964187056,4.43024321734,1,5.68538379007,5.68538379007,1,6.77455263145,6.77455263145
DRIFT30,17,MJ1,360,0.732070708277,1.07038571476,0.630846628869,0.844444444444,3.668278993,5.00287015468,0.875,4.70818511602,6.3251404622,0.905555555556,5.6101485924,7.40483878179
DRIFT30,18,ATU1,359,0.99999050461,1.25058891702,2.86459254023,1,30.7850644911,30.7850644911,1,39.5122025095,39.5122025095,1,47.0816932276,47.0816932276
DRIFT30,18,ATU5,359,0.731788281813,0.974309747857,2.19904464373,1,23.5929501744,23.5929501744,1,30.2812237199,30.2812237199,1,36.0823035718,36.0823035718
DRIFT30,18,MJ3,359,0.65999828925,0.877900288512,0.588134718504,0.99721448468,4.77619107179,4.77627169903,1,6.13017487448,6.13017487448,1,7.30455389832,7.30455389832
DRIFT30,18,MJ1,359,0.783293575534,1.1472858352,0.678058785034,0.841225626741,3.93938825921,5.39054963699,0.871866295265,5.05615009208,6.81955196407,0.905292479109,6.02477443496,7.99291704752
DRIFT30,19,ATU1,358,1.06475114378,1.33138068946,3.06388825822,1,32.9313466942,32.9313466942,1,42.2669258941,42.2669258941,1,50.364148598,50.364148598
DRIFT30,19,ATU5,358,0.781766557537,1.04278400028,2.35297653134,1,25.2418366978,25.2418366978,1,32.397546661,32.397546661,1,38.6040578946,38.6040578946
DRIFT30,19,MJ3,358,0.705762724754,0.938936381889,0.630836254848,1,5.13096708371,5.13096708371,1,6.58552495609,6.58552495609,1,7.84713698637,7.84713698637
DRIFT30,19,MJ1,358,0.835098355865,1.22516994249,0.72608856761,0.840782122905,4.21503660437,5.78474873396,0.868715083799,5.4099409129,7.32451056052,0.899441340782,6.44634219972,8.59371840572
DRIFT30,20,ATU1,357,1.13045871686,1.41244992119,3.26559165723,1,35.104105858,35.104105858,1,45.0556320899,45.0556320899,1,53.6870969853,53.6870969853
DRIFT30,20,ATU5,357,0.832243071565,1.11241735274,2.50892835531,1,26.9117913174,26.9117913174,1,34.540910211,34.540910211,1,41.1580330903,41.1580330903
DRIFT30,20,MJ3,357,0.752529541867,1.00088914437,0.67440609249,1,5.49375647232,5.49375647232,1,7.05116009534,7.05116009534,1,8.4019754765,8.4019754765
DRIFT30,20,MJ1,357,0.887114946023,1.3039621538,0.774892830502,0.837535014006,4.49499554147,6.18588174808,0.868347338936,5.76926431858,7.83467247008,0.899159663866,6.87450244595,9.20079146208
DRIFT30,21,ATU1,356,1.19588308445,1.49366449619,3.46942362725,1,37.3003496832,37.3003496832,1,47.8744805223,47.8744805223,1,57.045962063,57.045962063
DRIFT30,21,ATU5,356,0.883578251218,1.18315819471,2.66669902539,1,28.6006047179,28.6006047179,1,36.708478744,36.708478744,1,43.7408503022,43.7408503022
DRIFT30,21,MJ3,356,0.799981896579,1.06370610315,0.718815445997,1,5.86434850333,5.86434850333,1,7.52680981769,7.52680981769,1,8.96874707842,8.96874707842
DRIFT30,21,MJ1,356,0.9395770088,1.38359135929,0.824430525208,0.837078651685,4.77904772782,6.59385991331,0.86797752809,6.1338413528,8.35245723627,0.89606741573,7.3089227767,9.8120112903
DRIFT30,22,ATU1,355,1.26177928273,1.57489519011,3.6751091029,1,39.5171237182,39.5171237182,1,50.7196791937,50.7196791937,1,60.436225387,60.436225387
DRIFT30,22,ATU5,355,0.935586290793,1.2549554572,2.82609111425,1,30.3061071546,30.3061071546,1,38.8974674233,38.8974674233,1,46.3491911926,46.3491911926
DRIFT30,22,MJ3,355,0.848241389288,1.12733596924,0.764035455698,1,6.24253622752,6.24253622752,1,8.01220850669,8.01220850669,1,9.54713529059,9.54713529059
DRIFT30,22,MJ1,355,0.992222702109,1.46399177692,0.874662872896,0.833802816901,5.0669906025,7.0076272925,0.864788732394,6.50341203142,8.8784959886,0.898591549296,7.74929340177,10.4335528361
DRIFT30,23,ATU1,354,1.32809749483,1.65601630584,3.88237837961,1,41.751525214,41.751525214,1,53.587502466,53.587502466,1,63.8534475858,63.8534475858
DRIFT30,23,ATU5,354,0.988034854418,1.32775881641,2.98691190544,1,32.0261799696,32.0261799696,1,41.1051569805,41.1051569805,1,48.9798155536,48.9798155536
DRIFT30,23,MJ3,354,0.897320308783,1.19172880431,0.810037272507,1,6.6281178324,6.6281178324,1,8.50709713881,8.50709713881,1,10.1368314675,10.1368314675
DRIFT30,23,MJ1,354,1.0452430083,1.54510350009,0.925553565006,0.830508474576,5.35864116219,7.42665070524,0.864406779661,6.87774147224,9.40888265619,0.895480225989,8.19533444173,11.0569470901
DRIFT30,24,ATU1,353,1.39411307248,1.73690633117,4.09096844505,1,44.0007174146,44.0007174146,1,56.4743094025,56.4743094025,1,67.2932902156,67.2932902156
DRIFT30,24,ATU5,353,1.04132137145,1.40151891041,3.14897443149,1,33.7587670785,33.7587670785,1,43.3289084602,43.3289084602,1,51.6295788756,51.6295788756
DRIFT30,24,MJ3,353,0.94712988384,1.25683619167,0.856792180409,1,7.02089825057,7.02089825057,1,9.01122534777,9.01122534777,1,10.7375372792,10.7375372792
DRIFT30,24,MJ1,353,1.09839423397,1.62687302831,0.977068990604,0.827195467422,5.65384135487,7.85043100331,0.86402266289,7.25662681768,9.9450261774,0.892351274788,8.64680417689,11.6855920096
DRIFT30,25,ATU1,352,1.45972307583,1.81744860717,4.30062428852,1,46.2619438676,46.2619438676,1,59.3765621348,59.3765621348,1,70.7515376463,70.7515376463
DRIFT30,25,ATU5,352,1.09522589319,1.47618756314,3.31209844814,1,35.501885829,35.501885829,1,45.5661771555,45.5661771555,1,54.2954489533,54.2954489533
DRIFT30,25,MJ3,352,0.99755106559,1.32261140867,0.904271756495,1,7.42069102077,7.42069102077,1,9.52435381312,9.52435381312,1,11.3489675579,11.3489675579
DRIFT30,25,MJ1,352,1.15200648084,1.7092537693,1.02917845799,0.826704545455,5.95246316484,8.27922037726,0.860795454545,7.63990376136,10.4848416401,0.894886363636,9.10350682411,12.3191633845
DRIFT30,26,ATU1,351,1.52607407532,1.89753199405,4.51110017964,1,48.5325426521,48.5325426521,1,62.2908441242,62.2908441242,1,74.224118821,74.224118821
DRIFT30,26,ATU5,351,1.14979371601,1.55171800947,3.47611136723,1,37.2536374705,37.2536374705,1,47.8145260464,47.8145260464,1,56.9745218987,56.9745218987
DRIFT30,26,MJ3,351,1.04894269803,1.3890095972,0.95244808455,1,7.82732064179,7.82732064179,1,10.0462572815,10.0462572815,1,11.9708538976,11.9708538976
DRIFT30,26,MJ1,351,1.20558192587,1.7922064995,1.08185443776,0.826210826211,6.25441319682,8.7116092944,0.860398860399,8.02745243175,11.0314562403,0.894586894587,9.56529954766,12.9523108672
DRIFT30,27,ATU1,350,1.59179345025,1.97705151852,4.72216088571,1,50.8099601775,50.8099601775,1,65.2138778729,65.2138778729,1,77.70712836,77.70712836
DRIFT30,27,ATU5,350,1.20501871437,1.62806511435,3.64084916275,1,39.0122173857,39.0122173857,1,50.0716389317,50.0716389317,1,59.6640377873,59.6640377873
DRIFT30,27,MJ3,350,1.10094268423,1.4559879286,1.00129395199,1,8.2406242861,8.2406242861,1,10.576726766,10.576726766,1,12.6029472751,12.6029472751
DRIFT30,27,MJ1,350,1.25962124882,1.87569976834,1.13507285252,0.822857142857,6.55963657698,9.14935648632,0.86,8.41920239905,11.5799897254,0.891428571429,10.0320984252,13.5896685087
DRIFT30,28,ATU1,349,1.65667160221,2.05590898391,4.93358281139,1,53.0917643682,53.0917643682,1,68.1425418455,68.1425418455,1,81.1968467247,81.1968467247
DRIFT30,28,ATU5,349,1.26099392804,1.70518557824,3.80615724353,1,40.7759249967,40.7759249967,1,52.3353331433,52.3353331433,1,62.3613958099,62.3613958099
DRIFT30,28,MJ3,349,1.15363331495,1.52350575896,1.05078304636,1,8.660453111,8.660453111,1,11.1155712292,11.1155712292,1,13.2450200552,13.2450200552
DRIFT30,28,MJ1,349,1.31364099562,1.9597102296,1.18881342766,0.822349570201,6.86812002348,9.58959610045,0.853868194842,8.81513661618,12.1302574478,0.89111747851,10.503883144,14.2312246119
DRIFT30,29,ATU1,348,1.7211452672,2.13401352109,5.14515504339,1,55.3756570375,55.3756570375,1,71.0738863513,71.0738863513,1,84.6897591417,84.6897591417
DRIFT30,29,ATU5,348,1.31782845508,1.78303812053,3.97189128398,1,42.5431732363,42.5431732363,1,54.6035717025,54.6035717025,1,65.0641687568,65.0641687568
DRIFT30,29,MJ3,348,1.20718952333,1.59152477038,1.10089015971,1,9.08667327156,9.08667327156,1,11.6626188828,11.6626188828,1,13.8968675396,13.8968675396
DRIFT30,29,MJ1,348,1.36806848847,2.04422288179,1.2430601067,0.816091954023,7.17989394428,10.0319176007,0.85632183908,9.21529411136,12.6853306371,0.890804597701,10.980700209,14.8694034204
DRIFT30,30,ATU1,347,1.78546131447,2.21128205456,5.35668027977,1,57.6594852223,57.6594852223,1,74.0051480923,74.0051480923,1,88.1825729383,88.1825729383
DRIFT30,30,ATU5,347,1.37566833278,1.86158363149,4.13791800287,1,44.3124974529,44.3124974529,1,56.8744747495,56.8744747495,1,67.7701166366,67.7701166366
DRIFT30,30,MJ3,347,1.26142191263,1.66000909306,1.15159139909,1,9.51916657695,9.51916657695,1,12.2177180307,12.2177180307,1,14.5583089712,14.5583089712
DRIFT30,30,MJ1,347,1.42284927154,2.12923119747,1.29780152288,0.815561959654,7.49503341431,10.4788040536,0.85590778098,9.61977124222,13.2417264959,0.890489913545,11.4626644373,15.5125892596
EXPERT_INIT,1,ATU1,376,0.0233750854881,0.0296435483499,0.0617727391674,1,0.662005997687,0.662005997687,1,0.84967549932,0.84967549932,1,1.01245080409,1.01245080409
EXPERT_INIT,1,ATU5,376,0.0166678901005,0.0212061278881,0.0471387177547,1,0.506315482905,0.506315482905,1,0.64984888695,0.64984888695,1,0.774342709251,0.774342709251
EXPERT_INIT,1,MJ3,376,0.0139888236955,0.0180741387593,0.0116687284294,0.978723404255,0.0927312803748,0.0934045933444,1,0.119019309841,0.119019309841,1,0.141820254964,0.141820254964
EXPERT_INIT,1,MJ1,376,0.0173667190451,0.0248730321281,0.0139467575823,0.875,0.0826536309146,0.103697467805,0.912234042553,0.10608478679,0.126345720882,0.949468085106,0.12640782013,0.140959212852
EXPERT_INIT,2,ATU1,375,0.0497171574063,0.0630009808108,0.13198639192,1,1.4147215424,1.4147215424,1,1.81577544182,1.81577544182,1,2.16362988881,2.16362988881
EXPERT_INIT,2,ATU5,375,0.035433522101,0.0450646249451,0.100725442513,1,1.08206352432,1.08206352432,1,1.38881349797,1.38881349797,1,1.65487335326,1.65487335326
EXPERT_INIT,2,MJ3,375,0.0297617414638,0.038469577208,0.0249034195417,0.976,0.198188155216,0.199661112645,1,0.254371743354,0.254371743354,1,0.303102627182,0.303102627182
EXPERT_INIT,2,MJ1,375,0.036927979429,0.0528775490008,0.0297506001966,0.877333333333,0.175932681327,0.222363770213,0.909333333333,0.225807151863,0.272207873521,0.941333333333,0.269065817074,0.305348714491
EXPERT_INIT,3,ATU1,374,0.0789436067502,0.0999939209163,0.210591645404,1,2.25765260039,2.25765260039,1,2.89766574205,2.89766574205,1,3.45278169473,3.45278169473
EXPERT_INIT,3,ATU5,374,0.0562539934317,0.0715243554966,0.160723765938,1,1.7268718611,1.7268718611,1,2.21641603848,2.21641603848,1,2.64102260469,2.64102260469
EXPERT_INIT,3,MJ3,374,0.0472816558321,0.0611423333853,0.0396919874311,0.975935828877,0.316344043704,0.318737604115,1,0.406023184427,0.406023184427,1,0.483806464798,0.483806464798
EXPERT_INIT,3,MJ1,374,0.0586321002466,0.0839514587584,0.0473964977904,0.874331550802,0.27967942746,0.356055188804,0.906417112299,0.358964658941,0.4378199552,0.938502673797,0.427732773128,0.494029643453
EXPERT_INIT,4,ATU1,373,0.110963385659,0.14053329808,0.297519757024,1,3.1900989141,3.1900989141,1,4.09444762916,4.09444762916,1,4.87883527036,4.87883527036
EXPERT_INIT,4,ATU5,373,0.0790621058028,0.100536445085,0.227083290601,1,2.44020917292,2.44020917292,1,3.13197456623,3.13197456623,1,3.7319778792,3.7319778792
EXPERT_INIT,4,MJ3,373,0.0664980944542,0.0860445112407,0.0560201001142,0.975871313673,0.447154200052,0.45051976239,1,0.573916202467,0.573916202467,1,0.683863335039,0.683863335039
EXPERT_INIT,4,MJ1,373,0.0824035674571,0.118027574883,0.0668652593269,0.87399463807,0.39371038494,0.504822705936,0.903485254692,0.505321808382,0.623526494564,0.932975871314,0.602128073163,0.707626855581
EXPERT_INIT,5,ATU1,372,0.145756140958,0.184521171988,0.39268266629,1,4.21115383679,4.21115383679,1,5.40495743467,5.40495743467,1,6.44040401914,6.44040401914
EXPERT_INIT,5,ATU5,372,0.103854530674,0.132051563435,0.299739731989,1,3.22138942197,3.22138942197,1,4.13460856123,4.13460856123,1,4.92668997253,4.92668997253
EXPERT_INIT,5,MJ3,372,0.0873543222249,0.113125136098,0.0738712572945,0.975806451613,0.590555583285,0.594993396893,1,0.757969885255,0.757969885255,1,0.903176825052,0.903176825052
EXPERT_INIT,5,MJ1,372,0.108221418286,0.155034373517,0.0881338794732,0.870967741935,0.517829705839,0.668674119542,0.903225806452,0.664627232093,0.829149621492,0.932795698925,0.791952193619,0.946144441926
EXPERT_INIT,6,ATU1,371,0.183233655857,0.231852311808,0.495973146681,1,5.31970487372,5.31970487372,1,6.82776728701,6.82776728701,1,8.1357865272,8.1357865272
EXPERT_INIT,6,ATU5,371,0.130534243622,0.166018716802,0.378615081076,1,4.06957519059,4.06957519059,1,5.22324320953,5.22324320953,1,6.22387816486,6.22387816486
EXPERT_INIT,6,MJ3,371,0.109826254799,0.142330657322,0.0932270410469,0.975741239892,0.74647004424,0.752051075425,1,0.958083929426,0.958083929426,1,1.141627416,1.141627416
EXPERT_INIT,6,MJ1,371,0.136018518136,0.194896301795,0.111175161183,0.870619946092,0.651823911166,0.847458526502,0.900269541779,0.836606932753,1.05523233306,0.927223719677,0.996878646552,1.21061032467
EXPERT_INIT,7,ATU1,370,0.223315606147,0.282413503845,0.607265171314,1,6.51443819005,6.51443819005,1,8.36119089745,8.36119089745,1,9.96297345755,9.96297345755
EXPERT_INIT,7,ATU5,370,0.159022388744,0.202383752764,0.463617631646,1,4.98377947067,4.98377947067,1,6.39661169996,6.39661169996,1,7.62203295757,7.62203295757
EXPERT_INIT,7,MJ3,370,0.133849419061,0.173605676011,0.114067256693,0.975675675676,0.914804455185,0.921482530373,1,1.17413880683,1.17413880683,1,1.39907268132,1.39907268132
EXPERT_INIT,7,MJ1,370,0.165687577513,0.237533719067,0.135957560664,0.867567567568,0.79546527962,1.04107266256,0.9,1.02096863324,1.30079010259,0.924324324324,1.21655916229,1.49979998226
EXPERT_INIT,8,ATU1,369,0.26592610481,0.336086688392,0.726414697713,1,7.79384641898,7.79384641898,1,10.0032935817,10.0032935817,1,11.9196594916,11.9196594916
EXPERT_INIT,8,ATU5,369,0.189354361792,0.241089887614,0.554642231448,1,5.96286844939,5.96286844939,1,7.6532587995,7.6532587995,1,9.11942033358,9.11942033358
EXPERT_INIT,8,MJ3,369,0.159340888004,0.206893286126,0.136369936886,0.972899728997,1.0954491554,1.10320302989,1,1.40599376947,1.40599376947,1,1.67534490941,1.67534490941
EXPERT_INIT,8,MJ1,369,0.197225672742,0.282863588173,0.16244556574,0.864498644986,0.948518466255,1.24929851474,0.894308943089,1.21741027158,1.56655104923,0.921409214092,1.45063381179,1.81453315057
EXPERT_INIT,9,ATU1,368,0.310948914253,0.392752487506,0.853260698084,1,9.15623594425,9.15623594425,1,11.7519016066,11.7519016066,1,14.0032544668,14.0032544668
EXPERT_INIT,9,ATU5,368,0.22141136602,0.282079955557,0.651570811131,1,7.00556508869,7.00556508869,1,8.99154544755,8.99154544755,1,10.7140872317,10.7140872317
EXPERT_INIT,9,MJ3,368,0.186307346619,0.242135629903,0.160111642205,0.975543478261,1.28828020347,1.29714378506,1,1.65348974023,1.65348974023,1,1.97025454822,1.97025454822
EXPERT_INIT,9,MJ1,368,0.230543240167,0.330799778237,0.190599689541,0.866847826087,1.11073799002,1.47183355464,0.89402173913,1.42561677625,1.85137407035,0.91847826087,1.69872716419,2.1534063113
EXPERT_INIT,10,ATU1,367,0.358187788347,0.452286013491,0.987625353154,1,10.599733364,10.599733364,1,13.6046104872,13.6046104872,1,16.2108932622,16.2108932622
EXPERT_INIT,10,ATU5,367,0.255073023782,0.325294678785,0.754272583501,1,8.11045319805,8.11045319805,1,10.4096539833,10.4096539833,1,12.4038677755,12.4038677755
EXPERT_INIT,10,MJ3,367,0.214672682399,0.279274488329,0.185267633012,0.975476839237,1.49315909556,1.50303376128,1,1.91644895139,1.91644895139,1,2.28358977443,2.28358977443
EXPERT_INIT,10,MJ1,367,0.265539407799,0.381253300746,0.220376633612,0.861035422343,1.28187008304,1.70862105142,0.888283378747,1.64526243973,2.15487627936,0.91553133515,1.96045111501,2.51626472886
EXPERT_INIT,11,ATU1,366,0.407739115246,0.514559656025,1.12931463054,1,12.1222887735,12.1222887735,1,15.5587891991,15.5587891991,1,18.5394408193,18.5394408193
EXPERT_INIT,11,ATU5,366,0.290377828744,0.370674856211,0.862604667962,1,9.27598207464,9.27598207464,1,11.9055941011,11.9055941011,1,14.1863903696,14.1863903696
EXPERT_INIT,11,MJ3,366,0.244323655617,0.318251766945,0.211812055895,0.975409836066,1.70993322145,1.72061748049,1,2.19467552985,2.19467552985,1,2.61511719084,2.61511719084
EXPERT_INIT,11,MJ1,366,0.302176870788,0.434132624261,0.251729609647,0.863387978142,1.46165497869,1.959321605,0.887978142077,1.87601385515,2.47739324208,0.915300546448,2.23540838549,2.90234907706
EXPERT_INIT,12,ATU1,365,0.45930016716,0.579442516855,1.27811894042,1,13.7216833944,13.7216833944,1,17.611589971,17.611589971,1,20.985503809,20.985503809
EXPERT_INIT,12,ATU5,365,0.327255186109,0.418161410745,0.976412531407,1,10.5004712279,10.5004712279,1,13.4772089148,13.4772089148,1,16.0590849255,16.0590849255
EXPERT_INIT,12,MJ3,365,0.275324297749,0.359009700907,0.239718128383,0.975342465753,1.93843835345,1.9498800486,1,2.48795869165,2.48795869165,1,2.96458563288,2.96458563288
EXPERT_INIT,12,MJ1,365,0.34044847901,0.48934394671,0.284608693463,0.860273972603,1.64982687609,2.22320013921,0.887671232877,2.11752987077,2.81665748556,0.915068493151,2.52319246825,3.31036801722
EXPERT_INIT,13,ATU1,364,0.512774189463,0.646797903498,1.43381532118,1,15.3955569572,15.3955569572,1,19.7599834302,19.7599834302,1,23.5454725111,23.5454725111
EXPERT_INIT,13,ATU5,364,0.365551396978,0.46769360503,1.09553285325,1,11.7821444613,11.7821444613,1,15.1222187008,15.1222187008,1,18.0192349849,18.0192349849
EXPERT_INIT,13,MJ3,364,0.307591651242,0.401490148762,0.268957689588,0.975274725275,2.17849687191,2.19065822311,1,2.79607046444,2.79607046444,1,3.33172345474,3.33172345474
EXPERT_INIT,13,MJ1,364,0.380109065018,0.546791402067,0.318961156985,0.857142857143,1.84611318823,2.50034440971,0.884615384615,2.36946062496,3.17388946119,0.912087912088,2.82338647745,3.74056451741
EXPERT_INIT,14,ATU1,363,0.568372888854,0.716490864094,1.59616609952,1,17.1413836087,17.1413836087,1,22.0007276787,22.0007276787,1,26.2154839661,26.2154839661
EXPERT_INIT,14,ATU5,363,0.405234581039,0.51921293943,1.21979398744,1,13.1191307394,13.1191307394,1,16.8382220109,16.8382220109,1,20.0639790462,20.0639790462
EXPERT_INIT,14,MJ3,363,0.340942541733,0.44563435913,0.299501310171,0.97520661157,2.42992127702,2.44250803382,1,3.11877019479,3.11877019479,1,3.71624390018,3.71624390018
EXPERT_INIT,14,MJ1,363,0.421246796476,0.606377380089,0.35473204657,0.856749311295,2.05023678666,2.78977519479,0.884297520661,2.63145042721,3.54725720416,0.909090909091,3.13556658169,4.19024873433
EXPERT_INIT,15,ATU1,362,0.625563730354,0.788383031074,1.76492208449,1,18.9565145529,18.9565145529,1,24.330423024,24.330423024,1,28.9914871903,28.9914871903
EXPERT_INIT,15,ATU5,362,0.446407474092,0.57265917033,1.3490127583,1,14.5094330521,14.5094330521,1,18.6226557108,18.6226557108,1,22.190262946,22.190262946
EXPERT_INIT,15,MJ3,362,0.375601501929,0.491383125707,0.331318334245,0.977900552486,2.69251278137,2.70526703503,1,3.45580274187,3.45580274187,1,4.11784295013,4.11784295013
EXPERT_INIT,15,MJ1,362,0.463789606416,0.668003115551,0.391864879384,0.853591160221,2.26191662979,3.09108074518,0.883977900552,2.90313856454,3.93530580063,0.906077348066,3.45930296495,4.6584640639
EXPERT_INIT,16,ATU1,361,0.68441301865,0.862330213055,1.93982338326,1,20.8381852235,20.8381852235,1,26.7455211834,26.7455211834,1,31.8692541442,31.8692541442
EXPERT_INIT,16,ATU5,361,0.488788668186,0.627970597316,1.48299424686,1,15.9509245737,15.9509245737,1,20.472790049,20.472790049,1,24.3948339849,24.3948339849
EXPERT_INIT,16,MJ3,361,0.411266319635,0.538676987292,0.364377030591,0.97783933518,2.96606270549,2.97889315999,1,3.80690026845,3.80690026845,1,4.53620145685,4.53620145685
EXPERT_INIT,16,MJ1,361,0.507536703344,0.731568768384,0.430302775806,0.850415512465,2.48088883303,3.40429503742,0.880886426593,3.18418634473,4.34057691064,0.905817174515,3.79419205057,5.14573260244
EXPERT_INIT,17,ATU1,360,0.745024728706,0.938188672781,2.12059851304,1,22.7834984487,22.7834984487,1,29.2423036774,29.2423036774,1,34.844353986,34.844353986
EXPERT_INIT,17,ATU5,360,0.532334273446,0.685086802781,1.62153335679,1,17.4413630274,17.4413630274,1,22.3857470942,22.3857470942,1,26.6742628966,26.6742628966
EXPERT_INIT,17,MJ3,360,0.447972274449,0.587456328652,0.398644828957,0.975,3.25035536363,3.26301249228,1,4.17178594485,4.17178594485,1,4.97098955746,4.97098955746
EXPERT_INIT,17,MJ1,360,0.552525745056,0.79697379534,0.46998770801,0.85,2.7068665245,3.72773280594,0.880555555556,3.47422557173,4.75841057965,0.902777777778,4.13979510589,5.64782143484
EXPERT_INIT,18,ATU1,359,0.806852969966,1.01581182948,2.30696589874,1,24.7894441025,24.7894441025,1,31.8169070511,31.8169070511,1,37.9121831255,37.9121831255
EXPERT_INIT,18,ATU5,359,0.577211877904,0.743946357972,1.76441677477,1,18.9784148639,18.9784148639,1,24.3585317688,24.3585317688,1,29.0249808255,29.0249808255
EXPERT_INIT,18,MJ3,359,0.485775450259,0.637661625054,0.434088572691,0.977715877437,3.54517019072,3.55751542412,1,4.55017667891,4.55017667891,1,5.4218699268,5.4218699268
EXPERT_INIT,18,MJ1,359,0.5985849529,0.864117347005,0.510861811954,0.846796657382,2.93956428346,4.06271072082,0.874651810585,3.77288991196,5.18983091932,0.899721448468,4.49567561753,6.16547367037
EXPERT_INIT,19,ATU1,358,0.870266626687,1.09505195574,2.49863699231,1,26.8529312107,26.8529312107,1,34.4653640819,34.4653640819,1,41.0680143253,41.0680143253
EXPERT_INIT,19,ATU5,358,0.623084522975,0.804487875952,1.91142512694,1,20.5596780102,20.5596780102,1,26.388061045,26.388061045,1,31.4433141178,31.4433141178
EXPERT_INIT,19,MJ3,358,0.524426690933,0.689233566805,0.470674416129,0.977653631285,3.85027922042,3.86211890813,1,4.94177987898,4.94177987898,1,5.88849392044,5.88849392044
EXPERT_INIT,19,MJ1,358,0.645580663742,0.932898702521,0.55286798451,0.846368715084,3.17870058109,4.40755339454,0.874301675978,4.07981802713,5.63437942012,0.899441340782,4.86140302433,6.69744327564
EXPERT_INIT,20,ATU1,357,0.934869232362,1.17575829768,2.69531652812,1,28.9707907078,28.9707907078,1,37.1836073183,37.1836073183,1,44.3070009179,44.3070009179
EXPERT_INIT,20,ATU5,357,0.670037582689,0.866649333867,2.06233391328,1,22.1826924661,22.1826924661,1,28.4711775471,28.4711775471,1,33.9255005281,33.9255005281
EXPERT_INIT,20,MJ3,357,0.564068946326,0.742113527581,0.508368110203,0.980392156863,4.1654498298,4.17639216497,1,5.34629697676,5.34629697676,1,6.37050577232,6.37050577232
EXPERT_INIT,20,MJ1,357,0.693513983773,1.00321719451,0.595949817182,0.84593837535,3.42399274868,4.76169497059,0.873949579832,4.39464711584,6.08843832154,0.899159663866,5.2365450218,7.24009817637
EXPERT_INIT,21,ATU1,356,1.00036451279,1.25777526216,2.89670243437,1,31.1397754167,31.1397754167,1,39.9674690537,39.9674690537,1,47.6241767747,47.6241767747
EXPERT_INIT,21,ATU5,356,0.718039702391,0.930367256178,2.21691393126,1,23.8449456605,23.8449456605,1,30.6046564248,30.6046564248,1,36.4676974102,36.4676974102
EXPERT_INIT,21,MJ3,356,0.604621636811,0.796243766693,0.547135568092,0.980337078652,4.49045272939,4.50055583393,1,5.7634336824,5.7634336824,1,6.86755481443,6.86755481443
EXPERT_INIT,21,MJ1,356,0.742006821613,1.07497263531,0.640051815448,0.842696629213,3.67515936072,5.12562845849,0.86797752809,4.71701597238,6.5555220885,0.89606741573,5.62067120678,7.79824209206
EXPERT_INIT,22,ATU1,355,1.06721286903,1.34094844725,3.10247259782,1,33.3564127153,33.3564127153,1,42.8124922258,42.8124922258,1,51.0142309784,51.0142309784
EXPERT_INIT,22,ATU5,355,0.766854993777,0.995576992655,2.37492823407,1,25.5438403101,25.5438403101,1,32.7851641011,32.7851641011,1,39.0659325623,39.0659325623
EXPERT_INIT,22,MJ3,355,0.646044057053,0.851567025701,0.586941753355,0.980281690141,4.8250452053,4.83389246243,1,6.19287847599,6.19287847599,1,7.37926984791,7.37926984791
EXPERT_INIT,22,MJ1,355,0.791549562269,1.14806699003,0.685119936092,0.842253521127,3.93191917333,5.49685550156,0.870422535211,5.04656362413,7.03269021891,0.895774647887,6.01335145384,8.36604307621
EXPERT_INIT,23,ATU1,354,1.13482425391,1.42511914272,3.31229700364,1,35.6171441006,35.6171441006,1,45.7141095456,45.7141095456,1,54.4717212684,54.4717212684
EXPERT_INIT,23,ATU5,354,0.816719118874,1.06221169559,2.53613604005,1,27.2767388235,27.2767388235,1,35.009315264,35.009315264,1,41.7161721362,41.7161721362
EXPERT_INIT,23,MJ3,354,0.688141119354,0.908026717195,0.627751151009,0.983050847458,5.16897917874,5.17666316398,1,6.63431295188,6.63431295188,1,7.90527146902,7.90527146902
EXPERT_INIT,23,MJ1,354,0.841527179409,1.22240437283,0.731101390177,0.838983050847,4.19399502963,5.87694373162,0.864406779661,5.3829343441,7.51795194469,0.892655367232,6.41416188815,8.93940705859
EXPERT_INIT,24,ATU1,353,1.20337121089,1.51013831462,3.52584830607,1,37.9184270415,37.9184270415,1,48.6677742234,48.6677742234,1,57.9912298108,57.9912298108
EXPERT_INIT,24,ATU5,353,0.867149247542,1.13021224746,2.70029687367,1,29.0409985221,29.0409985221,1,37.2737180725,37.2737180725,1,44.4143745041,44.4143745041
EXPERT_INIT,24,MJ3,353,0.731048863849,0.96556719573,0.669528159641,0.983002832861,5.52200657355,5.52821470791,1,7.08741870772,7.08741870772,1,8.44518027798,8.44518027798
EXPERT_INIT,24,MJ1,353,0.891972609131,1.29789135711,0.777944693472,0.838526912181,4.4611219876,6.26502133671,0.86402266289,5.72578808287,8.01445654875,0.889518413598,6.82269731583,9.52593570567
EXPERT_INIT,25,ATU1,352,1.27249867387,1.59585602046,3.74280082962,1,40.2567354701,40.2567354701,1,51.6689606002,51.6689606002,1,61.56736395,61.56736395
EXPERT_INIT,25,ATU5,352,0.918606205515,1.19952032265,2.86717088508,1,30.8339827988,30.8339827988,1,39.5749884776,39.5749884776,1,47.1565073231,47.1565073231
EXPERT_INIT,25,MJ3,352,0.774727369233,1.02413399284,0.712237203662,0.985795454545,5.88388028875,5.88879844547,1,7.55187859287,7.55187859287,1,8.99861836647,8.99861836647
EXPERT_INIT,25,MJ1,352,0.94284618796,1.37443733841,0.825599212252,0.835227272727,4.73304209073,6.65919275008,0.863636363636,6.07479375685,8.51595246549,0.892045454545,7.23856322644,10.1202826071
EXPERT_INIT,26,ATU1,351,1.34214130039,1.68212446114,3.96283132942,1,42.6285684878,42.6285684878,1,54.7131753212,54.7131753212,1,65.1947695238,65.1947695238
EXPERT_INIT,26,ATU5,351,0.97073436801,1.27007901376,3.03651985894,1,32.6530726791,32.6530726791,1,41.9097650624,41.9097650624,1,49.9385652176,49.9385652176
EXPERT_INIT,26,MJ3,351,0.8191801203,1.08367395029,0.755842823749,0.988603988604,6.25435512222,6.25781712172,1,8.0273778938,8.0273778938,1,9.56521073021,9.56521073021
EXPERT_INIT,26,MJ1,351,0.994072459245,1.45195501238,0.874015227465,0.831908831909,5.00951310118,7.06075070199,0.860398860399,6.42964045714,9.02620987395,0.888888888889,7.66138914919,10.7182903677
EXPERT_INIT,27,ATU1,350,1.41276522093,1.76879859104,4.1856198746,1,45.030460805,45.030460805,1,57.7959707356,57.7959707356,1,68.8681468291,68.8681468291
EXPERT_INIT,27,ATU5,350,1.02343809937,1.34183293121,3.20810833329,1,34.4956796314,34.4956796314,1,44.2747254823,44.2747254823,1,52.75658937,52.75658937
EXPERT_INIT,27,MJ3,350,0.864413061827,1.14413533013,0.800310109762,0.988571428571,6.63319387207,6.63538948225,1,8.5136121652,8.5136121652,1,10.1445946002,10.1445946002
EXPERT_INIT,27,MJ1,350,1.04559803136,1.53036078734,0.923144007439,0.831428571429,5.29031658229,7.46725296128,0.86,6.79004782332,9.54524728633,0.885714285714,8.09084101403,11.3273094201
EXPERT_INIT,28,ATU1,349,1.48319164649,1.8557445778,4.41085160019,1,47.4589993804,47.4589993804,1,60.912966252,60.912966252,1,72.5822760696,72.5822760696
EXPERT_INIT,28,ATU5,349,1.07706704537,1.41473073452,3.38170505727,1,36.3592610152,36.3592610152,1,46.6666062935,46.6666062935,1,55.606691147,55.606691147
EXPERT_INIT,28,MJ3,349,0.910252207467,1.20546771691,0.845604149477,0.991404011461,7.020158394,7.02124396511,1,9.01027575214,9.01027575214,1,10.7364057662,10.7364057662
EXPERT_INIT,28,MJ1,349,1.09742057808,1.60957559095,0.972938105678,0.830945558739,5.57526345266,7.8802985117,0.859598853868,7.15577317204,10.0671393343,0.888252148997,8.5266296459,11.9403292234
EXPERT_INIT,29,ATU1,348,1.55441434583,1.94282092691,4.63821638764,1,49.9108300681,49.9108300681,1,64.0598568711,64.0598568711,1,76.332027522,76.332027522
EXPERT_INIT,29,ATU5,348,1.13131789448,1.48871956136,3.55708373048,1,38.2413311601,38.2413311601,1,49.0822171728,49.0822171728,1,58.4850690443,58.4850690443
EXPERT_INIT,29,MJ3,348,0.956779552539,1.26762220693,0.891691530326,0.994252873563,7.41503147145,7.41523639919,1,9.5170898602,9.5170898602,1,11.3403120241,11.3403120241
EXPERT_INIT,29,MJ1,348,1.14947590511,1.68952492172,1.0233513672,0.827586206897,5.86419587557,8.29927240636,0.85632183908,7.52661392208,10.5986588029,0.887931034483,8.96851365441,12.559744371
EXPERT_INIT,30,ATU1,347,1.62630706425,2.02988636371,4.86741081594,1,52.3826771459,52.3826771459,1,67.2324382486,67.2324382486,1,80.1123914012,80.1123914012
EXPERT_INIT,30,ATU5,347,1.18600877499,1.56374610559,3.73402416294,1,40.1394746414,40.1394746414,1,51.5184579559,51.5184579559,1,61.3880289882,61.3880289882
EXPERT_INIT,30,MJ3,347,1.00396686966,1.33055120397,0.938540225625,1,7.81761494446,7.81761494446,1,10.0338001538,10.0338001538,1,11.9560103144,11.9560103144
EXPERT_INIT,30,MJ1,347,1.20125088399,1.77014005406,1.07434020033,0.829971181556,6.15700227293,8.7216143416,0.85878962536,7.90242686448,11.1361397571,0.884726224784,9.41632239553,13.1875614995
C2_EXPERT,1,ATU1,376,0.0237457186612,0.0300403167899,0.0483736771362,1,0.503196133756,0.503196133756,1,0.645845245662,0.645845245662,1,0.76957207641,0.76957207641
C2_EXPERT,1,ATU5,376,0.017450046331,0.0240172811532,0.0464813496238,1,0.492085041227,0.492085041227,1,0.631584312792,0.631584312792,1,0.752579126792,0.752579126792
C2_EXPERT,1,MJ3,376,0.0139977308729,0.0182435756218,0.0152298853031,1,0.142227630638,0.142227630638,1,0.182547187641,0.182547187641,1,0.217518390326,0.217518390326
C2_EXPERT,1,MJ1,376,0.0174651832591,0.0248550774563,0.0160010275478,0.938829787234,0.122604663268,0.128248064756,0.984042553191,0.157361381687,0.158318993942,1,0.187507651509,0.187507651509
C2_EXPERT,2,ATU1,375,0.0503652904642,0.0636179807311,0.0987019289624,1,1.02082939586,1.02082939586,1,1.31022034495,1.31022034495,1,1.56122383527,1.56122383527
C2_EXPERT,2,ATU5,375,0.0367411958606,0.049072318419,0.0955370288916,1,1.00845241857,1.00845241857,1,1.29433466657,1.29433466657,1,1.54229488196,1.54229488196
C2_EXPERT,2,MJ3,375,0.0297678109494,0.0388088875779,0.0309795103658,1,0.283549937264,0.283549937264,1,0.363932404493,0.363932404493,1,0.433652207057,0.433652207057
C2_EXPERT,2,MJ1,375,0.0371404167116,0.0528562590738,0.0331273517026,0.922666666667,0.243972730867,0.261919920365,0.976,0.313135610016,0.319595100879,1,0.373124093143,0.373124093143
C2_EXPERT,3,ATU1,374,0.0797754306753,0.100723619077,0.150636662325,1,1.54820034176,1.54820034176,1,1.98709362608,1.98709362608,1,2.36776809633,2.36776809633
C2_EXPERT,3,ATU5,374,0.0578027723545,0.0753499563095,0.147155668247,1,1.54863424636,1.54863424636,1,1.98765053661,1.98765053661,1,2.36843169616,2.36843169616
C2_EXPERT,3,MJ3,374,0.0472751769751,0.061651382963,0.0475589167414,1,0.427594680811,0.427594680811,1,0.548811831305,0.548811831305,1,0.653949631761,0.653949631761
C2_EXPERT,3,MJ1,374,0.0589472408317,0.0839402411925,0.0515761671863,0.911764705882,0.366264506071,0.404268555514,0.967914438503,0.470095404221,0.488138032685,0.989304812834,0.560153223651,0.561663825499
C2_EXPERT,4,ATU1,373,0.11192195486,0.141286684475,0.204098736486,1,2.08368913492,2.08368913492,1,2.67438605138,2.67438605138,1,3.18672753343,3.18672753343
C2_EXPERT,4,ATU5,373,0.0804133245993,0.103013151319,0.201189257075,1,2.11074306575,2.11074306575,1,2.70910939568,2.70910939568,1,3.22810295014,3.22810295014
C2_EXPERT,4,MJ3,373,0.0664715968593,0.0867227698844,0.0650486286481,1,0.57515146742,0.57515146742,1,0.738198916584,0.738198916584,1,0.87961826282,0.87961826282
C2_EXPERT,4,MJ1,373,0.0828600104425,0.118038672286,0.0714462355988,0.898123324397,0.490390176603,0.556877664525,0.946380697051,0.629408977596,0.670719740724,0.981233243968,0.749987055032,0.763961891085
C2_EXPERT,5,ATU1,372,0.146824557384,0.185311841362,0.259190983386,1,2.62774822696,2.62774822696,1,3.3726783362,3.3726783362,1,4.01879411157,4.01879411157
C2_EXPERT,5,ATU5,372,0.104676877177,0.133102164345,0.257680527532,1,2.69476190601,2.69476190601,1,3.45868946209,3.45868946209,1,4.12128268944,4.12128268944
C2_EXPERT,5,MJ3,372,0.0873017018981,0.113971773373,0.0835279784052,1,0.727109908647,0.727109908647,1,0.933235464405,0.933235464405,1,1.1120186437,1.1120186437
C2_EXPERT,5,MJ1,372,0.108836356494,0.155078881647,0.0928114188382,0.89247311828,0.61716584288,0.720888657351,0.930107526882,0.792123783689,0.870898601339,0.975806451613,0.943873705167,0.981796738043
C2_EXPERT,6,ATU1,371,0.184371406303,0.232732188726,0.316068524356,1,3.18150947641,3.18150947641,1,4.08342320523,4.08342320523,1,4.86569885901,4.86569885901
C2_EXPERT,6,ATU5,371,0.130914300495,0.16624940721,0.316909369108,1,3.30325282485,3.30325282485,1,4.23967910131,4.23967910131,1,5.05188924316,5.05188924316
C2_EXPERT,6,MJ3,371,0.109732289752,0.143344713024,0.103017320515,0.991913746631,0.883617745263,0.883770066201,1,1.13411109799,1.13411109799,1,1.35137672442,1.35137672442
C2_EXPERT,6,MJ1,371,0.136729161326,0.194984156916,0.115691499051,0.88679245283,0.746606892552,0.896342909867,0.919137466307,0.958259572332,1.0908647148,0.959568733154,1.14183670744,1.22134925687
C2_EXPERT,7,ATU1,370,0.224533345688,0.283421766829,0.374727594276,1,3.74447670992,3.74447670992,1,4.8059838269,4.8059838269,1,5.7266829441,5.7266829441
C2_EXPERT,7,ATU5,370,0.15910746215,0.202157888353,0.378923301043,1,3.93648692346,3.93648692346,1,5.05242626796,5.05242626796,1,6.02033722483,6.02033722483
C2_EXPERT,7,MJ3,370,0.133708349602,0.174785930052,0.123523744668,0.983783783784,1.04468581418,1.04685457745,1,1.34083972637,1.34083972637,1,1.59770907859,1.59770907859
C2_EXPERT,7,MJ1,370,0.166578394737,0.237674133192,0.140085808283,0.878378378378,0.878486408805,1.08352844038,0.910810810811,1.12752509895,1.33092131922,0.937837837838,1.34352902252,1.49659018799
C2_EXPERT,8,ATU1,369,0.267248297372,0.337247383247,0.435293412645,1,4.31768592807,4.31768592807,1,5.54168989354,5.54168989354,1,6.603330793,6.603330793
C2_EXPERT,8,ATU5,369,0.18911853029,0.240549248152,0.443702640686,1,4.59407081181,4.59407081181,1,5.89642605139,5.89642605139,1,7.02602499631,7.02602499631
C2_EXPERT,8,MJ3,369,0.159154846028,0.208238383243,0.145057671946,0.978319783198,1.21042222901,1.21633501097,1,1.55356011187,1.55356011187,1,1.85118105173,1.85118105173
C2_EXPERT,8,MJ1,369,0.198315010394,0.283064896254,0.165988388974,0.872628726287,1.01265163897,1.28281740299,0.905149051491,1.29972430761,1.59143159564,0.932249322493,1.54871703537,1.81039157418
C2_EXPERT,9,ATU1,368,0.312297860583,0.394083862902,0.498016332437,1,4.90367776593,4.90367776593,1,6.29380227495,6.29380227495,1,7.49952797173,7.49952797173
C2_EXPERT,9,ATU5,368,0.220958228081,0.281294669516,0.51128866462,1,5.27627464596,5.27627464596,1,6.77202519315,6.77202519315,1,8.06936572562,8.06936572562
C2_EXPERT,9,MJ3,368,0.18606104817,0.243644227474,0.167630118026,0.972826086957,1.38099385369,1.3922418112,1,1.77248642201,1.77248642201,1,2.11204784019,2.11204784019
C2_EXPERT,9,MJ1,368,0.231715539776,0.331069443462,0.193386281018,0.866847826087,1.14906789404,1.49431807641,0.896739130435,1.47481267547,1.87156113604,0.921195652174,1.75734769374,2.16153330114
C2_EXPERT,10,ATU1,367,0.359721015152,0.453806006746,0.563069003657,1,5.50426210076,5.50426210076,1,7.06464392346,7.06464392346,1,8.41804244871,8.41804244871
C2_EXPERT,10,ATU5,367,0.254520952061,0.324309645739,0.581664017397,1,5.98276905873,5.98276905873,1,7.67880095507,7.67880095507,1,9.14985568915,9.14985568915
C2_EXPERT,10,MJ3,367,0.214363685661,0.280945198031,0.191253993253,0.970027247956,1.55666003793,1.57492634913,1,1.99795152857,1.99795152857,1,2.38070608515,2.38070608515
C2_EXPERT,10,MJ1,367,0.266921513309,0.381597913827,0.222265091131,0.863760217984,1.28797435365,1.7180793252,0.888283378747,1.65309718624,2.17221371938,0.91280653951,1.96978679129,2.54780122791
C2_EXPERT,11,ATU1,366,0.409397123825,0.516270970408,0.630632717882,1,6.1214622219,6.1214622219,1,7.85681170283,7.85681170283,1,9.36196857795,9.36196857795
C2_EXPERT,11,ATU5,366,0.289640952017,0.369518244455,0.654837383324,1,6.7135434992,6.7135434992,1,8.61673979515,8.61673979515,1,10.2674787506,10.2674787506
C2_EXPERT,11,MJ3,366,0.243974138689,0.320083385979,0.215943841658,0.967213114754,1.73779413744,1.76455186742,1,2.23043462839,2.23043462839,1,2.65772678485,2.65772678485
C2_EXPERT,11,MJ1,366,0.303782891844,0.434557815698,0.252601114054,0.857923497268,1.42983711414,1.95405081499,0.885245901639,1.83517606811,2.49352205501,0.909836065574,2.18674716087,2.96812437063
C2_EXPERT,12,ATU1,365,0.461035458694,0.581333872295,0.700712821539,1,6.75543548086,6.75543548086,1,8.67050757151,8.67050757151,1,10.3315470078,10.3315470078
C2_EXPERT,12,ATU5,365,0.326354305203,0.416858191416,0.730705053383,1,7.4673770101,7.4673770101,1,9.58427463171,9.58427463171,1,11.4203676171,11.4203676171
C2_EXPERT,12,MJ3,365,0.274883381862,0.361001107862,0.241678770376,0.961643835616,1.92433940034,1.96115890514,1,2.46986288124,2.46986288124,1,2.94302314483,2.94302314483
C2_EXPERT,12,MJ1,365,0.342147285243,0.489854372699,0.284347247201,0.852054794521,1.5748906253,2.20157414253,0.882191780822,2.02135023414,2.83553265774,0.904109589041,2.40858736252,3.42014527843
C2_EXPERT,13,ATU1,364,0.514727562861,0.648855302653,0.773319369619,1,7.40674884192,7.40674884192,1,9.50645922029,9.50645922029,1,11.3276448354,11.3276448354
C2_EXPERT,13,ATU5,364,0.364645693334,0.466280999824,0.809576982006,1,8.24789314062,8.24789314062,1,10.5860562398,10.5860562398,1,12.6140640288,12.6140640288
C2_EXPERT,13,MJ3,364,0.307069875356,0.403640474855,0.268420241443,0.958791208791,2.11596852205,2.16435922849,1,2.71581619622,2.71581619622,1,3.2360945959,3.2360945959
C2_EXPERT,13,MJ1,364,0.382060385561,0.547390805,0.317437902591,0.851648351648,1.72301890704,2.46078655089,0.876373626374,2.21147082548,3.19655619166,0.898351648352,2.63513001994,3.90228749564
C2_EXPERT,14,ATU1,363,0.570395588899,0.718704906968,0.848461840625,1,8.07603144836,8.07603144836,1,10.3654741458,10.3654741458,1,12.3512242522,12.3512242522
C2_EXPERT,14,ATU5,363,0.404215050488,0.517732928977,0.892246427305,1,9.06453287929,9.06453287929,1,11.634201997,11.634201997,1,13.8630067316,13.8630067316
C2_EXPERT,14,MJ3,363,0.340393755964,0.447943057361,0.296124573125,0.95867768595,2.31225098457,2.3737072907,1,2.96774200948,2.96774200948,1,3.53628271762,3.53628271762
C2_EXPERT,14,MJ1,363,0.42334686302,0.60706845874,0.351800230023,0.845730027548,1.87394993271,2.73167229831,0.870523415978,2.40518869971,3.57457755564,0.887052341598,2.86595910433,4.41821449199
C2_EXPERT,15,ATU1,362,0.627696349943,0.790756521664,0.926689244607,0.988950276243,8.77034455908,8.7746491855,1,11.2566153758,11.2566153758,1,13.4130845219,13.4130845219
C2_EXPERT,15,ATU5,362,0.445251257218,0.571151442407,0.97945043632,1,9.92620350638,9.92620350638,1,12.7401442738,12.7401442738,1,15.1808182353,15.1808182353
C2_EXPERT,15,MJ3,362,0.374960285416,0.493850122371,0.324790038937,0.955801104972,2.51346370531,2.58959382025,1,3.22599574067,3.22599574067,1,3.8440110186,3.8440110186
C2_EXPERT,15,MJ1,362,0.466086312822,0.668787346859,0.387358006527,0.842541436464,2.02757971722,3.0135456295,0.864640883978,2.60237039342,3.96956719514,0.881215469613,3.10091558419,4.95929954024
C2_EXPERT,16,ATU1,361,0.686791915986,0.864880865691,1.00920741215,0.980609418283,9.50474128346,9.51773399977,1,12.199203367,12.199203367,1,14.5362473886,14.5362473886
C2_EXPERT,16,ATU5,361,0.487649017758,0.626468318484,1.07159666141,1,10.838149593,10.838149593,1,13.9106144042,13.9106144042,1,16.5755194191,16.5755194191
C2_EXPERT,16,MJ3,361,0.410527176946,0.541302505227,0.354410746043,0.952908587258,2.71979531998,2.81183763816,0.994459833795,3.49081950107,3.49187725926,1,4.15956799227,4.15956799227
C2_EXPERT,16,MJ1,361,0.51011878145,0.73244637325,0.424029337889,0.836565096953,2.18364052109,3.3066231699,0.861495844875,2.80267226669,4.38258059149,0.880886426593,3.33958998732,5.52756146767
C2_EXPERT,17,ATU1,360,0.747464333822,0.940931346346,1.09641999893,0.969444444444,10.2850872993,10.3110497438,1,13.2007666353,13.2007666353,1,15.7296836323,15.7296836323
C2_EXPERT,17,ATU5,360,0.531192757283,0.68360519737,1.16843418036,1,11.7972107457,11.7972107457,1,15.1415560674,15.1415560674,1,18.0422768784,18.0422768784
C2_EXPERT,17,MJ3,360,0.447180546793,0.590241077708,0.384982590816,0.952777777778,2.9315050642,3.04066475402,0.986111111111,3.76254601604,3.76837389167,1,4.4833501053,4.4833501053
C2_EXPERT,17,MJ1,360,0.555142359964,0.797943667418,0.461740590578,0.833333333333,2.34220631911,3.60985580273,0.855555555556,3.00618926513,4.81141192217,0.875,3.58209544839,6.11833743095
C2_EXPERT,18,ATU1,359,0.809529050377,1.01875241145,1.18872066694,0.963788300836,11.1174209313,11.1574665121,1,14.2690552865,14.2690552865,1,17.0026280738,17.0026280738
C2_EXPERT,18,ATU5,359,0.575950592733,0.742486333281,1.26973944176,1,12.8009737383,12.8009737383,1,16.4298719209,16.4298719209,1,19.5773999023,19.5773999023
C2_EXPERT,18,MJ3,359,0.484938391615,0.640606675525,0.416480469593,0.949860724234,3.14857101433,3.27641663392,0.983286908078,4.04114714684,4.05352800296,1,4.81532382837,4.81532382837
C2_EXPERT,18,MJ1,359,0.601406630119,0.865177105421,0.500419674788,0.827298050139,2.50311851147,3.92236992181,0.852367688022,3.21271782812,5.25751398231,0.871866295265,3.82818940995,6.73170897863
C2_EXPERT,19,ATU1,358,0.872989367841,1.09818748218,1.28702088727,0.963687150838,12.0141287317,12.0674386032,1,15.4199672884,15.4199672884,1,18.37402431,18.37402431
C2_EXPERT,19,ATU5,358,0.621846576687,0.803044204724,1.37546425913,1,13.849185124,13.849185124,1,17.7752366694,17.7752366694,1,21.1805008773,21.1805008773
C2_EXPERT,19,MJ3,358,0.523533630154,0.692340623607,0.448883810187,0.946927374302,3.37107804636,3.51852212592,0.977653631285,4.32673183067,4.34767113683,1,5.15561896811,5.15561896811
C2_EXPERT,19,MJ1,358,0.648579111051,0.934044608008,0.53999606964,0.826815642458,2.66600774331,4.24377003957,0.846368715084,3.4217838938,5.71904234582,0.865921787709,4.07730699246,7.3736956222
C2_EXPERT,20,ATU1,357,0.93771364476,1.17908479724,1.39156004539,0.957983193277,12.9797885473,13.042994643,1,16.6593782436,16.6593782436,1,19.8508735533,19.8508735533
C2_EXPERT,20,ATU5,357,0.668793927686,0.865231848591,1.48552648612,1,14.9412762995,14.9412762995,1,19.1769205183,19.1769205183,1,22.8507101996,22.8507101996
C2_EXPERT,20,MJ3,357,0.563121585793,0.745384275413,0.482162486243,0.946778711485,3.59892737146,3.76725151699,0.977591036415,4.61917327343,4.65003572911,1,5.50408444005,5.50408444005
C2_EXPERT,20,MJ1,357,0.696712911881,1.00444483484,0.580432194458,0.820728291317,2.83068871169,4.57420748049,0.843137254902,3.63314962845,6.19541601478,0.859943977591,4.32916479955,8.04341775507
C2_EXPERT,21,ATU1,356,1.00330415097,1.26128757976,1.50203192857,0.960674157303,14.0121938766,14.079569891,1,17.9844561383,17.9844561383,1,21.429801251,21.429801251
C2_EXPERT,21,ATU5,356,0.71671580782,0.929001209967,1.59971279042,1,16.0752320837,16.0752320837,1,20.6323370108,20.6323370108,1,24.5849459158,24.5849459158
C2_EXPERT,21,MJ3,356,0.603629086361,0.799679842149,0.516228307861,0.943820224719,3.83076083849,4.02134922862,0.974719101124,4.91672830698,4.95935120131,1,5.85864313125,5.85864313125
C2_EXPERT,21,MJ1,356,0.74534819419,1.07627723685,0.621761325402,0.820224719101,2.99708715708,4.91274566653,0.839887640449,3.84671972097,6.68542860088,0.856741573034,4.58364926105,8.73873813069
C2_EXPERT,22,ATU1,355,1.07016149188,1.34464293033,1.61704467139,0.957746478873,15.0942429291,15.1614542175,1,19.3732510618,19.3732510618,1,23.0846524715,23.0846524715
C2_EXPERT,22,ATU5,355,0.765678062663,0.994295528677,1.71791588105,1,17.2497172301,17.2497172301,1,22.1397723765,22.1397723765,1,26.3811659425,26.3811659425
C2_EXPERT,22,MJ3,355,0.645010173672,0.855170069278,0.551095968906,0.943661971831,4.0671736587,4.28095408454,0.971830985915,5.22016087671,5.27581599334,1,6.22020533877,6.22020533877
C2_EXPERT,22,MJ1,355,0.79499983822,1.14944314684,0.663901123053,0.814084507042,3.16479517879,5.25968088569,0.83661971831,4.06197063649,7.19074651395,0.853521126761,4.8401365467,9.45150305915
C2_EXPERT,23,ATU1,354,1.1378483692,1.4289927322,1.73525748262,0.960451977401,16.2094869492,16.2755911015,1,20.8046512652,20.8046512652,1,24.7902710141,24.7902710141
C2_EXPERT,23,ATU5,354,0.815449902148,1.06105875417,1.83971186253,1,18.4598337805,18.4598337805,1,23.692940154,23.692940154,1,28.2318794991,28.2318794991
C2_EXPERT,23,MJ3,354,0.687097894031,0.911798475457,0.586771298777,0.940677966102,4.30877570348,4.54719269413,0.968926553672,5.53025374409,5.59979380372,1,6.58970378043,6.58970378043
C2_EXPERT,23,MJ1,354,0.845130584913,1.22384571781,0.706787290273,0.813559322034,3.3337252539,5.61303429349,0.833333333333,4.27879004058,7.70586418795,0.850282485876,5.09849280175,10.1891865445
C2_EXPERT,24,ATU1,353,1.20626931029,1.51418914047,1.85603783506,0.963172804533,17.3503725075,17.4143381864,1,22.2689620263,22.2689620263,1,26.5351049051,26.5351049051
C2_EXPERT,24,ATU5,353,0.866059915679,1.12924269068,1.96474795159,1,19.7016132425,19.7016132425,1,25.2867468387,25.2867468387,1,30.1310173003,30.1310173003
C2_EXPERT,24,MJ3,353,0.729984670318,0.969509849533,0.623240737919,0.937677053824,4.55586898038,4.81918973158,0.968838526912,5.84739453158,5.93259710768,1,6.96760033689,6.96760033689
C2_EXPERT,24,MJ1,353,0.895546696594,1.29939063083,0.750352555216,0.807365439093,3.50355523395,5.97355535114,0.830028328612,4.49676446015,8.23408890463,0.844192634561,5.35822534264,10.9397066153
C2_EXPERT,25,ATU1,352,1.27544504679,1.60009610692,1.97893187127,0.957386363636,18.5119228447,18.5762313573,1,23.7597957442,23.7597957442,1,28.3115428483,28.3115428483
C2_EXPERT,25,ATU5,352,0.91759663093,1.19880063127,2.09274531045,0.991477272727,20.972015457,20.972772893,1,26.9172904285,26.9172904285,1,32.0739298238,32.0739298238
C2_EXPERT,25,MJ3,352,0.773712737457,1.02824961251,0.660478429673,0.940340909091,4.80858392182,5.09828590143,0.965909090909,6.17175064738,6.27310330332,1,7.35409448733,7.35409448733
C2_EXPERT,25,MJ1,352,0.946753569448,1.3759864043,0.794516704757,0.809659090909,3.67389064423,6.33866774069,0.823863636364,4.7153875924,8.76856629407,0.84375,5.61873087235,11.7136082087
C2_EXPERT,26,ATU1,351,1.34530839079,1.68658228585,2.10332003438,0.957264957265,19.6875291487,19.7542569642,1,25.2686701,25.2686701,1,30.1094775376,30.1094775376
C2_EXPERT,26,ATU5,351,0.969841855995,1.26968676323,2.22329371805,0.985754985755,22.2665237205,22.2714130744,1,28.5787737973,28.5787737973,1,34.0537093679,34.0537093679
C2_EXPERT,26,MJ3,351,0.818090065501,1.08796498776,0.698462629275,0.937321937322,5.06702935564,5.38332977129,0.965811965812,6.50346177054,6.62152710591,1,7.74935266958,7.74935266958
C2_EXPERT,26,MJ1,351,0.998002566566,1.45354503241,0.839242120981,0.803418803419,3.84470437047,6.7091152811,0.823361823362,4.93462463653,9.31447670803,0.840455840456,5.87996792319,12.4933598204
C2_EXPERT,27,ATU1,350,1.41572135803,1.77349101414,2.22854513263,0.948571428571,20.8702202797,20.9468383476,1,26.7866377329,26.7866377329,1,31.9182475347,31.9182475347
C2_EXPERT,27,ATU5,350,1.02302464511,1.34184354453,2.35564547953,0.98,23.5769091713,23.5884170194,1,30.2606353153,30.2606353153,1,36.0577709745,36.0577709745
C2_EXPERT,27,MJ3,350,0.863247353347,1.14860478165,0.737149530135,0.937142857143,5.3309844316,5.6750823354,0.962857142857,6.84224444282,6.977933567,1,8.15303712234,8.15303712234
C2_EXPERT,27,MJ1,350,1.04966916684,1.53198222225,0.88450302882,0.802857142857,4.01611683365,7.08325130181,0.817142857143,5.15463015122,9.86082373395,0.837142857143,6.14212066318,13.2926033573
C2_EXPERT,28,ATU1,349,1.48611514407,1.86062170306,2.35649638593,0.948424068768,22.0809396895,22.172762383,1,28.3405792723,28.3405792723,1,33.7698830853,33.7698830853
C2_EXPERT,28,ATU5,349,1.07680371935,1.41519413001,2.49035674828,0.977077363897,24.9092333349,24.9292388803,1,31.9706548664,31.9706548664,1,38.095384947,38.095384947
C2_EXPERT,28,MJ3,349,0.909069816798,1.21012046594,0.776577587909,0.936962750716,5.60151734933,5.97272741475,0.962750716332,7.18946968362,7.34202510399,1,8.56678151597,8.56678151597
C2_EXPERT,28,MJ1,349,1.10159970896,1.61121734993,0.930370982525,0.799426934097,4.18925138521,7.46230791012,0.819484240688,5.3768459424,10.4175361763,0.833810888252,6.40690711006,14.0962377944
C2_EXPERT,29,ATU1,348,1.55732898628,1.94787835774,2.48640771728,0.945402298851,23.3115657861,23.4199221541,1,29.9200707675,29.9200707675,1,35.6519632861,35.6519632861
C2_EXPERT,29,ATU5,348,1.13122713378,1.4896920136,2.62746617674,0.974137931034,26.263959309,26.2943577905,1,33.7094268299,33.7094268299,1,40.1672595321,40.1672595321
C2_EXPERT,29,MJ3,348,0.955553516919,1.27246223563,0.816710935135,0.933908045977,5.87864217188,6.27780428218,0.959770114943,7.54515554266,7.71535198419,1,8.99060735804,8.99060735804
C2_EXPERT,29,MJ1,348,1.15358890952,1.69117551877,0.976576527238,0.798850574713,4.36249496399,7.84633304646,0.818965517241,5.59920166851,10.973108405,0.830459770115,6.67186029969,14.9027945091
C2_EXPERT,30,ATU1,347,1.62909256918,2.03511676139,2.61788204734,0.945244956772,24.5581320061,24.6871420765,1,31.5200211895,31.5200211895,1,37.5584218018,37.5584218018
C2_EXPERT,30,ATU5,347,1.18645465791,1.56527831878,2.76682764498,0.971181556196,27.6396936986,27.6831377248,1,35.4751628028,35.4751628028,1,42.2712637161,42.2712637161
C2_EXPERT,30,MJ3,347,1.00263052585,1.33558259509,0.857481398894,0.933717579251,6.16149332019,6.58794572654,0.962536023055,7.90819106123,8.09551483846,1,9.4231908596,9.4231908596
C2_EXPERT,30,MJ1,347,1.205408559,1.77178722249,1.02300448594,0.798270893372,4.5347775374,8.23110655895,0.812680115274,5.82032395758,11.5373422879,0.827089337176,6.93534375844,15.7066411179
C2_EXPERT_seed0,1,ATU1,376,0.0242391208265,0.0315691927834,0.0474557004218,1,0.491620525878,0.491620525878,1,0.630988113795,0.630988113795,1,0.751868711871,0.751868711871
C2_EXPERT_seed0,1,ATU5,376,0.0186569453068,0.0325148758216,0.0403133466648,1,0.422070210542,0.422070210542,1,0.541721250477,0.541721250477,1,0.645500683586,0.645500683586
C2_EXPERT_seed0,1,MJ3,376,0.0139984458764,0.0182432864512,0.0147593205313,1,0.136421805358,0.136421805358,1,0.175095491567,0.175095491567,1,0.208639146794,0.208639146794
C2_EXPERT_seed0,1,MJ1,376,0.0174652868075,0.0248542835443,0.0158200889485,0.933510638298,0.119239071274,0.125934616492,0.978723404255,0.153041691129,0.154896271613,1,0.182360422733,0.182360422733
C2_EXPERT_seed0,2,ATU1,375,0.0511141283171,0.0658387164119,0.0964988765279,1,0.993532340247,0.993532340247,1,1.27518495337,1.27518495337,1,1.51947659128,1.51947659128
C2_EXPERT_seed0,2,ATU5,375,0.039087278125,0.0644379373899,0.0822491292585,1,0.858082365908,0.858082365908,1,1.10133679341,1.10133679341,1,1.31232373177,1.31232373177
C2_EXPERT_seed0,2,MJ3,375,0.0297694805803,0.0388087477545,0.0300316406728,1,0.271687885618,0.271687885618,1,0.348707626032,0.348707626032,1,0.41551076458,0.41551076458
C2_EXPERT_seed0,2,MJ1,375,0.037140660182,0.0528544289458,0.0327958322273,0.917333333333,0.237330530546,0.257778336078,0.973333333333,0.304610438199,0.313501656105,1,0.362965724367,0.362965724367
C2_EXPERT_seed0,3,ATU1,374,0.0805558020171,0.102834262705,0.146644379814,1,1.49953979349,1.49953979349,1,1.92463848853,1.92463848853,1,2.29334820981,2.29334820981
C2_EXPERT_seed0,3,ATU5,374,0.0608210848322,0.0920624387293,0.12558299358,1,1.30596739004,1.30596739004,1,1.67619099842,1.67619099842,1,1.99730476578,1.99730476578
C2_EXPERT_seed0,3,MJ3,374,0.0472788746631,0.0616518532617,0.04611056554,1,0.409246739822,0.409246739822,1,0.525262503993,0.525262503993,1,0.625888877519,0.625888877519
C2_EXPERT_seed0,3,MJ1,374,0.0589475249461,0.0839371826333,0.0511165822261,0.906417112299,0.356363231995,0.39857650492,0.954545454545,0.457387256525,0.480600237152,0.983957219251,0.545010531689,0.55083749501
C2_EXPERT_seed0,4,ATU1,373,0.112448837247,0.142751172842,0.197700001023,1,2.00676307707,2.00676307707,1,2.57565252503,2.57565252503,1,3.06907928038,3.06907928038
C2_EXPERT_seed0,4,ATU5,373,0.0833841529456,0.115276663154,0.170030641667,1,1.76249562524,1.76249562524,1,2.26213864475,2.26213864475,1,2.69550445043,2.69550445043
C2_EXPERT_seed0,4,MJ3,373,0.066478192057,0.0867242669287,0.0630694657269,1,0.549804575052,0.549804575052,1,0.705666532431,0.705666532431,1,0.840853536143,0.840853536143
C2_EXPERT_seed0,4,MJ1,373,0.0828611811173,0.11803420374,0.0708763128517,0.895442359249,0.477205051357,0.549987860964,0.941018766756,0.612486052553,0.663024150399,0.97855227882,0.729822146097,0.752423910158
C2_EXPERT_seed0,5,ATU1,372,0.14702473561,0.186183164869,0.249689304559,1,2.51468362174,2.51468362174,1,3.22756148645,3.22756148645,1,3.84587671978,3.84587671978
C2_EXPERT_seed0,5,ATU5,372,0.10696792349,0.139402476756,0.215409270484,1,2.2246406433,2.2246406433,1,2.85529535384,2.85529535384,1,3.40229426318,3.40229426318
C2_EXPERT_seed0,5,MJ3,372,0.0873104484082,0.113974716158,0.0809779426933,1,0.694140887106,0.694140887106,1,0.890920183369,0.890920183369,1,1.0615968764,1.0615968764
C2_EXPERT_seed0,5,MJ1,372,0.108837063884,0.155072841041,0.0921435753241,0.889784946237,0.60061548124,0.712823261635,0.924731182796,0.770881624494,0.863658660482,0.970430107527,0.9185621113,0.970579026681
C2_EXPERT_seed0,6,ATU1,371,0.184338874225,0.23318495717,0.302773415676,1,3.02446372763,3.02446372763,1,3.88185716886,3.88185716886,1,4.62551811263,4.62551811263
C2_EXPERT_seed0,6,ATU5,371,0.132555102456,0.169653350682,0.262145235594,1,2.69567214141,2.69567214141,1,3.45985773658,3.45985773658,1,4.12267477435,4.12267477435
C2_EXPERT_seed0,6,MJ3,371,0.10974498779,0.143349567845,0.0998491699027,0.986522911051,0.842319913722,0.843700144147,1,1.08110590505,1.08110590505,1,1.28821714143,1.28821714143
C2_EXPERT_seed0,6,MJ1,371,0.136729757807,0.194976345066,0.114937239071,0.881401617251,0.726597361061,0.887401263563,0.916442048518,0.932577616701,1.08431110254,0.951482479784,1.11123476981,1.21715939394
C2_EXPERT_seed0,7,ATU1,370,0.224319440805,0.283556602986,0.357045820649,1,3.53671230419,3.53671230419,1,4.53932109907,4.53932109907,1,5.4089347056,5.4089347056
C2_EXPERT_seed0,7,ATU5,370,0.160291382804,0.204372328439,0.310525008327,1,3.17859212212,3.17859212212,1,4.07967882154,4.07967882154,1,4.86123715065,4.86123715065
C2_EXPERT_seed0,7,MJ3,370,0.133726175271,0.174793135782,0.119685487074,0.978378378378,0.99430078257,0.998869239579,1,1.27617123841,1.27617123841,1,1.52065182239,1.52065182239
C2_EXPERT_seed0,7,MJ1,370,0.166579401599,0.237664329696,0.139256289879,0.872972972973,0.854917834482,1.07401631342,0.908108108108,1.0972751613,1.32551154995,0.937837837838,1.3074839986,1.50058017281
C2_EXPERT_seed0,8,ATU1,369,0.266910575081,0.337128529003,0.41263656735,1,4.05256270986,4.05256270986,1,5.20140792691,5.20140792691,1,6.19785982084,6.19785982084
C2_EXPERT_seed0,8,ATU5,369,0.190032432479,0.242156421025,0.360548368328,1,3.67345258322,3.67345258322,1,4.71482534717,4.71482534717,1,5.61806091584,5.61806091584
C2_EXPERT_seed0,8,MJ3,369,0.159176183176,0.208248424699,0.140491335719,0.972899728997,1.15012524241,1.15953309035,1,1.4761697674,1.4761697674,1,1.75896476852,1.75896476852
C2_EXPERT_seed0,8,MJ1,369,0.19831454737,0.283052872346,0.165094092895,0.867208672087,0.985411230136,1.27247509101,0.89972899729,1.26476162139,1.58779878477,0.926829268293,1.50705642516,1.82102058426
C2_EXPERT_seed0,9,ATU1,368,0.311872904177,0.393783307858,0.469765869672,1,4.57426321947,4.57426321947,1,5.87100328185,5.87100328185,1,6.99573189796,6.99573189796
C2_EXPERT_seed0,9,ATU5,368,0.221675703215,0.282563590321,0.412304870468,1,4.18114364918,4.18114364918,1,5.36643977586,5.36643977586,1,6.39450739783,6.39450739783
C2_EXPERT_seed0,9,MJ3,368,0.186089507414,0.243657661299,0.162270127676,0.970108695652,1.30987688582,1.3257532066,1,1.68120878193,1.68120878193,1,2.00328382361,2.00328382361
C2_EXPERT_seed0,9,MJ1,368,0.231716253742,0.331054983231,0.192436722094,0.864130434783,1.11802518885,1.48343656336,0.891304347826,1.4349697947,1.87081363788,0.915760869565,1.70987197307,2.18115559515
C2_EXPERT_seed0,10,ATU1,367,0.35924428659,0.453397321318,0.528590600834,1,5.10349083455,5.10349083455,1,6.55025957207,6.55025957207,1,7.8051156895,7.8051156895
C2_EXPERT_seed0,10,ATU5,367,0.255071055188,0.325397095358,0.465924029888,1,4.70298946363,4.70298946363,1,6.03622162755,6.03622162755,1,7.19260169954,7.19260169954
C2_EXPERT_seed0,10,MJ3,367,0.214395418835,0.280962496672,0.185029439627,0.964577656676,1.47376443529,1.49768852069,1,1.89155617443,1.89155617443,1,2.25392820119,2.25392820119
C2_EXPERT_seed0,10,MJ1,367,0.266919991392,0.381580816285,0.221267650257,0.861035422343,1.25296650618,1.70668801131,0.885558583106,1.60816510046,2.1748339634,0.904632152589,1.91624690881,2.57824866385
C2_EXPERT_seed0,11,ATU1,366,0.408954787395,0.515805096426,0.589297845882,1,5.64236533555,5.64236533555,1,7.24189750635,7.24189750635,1,8.62925311991,8.62925311991
C2_EXPERT_seed0,11,ATU5,366,0.290110161652,0.370518106639,0.521503952028,1,5.24001997087,5.24001997087,1,6.72549282145,6.72549282145,1,8.01391898485,8.01391898485
C2_EXPERT_seed0,11,MJ3,366,0.244016308677,0.320105103604,0.208782599504,0.96174863388,1.64215459386,1.67573273537,1,2.10768260314,2.10768260314,1,2.51145872515,2.51145872515
C2_EXPERT_seed0,11,MJ1,366,0.303779165914,0.434537913958,0.251561044148,0.857923497268,1.39065948982,1.94182709261,0.879781420765,1.78489213168,2.50050328603,0.901639344262,2.12683015501,3.01156380299
C2_EXPERT_seed0,12,ATU1,365,0.460599141543,0.580847955638,0.652051464402,1,6.19279502177,6.19279502177,1,7.94836636027,7.94836636027,1,9.47106268108,9.47106268108
C2_EXPERT_seed0,12,ATU5,365,0.326771144769,0.417848317622,0.579161537142,1,5.79347029682,5.79347029682,1,7.4358386245,7.4358386245,1,8.86034821584,8.86034821584
C2_EXPERT_seed0,12,MJ3,365,0.274936089549,0.361027874548,0.233519070639,0.958904109589,1.81510493611,1.85967389218,1,2.32966196424,2.32966196424,1,2.77596344821,2.77596344821
C2_EXPERT_seed0,12,MJ1,365,0.342142383103,0.489831480015,0.283269779122,0.852054794521,1.53131777055,2.18930844106,0.87397260274,1.96542508052,2.84679864705,0.895890410959,2.34194843178,3.47885712082
C2_EXPERT_seed0,13,ATU1,364,0.51432718555,0.648375615613,0.71702149676,0.997252747253,6.75717298064,6.75725398893,1,8.67273762833,8.67273762833,1,10.3342042844,10.3342042844
C2_EXPERT_seed0,13,ATU5,364,0.365021276678,0.467348747786,0.639366149708,1,6.36878361863,6.36878361863,1,8.17424527893,8.17424527893,1,9.74021401357,9.74021401357
C2_EXPERT_seed0,13,MJ3,364,0.307126846791,0.403672954835,0.259209220923,0.958791208791,1.99240099224,2.04953459895,1,2.55721898871,2.55721898871,1,3.0471143671,3.0471143671
C2_EXPERT_seed0,13,MJ1,364,0.382053225523,0.547364775895,0.31632989018,0.846153846154,1.67482207063,2.44799481068,0.870879120879,2.14961085565,3.21178546092,0.89010989011,2.56141931952,3.9812947473
C2_EXPERT_seed0,14,ATU1,363,0.570068137046,0.718242793452,0.783944544814,0.986225895317,7.33309473395,7.3389100013,1,9.41192519615,9.41192519615,1,11.2150005978,11.2150005978
C2_EXPERT_seed0,14,ATU5,363,0.404637896338,0.51895604042,0.702728246503,1,6.97331148464,6.97331148464,1,8.95014839493,8.95014839493,1,10.664759601,10.664759601
C2_EXPERT_seed0,14,MJ3,363,0.340463781919,0.44798193201,0.285809266375,0.955922865014,2.17361603309,2.24460817364,1,2.78980597562,2.78980597562,1,3.32425885591,3.32425885591
C2_EXPERT_seed0,14,MJ1,363,0.423334818848,0.607039037825,0.350667562441,0.842975206612,1.82086070801,2.71888781534,0.867768595041,2.33704941749,3.59662818487,0.884297520661,2.78476614169,4.51662884866
C2_EXPERT_seed0,15,ATU1,362,0.627328974874,0.790310271069,0.853207574664,0.975138121547,7.92579749718,7.94184646226,1,10.172650957,10.172650957,1,12.1214612512,12.1214612512
C2_EXPERT_seed0,15,ATU5,362,0.445712056733,0.57258558487,0.769668889891,1,7.61222200274,7.61222200274,1,9.77018116712,9.77018116712,1,11.6418889172,11.6418889172
C2_EXPERT_seed0,15,MJ3,362,0.37503756767,0.49389596395,0.313311722394,0.953038674033,2.35896157151,2.44488437094,0.988950276243,3.02769439877,3.0303239782,1,3.60772039564,3.60772039564
C2_EXPERT_seed0,15,MJ1,362,0.466072680493,0.668754312616,0.386213089675,0.837016574586,1.96933592658,3.00104546787,0.861878453039,2.52761529743,3.99904660162,0.881215469613,3.01183939322,5.08359397942
C2_EXPERT_seed0,16,ATU1,361,0.686285814006,0.864431272758,0.9262290493,0.961218836565,8.5524574492,8.58587804985,1,10.9769602979,10.9769602979,1,13.0798549434,13.0798549434
C2_EXPERT_seed0,16,ATU5,361,0.488196591844,0.628137647162,0.840484758927,1,8.28904548327,8.28904548327,1,10.6388746998,10.6388746998,1,12.6770011057,12.6770011057
C2_EXPERT_seed0,16,MJ3,361,0.410621487467,0.541356052654,0.34170442619,0.952908587258,2.54855745645,2.65072102888,0.983379501385,3.27103808261,3.27845114908,1,3.8976822794,3.8976822794
C2_EXPERT_seed0,16,MJ1,361,0.510100751309,0.732409572241,0.422891882753,0.83379501385,2.11999539018,3.29424227421,0.858725761773,2.72098462552,4.41915896701,0.875346260388,3.24225315926,5.67727442164
C2_EXPERT_seed0,17,ATU1,360,0.746943985273,0.940453259632,1.00424658475,0.955555555556,9.2283702441,9.28138620627,1,11.8444849782,11.8444849782,1,14.1135743584,14.1135743584
C2_EXPERT_seed0,17,ATU5,360,0.531774698564,0.685492999611,0.915309838467,1,9.00537390812,9.00537390812,1,11.5582722795,11.5582722795,1,13.7725308928,13.7725308928
C2_EXPERT_seed0,17,MJ3,360,0.447286378965,0.590303131549,0.370975527822,0.95,2.74259440396,2.86193195394,0.980555555556,3.52008180856,3.53387245436,1,4.19443618227,4.19443618227
C2_EXPERT_seed0,17,MJ1,360,0.555122867592,0.797902867766,0.460635548697,0.830555555556,2.27290080087,3.59764499759,0.85,2.91723659548,4.85840911071,0.872222222222,3.47610180495,6.29795398494
C2_EXPERT_seed0,18,ATU1,359,0.80878154168,1.01822420634,1.08713107054,0.952646239554,9.95392825969,10.0270988226,1,12.7757286094,12.7757286094,1,15.2232195865,15.2232195865
C2_EXPERT_seed0,18,ATU5,359,0.576586456799,0.744540074102,0.994240019713,1,9.76236949121,9.76236949121,1,12.5298655918,12.5298655918,1,14.9302557314,14.9302557314
C2_EXPERT_seed0,18,MJ3,359,0.485064091233,0.64067803774,0.401095059906,0.949860724234,2.94101459161,3.07816655519,0.980501392758,3.77475136232,3.79565956088,1,4.49789367243,4.49789367243
C2_EXPERT_seed0,18,MJ1,359,0.601386657698,0.865132281468,0.499374173008,0.827298050139,2.42788536632,3.91097189514,0.846796657382,3.1161571317,5.3151945641,0.866295264624,3.71313024346,6.95221660514
C2_EXPERT_seed0,19,ATU1,358,0.872286399264,1.09759932232,1.17534838762,0.949720670391,10.7363789777,10.8283634081,1,13.7799932337,13.7799932337,1,16.4198746944,16.4198746944
C2_EXPERT_seed0,19,ATU5,358,0.622504269052,0.805190697985,1.07724795859,1,10.5599838142,10.5599838142,1,13.5535924924,13.5535924924,1,16.150101572,16.150101572
C2_EXPERT_seed0,19,MJ3,358,0.523676377687,0.692421958376,0.432034927534,0.946927374302,3.14383890335,3.30007476944,0.977653631285,4.03507354816,4.06412543828,1,4.80808668916,4.80808668916
C2_EXPERT_seed0,19,MJ1,358,0.648553892508,0.933995820085,0.539040308723,0.824022346369,2.58457221071,4.23285730497,0.843575418994,3.31726251928,5.78764910734,0.86312849162,3.95276209295,7.63410406992
C2_EXPERT_seed0,20,ATU1,357,0.936813105482,1.17844865989,1.26941145045,0.946778711485,11.5834758048,11.6906387445,1,14.8672302407,14.8672302407,1,17.7153974945,17.7153974945
C2_EXPERT_seed0,20,ATU5,357,0.669511462982,0.867425816665,1.16440913251,1,11.3993923461,11.3993923461,1,14.6309616793,14.6309616793,1,17.433866139,17.433866139
C2_EXPERT_seed0,20,MJ3,357,0.56327235616,0.745476155022,0.463758260923,0.943977591036,3.35093401928,3.52644131921,0.974789915966,4.30087725182,4.33824605699,1,5.12481133723,5.12481133723
C2_EXPERT_seed0,20,MJ1,357,0.696686381759,1.00439221736,0.579560478741,0.820728291317,2.74247983745,4.56425628844,0.840336134454,3.51993476404,6.27482145892,0.857142857143,4.19426096791,8.34256786569
C2_EXPERT_seed0,21,ATU1,356,1.00239783208,1.26063098191,1.36937644978,0.949438202247,12.4970920562,12.6136313727,1,16.0398440044,16.0398440044,1,19.1126529748,19.1126529748
C2_EXPERT_seed0,21,ATU5,356,0.717449331001,0.93123973075,1.25587291984,1,12.2826626217,12.2826626217,1,15.7646268048,15.7646268048,1,18.7847114545,18.7847114545
C2_EXPERT_seed0,21,MJ3,356,0.603801546069,0.79978285705,0.496178466364,0.943820224719,3.56100914463,3.75695466385,0.974719101124,4.57050575617,4.61650666391,1,5.44609351644,5.44609351644
C2_EXPERT_seed0,21,MJ1,356,0.745316356569,1.07622097764,0.620930182906,0.817415730337,2.90120777962,4.90288346189,0.837078651685,3.72365987226,6.77742163169,0.856741573034,4.43701440707,9.07686231925
C2_EXPERT_seed0,22,ATU1,355,1.06928499069,1.34399408857,1.4738704665,0.949295774648,13.4603712054,13.5820458451,1,17.2761994074,17.2761994074,1,20.5858613031,20.5858613031
C2_EXPERT_seed0,22,ATU5,355,0.766450836909,0.996603198791,1.35145458768,1,13.2076154893,13.2076154893,1,16.9517909579,16.9517909579,1,20.1993047932,20.1993047932
C2_EXPERT_seed0,22,MJ3,355,0.645191580196,0.85528495989,0.5293014534,0.940845070423,3.77456638901,3.99107218749,0.971830985915,4.84460351191,4.89985488951,1,5.77270113714,5.77270113714
C2_EXPERT_seed0,22,MJ1,355,0.794964506324,1.14938358867,0.663108806878,0.814084507042,3.06056308075,5.25108648943,0.83661971831,3.92819018699,7.29328625115,0.850704225352,4.68072730896,9.83660642258
C2_EXPERT_seed0,23,ATU1,354,1.13690339457,1.42838177753,1.58153570028,0.943502824859,14.4567019308,14.5846391305,1,18.5549760493,18.5549760493,1,22.1096176552,22.1096176552
C2_EXPERT_seed0,23,ATU5,354,0.816491243235,1.06347949032,1.45083844183,0.991525423729,14.170548527,14.1712551686,1,18.1877021316,18.1877021316,1,21.6719837896,21.6719837896
C2_EXPERT_seed0,23,MJ3,354,0.687296494001,0.911926049127,0.563133310362,0.940677966102,3.99223482652,4.22987543766,0.968926553672,5.1239779269,5.18770406765,1,6.10559628513,6.10559628513
C2_EXPERT_seed0,23,MJ1,354,0.845092259591,1.22378318937,0.706056517169,0.80790960452,3.22056130821,5.6052406635,0.830508474576,4.13354568872,7.82444233969,0.850282485876,4.92542348182,10.6164169243
C2_EXPERT_seed0,24,ATU1,353,1.20556896853,1.51363979209,1.69173711841,0.937677053824,15.4785918463,15.6124020881,1,19.8665575564,19.8665575564,1,23.6724634152,23.6724634152
C2_EXPERT_seed0,24,ATU5,353,0.8672239882,1.13182900511,1.55386035981,0.985835694051,15.1695425711,15.1747288541,1,19.4698971061,19.4698971061,1,23.1998133362,23.1998133362
C2_EXPERT_seed0,24,MJ3,353,0.730201475306,0.969650856581,0.597660486762,0.937677053824,4.21435360951,4.47311968996,0.968838526912,5.40906429848,5.482528136,1,6.44529764921,6.44529764921
C2_EXPERT_seed0,24,MJ1,353,0.895506552171,1.29932552282,0.749717317787,0.807365439093,3.38094629738,5.9683199655,0.830028328612,4.33939759373,8.36601217847,0.844192634561,5.17071115567,11.4246349384
C2_EXPERT_seed0,25,ATU1,352,1.27485128951,1.59961429642,1.80408327318,0.931818181818,16.5217636194,16.6631870605,1,21.2054540321,21.2054540321,1,25.2678569678,25.2678569678
C2_EXPERT_seed0,25,ATU5,352,0.918974570135,1.20160395399,1.66036810161,0.980113636364,16.2028963394,16.214811926,1,20.7961923091,20.7961923091,1,24.7801915462,24.7801915462
C2_EXPERT_seed0,25,MJ3,352,0.773949763448,1.02840476583,0.632860209015,0.9375,4.44111403545,4.72161827654,0.96875,5.7001081543,5.78182594475,1,6.7920977936,6.7920977936
C2_EXPERT_seed0,25,MJ1,352,0.946709031182,1.37591908357,0.794048540615,0.801136363636,3.54157675049,6.33596140365,0.823863636364,4.54556454831,8.92186129137,0.840909090909,5.41637423422,12.2469974692
C2_EXPERT_seed0,26,ATU1,351,1.34475006181,1.68614907449,1.91835229124,0.931623931624,17.5839434388,17.7366210458,1,22.5687470712,22.5687470712,1,26.8923208187,26.8923208187
C2_EXPERT_seed0,26,ATU5,351,0.971597807319,1.2727424214,1.77029751869,0.977207977208,17.2698761055,17.2906230773,1,22.1656460129,22.1656460129,1,26.411996282,26.411996282
C2_EXPERT_seed0,26,MJ3,351,0.818339202958,1.08813502791,0.668713881748,0.937321937322,4.67270196366,4.974516554,0.965811965812,5.99734804219,6.08729633385,1,7.14628096558,7.14628096558
C2_EXPERT_seed0,26,MJ1,351,0.997955691375,1.45347599884,0.83900057743,0.80056980057,3.70234366086,6.71181161728,0.823361823362,4.75190664388,9.48558200599,0.834757834758,5.66224600614,13.0962426683
C2_EXPERT_seed0,27,ATU1,350,1.41542197823,1.77309080808,2.03464343301,0.928571428571,18.6663708597,18.8328075372,1,23.9580276253,23.9580276253,1,28.5477507037,28.5477507037
C2_EXPERT_seed0,27,ATU5,350,1.02503708134,1.34516864693,1.88347275941,0.974285714286,18.3685981362,18.3996415601,1,23.5758404723,23.5758404723,1,28.0923466222,28.0923466222
C2_EXPERT_seed0,27,MJ3,350,0.863521869337,1.14879035144,0.705199061676,0.937142857143,4.90917027681,5.23295506117,0.968571428571,6.30085183635,6.3981412364,1,7.50792804224,7.50792804224
C2_EXPERT_seed0,27,MJ1,350,1.0496148288,1.53191190481,0.884525627151,0.8,3.86320168343,7.09086473773,0.817142857143,4.95836568069,10.0622937397,0.831428571429,5.90825712216,13.9558751479
C2_EXPERT_seed0,28,ATU1,349,1.4859035232,1.86028221927,2.15301938982,0.931232091691,19.7699299441,19.9512556863,1,25.3744303759,25.3744303759,1,30.2354986791,30.2354986791
C2_EXPERT_seed0,28,ATU5,349,1.07922203301,1.41879749107,1.99961076915,0.971346704871,19.496092689,19.5379446864,1,25.022964064,25.022964064,1,29.8167007376,29.8167007376
C2_EXPERT_seed0,28,MJ3,349,0.909357899448,1.21032070149,0.742327791688,0.936962750716,5.15136925205,5.49584184227,0.965616045845,6.61171085566,6.71553011264,1,7.87833941024,7.87833941024
C2_EXPERT_seed0,28,MJ1,349,1.10153846196,1.6111465096,0.930511670005,0.793696275072,4.02402980365,7.47650056139,0.816618911175,5.16478633826,10.6435822871,0.828080229226,6.15422250646,14.8383412037
C2_EXPERT_seed0,29,ATU1,348,1.55744506173,1.9475529764,2.27383348615,0.925287356322,20.8989230995,21.0958461008,1,26.8234774033,26.8234774033,1,31.9621447095,31.9621447095
C2_EXPERT_seed0,29,ATU5,348,1.13415959854,1.49356170512,2.11871994965,0.971264367816,20.6526815248,20.7064322793,1,26.5074297637,26.5074297637,1,31.5855507191,31.5855507191
C2_EXPERT_seed0,29,MJ3,348,0.955864833489,1.27267751293,0.780061392334,0.933908045977,5.39926398692,5.76378356319,0.965517241379,6.92988030332,7.0384568068,1,8.2574616909,8.2574616909
C2_EXPERT_seed0,29,MJ1,348,1.1535196724,1.69110455374,0.97678432042,0.795977011494,4.18401926541,7.8643753268,0.810344827586,5.37013058934,11.231138748,0.827586206897,6.39890527335,15.7219967917
C2_EXPERT_seed0,30,ATU1,347,1.62931375371,2.03474672355,2.39732017725,0.93083573487,22.0564670884,22.271736539,1,28.3091690287,28.3091690287,1,33.7324554717,33.7324554717
C2_EXPERT_seed0,30,ATU5,347,1.1897389789,1.56938887578,2.24083679603,0.968299711816,21.8390446835,21.9063575779,1,28.0301103932,28.0301103932,1,33.3999365981,33.3999365981
C2_EXPERT_seed0,30,MJ3,347,1.00296072345,1.33581332716,0.81832994268,0.936599423631,5.65203813547,6.03584224132,0.965417867435,7.25431241063,7.36705794001,1,8.64404639079,8.64404639079
C2_EXPERT_seed0,30,MJ1,347,1.2053351132,1.77171619823,1.02322850744,0.789625360231,4.34243646912,8.25384990537,0.809798270893,5.57345686906,11.8231262694,0.821325648415,6.64118347904,16.6178205757
C2_EXPERT_seed1,1,ATU1,376,0.0234718053366,0.0296781253136,0.0531202365484,1,0.556417840999,0.556417840999,1,0.71415456738,0.71415456738,1,0.850967653611,0.850967653611
C2_EXPERT_seed1,1,ATU5,376,0.0166432637421,0.0210218192908,0.0565369396585,1,0.603672773533,0.603672773533,1,0.774805616671,0.774805616671,1,0.923237836372,0.923237836372
C2_EXPERT_seed1,1,MJ3,376,0.0139936364509,0.0182333869232,0.0158273067494,1,0.149550020446,0.149550020446,1,0.191945373214,0.191945373214,1,0.228717019153,0.228717019153
C2_EXPERT_seed1,1,MJ1,376,0.0174588328685,0.0248532755143,0.0162186096412,0.94414893617,0.125839715482,0.130922470039,0.98670212766,0.161513526253,0.162164676417,1,0.192455236919,0.192455236919
C2_EXPERT_seed1,2,ATU1,375,0.0499302818409,0.0630979845289,0.109059642058,1,1.13695420558,1.13695420558,1,1.45926492465,1.45926492465,1,1.73882140596,1.73882140596
C2_EXPERT_seed1,2,ATU5,375,0.0353983423798,0.0447311466013,0.116943985756,1,1.24565480479,1.24565480479,1,1.59878063332,1.59878063332,1,1.90506462651,1.90506462651
C2_EXPERT_seed1,2,MJ3,375,0.0297584110567,0.0387880484553,0.0321944383969,1,0.298632614326,0.298632614326,1,0.383290810925,0.383290810925,1,0.456719171061,0.456719171061
C2_EXPERT_seed1,2,MJ1,375,0.0371277602517,0.0528525294791,0.0335627371062,0.925333333333,0.250607605807,0.267393484988,0.978666666667,0.321651379808,0.327117723097,1,0.383271258714,0.383271258714
C2_EXPERT_seed1,3,ATU1,374,0.0792729642394,0.100173577542,0.167416707551,1,1.73635529649,1.73635529649,1,2.22858789602,2.22858789602,1,2.65552626752,2.65552626752
C2_EXPERT_seed1,3,ATU5,374,0.0562538452239,0.0710875414272,0.181256823571,1,1.9260133431,1.9260133431,1,2.47201136352,2.47201136352,1,2.94558321937,2.94558321937
C2_EXPERT_seed1,3,MJ3,374,0.0472616621638,0.0616194085129,0.0494353969784,1,0.451140225504,0.451140225504,1,0.579032210747,0.579032210747,1,0.689959434905,0.689959434905
C2_EXPERT_seed1,3,MJ1,374,0.0589273926451,0.0839345118266,0.0522371707014,0.911764705882,0.376542773788,0.412731674589,0.970588235294,0.483287418017,0.499670696859,0.991978609626,0.575872477632,0.576564488186
C2_EXPERT_seed1,4,ATU1,373,0.111431395556,0.140817355297,0.22811018974,1,2.35299178392,2.35299178392,1,3.02003225935,3.02003225935,1,3.59859039338,3.59859039338
C2_EXPERT_seed1,4,ATU5,373,0.0791321802042,0.100042561691,0.249537617831,1,2.64512363102,2.64512363102,1,3.39497942587,3.39497942587,1,4.04536749893,4.04536749893
C2_EXPERT_seed1,4,MJ3,373,0.0664537162417,0.0866791676769,0.0676374990795,1,0.607942280176,0.607942280176,1,0.780285469122,0.780285469122,1,0.929767483307,0.929767483307
C2_EXPERT_seed1,4,MJ1,373,0.0828325519252,0.118030943126,0.0723442804071,0.900804289544,0.504595131375,0.568600281015,0.949061662198,0.647640839666,0.685028276364,0.983914209115,0.771711658632,0.783034047316
C2_EXPERT_seed1,5,ATU1,372,0.146393428342,0.184935851133,0.291235588614,1,2.98728511193,2.98728511193,1,3.83413893222,3.83413893222,1,4.56865832664,4.56865832664
C2_EXPERT_seed1,5,ATU5,372,0.10400915101,0.131537427064,0.321904609187,1,3.40401293623,3.40401293623,1,4.36900330418,4.36900330418,1,5.20598853553,5.20598853553
C2_EXPERT_seed1,5,MJ3,372,0.0872753543779,0.113916007101,0.0868907181151,1,0.770048659615,0.770048659615,1,0.98834675463,0.98834675463,1,1.17768779639,1.17768779639
C2_EXPERT_seed1,5,MJ1,372,0.108803387486,0.155069164534,0.0939612128015,0.89247311828,0.635619089111,0.736310197019,0.935483870968,0.815808268814,0.889212043126,0.975806451613,0.972095509878,1.00662752819
C2_EXPERT_seed1,6,ATU1,371,0.183976499019,0.232418005575,0.356909301561,1,3.63998430878,3.63998430878,1,4.67186928199,4.67186928199,1,5.56687560713,5.56687560713
C2_EXPERT_seed1,6,ATU5,371,0.130854487436,0.165504722236,0.398378998909,1,4.20266446508,4.20266446508,1,5.39406144403,5.39406144403,1,6.4274206455,6.4274206455
C2_EXPERT_seed1,6,MJ3,371,0.109701314966,0.143276168671,0.107221075735,1,0.93767419555,0.93767419555,1,1.20349180081,1.20349180081,1,1.43404893094,1.43404893094
C2_EXPERT_seed1,6,MJ1,371,0.136688208703,0.194972545362,0.117107310597,0.88679245283,0.769622158726,0.915936366671,0.921832884097,0.987799346666,1.11335002345,0.964959568733,1.17703551957,1.24979756701
C2_EXPERT_seed1,7,ATU1,370,0.224128897329,0.283140369529,0.425063473655,1,4.3099041411,4.3099041411,1,5.53170207808,5.53170207808,1,6.59142957683,6.59142957683
C2_EXPERT_seed1,7,ATU5,370,0.159478144092,0.201873723912,0.47875447472,1,5.0385836141,5.0385836141,1,6.46695205653,6.46695205653,1,7.70584866207,7.70584866207
C2_EXPERT_seed1,7,MJ3,370,0.133672700975,0.174703980274,0.128640522516,0.986486486486,1.11088428185,1.1116867297,1,1.42580453979,1.42580453979,1,1.69895089824,1.69895089824
C2_EXPERT_seed1,7,MJ1,370,0.166530265002,0.237660705103,0.141781990918,0.883783783784,0.906358475149,1.10754800994,0.910810810811,1.16329850882,1.35859172509,0.945945945946,1.38615566953,1.52925898184
C2_EXPERT_seed1,8,ATU1,369,0.266814904097,0.336976255622,0.49587092619,1,4.9986094141,4.9986094141,1,6.41564572628,6.41564572628,1,7.64471339884,7.64471339884
C2_EXPERT_seed1,8,ATU5,369,0.189911623821,0.240575516852,0.563035110309,1,5.91160160606,5.91160160606,1,7.58745851844,7.58745851844,1,9.04101446273,9.04101446273
C2_EXPERT_seed1,8,MJ3,369,0.15910709429,0.208142272384,0.151167797663,0.981029810298,1.28988174765,1.29357198773,1,1.65554529993,1.65554529993,1,1.97270389867,1.97270389867
C2_EXPERT_seed1,8,MJ1,369,0.198262352507,0.283049715392,0.167979414144,0.875338753388,1.04566008997,1.31137876104,0.90243902439,1.34209019581,1.6251282869,0.932249322493,1.59919910483,1.8477213736
C2_EXPERT_seed1,9,ATU1,368,0.311794541261,0.393801362493,0.569658809043,1,5.70949444055,5.70949444055,1,7.32805677983,7.32805677983,1,8.73191822652,8.73191822652
C2_EXPERT_seed1,9,ATU5,368,0.222041838183,0.281543585012,0.651300127598,1,6.82239464076,6.82239464076,1,8.75644872282,8.75644872282,1,10.4339522058,10.4339522058
C2_EXPERT_seed1,9,MJ3,368,0.186005843855,0.243533150731,0.174824320221,0.975543478261,1.47494955259,1.4832936474,1,1.89307725602,1.89307725602,1,2.2557406817,2.2557406817
C2_EXPERT_seed1,9,MJ1,368,0.231655503465,0.331052584644,0.195688122195,0.869565217391,1.18748976031,1.52739807815,0.899456521739,1.52412660694,1.91224486392,0.923913043478,1.8161088674,2.20741344398
C2_EXPERT_seed1,10,ATU1,367,0.359150757792,0.453486879313,0.646587003864,1,6.44423133942,6.44423133942,1,8.27108138022,8.27108138022,1,9.85560134519,9.85560134519
C2_EXPERT_seed1,10,ATU5,367,0.255797446622,0.324718084726,0.743504219678,1,7.77031443011,7.77031443011,1,9.97309060091,9.97309060091,1,11.8836704203,11.8836704203
C2_EXPERT_seed1,10,MJ3,367,0.214300263729,0.280818284621,0.199631103773,0.970027247956,1.66643189979,1.68111984052,1,2.13884218796,2.13884218796,1,2.54858766053,2.54858766053
C2_EXPERT_seed1,10,MJ1,367,0.266854634331,0.381579423151,0.224898060213,0.866485013624,1.33210741978,1.75618135159,0.891008174387,1.70974136338,2.22009269963,0.91825613079,2.0372824914,2.60332819199
C2_EXPERT_seed1,11,ATU1,366,0.408784193319,0.515899868344,0.726869311705,1,7.20519154578,7.20519154578,1,9.24776323138,9.24776323138,1,11.0193895518,11.0193895518
C2_EXPERT_seed1,11,ATU5,366,0.291044437148,0.370044574212,0.839669975302,1,8.75548451158,8.75548451158,1,11.2375427113,11.2375427113,1,13.3903580404,13.3903580404
C2_EXPERT_seed1,11,MJ3,366,0.243895077112,0.31993965435,0.225607678619,0.967213114754,1.86475959931,1.88740902179,1,2.39339303449,2.39339303449,1,2.8519037023,2.8519037023
C2_EXPERT_seed1,11,MJ1,366,0.303710802142,0.434537763903,0.255591515188,0.860655737705,1.48002271621,1.99778790206,0.885245901639,1.89958859104,2.54904119512,0.909836065574,2.26349941592,3.03462878262
C2_EXPERT_seed1,12,ATU1,365,0.460317657504,0.58090188105,0.810424378152,1,7.99155966511,7.99155966511,1,10.2570557858,10.2570557858,1,12.222035808,12.222035808
C2_EXPERT_seed1,12,ATU5,365,0.327944204006,0.417469188781,0.939600953577,1,9.77563160076,9.77563160076,1,12.5468873251,12.5468873251,1,14.9505383777,14.9505383777
C2_EXPERT_seed1,12,MJ3,365,0.274790524714,0.360839465635,0.252722052386,0.967123287671,2.06976845632,2.10190850365,1,2.65651905382,2.65651905382,1,3.1654376927,3.1654376927
C2_EXPERT_seed1,12,MJ1,365,0.34207328996,0.489832831857,0.287727708938,0.854794520548,1.63149321514,2.25131084247,0.879452054795,2.0939988717,2.89883946934,0.904109589041,2.49515355345,3.49933553136
C2_EXPERT_seed1,13,ATU1,364,0.513956959294,0.648358965623,0.897105676546,1,8.80216900373,8.80216900373,1,11.2974616083,11.2974616083,1,13.4617558099,13.4617558099
C2_EXPERT_seed1,13,ATU5,364,0.366251757556,0.466942763836,1.04352551072,1,10.8334057371,10.8334057371,1,13.9045257311,13.9045257311,1,16.5682643176,16.5682643176
C2_EXPERT_seed1,13,MJ3,364,0.306969199289,0.403459769338,0.280922177145,0.961538461538,2.28097622843,2.32444553222,1,2.92760129455,2.92760129455,1,3.48845210564,3.48845210564
C2_EXPERT_seed1,13,MJ1,364,0.381976539035,0.54736779093,0.321245247531,0.854395604396,1.78637857647,2.51709351502,0.876373626374,2.2927920808,3.26964434287,0.898351648352,2.73203027234,3.99504833699
C2_EXPERT_seed1,14,ATU1,363,0.569733596834,0.718154098869,0.986995620093,1,9.63835712316,9.63835712316,1,12.3706974406,12.3706974406,1,14.7405951812,14.7405951812
C2_EXPERT_seed1,14,ATU5,363,0.405911570984,0.518422516346,1.15236102063,1,11.9394822578,11.9394822578,1,15.3241595763,15.3241595763,1,18.2598623797,18.2598623797
C2_EXPERT_seed1,14,MJ3,363,0.340275783729,0.447742056788,0.310166994757,0.95867768595,2.49799507518,2.55456011341,1,3.20614196884,3.20614196884,1,3.82035379032,3.82035379032
C2_EXPERT_seed1,14,MJ1,363,0.423259452563,0.607043944217,0.356083564579,0.845730027548,1.94446430411,2.79509666835,0.870523415978,2.49569291559,3.65877754939,0.892561983471,2.97380152913,4.52674461004
C2_EXPERT_seed1,15,ATU1,362,0.627214843102,0.79015816588,1.08079169751,1,10.5087656059,10.5087656059,1,13.4878546337,13.4878546337,1,16.0717700819,16.0717700819
C2_EXPERT_seed1,15,ATU5,362,0.447106076952,0.571854416544,1.2671664954,1,13.1062490993,13.1062490993,1,16.821688605,16.821688605,1,20.0442782778,20.0442782778
C2_EXPERT_seed1,15,MJ3,362,0.374817929012,0.493627639987,0.340454344929,0.955801104972,2.72110133801,2.79232816966,1,3.49249575707,3.49249575707,1,4.16156537449,4.16156537449
C2_EXPERT_seed1,15,MJ1,362,0.465997655083,0.668761374509,0.392168288043,0.842541436464,2.10560445341,3.08546583871,0.870165745856,2.70251405814,4.06600806618,0.886740331492,3.22024412074,5.09028611881
C2_EXPERT_seed1,16,ATU1,361,0.686344018403,0.864253973657,1.17992550174,0.994459833795,11.4308895488,11.4317827086,1,14.6713879013,14.6713879013,1,17.4820369537,17.4820369537
C2_EXPERT_seed1,16,ATU5,361,0.489596216748,0.627185873762,1.38857592393,1,14.3417784452,14.3417784452,1,18.4074733524,18.4074733524,1,21.9338573512,21.9338573512
C2_EXPERT_seed1,16,MJ3,361,0.4103721742,0.541057134975,0.37178640568,0.95567867036,2.95057241661,3.03795661805,1,3.7870186979,3.7870186979,1,4.51251110436,4.51251110436
C2_EXPERT_seed1,16,MJ1,361,0.510021695723,0.732418888322,0.429424041404,0.839335180055,2.26951423447,3.3876114066,0.864265927978,2.91288998458,4.49231715248,0.883656509695,3.4709224986,5.6796833552
C2_EXPERT_seed1,17,ATU1,360,0.747246940605,0.940304562462,1.28454759901,0.988888888889,12.4077558341,12.4133675138,1,15.9251822047,15.9251822047,1,18.9760250134,18.9760250134
C2_EXPERT_seed1,17,ATU5,360,0.533274814679,0.684366444163,1.51598052005,1,15.6389308797,15.6389308797,1,20.072350478,20.072350478,1,23.9176808059,23.9176808059
C2_EXPERT_seed1,17,MJ3,360,0.447001459119,0.58997127647,0.404173231389,0.952777777778,3.18680467427,3.29228662628,0.988888888889,4.09021951811,4.09396773384,1,4.87379716529,4.87379716529
C2_EXPERT_seed1,17,MJ1,360,0.555043154447,0.79791465137,0.467783330735,0.836111111111,2.43627784755,3.7011913643,0.858333333333,3.12692876474,4.93655682255,0.877777777778,3.72596543589,6.29643750534
C2_EXPERT_seed1,18,ATU1,359,0.809305243143,1.01816724727,1.39522969687,0.977715877437,13.4472890392,13.4592251487,1,17.259408629,17.259408629,1,20.5658538565,20.5658538565
C2_EXPERT_seed1,18,ATU5,359,0.578269599508,0.743346750554,1.64906462276,1,16.9942690431,16.9942690431,1,21.8119081779,21.8119081779,1,25.9904916537,25.9904916537
C2_EXPERT_seed1,18,MJ3,359,0.484732377942,0.640310823464,0.437600237848,0.949860724234,3.42988890997,3.55487193539,0.983286908078,4.40221475693,4.41292445317,1,5.24556242235,5.24556242235
C2_EXPERT_seed1,18,MJ1,359,0.601300617933,0.86514640551,0.507174016794,0.83286908078,2.60574234965,4.02518794259,0.855153203343,3.34443409845,5.40266914534,0.871866295265,3.98513902649,6.94039775289
C2_EXPERT_seed1,19,ATU1,358,0.873109198452,1.09768205879,1.51338346125,0.974860335196,14.5675094504,14.5865259902,1,18.697195961,18.697195961,1,22.2790831324,22.2790831324
C2_EXPERT_seed1,19,ATU5,358,0.624347026883,0.804074832321,1.78781671435,1,18.4079979592,18.4079979592,1,23.6264095976,23.6264095976,1,28.1526034515,28.1526034515
C2_EXPERT_seed1,19,MJ3,358,0.523306109668,0.692017175036,0.472056092766,0.949720670391,3.6800058801,3.82565678367,0.977653631285,4.72323641267,4.7437915081,1,5.62808331855,5.62808331855
C2_EXPERT_seed1,19,MJ1,358,0.648465277028,0.934011995723,0.547527781056,0.829608938547,2.777540651,4.35920763988,0.849162011173,3.56493483106,5.88454162104,0.868715083799,4.24788185503,7.61950526258
C2_EXPERT_seed1,20,ATU1,357,0.937809121557,1.17866975889,1.63913089755,0.974789915966,15.7716680165,15.7961847411,1,20.2427167486,20.2427167486,1,24.1206847384,24.1206847384
C2_EXPERT_seed1,20,ATU5,357,0.671650332406,0.866489757979,1.93198922382,1,19.8777404782,19.8777404782,1,25.5128036984,25.5128036984,1,30.4003806626,30.4003806626
C2_EXPERT_seed1,20,MJ3,357,0.562864178518,0.745032028022,0.507519731457,0.946778711485,3.93711008709,4.10539607515,0.977591036415,5.05322608982,5.08599948131,1,6.02129027137,6.02129027137
C2_EXPERT_seed1,20,MJ1,357,0.696594098386,1.00441006191,0.588859524361,0.823529411765,2.95188129047,4.70385567729,0.848739495798,3.78869861932,6.3849921606,0.859943977591,4.51451285419,8.32732544167
C2_EXPERT_seed1,21,ATU1,356,1.0035859847,1.26094358333,1.77185564293,0.980337078652,17.0540008792,17.0811197408,1,21.8885731596,21.8885731596,1,26.0818436138,26.0818436138
C2_EXPERT_seed1,21,ATU5,356,0.719903680737,0.930515174855,2.08098749535,1,21.3971766986,21.3971766986,1,27.4629789744,27.4629789744,1,32.7241578315,32.7241578315
C2_EXPERT_seed1,21,MJ3,356,0.603354562035,0.799297398542,0.543891671258,0.943820224719,4.1996464384,4.39201030028,0.974719101124,5.39018784873,5.43761451045,1,6.42280497201,6.42280497201
C2_EXPERT_seed1,21,MJ1,356,0.745220602374,1.07623993905,0.631277482108,0.820224719101,3.12917415513,5.05918749286,0.839887640449,4.01625154759,6.90312805096,0.859550561798,4.78565889216,9.07415954031
C2_EXPERT_seed1,22,ATU1,355,1.07055290659,1.34433345854,1.90988178832,0.980281690141,18.3943205929,18.4210737638,1,23.608854888,23.608854888,1,28.1316857249,28.1316857249
C2_EXPERT_seed1,22,ATU5,355,0.768980398942,0.996066365177,2.23463299369,1,22.9641911892,22.9641911892,1,29.4742202991,29.4742202991,1,35.1206996854,35.1206996854
C2_EXPERT_seed1,22,MJ3,355,0.644699669795,0.854755959783,0.581204535768,0.943661971831,4.46842487053,4.6865683577,0.971830985915,5.73516123164,5.79948387706,1,6.83386611147,6.83386611147
C2_EXPERT_seed1,22,MJ1,355,0.794878670794,1.14940302044,0.674648069919,0.816901408451,3.30853357955,5.42435599254,0.839436619718,4.2464568766,7.44049931427,0.853521126761,5.05996546055,9.84580169445
C2_EXPERT_seed1,23,ATU1,354,1.13811007317,1.42866129193,2.05163328241,0.977401129944,19.7735891029,19.7993499253,1,25.3791268554,25.3791268554,1,30.2410948796,30.2410948796
C2_EXPERT_seed1,23,ATU5,354,0.81913901959,1.0630667917,2.39222936849,1,24.5709220584,24.5709220584,1,31.5364370439,31.5364370439,1,37.5779824989,37.5779824989
C2_EXPERT_seed1,23,MJ3,354,0.686773239306,0.911351063952,0.619481032165,0.940677966102,4.74424377598,4.98979016875,0.968926553672,6.08917096421,6.17230270229,1,7.25569472566,7.25569472566
C2_EXPERT_seed1,23,MJ1,354,0.845002940562,1.22380233795,0.718883560589,0.813559322034,3.48963816202,5.79802057637,0.833333333333,4.4789020917,7.99341448876,0.853107344633,5.33694101784,10.6473913171
C2_EXPERT_seed1,24,ATU1,353,1.20661161785,1.51381182551,2.19649428088,0.980169971671,21.1843533842,21.2096343637,1,27.1898232077,27.1898232077,1,32.3986726599,32.3986726599
C2_EXPERT_seed1,24,ATU5,353,0.869910388726,1.13147810636,2.55317838139,1,26.2107651122,26.2107651122,1,33.6411528175,33.6411528175,1,40.0859060286,40.0859060286
C2_EXPERT_seed1,24,MJ3,353,0.729614757777,0.969027509823,0.658714178579,0.940509915014,5.02747264361,5.30104865502,0.968838526912,6.4526912803,6.55591192254,1,7.6888558991,7.6888558991
C2_EXPERT_seed1,24,MJ1,353,0.895399881898,1.29934375728,0.763899833395,0.813031161473,3.67205410142,6.18017693118,0.830028328612,4.71303041522,8.55929813152,0.847025495751,5.6159221225,11.4757110342
C2_EXPERT_seed1,25,ATU1,352,1.27564444833,1.5996928069,2.34419478975,0.980113636364,22.6235554956,22.6471515197,1,29.0370191196,29.0370191196,1,34.599742348,34.599742348
C2_EXPERT_seed1,25,ATU5,352,0.921506600508,1.20127095456,2.7172206965,1,27.8809478267,27.8809478267,1,35.784809124,35.784809124,1,42.6402300651,42.6402300651
C2_EXPERT_seed1,25,MJ3,352,0.773312593937,1.02773041496,0.698884152151,0.9375,5.31827869171,5.62135359075,0.965909090909,6.82593680223,6.95156959231,1,8.13360537005,8.13360537005
C2_EXPERT_seed1,25,MJ1,352,0.946613436048,1.37593575183,0.809606707057,0.809659090909,3.85529085344,6.56934336845,0.826704545455,4.94821224033,9.13839727193,0.84375,5.89615855174,12.3287949667
C2_EXPERT_seed1,26,ATU1,351,1.34540146711,1.68621132995,2.49402143539,0.977207977208,24.083646104,24.1050231872,1,30.9110251272,30.9110251272,1,36.8327582357,36.8327582357
C2_EXPERT_seed1,26,ATU5,351,0.974046928335,1.27241845734,2.88382710577,1,29.5756806749,29.5756806749,1,37.959975186,37.959975186,1,45.2321002912,45.2321002912
C2_EXPERT_seed1,26,MJ3,351,0.817662020382,1.08740727765,0.739957880095,0.937321937322,5.61661028333,5.94972529441,0.962962962963,7.20884125469,7.35801808007,1,8.58986416661,8.58986416661
C2_EXPERT_seed1,26,MJ1,351,0.99786248469,1.45349040525,0.855959406913,0.806267806268,4.03926231544,6.96267583589,0.823361823362,5.18433705548,9.72853104289,0.843304843305,6.17751862292,13.2014743409
C2_EXPERT_seed1,27,ATU1,350,1.41584319604,1.7731633173,2.64515386662,0.974285714286,25.555936234,25.5808692924,1,32.8006890514,32.8006890514,1,39.0844316816,39.0844316816
C2_EXPERT_seed1,27,ATU5,350,1.02727077308,1.34487525035,3.05242590464,1,31.288621449,31.288621449,1,40.1585108679,40.1585108679,1,47.8518171368,47.8518171368
C2_EXPERT_seed1,27,MJ3,350,0.862783777279,1.1480070163,0.781859317676,0.937142857143,5.92182782575,6.28652800769,0.962857142857,7.60058372932,7.77471336455,1,9.05665411612,9.05665411612
C2_EXPERT_seed1,27,MJ1,350,1.04952185894,1.53192332313,0.902941314334,0.802857142857,4.22398666848,7.36067744048,0.822857142857,5.42142819582,10.3246002696,0.837142857143,6.46003014157,14.0990365614
C2_EXPERT_seed1,28,ATU1,349,1.48588285473,1.86022845541,2.80082631377,0.968481375358,27.0760358635,27.1077410702,1,34.7517158037,34.7517158037,1,41.4092234471,41.4092234471
C2_EXPERT_seed1,28,ATU5,349,1.08105398725,1.41854567577,3.2244115897,0.994269340974,33.0349547915,33.0354267305,1,42.3999054474,42.3999054474,1,50.5226035089,50.5226035089
C2_EXPERT_seed1,28,MJ3,349,0.908577325484,1.20948369329,0.82462642384,0.934097421203,6.23495464591,6.63105542346,0.959885386819,8.00247765204,8.20283095466,1,9.53554026212,9.53554026212
C2_EXPERT_seed1,28,MJ1,349,1.10145043875,1.61115326738,0.950598982899,0.80229226361,4.41035457545,7.76507826119,0.819484240688,5.6606288148,10.9314594149,0.836676217765,6.74505525907,15.012706484
C2_EXPERT_seed1,29,ATU1,348,1.55702304398,1.94746149111,2.95943860618,0.962643678161,28.6266435216,28.6725158319,1,36.7418991869,36.7418991869,1,43.7806732161,43.7806732161
C2_EXPERT_seed1,29,ATU5,348,1.1357479346,1.49342093993,3.39981658557,0.985632183908,34.8150618396,34.8186283998,1,44.6846481087,44.6846481087,1,53.2450423064,53.2450423064
C2_EXPERT_seed1,29,MJ3,348,0.95503207215,1.27178545103,0.868249936935,0.933908045977,6.55633459398,6.98488643857,0.959770114943,8.41496434974,8.64028516709,1,10.027048478,10.027048478
C2_EXPERT_seed1,29,MJ1,348,1.15345767649,1.69110576341,0.998697657483,0.798850574713,4.59711496345,8.17512128963,0.818965517241,5.90033317773,11.5411719716,0.830459770115,7.03068062449,15.9258728826
C2_EXPERT_seed1,30,ATU1,347,1.62857762681,2.03474595841,3.12015679186,0.959654178674,30.1989700799,30.2637950959,1,38.7599584766,38.7599584766,1,46.1853391765,46.1853391765
C2_EXPERT_seed1,30,ATU5,347,1.19093149007,1.5694477699,3.57851389715,0.979827089337,36.6278191161,36.6371402907,1,47.0112968844,47.0112968844,1,56.017415319,56.017415319
C2_EXPERT_seed1,30,MJ3,347,1.00206854162,1.3348643783,0.912678413534,0.93083573487,6.88528456378,7.34580402892,0.956772334294,8.83716706515,9.08772905537,1,10.5301340431,10.5301340431
C2_EXPERT_seed1,30,MJ1,347,1.20526440095,1.77171155893,1.04709812134,0.798270893372,4.78323154686,8.5885215293,0.812680115274,6.1392112264,12.1557660702,0.829971181556,7.31532137575,16.8413399383
C2_EXPERT_seed2,1,ATU1,376,0.0235729055209,0.0297235346615,0.0404031740749,1,0.414840280675,0.414840280675,1,0.532441735954,0.532441735954,1,0.634443460036,0.634443460036
C2_EXPERT_seed2,1,ATU5,376,0.0171086984384,0.0226886031332,0.033209757759,1,0.345748820105,0.345748820105,1,0.443763806353,0.443763806353,1,0.528777189558,0.528777189558
C2_EXPERT_seed2,1,MJ3,376,0.0140011102914,0.0182541447726,0.0150376430043,1,0.139853977876,0.139853977876,1,0.179500637304,0.179500637304,1,0.213888201694,0.213888201694
C2_EXPERT_seed2,1,MJ1,376,0.0174714301015,0.0248577175005,0.0159631473704,0.941489361702,0.122589250475,0.127838873069,0.98670212766,0.157341599581,0.157907800657,1,0.187484079675,0.187484079675
C2_EXPERT_seed2,2,ATU1,375,0.0501133919331,0.0631639818697,0.0817117195553,1,0.83232889621,0.83232889621,1,1.0682825729,1.0682825729,1,1.27293719872,1.27293719872
C2_EXPERT_seed2,2,ATU5,375,0.0358648670299,0.0458363855184,0.0673812162373,1,0.698095635599,0.698095635599,1,0.895996048108,0.895996048108,1,1.06764514228,1.06764514228
C2_EXPERT_seed2,2,MJ3,375,0.0297755482465,0.0388300407302,0.0305782295173,1,0.278539857217,0.278539857217,1,0.357502036369,0.357502036369,1,0.425989950839,0.425989950839
C2_EXPERT_seed2,2,MJ1,375,0.0371531127046,0.05286190357,0.0330248555113,0.928,0.243704608178,0.260576072057,0.978666666667,0.312791478271,0.318107695017,1,0.372714034876,0.372714034876
C2_EXPERT_seed2,3,ATU1,374,0.0795839605741,0.10031779893,0.123825387399,1,1.25042556594,1.25042556594,1,1.60490383896,1.60490383896,1,1.91236087605,1.91236087605
C2_EXPERT_seed2,3,ATU5,374,0.0565426143679,0.0716522181621,0.102682872256,1,1.05807335473,1.05807335473,1,1.35802244865,1.35802244865,1,1.61818355503,1.61818355503
C2_EXPERT_seed2,3,MJ3,374,0.0472849940984,0.0616831379687,0.0469211148424,1,0.419565402581,0.419565402581,1,0.538506364264,0.538506364264,1,0.641669910385,0.641669910385
C2_EXPERT_seed2,3,MJ1,374,0.0589668049038,0.0839491517699,0.0513817865271,0.911764705882,0.365495583622,0.401387024085,0.967914438503,0.469108502942,0.484997237383,0.997326203209,0.558977258245,0.55903379283
C2_EXPERT_seed2,4,ATU1,373,0.111923097177,0.14106975249,0.166780183725,1,1.66874895481,1.66874895481,1,2.14181609589,2.14181609589,1,2.55213129039,2.55213129039
C2_EXPERT_seed2,4,ATU5,373,0.079000604523,0.0999689204216,0.138799980192,1,1.4219181118,1.4219181118,1,1.82501213865,1.82501213865,1,2.17463609192,2.17463609192
C2_EXPERT_seed2,4,MJ3,373,0.0664833838784,0.0867651975902,0.0641446855982,1,0.563692821046,0.563692821046,1,0.723491903184,0.723491903184,1,0.862093775465,0.862093775465
C2_EXPERT_seed2,4,MJ1,373,0.0828862982849,0.118051028548,0.0711327495386,0.900804289544,0.488866810314,0.551987280023,0.949061662198,0.627453758132,0.665264472152,0.983914209115,0.747657267342,0.756828957
C2_EXPERT_seed2,5,ATU1,372,0.14706291172,0.185313662293,0.210700010691,1,2.08800205731,2.08800205731,1,2.67992162734,2.67992162734,1,3.19332357902,3.19332357902
C2_EXPERT_seed2,5,ATU5,372,0.103488272324,0.131073149077,0.176047146919,1,1.79260331294,1.79260331294,1,2.30078144356,2.30078144356,1,2.74155018525,2.74155018525
C2_EXPERT_seed2,5,MJ3,372,0.0873193029081,0.114024987207,0.0823241532632,1,0.71176339055,0.71176339055,1,0.913538421671,0.913538421671,1,1.08854816966,1.08854816966
C2_EXPERT_seed2,5,MJ1,372,0.108869669414,0.155094832354,0.0923526177505,0.895161290323,0.614641781525,0.713582684708,0.935483870968,0.788884186012,0.861765843708,0.978494623656,0.940013486442,0.969886222212
C2_EXPERT_seed2,6,ATU1,371,0.184824619876,0.232940177329,0.255690773177,1,2.50879056114,2.50879056114,1,3.21999782506,3.21999782506,1,3.83686406134,3.83686406134
C2_EXPERT_seed2,6,ATU5,371,0.12997264642,0.164761256161,0.214715357695,1,2.17307754994,2.17307754994,1,2.78911483998,2.78911483998,1,3.323435317,3.323435317
C2_EXPERT_seed2,6,MJ3,371,0.109750566499,0.143408857457,0.101478389008,0.99730458221,0.863905322246,0.863922618229,1,1.10881047696,1.10881047696,1,1.32122917499,1.32122917499
C2_EXPERT_seed2,6,MJ1,371,0.13676951747,0.19500380671,0.115062525035,0.88948787062,0.742852984328,0.886197552282,0.924528301887,0.953441483289,1.07647575049,0.962264150943,1.13609560024,1.20294389986
C2_EXPERT_seed2,7,ATU1,370,0.225206123317,0.28382790098,0.301803457241,1,2.93122232723,2.93122232723,1,3.76218312706,3.76218312706,1,4.48291769642,4.48291769642
C2_EXPERT_seed2,7,ATU5,370,0.158271669687,0.200902516523,0.254849285106,1,2.56362884373,2.56362884373,1,3.29038199877,3.29038199877,1,3.92073197718,3.92073197718
C2_EXPERT_seed2,7,MJ3,370,0.133730760573,0.174861191168,0.121612141379,0.983783783784,1.02010018021,1.02176651325,1,1.3092844068,1.3092844068,1,1.56010859617,1.56010859617
C2_EXPERT_seed2,7,MJ1,370,0.166625517608,0.237697623938,0.139263384815,0.883783783784,0.87330386248,1.0698075368,0.913513513514,1.12087337276,1.31021002436,0.945945945946,1.33560300189,1.46839012551
C2_EXPERT_seed2,8,ATU1,369,0.268126402526,0.337842167388,0.349076717192,1,3.35539738027,3.35539738027,1,4.30660591364,4.30660591364,1,5.13163745882,5.13163745882
C2_EXPERT_seed2,8,ATU5,369,0.188398634992,0.239409391447,0.296403783041,1,2.96356474602,2.96356474602,1,3.80369417217,3.80369417217,1,4.53238115751,4.53238115751
C2_EXPERT_seed2,8,MJ3,369,0.159181260617,0.208325030396,0.142731303691,0.978319783198,1.18040283342,1.18544793073,1,1.51503063475,1.51503063475,1,1.80527034802,1.80527034802
C2_EXPERT_seed2,8,MJ1,369,0.198369963962,0.283092392649,0.164950752176,0.878048780488,1.00587381867,1.265083025,0.907859078591,1.29102506944,1.56378045752,0.937669376694,1.53835125374,1.76838088463
C2_EXPERT_seed2,9,ATU1,368,0.31329946539,0.394843144107,0.397538542892,1,3.78145642258,3.78145642258,1,4.85344677426,4.85344677426,1,5.78323853416,5.78323853416
C2_EXPERT_seed2,9,ATU5,368,0.220273928074,0.280205785641,0.339288998453,1,3.37172148099,3.37172148099,1,4.32755767007,4.32755767007,1,5.15660301646,5.15660301646
C2_EXPERT_seed2,9,MJ3,368,0.186087793241,0.243742507067,0.164841072594,0.975543478261,1.34491517035,1.35483971631,1,1.72617993327,1.72617993327,1,2.05687025557,2.05687025557
C2_EXPERT_seed2,9,MJ1,368,0.231776528652,0.331101086531,0.192111565198,0.869565217391,1.14055118628,1.47228042973,0.902173913043,1.4638815994,1.83606825258,0.923913043478,1.74432251322,2.1032612091
C2_EXPERT_seed2,10,ATU1,367,0.360834821551,0.45469866563,0.447196456799,1,4.20945802629,4.20945802629,1,5.40278088545,5.40278088545,1,6.43781050078,6.43781050078
C2_EXPERT_seed2,10,ATU5,367,0.25372313165,0.323227129582,0.383420763744,1,3.78702990221,3.78702990221,1,4.86060025792,4.86060025792,1,5.79176243568,5.79176243568
C2_EXPERT_seed2,10,MJ3,367,0.21439591134,0.281055507946,0.187950345985,0.970027247956,1.51385483887,1.53031945273,1,1.94301165036,1.94301165036,1,2.31524118247,2.31524118247
C2_EXPERT_seed2,10,MJ1,367,0.266989914202,0.381633858364,0.220729965901,0.863760217984,1.27759084265,1.69136750438,0.893732970027,1.63977009416,2.12794616051,0.91825613079,1.9539065816,2.47139985931
C2_EXPERT_seed2,11,ATU1,366,0.410624036761,0.517267951296,0.498052657285,1,4.63950285981,4.63950285981,1,5.95473745371,5.95473745371,1,7.09550731775,7.09550731775
C2_EXPERT_seed2,11,ATU5,366,0.288818785733,0.36840953938,0.428764792447,1,4.20900829649,4.20900829649,1,5.40220366351,5.40220366351,1,6.43712269842,6.43712269842
C2_EXPERT_seed2,11,MJ3,366,0.244011030277,0.320206153647,0.212069877474,0.967213114754,1.68755063793,1.71195808319,1,2.16594779491,2.16594779491,1,2.58088598333,2.58088598333
C2_EXPERT_seed2,11,MJ1,366,0.303860371642,0.43459815816,0.250779415279,0.860655737705,1.41745999257,1.92208223456,0.887978142077,1.81929020456,2.43836469132,0.909836065574,2.16781798693,2.87241330179
C2_EXPERT_seed2,12,ATU1,365,0.462269793628,0.582410750755,0.550089430114,1,5.07154055316,5.07154055316,1,6.50925182987,6.50925182987,1,7.75625195082,7.75625195082
C2_EXPERT_seed2,12,ATU5,365,0.325496770635,0.415689227429,0.475265723913,1,4.63697617726,4.63697617726,1,5.95149449176,5.95149449176,1,7.09164309025,7.09164309025
C2_EXPERT_seed2,12,MJ3,365,0.274926958242,0.361136795986,0.237184069353,0.964383561644,1.8659908594,1.89965751553,1,2.3949733397,2.3949733397,1,2.85378675211,2.85378675211
C2_EXPERT_seed2,12,MJ1,365,0.342226182666,0.489899228408,0.282207086498,0.854794520548,1.56038905398,2.16404271518,0.882191780822,2.00273766885,2.76729743129,0.904109589041,2.38640912305,3.30188683207
C2_EXPERT_seed2,13,ATU1,364,0.51600443849,0.649992558292,0.603495270303,1,5.50818931964,5.50818931964,1,7.06968445433,7.06968445433,1,8.42404861169,8.42404861169
C2_EXPERT_seed2,13,ATU5,364,0.363579495632,0.465007458319,0.523174900698,1,5.07398061069,5.07398061069,1,6.51238360981,6.51238360981,1,7.75998369678,7.75998369678
C2_EXPERT_seed2,13,MJ3,364,0.307113579989,0.403789573011,0.263262370887,0.958791208791,2.04893922356,2.0932255045,1,2.629785023,2.629785023,1,3.13358213017,3.13358213017
C2_EXPERT_seed2,13,MJ1,364,0.382151392125,0.547440304385,0.314942149949,0.851648351648,1.7062901209,2.41688973821,0.876373626374,2.18999966092,3.11343405592,0.901098901099,2.60954554935,3.75550266453
C2_EXPERT_seed2,14,ATU1,363,0.571716674395,0.719885290828,0.658386224879,0.99173553719,5.95116614269,5.95192399331,1,7.63823905146,7.63823905146,1,9.10152319992,9.10152319992
C2_EXPERT_seed2,14,ATU5,363,0.403064848639,0.5163082533,0.573053493011,1,5.52680639772,5.52680639772,1,7.09357921535,7.09357921535,1,8.45252097558,8.45252097558
C2_EXPERT_seed2,14,MJ3,363,0.340441920052,0.448106117206,0.290260524598,0.95867768595,2.23594145395,2.29254932532,1,2.86979978727,2.86979978727,1,3.41957736162,3.41957736162
C2_EXPERT_seed2,14,MJ1,363,0.42344740409,0.607122885643,0.348900621054,0.848484848485,1.85486690169,2.68029724923,0.873278236915,2.38069589456,3.47515170128,0.892561983471,2.8367741269,4.23573542833
C2_EXPERT_seed2,15,ATU1,362,0.628940833639,0.791982734672,0.715061072597,0.983425414365,6.40474426209,6.41290070129,1,8.22040026514,8.22040026514,1,9.79521107179,9.79521107179
C2_EXPERT_seed2,15,ATU5,362,0.443942359739,0.569540458561,0.625253885748,1,5.99990517621,5.99990517621,1,7.70079492374,7.70079492374,1,9.17606311926,9.17606311926
C2_EXPERT_seed2,15,MJ3,362,0.375025359566,0.494027759528,0.318181484237,0.955801104972,2.42731904889,2.49743681063,1,3.11543027114,3.11543027114,1,3.71226413569,3.71226413569
C2_EXPERT_seed2,15,MJ1,362,0.466188602889,0.668846881695,0.384002698099,0.839779005525,2.00608335669,2.95495138981,0.867403314917,2.57478011336,3.85052942093,0.889502762431,3.06803973777,4.73575387365
C2_EXPERT_seed2,16,ATU1,361,0.688008829118,0.866161458699,0.774035261345,0.97783933518,6.87619480841,6.89556655725,1,8.82550049044,8.82550049044,1,10.5162324619,10.5162324619
C2_EXPERT_seed2,16,ATU5,361,0.486107067509,0.624648734736,0.680092659895,1,6.49708053533,6.49708053533,1,8.33891258881,8.33891258881,1,9.93642721547,9.93642721547
C2_EXPERT_seed2,16,MJ3,361,0.410590068192,0.541495389197,0.347018640364,0.952908587258,2.6232491728,2.70788878442,1,3.3669038627,3.3669038627,1,4.011913402,4.011913402
C2_EXPERT_seed2,16,MJ1,361,0.510233897319,0.732511225298,0.420158718198,0.836565096953,2.15971314745,3.2386944064,0.861495844875,2.77196181509,4.24067354532,0.886426592798,3.30299622719,5.25520598837
C2_EXPERT_seed2,17,ATU1,360,0.748659327516,0.942265959403,0.835841869625,0.966666666667,7.37304545227,7.40756675534,1,9.46320138799,9.46320138799,1,11.276099949,11.276099949
C2_EXPERT_seed2,17,ATU5,360,0.529465108883,0.681562186073,0.737762298543,1,7.02058056893,7.02058056893,1,9.01081760779,9.01081760779,1,10.737051427,10.737051427
C2_EXPERT_seed2,17,MJ3,360,0.447259602221,0.590449952335,0.37676065719,0.952777777778,2.82391097991,2.92450784272,0.991666666667,3.62445050388,3.62507807994,1,4.31879915329,4.31879915329
C2_EXPERT_seed2,17,MJ1,360,0.555261092009,0.798014088321,0.457290702305,0.833333333333,2.31587820277,3.53213198547,0.858333333333,2.97239749364,4.64667364233,0.880555555556,3.54183006914,5.78850920303
C2_EXPERT_seed2,18,ATU1,359,0.810540743369,1.02012198081,0.901012939795,0.961002785515,7.90292745721,7.95418909723,1,10.1432975785,10.1432975785,1,12.0864845434,12.0864845434
C2_EXPERT_seed2,18,ATU5,359,0.573999697703,0.740209660775,0.798268162298,1,7.57054899965,7.57054899965,1,9.7166944467,9.7166944467,1,11.5781555588,11.5781555588
C2_EXPERT_seed2,18,MJ3,359,0.485025813816,0.640832361158,0.407373495996,0.949860724234,3.02916774833,3.14659063852,0.986072423398,3.88789471407,3.89202802271,1,4.63271229148,4.63271229148
C2_EXPERT_seed2,18,MJ1,359,0.601533766988,0.865253275195,0.495325742197,0.827298050139,2.47441980728,3.83274801564,0.849582172702,3.17588344007,5.06549534394,0.871866295265,3.78429852945,6.3346887164
C2_EXPERT_seed2,19,ATU1,358,0.874064178169,1.09956402117,0.970164450832,0.960893854749,8.47478580426,8.54192624136,1,10.8772698209,10.8772698209,1,12.9610664133,12.9610664133
C2_EXPERT_seed2,19,ATU5,358,0.619590185452,0.800526529999,0.861625058211,1,8.14739502637,8.14739502637,1,10.4570683066,10.4570683066,1,12.4603654264,12.4603654264
C2_EXPERT_seed2,19,MJ3,358,0.523618403108,0.692584003789,0.438827647132,0.949720670391,3.23900220705,3.37414787812,0.983240223464,4.15721432614,4.16664177179,1,4.95362640282,4.95362640282
C2_EXPERT_seed2,19,MJ1,358,0.648718163617,0.934126697032,0.534189969199,0.826815642458,2.63496542868,4.14205214164,0.849162011173,3.38194151432,5.49780581363,0.868715083799,4.02983186909,6.90397540221
C2_EXPERT_seed2,20,ATU1,357,0.938619668067,1.18044813669,1.04372037187,0.960784313725,9.09535306579,9.17409087054,1,11.6737592781,11.6737592781,1,13.9101421393,13.9101421393
C2_EXPERT_seed2,20,ATU5,357,0.666338223844,0.862456331088,0.927943652724,1,8.752669729,8.752669729,1,11.233929977,11.233929977,1,13.3860532019,13.3860532019
C2_EXPERT_seed2,20,MJ3,357,0.563228222702,0.745645982499,0.471081157819,0.946778711485,3.45319497934,3.60717378882,0.980392156863,4.43212777313,4.44777286716,1,5.28120597959,5.28120597959
C2_EXPERT_seed2,20,MJ1,357,0.696858255496,1.00453295976,0.573818915114,0.820728291317,2.79713408221,4.45817173795,0.843137254902,3.59008272776,5.94110812788,0.862745098039,4.27784742219,7.5009472546
C2_EXPERT_seed2,21,ATU1,356,1.00418308156,1.2626331428,1.12170732359,0.955056179775,9.76616411022,9.85190562056,1,12.5347359326,12.5347359326,1,14.9360591004,14.9360591004
C2_EXPERT_seed2,21,ATU5,356,0.713951428892,0.925941689574,0.997387110607,1,9.38851634842,9.38851634842,1,12.0500302778,12.0500302778,1,14.3584966894,14.3584966894
C2_EXPERT_seed2,21,MJ3,356,0.603731150979,0.799960686608,0.504033937323,0.946629213483,3.67026760474,3.84374602785,0.980337078652,4.71073747155,4.73412812087,1,5.6131899116,5.6131899116
C2_EXPERT_seed2,21,MJ1,356,0.745507623627,1.07637157719,0.614177830584,0.820224719101,2.9604220565,4.7813474006,0.842696629213,3.79966057384,6.3940802296,0.856741573034,4.52757482865,8.11040549775
C2_EXPERT_seed2,22,ATU1,355,1.0709393568,1.34598065727,1.20326711271,0.952112676056,10.4758250403,10.5682053628,1,13.4455758755,13.4455758755,1,16.0213918342,16.0213918342
C2_EXPERT_seed2,22,ATU5,355,0.762504650221,0.990926705729,1.06986474982,1,10.0537653904,10.0537653904,1,12.9038681794,12.9038681794,1,15.3759073017,15.3759073017
C2_EXPERT_seed2,22,MJ3,355,0.645139271027,0.855470785394,0.537691061756,0.943661971831,3.89067442978,4.08515639999,0.977464788732,4.9936265689,5.02570733563,1,5.95027306194,5.95027306194
C2_EXPERT_seed2,22,MJ1,355,0.795156337542,1.14954366661,0.655219303953,0.814084507042,3.12481768008,5.11031127731,0.83661971831,4.01066007239,6.85881282001,0.856338028169,4.77899623853,8.73386946271
C2_EXPERT_seed2,23,ATU1,354,1.13853163985,1.43033964231,1.28741098479,0.954802259887,11.2116978701,11.3104465192,1,14.3900584274,14.3900584274,1,17.1468122093,17.1468122093
C2_EXPERT_seed2,23,ATU5,354,0.812085314942,1.05735281866,1.14517556829,1,10.7459588237,10.7459588237,1,13.7922888329,13.7922888329,1,16.4345258046,16.4345258046
C2_EXPERT_seed2,23,MJ3,354,0.687231498442,0.912119896856,0.572055533971,0.943502824859,4.1149592106,4.33076345042,0.974576271186,5.28149296859,5.3228227636,1,6.29328703383,6.29328703383
C2_EXPERT_seed2,23,MJ1,354,0.845300865651,1.223952516,0.696902018079,0.813559322034,3.29049052088,5.44477908594,0.833333333333,4.2232988615,7.32912828089,0.850282485876,5.03237098356,9.36785226911
C2_EXPERT_seed2,24,ATU1,353,1.2071517728,1.51553721872,1.37339936607,0.957507082153,11.9650768638,12.0709677947,1,15.3570098975,15.3570098975,1,18.2990059518,18.2990059518
C2_EXPERT_seed2,24,ATU5,353,0.862249728987,1.12515615753,1.22315609221,1,11.4632010784,11.4632010784,1,14.7128593006,14.7128593006,1,17.5314531738,17.5314531738
C2_EXPERT_seed2,24,MJ3,353,0.730137777872,0.969852857812,0.607117064475,0.943342776204,4.34342593112,4.58188281858,0.974504249292,5.57472682979,5.62639216428,1,6.64269673058,6.64269673058
C2_EXPERT_seed2,24,MJ1,353,0.895740087894,1.29950355988,0.739172814918,0.807365439093,3.45719401089,5.78414409215,0.830028328612,4.43726047455,7.80866425039,0.847025495751,5.28732197057,10.0133165165
C2_EXPERT_seed2,25,ATU1,352,1.27617225014,1.60141744915,1.46053962398,0.960227272727,12.7284498953,12.8402848666,1,16.3367885762,16.3367885762,1,19.4664842559,19.4664842559
C2_EXPERT_seed2,25,ATU5,352,0.913347073423,1.19427762024,1.30344239827,0.988636363636,12.2015010195,12.2047635965,1,15.6604570161,15.6604570161,1,18.6605854953,18.6605854953
C2_EXPERT_seed2,25,MJ3,352,0.773875854986,1.02861543104,0.642853527857,0.940340909091,4.57625929737,4.83745577502,0.971590909091,5.8735652201,5.93598936636,1,6.99878463568,6.99878463568
C2_EXPERT_seed2,25,MJ1,352,0.946938241115,1.37610538555,0.781942218798,0.809659090909,3.62444623797,6.12656287634,0.826704545455,4.65192638401,8.29113852803,0.84375,5.54311217849,10.6637835234
C2_EXPERT_seed2,26,ATU1,351,1.34587730514,1.68784513921,1.54814929952,0.960113960114,13.4944348892,13.6129478979,1,17.3199196723,17.3199196723,1,20.6379572119,20.6379572119
C2_EXPERT_seed2,26,ATU5,351,0.965335592028,1.26467181591,1.38541151559,0.982905982906,12.9539649097,12.9636998129,1,16.6262339636,16.6262339636,1,19.8113797078,19.8113797078
C2_EXPERT_seed2,26,MJ3,351,0.818268973163,1.08835453762,0.679254324658,0.940170940171,4.81369913119,5.09844089313,0.97150997151,6.17831594753,6.25165808712,1,7.36191752498,7.36191752498
C2_EXPERT_seed2,26,MJ1,351,0.998203395034,1.45366976523,0.825184919376,0.803418803419,3.7922198209,6.47313388344,0.823361823362,4.86726144645,8.77955550761,0.840455840456,5.79969973137,11.3211043022
C2_EXPERT_seed2,27,ATU1,350,1.41651263613,1.7747083222,1.63530256862,0.962857142857,14.2531452278,14.3775995643,1,18.2937138495,18.2937138495,1,21.7983045427,21.7983045427
C2_EXPERT_seed2,27,ATU5,350,1.01787937032,1.33628699569,1.46748614608,0.977142857143,13.7033125016,13.7220003709,1,17.5880111855,17.5880111855,1,20.9574079531,20.9574079531
C2_EXPERT_seed2,27,MJ3,350,0.863436413425,1.14901897243,0.716295135008,0.937142857143,5.0557815169,5.36368529506,0.968571428571,6.48902532581,6.5739773246,1,7.73215058468,7.73215058468
C2_EXPERT_seed2,27,MJ1,350,1.04987081278,1.53211257942,0.868887969379,0.802857142857,3.96071441254,6.82258355224,0.82,5.08352191355,9.26701736295,0.837142857143,6.05738997192,11.9764647358
C2_EXPERT_seed2,28,ATU1,349,1.4869386576,1.86186681116,1.72191194737,0.954154727794,15.0038305154,15.13830128,1,19.2572079851,19.2572079851,1,22.9463786171,22.9463786171
C2_EXPERT_seed2,28,ATU5,349,1.07127761934,1.40906768754,1.54893394206,0.974212034384,14.4415512981,14.4719248515,1,18.5355304228,18.5355304228,1,22.086446762,22.086446762
C2_EXPERT_seed2,28,MJ3,349,0.909274512086,1.21055911967,0.754021835411,0.936962750716,5.30364001969,5.63529496979,0.968481375358,6.8071482701,6.90287722103,1,8.11121745315,8.11121745315
C2_EXPERT_seed2,28,MJ1,349,1.10181022618,1.6113534853,0.913276971376,0.799426934097,4.13207408508,7.17605743932,0.819484240688,5.30345967217,9.76074589435,0.833810888252,6.31946197558,12.640732921
C2_EXPERT_seed2,29,ATU1,348,1.55814248394,1.94916378705,1.80828330157,0.948275862069,15.7500309704,15.9007765792,1,20.2149459006,20.2149459006,1,24.087593732,24.087593732
C2_EXPERT_seed2,29,ATU5,348,1.12542153477,1.48295556408,1.63027430699,0.971264367816,15.1744587291,15.2187234361,1,19.4762069265,19.4762069265,1,23.2073319509,23.2073319509
C2_EXPERT_seed2,29,MJ3,348,0.955777007701,1.27292598712,0.792387525124,0.939655172414,5.55713935371,5.91158005165,0.965517241379,7.13251114289,7.23936504323,1,8.49891122853,8.49891122853
C2_EXPERT_seed2,29,MJ1,348,1.15378937967,1.69131752778,0.957966662052,0.798850574713,4.30376345842,7.5344043096,0.816091954023,5.52382059719,10.2531110767,0.836206896552,6.5820382131,13.2909194369
C2_EXPERT_seed2,30,ATU1,347,1.63003770015,2.03643791506,1.89461995813,0.945244956772,16.4941493344,16.6623411923,1,21.1700114811,21.1700114811,1,25.2256245634,25.2256245634
C2_EXPERT_seed2,30,ATU5,347,1.18008492391,1.55789585995,1.71172676336,0.965417867435,15.9045100325,15.9655661284,1,20.4132176302,20.4132176302,1,24.3238490697,24.3238490697
C2_EXPERT_seed2,30,MJ3,347,1.00286848583,1.33607245744,0.83130305996,0.936599423631,5.81513028427,6.19368372784,0.968299711816,7.46363891742,7.58106348319,1,8.89347430802,8.89347430802
C2_EXPERT_seed2,30,MJ1,347,1.205638334,1.77193528018,1.00283917765,0.795389048991,4.47444440754,7.89325881701,0.812680115274,5.74288722374,10.7482747206,0.832853025937,6.84307219887,13.9665393275
