origin,seed,point,metric,factor,effect,TiDE_KIN,TiDE_CAL,TiDE_HCAL
792,ensemble,average,mae,TiDE_CAL__minus__TiDE_KIN,17.962824331397076,21.406359819043001,39.369184150440077,39.503247819537869
792,ensemble,average,mae,TiDE_HCAL__minus__TiDE_KIN,18.096888000494868,21.406359819043001,39.369184150440077,39.503247819537869
792,ensemble,average,mae,TiDE_HCAL__minus__TiDE_CAL,0.13406366909779166,21.406359819043001,39.369184150440077,39.503247819537869
792,ensemble,average,rmse,TiDE_CAL__minus__TiDE_KIN,19.695190950379928,22.907124080471458,42.602315030851386,42.799102890285752
792,ensemble,average,rmse,TiDE_HCAL__minus__TiDE_KIN,19.891978809814294,22.907124080471458,42.602315030851386,42.799102890285752
792,ensemble,average,rmse,TiDE_HCAL__minus__TiDE_CAL,0.19678785943436594,22.907124080471458,42.602315030851386,42.799102890285752
792,ensemble,average,crps,TiDE_CAL__minus__TiDE_KIN,9.0121179662116297,20.182304862861923,29.194422829073552,29.260269536547092
792,ensemble,average,crps,TiDE_HCAL__minus__TiDE_KIN,9.0779646736851696,20.182304862861923,29.194422829073552,29.260269536547092
792,ensemble,average,crps,TiDE_HCAL__minus__TiDE_CAL,0.065846707473539823,20.182304862861923,29.194422829073552,29.260269536547092
792,ensemble,average,interval_score90,TiDE_CAL__minus__TiDE_KIN,0,229.41683515656848,229.41683515656848,229.41683515656848
792,ensemble,average,interval_score90,TiDE_HCAL__minus__TiDE_KIN,0,229.41683515656848,229.41683515656848,229.41683515656848
792,ensemble,average,interval_score90,TiDE_HCAL__minus__TiDE_CAL,0,229.41683515656848,229.41683515656848,229.41683515656848
792,ensemble,average,coverage90,TiDE_CAL__minus__TiDE_KIN,0,1,1,1
792,ensemble,average,coverage90,TiDE_HCAL__minus__TiDE_KIN,0,1,1,1
792,ensemble,average,coverage90,TiDE_HCAL__minus__TiDE_CAL,0,1,1,1
792,ensemble,average,width90,TiDE_CAL__minus__TiDE_KIN,0,229.41683515656848,229.41683515656848,229.41683515656848
792,ensemble,average,width90,TiDE_HCAL__minus__TiDE_KIN,0,229.41683515656848,229.41683515656848,229.41683515656848
792,ensemble,average,width90,TiDE_HCAL__minus__TiDE_CAL,0,229.41683515656848,229.41683515656848,229.41683515656848
792,ensemble,ATU1,mae,TiDE_CAL__minus__TiDE_KIN,29.800832172269732,31.749748896159151,61.550581068428883,62.144776502365993
792,ensemble,ATU1,mae,TiDE_HCAL__minus__TiDE_KIN,30.395027606206842,31.749748896159151,61.550581068428883,62.144776502365993
792,ensemble,ATU1,mae,TiDE_HCAL__minus__TiDE_CAL,0.59419543393710939,31.749748896159151,61.550581068428883,62.144776502365993
792,ensemble,ATU1,rmse,TiDE_CAL__minus__TiDE_KIN,33.422453660708094,33.15148037852574,66.573934039233833,66.826327890870104
792,ensemble,ATU1,rmse,TiDE_HCAL__minus__TiDE_KIN,33.674847512344364,33.15148037852574,66.573934039233833,66.826327890870104
792,ensemble,ATU1,rmse,TiDE_HCAL__minus__TiDE_CAL,0.25239385163627048,33.15148037852574,66.573934039233833,66.826327890870104
792,ensemble,ATU1,crps,TiDE_CAL__minus__TiDE_KIN,18.714997345906152,21.346359261274511,40.061356607180663,40.256672683080318
792,ensemble,ATU1,crps,TiDE_HCAL__minus__TiDE_KIN,18.910313421805807,21.346359261274511,40.061356607180663,40.256672683080318
792,ensemble,ATU1,crps,TiDE_HCAL__minus__TiDE_CAL,0.19531607589965461,21.346359261274511,40.061356607180663,40.256672683080318
792,ensemble,ATU1,interval_score90,TiDE_CAL__minus__TiDE_KIN,0,203.58598966633872,203.58598966633872,203.58598966633872
792,ensemble,ATU1,interval_score90,TiDE_HCAL__minus__TiDE_KIN,0,203.58598966633872,203.58598966633872,203.58598966633872
792,ensemble,ATU1,interval_score90,TiDE_HCAL__minus__TiDE_CAL,0,203.58598966633872,203.58598966633872,203.58598966633872
792,ensemble,ATU1,coverage90,TiDE_CAL__minus__TiDE_KIN,0,1,1,1
792,ensemble,ATU1,coverage90,TiDE_HCAL__minus__TiDE_KIN,0,1,1,1
792,ensemble,ATU1,coverage90,TiDE_HCAL__minus__TiDE_CAL,0,1,1,1
792,ensemble,ATU1,width90,TiDE_CAL__minus__TiDE_KIN,0,203.58598966633872,203.58598966633872,203.58598966633872
792,ensemble,ATU1,width90,TiDE_HCAL__minus__TiDE_KIN,0,203.58598966633872,203.58598966633872,203.58598966633872
792,ensemble,ATU1,width90,TiDE_HCAL__minus__TiDE_CAL,0,203.58598966633872,203.58598966633872,203.58598966633872
792,ensemble,ATU5,mae,TiDE_CAL__minus__TiDE_KIN,30.30832800275347,40.644592502710168,70.952920505463638,70.333794053319522
792,ensemble,ATU5,mae,TiDE_HCAL__minus__TiDE_KIN,29.689201550609354,40.644592502710168,70.952920505463638,70.333794053319522
792,ensemble,ATU5,mae,TiDE_HCAL__minus__TiDE_CAL,-0.61912645214411555,40.644592502710168,70.952920505463638,70.333794053319522
792,ensemble,ATU5,rmse,TiDE_CAL__minus__TiDE_KIN,33.557625592732713,42.805907220118193,76.363532812850906,76.29978476481466
792,ensemble,ATU5,rmse,TiDE_HCAL__minus__TiDE_KIN,33.493877544696467,42.805907220118193,76.363532812850906,76.29978476481466
792,ensemble,ATU5,rmse,TiDE_HCAL__minus__TiDE_CAL,-0.063748048036245564,42.805907220118193,76.363532812850906,76.29978476481466
792,ensemble,ATU5,crps,TiDE_CAL__minus__TiDE_KIN,15.837322548010558,29.29590809160705,45.133230639617608,45.090992310483188
792,ensemble,ATU5,crps,TiDE_HCAL__minus__TiDE_KIN,15.795084218876138,29.29590809160705,45.133230639617608,45.090992310483188
792,ensemble,ATU5,crps,TiDE_HCAL__minus__TiDE_CAL,-0.042238329134420383,29.29590809160705,45.133230639617608,45.090992310483188
792,ensemble,ATU5,interval_score90,TiDE_CAL__minus__TiDE_KIN,0,303.23100634932035,303.23100634932035,303.23100634932035
792,ensemble,ATU5,interval_score90,TiDE_HCAL__minus__TiDE_KIN,0,303.23100634932035,303.23100634932035,303.23100634932035
792,ensemble,ATU5,interval_score90,TiDE_HCAL__minus__TiDE_CAL,0,303.23100634932035,303.23100634932035,303.23100634932035
792,ensemble,ATU5,coverage90,TiDE_CAL__minus__TiDE_KIN,0,1,1,1
792,ensemble,ATU5,coverage90,TiDE_HCAL__minus__TiDE_KIN,0,1,1,1
792,ensemble,ATU5,coverage90,TiDE_HCAL__minus__TiDE_CAL,0,1,1,1
792,ensemble,ATU5,width90,TiDE_CAL__minus__TiDE_KIN,0,303.23100634932035,303.23100634932035,303.23100634932035
792,ensemble,ATU5,width90,TiDE_HCAL__minus__TiDE_KIN,0,303.23100634932035,303.23100634932035,303.23100634932035
792,ensemble,ATU5,width90,TiDE_HCAL__minus__TiDE_CAL,0,303.23100634932035,303.23100634932035,303.23100634932035
792,ensemble,MJ3,mae,TiDE_CAL__minus__TiDE_KIN,1.2007234503971436,5.9082111486301834,7.1089345990273269,7.9815716978465066
792,ensemble,MJ3,mae,TiDE_HCAL__minus__TiDE_KIN,2.0733605492163232,5.9082111486301834,7.1089345990273269,7.9815716978465066
792,ensemble,MJ3,mae,TiDE_HCAL__minus__TiDE_CAL,0.87263709881917961,5.9082111486301834,7.1089345990273269,7.9815716978465066
792,ensemble,MJ3,rmse,TiDE_CAL__minus__TiDE_KIN,0.87237355553996654,7.5636413205133364,8.4360148760533029,9.0708221611005779
792,ensemble,MJ3,rmse,TiDE_HCAL__minus__TiDE_KIN,1.5071808405872416,7.5636413205133364,8.4360148760533029,9.0708221611005779
792,ensemble,MJ3,rmse,TiDE_HCAL__minus__TiDE_CAL,0.63480728504727502,7.5636413205133364,8.4360148760533029,9.0708221611005779
792,ensemble,MJ3,crps,TiDE_CAL__minus__TiDE_KIN,0.14778101864498794,9.3981484709476408,9.5459294895926288,9.6626008609351519
792,ensemble,MJ3,crps,TiDE_HCAL__minus__TiDE_KIN,0.26445238998751108,9.3981484709476408,9.5459294895926288,9.6626008609351519
792,ensemble,MJ3,crps,TiDE_HCAL__minus__TiDE_CAL,0.11667137134252314,9.3981484709476408,9.5459294895926288,9.6626008609351519
792,ensemble,MJ3,interval_score90,TiDE_CAL__minus__TiDE_KIN,0,123.8417148585545,123.8417148585545,123.8417148585545
792,ensemble,MJ3,interval_score90,TiDE_HCAL__minus__TiDE_KIN,0,123.8417148585545,123.8417148585545,123.8417148585545
792,ensemble,MJ3,interval_score90,TiDE_HCAL__minus__TiDE_CAL,0,123.8417148585545,123.8417148585545,123.8417148585545
792,ensemble,MJ3,coverage90,TiDE_CAL__minus__TiDE_KIN,0,1,1,1
792,ensemble,MJ3,coverage90,TiDE_HCAL__minus__TiDE_KIN,0,1,1,1
792,ensemble,MJ3,coverage90,TiDE_HCAL__minus__TiDE_CAL,0,1,1,1
792,ensemble,MJ3,width90,TiDE_CAL__minus__TiDE_KIN,0,123.8417148585545,123.8417148585545,123.8417148585545
792,ensemble,MJ3,width90,TiDE_HCAL__minus__TiDE_KIN,0,123.8417148585545,123.8417148585545,123.8417148585545
792,ensemble,MJ3,width90,TiDE_HCAL__minus__TiDE_CAL,0,123.8417148585545,123.8417148585545,123.8417148585545
792,ensemble,MJ1,mae,TiDE_CAL__minus__TiDE_KIN,10.541413700167983,7.3228867286724961,17.86430042884048,17.552849024619455
792,ensemble,MJ1,mae,TiDE_HCAL__minus__TiDE_KIN,10.229962295946958,7.3228867286724961,17.86430042884048,17.552849024619455
792,ensemble,MJ1,mae,TiDE_HCAL__minus__TiDE_CAL,-0.31145140422102457,7.3228867286724961,17.86430042884048,17.552849024619455
792,ensemble,MJ1,rmse,TiDE_CAL__minus__TiDE_KIN,10.928310992538943,8.107467402728556,19.035778395267499,18.999476744357651
792,ensemble,MJ1,rmse,TiDE_HCAL__minus__TiDE_KIN,10.892009341629095,8.107467402728556,19.035778395267499,18.999476744357651
792,ensemble,MJ1,rmse,TiDE_HCAL__minus__TiDE_CAL,-0.036301650909848604,8.107467402728556,19.035778395267499,18.999476744357651
792,ensemble,MJ1,crps,TiDE_CAL__minus__TiDE_KIN,1.3483709522848244,20.688803627618487,22.037174579903311,22.030812291689692
792,ensemble,MJ1,crps,TiDE_HCAL__minus__TiDE_KIN,1.342008664071205,20.688803627618487,22.037174579903311,22.030812291689692
792,ensemble,MJ1,crps,TiDE_HCAL__minus__TiDE_CAL,-0.0063622882136193937,20.688803627618487,22.037174579903311,22.030812291689692
792,ensemble,MJ1,interval_score90,TiDE_CAL__minus__TiDE_KIN,0,287.00862975206047,287.00862975206047,287.00862975206041
792,ensemble,MJ1,interval_score90,TiDE_HCAL__minus__TiDE_KIN,-5.6843418860808015e-14,287.00862975206047,287.00862975206047,287.00862975206041
792,ensemble,MJ1,interval_score90,TiDE_HCAL__minus__TiDE_CAL,-5.6843418860808015e-14,287.00862975206047,287.00862975206047,287.00862975206041
792,ensemble,MJ1,coverage90,TiDE_CAL__minus__TiDE_KIN,0,1,1,1
792,ensemble,MJ1,coverage90,TiDE_HCAL__minus__TiDE_KIN,0,1,1,1
792,ensemble,MJ1,coverage90,TiDE_HCAL__minus__TiDE_CAL,0,1,1,1
792,ensemble,MJ1,width90,TiDE_CAL__minus__TiDE_KIN,0,287.00862975206047,287.00862975206047,287.00862975206041
792,ensemble,MJ1,width90,TiDE_HCAL__minus__TiDE_KIN,-5.6843418860808015e-14,287.00862975206047,287.00862975206047,287.00862975206041
792,ensemble,MJ1,width90,TiDE_HCAL__minus__TiDE_CAL,-5.6843418860808015e-14,287.00862975206047,287.00862975206047,287.00862975206041
792,0,average,mae,TiDE_CAL__minus__TiDE_KIN,20.587031549601647,28.848078702409545,49.435110252011192,49.09278732662564
792,0,average,mae,TiDE_HCAL__minus__TiDE_KIN,20.244708624216095,28.848078702409545,49.435110252011192,49.09278732662564
792,0,average,mae,TiDE_HCAL__minus__TiDE_CAL,-0.34232292538555242,28.848078702409545,49.435110252011192,49.09278732662564
792,0,average,rmse,TiDE_CAL__minus__TiDE_KIN,21.231985090336316,32.571773850637541,53.803758940973857,53.752898625248733
792,0,average,rmse,TiDE_HCAL__minus__TiDE_KIN,21.181124774611192,32.571773850637541,53.803758940973857,53.752898625248733
792,0,average,rmse,TiDE_HCAL__minus__TiDE_CAL,-0.050860315725124394,32.571773850637541,53.803758940973857,53.752898625248733
792,0,average,crps,TiDE_CAL__minus__TiDE_KIN,11.137693269857134,23.530774846590663,34.668468116447798,34.595403899260432
792,0,average,crps,TiDE_HCAL__minus__TiDE_KIN,11.064629052669769,23.530774846590663,34.668468116447798,34.595403899260432
792,0,average,crps,TiDE_HCAL__minus__TiDE_CAL,-0.073064217187365443,23.530774846590663,34.668468116447798,34.595403899260432
792,0,average,interval_score90,TiDE_CAL__minus__TiDE_KIN,1.6807964941201021,229.41683515656851,231.09763165068861,231.09679257634869
792,0,average,interval_score90,TiDE_HCAL__minus__TiDE_KIN,1.6799574197801803,229.41683515656851,231.09763165068861,231.09679257634869
792,0,average,interval_score90,TiDE_HCAL__minus__TiDE_CAL,-0.00083907433992180813,229.41683515656851,231.09763165068861,231.09679257634869
792,0,average,coverage90,TiDE_CAL__minus__TiDE_KIN,-0.022184300341296925,1,0.97781569965870307,0.97781569965870307
792,0,average,coverage90,TiDE_HCAL__minus__TiDE_KIN,-0.022184300341296925,1,0.97781569965870307,0.97781569965870307
792,0,average,coverage90,TiDE_HCAL__minus__TiDE_CAL,0,1,0.97781569965870307,0.97781569965870307
792,0,average,width90,TiDE_CAL__minus__TiDE_KIN,0,229.41683515656851,229.41683515656851,229.41683515656851
792,0,average,width90,TiDE_HCAL__minus__TiDE_KIN,0,229.41683515656851,229.41683515656851,229.41683515656851
792,0,average,width90,TiDE_HCAL__minus__TiDE_CAL,0,229.41683515656851,229.41683515656851,229.41683515656851
792,0,ATU1,mae,TiDE_CAL__minus__TiDE_KIN,31.057574596313614,39.318256668657384,70.375831264970998,70.483951537575351
792,0,ATU1,mae,TiDE_HCAL__minus__TiDE_KIN,31.165694868917967,39.318256668657384,70.375831264970998,70.483951537575351
792,0,ATU1,mae,TiDE_HCAL__minus__TiDE_CAL,0.10812027260435286,39.318256668657384,70.375831264970998,70.483951537575351
792,0,ATU1,rmse,TiDE_CAL__minus__TiDE_KIN,33.689021177231368,43.005822330957628,76.694843508188995,76.649479766587646
792,0,ATU1,rmse,TiDE_HCAL__minus__TiDE_KIN,33.643657435630018,43.005822330957628,76.694843508188995,76.649479766587646
792,0,ATU1,rmse,TiDE_HCAL__minus__TiDE_CAL,-0.045363741601349261,43.005822330957628,76.694843508188995,76.649479766587646
792,0,ATU1,crps,TiDE_CAL__minus__TiDE_KIN,21.403951931190527,25.701639689983828,47.105591621174355,47.065669231843202
792,0,ATU1,crps,TiDE_HCAL__minus__TiDE_KIN,21.364029541859374,25.701639689983828,47.105591621174355,47.065669231843202
792,0,ATU1,crps,TiDE_HCAL__minus__TiDE_CAL,-0.039922389331152885,25.701639689983828,47.105591621174355,47.065669231843202
792,0,ATU1,interval_score90,TiDE_CAL__minus__TiDE_KIN,6.7231859764802948,203.58598966633872,210.30917564281901,210.30581934545941
792,0,ATU1,interval_score90,TiDE_HCAL__minus__TiDE_KIN,6.7198296791206928,203.58598966633872,210.30917564281901,210.30581934545941
792,0,ATU1,interval_score90,TiDE_HCAL__minus__TiDE_CAL,-0.0033562973596019674,203.58598966633872,210.30917564281901,210.30581934545941
792,0,ATU1,coverage90,TiDE_CAL__minus__TiDE_KIN,-0.088737201365187701,1,0.9112627986348123,0.9112627986348123
792,0,ATU1,coverage90,TiDE_HCAL__minus__TiDE_KIN,-0.088737201365187701,1,0.9112627986348123,0.9112627986348123
792,0,ATU1,coverage90,TiDE_HCAL__minus__TiDE_CAL,0,1,0.9112627986348123,0.9112627986348123
792,0,ATU1,width90,TiDE_CAL__minus__TiDE_KIN,0,203.58598966633872,203.58598966633872,203.58598966633872
792,0,ATU1,width90,TiDE_HCAL__minus__TiDE_KIN,0,203.58598966633872,203.58598966633872,203.58598966633872
792,0,ATU1,width90,TiDE_HCAL__minus__TiDE_CAL,0,203.58598966633872,203.58598966633872,203.58598966633872
792,0,ATU5,mae,TiDE_CAL__minus__TiDE_KIN,32.363852452003293,54.6108704588219,86.974722910825193,85.620782807324886
792,0,ATU5,mae,TiDE_HCAL__minus__TiDE_KIN,31.009912348502986,54.6108704588219,86.974722910825193,85.620782807324886
792,0,ATU5,mae,TiDE_HCAL__minus__TiDE_CAL,-1.3539401035003067,54.6108704588219,86.974722910825193,85.620782807324886
792,0,ATU5,rmse,TiDE_CAL__minus__TiDE_KIN,33.426322646284568,61.323592852122566,94.749915498407134,94.374992193786611
792,0,ATU5,rmse,TiDE_HCAL__minus__TiDE_KIN,33.051399341664045,61.323592852122566,94.749915498407134,94.374992193786611
792,0,ATU5,rmse,TiDE_HCAL__minus__TiDE_CAL,-0.37492330462052337,61.323592852122566,94.749915498407134,94.374992193786611
792,0,ATU5,crps,TiDE_CAL__minus__TiDE_KIN,19.390173902554672,36.909086705974616,56.299260608529288,56.004146397197509
792,0,ATU5,crps,TiDE_HCAL__minus__TiDE_KIN,19.095059691222893,36.909086705974616,56.299260608529288,56.004146397197509
792,0,ATU5,crps,TiDE_HCAL__minus__TiDE_CAL,-0.29511421133177862,36.909086705974616,56.299260608529288,56.004146397197509
792,0,ATU5,interval_score90,TiDE_CAL__minus__TiDE_KIN,0,303.23100634932035,303.23100634932035,303.23100634932035
792,0,ATU5,interval_score90,TiDE_HCAL__minus__TiDE_KIN,0,303.23100634932035,303.23100634932035,303.23100634932035
792,0,ATU5,interval_score90,TiDE_HCAL__minus__TiDE_CAL,0,303.23100634932035,303.23100634932035,303.23100634932035
792,0,ATU5,coverage90,TiDE_CAL__minus__TiDE_KIN,0,1,1,1
792,0,ATU5,coverage90,TiDE_HCAL__minus__TiDE_KIN,0,1,1,1
792,0,ATU5,coverage90,TiDE_HCAL__minus__TiDE_CAL,0,1,1,1
792,0,ATU5,width90,TiDE_CAL__minus__TiDE_KIN,0,303.23100634932035,303.23100634932035,303.23100634932035
792,0,ATU5,width90,TiDE_HCAL__minus__TiDE_KIN,0,303.23100634932035,303.23100634932035,303.23100634932035
792,0,ATU5,width90,TiDE_HCAL__minus__TiDE_CAL,0,303.23100634932035,303.23100634932035,303.23100634932035
792,0,MJ3,mae,TiDE_CAL__minus__TiDE_KIN,7.0795179963532648,3.8492531009917821,10.928771097345047,11.125521486595561
792,0,MJ3,mae,TiDE_HCAL__minus__TiDE_KIN,7.2762683856037791,3.8492531009917821,10.928771097345047,11.125521486595561
792,0,MJ3,mae,TiDE_HCAL__minus__TiDE_CAL,0.19675038925051425,3.8492531009917821,10.928771097345047,11.125521486595561
792,0,MJ3,rmse,TiDE_CAL__minus__TiDE_KIN,6.9818947910684361,4.2363095154899977,11.218204306558434,11.563295281670138
792,0,MJ3,rmse,TiDE_HCAL__minus__TiDE_KIN,7.3269857661801403,4.2363095154899977,11.218204306558434,11.563295281670138
792,0,MJ3,rmse,TiDE_HCAL__minus__TiDE_CAL,0.34509097511170417,4.2363095154899977,11.218204306558434,11.563295281670138
792,0,MJ3,crps,TiDE_CAL__minus__TiDE_KIN,1.1326008174920297,8.9873471208461311,10.119947938338161,10.200610830825561
792,0,MJ3,crps,TiDE_HCAL__minus__TiDE_KIN,1.2132637099794294,8.9873471208461311,10.119947938338161,10.200610830825561
792,0,MJ3,crps,TiDE_HCAL__minus__TiDE_CAL,0.080662892487399773,8.9873471208461311,10.119947938338161,10.200610830825561
792,0,MJ3,interval_score90,TiDE_CAL__minus__TiDE_KIN,0,123.8417148585545,123.8417148585545,123.8417148585545
792,0,MJ3,interval_score90,TiDE_HCAL__minus__TiDE_KIN,0,123.8417148585545,123.8417148585545,123.8417148585545
792,0,MJ3,interval_score90,TiDE_HCAL__minus__TiDE_CAL,0,123.8417148585545,123.8417148585545,123.8417148585545
792,0,MJ3,coverage90,TiDE_CAL__minus__TiDE_KIN,0,1,1,1
792,0,MJ3,coverage90,TiDE_HCAL__minus__TiDE_KIN,0,1,1,1
792,0,MJ3,coverage90,TiDE_HCAL__minus__TiDE_CAL,0,1,1,1
792,0,MJ3,width90,TiDE_CAL__minus__TiDE_KIN,0,123.8417148585545,123.8417148585545,123.8417148585545
792,0,MJ3,width90,TiDE_HCAL__minus__TiDE_KIN,0,123.8417148585545,123.8417148585545,123.8417148585545
792,0,MJ3,width90,TiDE_HCAL__minus__TiDE_CAL,0,123.8417148585545,123.8417148585545,123.8417148585545
792,0,MJ1,mae,TiDE_CAL__minus__TiDE_KIN,11.847181153736429,17.613934581167097,29.461115734903526,29.140893475006735
792,0,MJ1,mae,TiDE_HCAL__minus__TiDE_KIN,11.526958893839637,17.613934581167097,29.461115734903526,29.140893475006735
792,0,MJ1,mae,TiDE_HCAL__minus__TiDE_CAL,-0.32022225989679143,17.613934581167097,29.461115734903526,29.140893475006735
792,0,MJ1,rmse,TiDE_CAL__minus__TiDE_KIN,10.830701746760841,21.721370703979996,32.552072450740837,32.423827258950524
792,0,MJ1,rmse,TiDE_HCAL__minus__TiDE_KIN,10.702456554970528,21.721370703979996,32.552072450740837,32.423827258950524
792,0,MJ1,rmse,TiDE_HCAL__minus__TiDE_CAL,-0.12824519179031313,21.721370703979996,32.552072450740837,32.423827258950524
792,0,MJ1,crps,TiDE_CAL__minus__TiDE_KIN,2.6240464281913134,22.525025869558078,25.149072297749392,25.111189137175479
792,0,MJ1,crps,TiDE_HCAL__minus__TiDE_KIN,2.5861632676174011,22.525025869558078,25.149072297749392,25.111189137175479
792,0,MJ1,crps,TiDE_HCAL__minus__TiDE_CAL,-0.037883160573912278,22.525025869558078,25.149072297749392,25.111189137175479
792,0,MJ1,interval_score90,TiDE_CAL__minus__TiDE_KIN,0,287.00862975206053,287.00862975206053,287.00862975206053
792,0,MJ1,interval_score90,TiDE_HCAL__minus__TiDE_KIN,0,287.00862975206053,287.00862975206053,287.00862975206053
792,0,MJ1,interval_score90,TiDE_HCAL__minus__TiDE_CAL,0,287.00862975206053,287.00862975206053,287.00862975206053
792,0,MJ1,coverage90,TiDE_CAL__minus__TiDE_KIN,0,1,1,1
792,0,MJ1,coverage90,TiDE_HCAL__minus__TiDE_KIN,0,1,1,1
792,0,MJ1,coverage90,TiDE_HCAL__minus__TiDE_CAL,0,1,1,1
792,0,MJ1,width90,TiDE_CAL__minus__TiDE_KIN,0,287.00862975206053,287.00862975206053,287.00862975206053
792,0,MJ1,width90,TiDE_HCAL__minus__TiDE_KIN,0,287.00862975206053,287.00862975206053,287.00862975206053
792,0,MJ1,width90,TiDE_HCAL__minus__TiDE_CAL,0,287.00862975206053,287.00862975206053,287.00862975206053
792,1,average,mae,TiDE_CAL__minus__TiDE_KIN,-0.77565754691288369,16.430827580387938,15.655170033475054,15.513556737430903
792,1,average,mae,TiDE_HCAL__minus__TiDE_KIN,-0.9172708429570342,16.430827580387938,15.655170033475054,15.513556737430903
792,1,average,mae,TiDE_HCAL__minus__TiDE_CAL,-0.14161329604415052,16.430827580387938,15.655170033475054,15.513556737430903
792,1,average,rmse,TiDE_CAL__minus__TiDE_KIN,-3.8383499433753236,22.057384938693485,18.219034995318161,17.885387735810799
792,1,average,rmse,TiDE_HCAL__minus__TiDE_KIN,-4.1719972028826859,22.057384938693485,18.219034995318161,17.885387735810799
792,1,average,rmse,TiDE_HCAL__minus__TiDE_CAL,-0.33364725950736229,22.057384938693485,18.219034995318161,17.885387735810799
792,1,average,crps,TiDE_CAL__minus__TiDE_KIN,-1.0687229385069372,19.439427462953905,18.370704524446968,18.285876941017975
792,1,average,crps,TiDE_HCAL__minus__TiDE_KIN,-1.1535505219359301,19.439427462953905,18.370704524446968,18.285876941017975
792,1,average,crps,TiDE_HCAL__minus__TiDE_CAL,-0.084827583428992881,19.439427462953905,18.370704524446968,18.285876941017975
792,1,average,interval_score90,TiDE_CAL__minus__TiDE_KIN,0,229.41683515656851,229.41683515656851,229.41683515656851
792,1,average,interval_score90,TiDE_HCAL__minus__TiDE_KIN,0,229.41683515656851,229.41683515656851,229.41683515656851
792,1,average,interval_score90,TiDE_HCAL__minus__TiDE_CAL,0,229.41683515656851,229.41683515656851,229.41683515656851
792,1,average,coverage90,TiDE_CAL__minus__TiDE_KIN,0,1,1,1
792,1,average,coverage90,TiDE_HCAL__minus__TiDE_KIN,0,1,1,1
792,1,average,coverage90,TiDE_HCAL__minus__TiDE_CAL,0,1,1,1
792,1,average,width90,TiDE_CAL__minus__TiDE_KIN,0,229.41683515656851,229.41683515656851,229.41683515656851
792,1,average,width90,TiDE_HCAL__minus__TiDE_KIN,0,229.41683515656851,229.41683515656851,229.41683515656851
792,1,average,width90,TiDE_HCAL__minus__TiDE_CAL,0,229.41683515656851,229.41683515656851,229.41683515656851
792,1,ATU1,mae,TiDE_CAL__minus__TiDE_KIN,0.16102325865990608,19.23285544559311,19.393878704253016,19.313492906011763
792,1,ATU1,mae,TiDE_HCAL__minus__TiDE_KIN,0.080637460418653717,19.23285544559311,19.393878704253016,19.313492906011763
792,1,ATU1,mae,TiDE_HCAL__minus__TiDE_CAL,-0.08038579824125236,19.23285544559311,19.393878704253016,19.313492906011763
792,1,ATU1,rmse,TiDE_CAL__minus__TiDE_KIN,-2.7005551719026215,25.968851529377663,23.268296357475041,22.612556454157406
792,1,ATU1,rmse,TiDE_HCAL__minus__TiDE_KIN,-3.3562950752202561,25.968851529377663,23.268296357475041,22.612556454157406
792,1,ATU1,rmse,TiDE_HCAL__minus__TiDE_CAL,-0.65573990331763454,25.968851529377663,23.268296357475041,22.612556454157406
792,1,ATU1,crps,TiDE_CAL__minus__TiDE_KIN,-0.75428322444255969,18.627841847500147,17.873558623057587,17.691175950666263
792,1,ATU1,crps,TiDE_HCAL__minus__TiDE_KIN,-0.93666589683388324,18.627841847500147,17.873558623057587,17.691175950666263
792,1,ATU1,crps,TiDE_HCAL__minus__TiDE_CAL,-0.18238267239132355,18.627841847500147,17.873558623057587,17.691175950666263
792,1,ATU1,interval_score90,TiDE_CAL__minus__TiDE_KIN,0,203.58598966633872,203.58598966633872,203.58598966633872
792,1,ATU1,interval_score90,TiDE_HCAL__minus__TiDE_KIN,0,203.58598966633872,203.58598966633872,203.58598966633872
792,1,ATU1,interval_score90,TiDE_HCAL__minus__TiDE_CAL,0,203.58598966633872,203.58598966633872,203.58598966633872
792,1,ATU1,coverage90,TiDE_CAL__minus__TiDE_KIN,0,1,1,1
792,1,ATU1,coverage90,TiDE_HCAL__minus__TiDE_KIN,0,1,1,1
792,1,ATU1,coverage90,TiDE_HCAL__minus__TiDE_CAL,0,1,1,1
792,1,ATU1,width90,TiDE_CAL__minus__TiDE_KIN,0,203.58598966633872,203.58598966633872,203.58598966633872
792,1,ATU1,width90,TiDE_HCAL__minus__TiDE_KIN,0,203.58598966633872,203.58598966633872,203.58598966633872
792,1,ATU1,width90,TiDE_HCAL__minus__TiDE_CAL,0,203.58598966633872,203.58598966633872,203.58598966633872
792,1,ATU5,mae,TiDE_CAL__minus__TiDE_KIN,-3.6932712703024571,25.719434816648807,22.02616354634635,21.31192907779619
792,1,ATU5,mae,TiDE_HCAL__minus__TiDE_KIN,-4.4075057388526169,25.719434816648807,22.02616354634635,21.31192907779619
792,1,ATU5,mae,TiDE_HCAL__minus__TiDE_CAL,-0.71423446855015982,25.719434816648807,22.02616354634635,21.31192907779619
792,1,ATU5,rmse,TiDE_CAL__minus__TiDE_KIN,-9.1412201528470618,34.296334934060567,25.155114781213506,24.261758194028488
792,1,ATU5,rmse,TiDE_HCAL__minus__TiDE_KIN,-10.03457674003208,34.296334934060567,25.155114781213506,24.261758194028488
792,1,ATU5,rmse,TiDE_HCAL__minus__TiDE_CAL,-0.89335658718501776,34.296334934060567,25.155114781213506,24.261758194028488
792,1,ATU5,crps,TiDE_CAL__minus__TiDE_KIN,-2.2072743317563841,26.454829417029529,24.247555085273145,24.061213623177373
792,1,ATU5,crps,TiDE_HCAL__minus__TiDE_KIN,-2.3936157938521561,26.454829417029529,24.247555085273145,24.061213623177373
792,1,ATU5,crps,TiDE_HCAL__minus__TiDE_CAL,-0.18634146209577196,26.454829417029529,24.247555085273145,24.061213623177373
792,1,ATU5,interval_score90,TiDE_CAL__minus__TiDE_KIN,0,303.23100634932035,303.23100634932035,303.23100634932035
792,1,ATU5,interval_score90,TiDE_HCAL__minus__TiDE_KIN,0,303.23100634932035,303.23100634932035,303.23100634932035
792,1,ATU5,interval_score90,TiDE_HCAL__minus__TiDE_CAL,0,303.23100634932035,303.23100634932035,303.23100634932035
792,1,ATU5,coverage90,TiDE_CAL__minus__TiDE_KIN,0,1,1,1
792,1,ATU5,coverage90,TiDE_HCAL__minus__TiDE_KIN,0,1,1,1
792,1,ATU5,coverage90,TiDE_HCAL__minus__TiDE_CAL,0,1,1,1
792,1,ATU5,width90,TiDE_CAL__minus__TiDE_KIN,0,303.23100634932035,303.23100634932035,303.23100634932035
792,1,ATU5,width90,TiDE_HCAL__minus__TiDE_KIN,0,303.23100634932035,303.23100634932035,303.23100634932035
792,1,ATU5,width90,TiDE_HCAL__minus__TiDE_CAL,0,303.23100634932035,303.23100634932035,303.23100634932035
792,1,MJ3,mae,TiDE_CAL__minus__TiDE_KIN,-2.3521036330532468,12.441118967673702,10.089015334620456,10.258428955922597
792,1,MJ3,mae,TiDE_HCAL__minus__TiDE_KIN,-2.1826900117511059,12.441118967673702,10.089015334620456,10.258428955922597
792,1,MJ3,mae,TiDE_HCAL__minus__TiDE_CAL,0.16941362130214088,12.441118967673702,10.089015334620456,10.258428955922597
792,1,MJ3,rmse,TiDE_CAL__minus__TiDE_KIN,-5.3639126910470996,17.117788503587931,11.753875812540832,11.786427503280679
792,1,MJ3,rmse,TiDE_HCAL__minus__TiDE_KIN,-5.3313610003072522,17.117788503587931,11.753875812540832,11.786427503280679
792,1,MJ3,rmse,TiDE_HCAL__minus__TiDE_CAL,0.032551690739847317,17.117788503587931,11.753875812540832,11.786427503280679
792,1,MJ3,crps,TiDE_CAL__minus__TiDE_KIN,-1.5127669217325757,11.750793866572021,10.238026944839445,10.246286714797019
792,1,MJ3,crps,TiDE_HCAL__minus__TiDE_KIN,-1.5045071517750017,11.750793866572021,10.238026944839445,10.246286714797019
792,1,MJ3,crps,TiDE_HCAL__minus__TiDE_CAL,0.0082597699575739369,11.750793866572021,10.238026944839445,10.246286714797019
792,1,MJ3,interval_score90,TiDE_CAL__minus__TiDE_KIN,0,123.8417148585545,123.8417148585545,123.8417148585545
792,1,MJ3,interval_score90,TiDE_HCAL__minus__TiDE_KIN,0,123.8417148585545,123.8417148585545,123.8417148585545
792,1,MJ3,interval_score90,TiDE_HCAL__minus__TiDE_CAL,0,123.8417148585545,123.8417148585545,123.8417148585545
792,1,MJ3,coverage90,TiDE_CAL__minus__TiDE_KIN,0,1,1,1
792,1,MJ3,coverage90,TiDE_HCAL__minus__TiDE_KIN,0,1,1,1
792,1,MJ3,coverage90,TiDE_HCAL__minus__TiDE_CAL,0,1,1,1
792,1,MJ3,width90,TiDE_CAL__minus__TiDE_KIN,0,123.8417148585545,123.8417148585545,123.8417148585545
792,1,MJ3,width90,TiDE_HCAL__minus__TiDE_KIN,0,123.8417148585545,123.8417148585545,123.8417148585545
792,1,MJ3,width90,TiDE_HCAL__minus__TiDE_CAL,0,123.8417148585545,123.8417148585545,123.8417148585545
792,1,MJ1,mae,TiDE_CAL__minus__TiDE_KIN,2.7817214570442648,8.3299010916361276,11.111622548680392,11.170376009993067
792,1,MJ1,mae,TiDE_HCAL__minus__TiDE_KIN,2.8404749183569393,8.3299010916361276,11.111622548680392,11.170376009993067
792,1,MJ1,mae,TiDE_HCAL__minus__TiDE_CAL,0.05875346131267456,8.3299010916361276,11.111622548680392,11.170376009993067
792,1,MJ1,rmse,TiDE_CAL__minus__TiDE_KIN,1.8522882422954847,10.846564787747779,12.698853030043264,12.880808791776621
792,1,MJ1,rmse,TiDE_HCAL__minus__TiDE_KIN,2.0342440040288423,10.846564787747779,12.698853030043264,12.880808791776621
792,1,MJ1,rmse,TiDE_HCAL__minus__TiDE_CAL,0.18195576173335759,10.846564787747779,12.698853030043264,12.880808791776621
792,1,MJ1,crps,TiDE_CAL__minus__TiDE_KIN,0.19943272390377942,20.924244720713915,21.123677444617694,21.144831475431246
792,1,MJ1,crps,TiDE_HCAL__minus__TiDE_KIN,0.22058675471733125,20.924244720713915,21.123677444617694,21.144831475431246
792,1,MJ1,crps,TiDE_HCAL__minus__TiDE_CAL,0.021154030813551827,20.924244720713915,21.123677444617694,21.144831475431246
792,1,MJ1,interval_score90,TiDE_CAL__minus__TiDE_KIN,0,287.00862975206053,287.00862975206053,287.00862975206053
792,1,MJ1,interval_score90,TiDE_HCAL__minus__TiDE_KIN,0,287.00862975206053,287.00862975206053,287.00862975206053
792,1,MJ1,interval_score90,TiDE_HCAL__minus__TiDE_CAL,0,287.00862975206053,287.00862975206053,287.00862975206053
792,1,MJ1,coverage90,TiDE_CAL__minus__TiDE_KIN,0,1,1,1
792,1,MJ1,coverage90,TiDE_HCAL__minus__TiDE_KIN,0,1,1,1
792,1,MJ1,coverage90,TiDE_HCAL__minus__TiDE_CAL,0,1,1,1
792,1,MJ1,width90,TiDE_CAL__minus__TiDE_KIN,0,287.00862975206053,287.00862975206053,287.00862975206053
792,1,MJ1,width90,TiDE_HCAL__minus__TiDE_KIN,0,287.00862975206053,287.00862975206053,287.00862975206053
792,1,MJ1,width90,TiDE_HCAL__minus__TiDE_CAL,0,287.00862975206053,287.00862975206053,287.00862975206053
792,2,average,mae,TiDE_CAL__minus__TiDE_KIN,21.20828869835907,44.276784302746051,65.485073001105121,64.912867806780213
792,2,average,mae,TiDE_HCAL__minus__TiDE_KIN,20.636083504034161,44.276784302746051,65.485073001105121,64.912867806780213
792,2,average,mae,TiDE_HCAL__minus__TiDE_CAL,-0.57220519432490846,44.276784302746051,65.485073001105121,64.912867806780213
792,2,average,rmse,TiDE_CAL__minus__TiDE_KIN,21.996338694613023,47.13048892371139,69.126827618324413,68.878095125262604
792,2,average,rmse,TiDE_HCAL__minus__TiDE_KIN,21.747606201551214,47.13048892371139,69.126827618324413,68.878095125262604
792,2,average,rmse,TiDE_HCAL__minus__TiDE_CAL,-0.24873249306180867,47.13048892371139,69.126827618324413,68.878095125262604
792,2,average,crps,TiDE_CAL__minus__TiDE_KIN,14.365634937402035,34.118027646372937,48.483662583774972,48.332754215101005
792,2,average,crps,TiDE_HCAL__minus__TiDE_KIN,14.214726568728068,34.118027646372937,48.483662583774972,48.332754215101005
792,2,average,crps,TiDE_HCAL__minus__TiDE_CAL,-0.15090836867396717,34.118027646372937,48.483662583774972,48.332754215101005
792,2,average,interval_score90,TiDE_CAL__minus__TiDE_KIN,96.07814494438648,232.95112996780986,329.02927491219634,329.02769279609538
792,2,average,interval_score90,TiDE_HCAL__minus__TiDE_KIN,96.076562828285518,232.95112996780986,329.02927491219634,329.02769279609538
792,2,average,interval_score90,TiDE_HCAL__minus__TiDE_CAL,-0.0015821161009625939,232.95112996780986,329.02927491219634,329.02769279609538
792,2,average,coverage90,TiDE_CAL__minus__TiDE_KIN,-0.21757679180887368,0.97184300341296925,0.75426621160409557,0.75426621160409557
792,2,average,coverage90,TiDE_HCAL__minus__TiDE_KIN,-0.21757679180887368,0.97184300341296925,0.75426621160409557,0.75426621160409557
792,2,average,coverage90,TiDE_HCAL__minus__TiDE_CAL,0,0.97184300341296925,0.75426621160409557,0.75426621160409557
792,2,average,width90,TiDE_CAL__minus__TiDE_KIN,0,229.41683515656851,229.41683515656851,229.41683515656851
792,2,average,width90,TiDE_HCAL__minus__TiDE_KIN,0,229.41683515656851,229.41683515656851,229.41683515656851
792,2,average,width90,TiDE_HCAL__minus__TiDE_CAL,0,229.41683515656851,229.41683515656851,229.41683515656851
792,2,ATU1,mae,TiDE_CAL__minus__TiDE_KIN,32.367330698987459,74.167407475067989,106.53473817405545,106.37709245146755
792,2,ATU1,mae,TiDE_HCAL__minus__TiDE_KIN,32.209684976399558,74.167407475067989,106.53473817405545,106.37709245146755
792,2,ATU1,mae,TiDE_HCAL__minus__TiDE_CAL,-0.1576457225879011,74.167407475067989,106.53473817405545,106.37709245146755
792,2,ATU1,rmse,TiDE_CAL__minus__TiDE_KIN,34.486263345086769,78.597916040117198,113.08417938520397,113.04303994367244
792,2,ATU1,rmse,TiDE_HCAL__minus__TiDE_KIN,34.445123903555242,78.597916040117198,113.08417938520397,113.04303994367244
792,2,ATU1,rmse,TiDE_HCAL__minus__TiDE_CAL,-0.041139441531527154,78.597916040117198,113.08417938520397,113.04303994367244
792,2,ATU1,crps,TiDE_CAL__minus__TiDE_KIN,28.542603535391372,48.614923065408298,77.15752660079967,77.100330385648846
792,2,ATU1,crps,TiDE_HCAL__minus__TiDE_KIN,28.485407320240547,48.614923065408298,77.15752660079967,77.100330385648846
792,2,ATU1,crps,TiDE_HCAL__minus__TiDE_CAL,-0.057196215150824514,48.614923065408298,77.15752660079967,77.100330385648846
792,2,ATU1,interval_score90,TiDE_CAL__minus__TiDE_KIN,340.52157100793033,217.7231689113041,558.24473991923446,558.23869237137797
792,2,ATU1,interval_score90,TiDE_HCAL__minus__TiDE_KIN,340.51552346007384,217.7231689113041,558.24473991923446,558.23869237137797
792,2,ATU1,interval_score90,TiDE_HCAL__minus__TiDE_CAL,-0.0060475478564967489,217.7231689113041,558.24473991923446,558.23869237137797
792,2,ATU1,coverage90,TiDE_CAL__minus__TiDE_KIN,-0.59385665529010234,0.88737201365187712,0.29351535836177473,0.29351535836177473
792,2,ATU1,coverage90,TiDE_HCAL__minus__TiDE_KIN,-0.59385665529010234,0.88737201365187712,0.29351535836177473,0.29351535836177473
792,2,ATU1,coverage90,TiDE_HCAL__minus__TiDE_CAL,0,0.88737201365187712,0.29351535836177473,0.29351535836177473
792,2,ATU1,width90,TiDE_CAL__minus__TiDE_KIN,0,203.58598966633872,203.58598966633872,203.58598966633872
792,2,ATU1,width90,TiDE_HCAL__minus__TiDE_KIN,0,203.58598966633872,203.58598966633872,203.58598966633872
792,2,ATU1,width90,TiDE_HCAL__minus__TiDE_CAL,0,203.58598966633872,203.58598966633872,203.58598966633872
792,2,ATU5,mae,TiDE_CAL__minus__TiDE_KIN,33.307885022105822,92.140396987051346,125.44828200915717,124.28150839439726
792,2,ATU5,mae,TiDE_HCAL__minus__TiDE_KIN,32.141111407345917,92.140396987051346,125.44828200915717,124.28150839439726
792,2,ATU5,mae,TiDE_HCAL__minus__TiDE_CAL,-1.1667736147599044,92.140396987051346,125.44828200915717,124.28150839439726
792,2,ATU5,rmse,TiDE_CAL__minus__TiDE_KIN,34.608435562110216,96.965722061480975,131.57415762359119,131.16505544832393
792,2,ATU5,rmse,TiDE_HCAL__minus__TiDE_KIN,34.199333386842952,96.965722061480975,131.57415762359119,131.16505544832393
792,2,ATU5,rmse,TiDE_HCAL__minus__TiDE_CAL,-0.40910217526726456,96.965722061480975,131.57415762359119,131.16505544832393
792,2,ATU5,crps,TiDE_CAL__minus__TiDE_KIN,26.122418539392122,58.135280038999333,84.257698578391455,83.815989263248255
792,2,ATU5,crps,TiDE_HCAL__minus__TiDE_KIN,25.680709224248922,58.135280038999333,84.257698578391455,83.815989263248255
792,2,ATU5,crps,TiDE_HCAL__minus__TiDE_CAL,-0.44170931514319989,58.135280038999333,84.257698578391455,83.815989263248255
792,2,ATU5,interval_score90,TiDE_CAL__minus__TiDE_KIN,43.79100876961536,303.23100634932035,347.02201511893571,347.0217342023887
792,2,ATU5,interval_score90,TiDE_HCAL__minus__TiDE_KIN,43.790727853068347,303.23100634932035,347.02201511893571,347.0217342023887
792,2,ATU5,interval_score90,TiDE_HCAL__minus__TiDE_CAL,-0.0002809165470125663,303.23100634932035,347.02201511893571,347.0217342023887
792,2,ATU5,coverage90,TiDE_CAL__minus__TiDE_KIN,-0.2764505119453925,1,0.7235494880546075,0.7235494880546075
792,2,ATU5,coverage90,TiDE_HCAL__minus__TiDE_KIN,-0.2764505119453925,1,0.7235494880546075,0.7235494880546075
792,2,ATU5,coverage90,TiDE_HCAL__minus__TiDE_CAL,0,1,0.7235494880546075,0.7235494880546075
792,2,ATU5,width90,TiDE_CAL__minus__TiDE_KIN,0,303.23100634932035,303.23100634932035,303.23100634932035
792,2,ATU5,width90,TiDE_HCAL__minus__TiDE_KIN,0,303.23100634932035,303.23100634932035,303.23100634932035
792,2,ATU5,width90,TiDE_HCAL__minus__TiDE_CAL,0,303.23100634932035,303.23100634932035,303.23100634932035
792,2,MJ3,mae,TiDE_CAL__minus__TiDE_KIN,8.737782538022369,2.902501795313202,11.640284333335572,11.451745094084874
792,2,MJ3,mae,TiDE_HCAL__minus__TiDE_KIN,8.5492432987716711,2.902501795313202,11.640284333335572,11.451745094084874
792,2,MJ3,mae,TiDE_HCAL__minus__TiDE_CAL,-0.18853923925069793,2.902501795313202,11.640284333335572,11.451745094084874
792,2,MJ3,rmse,TiDE_CAL__minus__TiDE_KIN,8.2805067855621424,4.1529800412424382,12.433486826804581,12.321413947295714
792,2,MJ3,rmse,TiDE_HCAL__minus__TiDE_KIN,8.1684339060532754,4.1529800412424382,12.433486826804581,12.321413947295714
792,2,MJ3,rmse,TiDE_HCAL__minus__TiDE_CAL,-0.11207287950886702,4.1529800412424382,12.433486826804581,12.321413947295714
792,2,MJ3,crps,TiDE_CAL__minus__TiDE_KIN,1.4371095880768419,8.9792577809064831,10.416367368983325,10.387297205006879
792,2,MJ3,crps,TiDE_HCAL__minus__TiDE_KIN,1.4080394241003962,8.9792577809064831,10.416367368983325,10.387297205006879
792,2,MJ3,crps,TiDE_HCAL__minus__TiDE_CAL,-0.029070163976445684,8.9792577809064831,10.416367368983325,10.387297205006879
792,2,MJ3,interval_score90,TiDE_CAL__minus__TiDE_KIN,0,123.8417148585545,123.8417148585545,123.8417148585545
792,2,MJ3,interval_score90,TiDE_HCAL__minus__TiDE_KIN,0,123.8417148585545,123.8417148585545,123.8417148585545
792,2,MJ3,interval_score90,TiDE_HCAL__minus__TiDE_CAL,0,123.8417148585545,123.8417148585545,123.8417148585545
792,2,MJ3,coverage90,TiDE_CAL__minus__TiDE_KIN,0,1,1,1
792,2,MJ3,coverage90,TiDE_HCAL__minus__TiDE_KIN,0,1,1,1
792,2,MJ3,coverage90,TiDE_HCAL__minus__TiDE_CAL,0,1,1,1
792,2,MJ3,width90,TiDE_CAL__minus__TiDE_KIN,0,123.8417148585545,123.8417148585545,123.8417148585545
792,2,MJ3,width90,TiDE_HCAL__minus__TiDE_KIN,0,123.8417148585545,123.8417148585545,123.8417148585545
792,2,MJ3,width90,TiDE_HCAL__minus__TiDE_CAL,0,123.8417148585545,123.8417148585545,123.8417148585545
792,2,MJ1,mae,TiDE_CAL__minus__TiDE_KIN,10.420156534320666,7.8968309535516479,18.316987487872314,17.541125287171145
792,2,MJ1,mae,TiDE_HCAL__minus__TiDE_KIN,9.6442943336194968,7.8968309535516479,18.316987487872314,17.541125287171145
792,2,MJ1,mae,TiDE_HCAL__minus__TiDE_CAL,-0.77586220070116951,7.8968309535516479,18.316987487872314,17.541125287171145
792,2,MJ1,rmse,TiDE_CAL__minus__TiDE_KIN,10.610149085692957,8.8053375520049357,19.415486637697892,18.982871161758343
792,2,MJ1,rmse,TiDE_HCAL__minus__TiDE_KIN,10.177533609753407,8.8053375520049357,19.415486637697892,18.982871161758343
792,2,MJ1,rmse,TiDE_HCAL__minus__TiDE_CAL,-0.4326154759395493,8.8053375520049357,19.415486637697892,18.982871161758343
792,2,MJ1,crps,TiDE_CAL__minus__TiDE_KIN,1.3604080867478068,20.742649700177651,22.103057786925458,22.027400006500024
792,2,MJ1,crps,TiDE_HCAL__minus__TiDE_KIN,1.2847503063223726,20.742649700177651,22.103057786925458,22.027400006500024
792,2,MJ1,crps,TiDE_HCAL__minus__TiDE_CAL,-0.07565778042543414,20.742649700177651,22.103057786925458,22.027400006500024
792,2,MJ1,interval_score90,TiDE_CAL__minus__TiDE_KIN,0,287.00862975206053,287.00862975206053,287.00862975206053
792,2,MJ1,interval_score90,TiDE_HCAL__minus__TiDE_KIN,0,287.00862975206053,287.00862975206053,287.00862975206053
792,2,MJ1,interval_score90,TiDE_HCAL__minus__TiDE_CAL,0,287.00862975206053,287.00862975206053,287.00862975206053
792,2,MJ1,coverage90,TiDE_CAL__minus__TiDE_KIN,0,1,1,1
792,2,MJ1,coverage90,TiDE_HCAL__minus__TiDE_KIN,0,1,1,1
792,2,MJ1,coverage90,TiDE_HCAL__minus__TiDE_CAL,0,1,1,1
792,2,MJ1,width90,TiDE_CAL__minus__TiDE_KIN,0,287.00862975206053,287.00862975206053,287.00862975206053
792,2,MJ1,width90,TiDE_HCAL__minus__TiDE_KIN,0,287.00862975206053,287.00862975206053,287.00862975206053
792,2,MJ1,width90,TiDE_HCAL__minus__TiDE_CAL,0,287.00862975206053,287.00862975206053,287.00862975206053
972,ensemble,average,mae,TiDE_CAL__minus__TiDE_KIN,12.392240019546982,4.5060803398446163,16.898320359391597,18.004682030184338
972,ensemble,average,mae,TiDE_HCAL__minus__TiDE_KIN,13.498601690339722,4.5060803398446163,16.898320359391597,18.004682030184338
972,ensemble,average,mae,TiDE_HCAL__minus__TiDE_CAL,1.1063616707927402,4.5060803398446163,16.898320359391597,18.004682030184338
972,ensemble,average,rmse,TiDE_CAL__minus__TiDE_KIN,12.450133852410261,5.5340821410410443,17.984215993451304,19.006907597075426
972,ensemble,average,rmse,TiDE_HCAL__minus__TiDE_KIN,13.472825456034382,5.5340821410410443,17.984215993451304,19.006907597075426
972,ensemble,average,rmse,TiDE_HCAL__minus__TiDE_CAL,1.0226916036241214,5.5340821410410443,17.984215993451304,19.006907597075426
972,ensemble,average,crps,TiDE_CAL__minus__TiDE_KIN,6.4091310189751995,7.403384298644121,13.81251531761932,14.141273030970563
972,ensemble,average,crps,TiDE_HCAL__minus__TiDE_KIN,6.737888732326442,7.403384298644121,13.81251531761932,14.141273030970563
972,ensemble,average,crps,TiDE_HCAL__minus__TiDE_CAL,0.32875771335124249,7.403384298644121,13.81251531761932,14.141273030970563
972,ensemble,average,interval_score90,TiDE_CAL__minus__TiDE_KIN,54.090911110369504,101.8712640804434,155.9621751908129,156.08287231143848
972,ensemble,average,interval_score90,TiDE_HCAL__minus__TiDE_KIN,54.211608230995083,101.8712640804434,155.9621751908129,156.08287231143848
972,ensemble,average,interval_score90,TiDE_HCAL__minus__TiDE_CAL,0.12069712062557869,101.8712640804434,155.9621751908129,156.08287231143848
972,ensemble,average,coverage90,TiDE_CAL__minus__TiDE_KIN,0.12883959044368598,0.87116040955631402,1,1
972,ensemble,average,coverage90,TiDE_HCAL__minus__TiDE_KIN,0.12883959044368598,0.87116040955631402,1,1
972,ensemble,average,coverage90,TiDE_HCAL__minus__TiDE_CAL,0,0.87116040955631402,1,1
972,ensemble,average,width90,TiDE_CAL__minus__TiDE_KIN,77.569879093938255,78.392296096874645,155.9621751908129,156.08287231143848
972,ensemble,average,width90,TiDE_HCAL__minus__TiDE_KIN,77.690576214563833,78.392296096874645,155.9621751908129,156.08287231143848
972,ensemble,average,width90,TiDE_HCAL__minus__TiDE_CAL,0.12069712062557869,78.392296096874645,155.9621751908129,156.08287231143848
972,ensemble,ATU1,mae,TiDE_CAL__minus__TiDE_KIN,25.608812140983801,2.0190747067655237,27.627886847749323,30.337180630785202
972,ensemble,ATU1,mae,TiDE_HCAL__minus__TiDE_KIN,28.31810592401968,2.0190747067655237,27.627886847749323,30.337180630785202
972,ensemble,ATU1,mae,TiDE_HCAL__minus__TiDE_CAL,2.7092937830358785,2.0190747067655237,27.627886847749323,30.337180630785202
972,ensemble,ATU1,rmse,TiDE_CAL__minus__TiDE_KIN,27.19944886208895,2.3676720935071289,29.567120955596078,32.302794390120319
972,ensemble,ATU1,rmse,TiDE_HCAL__minus__TiDE_KIN,29.935122296613191,2.3676720935071289,29.567120955596078,32.302794390120319
972,ensemble,ATU1,rmse,TiDE_HCAL__minus__TiDE_CAL,2.7356734345242408,2.3676720935071289,29.567120955596078,32.302794390120319
972,ensemble,ATU1,crps,TiDE_CAL__minus__TiDE_KIN,13.322143241940177,8.2315698699106417,21.553713111850819,22.470634388948774
972,ensemble,ATU1,crps,TiDE_HCAL__minus__TiDE_KIN,14.239064519038132,8.2315698699106417,21.553713111850819,22.470634388948774
972,ensemble,ATU1,crps,TiDE_HCAL__minus__TiDE_CAL,0.91692127709795557,8.2315698699106417,21.553713111850819,22.470634388948774
972,ensemble,ATU1,interval_score90,TiDE_CAL__minus__TiDE_KIN,121.23741633154486,114.97513147516409,236.21254780670895,236.37887339595466
972,ensemble,ATU1,interval_score90,TiDE_HCAL__minus__TiDE_KIN,121.40374192079057,114.97513147516409,236.21254780670895,236.37887339595466
972,ensemble,ATU1,interval_score90,TiDE_HCAL__minus__TiDE_CAL,0.16632558924570162,114.97513147516409,236.21254780670895,236.37887339595466
972,ensemble,ATU1,coverage90,TiDE_CAL__minus__TiDE_KIN,0,1,1,1
972,ensemble,ATU1,coverage90,TiDE_HCAL__minus__TiDE_KIN,0,1,1,1
972,ensemble,ATU1,coverage90,TiDE_HCAL__minus__TiDE_CAL,0,1,1,1
972,ensemble,ATU1,width90,TiDE_CAL__minus__TiDE_KIN,121.23741633154486,114.97513147516409,236.21254780670895,236.37887339595466
972,ensemble,ATU1,width90,TiDE_HCAL__minus__TiDE_KIN,121.40374192079057,114.97513147516409,236.21254780670895,236.37887339595466
972,ensemble,ATU1,width90,TiDE_HCAL__minus__TiDE_CAL,0.16632558924570162,114.97513147516409,236.21254780670895,236.37887339595466
972,ensemble,ATU5,mae,TiDE_CAL__minus__TiDE_KIN,20.031922520781862,5.2435798915656546,25.275502412347517,26.440315739806643
972,ensemble,ATU5,mae,TiDE_HCAL__minus__TiDE_KIN,21.196735848240987,5.2435798915656546,25.275502412347517,26.440315739806643
972,ensemble,ATU5,mae,TiDE_HCAL__minus__TiDE_CAL,1.1648133274591252,5.2435798915656546,25.275502412347517,26.440315739806643
972,ensemble,ATU5,rmse,TiDE_CAL__minus__TiDE_KIN,20.110992001311722,6.4263268603548003,26.53731886166652,27.491968631105205
972,ensemble,ATU5,rmse,TiDE_HCAL__minus__TiDE_KIN,21.065641770750403,6.4263268603548003,26.53731886166652,27.491968631105205
972,ensemble,ATU5,rmse,TiDE_HCAL__minus__TiDE_CAL,0.95464976943868507,6.4263268603548003,26.53731886166652,27.491968631105205
972,ensemble,ATU5,crps,TiDE_CAL__minus__TiDE_KIN,11.702088961529478,11.078593365562304,22.780682327091782,23.012009520192446
972,ensemble,ATU5,crps,TiDE_HCAL__minus__TiDE_KIN,11.933416154630143,11.078593365562304,22.780682327091782,23.012009520192446
972,ensemble,ATU5,crps,TiDE_HCAL__minus__TiDE_CAL,0.23132719310066463,11.078593365562304,22.780682327091782,23.012009520192446
972,ensemble,ATU5,interval_score90,TiDE_CAL__minus__TiDE_KIN,122.6953351777222,150.91466474882327,273.60999992654547,273.42024171733374
972,ensemble,ATU5,interval_score90,TiDE_HCAL__minus__TiDE_KIN,122.50557696851047,150.91466474882327,273.60999992654547,273.42024171733374
972,ensemble,ATU5,interval_score90,TiDE_HCAL__minus__TiDE_CAL,-0.18975820921173181,150.91466474882327,273.60999992654547,273.42024171733374
972,ensemble,ATU5,coverage90,TiDE_CAL__minus__TiDE_KIN,0,1,1,1
972,ensemble,ATU5,coverage90,TiDE_HCAL__minus__TiDE_KIN,0,1,1,1
972,ensemble,ATU5,coverage90,TiDE_HCAL__minus__TiDE_CAL,0,1,1,1
972,ensemble,ATU5,width90,TiDE_CAL__minus__TiDE_KIN,122.6953351777222,150.91466474882327,273.60999992654547,273.42024171733374
972,ensemble,ATU5,width90,TiDE_HCAL__minus__TiDE_KIN,122.50557696851047,150.91466474882327,273.60999992654547,273.42024171733374
972,ensemble,ATU5,width90,TiDE_HCAL__minus__TiDE_CAL,-0.18975820921173181,150.91466474882327,273.60999992654547,273.42024171733374
972,ensemble,MJ3,mae,TiDE_CAL__minus__TiDE_KIN,-4.6387852713129014,9.2374851843013239,4.5986999129884225,4.5891313398902245
972,ensemble,MJ3,mae,TiDE_HCAL__minus__TiDE_KIN,-4.6483538444110994,9.2374851843013239,4.5986999129884225,4.5891313398902245
972,ensemble,MJ3,mae,TiDE_HCAL__minus__TiDE_CAL,-0.0095685730981980299,9.2374851843013239,4.5986999129884225,4.5891313398902245
972,ensemble,MJ3,rmse,TiDE_CAL__minus__TiDE_KIN,-6.2573273678868366,11.494159400279406,5.2368320323925692,5.2900523012725484
972,ensemble,MJ3,rmse,TiDE_HCAL__minus__TiDE_KIN,-6.2041070990068574,11.494159400279406,5.2368320323925692,5.2900523012725484
972,ensemble,MJ3,rmse,TiDE_HCAL__minus__TiDE_CAL,0.053220268879979216,11.494159400279406,5.2368320323925692,5.2900523012725484
972,ensemble,MJ3,crps,TiDE_CAL__minus__TiDE_KIN,-4.0226059620863808,7.6421193768413511,3.6195134147549703,3.6539618334924238
972,ensemble,MJ3,crps,TiDE_HCAL__minus__TiDE_KIN,-3.9881575433489274,7.6421193768413511,3.6195134147549703,3.6539618334924238
972,ensemble,MJ3,crps,TiDE_HCAL__minus__TiDE_CAL,0.034448418737453412,7.6421193768413511,3.6195134147549703,3.6539618334924238
972,ensemble,MJ3,interval_score90,TiDE_CAL__minus__TiDE_KIN,-67.865451538508793,105.89010626197346,38.024654723464664,38.403811360372856
972,ensemble,MJ3,interval_score90,TiDE_HCAL__minus__TiDE_KIN,-67.486294901600601,105.89010626197346,38.024654723464664,38.403811360372856
972,ensemble,MJ3,interval_score90,TiDE_HCAL__minus__TiDE_CAL,0.37915663690819201,105.89010626197346,38.024654723464664,38.403811360372856
972,ensemble,MJ3,coverage90,TiDE_CAL__minus__TiDE_KIN,0.51535836177474403,0.48464163822525597,1,1
972,ensemble,MJ3,coverage90,TiDE_HCAL__minus__TiDE_KIN,0.51535836177474403,0.48464163822525597,1,1
972,ensemble,MJ3,coverage90,TiDE_HCAL__minus__TiDE_CAL,0,0.48464163822525597,1,1
972,ensemble,MJ3,width90,TiDE_CAL__minus__TiDE_KIN,26.050420395766196,11.974234327698468,38.024654723464664,38.403811360372856
972,ensemble,MJ3,width90,TiDE_HCAL__minus__TiDE_KIN,26.429577032674388,11.974234327698468,38.024654723464664,38.403811360372856
972,ensemble,MJ3,width90,TiDE_HCAL__minus__TiDE_CAL,0.37915663690819201,11.974234327698468,38.024654723464664,38.403811360372856
972,ensemble,MJ1,mae,TiDE_CAL__minus__TiDE_KIN,8.5670106877351557,1.5241815767459643,10.091192264481119,10.652100410255281
972,ensemble,MJ1,mae,TiDE_HCAL__minus__TiDE_KIN,9.127918833509316,1.5241815767459643,10.091192264481119,10.652100410255281
972,ensemble,MJ1,mae,TiDE_HCAL__minus__TiDE_CAL,0.56090814577416204,1.5241815767459643,10.091192264481119,10.652100410255281
972,ensemble,MJ1,rmse,TiDE_CAL__minus__TiDE_KIN,8.7474219141272105,1.8481702100228397,10.59559212415005,10.942815065803623
972,ensemble,MJ1,rmse,TiDE_HCAL__minus__TiDE_KIN,9.0946448557807837,1.8481702100228397,10.59559212415005,10.942815065803623
972,ensemble,MJ1,rmse,TiDE_HCAL__minus__TiDE_CAL,0.34722294165357326,1.8481702100228397,10.59559212415005,10.942815065803623
972,ensemble,MJ1,crps,TiDE_CAL__minus__TiDE_KIN,4.6348978345175258,2.6612545822621878,7.296152416779714,7.4284863812486144
972,ensemble,MJ1,crps,TiDE_HCAL__minus__TiDE_KIN,4.7672317989864261,2.6612545822621878,7.296152416779714,7.4284863812486144
972,ensemble,MJ1,crps,TiDE_HCAL__minus__TiDE_CAL,0.13233396446890033,2.6612545822621878,7.296152416779714,7.4284863812486144
972,ensemble,MJ1,interval_score90,TiDE_CAL__minus__TiDE_KIN,40.296344470719717,35.70515383581278,76.001498306532497,76.128562772092636
972,ensemble,MJ1,interval_score90,TiDE_HCAL__minus__TiDE_KIN,40.423408936279856,35.70515383581278,76.001498306532497,76.128562772092636
972,ensemble,MJ1,interval_score90,TiDE_HCAL__minus__TiDE_CAL,0.12706446556013873,35.70515383581278,76.001498306532497,76.128562772092636
972,ensemble,MJ1,coverage90,TiDE_CAL__minus__TiDE_KIN,0,1,1,1
972,ensemble,MJ1,coverage90,TiDE_HCAL__minus__TiDE_KIN,0,1,1,1
972,ensemble,MJ1,coverage90,TiDE_HCAL__minus__TiDE_CAL,0,1,1,1
972,ensemble,MJ1,width90,TiDE_CAL__minus__TiDE_KIN,40.296344470719717,35.70515383581278,76.001498306532497,76.128562772092636
972,ensemble,MJ1,width90,TiDE_HCAL__minus__TiDE_KIN,40.423408936279856,35.70515383581278,76.001498306532497,76.128562772092636
972,ensemble,MJ1,width90,TiDE_HCAL__minus__TiDE_CAL,0.12706446556013873,35.70515383581278,76.001498306532497,76.128562772092636
972,0,average,mae,TiDE_CAL__minus__TiDE_KIN,16.61380293372309,7.337175242629808,23.950978176352898,23.989573548284071
972,0,average,mae,TiDE_HCAL__minus__TiDE_KIN,16.652398305654263,7.337175242629808,23.950978176352898,23.989573548284071
972,0,average,mae,TiDE_HCAL__minus__TiDE_CAL,0.038595371931172906,7.337175242629808,23.950978176352898,23.989573548284071
972,0,average,rmse,TiDE_CAL__minus__TiDE_KIN,16.863893508618233,8.7500781646502208,25.613971673268452,25.572710199798514
972,0,average,rmse,TiDE_HCAL__minus__TiDE_KIN,16.822632035148295,8.7500781646502208,25.613971673268452,25.572710199798514
972,0,average,rmse,TiDE_HCAL__minus__TiDE_CAL,-0.041261473469937471,8.7500781646502208,25.613971673268452,25.572710199798514
972,0,average,crps,TiDE_CAL__minus__TiDE_KIN,7.9650796908988166,9.3659831235283466,17.331062814427163,17.323937497812768
972,0,average,crps,TiDE_HCAL__minus__TiDE_KIN,7.9579543742844212,9.3659831235283466,17.331062814427163,17.323937497812768
972,0,average,crps,TiDE_HCAL__minus__TiDE_CAL,-0.0071253166143954161,9.3659831235283466,17.331062814427163,17.323937497812768
972,0,average,interval_score90,TiDE_CAL__minus__TiDE_KIN,45.895475024056424,112.7705486514854,158.66602367554182,158.71842007604261
972,0,average,interval_score90,TiDE_HCAL__minus__TiDE_KIN,45.947871424557206,112.7705486514854,158.66602367554182,158.71842007604261
972,0,average,interval_score90,TiDE_HCAL__minus__TiDE_CAL,0.052396400500782647,112.7705486514854,158.66602367554182,158.71842007604261
972,0,average,coverage90,TiDE_CAL__minus__TiDE_KIN,0.19539249146757676,0.75085324232081918,0.94624573378839594,0.94624573378839594
972,0,average,coverage90,TiDE_HCAL__minus__TiDE_KIN,0.19539249146757676,0.75085324232081918,0.94624573378839594,0.94624573378839594
972,0,average,coverage90,TiDE_HCAL__minus__TiDE_CAL,0,0.75085324232081918,0.94624573378839594,0.94624573378839594
972,0,average,width90,TiDE_CAL__minus__TiDE_KIN,77.569879093938255,78.392296096874645,155.9621751908129,156.08287231143848
972,0,average,width90,TiDE_HCAL__minus__TiDE_KIN,77.690576214563833,78.392296096874645,155.9621751908129,156.08287231143848
972,0,average,width90,TiDE_HCAL__minus__TiDE_CAL,0.12069712062557869,78.392296096874645,155.9621751908129,156.08287231143848
972,0,ATU1,mae,TiDE_CAL__minus__TiDE_KIN,29.75992193917957,3.0541748286784487,32.814096767858018,32.728784716903682
972,0,ATU1,mae,TiDE_HCAL__minus__TiDE_KIN,29.674609888225234,3.0541748286784487,32.814096767858018,32.728784716903682
972,0,ATU1,mae,TiDE_HCAL__minus__TiDE_CAL,-0.085312050954335916,3.0541748286784487,32.814096767858018,32.728784716903682
972,0,ATU1,rmse,TiDE_CAL__minus__TiDE_KIN,31.294394316442212,3.6636745538525757,34.958068870294788,34.758752151537031
972,0,ATU1,rmse,TiDE_HCAL__minus__TiDE_KIN,31.095077597684455,3.6636745538525757,34.958068870294788,34.758752151537031
972,0,ATU1,rmse,TiDE_HCAL__minus__TiDE_CAL,-0.19931671875775692,3.6636745538525757,34.958068870294788,34.758752151537031
972,0,ATU1,crps,TiDE_CAL__minus__TiDE_KIN,15.095496855128086,8.3205269152904719,23.416023770418558,23.348435403125897
972,0,ATU1,crps,TiDE_HCAL__minus__TiDE_KIN,15.027908487835425,8.3205269152904719,23.416023770418558,23.348435403125897
972,0,ATU1,crps,TiDE_HCAL__minus__TiDE_CAL,-0.067588367292660934,8.3205269152904719,23.416023770418558,23.348435403125897
972,0,ATU1,interval_score90,TiDE_CAL__minus__TiDE_KIN,121.23741633154486,114.97513147516409,236.21254780670895,236.37887339595466
972,0,ATU1,interval_score90,TiDE_HCAL__minus__TiDE_KIN,121.40374192079057,114.97513147516409,236.21254780670895,236.37887339595466
972,0,ATU1,interval_score90,TiDE_HCAL__minus__TiDE_CAL,0.16632558924570162,114.97513147516409,236.21254780670895,236.37887339595466
972,0,ATU1,coverage90,TiDE_CAL__minus__TiDE_KIN,0,1,1,1
972,0,ATU1,coverage90,TiDE_HCAL__minus__TiDE_KIN,0,1,1,1
972,0,ATU1,coverage90,TiDE_HCAL__minus__TiDE_CAL,0,1,1,1
972,0,ATU1,width90,TiDE_CAL__minus__TiDE_KIN,121.23741633154486,114.97513147516409,236.21254780670895,236.37887339595466
972,0,ATU1,width90,TiDE_HCAL__minus__TiDE_KIN,121.40374192079057,114.97513147516409,236.21254780670895,236.37887339595466
972,0,ATU1,width90,TiDE_HCAL__minus__TiDE_CAL,0.16632558924570162,114.97513147516409,236.21254780670895,236.37887339595466
972,0,ATU5,mae,TiDE_CAL__minus__TiDE_KIN,28.859048777903936,2.3073836668484082,31.166432444752346,31.187207377915801
972,0,ATU5,mae,TiDE_HCAL__minus__TiDE_KIN,28.879823711067392,2.3073836668484082,31.166432444752346,31.187207377915801
972,0,ATU5,mae,TiDE_HCAL__minus__TiDE_CAL,0.020774933163455245,2.3073836668484082,31.166432444752346,31.187207377915801
972,0,ATU5,rmse,TiDE_CAL__minus__TiDE_KIN,29.122656913131454,3.0040025265901327,32.126659439721585,32.054930316142972
972,0,ATU5,rmse,TiDE_HCAL__minus__TiDE_KIN,29.050927789552841,3.0040025265901327,32.126659439721585,32.054930316142972
972,0,ATU5,rmse,TiDE_HCAL__minus__TiDE_CAL,-0.071729123578613496,3.0040025265901327,32.126659439721585,32.054930316142972
972,0,ATU5,crps,TiDE_CAL__minus__TiDE_KIN,13.520450981020481,10.799088724903186,24.319539705923667,24.287962319457858
972,0,ATU5,crps,TiDE_HCAL__minus__TiDE_KIN,13.488873594554672,10.799088724903186,24.319539705923667,24.287962319457858
972,0,ATU5,crps,TiDE_HCAL__minus__TiDE_CAL,-0.031577386465809099,10.799088724903186,24.319539705923667,24.287962319457858
972,0,ATU5,interval_score90,TiDE_CAL__minus__TiDE_KIN,122.6953351777222,150.91466474882327,273.60999992654547,273.42024171733374
972,0,ATU5,interval_score90,TiDE_HCAL__minus__TiDE_KIN,122.50557696851047,150.91466474882327,273.60999992654547,273.42024171733374
972,0,ATU5,interval_score90,TiDE_HCAL__minus__TiDE_CAL,-0.18975820921173181,150.91466474882327,273.60999992654547,273.42024171733374
972,0,ATU5,coverage90,TiDE_CAL__minus__TiDE_KIN,0,1,1,1
972,0,ATU5,coverage90,TiDE_HCAL__minus__TiDE_KIN,0,1,1,1
972,0,ATU5,coverage90,TiDE_HCAL__minus__TiDE_CAL,0,1,1,1
972,0,ATU5,width90,TiDE_CAL__minus__TiDE_KIN,122.6953351777222,150.91466474882327,273.60999992654547,273.42024171733374
972,0,ATU5,width90,TiDE_HCAL__minus__TiDE_KIN,122.50557696851047,150.91466474882327,273.60999992654547,273.42024171733374
972,0,ATU5,width90,TiDE_HCAL__minus__TiDE_CAL,-0.18975820921173181,150.91466474882327,273.60999992654547,273.42024171733374
972,0,MJ3,mae,TiDE_CAL__minus__TiDE_KIN,-2.9159666292820718,8.4741670146507406,5.5582003853686688,5.6426522672054267
972,0,MJ3,mae,TiDE_HCAL__minus__TiDE_KIN,-2.831514747445314,8.4741670146507406,5.5582003853686688,5.6426522672054267
972,0,MJ3,mae,TiDE_HCAL__minus__TiDE_CAL,0.084451881836757892,8.4741670146507406,5.5582003853686688,5.6426522672054267
972,0,MJ3,rmse,TiDE_CAL__minus__TiDE_KIN,-2.9822061934012014,9.8077830842890865,6.8255768908878851,6.9006508774629696
972,0,MJ3,rmse,TiDE_HCAL__minus__TiDE_KIN,-2.9071322068261169,9.8077830842890865,6.8255768908878851,6.9006508774629696
972,0,MJ3,rmse,TiDE_HCAL__minus__TiDE_CAL,0.075073986575084461,9.8077830842890865,6.8255768908878851,6.9006508774629696
972,0,MJ3,crps,TiDE_CAL__minus__TiDE_KIN,-2.5169451197662562,6.7396624458109748,4.2227173260447186,4.26903801719277
972,0,MJ3,crps,TiDE_HCAL__minus__TiDE_KIN,-2.4706244286182049,6.7396624458109748,4.2227173260447186,4.26903801719277
972,0,MJ3,crps,TiDE_HCAL__minus__TiDE_CAL,0.046320691148051374,6.7396624458109748,4.2227173260447186,4.26903801719277
972,0,MJ3,interval_score90,TiDE_CAL__minus__TiDE_KIN,-43.549564105618259,81.574218829082923,38.024654723464664,38.403811360372856
972,0,MJ3,interval_score90,TiDE_HCAL__minus__TiDE_KIN,-43.170407468710067,81.574218829082923,38.024654723464664,38.403811360372856
972,0,MJ3,interval_score90,TiDE_HCAL__minus__TiDE_CAL,0.37915663690819201,81.574218829082923,38.024654723464664,38.403811360372856
972,0,MJ3,coverage90,TiDE_CAL__minus__TiDE_KIN,0.56655290102389078,0.43344709897610922,1,1
972,0,MJ3,coverage90,TiDE_HCAL__minus__TiDE_KIN,0.56655290102389078,0.43344709897610922,1,1
972,0,MJ3,coverage90,TiDE_HCAL__minus__TiDE_CAL,0,0.43344709897610922,1,1
972,0,MJ3,width90,TiDE_CAL__minus__TiDE_KIN,26.050420395766196,11.974234327698468,38.024654723464664,38.403811360372856
972,0,MJ3,width90,TiDE_HCAL__minus__TiDE_KIN,26.429577032674388,11.974234327698468,38.024654723464664,38.403811360372856
972,0,MJ3,width90,TiDE_HCAL__minus__TiDE_CAL,0.37915663690819201,11.974234327698468,38.024654723464664,38.403811360372856
972,0,MJ1,mae,TiDE_CAL__minus__TiDE_KIN,10.75220764709093,15.512975460341636,26.265183107432566,26.399649831111368
972,0,MJ1,mae,TiDE_HCAL__minus__TiDE_KIN,10.886674370769732,15.512975460341636,26.265183107432566,26.399649831111368
972,0,MJ1,mae,TiDE_HCAL__minus__TiDE_CAL,0.13446672367880197,15.512975460341636,26.265183107432566,26.399649831111368
972,0,MJ1,rmse,TiDE_CAL__minus__TiDE_KIN,10.020728998300463,18.524852493869091,28.545581492169553,28.576507454051093
972,0,MJ1,rmse,TiDE_HCAL__minus__TiDE_KIN,10.051654960182002,18.524852493869091,28.545581492169553,28.576507454051093
972,0,MJ1,rmse,TiDE_HCAL__minus__TiDE_CAL,0.030925961881539621,18.524852493869091,28.545581492169553,28.576507454051093
972,0,MJ1,crps,TiDE_CAL__minus__TiDE_KIN,5.7613160472129579,11.604654408108754,17.365970455321712,17.390314251474546
972,0,MJ1,crps,TiDE_HCAL__minus__TiDE_KIN,5.7856598433657922,11.604654408108754,17.365970455321712,17.390314251474546
972,0,MJ1,crps,TiDE_HCAL__minus__TiDE_CAL,0.024343796152834329,11.604654408108754,17.365970455321712,17.390314251474546
972,0,MJ1,interval_score90,TiDE_CAL__minus__TiDE_KIN,-16.801287307423038,103.6181795528713,86.816892245448258,86.670753830509113
972,0,MJ1,interval_score90,TiDE_HCAL__minus__TiDE_KIN,-16.947425722362183,103.6181795528713,86.816892245448258,86.670753830509113
972,0,MJ1,interval_score90,TiDE_HCAL__minus__TiDE_CAL,-0.14613841493914492,103.6181795528713,86.816892245448258,86.670753830509113
972,0,MJ1,coverage90,TiDE_CAL__minus__TiDE_KIN,0.21501706484641636,0.56996587030716728,0.78498293515358364,0.78498293515358364
972,0,MJ1,coverage90,TiDE_HCAL__minus__TiDE_KIN,0.21501706484641636,0.56996587030716728,0.78498293515358364,0.78498293515358364
972,0,MJ1,coverage90,TiDE_HCAL__minus__TiDE_CAL,0,0.56996587030716728,0.78498293515358364,0.78498293515358364
972,0,MJ1,width90,TiDE_CAL__minus__TiDE_KIN,40.296344470719703,35.70515383581278,76.001498306532483,76.128562772092636
972,0,MJ1,width90,TiDE_HCAL__minus__TiDE_KIN,40.423408936279856,35.70515383581278,76.001498306532483,76.128562772092636
972,0,MJ1,width90,TiDE_HCAL__minus__TiDE_CAL,0.12706446556015294,35.70515383581278,76.001498306532483,76.128562772092636
972,1,average,mae,TiDE_CAL__minus__TiDE_KIN,0.62112129434045293,10.616048583325698,11.237169877666151,13.097267595652527
972,1,average,mae,TiDE_HCAL__minus__TiDE_KIN,2.4812190123268287,10.616048583325698,11.237169877666151,13.097267595652527
972,1,average,mae,TiDE_HCAL__minus__TiDE_CAL,1.8600977179863758,10.616048583325698,11.237169877666151,13.097267595652527
972,1,average,rmse,TiDE_CAL__minus__TiDE_KIN,0.043312939509434045,12.51483815424022,12.558151093749654,14.428572778568354
972,1,average,rmse,TiDE_HCAL__minus__TiDE_KIN,1.9137346243281339,12.51483815424022,12.558151093749654,14.428572778568354
972,1,average,rmse,TiDE_HCAL__minus__TiDE_CAL,1.8704216848186999,12.51483815424022,12.558151093749654,14.428572778568354
972,1,average,crps,TiDE_CAL__minus__TiDE_KIN,2.5967297336935236,10.233331414873792,12.830061148567315,13.282306860959986
972,1,average,crps,TiDE_HCAL__minus__TiDE_KIN,3.0489754460861942,10.233331414873792,12.830061148567315,13.282306860959986
972,1,average,crps,TiDE_HCAL__minus__TiDE_CAL,0.45224571239267064,10.233331414873792,12.830061148567315,13.282306860959986
972,1,average,interval_score90,TiDE_CAL__minus__TiDE_KIN,35.607350889405424,120.49023316681603,156.09758405622145,156.17751883495208
972,1,average,interval_score90,TiDE_HCAL__minus__TiDE_KIN,35.687285668136056,120.49023316681603,156.09758405622145,156.17751883495208
972,1,average,interval_score90,TiDE_HCAL__minus__TiDE_CAL,0.079934778730631706,120.49023316681603,156.09758405622145,156.17751883495208
972,1,average,coverage90,TiDE_CAL__minus__TiDE_KIN,0.17406143344709901,0.82337883959044367,0.99744027303754268,0.99402730375426618
972,1,average,coverage90,TiDE_HCAL__minus__TiDE_KIN,0.17064846416382251,0.82337883959044367,0.99744027303754268,0.99402730375426618
972,1,average,coverage90,TiDE_HCAL__minus__TiDE_CAL,-0.0034129692832765013,0.82337883959044367,0.99744027303754268,0.99402730375426618
972,1,average,width90,TiDE_CAL__minus__TiDE_KIN,77.569879093938255,78.392296096874645,155.9621751908129,156.08287231143848
972,1,average,width90,TiDE_HCAL__minus__TiDE_KIN,77.690576214563833,78.392296096874645,155.9621751908129,156.08287231143848
972,1,average,width90,TiDE_HCAL__minus__TiDE_CAL,0.12069712062557869,78.392296096874645,155.9621751908129,156.08287231143848
972,1,ATU1,mae,TiDE_CAL__minus__TiDE_KIN,12.148020230692023,3.9597988222139198,16.107819052905942,23.027339701692377
972,1,ATU1,mae,TiDE_HCAL__minus__TiDE_KIN,19.067540879478457,3.9597988222139198,16.107819052905942,23.027339701692377
972,1,ATU1,mae,TiDE_HCAL__minus__TiDE_CAL,6.9195206487864347,3.9597988222139198,16.107819052905942,23.027339701692377
972,1,ATU1,rmse,TiDE_CAL__minus__TiDE_KIN,13.504691111877754,4.7826117521021452,18.2873028639799,24.308038326861123
972,1,ATU1,rmse,TiDE_HCAL__minus__TiDE_KIN,19.525426574758978,4.7826117521021452,18.2873028639799,24.308038326861123
972,1,ATU1,rmse,TiDE_HCAL__minus__TiDE_CAL,6.0207354628812233,4.7826117521021452,18.2873028639799,24.308038326861123
972,1,ATU1,crps,TiDE_CAL__minus__TiDE_KIN,10.194270233551626,8.4277395870942033,18.622009820645829,20.034903048220098
972,1,ATU1,crps,TiDE_HCAL__minus__TiDE_KIN,11.607163461125895,8.4277395870942033,18.622009820645829,20.034903048220098
972,1,ATU1,crps,TiDE_HCAL__minus__TiDE_CAL,1.4128932275742692,8.4277395870942033,18.622009820645829,20.034903048220098
972,1,ATU1,interval_score90,TiDE_CAL__minus__TiDE_KIN,121.23741633154486,114.97513147516409,236.21254780670895,236.37887339595466
972,1,ATU1,interval_score90,TiDE_HCAL__minus__TiDE_KIN,121.40374192079057,114.97513147516409,236.21254780670895,236.37887339595466
972,1,ATU1,interval_score90,TiDE_HCAL__minus__TiDE_CAL,0.16632558924570162,114.97513147516409,236.21254780670895,236.37887339595466
972,1,ATU1,coverage90,TiDE_CAL__minus__TiDE_KIN,0,1,1,1
972,1,ATU1,coverage90,TiDE_HCAL__minus__TiDE_KIN,0,1,1,1
972,1,ATU1,coverage90,TiDE_HCAL__minus__TiDE_CAL,0,1,1,1
972,1,ATU1,width90,TiDE_CAL__minus__TiDE_KIN,121.23741633154486,114.97513147516409,236.21254780670895,236.37887339595466
972,1,ATU1,width90,TiDE_HCAL__minus__TiDE_KIN,121.40374192079057,114.97513147516409,236.21254780670895,236.37887339595466
972,1,ATU1,width90,TiDE_HCAL__minus__TiDE_CAL,0.16632558924570162,114.97513147516409,236.21254780670895,236.37887339595466
972,1,ATU5,mae,TiDE_CAL__minus__TiDE_KIN,2.9858676950049752,13.001134264320068,15.987001959325044,16.469022565924217
972,1,ATU5,mae,TiDE_HCAL__minus__TiDE_KIN,3.4678883016041482,13.001134264320068,15.987001959325044,16.469022565924217
972,1,ATU5,mae,TiDE_HCAL__minus__TiDE_CAL,0.48202060659917301,13.001134264320068,15.987001959325044,16.469022565924217
972,1,ATU5,rmse,TiDE_CAL__minus__TiDE_KIN,1.2630207534320554,15.804986524760693,17.068007278192749,18.442155621593692
972,1,ATU5,rmse,TiDE_HCAL__minus__TiDE_KIN,2.6371690968329986,15.804986524760693,17.068007278192749,18.442155621593692
972,1,ATU5,rmse,TiDE_HCAL__minus__TiDE_CAL,1.3741483434009432,15.804986524760693,17.068007278192749,18.442155621593692
972,1,ATU5,crps,TiDE_CAL__minus__TiDE_KIN,7.9743873166611809,12.852509705150128,20.826897021811309,21.044422021130522
972,1,ATU5,crps,TiDE_HCAL__minus__TiDE_KIN,8.1919123159803942,12.852509705150128,20.826897021811309,21.044422021130522
972,1,ATU5,crps,TiDE_HCAL__minus__TiDE_CAL,0.21752499931921321,12.852509705150128,20.826897021811309,21.044422021130522
972,1,ATU5,interval_score90,TiDE_CAL__minus__TiDE_KIN,122.6953351777222,150.91466474882327,273.60999992654547,273.42024171733374
972,1,ATU5,interval_score90,TiDE_HCAL__minus__TiDE_KIN,122.50557696851047,150.91466474882327,273.60999992654547,273.42024171733374
972,1,ATU5,interval_score90,TiDE_HCAL__minus__TiDE_CAL,-0.18975820921173181,150.91466474882327,273.60999992654547,273.42024171733374
972,1,ATU5,coverage90,TiDE_CAL__minus__TiDE_KIN,0,1,1,1
972,1,ATU5,coverage90,TiDE_HCAL__minus__TiDE_KIN,0,1,1,1
972,1,ATU5,coverage90,TiDE_HCAL__minus__TiDE_CAL,0,1,1,1
972,1,ATU5,width90,TiDE_CAL__minus__TiDE_KIN,122.6953351777222,150.91466474882327,273.60999992654547,273.42024171733374
972,1,ATU5,width90,TiDE_HCAL__minus__TiDE_KIN,122.50557696851047,150.91466474882327,273.60999992654547,273.42024171733374
972,1,ATU5,width90,TiDE_HCAL__minus__TiDE_CAL,-0.18975820921173181,150.91466474882327,273.60999992654547,273.42024171733374
972,1,MJ3,mae,TiDE_CAL__minus__TiDE_KIN,-4.573552994486402,13.738962253247614,9.1654092587612119,9.3786989757518615
972,1,MJ3,mae,TiDE_HCAL__minus__TiDE_KIN,-4.3602632774957524,13.738962253247614,9.1654092587612119,9.3786989757518615
972,1,MJ3,mae,TiDE_HCAL__minus__TiDE_CAL,0.21328971699064958,13.738962253247614,9.1654092587612119,9.3786989757518615
972,1,MJ3,rmse,TiDE_CAL__minus__TiDE_KIN,-6.1099572224084699,16.705348033431889,10.595390811023419,10.963151398410199
972,1,MJ3,rmse,TiDE_HCAL__minus__TiDE_KIN,-5.7421966350216902,16.705348033431889,10.595390811023419,10.963151398410199
972,1,MJ3,rmse,TiDE_HCAL__minus__TiDE_CAL,0.36776058738677975,16.705348033431889,10.595390811023419,10.963151398410199
972,1,MJ3,crps,TiDE_CAL__minus__TiDE_KIN,-5.7499794900832493,11.907795294293892,6.1578158042106432,6.3671740268328678
972,1,MJ3,crps,TiDE_HCAL__minus__TiDE_KIN,-5.5406212674610247,11.907795294293892,6.1578158042106432,6.3671740268328678
972,1,MJ3,crps,TiDE_HCAL__minus__TiDE_CAL,0.20935822262222459,11.907795294293892,6.1578158042106432,6.3671740268328678
972,1,MJ3,interval_score90,TiDE_CAL__minus__TiDE_KIN,-141.5372560914746,180.10354627657341,38.566290185098822,38.782397454427326
972,1,MJ3,interval_score90,TiDE_HCAL__minus__TiDE_KIN,-141.32114882214609,180.10354627657341,38.566290185098822,38.782397454427326
972,1,MJ3,interval_score90,TiDE_HCAL__minus__TiDE_CAL,0.21610726932850355,180.10354627657341,38.566290185098822,38.782397454427326
972,1,MJ3,coverage90,TiDE_CAL__minus__TiDE_KIN,0.67918088737201354,0.31058020477815701,0.98976109215017061,0.97610921501706482
972,1,MJ3,coverage90,TiDE_HCAL__minus__TiDE_KIN,0.66552901023890776,0.31058020477815701,0.98976109215017061,0.97610921501706482
972,1,MJ3,coverage90,TiDE_HCAL__minus__TiDE_CAL,-0.013651877133105783,0.31058020477815701,0.98976109215017061,0.97610921501706482
972,1,MJ3,width90,TiDE_CAL__minus__TiDE_KIN,26.050420395766196,11.974234327698468,38.024654723464664,38.403811360372856
972,1,MJ3,width90,TiDE_HCAL__minus__TiDE_KIN,26.429577032674388,11.974234327698468,38.024654723464664,38.403811360372856
972,1,MJ3,width90,TiDE_HCAL__minus__TiDE_CAL,0.37915663690819201,11.974234327698468,38.024654723464664,38.403811360372856
972,1,MJ1,mae,TiDE_CAL__minus__TiDE_KIN,-8.0758497538487823,11.764298993521189,3.6884492396724058,3.5140091392416566
972,1,MJ1,mae,TiDE_HCAL__minus__TiDE_KIN,-8.2502898542795329,11.764298993521189,3.6884492396724058,3.5140091392416566
972,1,MJ1,mae,TiDE_HCAL__minus__TiDE_CAL,-0.1744401004307492,11.764298993521189,3.6884492396724058,3.5140091392416566
972,1,MJ1,rmse,TiDE_CAL__minus__TiDE_KIN,-8.4845028848636073,12.766406306666154,4.2819034218025465,4.000945767408405
972,1,MJ1,rmse,TiDE_HCAL__minus__TiDE_KIN,-8.7654605392577487,12.766406306666154,4.2819034218025465,4.000945767408405
972,1,MJ1,rmse,TiDE_HCAL__minus__TiDE_CAL,-0.28095765439414144,12.766406306666154,4.2819034218025465,4.000945767408405
972,1,MJ1,crps,TiDE_CAL__minus__TiDE_KIN,-2.0317591253554559,7.745281072956943,5.7135219476014871,5.6827283476564574
972,1,MJ1,crps,TiDE_HCAL__minus__TiDE_KIN,-2.0625527253004856,7.745281072956943,5.7135219476014871,5.6827283476564574
972,1,MJ1,crps,TiDE_HCAL__minus__TiDE_CAL,-0.030793599945029726,7.745281072956943,5.7135219476014871,5.6827283476564574
972,1,MJ1,interval_score90,TiDE_CAL__minus__TiDE_KIN,40.033908139829165,35.967590166703374,76.00149830653254,76.128562772092664
972,1,MJ1,interval_score90,TiDE_HCAL__minus__TiDE_KIN,40.16097260538929,35.967590166703374,76.00149830653254,76.128562772092664
972,1,MJ1,interval_score90,TiDE_HCAL__minus__TiDE_CAL,0.12706446556012452,35.967590166703374,76.00149830653254,76.128562772092664
972,1,MJ1,coverage90,TiDE_CAL__minus__TiDE_KIN,0.017064846416382284,0.98293515358361772,1,1
972,1,MJ1,coverage90,TiDE_HCAL__minus__TiDE_KIN,0.017064846416382284,0.98293515358361772,1,1
972,1,MJ1,coverage90,TiDE_HCAL__minus__TiDE_CAL,0,0.98293515358361772,1,1
972,1,MJ1,width90,TiDE_CAL__minus__TiDE_KIN,40.29634447071976,35.70515383581278,76.00149830653254,76.128562772092664
972,1,MJ1,width90,TiDE_HCAL__minus__TiDE_KIN,40.423408936279884,35.70515383581278,76.00149830653254,76.128562772092664
972,1,MJ1,width90,TiDE_HCAL__minus__TiDE_CAL,0.12706446556012452,35.70515383581278,76.00149830653254,76.128562772092664
972,2,average,mae,TiDE_CAL__minus__TiDE_KIN,16.202734938672183,5.5398277593793344,21.742562698051518,21.70581923122819
972,2,average,mae,TiDE_HCAL__minus__TiDE_KIN,16.165991471848855,5.5398277593793344,21.742562698051518,21.70581923122819
972,2,average,mae,TiDE_HCAL__minus__TiDE_CAL,-0.036743466823327964,5.5398277593793344,21.742562698051518,21.70581923122819
972,2,average,rmse,TiDE_CAL__minus__TiDE_KIN,16.306218882038422,6.6432618067933387,22.949480688831763,22.958153569749104
972,2,average,rmse,TiDE_HCAL__minus__TiDE_KIN,16.314891762955767,6.6432618067933387,22.949480688831763,22.958153569749104
972,2,average,rmse,TiDE_HCAL__minus__TiDE_CAL,0.00867288091734153,6.6432618067933387,22.949480688831763,22.958153569749104
972,2,average,crps,TiDE_CAL__minus__TiDE_KIN,8.5354763278345374,7.1116546674483585,15.647130995282895,15.652327890068712
972,2,average,crps,TiDE_HCAL__minus__TiDE_KIN,8.5406732226203523,7.1116546674483585,15.647130995282895,15.652327890068712
972,2,average,crps,TiDE_HCAL__minus__TiDE_CAL,0.0051968947858167525,7.1116546674483585,15.647130995282895,15.652327890068712
972,2,average,interval_score90,TiDE_CAL__minus__TiDE_KIN,63.97577421447707,91.98640097633583,155.9621751908129,156.08287231143848
972,2,average,interval_score90,TiDE_HCAL__minus__TiDE_KIN,64.096471335102649,91.98640097633583,155.9621751908129,156.08287231143848
972,2,average,interval_score90,TiDE_HCAL__minus__TiDE_CAL,0.12069712062557869,91.98640097633583,155.9621751908129,156.08287231143848
972,2,average,coverage90,TiDE_CAL__minus__TiDE_KIN,0.10409556313993173,0.89590443686006827,1,1
972,2,average,coverage90,TiDE_HCAL__minus__TiDE_KIN,0.10409556313993173,0.89590443686006827,1,1
972,2,average,coverage90,TiDE_HCAL__minus__TiDE_CAL,0,0.89590443686006827,1,1
972,2,average,width90,TiDE_CAL__minus__TiDE_KIN,77.569879093938255,78.392296096874645,155.9621751908129,156.08287231143848
972,2,average,width90,TiDE_HCAL__minus__TiDE_KIN,77.690576214563833,78.392296096874645,155.9621751908129,156.08287231143848
972,2,average,width90,TiDE_HCAL__minus__TiDE_CAL,0.12069712062557869,78.392296096874645,155.9621751908129,156.08287231143848
972,2,ATU1,mae,TiDE_CAL__minus__TiDE_KIN,32.218632595334327,7.0554083961410861,39.274040991475417,39.201607538679895
972,2,ATU1,mae,TiDE_HCAL__minus__TiDE_KIN,32.146199142538805,7.0554083961410861,39.274040991475417,39.201607538679895
972,2,ATU1,mae,TiDE_HCAL__minus__TiDE_CAL,-0.072433452795522157,7.0554083961410861,39.274040991475417,39.201607538679895
972,2,ATU1,rmse,TiDE_CAL__minus__TiDE_KIN,32.792904187183389,7.7496017879577206,40.542505975141111,40.574898607657232
972,2,ATU1,rmse,TiDE_HCAL__minus__TiDE_KIN,32.82529681969951,7.7496017879577206,40.542505975141111,40.574898607657232
972,2,ATU1,rmse,TiDE_HCAL__minus__TiDE_CAL,0.032392632516121012,7.7496017879577206,40.542505975141111,40.574898607657232
972,2,ATU1,crps,TiDE_CAL__minus__TiDE_KIN,16.805283159165722,8.8486280285431285,25.65391118770885,25.673578287912381
972,2,ATU1,crps,TiDE_HCAL__minus__TiDE_KIN,16.824950259369253,8.8486280285431285,25.65391118770885,25.673578287912381
972,2,ATU1,crps,TiDE_HCAL__minus__TiDE_CAL,0.019667100203530907,8.8486280285431285,25.65391118770885,25.673578287912381
972,2,ATU1,interval_score90,TiDE_CAL__minus__TiDE_KIN,121.23741633154486,114.97513147516409,236.21254780670895,236.37887339595466
972,2,ATU1,interval_score90,TiDE_HCAL__minus__TiDE_KIN,121.40374192079057,114.97513147516409,236.21254780670895,236.37887339595466
972,2,ATU1,interval_score90,TiDE_HCAL__minus__TiDE_CAL,0.16632558924570162,114.97513147516409,236.21254780670895,236.37887339595466
972,2,ATU1,coverage90,TiDE_CAL__minus__TiDE_KIN,0,1,1,1
972,2,ATU1,coverage90,TiDE_HCAL__minus__TiDE_KIN,0,1,1,1
972,2,ATU1,coverage90,TiDE_HCAL__minus__TiDE_CAL,0,1,1,1
972,2,ATU1,width90,TiDE_CAL__minus__TiDE_KIN,121.23741633154486,114.97513147516409,236.21254780670895,236.37887339595466
972,2,ATU1,width90,TiDE_HCAL__minus__TiDE_KIN,121.40374192079057,114.97513147516409,236.21254780670895,236.37887339595466
972,2,ATU1,width90,TiDE_HCAL__minus__TiDE_CAL,0.16632558924570162,114.97513147516409,236.21254780670895,236.37887339595466
972,2,ATU5,mae,TiDE_CAL__minus__TiDE_KIN,28.559817361829356,4.2635920205088489,32.823409382338205,32.752807072783177
972,2,ATU5,mae,TiDE_HCAL__minus__TiDE_KIN,28.489215052274329,4.2635920205088489,32.823409382338205,32.752807072783177
972,2,ATU5,mae,TiDE_HCAL__minus__TiDE_CAL,-0.070602309555027887,4.2635920205088489,32.823409382338205,32.752807072783177
972,2,ATU5,rmse,TiDE_CAL__minus__TiDE_KIN,28.862462831109418,5.0423539651848728,33.904816796294291,33.906937032272744
972,2,ATU5,rmse,TiDE_HCAL__minus__TiDE_KIN,28.864583067087871,5.0423539651848728,33.904816796294291,33.906937032272744
972,2,ATU5,rmse,TiDE_HCAL__minus__TiDE_CAL,0.002120235978452456,5.0423539651848728,33.904816796294291,33.906937032272744
972,2,ATU5,crps,TiDE_CAL__minus__TiDE_KIN,13.922648035523943,10.941374212975143,24.864022248499086,24.854478693872199
972,2,ATU5,crps,TiDE_HCAL__minus__TiDE_KIN,13.913104480897056,10.941374212975143,24.864022248499086,24.854478693872199
972,2,ATU5,crps,TiDE_HCAL__minus__TiDE_CAL,-0.009543554626887385,10.941374212975143,24.864022248499086,24.854478693872199
972,2,ATU5,interval_score90,TiDE_CAL__minus__TiDE_KIN,122.6953351777222,150.91466474882327,273.60999992654547,273.42024171733374
972,2,ATU5,interval_score90,TiDE_HCAL__minus__TiDE_KIN,122.50557696851047,150.91466474882327,273.60999992654547,273.42024171733374
972,2,ATU5,interval_score90,TiDE_HCAL__minus__TiDE_CAL,-0.18975820921173181,150.91466474882327,273.60999992654547,273.42024171733374
972,2,ATU5,coverage90,TiDE_CAL__minus__TiDE_KIN,0,1,1,1
972,2,ATU5,coverage90,TiDE_HCAL__minus__TiDE_KIN,0,1,1,1
972,2,ATU5,coverage90,TiDE_HCAL__minus__TiDE_CAL,0,1,1,1
972,2,ATU5,width90,TiDE_CAL__minus__TiDE_KIN,122.6953351777222,150.91466474882327,273.60999992654547,273.42024171733374
972,2,ATU5,width90,TiDE_HCAL__minus__TiDE_KIN,122.50557696851047,150.91466474882327,273.60999992654547,273.42024171733374
972,2,ATU5,width90,TiDE_HCAL__minus__TiDE_CAL,-0.18975820921173181,150.91466474882327,273.60999992654547,273.42024171733374
972,2,MJ3,mae,TiDE_CAL__minus__TiDE_KIN,1.9901414914025413,6.0826752790669651,8.0728167704695064,8.0763308557182523
972,2,MJ3,mae,TiDE_HCAL__minus__TiDE_KIN,1.9936555766512871,6.0826752790669651,8.0728167704695064,8.0763308557182523
972,2,MJ3,mae,TiDE_HCAL__minus__TiDE_CAL,0.0035140852487458574,6.0826752790669651,8.0728167704695064,8.0763308557182523
972,2,MJ3,rmse,TiDE_CAL__minus__TiDE_KIN,1.3793075055296047,8.4563052214566934,9.8356127269862981,9.8399351631530205
972,2,MJ3,rmse,TiDE_HCAL__minus__TiDE_KIN,1.3836299416963271,8.4563052214566934,9.8356127269862981,9.8399351631530205
972,2,MJ3,rmse,TiDE_HCAL__minus__TiDE_CAL,0.0043224361667224542,8.4563052214566934,9.8356127269862981,9.8399351631530205
972,2,MJ3,crps,TiDE_CAL__minus__TiDE_KIN,0.60294867599315438,5.1093048712047162,5.7122535471978706,5.7166565185002121
972,2,MJ3,crps,TiDE_HCAL__minus__TiDE_KIN,0.60735164729549584,5.1093048712047162,5.7122535471978706,5.7166565185002121
972,2,MJ3,crps,TiDE_HCAL__minus__TiDE_CAL,0.0044029713023414629,5.1093048712047162,5.7122535471978706,5.7166565185002121
972,2,MJ3,interval_score90,TiDE_CAL__minus__TiDE_KIN,-28.325999122078542,66.350653845543206,38.024654723464664,38.403811360372856
972,2,MJ3,interval_score90,TiDE_HCAL__minus__TiDE_KIN,-27.94684248517035,66.350653845543206,38.024654723464664,38.403811360372856
972,2,MJ3,interval_score90,TiDE_HCAL__minus__TiDE_CAL,0.37915663690819201,66.350653845543206,38.024654723464664,38.403811360372856
972,2,MJ3,coverage90,TiDE_CAL__minus__TiDE_KIN,0.41638225255972694,0.58361774744027306,1,1
972,2,MJ3,coverage90,TiDE_HCAL__minus__TiDE_KIN,0.41638225255972694,0.58361774744027306,1,1
972,2,MJ3,coverage90,TiDE_HCAL__minus__TiDE_CAL,0,0.58361774744027306,1,1
972,2,MJ3,width90,TiDE_CAL__minus__TiDE_KIN,26.050420395766196,11.974234327698468,38.024654723464664,38.403811360372856
972,2,MJ3,width90,TiDE_HCAL__minus__TiDE_KIN,26.429577032674388,11.974234327698468,38.024654723464664,38.403811360372856
972,2,MJ3,width90,TiDE_HCAL__minus__TiDE_CAL,0.37915663690819201,11.974234327698468,38.024654723464664,38.403811360372856
972,2,MJ1,mae,TiDE_CAL__minus__TiDE_KIN,2.0423483061225207,4.7576353418004382,6.799983647922959,6.7925314577314309
972,2,MJ1,mae,TiDE_HCAL__minus__TiDE_KIN,2.0348961159309926,4.7576353418004382,6.799983647922959,6.7925314577314309
972,2,MJ1,mae,TiDE_HCAL__minus__TiDE_CAL,-0.0074521901915280964,4.7576353418004382,6.799983647922959,6.7925314577314309
972,2,MJ1,rmse,TiDE_CAL__minus__TiDE_KIN,2.1902010043312785,5.324786252574067,7.5149872569053455,7.5108434759134131
972,2,MJ1,rmse,TiDE_HCAL__minus__TiDE_KIN,2.186057223339346,5.324786252574067,7.5149872569053455,7.5108434759134131
972,2,MJ1,rmse,TiDE_HCAL__minus__TiDE_CAL,-0.0041437809919324664,5.324786252574067,7.5149872569053455,7.5108434759134131
972,2,MJ1,crps,TiDE_CAL__minus__TiDE_KIN,2.8110254406553263,3.5473115570704437,6.35833699772577,6.3645980599900573
972,2,MJ1,crps,TiDE_HCAL__minus__TiDE_KIN,2.8172865029196137,3.5473115570704437,6.35833699772577,6.3645980599900573
972,2,MJ1,crps,TiDE_HCAL__minus__TiDE_CAL,0.0062610622642873537,3.5473115570704437,6.35833699772577,6.3645980599900573
972,2,MJ1,interval_score90,TiDE_CAL__minus__TiDE_KIN,40.29634447071976,35.70515383581278,76.00149830653254,76.128562772092664
972,2,MJ1,interval_score90,TiDE_HCAL__minus__TiDE_KIN,40.423408936279884,35.70515383581278,76.00149830653254,76.128562772092664
972,2,MJ1,interval_score90,TiDE_HCAL__minus__TiDE_CAL,0.12706446556012452,35.70515383581278,76.00149830653254,76.128562772092664
972,2,MJ1,coverage90,TiDE_CAL__minus__TiDE_KIN,0,1,1,1
972,2,MJ1,coverage90,TiDE_HCAL__minus__TiDE_KIN,0,1,1,1
972,2,MJ1,coverage90,TiDE_HCAL__minus__TiDE_CAL,0,1,1,1
972,2,MJ1,width90,TiDE_CAL__minus__TiDE_KIN,40.29634447071976,35.70515383581278,76.00149830653254,76.128562772092664
972,2,MJ1,width90,TiDE_HCAL__minus__TiDE_KIN,40.423408936279884,35.70515383581278,76.00149830653254,76.128562772092664
972,2,MJ1,width90,TiDE_HCAL__minus__TiDE_CAL,0.12706446556012452,35.70515383581278,76.00149830653254,76.128562772092664
1168,ensemble,average,mae,TiDE_CAL__minus__TiDE_KIN,7.3519663798103698,5.0285254358206712,12.380491815631041,8.4978409658889085
1168,ensemble,average,mae,TiDE_HCAL__minus__TiDE_KIN,3.4693155300682372,5.0285254358206712,12.380491815631041,8.4978409658889085
1168,ensemble,average,mae,TiDE_HCAL__minus__TiDE_CAL,-3.8826508497421326,5.0285254358206712,12.380491815631041,8.4978409658889085
1168,ensemble,average,rmse,TiDE_CAL__minus__TiDE_KIN,6.5932088937201296,7.5400286896404349,14.133237583360565,10.541766206118163
1168,ensemble,average,rmse,TiDE_HCAL__minus__TiDE_KIN,3.0017375164777285,7.5400286896404349,14.133237583360565,10.541766206118163
1168,ensemble,average,rmse,TiDE_HCAL__minus__TiDE_CAL,-3.5914713772424012,7.5400286896404349,14.133237583360565,10.541766206118163
1168,ensemble,average,crps,TiDE_CAL__minus__TiDE_KIN,4.5526641804665191,4.0379642988862523,8.5906284793527714,7.7752945255762871
1168,ensemble,average,crps,TiDE_HCAL__minus__TiDE_KIN,3.7373302266900348,4.0379642988862523,8.5906284793527714,7.7752945255762871
1168,ensemble,average,crps,TiDE_HCAL__minus__TiDE_CAL,-0.81533395377648432,4.0379642988862523,8.5906284793527714,7.7752945255762871
1168,ensemble,average,interval_score90,TiDE_CAL__minus__TiDE_KIN,19.77111724060326,48.108164965688047,67.879282206291307,88.498463333499728
1168,ensemble,average,interval_score90,TiDE_HCAL__minus__TiDE_KIN,40.390298367811681,48.108164965688047,67.879282206291307,88.498463333499728
1168,ensemble,average,interval_score90,TiDE_HCAL__minus__TiDE_CAL,20.619181127208421,48.108164965688047,67.879282206291307,88.498463333499728
1168,ensemble,average,coverage90,TiDE_CAL__minus__TiDE_KIN,0.22440273037542668,0.73293515358361772,0.9573378839590444,0.90529010238907848
1168,ensemble,average,coverage90,TiDE_HCAL__minus__TiDE_KIN,0.17235494880546076,0.73293515358361772,0.9573378839590444,0.90529010238907848
1168,ensemble,average,coverage90,TiDE_HCAL__minus__TiDE_CAL,-0.052047781569965923,0.73293515358361772,0.9573378839590444,0.90529010238907848
1168,ensemble,average,width90,TiDE_CAL__minus__TiDE_KIN,50.867577924803754,12.237800745748046,63.105378670551801,68.260132395421266
1168,ensemble,average,width90,TiDE_HCAL__minus__TiDE_KIN,56.02233164967322,12.237800745748046,63.105378670551801,68.260132395421266
1168,ensemble,average,width90,TiDE_HCAL__minus__TiDE_CAL,5.1547537248694653,12.237800745748046,63.105378670551801,68.260132395421266
1168,ensemble,ATU1,mae,TiDE_CAL__minus__TiDE_KIN,8.7100685751978517,3.899244898010692,12.609313473208545,10.176356398127318
1168,ensemble,ATU1,mae,TiDE_HCAL__minus__TiDE_KIN,6.277111500116626,3.899244898010692,12.609313473208545,10.176356398127318
1168,ensemble,ATU1,mae,TiDE_HCAL__minus__TiDE_CAL,-2.4329570750812266,3.899244898010692,12.609313473208545,10.176356398127318
1168,ensemble,ATU1,rmse,TiDE_CAL__minus__TiDE_KIN,7.5990398350620989,6.8081415766348101,14.407181411696909,12.199034662060672
1168,ensemble,ATU1,rmse,TiDE_HCAL__minus__TiDE_KIN,5.3908930854258621,6.8081415766348101,14.407181411696909,12.199034662060672
1168,ensemble,ATU1,rmse,TiDE_HCAL__minus__TiDE_CAL,-2.2081467496362368,6.8081415766348101,14.407181411696909,12.199034662060672
1168,ensemble,ATU1,crps,TiDE_CAL__minus__TiDE_KIN,6.5862425914244707,3.1570273699715492,9.7432699613960203,9.8814525251844341
1168,ensemble,ATU1,crps,TiDE_HCAL__minus__TiDE_KIN,6.7244251552128844,3.1570273699715492,9.7432699613960203,9.8814525251844341
1168,ensemble,ATU1,crps,TiDE_HCAL__minus__TiDE_CAL,0.13818256378841376,3.1570273699715492,9.7432699613960203,9.8814525251844341
1168,ensemble,ATU1,interval_score90,TiDE_CAL__minus__TiDE_KIN,58.969503772339621,41.072855615781251,100.04235938812087,116.22668929224018
1168,ensemble,ATU1,interval_score90,TiDE_HCAL__minus__TiDE_KIN,75.15383367645893,41.072855615781251,100.04235938812087,116.22668929224018
1168,ensemble,ATU1,interval_score90,TiDE_HCAL__minus__TiDE_CAL,16.184329904119309,41.072855615781251,100.04235938812087,116.22668929224018
1168,ensemble,ATU1,coverage90,TiDE_CAL__minus__TiDE_KIN,0.29351535836177478,0.70648464163822522,1,1
1168,ensemble,ATU1,coverage90,TiDE_HCAL__minus__TiDE_KIN,0.29351535836177478,0.70648464163822522,1,1
1168,ensemble,ATU1,coverage90,TiDE_HCAL__minus__TiDE_CAL,0,0.70648464163822522,1,1
1168,ensemble,ATU1,width90,TiDE_CAL__minus__TiDE_KIN,92.474893609554783,7.5674657785660884,100.04235938812087,116.22668929224018
1168,ensemble,ATU1,width90,TiDE_HCAL__minus__TiDE_KIN,108.65922351367409,7.5674657785660884,100.04235938812087,116.22668929224018
1168,ensemble,ATU1,width90,TiDE_HCAL__minus__TiDE_CAL,16.184329904119309,7.5674657785660884,100.04235938812087,116.22668929224018
1168,ensemble,ATU5,mae,TiDE_CAL__minus__TiDE_KIN,18.88652879970649,4.2882099067552701,23.17473870646176,6.4701462327097943
1168,ensemble,ATU5,mae,TiDE_HCAL__minus__TiDE_KIN,2.1819363259545241,4.2882099067552701,23.17473870646176,6.4701462327097943
1168,ensemble,ATU5,mae,TiDE_HCAL__minus__TiDE_CAL,-16.704592473751966,4.2882099067552701,23.17473870646176,6.4701462327097943
1168,ensemble,ATU5,rmse,TiDE_CAL__minus__TiDE_KIN,20.310026367923822,5.3886251197801123,25.698651487703934,7.8537171328195168
1168,ensemble,ATU5,rmse,TiDE_HCAL__minus__TiDE_KIN,2.4650920130394045,5.3886251197801123,25.698651487703934,7.8537171328195168
1168,ensemble,ATU5,rmse,TiDE_HCAL__minus__TiDE_CAL,-17.844934354884415,5.3886251197801123,25.698651487703934,7.8537171328195168
1168,ensemble,ATU5,crps,TiDE_CAL__minus__TiDE_KIN,12.05049315393669,3.0416673829422596,15.09216053687895,8.0228935752707695
1168,ensemble,ATU5,crps,TiDE_HCAL__minus__TiDE_KIN,4.9812261923285099,3.0416673829422596,15.09216053687895,8.0228935752707695
1168,ensemble,ATU5,crps,TiDE_HCAL__minus__TiDE_CAL,-7.0692669616081805,3.0416673829422596,15.09216053687895,8.0228935752707695
1168,ensemble,ATU5,interval_score90,TiDE_CAL__minus__TiDE_KIN,76.817169698387033,23.141800601274557,99.958970299661587,101.90630148939726
1168,ensemble,ATU5,interval_score90,TiDE_HCAL__minus__TiDE_KIN,78.764500888122711,23.141800601274557,99.958970299661587,101.90630148939726
1168,ensemble,ATU5,interval_score90,TiDE_HCAL__minus__TiDE_CAL,1.947331189735678,23.141800601274557,99.958970299661587,101.90630148939726
1168,ensemble,ATU5,coverage90,TiDE_CAL__minus__TiDE_KIN,0.17406143344709901,0.82593856655290099,1,1
1168,ensemble,ATU5,coverage90,TiDE_HCAL__minus__TiDE_KIN,0.17406143344709901,0.82593856655290099,1,1
1168,ensemble,ATU5,coverage90,TiDE_HCAL__minus__TiDE_CAL,0,0.82593856655290099,1,1
1168,ensemble,ATU5,width90,TiDE_CAL__minus__TiDE_KIN,86.667865443135497,13.29110485652609,99.958970299661587,101.90630148939726
1168,ensemble,ATU5,width90,TiDE_HCAL__minus__TiDE_KIN,88.615196632871175,13.29110485652609,99.958970299661587,101.90630148939726
1168,ensemble,ATU5,width90,TiDE_HCAL__minus__TiDE_CAL,1.947331189735678,13.29110485652609,99.958970299661587,101.90630148939726
1168,ensemble,MJ3,mae,TiDE_CAL__minus__TiDE_KIN,-1.681692215891335,8.7883451199939291,7.1066529041025941,11.485317327281674
1168,ensemble,MJ3,mae,TiDE_HCAL__minus__TiDE_KIN,2.6969722072877449,8.7883451199939291,7.1066529041025941,11.485317327281674
1168,ensemble,MJ3,mae,TiDE_HCAL__minus__TiDE_CAL,4.3786644231790799,8.7883451199939291,7.1066529041025941,11.485317327281674
1168,ensemble,MJ3,rmse,TiDE_CAL__minus__TiDE_KIN,-4.6463550721519375,13.284550831485642,8.6381957593337049,15.061866266766307
1168,ensemble,MJ3,rmse,TiDE_HCAL__minus__TiDE_KIN,1.7773154352806646,13.284550831485642,8.6381957593337049,15.061866266766307
1168,ensemble,MJ3,rmse,TiDE_HCAL__minus__TiDE_CAL,6.4236705074326022,13.284550831485642,8.6381957593337049,15.061866266766307
1168,ensemble,MJ3,crps,TiDE_CAL__minus__TiDE_KIN,-2.4285836555057356,7.4063262923088153,4.9777426368030797,9.0882289672631433
1168,ensemble,MJ3,crps,TiDE_HCAL__minus__TiDE_KIN,1.681902674954328,7.4063262923088153,4.9777426368030797,9.0882289672631433
1168,ensemble,MJ3,crps,TiDE_HCAL__minus__TiDE_CAL,4.1104863304600636,7.4063262923088153,4.9777426368030797,9.0882289672631433
1168,ensemble,MJ3,interval_score90,TiDE_CAL__minus__TiDE_KIN,-55.638246940201057,95.812217514209067,40.17397057400801,104.42372298050996
1168,ensemble,MJ3,interval_score90,TiDE_HCAL__minus__TiDE_KIN,8.6115054663008976,95.812217514209067,40.17397057400801,104.42372298050996
1168,ensemble,MJ3,interval_score90,TiDE_HCAL__minus__TiDE_CAL,64.249752406501955,95.812217514209067,40.17397057400801,104.42372298050996
1168,ensemble,MJ3,coverage90,TiDE_CAL__minus__TiDE_KIN,0.15699658703071673,0.67235494880546076,0.82935153583617749,0.62116040955631402
1168,ensemble,MJ3,coverage90,TiDE_HCAL__minus__TiDE_KIN,-0.051194539249146742,0.67235494880546076,0.82935153583617749,0.62116040955631402
1168,ensemble,MJ3,coverage90,TiDE_HCAL__minus__TiDE_CAL,-0.20819112627986347,0.67235494880546076,0.82935153583617749,0.62116040955631402
1168,ensemble,MJ3,width90,TiDE_CAL__minus__TiDE_KIN,0.42818988416456705,20.65016654688543,21.078356431049997,23.470399228196129
1168,ensemble,MJ3,width90,TiDE_HCAL__minus__TiDE_KIN,2.8202326813106993,20.65016654688543,21.078356431049997,23.470399228196129
1168,ensemble,MJ3,width90,TiDE_HCAL__minus__TiDE_CAL,2.3920427971461322,20.65016654688543,21.078356431049997,23.470399228196129
1168,ensemble,MJ1,mae,TiDE_CAL__minus__TiDE_KIN,3.4929603602284685,3.1383018185227955,6.631262178751264,5.8595439054368468
1168,ensemble,MJ1,mae,TiDE_HCAL__minus__TiDE_KIN,2.7212420869140512,3.1383018185227955,6.631262178751264,5.8595439054368468
1168,ensemble,MJ1,mae,TiDE_HCAL__minus__TiDE_CAL,-0.77171827331441722,3.1383018185227955,6.631262178751264,5.8595439054368468
1168,ensemble,MJ1,rmse,TiDE_CAL__minus__TiDE_KIN,3.1101244440465319,4.6787972306611758,7.7889216747077077,7.0524467628261567
1168,ensemble,MJ1,rmse,TiDE_HCAL__minus__TiDE_KIN,2.3736495321649809,4.6787972306611758,7.7889216747077077,7.0524467628261567
1168,ensemble,MJ1,rmse,TiDE_HCAL__minus__TiDE_CAL,-0.73647491188155101,4.6787972306611758,7.7889216747077077,7.0524467628261567
1168,ensemble,MJ1,crps,TiDE_CAL__minus__TiDE_KIN,2.0025046320106532,2.5468361503223851,4.5493407823330383,4.1086030345868014
1168,ensemble,MJ1,crps,TiDE_HCAL__minus__TiDE_KIN,1.5617668842644163,2.5468361503223851,4.5493407823330383,4.1086030345868014
1168,ensemble,MJ1,crps,TiDE_HCAL__minus__TiDE_CAL,-0.44073774774623686,2.5468361503223851,4.5493407823330383,4.1086030345868014
1168,ensemble,MJ1,interval_score90,TiDE_CAL__minus__TiDE_KIN,-1.0639575681125812,32.405786131487339,31.341828563374758,31.437139571851507
1168,ensemble,MJ1,interval_score90,TiDE_HCAL__minus__TiDE_KIN,-0.96864655963583246,32.405786131487339,31.341828563374758,31.437139571851507
1168,ensemble,MJ1,interval_score90,TiDE_HCAL__minus__TiDE_CAL,0.095311008476748782,32.405786131487339,31.341828563374758,31.437139571851507
1168,ensemble,MJ1,coverage90,TiDE_CAL__minus__TiDE_KIN,0.273037542662116,0.726962457337884,1,1
1168,ensemble,MJ1,coverage90,TiDE_HCAL__minus__TiDE_KIN,0.273037542662116,0.726962457337884,1,1
1168,ensemble,MJ1,coverage90,TiDE_HCAL__minus__TiDE_CAL,0,0.726962457337884,1,1
1168,ensemble,MJ1,width90,TiDE_CAL__minus__TiDE_KIN,23.89936276236018,7.4424658010145786,31.341828563374758,31.437139571851507
1168,ensemble,MJ1,width90,TiDE_HCAL__minus__TiDE_KIN,23.994673770836929,7.4424658010145786,31.341828563374758,31.437139571851507
1168,ensemble,MJ1,width90,TiDE_HCAL__minus__TiDE_CAL,0.095311008476748782,7.4424658010145786,31.341828563374758,31.437139571851507
1168,0,average,mae,TiDE_CAL__minus__TiDE_KIN,10.237763988956107,5.2781994315848415,15.515963420540949,16.912378094418614
1168,0,average,mae,TiDE_HCAL__minus__TiDE_KIN,11.634178662833772,5.2781994315848415,15.515963420540949,16.912378094418614
1168,0,average,mae,TiDE_HCAL__minus__TiDE_CAL,1.3964146738776648,5.2781994315848415,15.515963420540949,16.912378094418614
1168,0,average,rmse,TiDE_CAL__minus__TiDE_KIN,9.820555167297341,7.4647097568094392,17.28526492410678,18.82039186538595
1168,0,average,rmse,TiDE_HCAL__minus__TiDE_KIN,11.355682108576511,7.4647097568094392,17.28526492410678,18.82039186538595
1168,0,average,rmse,TiDE_HCAL__minus__TiDE_CAL,1.5351269412791702,7.4647097568094392,17.28526492410678,18.82039186538595
1168,0,average,crps,TiDE_CAL__minus__TiDE_KIN,6.1990406059945329,4.2122624422909603,10.411303048285493,11.537969948252789
1168,0,average,crps,TiDE_HCAL__minus__TiDE_KIN,7.3257075059618284,4.2122624422909603,10.411303048285493,11.537969948252789
1168,0,average,crps,TiDE_HCAL__minus__TiDE_CAL,1.1266668999672955,4.2122624422909603,10.411303048285493,11.537969948252789
1168,0,average,interval_score90,TiDE_CAL__minus__TiDE_KIN,19.480156160442412,47.751532535279303,67.231688695721715,102.2500527932981
1168,0,average,interval_score90,TiDE_HCAL__minus__TiDE_KIN,54.498520258018793,47.751532535279303,67.231688695721715,102.2500527932981
1168,0,average,interval_score90,TiDE_HCAL__minus__TiDE_CAL,35.018364097576381,47.751532535279303,67.231688695721715,102.2500527932981
1168,0,average,coverage90,TiDE_CAL__minus__TiDE_KIN,0.23549488054607504,0.64334470989761094,0.87883959044368598,0.85153583617747441
1168,0,average,coverage90,TiDE_HCAL__minus__TiDE_KIN,0.20819112627986347,0.64334470989761094,0.87883959044368598,0.85153583617747441
1168,0,average,coverage90,TiDE_HCAL__minus__TiDE_CAL,-0.027303754266211566,0.64334470989761094,0.87883959044368598,0.85153583617747441
1168,0,average,width90,TiDE_CAL__minus__TiDE_KIN,50.867577924803754,12.237800745748046,63.105378670551801,68.260132395421266
1168,0,average,width90,TiDE_HCAL__minus__TiDE_KIN,56.02233164967322,12.237800745748046,63.105378670551801,68.260132395421266
1168,0,average,width90,TiDE_HCAL__minus__TiDE_CAL,5.1547537248694653,12.237800745748046,63.105378670551801,68.260132395421266
1168,0,ATU1,mae,TiDE_CAL__minus__TiDE_KIN,12.808717094821585,4.2287987864002261,17.037515881221811,22.61427243333079
1168,0,ATU1,mae,TiDE_HCAL__minus__TiDE_KIN,18.385473646930564,4.2287987864002261,17.037515881221811,22.61427243333079
1168,0,ATU1,mae,TiDE_HCAL__minus__TiDE_CAL,5.5767565521089786,4.2287987864002261,17.037515881221811,22.61427243333079
1168,0,ATU1,rmse,TiDE_CAL__minus__TiDE_KIN,13.373521375878951,6.5956806378779511,19.969202013756902,24.56315048566114
1168,0,ATU1,rmse,TiDE_HCAL__minus__TiDE_KIN,17.967469847783189,6.5956806378779511,19.969202013756902,24.56315048566114
1168,0,ATU1,rmse,TiDE_HCAL__minus__TiDE_CAL,4.5939484719042376,6.5956806378779511,19.969202013756902,24.56315048566114
1168,0,ATU1,crps,TiDE_CAL__minus__TiDE_KIN,8.5911346244550071,3.4388524016750139,12.029987026130021,14.619826269420203
1168,0,ATU1,crps,TiDE_HCAL__minus__TiDE_KIN,11.180973867745189,3.4388524016750139,12.029987026130021,14.619826269420203
1168,0,ATU1,crps,TiDE_HCAL__minus__TiDE_CAL,2.5898392432901822,3.4388524016750139,12.029987026130021,14.619826269420203
1168,0,ATU1,interval_score90,TiDE_CAL__minus__TiDE_KIN,56.08282812233913,43.959531265781742,100.04235938812087,116.27465756288602
1168,0,ATU1,interval_score90,TiDE_HCAL__minus__TiDE_KIN,72.315126297104285,43.959531265781742,100.04235938812087,116.27465756288602
1168,0,ATU1,interval_score90,TiDE_HCAL__minus__TiDE_CAL,16.232298174765148,43.959531265781742,100.04235938812087,116.27465756288602
1168,0,ATU1,coverage90,TiDE_CAL__minus__TiDE_KIN,0.37542662116040959,0.62457337883959041,1,0.9965870307167235
1168,0,ATU1,coverage90,TiDE_HCAL__minus__TiDE_KIN,0.37201365187713309,0.62457337883959041,1,0.9965870307167235
1168,0,ATU1,coverage90,TiDE_HCAL__minus__TiDE_CAL,-0.0034129692832765013,0.62457337883959041,1,0.9965870307167235
1168,0,ATU1,width90,TiDE_CAL__minus__TiDE_KIN,92.474893609554783,7.5674657785660884,100.04235938812087,116.22668929224018
1168,0,ATU1,width90,TiDE_HCAL__minus__TiDE_KIN,108.65922351367409,7.5674657785660884,100.04235938812087,116.22668929224018
1168,0,ATU1,width90,TiDE_HCAL__minus__TiDE_CAL,16.184329904119309,7.5674657785660884,100.04235938812087,116.22668929224018
1168,0,ATU5,mae,TiDE_CAL__minus__TiDE_KIN,22.444716945514742,5.830788638429917,28.275505583944657,18.082339059241072
1168,0,ATU5,mae,TiDE_HCAL__minus__TiDE_KIN,12.251550420811155,5.830788638429917,28.275505583944657,18.082339059241072
1168,0,ATU5,mae,TiDE_HCAL__minus__TiDE_CAL,-10.193166524703585,5.830788638429917,28.275505583944657,18.082339059241072
1168,0,ATU5,rmse,TiDE_CAL__minus__TiDE_KIN,23.789630827746201,7.1296021036603516,30.919232931406551,19.097093633600959
1168,0,ATU5,rmse,TiDE_HCAL__minus__TiDE_KIN,11.967491529940608,7.1296021036603516,30.919232931406551,19.097093633600959
1168,0,ATU5,rmse,TiDE_HCAL__minus__TiDE_CAL,-11.822139297805592,7.1296021036603516,30.919232931406551,19.097093633600959
1168,0,ATU5,crps,TiDE_CAL__minus__TiDE_KIN,13.96869905385126,4.363815802434349,18.332514856285609,11.728093741658554
1168,0,ATU5,crps,TiDE_HCAL__minus__TiDE_KIN,7.3642779392242055,4.363815802434349,18.332514856285609,11.728093741658554
1168,0,ATU5,crps,TiDE_HCAL__minus__TiDE_CAL,-6.6044211146270548,4.363815802434349,18.332514856285609,11.728093741658554
1168,0,ATU5,interval_score90,TiDE_CAL__minus__TiDE_KIN,58.61703807810575,41.341932221555837,99.958970299661587,101.90630148939726
1168,0,ATU5,interval_score90,TiDE_HCAL__minus__TiDE_KIN,60.564369267841428,41.341932221555837,99.958970299661587,101.90630148939726
1168,0,ATU5,interval_score90,TiDE_HCAL__minus__TiDE_CAL,1.947331189735678,41.341932221555837,99.958970299661587,101.90630148939726
1168,0,ATU5,coverage90,TiDE_CAL__minus__TiDE_KIN,0.39931740614334466,0.60068259385665534,1,1
1168,0,ATU5,coverage90,TiDE_HCAL__minus__TiDE_KIN,0.39931740614334466,0.60068259385665534,1,1
1168,0,ATU5,coverage90,TiDE_HCAL__minus__TiDE_CAL,0,0.60068259385665534,1,1
1168,0,ATU5,width90,TiDE_CAL__minus__TiDE_KIN,86.667865443135497,13.29110485652609,99.958970299661587,101.90630148939726
1168,0,ATU5,width90,TiDE_HCAL__minus__TiDE_KIN,88.615196632871175,13.29110485652609,99.958970299661587,101.90630148939726
1168,0,ATU5,width90,TiDE_HCAL__minus__TiDE_CAL,1.947331189735678,13.29110485652609,99.958970299661587,101.90630148939726
1168,0,MJ3,mae,TiDE_CAL__minus__TiDE_KIN,1.5662883843815587,7.7242593538283293,9.290547738209888,14.885727355756536
1168,0,MJ3,mae,TiDE_HCAL__minus__TiDE_KIN,7.1614680019282071,7.7242593538283293,9.290547738209888,14.885727355756536
1168,0,MJ3,mae,TiDE_HCAL__minus__TiDE_CAL,5.5951796175466484,7.7242593538283293,9.290547738209888,14.885727355756536
1168,0,MJ3,rmse,TiDE_CAL__minus__TiDE_KIN,-1.9987510265833439,12.064246043338597,10.065495016755253,18.959037546291345
1168,0,MJ3,rmse,TiDE_HCAL__minus__TiDE_KIN,6.8947915029527476,12.064246043338597,10.065495016755253,18.959037546291345
1168,0,MJ3,rmse,TiDE_HCAL__minus__TiDE_CAL,8.8935425295360915,12.064246043338597,10.065495016755253,18.959037546291345
1168,0,MJ3,crps,TiDE_CAL__minus__TiDE_KIN,-0.094584210976887739,6.5860776322390775,6.4914934212621898,11.90564456689007
1168,0,MJ3,crps,TiDE_HCAL__minus__TiDE_KIN,5.3195669346509922,6.5860776322390775,6.4914934212621898,11.90564456689007
1168,0,MJ3,crps,TiDE_HCAL__minus__TiDE_CAL,5.4141511456278799,6.5860776322390775,6.4914934212621898,11.90564456689007
1168,0,MJ3,interval_score90,TiDE_CAL__minus__TiDE_KIN,-45.308085913384076,82.89168244511373,37.583596531729654,151.03563143716559
1168,0,MJ3,interval_score90,TiDE_HCAL__minus__TiDE_KIN,68.143948992051861,82.89168244511373,37.583596531729654,151.03563143716559
1168,0,MJ3,interval_score90,TiDE_HCAL__minus__TiDE_CAL,113.45203490543594,82.89168244511373,37.583596531729654,151.03563143716559
1168,0,MJ3,coverage90,TiDE_CAL__minus__TiDE_KIN,-0.17406143344709901,0.68941979522184305,0.51535836177474403,0.58703071672354945
1168,0,MJ3,coverage90,TiDE_HCAL__minus__TiDE_KIN,-0.1023890784982936,0.68941979522184305,0.51535836177474403,0.58703071672354945
1168,0,MJ3,coverage90,TiDE_HCAL__minus__TiDE_CAL,0.071672354948805417,0.68941979522184305,0.51535836177474403,0.58703071672354945
1168,0,MJ3,width90,TiDE_CAL__minus__TiDE_KIN,0.42818988416456705,20.65016654688543,21.078356431049997,23.470399228196129
1168,0,MJ3,width90,TiDE_HCAL__minus__TiDE_KIN,2.8202326813106993,20.65016654688543,21.078356431049997,23.470399228196129
1168,0,MJ3,width90,TiDE_HCAL__minus__TiDE_CAL,2.3920427971461322,20.65016654688543,21.078356431049997,23.470399228196129
1168,0,MJ1,mae,TiDE_CAL__minus__TiDE_KIN,4.1313335311065398,3.3289509476808958,7.4602844787874352,12.067173529346062
1168,0,MJ1,mae,TiDE_HCAL__minus__TiDE_KIN,8.7382225816651662,3.3289509476808958,7.4602844787874352,12.067173529346062
1168,0,MJ1,mae,TiDE_HCAL__minus__TiDE_CAL,4.6068890505586273,3.3289509476808958,7.4602844787874352,12.067173529346062
1168,0,MJ1,rmse,TiDE_CAL__minus__TiDE_KIN,4.117819492147567,4.0693102423608556,8.1871297345084226,12.662285795990364
1168,0,MJ1,rmse,TiDE_HCAL__minus__TiDE_KIN,8.5929755536295076,4.0693102423608556,8.1871297345084226,12.662285795990364
1168,0,MJ1,rmse,TiDE_HCAL__minus__TiDE_CAL,4.4751560614819414,4.0693102423608556,8.1871297345084226,12.662285795990364
1168,0,MJ1,crps,TiDE_CAL__minus__TiDE_KIN,2.3309129566487559,2.4603039328153984,4.7912168894641542,7.898315215042329
1168,0,MJ1,crps,TiDE_HCAL__minus__TiDE_KIN,5.4380112822269311,2.4603039328153984,4.7912168894641542,7.898315215042329
1168,0,MJ1,crps,TiDE_HCAL__minus__TiDE_CAL,3.1070983255781748,2.4603039328153984,4.7912168894641542,7.898315215042329
1168,0,MJ1,interval_score90,TiDE_CAL__minus__TiDE_KIN,8.5288443547088484,22.81298420866591,31.341828563374758,39.783620683743464
1168,0,MJ1,interval_score90,TiDE_HCAL__minus__TiDE_KIN,16.970636475077555,22.81298420866591,31.341828563374758,39.783620683743464
1168,0,MJ1,interval_score90,TiDE_HCAL__minus__TiDE_CAL,8.4417921203687065,22.81298420866591,31.341828563374758,39.783620683743464
1168,0,MJ1,coverage90,TiDE_CAL__minus__TiDE_KIN,0.34129692832764502,0.65870307167235498,1,0.8225255972696246
1168,0,MJ1,coverage90,TiDE_HCAL__minus__TiDE_KIN,0.16382252559726962,0.65870307167235498,1,0.8225255972696246
1168,0,MJ1,coverage90,TiDE_HCAL__minus__TiDE_CAL,-0.1774744027303754,0.65870307167235498,1,0.8225255972696246
1168,0,MJ1,width90,TiDE_CAL__minus__TiDE_KIN,23.89936276236018,7.4424658010145786,31.341828563374758,31.437139571851507
1168,0,MJ1,width90,TiDE_HCAL__minus__TiDE_KIN,23.994673770836929,7.4424658010145786,31.341828563374758,31.437139571851507
1168,0,MJ1,width90,TiDE_HCAL__minus__TiDE_CAL,0.095311008476748782,7.4424658010145786,31.341828563374758,31.437139571851507
1168,1,average,mae,TiDE_CAL__minus__TiDE_KIN,4.257433179387399,5.3116212175097575,9.5690543968971564,10.735512957511405
1168,1,average,mae,TiDE_HCAL__minus__TiDE_KIN,5.4238917400016478,5.3116212175097575,9.5690543968971564,10.735512957511405
1168,1,average,mae,TiDE_HCAL__minus__TiDE_CAL,1.1664585606142488,5.3116212175097575,9.5690543968971564,10.735512957511405
1168,1,average,rmse,TiDE_CAL__minus__TiDE_KIN,3.048211360591834,8.4176579111903553,11.465869271782189,12.846518630129726
1168,1,average,rmse,TiDE_HCAL__minus__TiDE_KIN,4.4288607189393705,8.4176579111903553,11.465869271782189,12.846518630129726
1168,1,average,rmse,TiDE_HCAL__minus__TiDE_CAL,1.3806493583475365,8.4176579111903553,11.465869271782189,12.846518630129726
1168,1,average,crps,TiDE_CAL__minus__TiDE_KIN,3.1515093413876931,4.4253219817132869,7.5768313231009801,7.928991568837823
1168,1,average,crps,TiDE_HCAL__minus__TiDE_KIN,3.503669587124536,4.4253219817132869,7.5768313231009801,7.928991568837823
1168,1,average,crps,TiDE_HCAL__minus__TiDE_CAL,0.3521602457368429,4.4253219817132869,7.5768313231009801,7.928991568837823
1168,1,average,interval_score90,TiDE_CAL__minus__TiDE_KIN,17.635433948017436,56.316335760387375,73.951769708404811,71.899471599884237
1168,1,average,interval_score90,TiDE_HCAL__minus__TiDE_KIN,15.583135839496862,56.316335760387375,73.951769708404811,71.899471599884237
1168,1,average,interval_score90,TiDE_HCAL__minus__TiDE_CAL,-2.0522981085205743,56.316335760387375,73.951769708404811,71.899471599884237
1168,1,average,coverage90,TiDE_CAL__minus__TiDE_KIN,0.20307167235494883,0.72525597269624575,0.92832764505119458,0.96245733788395904
1168,1,average,coverage90,TiDE_HCAL__minus__TiDE_KIN,0.23720136518771329,0.72525597269624575,0.92832764505119458,0.96245733788395904
1168,1,average,coverage90,TiDE_HCAL__minus__TiDE_CAL,0.034129692832764458,0.72525597269624575,0.92832764505119458,0.96245733788395904
1168,1,average,width90,TiDE_CAL__minus__TiDE_KIN,50.867577924803754,12.237800745748046,63.105378670551801,68.26013239542128
1168,1,average,width90,TiDE_HCAL__minus__TiDE_KIN,56.022331649673234,12.237800745748046,63.105378670551801,68.26013239542128
1168,1,average,width90,TiDE_HCAL__minus__TiDE_CAL,5.1547537248694795,12.237800745748046,63.105378670551801,68.26013239542128
1168,1,ATU1,mae,TiDE_CAL__minus__TiDE_KIN,1.3926721782684197,4.9591797631910799,6.3518519414594996,14.244203720576063
1168,1,ATU1,mae,TiDE_HCAL__minus__TiDE_KIN,9.2850239573849827,4.9591797631910799,6.3518519414594996,14.244203720576063
1168,1,ATU1,mae,TiDE_HCAL__minus__TiDE_CAL,7.8923517791165638,4.9591797631910799,6.3518519414594996,14.244203720576063
1168,1,ATU1,rmse,TiDE_CAL__minus__TiDE_KIN,-1.0810554557575038,9.0159314695989305,7.9348760138414267,16.49094996599603
1168,1,ATU1,rmse,TiDE_HCAL__minus__TiDE_KIN,7.4750184963970998,9.0159314695989305,7.9348760138414267,16.49094996599603
1168,1,ATU1,rmse,TiDE_HCAL__minus__TiDE_CAL,8.5560739521546036,9.0159314695989305,7.9348760138414267,16.49094996599603
1168,1,ATU1,crps,TiDE_CAL__minus__TiDE_KIN,3.7079369362211976,4.2120048798926346,7.9199418161138322,11.224874597159062
1168,1,ATU1,crps,TiDE_HCAL__minus__TiDE_KIN,7.0128697172664269,4.2120048798926346,7.9199418161138322,11.224874597159062
1168,1,ATU1,crps,TiDE_HCAL__minus__TiDE_CAL,3.3049327810452294,4.2120048798926346,7.9199418161138322,11.224874597159062
1168,1,ATU1,interval_score90,TiDE_CAL__minus__TiDE_KIN,39.921422866773831,60.120936521347041,100.04235938812087,116.22668929224021
1168,1,ATU1,interval_score90,TiDE_HCAL__minus__TiDE_KIN,56.105752770893169,60.120936521347041,100.04235938812087,116.22668929224021
1168,1,ATU1,interval_score90,TiDE_HCAL__minus__TiDE_CAL,16.184329904119338,60.120936521347041,100.04235938812087,116.22668929224021
1168,1,ATU1,coverage90,TiDE_CAL__minus__TiDE_KIN,0.3686006825938567,0.6313993174061433,1,1
1168,1,ATU1,coverage90,TiDE_HCAL__minus__TiDE_KIN,0.3686006825938567,0.6313993174061433,1,1
1168,1,ATU1,coverage90,TiDE_HCAL__minus__TiDE_CAL,0,0.6313993174061433,1,1
1168,1,ATU1,width90,TiDE_CAL__minus__TiDE_KIN,92.474893609554783,7.5674657785660884,100.04235938812087,116.22668929224021
1168,1,ATU1,width90,TiDE_HCAL__minus__TiDE_KIN,108.65922351367412,7.5674657785660884,100.04235938812087,116.22668929224021
1168,1,ATU1,width90,TiDE_HCAL__minus__TiDE_CAL,16.184329904119338,7.5674657785660884,100.04235938812087,116.22668929224021
1168,1,ATU5,mae,TiDE_CAL__minus__TiDE_KIN,13.830036936954741,4.1213745310451673,17.951411467999908,17.490607965833455
1168,1,ATU5,mae,TiDE_HCAL__minus__TiDE_KIN,13.369233434788288,4.1213745310451673,17.951411467999908,17.490607965833455
1168,1,ATU5,mae,TiDE_HCAL__minus__TiDE_CAL,-0.46080350216645272,4.1213745310451673,17.951411467999908,17.490607965833455
1168,1,ATU5,rmse,TiDE_CAL__minus__TiDE_KIN,14.566286145153239,5.4446279628286041,20.010914107981844,20.7789547244045
1168,1,ATU5,rmse,TiDE_HCAL__minus__TiDE_KIN,15.334326761575895,5.4446279628286041,20.010914107981844,20.7789547244045
1168,1,ATU5,rmse,TiDE_HCAL__minus__TiDE_CAL,0.76804061642265609,5.4446279628286041,20.010914107981844,20.7789547244045
1168,1,ATU5,crps,TiDE_CAL__minus__TiDE_KIN,9.1059873280529455,2.9606627288370722,12.066650056890017,12.405733807642143
1168,1,ATU5,crps,TiDE_HCAL__minus__TiDE_KIN,9.4450710788050714,2.9606627288370722,12.066650056890017,12.405733807642143
1168,1,ATU5,crps,TiDE_HCAL__minus__TiDE_CAL,0.33908375075212582,2.9606627288370722,12.066650056890017,12.405733807642143
1168,1,ATU5,interval_score90,TiDE_CAL__minus__TiDE_KIN,76.877266112341601,23.081704187319982,99.958970299661587,101.90630148939726
1168,1,ATU5,interval_score90,TiDE_HCAL__minus__TiDE_KIN,78.824597302077279,23.081704187319982,99.958970299661587,101.90630148939726
1168,1,ATU5,interval_score90,TiDE_HCAL__minus__TiDE_CAL,1.947331189735678,23.081704187319982,99.958970299661587,101.90630148939726
1168,1,ATU5,coverage90,TiDE_CAL__minus__TiDE_KIN,0.10921501706484638,0.89078498293515362,1,1
1168,1,ATU5,coverage90,TiDE_HCAL__minus__TiDE_KIN,0.10921501706484638,0.89078498293515362,1,1
1168,1,ATU5,coverage90,TiDE_HCAL__minus__TiDE_CAL,0,0.89078498293515362,1,1
1168,1,ATU5,width90,TiDE_CAL__minus__TiDE_KIN,86.667865443135497,13.29110485652609,99.958970299661587,101.90630148939726
1168,1,ATU5,width90,TiDE_HCAL__minus__TiDE_KIN,88.615196632871175,13.29110485652609,99.958970299661587,101.90630148939726
1168,1,ATU5,width90,TiDE_HCAL__minus__TiDE_CAL,1.947331189735678,13.29110485652609,99.958970299661587,101.90630148939726
1168,1,MJ3,mae,TiDE_CAL__minus__TiDE_KIN,-0.6604631151698559,8.4913945430786981,7.8309314279088422,5.907964889388154
1168,1,MJ3,mae,TiDE_HCAL__minus__TiDE_KIN,-2.5834296536905441,8.4913945430786981,7.8309314279088422,5.907964889388154
1168,1,MJ3,mae,TiDE_HCAL__minus__TiDE_CAL,-1.9229665385206882,8.4913945430786981,7.8309314279088422,5.907964889388154
1168,1,MJ3,rmse,TiDE_CAL__minus__TiDE_KIN,-2.839856171171002,13.537235758154591,10.697379586983589,7.9572791269171361
1168,1,MJ3,rmse,TiDE_HCAL__minus__TiDE_KIN,-5.5799566312374544,13.537235758154591,10.697379586983589,7.9572791269171361
1168,1,MJ3,rmse,TiDE_HCAL__minus__TiDE_CAL,-2.7401004600664525,13.537235758154591,10.697379586983589,7.9572791269171361
1168,1,MJ3,crps,TiDE_CAL__minus__TiDE_KIN,-1.3486355788039868,7.4325617886432731,6.0839262098392863,4.3638711659059997
1168,1,MJ3,crps,TiDE_HCAL__minus__TiDE_KIN,-3.0686906227372734,7.4325617886432731,6.0839262098392863,4.3638711659059997
1168,1,MJ3,crps,TiDE_HCAL__minus__TiDE_CAL,-1.7200550439332867,7.4325617886432731,6.0839262098392863,4.3638711659059997
1168,1,MJ3,interval_score90,TiDE_CAL__minus__TiDE_KIN,-34.56125397715968,99.025174559621732,64.463920582462052,38.027756046047941
1168,1,MJ3,interval_score90,TiDE_HCAL__minus__TiDE_KIN,-60.997418513573791,99.025174559621732,64.463920582462052,38.027756046047941
1168,1,MJ3,interval_score90,TiDE_HCAL__minus__TiDE_CAL,-26.436164536414111,99.025174559621732,64.463920582462052,38.027756046047941
1168,1,MJ3,coverage90,TiDE_CAL__minus__TiDE_KIN,0.037542662116040959,0.67576791808873715,0.71331058020477811,0.84982935153583616
1168,1,MJ3,coverage90,TiDE_HCAL__minus__TiDE_KIN,0.17406143344709901,0.67576791808873715,0.71331058020477811,0.84982935153583616
1168,1,MJ3,coverage90,TiDE_HCAL__minus__TiDE_CAL,0.13651877133105805,0.67576791808873715,0.71331058020477811,0.84982935153583616
1168,1,MJ3,width90,TiDE_CAL__minus__TiDE_KIN,0.42818988416456705,20.65016654688543,21.078356431049997,23.470399228196129
1168,1,MJ3,width90,TiDE_HCAL__minus__TiDE_KIN,2.8202326813106993,20.65016654688543,21.078356431049997,23.470399228196129
1168,1,MJ3,width90,TiDE_HCAL__minus__TiDE_CAL,2.3920427971461322,20.65016654688543,21.078356431049997,23.470399228196129
1168,1,MJ1,mae,TiDE_CAL__minus__TiDE_KIN,2.4674867174962913,3.6745360327240859,6.1420227502203772,5.2992752542479513
1168,1,MJ1,mae,TiDE_HCAL__minus__TiDE_KIN,1.6247392215238654,3.6745360327240859,6.1420227502203772,5.2992752542479513
1168,1,MJ1,mae,TiDE_HCAL__minus__TiDE_CAL,-0.84274749597242593,3.6745360327240859,6.1420227502203772,5.2992752542479513
1168,1,MJ1,rmse,TiDE_CAL__minus__TiDE_KIN,1.5474709241426039,5.6728364541792944,7.2203073783218983,6.1588907032012408
1168,1,MJ1,rmse,TiDE_HCAL__minus__TiDE_KIN,0.48605424902194638,5.6728364541792944,7.2203073783218983,6.1588907032012408
1168,1,MJ1,rmse,TiDE_HCAL__minus__TiDE_CAL,-1.0614166751206575,5.6728364541792944,7.2203073783218983,6.1588907032012408
1168,1,MJ1,crps,TiDE_CAL__minus__TiDE_KIN,1.1407486800806179,3.0960585294801666,4.2368072095607845,3.7214867046440872
1168,1,MJ1,crps,TiDE_HCAL__minus__TiDE_KIN,0.62542817516392057,3.0960585294801666,4.2368072095607845,3.7214867046440872
1168,1,MJ1,crps,TiDE_HCAL__minus__TiDE_CAL,-0.51532050491669734,3.0960585294801666,4.2368072095607845,3.7214867046440872
1168,1,MJ1,interval_score90,TiDE_CAL__minus__TiDE_KIN,-11.695699209885998,43.037527773260749,31.341828563374751,31.437139571851489
1168,1,MJ1,interval_score90,TiDE_HCAL__minus__TiDE_KIN,-11.60038820140926,43.037527773260749,31.341828563374751,31.437139571851489
1168,1,MJ1,interval_score90,TiDE_HCAL__minus__TiDE_CAL,0.095311008476738124,43.037527773260749,31.341828563374751,31.437139571851489
1168,1,MJ1,coverage90,TiDE_CAL__minus__TiDE_KIN,0.29692832764505117,0.70307167235494883,1,1
1168,1,MJ1,coverage90,TiDE_HCAL__minus__TiDE_KIN,0.29692832764505117,0.70307167235494883,1,1
1168,1,MJ1,coverage90,TiDE_HCAL__minus__TiDE_CAL,0,0.70307167235494883,1,1
1168,1,MJ1,width90,TiDE_CAL__minus__TiDE_KIN,23.899362762360173,7.4424658010145786,31.341828563374751,31.437139571851489
1168,1,MJ1,width90,TiDE_HCAL__minus__TiDE_KIN,23.994673770836911,7.4424658010145786,31.341828563374751,31.437139571851489
1168,1,MJ1,width90,TiDE_HCAL__minus__TiDE_CAL,0.095311008476738124,7.4424658010145786,31.341828563374751,31.437139571851489
1168,2,average,mae,TiDE_CAL__minus__TiDE_KIN,9.19220034988723,5.5750060426851453,14.767206392572376,16.596400876393563
1168,2,average,mae,TiDE_HCAL__minus__TiDE_KIN,11.021394833708417,5.5750060426851453,14.767206392572376,16.596400876393563
1168,2,average,mae,TiDE_HCAL__minus__TiDE_CAL,1.8291944838211869,5.5750060426851453,14.767206392572376,16.596400876393563
1168,2,average,rmse,TiDE_CAL__minus__TiDE_KIN,8.6677509479696706,7.8185433946429814,16.486294342612652,18.583828885422101
1168,2,average,rmse,TiDE_HCAL__minus__TiDE_KIN,10.765285490779119,7.8185433946429814,16.486294342612652,18.583828885422101
1168,2,average,rmse,TiDE_HCAL__minus__TiDE_CAL,2.0975345428094485,7.8185433946429814,16.486294342612652,18.583828885422101
1168,2,average,crps,TiDE_CAL__minus__TiDE_KIN,5.4000685072282817,4.4107468674135664,9.8108153746418481,11.580394601074888
1168,2,average,crps,TiDE_HCAL__minus__TiDE_KIN,7.1696477336613214,4.4107468674135664,9.8108153746418481,11.580394601074888
1168,2,average,crps,TiDE_HCAL__minus__TiDE_CAL,1.7695792264330397,4.4107468674135664,9.8108153746418481,11.580394601074888
1168,2,average,interval_score90,TiDE_CAL__minus__TiDE_KIN,14.694157591382478,52.905497584449364,67.599655175831842,108.82267712286226
1168,2,average,interval_score90,TiDE_HCAL__minus__TiDE_KIN,55.917179538412896,52.905497584449364,67.599655175831842,108.82267712286226
1168,2,average,interval_score90,TiDE_HCAL__minus__TiDE_CAL,41.223021947030418,52.905497584449364,67.599655175831842,108.82267712286226
1168,2,average,coverage90,TiDE_CAL__minus__TiDE_KIN,0.23890784982935154,0.70989761092150172,0.94880546075085326,0.79692832764505128
1168,2,average,coverage90,TiDE_HCAL__minus__TiDE_KIN,0.087030716723549562,0.70989761092150172,0.94880546075085326,0.79692832764505128
1168,2,average,coverage90,TiDE_HCAL__minus__TiDE_CAL,-0.15187713310580198,0.70989761092150172,0.94880546075085326,0.79692832764505128
1168,2,average,width90,TiDE_CAL__minus__TiDE_KIN,50.867577924803754,12.237800745748046,63.105378670551801,68.260132395421266
1168,2,average,width90,TiDE_HCAL__minus__TiDE_KIN,56.02233164967322,12.237800745748046,63.105378670551801,68.260132395421266
1168,2,average,width90,TiDE_HCAL__minus__TiDE_CAL,5.1547537248694653,12.237800745748046,63.105378670551801,68.260132395421266
1168,2,ATU1,mae,TiDE_CAL__minus__TiDE_KIN,13.094107691734877,4.5902885276401202,17.684396219374996,21.42359790606282
1168,2,ATU1,mae,TiDE_HCAL__minus__TiDE_KIN,16.833309378422701,4.5902885276401202,17.684396219374996,21.42359790606282
1168,2,ATU1,mae,TiDE_HCAL__minus__TiDE_CAL,3.7392016866878244,4.5902885276401202,17.684396219374996,21.42359790606282
1168,2,ATU1,rmse,TiDE_CAL__minus__TiDE_KIN,13.558861181904593,6.6329201081695208,20.191781290074115,23.106677482053744
1168,2,ATU1,rmse,TiDE_HCAL__minus__TiDE_KIN,16.473757373884222,6.6329201081695208,20.191781290074115,23.106677482053744
1168,2,ATU1,rmse,TiDE_HCAL__minus__TiDE_CAL,2.9148961919796292,6.6329201081695208,20.191781290074115,23.106677482053744
1168,2,ATU1,crps,TiDE_CAL__minus__TiDE_KIN,8.4526202264582437,3.7064810845490497,12.159101311007293,13.97153394490655
1168,2,ATU1,crps,TiDE_HCAL__minus__TiDE_KIN,10.2650528603575,3.7064810845490497,12.159101311007293,13.97153394490655
1168,2,ATU1,crps,TiDE_HCAL__minus__TiDE_CAL,1.8124326338992578,3.7064810845490497,12.159101311007293,13.97153394490655
1168,2,ATU1,interval_score90,TiDE_CAL__minus__TiDE_KIN,53.148457066987739,46.893902321133133,100.04235938812087,116.22668929224018
1168,2,ATU1,interval_score90,TiDE_HCAL__minus__TiDE_KIN,69.332786971107055,46.893902321133133,100.04235938812087,116.22668929224018
1168,2,ATU1,interval_score90,TiDE_HCAL__minus__TiDE_CAL,16.184329904119309,46.893902321133133,100.04235938812087,116.22668929224018
1168,2,ATU1,coverage90,TiDE_CAL__minus__TiDE_KIN,0.41296928327645055,0.58703071672354945,1,1
1168,2,ATU1,coverage90,TiDE_HCAL__minus__TiDE_KIN,0.41296928327645055,0.58703071672354945,1,1
1168,2,ATU1,coverage90,TiDE_HCAL__minus__TiDE_CAL,0,0.58703071672354945,1,1
1168,2,ATU1,width90,TiDE_CAL__minus__TiDE_KIN,92.474893609554783,7.5674657785660884,100.04235938812087,116.22668929224018
1168,2,ATU1,width90,TiDE_HCAL__minus__TiDE_KIN,108.65922351367409,7.5674657785660884,100.04235938812087,116.22668929224018
1168,2,ATU1,width90,TiDE_HCAL__minus__TiDE_CAL,16.184329904119309,7.5674657785660884,100.04235938812087,116.22668929224018
1168,2,ATU5,mae,TiDE_CAL__minus__TiDE_KIN,21.77954312625069,3.9993440060536356,25.778887132304327,18.049529311582894
1168,2,ATU5,mae,TiDE_HCAL__minus__TiDE_KIN,14.050185305529258,3.9993440060536356,25.778887132304327,18.049529311582894
1168,2,ATU5,mae,TiDE_HCAL__minus__TiDE_CAL,-7.7293578207214324,3.9993440060536356,25.778887132304327,18.049529311582894
1168,2,ATU5,rmse,TiDE_CAL__minus__TiDE_KIN,22.500119598111539,5.3093895186955953,27.809509116807135,19.424418007012115
1168,2,ATU5,rmse,TiDE_HCAL__minus__TiDE_KIN,14.115028488316518,5.3093895186955953,27.809509116807135,19.424418007012115
1168,2,ATU5,rmse,TiDE_HCAL__minus__TiDE_CAL,-8.3850911097950203,5.3093895186955953,27.809509116807135,19.424418007012115
1168,2,ATU5,crps,TiDE_CAL__minus__TiDE_KIN,13.588265830372798,2.8312995296001491,16.419565359972946,11.883834602206004
1168,2,ATU5,crps,TiDE_HCAL__minus__TiDE_KIN,9.0525350726058562,2.8312995296001491,16.419565359972946,11.883834602206004
1168,2,ATU5,crps,TiDE_HCAL__minus__TiDE_CAL,-4.5357307577669417,2.8312995296001491,16.419565359972946,11.883834602206004
1168,2,ATU5,interval_score90,TiDE_CAL__minus__TiDE_KIN,76.082912307678271,23.876057991983309,99.958970299661587,101.90630148939726
1168,2,ATU5,interval_score90,TiDE_HCAL__minus__TiDE_KIN,78.030243497413949,23.876057991983309,99.958970299661587,101.90630148939726
1168,2,ATU5,interval_score90,TiDE_HCAL__minus__TiDE_CAL,1.947331189735678,23.876057991983309,99.958970299661587,101.90630148939726
1168,2,ATU5,coverage90,TiDE_CAL__minus__TiDE_KIN,0.11945392491467577,0.88054607508532423,1,1
1168,2,ATU5,coverage90,TiDE_HCAL__minus__TiDE_KIN,0.11945392491467577,0.88054607508532423,1,1
1168,2,ATU5,coverage90,TiDE_HCAL__minus__TiDE_CAL,0,0.88054607508532423,1,1
1168,2,ATU5,width90,TiDE_CAL__minus__TiDE_KIN,86.667865443135497,13.29110485652609,99.958970299661587,101.90630148939726
1168,2,ATU5,width90,TiDE_HCAL__minus__TiDE_KIN,88.615196632871175,13.29110485652609,99.958970299661587,101.90630148939726
1168,2,ATU5,width90,TiDE_HCAL__minus__TiDE_CAL,1.947331189735678,13.29110485652609,99.958970299661587,101.90630148939726
1168,2,MJ3,mae,TiDE_CAL__minus__TiDE_KIN,-2.3877145998148279,10.468822421003482,8.0811078211886542,16.736569756714029
1168,2,MJ3,mae,TiDE_HCAL__minus__TiDE_KIN,6.2677473357105473,10.468822421003482,8.0811078211886542,16.736569756714029
1168,2,MJ3,mae,TiDE_HCAL__minus__TiDE_CAL,8.6554619355253752,10.468822421003482,8.0811078211886542,16.736569756714029
1168,2,MJ3,rmse,TiDE_CAL__minus__TiDE_KIN,-5.1313736727848518,14.417777265151855,9.2864035923670034,20.155709109933969
1168,2,MJ3,rmse,TiDE_HCAL__minus__TiDE_KIN,5.7379318447821142,14.417777265151855,9.2864035923670034,20.155709109933969
1168,2,MJ3,rmse,TiDE_HCAL__minus__TiDE_CAL,10.869305517566966,14.417777265151855,9.2864035923670034,20.155709109933969
1168,2,MJ3,crps,TiDE_CAL__minus__TiDE_KIN,-2.8407512220555295,8.4441421486235235,5.603390926567994,13.591084670954732
1168,2,MJ3,crps,TiDE_HCAL__minus__TiDE_KIN,5.1469425223312086,8.4441421486235235,5.603390926567994,13.591084670954732
1168,2,MJ3,crps,TiDE_HCAL__minus__TiDE_CAL,7.9876937443867382,8.4441421486235235,5.603390926567994,13.591084670954732
1168,2,MJ3,interval_score90,TiDE_CAL__minus__TiDE_KIN,-67.506242583297308,106.56170503546748,39.055462452170175,170.77196706912849
1168,2,MJ3,interval_score90,TiDE_HCAL__minus__TiDE_KIN,64.21026203366101,106.56170503546748,39.055462452170175,170.77196706912849
1168,2,MJ3,interval_score90,TiDE_HCAL__minus__TiDE_CAL,131.71650461695833,106.56170503546748,39.055462452170175,170.77196706912849
1168,2,MJ3,coverage90,TiDE_CAL__minus__TiDE_KIN,0.14675767918088733,0.64846416382252559,0.79522184300341292,0.38566552901023893
1168,2,MJ3,coverage90,TiDE_HCAL__minus__TiDE_KIN,-0.26279863481228666,0.64846416382252559,0.79522184300341292,0.38566552901023893
1168,2,MJ3,coverage90,TiDE_HCAL__minus__TiDE_CAL,-0.40955631399317399,0.64846416382252559,0.79522184300341292,0.38566552901023893
1168,2,MJ3,width90,TiDE_CAL__minus__TiDE_KIN,0.42818988416456705,20.65016654688543,21.078356431049997,23.470399228196129
1168,2,MJ3,width90,TiDE_HCAL__minus__TiDE_KIN,2.8202326813106993,20.65016654688543,21.078356431049997,23.470399228196129
1168,2,MJ3,width90,TiDE_HCAL__minus__TiDE_CAL,2.3920427971461322,20.65016654688543,21.078356431049997,23.470399228196129
1168,2,MJ1,mae,TiDE_CAL__minus__TiDE_KIN,4.2828651813781899,3.2415692160433411,7.5244343974215315,10.175906531214514
1168,2,MJ1,mae,TiDE_HCAL__minus__TiDE_KIN,6.934337315171172,3.2415692160433411,7.5244343974215315,10.175906531214514
1168,2,MJ1,mae,TiDE_HCAL__minus__TiDE_CAL,2.6514721337929821,3.2415692160433411,7.5244343974215315,10.175906531214514
1168,2,MJ1,rmse,TiDE_CAL__minus__TiDE_KIN,3.743396684647406,4.9140866865549544,8.6574833712023604,11.648510942688571
1168,2,MJ1,rmse,TiDE_HCAL__minus__TiDE_KIN,6.7344242561336163,4.9140866865549544,8.6574833712023604,11.648510942688571
1168,2,MJ1,rmse,TiDE_HCAL__minus__TiDE_CAL,2.9910275714862102,4.9140866865549544,8.6574833712023604,11.648510942688571
1168,2,MJ1,crps,TiDE_CAL__minus__TiDE_KIN,2.4001391941376133,2.6610647068815445,5.0612039010191578,6.8751251862322622
1168,2,MJ1,crps,TiDE_HCAL__minus__TiDE_KIN,4.2140604793507173,2.6610647068815445,5.0612039010191578,6.8751251862322622
1168,2,MJ1,crps,TiDE_HCAL__minus__TiDE_CAL,1.8139212852131044,2.6610647068815445,5.0612039010191578,6.8751251862322622
1168,2,MJ1,interval_score90,TiDE_CAL__minus__TiDE_KIN,-2.9484964258387585,34.290324989213516,31.341828563374758,46.385750640683121
1168,2,MJ1,interval_score90,TiDE_HCAL__minus__TiDE_KIN,12.095425651469604,34.290324989213516,31.341828563374758,46.385750640683121
1168,2,MJ1,interval_score90,TiDE_HCAL__minus__TiDE_CAL,15.043922077308363,34.290324989213516,31.341828563374758,46.385750640683121
1168,2,MJ1,coverage90,TiDE_CAL__minus__TiDE_KIN,0.2764505119453925,0.7235494880546075,1,0.80204778156996592
1168,2,MJ1,coverage90,TiDE_HCAL__minus__TiDE_KIN,0.078498293515358419,0.7235494880546075,1,0.80204778156996592
1168,2,MJ1,coverage90,TiDE_HCAL__minus__TiDE_CAL,-0.19795221843003408,0.7235494880546075,1,0.80204778156996592
1168,2,MJ1,width90,TiDE_CAL__minus__TiDE_KIN,23.89936276236018,7.4424658010145786,31.341828563374758,31.437139571851507
1168,2,MJ1,width90,TiDE_HCAL__minus__TiDE_KIN,23.994673770836929,7.4424658010145786,31.341828563374758,31.437139571851507
1168,2,MJ1,width90,TiDE_HCAL__minus__TiDE_CAL,0.095311008476748782,7.4424658010145786,31.341828563374758,31.437139571851507
