origin,method,seed,point,n,mae,rmse,crps,coverage80,width80,interval_score80,coverage90,width90,interval_score90,coverage95,width95,interval_score95
792,BPLUS_CONTINUOUS,0,ATU1,293,29.335478509690908,32.877890262058848,27.769809438054018,0.064846416382252553,7.4327035636015353,264.80052630730955,0.068259385665529013,9.53977174492376,504.57470014981777,0.068259385665529013,11.367339156759497,967.38082030571661
792,BPLUS_CONTINUOUS,0,ATU5,293,37.540839766187069,42.775051365351246,34.66375960584616,0.21843003412969283,14.850198314250747,322.46958788509306,0.23549488054607509,19.060023189752656,601.77035165188488,0.24232081911262798,22.711418441317392,1132.5587555060624
792,BPLUS_CONTINUOUS,0,MJ3,293,5.2911468095600966,9.1163682048876531,19.795751435674784,1,212.78477852195923,212.78477852195923,1,273.10630654426768,273.10630654426768,1,325.42623611414683,325.42623611414683
792,BPLUS_CONTINUOUS,0,MJ1,293,22.162592224474757,24.483988940646118,14.400025582886581,0.91467576791808869,64.968285612534814,71.109216679840287,0.96928327645051193,83.385891835873934,85.516525147200809,1,99.360418543726865,99.360418543726865
792,BPLUS_CONTINUOUS,1,ATU1,293,29.335478509690908,32.877890262058848,27.769809438054018,0.064846416382252553,7.4327035636015353,264.80052630730955,0.068259385665529013,9.53977174492376,504.57470014981777,0.068259385665529013,11.367339156759497,967.38082030571661
792,BPLUS_CONTINUOUS,1,ATU5,293,37.540839766187069,42.775051365351246,34.66375960584616,0.21843003412969283,14.850198314250747,322.46958788509306,0.23549488054607509,19.060023189752656,601.77035165188488,0.24232081911262798,22.711418441317392,1132.5587555060624
792,BPLUS_CONTINUOUS,1,MJ3,293,5.2911468095600966,9.1163682048876531,19.795751435674784,1,212.78477852195923,212.78477852195923,1,273.10630654426768,273.10630654426768,1,325.42623611414683,325.42623611414683
792,BPLUS_CONTINUOUS,1,MJ1,293,22.162592224474757,24.483988940646118,14.400025582886581,0.91467576791808869,64.968285612534814,71.109216679840287,0.96928327645051193,83.385891835873934,85.516525147200809,1,99.360418543726865,99.360418543726865
792,BPLUS_CONTINUOUS,2,ATU1,293,29.335478509690908,32.877890262058848,27.769809438054018,0.064846416382252553,7.4327035636015353,264.80052630730955,0.068259385665529013,9.53977174492376,504.57470014981777,0.068259385665529013,11.367339156759497,967.38082030571661
792,BPLUS_CONTINUOUS,2,ATU5,293,37.540839766187069,42.775051365351246,34.66375960584616,0.21843003412969283,14.850198314250747,322.46958788509306,0.23549488054607509,19.060023189752656,601.77035165188488,0.24232081911262798,22.711418441317392,1132.5587555060624
792,BPLUS_CONTINUOUS,2,MJ3,293,5.2911468095600966,9.1163682048876531,19.795751435674784,1,212.78477852195923,212.78477852195923,1,273.10630654426768,273.10630654426768,1,325.42623611414683,325.42623611414683
792,BPLUS_CONTINUOUS,2,MJ1,293,22.162592224474757,24.483988940646118,14.400025582886581,0.91467576791808869,64.968285612534814,71.109216679840287,0.96928327645051193,83.385891835873934,85.516525147200809,1,99.360418543726865,99.360418543726865
792,BPLUS_ORIGIN_ANCHOR,0,ATU1,293,29.315155514329426,32.859758238927526,27.74841359916762,0.064846416382252553,7.4418680391167964,264.57678860280299,0.068259385665529013,9.5515342219051789,504.09815164784703,0.068259385665529013,11.381355012562715,966.37622291226046
792,BPLUS_ORIGIN_ANCHOR,0,ATU5,293,37.532022682040939,42.767313401278095,34.656148565982249,0.21843003412969283,14.848642431142709,322.40520047797162,0.23549488054607509,19.058026235402849,601.648807396405,0.24232081911262798,22.709038923444041,1132.3252133675064
792,BPLUS_ORIGIN_ANCHOR,0,MJ3,293,5.2301273262399341,9.0608460945733817,19.789393995040605,1,212.76731434285966,212.76731434285966,1,273.08389151306255,273.08389151306255,1,325.39952695707962,325.39952695707962
792,BPLUS_ORIGIN_ANCHOR,0,MJ1,293,22.181406781202181,24.501020940574996,14.411090671516195,0.91467576791808869,64.960264711083028,71.120671040720694,0.96928327645051193,83.375597120312705,85.520951061712765,1,99.348151633528687,99.348151633528687
792,BPLUS_ORIGIN_ANCHOR,1,ATU1,293,29.315155514329426,32.859758238927526,27.74841359916762,0.064846416382252553,7.4418680391167964,264.57678860280299,0.068259385665529013,9.5515342219051789,504.09815164784703,0.068259385665529013,11.381355012562715,966.37622291226046
792,BPLUS_ORIGIN_ANCHOR,1,ATU5,293,37.532022682040939,42.767313401278095,34.656148565982249,0.21843003412969283,14.848642431142709,322.40520047797162,0.23549488054607509,19.058026235402849,601.648807396405,0.24232081911262798,22.709038923444041,1132.3252133675064
792,BPLUS_ORIGIN_ANCHOR,1,MJ3,293,5.2301273262399341,9.0608460945733817,19.789393995040605,1,212.76731434285966,212.76731434285966,1,273.08389151306255,273.08389151306255,1,325.39952695707962,325.39952695707962
792,BPLUS_ORIGIN_ANCHOR,1,MJ1,293,22.181406781202181,24.501020940574996,14.411090671516195,0.91467576791808869,64.960264711083028,71.120671040720694,0.96928327645051193,83.375597120312705,85.520951061712765,1,99.348151633528687,99.348151633528687
792,BPLUS_ORIGIN_ANCHOR,2,ATU1,293,29.315155514329426,32.859758238927526,27.74841359916762,0.064846416382252553,7.4418680391167964,264.57678860280299,0.068259385665529013,9.5515342219051789,504.09815164784703,0.068259385665529013,11.381355012562715,966.37622291226046
792,BPLUS_ORIGIN_ANCHOR,2,ATU5,293,37.532022682040939,42.767313401278095,34.656148565982249,0.21843003412969283,14.848642431142709,322.40520047797162,0.23549488054607509,19.058026235402849,601.648807396405,0.24232081911262798,22.709038923444041,1132.3252133675064
792,BPLUS_ORIGIN_ANCHOR,2,MJ3,293,5.2301273262399341,9.0608460945733817,19.789393995040605,1,212.76731434285966,212.76731434285966,1,273.08389151306255,273.08389151306255,1,325.39952695707962,325.39952695707962
792,BPLUS_ORIGIN_ANCHOR,2,MJ1,293,22.181406781202181,24.501020940574996,14.411090671516195,0.91467576791808869,64.960264711083028,71.120671040720694,0.96928327645051193,83.375597120312705,85.520951061712765,1,99.348151633528687,99.348151633528687
792,DRIFT1,0,ATU1,293,5.9813792142944369,6.8635290099170927,7.8248223249987445,1,79.195486039368689,79.195486039368689,1,101.64630589381215,101.64630589381215,1,121.11904393745239,121.11904393745239
792,DRIFT1,0,ATU5,293,5.2546804338996838,6.5132103689305554,11.107852044033262,1,117.80226627509001,117.80226627509001,1,151.19757187713526,151.19757187713526,1,180.16301911211576,180.16301911211576
792,DRIFT1,0,MJ3,293,2.5771279957390369,3.0088285939791439,2.1214085025366054,1,17.672440570802792,17.672440570802792,1,22.682331910395078,22.682331910395078,1,27.027665502463151,27.027665502463151
792,DRIFT1,0,MJ1,293,6.0268658593804041,6.9115107851665174,4.0422043693552752,0.93515358361774747,21.768134553063646,21.904386729908339,1,27.939098226108854,27.939098226108854,1,33.291488912110943,33.291488912110943
792,DRIFT1,1,ATU1,293,5.9813792142944369,6.8635290099170927,7.8248223249987445,1,79.195486039368689,79.195486039368689,1,101.64630589381215,101.64630589381215,1,121.11904393745239,121.11904393745239
792,DRIFT1,1,ATU5,293,5.2546804338996838,6.5132103689305554,11.107852044033262,1,117.80226627509001,117.80226627509001,1,151.19757187713526,151.19757187713526,1,180.16301911211576,180.16301911211576
792,DRIFT1,1,MJ3,293,2.5771279957390369,3.0088285939791439,2.1214085025366054,1,17.672440570802792,17.672440570802792,1,22.682331910395078,22.682331910395078,1,27.027665502463151,27.027665502463151
792,DRIFT1,1,MJ1,293,6.0268658593804041,6.9115107851665174,4.0422043693552752,0.93515358361774747,21.768134553063646,21.904386729908339,1,27.939098226108854,27.939098226108854,1,33.291488912110943,33.291488912110943
792,DRIFT1,2,ATU1,293,5.9813792142944369,6.8635290099170927,7.8248223249987445,1,79.195486039368689,79.195486039368689,1,101.64630589381215,101.64630589381215,1,121.11904393745239,121.11904393745239
792,DRIFT1,2,ATU5,293,5.2546804338996838,6.5132103689305554,11.107852044033262,1,117.80226627509001,117.80226627509001,1,151.19757187713526,151.19757187713526,1,180.16301911211576,180.16301911211576
792,DRIFT1,2,MJ3,293,2.5771279957390369,3.0088285939791439,2.1214085025366054,1,17.672440570802792,17.672440570802792,1,22.682331910395078,22.682331910395078,1,27.027665502463151,27.027665502463151
792,DRIFT1,2,MJ1,293,6.0268658593804041,6.9115107851665174,4.0422043693552752,0.93515358361774747,21.768134553063646,21.904386729908339,1,27.939098226108854,27.939098226108854,1,33.291488912110943,33.291488912110943
792,RR_COND,0,ATU1,293,37.974720687292688,40.985804802484971,28.870979923417643,0.19112627986348124,46.220192834401367,209.03141892912953,0.2764505119453925,59.322975263780542,285.69776302891432,0.37542662116040953,70.687684951191542,371.71039186837953
792,RR_COND,0,ATU5,293,39.785641871996496,44.532580148377896,35.753354804367142,0.051194539249146756,18.794455370981723,324.01442638150553,0.08191126279863481,24.122422315796257,584.85032741619591,0.10238907849829351,28.743639059514177,1066.410516102914
792,RR_COND,0,MJ3,293,18.499927680220548,20.942476315535973,23.574745954594768,1,238.16140974428751,238.16140974428751,1,305.67686010456828,305.67686010456828,1,364.2364444443769,364.2364444443769
792,RR_COND,0,MJ1,293,13.713313454202529,18.802834542841602,10.573034394100914,0.90102389078498291,63.065915681370825,77.15812007353216,0.93856655290102387,80.944226463049972,94.332414129235644,0.94880546075085326,96.450994802537934,106.00801335501552
792,RR_COND,1,ATU1,293,37.974720687292688,40.985804802484971,28.870979923417643,0.19112627986348124,46.220192834401367,209.03141892912953,0.2764505119453925,59.322975263780542,285.69776302891432,0.37542662116040953,70.687684951191542,371.71039186837953
792,RR_COND,1,ATU5,293,39.785641871996496,44.532580148377896,35.753354804367142,0.051194539249146756,18.794455370981723,324.01442638150553,0.08191126279863481,24.122422315796257,584.85032741619591,0.10238907849829351,28.743639059514177,1066.410516102914
792,RR_COND,1,MJ3,293,18.499927680220548,20.942476315535973,23.574745954594768,1,238.16140974428751,238.16140974428751,1,305.67686010456828,305.67686010456828,1,364.2364444443769,364.2364444443769
792,RR_COND,1,MJ1,293,13.713313454202529,18.802834542841602,10.573034394100914,0.90102389078498291,63.065915681370825,77.15812007353216,0.93856655290102387,80.944226463049972,94.332414129235644,0.94880546075085326,96.450994802537934,106.00801335501552
792,RR_COND,2,ATU1,293,37.974720687292688,40.985804802484971,28.870979923417643,0.19112627986348124,46.220192834401367,209.03141892912953,0.2764505119453925,59.322975263780542,285.69776302891432,0.37542662116040953,70.687684951191542,371.71039186837953
792,RR_COND,2,ATU5,293,39.785641871996496,44.532580148377896,35.753354804367142,0.051194539249146756,18.794455370981723,324.01442638150553,0.08191126279863481,24.122422315796257,584.85032741619591,0.10238907849829351,28.743639059514177,1066.410516102914
792,RR_COND,2,MJ3,293,18.499927680220548,20.942476315535973,23.574745954594768,1,238.16140974428751,238.16140974428751,1,305.67686010456828,305.67686010456828,1,364.2364444443769,364.2364444443769
792,RR_COND,2,MJ1,293,13.713313454202529,18.802834542841602,10.573034394100914,0.90102389078498291,63.065915681370825,77.15812007353216,0.93856655290102387,80.944226463049972,94.332414129235644,0.94880546075085326,96.450994802537934,106.00801335501552
792,G_CACHED,0,ATU1,293,16.252063388650257,19.31881167199942,13.043411478572219,0.23890784982935154,19.187222782651357,102.23404214569742,0.30716723549488056,24.626533831089546,150.30290593647379,0.46075085324232085,29.344324979511843,225.31346148673882
792,G_CACHED,0,ATU5,293,26.236863062226881,30.312449959501084,21.841289829483248,0.26279863481228671,27.420730226487194,181.03223809321622,0.26621160409556316,35.194126228958119,285.34628714466311,0.2696245733788396,41.93638798362781,443.71884794198695
792,G_CACHED,0,MJ3,293,4.1000135834377165,5.4426341191682459,18.977858389085409,1,206.5382621501731,206.5382621501731,1,265.08898957772226,265.08898957772226,1,315.87301371818512,315.87301371818512
792,G_CACHED,0,MJ1,293,13.503821210955305,15.205941242048837,9.128847184929322,0.96928327645051193,58.328250577459805,59.013435421039674,1,74.863499133020468,74.863499133020468,1,89.205361287563846,89.205361287563846
792,G_CACHED,1,ATU1,293,22.823562155169238,25.747213385178359,19.340597184092381,0.25938566552901021,19.187222782651357,164.76856305809497,0.27303754266211605,24.626533831089546,275.98768657789037,0.27303754266211605,29.344324979511843,463.4734895438333
792,G_CACHED,1,ATU5,293,25.424623740854013,29.750619778175771,21.267554288110276,0.2764505119453925,27.420730226487194,176.89694094174831,0.27986348122866894,35.194126228958119,278.10567065704743,0.27986348122866894,41.93638798362781,430.65249866674759
792,G_CACHED,1,MJ3,293,3.6103376346703495,5.2551114671909236,18.967683475952519,1,206.5382621501731,206.5382621501731,1,265.08898957772226,265.08898957772226,1,315.87301371818512,315.87301371818512
792,G_CACHED,1,MJ1,293,14.978194133427927,16.393604011407916,9.7532807840720182,0.97952218430034133,58.328250577459805,58.916145198327023,1,74.863499133020468,74.863499133020468,1,89.205361287563846,89.205361287563846
792,G_CACHED,2,ATU1,293,21.317506863961846,24.866167341973828,18.161757299825847,0.24573378839590443,19.187222782651357,154.5818662638157,0.25255972696245732,24.626533831089549,254.48384150839331,0.25597269624573377,29.344324979511843,418.67011605565807
792,G_CACHED,2,ATU5,293,36.039576349572684,40.693934312069572,31.112086412082519,0.24232081911262798,27.420730226487194,271.2489964044405,0.25255972696245732,35.194126228958119,464.29958638303248,0.26279863481228671,41.93638798362781,799.84748058622927
792,G_CACHED,2,MJ3,293,4.525255955540592,5.9607978929110637,19.00703874927666,1,206.5382621501731,206.5382621501731,1,265.08898957772226,265.08898957772226,1,315.87301371818512,315.87301371818512
792,G_CACHED,2,MJ1,293,14.230103011743987,15.962597096198843,9.5126118302316485,0.97269624573378843,58.328250577459805,59.31020650758343,1,74.863499133020454,74.863499133020454,1,89.205361287563846,89.205361287563846
792,TiDE_DATA,0,ATU1,293,26.456983353088116,34.611740939009373,19.810846326146606,0.67235494880546076,79.903293837829423,128.21528086574736,0.79522184300341292,102.55476736800021,136.38800503817598,0.93174061433447097,122.20154255105288,132.86157734971439
792,TiDE_DATA,0,ATU5,293,45.665172143091127,57.938932718986017,33.605698409456686,0.6313993174061433,128.77515026911692,211.83663587230001,0.76109215017064846,165.28111601296811,219.04965598205305,0.94197952218430037,196.94459701584196,207.0053000774993
792,TiDE_DATA,0,MJ3,293,2.6906370607037564,3.3068499492559056,1.892818982152997,0.82935153583617749,9.8050535269026113,11.504201787753113,0.95563139931740615,12.584649958525006,13.385412126121377,0.98634812286689422,14.995535330683197,15.246411565774013
792,TiDE_DATA,0,MJ1,293,12.782901913519472,16.297380259054499,14.475246372406911,1,137.42206089708878,137.42206089708878,1,176.37930565335179,176.37930565335179,1,210.16890563050114,210.16890563050114
792,TiDE_DATA,1,ATU1,293,46.220772265666909,54.315229535088349,34.242739946633904,0.49146757679180886,79.903293837829452,238.13112503699449,0.55290102389078499,102.55476736800021,309.41973870025458,0.62798634812286691,122.20154255105285,372.47553888066727
792,TiDE_DATA,1,ATU5,293,70.074210380310177,81.122483453252585,50.960426754393161,0.47098976109215018,128.77515026911692,339.82279533691957,0.55972696245733788,165.28111601296811,409.56503900737601,0.65529010238907848,196.94459701584196,435.30332006355508
792,TiDE_DATA,1,MJ3,293,4.1841151372230163,5.1408394754646096,3.0036443761424332,0.62116040955631402,9.8050535269026113,19.067295117475439,0.76791808873720135,12.584649958525006,22.684493604475513,0.85324232081911267,14.995535330683197,26.10355317488014
792,TiDE_DATA,1,MJ1,293,27.453905690875445,30.800554531105931,19.30246794968695,1,137.42206089708878,137.42206089708878,1,176.37930565335179,176.37930565335179,1,210.16890563050111,210.16890563050111
792,TiDE_DATA,2,ATU1,293,97.455027178854223,107.40073755778172,81.093630665182175,0.11262798634812286,79.903293837829452,672.27447389337283,0.20477815699658702,102.55476736800026,1097.0317968314002,0.26279863481228671,122.20154255105285,1806.7746807231097
792,TiDE_DATA,2,ATU5,293,130.73749212602959,145.10867678438609,105.45234483635426,0.20136518771331058,128.77515026911692,839.1288694464024,0.27303754266211605,165.28111601296811,1306.7338367547238,0.33788395904436858,196.94459701584196,2040.8734367928955
792,TiDE_DATA,2,MJ3,293,33.645065144307566,35.804603417680141,31.49491695143313,0.010238907849829351,9.8050535269026113,297.29500303157283,0.017064846416382253,12.584649958525006,560.14628856157378,0.020477815699658702,14.995535330683197,1062.8866466615352
792,TiDE_DATA,2,MJ1,293,45.6401568645868,49.220320989650922,28.986419790299006,0.96587030716723554,137.42206089708876,138.1794411650533,1,176.37930565335179,176.37930565335179,1,210.16890563050114,210.16890563050114
792,TiDE_HYD,0,ATU1,293,12.252636900955103,16.507613132625188,10.566928672061831,1,79.804197529408469,79.804197529408469,1,102.42757863310565,102.42757863310565,1,122.04998782572784,122.04998782572784
792,TiDE_HYD,0,ATU5,293,19.741929094418403,25.862712125789098,17.408083983725504,1,139.30010476656935,139.30010476656935,1,178.78974886402077,178.78974886402077,1,213.04112587081889,213.04112587081889
792,TiDE_HYD,0,MJ3,293,3.4824785417476605,4.0279809896156031,2.4930059202763504,0.46416382252559729,6.6116312066728824,15.894145828594235,0.6348122866894198,8.4859367837766513,18.550633585906358,0.77474402730375425,10.111617349266453,20.631387022400517
792,TiDE_HYD,0,MJ1,293,11.973002276503589,14.35897446431184,15.097649625022122,1,150.34274494090579,150.34274494090579,1,192.96282408800403,192.96282408800403,1,229.92938664613709,229.92938664613709
792,TiDE_HYD,1,ATU1,293,29.044058932317046,35.286837107076515,20.483067963622517,0.64846416382252559,79.804197529408469,126.5070199850128,0.79863481228668942,102.42757863310565,130.298209803351,0.94539249146757676,122.04998782572784,128.55274747237866
792,TiDE_HYD,1,ATU5,293,34.833249769515803,41.309135696998418,24.183848916172973,0.96245733788395904,139.30010476656935,139.97774620880949,1,178.78974886402077,178.78974886402077,1,213.04112587081886,213.04112587081886
792,TiDE_HYD,1,MJ3,293,3.5396732945452589,4.440566303897989,2.6450420542210682,0.55631399317406138,6.6116312066728824,18.482692129116124,0.65870307167235498,8.4859367837766513,25.01398578873226,0.7337883959044369,10.111617349266453,33.306494176160996
792,TiDE_HYD,1,MJ1,293,14.036439801800773,15.693581479016666,15.367233562321699,1,150.34274494090579,150.34274494090579,1,192.96282408800403,192.96282408800403,1,229.92938664613709,229.92938664613709
792,TiDE_HYD,2,ATU1,293,48.837192801507591,61.568393131237492,38.025500568885292,0.53583617747440271,79.804197529408441,288.34171756289885,0.59726962457337884,102.42757863310567,422.00256163860826,0.62457337883959041,122.04998782572784,607.17218710337613
792,TiDE_HYD,2,ATU5,293,70.687688062573358,86.159723482613188,52.332974798996048,0.56313993174061439,139.30010476656935,365.91208314023703,0.61433447098976113,178.78974886402077,471.07572796970055,0.67576791808873715,213.04112587081886,554.47231746326543
792,TiDE_HYD,2,MJ3,293,28.046085842804533,36.149184064783142,26.735103676550029,0.12627986348122866,6.6116312066728824,256.41434915797186,0.16040955631399317,8.4859367837766513,491.87532970462138,0.19112627986348124,10.111617349266453,950.04996710929743
792,TiDE_HYD,2,MJ1,293,21.249828388664401,24.587944674230201,17.71312453630626,1,150.34274494090576,150.34274494090576,1,192.96282408800403,192.96282408800403,1,229.92938664613709,229.92938664613709
792,TiDE_PHYS,0,ATU1,293,6.1969084117065156,8.3531369851490211,8.1446234040864276,1,79.715421337367374,79.715421337367374,1,102.3136356241846,102.3136356241846,1,121.91421635639085,121.91421635639085
792,TiDE_PHYS,0,ATU5,293,4.8301886540063848,7.1789973880665343,12.671092959991874,1,134.71600125160262,134.71600125160262,1,172.90611569963085,172.90611569963085,1,206.03034453958162,206.03034453958162
792,TiDE_PHYS,0,MJ3,293,20.798266740680784,24.305043252273467,17.964618065542929,0.13993174061433447,14.304120447116018,155.6822463222226,0.19795221843003413,18.359139835150472,267.50614874934143,0.23549488054607509,21.876264413095214,464.96742756055471
792,TiDE_PHYS,0,MJ1,293,2.9917233834982961,3.6014932791665339,14.127632858347937,1,154.00413596410223,154.00413596410223,1,197.66216859048842,197.66216859048842,1,235.52900099777173,235.52900099777173
792,TiDE_PHYS,1,ATU1,293,30.89608689188972,32.399442352192068,19.45515072591078,0.91467576791808869,79.715421337367403,81.098017881629545,1,102.31363562418458,102.31363562418458,1,121.91421635639085,121.91421635639085
792,TiDE_PHYS,1,ATU5,293,33.786768932043735,35.56640801823054,21.461025365377555,1,134.71600125160262,134.71600125160262,1,172.90611569963085,172.90611569963085,1,206.03034453958162,206.03034453958162
792,TiDE_PHYS,1,MJ3,293,9.0372171640380863,11.381514978154987,7.0579135434409643,0.53242320819112632,14.304120447116018,53.476802912775938,0.58020477815699656,18.359139835150472,78.870033676292493,0.62116040955631402,21.876264413095214,114.95873893654736
792,TiDE_PHYS,1,MJ1,293,10.669635465717869,11.682240596398259,14.943327611392077,1,154.00413596410226,154.00413596410226,1,197.66216859048842,197.66216859048842,1,235.52900099777173,235.52900099777173
792,TiDE_PHYS,2,ATU1,293,32.120496846893573,33.257359862039081,20.042529037438161,0.84982935153583616,79.715421337367403,85.219253161400985,0.9965870307167235,102.31363562418458,102.55063819410749,1,121.91421635639085,121.91421635639085
792,TiDE_PHYS,2,ATU5,293,24.359676040670287,25.719718141271052,17.17448540675597,1,134.71600125160262,134.71600125160262,1,172.90611569963085,172.90611569963085,1,206.03034453958162,206.03034453958162
792,TiDE_PHYS,2,MJ3,293,9.2360137594579523,11.271513422770211,6.9787024261023678,0.45733788395904434,14.304120447116018,49.636389534191217,0.62116040955631402,18.359139835150472,70.333602175133194,0.69283276450511944,21.876264413095214,101.15312199247018
792,TiDE_PHYS,2,MJ1,293,16.737548133658326,20.602260111340197,16.795071552006213,1,154.00413596410226,154.00413596410226,1,197.66216859048842,197.66216859048842,1,235.52900099777173,235.52900099777173
792,TiDE_SPLIT,0,ATU1,293,52.493658891231519,56.296242057432565,39.402331026660264,0.11945392491467577,66.313609310427751,275.91351897894714,0.31058020477815701,85.112596108567516,356.93092551827584,0.5460750853242321,101.41791358825753,474.48010382769638
792,TiDE_SPLIT,0,ATU5,293,74.529414044860999,84.305218480598413,53.072990981480565,0.51194539249146753,133.11104282880578,344.07023290414634,0.61092150170648463,170.84617386520154,428.03690417538161,0.68600682593856654,203.57577244904746,486.9831572755399
792,TiDE_SPLIT,0,MJ3,293,5.7712819235374306,7.2826435884129461,4.540339578517461,0.41979522184300339,9.0619637775998854,33.907749403732659,0.57337883959044367,11.630904590681894,48.340352618705225,0.66211604095563137,13.85907762966599,70.479931214690751
792,TiDE_SPLIT,0,MJ1,293,19.218975422084934,23.61646400018822,17.025910009828909,1,144.85820844810362,144.85820844810362,1,185.92349770826553,185.92349770826553,1,221.5415119114831,221.5415119114831
792,TiDE_SPLIT,1,ATU1,293,33.444493731194846,39.387029172491914,24.063185069791267,0.52901023890784982,66.313609310427751,160.70770043990996,0.61774744027303752,85.11259610856753,191.66859480677255,0.73720136518771329,101.41791358825753,206.95313272456926
792,TiDE_SPLIT,1,ATU5,293,57.430930378332391,67.744226156528853,40.382325493709786,0.56313993174061439,133.11104282880581,250.2779068720412,0.7303754266211604,170.84617386520154,269.77990468130679,0.85324232081911267,203.57577244904746,269.79048137492373
792,TiDE_SPLIT,1,MJ3,293,4.30969710838834,5.6862263542130993,3.2635472369996452,0.62457337883959041,9.0619637775998854,23.425373115555651,0.69283276450511944,11.630904590681894,31.623432139104128,0.76109215017064846,13.85907762966599,41.913482950551909
792,TiDE_SPLIT,1,MJ1,293,17.814361034617018,20.083585809471266,16.008005379907097,1,144.85820844810362,144.85820844810362,1,185.92349770826553,185.92349770826553,1,221.54151191148313,221.54151191148313
792,TiDE_SPLIT,2,ATU1,293,106.22695084704513,114.70476272249797,92.107551878049506,0.051194539249146756,66.313609310427736,804.50978588866076,0.078498293515358364,85.112596108567487,1385.5773774898287,0.10238907849829351,101.41791358825753,2404.2885379413128
792,TiDE_SPLIT,2,ATU5,293,139.2759519991539,149.08678523568,111.88169582612583,0.09556313993174062,133.11104282880578,886.88047671090999,0.16040955631399317,170.84617386520154,1348.005288373821,0.23890784982935154,203.57577244904746,2036.2239451861083
792,TiDE_SPLIT,2,MJ3,293,32.899871538827618,40.82629142525461,31.018647790600756,0.08191126279863481,9.0619637775998854,294.56830590060866,0.10921501706484642,11.630904590681894,559.2693687696875,0.13651877133105803,13.85907762966599,1070.1707363505548
792,TiDE_SPLIT,2,MJ1,293,26.128916593664794,28.8724544983261,18.888883638147338,1,144.85820844810362,144.85820844810362,1,185.92349770826553,185.92349770826553,1,221.54151191148313,221.54151191148313
792,TiDE_BOUND,0,ATU1,293,26.055472307129463,28.377309020398268,16.614825478548813,0.86348122866894195,78.72649682129871,84.970069616983295,0.99317406143344711,101.04436474912185,101.0929869250299,1,120.40178682406874,120.40178682406874
792,TiDE_BOUND,0,ATU5,293,47.181729011726972,53.326918919396768,31.12493045415151,0.71672354948805461,136.58507535265389,167.32047230161649,0.95221843003412965,175.30504633715748,179.82588073896193,1,208.88884670288712,208.88884670288712
792,TiDE_BOUND,0,MJ3,293,11.034407882139444,11.812474477244487,7.8670596795508239,0.20477815699658702,17.737749397840616,49.268122744727798,0.40955631399317405,22.766154882418505,49.126190671512582,0.75767918088737196,27.127546734173393,45.670949528681696
792,TiDE_BOUND,0,MJ1,293,13.67618800322729,16.907292973093963,16.211480851580426,1,157.75266671464686,157.75266671464686,1,202.4733557221995,202.4733557221995,1,241.26188406197068,241.26188406197068
792,TiDE_BOUND,1,ATU1,293,12.9720121728437,14.20519764773851,9.7288773128479811,1,78.726496821298724,78.726496821298724,1,101.04436474912185,101.04436474912185,1,120.40178682406874,120.40178682406874
792,TiDE_BOUND,1,ATU5,293,23.685859734840886,25.697965126291102,17.26114080755146,1,136.58507535265392,136.58507535265392,1,175.30504633715748,175.30504633715748,1,208.88884670288712,208.88884670288712
792,TiDE_BOUND,1,MJ3,293,9.2707008652943639,14.336464006620883,7.8388462357726274,0.66894197952218426,17.737749397840616,65.244874163119604,0.69965870307167233,22.766154882418505,101.91014675211433,0.71331058020477811,27.127546734173393,160.14815472414472
792,TiDE_BOUND,1,MJ1,293,8.9185020033772471,10.022967593385172,15.03216362979393,1,157.75266671464686,157.75266671464686,1,202.4733557221995,202.4733557221995,1,241.26188406197068,241.26188406197068
792,TiDE_BOUND,2,ATU1,293,61.617097548809568,63.934527397656126,45.622359549434989,0.10580204778156997,78.726496821298724,315.66521202930545,0.22525597269624573,101.04436474912183,385.22802042370125,0.4061433447098976,120.40178682406872,420.60793768037951
792,TiDE_BOUND,2,ATU5,293,76.483111931696058,79.085596676762009,51.396796116967501,0.26279863481228671,136.58507535265389,268.9851933354368,0.68600682593856654,175.30504633715748,218.53976179624559,0.96587030716723554,208.88884670288712,213.42794022836532
792,TiDE_BOUND,2,MJ3,293,3.8234322396797169,4.7612503458316402,2.7916642100625282,0.93856655290102387,17.737749397840616,19.166948010329264,0.97610921501706482,22.766154882418505,23.636236014703073,0.99317406143344711,27.127546734173393,27.313346010348901
792,TiDE_BOUND,2,MJ1,293,6.0102893131701682,7.4342990502177777,14.740266068652062,1,157.75266671464689,157.75266671464689,1,202.4733557221995,202.4733557221995,1,241.26188406197068,241.26188406197068
792,TiDE_KIN,0,ATU1,293,39.318256668657384,43.005822330957628,25.701639689983828,1,158.61955100734363,158.61955100734363,1,203.58598966633872,203.58598966633872,1,242.58766917911268,242.58766917911268
792,TiDE_KIN,0,ATU5,293,54.6108704588219,61.323592852122566,36.909086705974616,1,236.25577652697805,236.25577652697805,1,303.23100634932035,303.23100634932035,1,361.32202993770625,361.32202993770625
792,TiDE_KIN,0,MJ3,293,3.8492531009917821,4.2363095154899977,8.9873471208461311,1,96.48855129489948,96.48855129489948,1,123.8417148585545,123.8417148585545,1,147.56650496391376,147.56650496391376
792,TiDE_KIN,0,MJ1,293,17.613934581167097,21.721370703979996,22.525025869558078,1,223.61646821137805,223.61646821137805,1,287.00862975206053,287.00862975206053,1,341.99187596333513,341.99187596333513
792,TiDE_KIN,1,ATU1,293,19.23285544559311,25.968851529377663,18.627841847500147,1,158.6195510073436,158.6195510073436,1,203.58598966633872,203.58598966633872,1,242.58766917911268,242.58766917911268
792,TiDE_KIN,1,ATU5,293,25.719434816648807,34.296334934060567,26.454829417029529,1,236.25577652697805,236.25577652697805,1,303.23100634932035,303.23100634932035,1,361.32202993770625,361.32202993770625
792,TiDE_KIN,1,MJ3,293,12.441118967673702,17.117788503587931,11.750793866572021,1,96.48855129489948,96.48855129489948,1,123.8417148585545,123.8417148585545,1,147.56650496391376,147.56650496391376
792,TiDE_KIN,1,MJ1,293,8.3299010916361276,10.846564787747779,20.924244720713915,1,223.61646821137805,223.61646821137805,1,287.00862975206053,287.00862975206053,1,341.99187596333513,341.99187596333513
792,TiDE_KIN,2,ATU1,293,74.167407475067989,78.597916040117198,48.614923065408298,0.48805460750853241,158.61955100734366,236.28800329099457,0.88737201365187712,203.58598966633872,217.7231689113041,1,242.58766917911268,242.58766917911268
792,TiDE_KIN,2,ATU5,293,92.140396987051346,96.965722061480975,58.135280038999333,0.83959044368600677,236.25577652697805,247.88518596900821,1,303.23100634932035,303.23100634932035,1,361.32202993770625,361.32202993770625
792,TiDE_KIN,2,MJ3,293,2.902501795313202,4.1529800412424382,8.9792577809064831,1,96.48855129489948,96.48855129489948,1,123.8417148585545,123.8417148585545,1,147.56650496391376,147.56650496391376
792,TiDE_KIN,2,MJ1,293,7.8968309535516479,8.8053375520049357,20.742649700177651,1,223.61646821137805,223.61646821137805,1,287.00862975206053,287.00862975206053,1,341.99187596333513,341.99187596333513
792,TiDE_CAL,0,ATU1,293,70.375831264970998,76.694843508188995,47.105591621174355,0.53242320819112632,158.61955100734366,226.15446133770948,0.9112627986348123,203.58598966633872,210.30917564281901,1,242.58766917911268,242.58766917911268
792,TiDE_CAL,0,ATU5,293,86.974722910825193,94.749915498407134,56.299260608529288,0.74744027303754268,236.25577652697805,258.64918229582872,1,303.23100634932035,303.23100634932035,1,361.32202993770625,361.32202993770625
792,TiDE_CAL,0,MJ3,293,10.928771097345047,11.218204306558434,10.119947938338161,1,96.48855129489948,96.48855129489948,1,123.8417148585545,123.8417148585545,1,147.56650496391376,147.56650496391376
792,TiDE_CAL,0,MJ1,293,29.461115734903526,32.552072450740837,25.149072297749392,1,223.61646821137805,223.61646821137805,1,287.00862975206053,287.00862975206053,1,341.99187596333513,341.99187596333513
792,TiDE_CAL,1,ATU1,293,19.393878704253016,23.268296357475041,17.873558623057587,1,158.61955100734363,158.61955100734363,1,203.58598966633872,203.58598966633872,1,242.58766917911274,242.58766917911274
792,TiDE_CAL,1,ATU5,293,22.02616354634635,25.155114781213506,24.247555085273145,1,236.25577652697805,236.25577652697805,1,303.23100634932035,303.23100634932035,1,361.32202993770625,361.32202993770625
792,TiDE_CAL,1,MJ3,293,10.089015334620456,11.753875812540832,10.238026944839445,1,96.48855129489948,96.48855129489948,1,123.8417148585545,123.8417148585545,1,147.56650496391376,147.56650496391376
792,TiDE_CAL,1,MJ1,293,11.111622548680392,12.698853030043264,21.123677444617694,1,223.61646821137805,223.61646821137805,1,287.00862975206053,287.00862975206053,1,341.99187596333513,341.99187596333513
792,TiDE_CAL,2,ATU1,293,106.53473817405545,113.08417938520397,77.15752660079967,0.16040955631399317,158.61955100734366,512.07076409626143,0.29351535836177473,203.58598966633872,558.24473991923446,0.5426621160409556,242.58766917911268,485.89775236317138
792,TiDE_CAL,2,ATU5,293,125.44828200915717,131.57415762359119,84.257698578391455,0.28327645051194539,236.25577652697805,440.64643156828652,0.7235494880546075,303.23100634932035,347.02201511893571,1,361.32202993770625,361.32202993770625
792,TiDE_CAL,2,MJ3,293,11.640284333335572,12.433486826804581,10.416367368983325,1,96.48855129489948,96.48855129489948,1,123.8417148585545,123.8417148585545,1,147.56650496391376,147.56650496391376
792,TiDE_CAL,2,MJ1,293,18.316987487872314,19.415486637697892,22.103057786925458,1,223.61646821137805,223.61646821137805,1,287.00862975206053,287.00862975206053,1,341.99187596333513,341.99187596333513
792,TiDE_HCAL,0,ATU1,293,70.483951537575351,76.649479766587646,47.065669231843202,0.53242320819112632,158.61955100734366,226.14489899234525,0.9112627986348123,203.58598966633872,210.30581934545941,1,242.58766917911268,242.58766917911268
792,TiDE_HCAL,0,ATU5,293,85.620782807324886,94.374992193786611,56.004146397197509,0.74744027303754268,236.25577652697805,258.64860437292555,1,303.23100634932035,303.23100634932035,1,361.32202993770625,361.32202993770625
792,TiDE_HCAL,0,MJ3,293,11.125521486595561,11.563295281670138,10.200610830825561,1,96.48855129489948,96.48855129489948,1,123.8417148585545,123.8417148585545,1,147.56650496391376,147.56650496391376
792,TiDE_HCAL,0,MJ1,293,29.140893475006735,32.423827258950524,25.111189137175479,1,223.61646821137805,223.61646821137805,1,287.00862975206053,287.00862975206053,1,341.99187596333513,341.99187596333513
792,TiDE_HCAL,1,ATU1,293,19.313492906011763,22.612556454157406,17.691175950666263,1,158.61955100734363,158.61955100734363,1,203.58598966633872,203.58598966633872,1,242.58766917911268,242.58766917911268
792,TiDE_HCAL,1,ATU5,293,21.31192907779619,24.261758194028488,24.061213623177373,1,236.25577652697805,236.25577652697805,1,303.23100634932035,303.23100634932035,1,361.32202993770625,361.32202993770625
792,TiDE_HCAL,1,MJ3,293,10.258428955922597,11.786427503280679,10.246286714797019,1,96.48855129489948,96.48855129489948,1,123.8417148585545,123.8417148585545,1,147.56650496391376,147.56650496391376
792,TiDE_HCAL,1,MJ1,293,11.170376009993067,12.880808791776621,21.144831475431246,1,223.61646821137805,223.61646821137805,1,287.00862975206053,287.00862975206053,1,341.99187596333513,341.99187596333513
792,TiDE_HCAL,2,ATU1,293,106.37709245146755,113.04303994367244,77.100330385648846,0.16040955631399317,158.61955100734366,512.0688193274832,0.29351535836177473,203.58598966633872,558.23869237137797,0.5426621160409556,242.58766917911268,485.89144332803744
792,TiDE_HCAL,2,ATU5,293,124.28150839439726,131.16505544832393,83.815989263248255,0.28327645051194539,236.25577652697805,440.64592410509908,0.7235494880546075,303.23100634932035,347.0217342023887,1,361.32202993770625,361.32202993770625
792,TiDE_HCAL,2,MJ3,293,11.451745094084874,12.321413947295714,10.387297205006879,1,96.48855129489948,96.48855129489948,1,123.8417148585545,123.8417148585545,1,147.56650496391376,147.56650496391376
792,TiDE_HCAL,2,MJ1,293,17.541125287171145,18.982871161758343,22.027400006500024,1,223.61646821137805,223.61646821137805,1,287.00862975206053,287.00862975206053,1,341.99187596333513,341.99187596333513
972,BPLUS_CONTINUOUS,0,ATU1,293,57.476507409896605,59.098537058947514,40.674921696909138,0.18088737201365188,83.207794070776117,248.11171357727278,0.40955631399317405,106.79604750027062,272.55402343459434,0.57337883959044367,127.25533954027313,258.87847161161267
972,BPLUS_CONTINUOUS,0,ATU5,293,65.468688930976498,66.249561375033295,43.837948801575948,0.15017064846416384,110.67009302833526,217.77345323755955,0.72013651877133111,142.04352661795338,186.17981852058873,0.95904436860068254,169.25530141197103,171.06800855906985
972,BPLUS_CONTINUOUS,0,MJ3,293,57.516529312457109,70.488055064486446,54.986507593608941,0.28327645051194539,13.193877259274814,529.73262527998702,0.29010238907849828,16.934158130616197,1023.3335597061871,0.29692832764505117,20.17829398353706,1987.1431188139793
972,BPLUS_CONTINUOUS,0,MJ1,293,65.790696965530515,72.8334032590692,52.868433243217346,0.29692832764505117,63.572658182608286,413.93387727680209,0.34812286689419797,81.594623422095992,660.85369677641438,0.38566552901023893,97.225990579971963,1058.2049404041484
972,BPLUS_CONTINUOUS,1,ATU1,293,57.476507409896605,59.098537058947514,40.674921696909138,0.18088737201365188,83.207794070776117,248.11171357727278,0.40955631399317405,106.79604750027062,272.55402343459434,0.57337883959044367,127.25533954027313,258.87847161161267
972,BPLUS_CONTINUOUS,1,ATU5,293,65.468688930976498,66.249561375033295,43.837948801575948,0.15017064846416384,110.67009302833526,217.77345323755955,0.72013651877133111,142.04352661795338,186.17981852058873,0.95904436860068254,169.25530141197103,171.06800855906985
972,BPLUS_CONTINUOUS,1,MJ3,293,57.516529312457109,70.488055064486446,54.986507593608941,0.28327645051194539,13.193877259274814,529.73262527998702,0.29010238907849828,16.934158130616197,1023.3335597061871,0.29692832764505117,20.17829398353706,1987.1431188139793
972,BPLUS_CONTINUOUS,1,MJ1,293,65.790696965530515,72.8334032590692,52.868433243217346,0.29692832764505117,63.572658182608286,413.93387727680209,0.34812286689419797,81.594623422095992,660.85369677641438,0.38566552901023893,97.225990579971963,1058.2049404041484
972,BPLUS_CONTINUOUS,2,ATU1,293,57.476507409896605,59.098537058947514,40.674921696909138,0.18088737201365188,83.207794070776117,248.11171357727278,0.40955631399317405,106.79604750027062,272.55402343459434,0.57337883959044367,127.25533954027313,258.87847161161267
972,BPLUS_CONTINUOUS,2,ATU5,293,65.468688930976498,66.249561375033295,43.837948801575948,0.15017064846416384,110.67009302833526,217.77345323755955,0.72013651877133111,142.04352661795338,186.17981852058873,0.95904436860068254,169.25530141197103,171.06800855906985
972,BPLUS_CONTINUOUS,2,MJ3,293,57.516529312457109,70.488055064486446,54.986507593608941,0.28327645051194539,13.193877259274814,529.73262527998702,0.29010238907849828,16.934158130616197,1023.3335597061871,0.29692832764505117,20.17829398353706,1987.1431188139793
972,BPLUS_CONTINUOUS,2,MJ1,293,65.790696965530515,72.8334032590692,52.868433243217346,0.29692832764505117,63.572658182608286,413.93387727680209,0.34812286689419797,81.594623422095992,660.85369677641438,0.38566552901023893,97.225990579971963,1058.2049404041484
972,BPLUS_ORIGIN_ANCHOR,0,ATU1,293,21.763310770114789,25.743540435310912,15.038329651198254,0.94539249146757676,83.1557601286992,83.427863755657469,1,106.72926265863724,106.72926265863724,1,127.17576049313493,127.17576049313493
972,BPLUS_ORIGIN_ANCHOR,0,ATU5,293,16.810277394996838,19.632640630849419,13.531127178805539,1,110.64755391641279,110.64755391641279,1,142.01459798098631,142.01459798098631,1,169.2208308149234,169.2208308149234
972,BPLUS_ORIGIN_ANCHOR,0,MJ3,293,53.209450545262904,66.65708459914589,51.306204962911714,0.30034129692832767,12.942081843219512,496.63729099092484,0.30716723549488056,16.610982212858744,958.44164714290059,0.31058020477815701,19.793206125811139,1859.4876995932323
972,BPLUS_ORIGIN_ANCHOR,0,MJ1,293,38.66403864984386,49.700192833440141,31.476386727546814,0.44368600682593856,63.620608235537624,243.38582804129567,0.49829351535836175,81.656166648755061,345.78956237713476,0.55290102389078499,97.299323857637319,476.21690642578449
972,BPLUS_ORIGIN_ANCHOR,1,ATU1,293,21.763310770114789,25.743540435310912,15.038329651198254,0.94539249146757676,83.1557601286992,83.427863755657469,1,106.72926265863724,106.72926265863724,1,127.17576049313493,127.17576049313493
972,BPLUS_ORIGIN_ANCHOR,1,ATU5,293,16.810277394996838,19.632640630849419,13.531127178805539,1,110.64755391641279,110.64755391641279,1,142.01459798098631,142.01459798098631,1,169.2208308149234,169.2208308149234
972,BPLUS_ORIGIN_ANCHOR,1,MJ3,293,53.209450545262904,66.65708459914589,51.306204962911714,0.30034129692832767,12.942081843219512,496.63729099092484,0.30716723549488056,16.610982212858744,958.44164714290059,0.31058020477815701,19.793206125811139,1859.4876995932323
972,BPLUS_ORIGIN_ANCHOR,1,MJ1,293,38.66403864984386,49.700192833440141,31.476386727546814,0.44368600682593856,63.620608235537624,243.38582804129567,0.49829351535836175,81.656166648755061,345.78956237713476,0.55290102389078499,97.299323857637319,476.21690642578449
972,BPLUS_ORIGIN_ANCHOR,2,ATU1,293,21.763310770114789,25.743540435310912,15.038329651198254,0.94539249146757676,83.1557601286992,83.427863755657469,1,106.72926265863724,106.72926265863724,1,127.17576049313493,127.17576049313493
972,BPLUS_ORIGIN_ANCHOR,2,ATU5,293,16.810277394996838,19.632640630849419,13.531127178805539,1,110.64755391641279,110.64755391641279,1,142.01459798098631,142.01459798098631,1,169.2208308149234,169.2208308149234
972,BPLUS_ORIGIN_ANCHOR,2,MJ3,293,53.209450545262904,66.65708459914589,51.306204962911714,0.30034129692832767,12.942081843219512,496.63729099092484,0.30716723549488056,16.610982212858744,958.44164714290059,0.31058020477815701,19.793206125811139,1859.4876995932323
972,BPLUS_ORIGIN_ANCHOR,2,MJ1,293,38.66403864984386,49.700192833440141,31.476386727546814,0.44368600682593856,63.620608235537624,243.38582804129567,0.49829351535836175,81.656166648755061,345.78956237713476,0.55290102389078499,97.299323857637319,476.21690642578449
972,DRIFT1,0,ATU1,293,7.8661243635120321,8.8563703598802768,5.5294076201232309,0.38225255972696248,16.002649423331377,33.815370137897183,0.46757679180887374,20.539178174710287,29.216779180360739,1,24.473940315949449,24.473940315949449
972,DRIFT1,0,ATU5,293,11.944607547412016,14.045583853552262,9.7588403068450109,0.31399317406143346,14.52958903718968,78.404004433438573,0.34470989761092152,18.648525637577222,118.80775581558001,0.37542662116040953,22.221088865010415,176.81670066707966
972,DRIFT1,0,MJ3,293,7.6510266597893963,8.8792756991527231,7.0121457652155481,0.13993174061433447,3.3147155570663926,64.778822740073849,0.16040955631399317,4.2543913588338,119.19970159230039,0.17747440273037543,5.0694199792760628,221.41458745142049
972,DRIFT1,0,MJ1,293,7.0875983650200816,10.596795929947485,5.8357014043820268,0.7337883959044369,24.45191148740787,42.087791671693999,0.80204778156996592,31.383688629702196,50.568989975885607,0.86006825938566556,37.395971537138173,55.616478851514486
972,DRIFT1,1,ATU1,293,7.8661243635120321,8.8563703598802768,5.5294076201232309,0.38225255972696248,16.002649423331377,33.815370137897183,0.46757679180887374,20.539178174710287,29.216779180360739,1,24.473940315949449,24.473940315949449
972,DRIFT1,1,ATU5,293,11.944607547412016,14.045583853552262,9.7588403068450109,0.31399317406143346,14.52958903718968,78.404004433438573,0.34470989761092152,18.648525637577222,118.80775581558001,0.37542662116040953,22.221088865010415,176.81670066707966
972,DRIFT1,1,MJ3,293,7.6510266597893963,8.8792756991527231,7.0121457652155481,0.13993174061433447,3.3147155570663926,64.778822740073849,0.16040955631399317,4.2543913588338,119.19970159230039,0.17747440273037543,5.0694199792760628,221.41458745142049
972,DRIFT1,1,MJ1,293,7.0875983650200816,10.596795929947485,5.8357014043820268,0.7337883959044369,24.45191148740787,42.087791671693999,0.80204778156996592,31.383688629702196,50.568989975885607,0.86006825938566556,37.395971537138173,55.616478851514486
972,DRIFT1,2,ATU1,293,7.8661243635120321,8.8563703598802768,5.5294076201232309,0.38225255972696248,16.002649423331377,33.815370137897183,0.46757679180887374,20.539178174710287,29.216779180360739,1,24.473940315949449,24.473940315949449
972,DRIFT1,2,ATU5,293,11.944607547412016,14.045583853552262,9.7588403068450109,0.31399317406143346,14.52958903718968,78.404004433438573,0.34470989761092152,18.648525637577222,118.80775581558001,0.37542662116040953,22.221088865010415,176.81670066707966
972,DRIFT1,2,MJ3,293,7.6510266597893963,8.8792756991527231,7.0121457652155481,0.13993174061433447,3.3147155570663926,64.778822740073849,0.16040955631399317,4.2543913588338,119.19970159230039,0.17747440273037543,5.0694199792760628,221.41458745142049
972,DRIFT1,2,MJ1,293,7.0875983650200816,10.596795929947485,5.8357014043820268,0.7337883959044369,24.45191148740787,42.087791671693999,0.80204778156996592,31.383688629702196,50.568989975885607,0.86006825938566556,37.395971537138173,55.616478851514486
972,RR_COND,0,ATU1,293,35.279213172535364,37.847675576320327,22.454017142980355,0.87713310580204773,97.025573353116286,100.18796249163195,1,124.53097520824282,124.53097520824282,1,148.38780932755137,148.38780932755137
972,RR_COND,0,ATU5,293,46.457415524196662,49.054129410252735,30.440487591994483,0.46416382252559729,96.62357078653281,157.00758518345822,0.78498293515358364,124.01501049994202,141.25613053884575,1,147.77299945693835,147.77299945693835
972,RR_COND,0,MJ3,293,45.630178826295534,54.991393676985446,38.844056071555286,0.32764505119453924,48.633918319379518,327.7622560673978,0.33447098976109213,62.420958384533598,528.45652872853282,0.35153583617747441,74.37915952491538,848.63074856509604
972,RR_COND,0,MJ1,293,46.414600565561358,52.45979169707779,41.504295524402963,0.11262798634812286,24.886428884277954,372.63723281304829,0.26279863481228671,31.941385670875661,671.17972167466394,0.2696245733788396,38.060508549474314,1226.972234201625
972,RR_COND,1,ATU1,293,35.279213172535364,37.847675576320327,22.454017142980355,0.87713310580204773,97.025573353116286,100.18796249163195,1,124.53097520824282,124.53097520824282,1,148.38780932755137,148.38780932755137
972,RR_COND,1,ATU5,293,46.457415524196662,49.054129410252735,30.440487591994483,0.46416382252559729,96.62357078653281,157.00758518345822,0.78498293515358364,124.01501049994202,141.25613053884575,1,147.77299945693835,147.77299945693835
972,RR_COND,1,MJ3,293,45.630178826295534,54.991393676985446,38.844056071555286,0.32764505119453924,48.633918319379518,327.7622560673978,0.33447098976109213,62.420958384533598,528.45652872853282,0.35153583617747441,74.37915952491538,848.63074856509604
972,RR_COND,1,MJ1,293,46.414600565561358,52.45979169707779,41.504295524402963,0.11262798634812286,24.886428884277954,372.63723281304829,0.26279863481228671,31.941385670875661,671.17972167466394,0.2696245733788396,38.060508549474314,1226.972234201625
972,RR_COND,2,ATU1,293,35.279213172535364,37.847675576320327,22.454017142980355,0.87713310580204773,97.025573353116286,100.18796249163195,1,124.53097520824282,124.53097520824282,1,148.38780932755137,148.38780932755137
972,RR_COND,2,ATU5,293,46.457415524196662,49.054129410252735,30.440487591994483,0.46416382252559729,96.62357078653281,157.00758518345822,0.78498293515358364,124.01501049994202,141.25613053884575,1,147.77299945693835,147.77299945693835
972,RR_COND,2,MJ3,293,45.630178826295534,54.991393676985446,38.844056071555286,0.32764505119453924,48.633918319379518,327.7622560673978,0.33447098976109213,62.420958384533598,528.45652872853282,0.35153583617747441,74.37915952491538,848.63074856509604
972,RR_COND,2,MJ1,293,46.414600565561358,52.45979169707779,41.504295524402963,0.11262798634812286,24.886428884277954,372.63723281304829,0.26279863481228671,31.941385670875661,671.17972167466394,0.2696245733788396,38.060508549474314,1226.972234201625
972,G_CACHED,0,ATU1,293,8.4043876344832498,9.9480102666060706,6.7728305011337735,1,54.709236788576732,54.709236788576732,1,70.218545221936708,70.218545221936708,1,83.670557323003337,83.670557323003337
972,G_CACHED,0,ATU5,293,7.9420933550248147,10.236911055751612,9.0547617213995757,1,85.966862970265538,85.966862970265538,1,110.33727409493032,110.33727409493032,1,131.47497128920398,131.47497128920398
972,G_CACHED,0,MJ3,293,31.92778270857378,40.076140480598575,30.880883731371728,0.14334470989761092,5.4002887246515456,300.04507178821893,0.17747440273037543,6.9311955399575709,583.33927643373238,0.22525597269624573,8.2590288920109742,1139.7633983666453
972,G_CACHED,0,MJ1,293,28.432740972194729,36.494179986193537,23.448806326484913,0.44709897610921501,41.612069660115324,188.12317181708218,0.47440273037542663,53.40851320041245,282.37179394793907,0.51535836177474403,63.640168721060768,419.62556414111981
972,G_CACHED,1,ATU1,293,10.692069956940289,13.385881719368367,8.1253029435448099,1,54.709236788576725,54.709236788576725,1,70.218545221936708,70.218545221936708,1,83.670557323003337,83.670557323003337
972,G_CACHED,1,ATU5,293,5.2094390845783254,6.3260161449086416,8.3107079481637793,1,85.966862970265538,85.966862970265538,1,110.33727409493032,110.33727409493032,1,131.47497128920398,131.47497128920398
972,G_CACHED,1,MJ3,293,34.129596486773998,41.94302424520248,32.976893135122538,0.054607508532423209,5.4002887246515456,320.20098070605405,0.075085324232081918,6.9311955399575709,622.21844272458316,0.10921501706484642,8.2590288920109742,1214.6321323199982
972,G_CACHED,1,MJ1,293,24.504735899652303,31.804536556873376,19.677471196222875,0.48464163822525597,41.612069660115324,152.92516717047621,0.55290102389078499,53.408513200412457,219.29192703509321,0.55972696245733788,63.640168721060753,304.31848411334818
972,G_CACHED,2,ATU1,293,10.550825435904533,12.978084643865278,7.9180672208487568,0.96587030716723554,54.709236788576732,55.205160073165295,1,70.218545221936708,70.218545221936708,1,83.670557323003337,83.670557323003337
972,G_CACHED,2,ATU5,293,7.5403582406869827,9.0770740506506584,8.8045707207007968,1,85.966862970265538,85.966862970265538,1,110.33727409493032,110.33727409493032,1,131.47497128920398,131.47497128920398
972,G_CACHED,2,MJ3,293,36.236040733528057,43.823716993146704,35.111763086066219,0.085324232081911269,5.4002887246515456,341.65686488969726,0.15017064846416384,6.9311955399575709,665.81073371894797,0.18771331058020477,8.2590288920109742,1303.8858226852581
972,G_CACHED,2,MJ1,293,25.128783232297756,30.952458910710341,19.883250069222502,0.4061433447098976,41.612069660115331,148.65722927831388,0.47440273037542663,53.408513200412443,201.71289540269518,0.54948805460750849,63.640168721060753,260.5370703509933
972,TiDE_DATA,0,ATU1,293,41.648033591212318,46.817876507130535,27.431239600822675,0.85665529010238906,130.93715310628033,133.44705678419263,1,168.05601661298897,168.05601661298897,1,200.25109502126,200.25109502126
972,TiDE_DATA,0,ATU5,293,67.234800823539288,75.164434102983705,44.24207081064209,0.75767918088737196,196.79617178022534,211.67808725472847,1,252.58515195626231,252.58515195626231,1,300.9737722263942,300.9737722263942
972,TiDE_DATA,0,MJ3,293,3.5795814518621443,4.5743376706900758,3.5629127967753256,1,31.927489107187284,31.927489107187284,1,40.978488629986487,40.978488629986487,1,48.828880904444759,48.828880904444759
972,TiDE_DATA,0,MJ1,293,31.024454926166698,35.874959746453598,21.533484090877838,0.55631399317406138,73.999113574273281,124.98439309375432,0.74061433447098979,94.976834039536229,120.70352137838648,0.9965870307167235,113.17187805223529,113.21184465061236
972,TiDE_DATA,1,ATU1,293,15.660646141337894,18.143803803450908,14.464547946377092,1,130.93715310628033,130.93715310628033,1,168.05601661298897,168.05601661298897,1,200.25109502126003,200.25109502126003
972,TiDE_DATA,1,ATU5,293,29.173108887509553,32.263202796174824,23.237252483075224,1,196.79617178022534,196.79617178022534,1,252.58515195626231,252.58515195626231,1,300.9737722263942,300.9737722263942
972,TiDE_DATA,1,MJ3,293,11.934035689499202,14.628005893876979,8.5021509132865489,0.65529010238907848,31.927489107187284,54.136983968580104,0.71672354948805461,40.978488629986472,56.605114132207554,0.93174061433447097,48.828880904444759,52.536153658923077
972,TiDE_DATA,1,MJ1,293,12.94042856839495,14.864046887328914,9.690451137355435,1,73.999113574273252,73.999113574273252,1,94.9768340395362,94.9768340395362,1,113.17187805223531,113.17187805223531
972,TiDE_DATA,2,ATU1,293,43.340593431667124,50.122789073705952,29.33596384415992,0.66211604095563137,130.93715310628033,146.62652984757952,1,168.05601661298897,168.05601661298897,1,200.25109502126,200.25109502126
972,TiDE_DATA,2,ATU5,293,68.230878829410216,78.103163062338496,45.890154861474684,0.64163822525597269,196.79617178022534,230.08377082365752,1,252.58515195626231,252.58515195626231,1,300.9737722263942,300.9737722263942
972,TiDE_DATA,2,MJ3,293,2.6441454997356644,3.5718465611463883,3.3118202824469316,1,31.927489107187284,31.927489107187284,1,40.978488629986515,40.978488629986515,1,48.828880904444759,48.828880904444759
972,TiDE_DATA,2,MJ1,293,27.386342974924268,32.203386464189244,18.941972469523336,0.59044368600682595,73.999113574273281,107.70960459395896,0.87030716723549484,94.976834039536215,100.80998116055255,1,113.17187805223529,113.17187805223529
972,TiDE_HYD,0,ATU1,293,29.148594581505751,31.288575356548957,20.17080718334855,0.2696245733788396,53.597756992658084,116.13213831781597,0.51877133105802042,68.791976348117672,94.957148036843193,0.98976109215017061,81.97069566459345,82.095741572306807
972,TiDE_HYD,0,ATU5,293,37.637037545565775,40.031979034737461,24.640413901346889,0.50853242320819114,84.023518471827401,109.69657245711245,0.98634812286689422,107.84301843436013,108.35298646611001,1,128.50288235505764,128.50288235505764
972,TiDE_HYD,0,MJ3,293,6.0934423218139777,7.5164720471546795,4.3558125498236668,0.66552901023890787,15.608769431181827,28.740395271558185,0.726962457337884,20.033638677830822,32.779122756804334,0.83617747440273038,23.871552850942862,32.084662195802501
972,TiDE_HYD,0,MJ1,293,24.540769959251268,26.219781886508521,17.509770512729968,0.26279863481228671,38.968050813719422,112.72081204060612,0.38566552901023893,50.014951750253999,121.48913709741447,0.55290102389078499,59.59649084440909,97.460723992540778
972,TiDE_HYD,1,ATU1,293,11.36212215224182,12.676656776944405,7.8160118621712957,1,53.597756992658091,53.597756992658091,1,68.791976348117672,68.791976348117672,1,81.97069566459345,81.97069566459345
972,TiDE_HYD,1,ATU5,293,8.089776859986392,8.852272363887236,8.6059291711692261,1,84.023518471827401,84.023518471827401,1,107.84301843436013,107.84301843436013,1,128.50288235505764,128.50288235505764
972,TiDE_HYD,1,MJ3,293,8.2226597790301756,10.961185279334204,6.565605509798889,0.56996587030716728,15.608769431181827,50.796130327180506,0.61774744027303752,20.033638677830822,72.356479382316806,0.63822525597269619,23.871552850942862,100.1154106261568
972,TiDE_HYD,1,MJ1,293,2.3824927494204915,2.9323141259352359,3.7770238964838305,1,38.968050813719401,38.968050813719401,1,50.014951750253999,50.014951750253999,1,59.596490844409118,59.596490844409118
972,TiDE_HYD,2,ATU1,293,54.20760008846316,60.299954788057939,44.490033058792967,0.20819112627986347,53.597756992658105,362.89737903702729,0.24573378839590443,68.7919763481177,570.64201189581547,0.29010238907849828,81.97069566459345,892.74984836849444
972,TiDE_HYD,2,ATU5,293,66.204354006303973,72.778972942119466,51.234618113798419,0.23549488054607509,84.023518471827401,383.33783571584217,0.30034129692832767,107.84301843436013,530.69038617686897,0.35836177474402731,128.50288235505764,695.9917724260564
972,TiDE_HYD,2,MJ3,293,21.460594953820156,23.805769315563424,18.454086587195984,0.16040955631399317,15.608769431181827,159.61436717659956,0.18430034129692832,20.033638677830822,271.39439151926098,0.20136518771331058,23.871552850942862,464.40309876919906
972,TiDE_HYD,2,MJ1,293,26.498663107568976,29.230928928373373,19.753970652893571,0.30034129692832767,38.968050813719422,138.69844510172308,0.37542662116040953,50.014951750254014,175.97966663261244,0.4539249146757679,59.59649084440909,198.02492005002637
972,TiDE_PHYS,0,ATU1,293,10.992989379247298,12.594394511381596,8.0259675943834541,1,59.064974533267083,59.064974533267083,1,75.809074093366661,75.809074093366661,1,90.332083347566339,90.332083347566339
972,TiDE_PHYS,0,ATU5,293,11.360263149900979,12.283141992593283,8.0164307532525783,1,60.983950422447379,60.983950422447379,1,78.27205298256149,78.27205298256149,1,93.266903709941744,93.266903709941744
972,TiDE_PHYS,0,MJ3,293,13.714052096638625,15.022361901960815,9.4527667448149852,0.4948805460750853,26.458352097106854,54.277148654799909,0.64163822525597269,33.958927272341953,57.328516678693163,0.80887372013651881,40.464557646240337,51.318220287830393
972,TiDE_PHYS,0,MJ1,293,25.401958391443234,28.275889123058132,24.374341080196896,0.058020477815699661,4.8341305275237119,235.30790044788262,0.068259385665529013,6.2045393608295853,454.33113412890191,0.075085324232081918,7.3931646492007994,881.62460764626167
972,TiDE_PHYS,1,ATU1,293,4.9526661381004748,5.6237960127944522,5.9279212441735432,1,59.064974533267097,59.064974533267097,1,75.809074093366689,75.809074093366689,1,90.332083347566368,90.332083347566368
972,TiDE_PHYS,1,ATU5,293,14.859901528961077,17.209621803018283,10.215442834690096,1,60.983950422447379,60.983950422447379,1,78.27205298256149,78.27205298256149,1,93.266903709941744,93.266903709941744
972,TiDE_PHYS,1,MJ3,293,4.2090553499814094,4.8972086948545321,3.3058782777552085,1,26.458352097106854,26.458352097106854,1,33.958927272341953,33.958927272341953,1,40.464557646240337,40.464557646240337
972,TiDE_PHYS,1,MJ1,293,2.2932623630727331,2.9392732337781151,1.7039493006168862,0.62116040955631402,4.8341305275237119,11.801726982547132,0.70307167235494883,6.2045393608295853,15.665102283506252,0.78156996587030714,7.3931646492007994,20.357482309598044
972,TiDE_PHYS,2,ATU1,293,29.125655006419709,32.128207385624037,20.097869861047489,0.43686006825938567,59.064974533267083,114.81784738625036,0.64163822525597269,75.809074093366689,102.54455813611791,0.95904436860068254,90.332083347566368,91.984215275093362
972,TiDE_PHYS,2,ATU5,293,20.493807147906242,22.019115936261464,13.001836801198923,0.92832764505119458,60.983950422447379,62.138720799064863,1,78.27205298256149,78.27205298256149,1,93.266903709941744,93.266903709941744
972,TiDE_PHYS,2,MJ3,293,25.000730530332174,26.459279505978195,19.633070305489824,0.10238907849829351,26.458352097106854,150.94828369181752,0.13651877133105803,33.958927272341953,217.13226233808618,0.21501706484641639,40.464557646240337,299.48778617877252
972,TiDE_PHYS,2,MJ1,293,17.087619099342596,17.6524282738973,16.030230451913564,0.0068259385665529011,4.8341305275237119,151.62136467304677,0.013651877133105802,6.2045393608295853,286.22032483123905,0.020477815699658702,7.3931646492007994,544.04696589825653
972,TiDE_SPLIT,0,ATU1,293,48.127242603452657,52.101899989019309,30.721278776462842,1,150.31886194927688,150.31886194927688,1,192.93217060010736,192.93217060010736,1,229.89286076243937,229.89286076243937
972,TiDE_SPLIT,0,ATU5,293,59.556038813688232,64.430305102653847,38.148567501741546,1,213.52720363659182,213.52720363659182,1,274.05919886274796,274.05919886274796,1,326.56167734415322,326.56167734415322
972,TiDE_SPLIT,0,MJ3,293,15.701036789028882,19.290307548308576,12.029057735054861,0.47098976109215018,28.594264842057328,87.086142035473998,0.53924914675767921,36.700341601535001,113.371265831119,0.59726962457337884,43.73115429890322,137.49994068823165
972,TiDE_SPLIT,0,MJ1,293,23.389235625671692,25.849814764485018,16.046440355516797,0.4061433447098976,49.884200745060106,86.403958581303286,0.77133105802047786,64.025678504960482,71.230802140161344,1,76.291301486831372,76.291301486831372
972,TiDE_SPLIT,1,ATU1,293,3.5163659371507356,4.3305991252226059,13.832989608634804,1,150.31886194927682,150.31886194927682,1,192.93217060010738,192.93217060010738,1,229.89286076243937,229.89286076243937
972,TiDE_SPLIT,1,ATU5,293,3.6363625731904277,4.6872559715198268,19.573782936983552,1,213.52720363659182,213.52720363659182,1,274.05919886274796,274.05919886274796,1,326.56167734415322,326.56167734415322
972,TiDE_SPLIT,1,MJ3,293,10.760329247227729,13.764011461576764,7.884979983830215,0.66211604095563137,28.594264842057328,54.351078996190395,0.726962457337884,36.700341601535001,63.41735759340829,0.81569965870307171,43.73115429890322,62.984113715382911
972,TiDE_SPLIT,1,MJ1,293,7.3584472636960898,7.854383573639284,5.7895550020678384,1,49.884200745060078,49.884200745060078,1,64.025678504960524,64.025678504960524,1,76.291301486831358,76.291301486831358
972,TiDE_SPLIT,2,ATU1,293,13.643818527450252,15.225098350447551,15.268670291045101,1,150.31886194927682,150.31886194927682,1,192.93217060010736,192.93217060010736,1,229.89286076243937,229.89286076243937
972,TiDE_SPLIT,2,ATU5,293,10.296192049809331,12.446441613641285,20.207819001922022,1,213.52720363659182,213.52720363659182,1,274.05919886274796,274.05919886274796,1,326.56167734415322,326.56167734415322
972,TiDE_SPLIT,2,MJ3,293,5.4999405329511424,6.5177922800685879,4.0432710423113054,0.99317406143344711,28.594264842057328,28.606645887752595,1,36.700341601535001,36.700341601535001,1,43.73115429890322,43.73115429890322
972,TiDE_SPLIT,2,MJ1,293,3.0415911652297347,3.9362258463911974,4.862661219068209,1,49.884200745060078,49.884200745060078,1,64.025678504960524,64.025678504960524,1,76.291301486831358,76.291301486831358
972,TiDE_BOUND,0,ATU1,293,22.699641823324924,24.932747524202387,14.835736714127192,1,88.039576795238844,88.039576795238844,1,112.99757348849462,112.99757348849462,1,134.6449135345473,134.6449135345473
972,TiDE_BOUND,0,ATU5,293,17.041641131166585,18.410729321069642,14.468994530406276,1,129.84880450853396,129.84880450853396,1,166.65913631061107,166.65913631061107,1,198.5866094776751,198.5866094776751
972,TiDE_BOUND,0,MJ3,293,7.7796896732211795,8.7699139750376567,6.3818139225730413,0.21160409556313994,7.4049998151081127,51.92935301624447,0.2764505119453925,9.5042143686814597,82.537433579755884,0.34129692832764508,11.324969929687995,131.97506957486823
972,TiDE_BOUND,0,MJ1,293,17.131733493530081,19.035620918889236,12.965003309596488,0.22866894197952217,23.826110352008072,92.73682576653303,0.38225255972696248,30.580481568053298,120.41902459143573,0.52559726962457343,36.438891291719642,152.84608327283956
972,TiDE_BOUND,1,ATU1,293,2.5425653838891722,3.1450008921125634,8.1417873119137312,1,88.039576795238858,88.039576795238858,1,112.99757348849462,112.99757348849462,1,134.6449135345473,134.6449135345473
972,TiDE_BOUND,1,ATU5,293,5.4929873521514629,6.506349347812634,12.171542958231418,1,129.84880450853396,129.84880450853396,1,166.65913631061107,166.65913631061107,1,198.5866094776751,198.5866094776751
972,TiDE_BOUND,1,MJ3,293,13.908671571533255,17.426711047096852,12.429784755129477,0.15017064846416384,7.4049998151081127,111.46947371131137,0.25938566552901021,9.5042143686814597,200.94301142401034,0.37883959044368598,11.324969929687995,369.32122883182706
972,TiDE_BOUND,1,MJ1,293,7.6183883027724937,8.1115540034034499,4.7771731593818609,0.96587030716723554,23.826110352008072,24.126147162094508,1,30.580481568053298,30.580481568053298,1,36.438891291719635,36.438891291719635
972,TiDE_BOUND,2,ATU1,293,8.3786806695987615,9.1400249563949085,8.9890515461226403,1,88.039576795238844,88.039576795238844,1,112.99757348849462,112.99757348849462,1,134.6449135345473,134.6449135345473
972,TiDE_BOUND,2,ATU5,293,6.2575067035122176,7.0240679229033747,12.226645739645956,1,129.84880450853396,129.84880450853396,1,166.65913631061107,166.65913631061107,1,198.5866094776751,198.5866094776751
972,TiDE_BOUND,2,MJ3,293,7.7120279411479098,9.9270220848691455,6.4501427819309001,0.38225255972696248,7.4049998151081127,53.629247778408782,0.48464163822525597,9.5042143686814597,90.306893226280437,0.55290102389078499,11.324969929687995,155.67987216763126
972,TiDE_BOUND,2,MJ1,293,6.9386802968416106,7.8614653513109278,4.5929335898532493,0.9112627986348123,23.826110352008072,24.706301992913186,1,30.580481568053298,30.580481568053298,1,36.438891291719635,36.438891291719635
972,TiDE_KIN,0,ATU1,293,3.0541748286784487,3.6636745538525757,8.3205269152904719,1,89.580347653049799,89.580347653049799,1,114.97513147516409,114.97513147516409,1,137.00131921569914,137.00131921569914
972,TiDE_KIN,0,ATU5,293,2.3073836668484082,3.0040025265901327,10.799088724903186,1,117.58184540161463,117.58184540161463,1,150.91466474882327,150.91466474882327,1,179.82591447655707,179.82591447655707
972,TiDE_KIN,0,MJ3,293,8.4741670146507406,9.8077830842890865,6.7396624458109748,0.30034129692832767,9.3294615991458159,52.345543707518921,0.43344709897610922,11.974234327698468,81.574218829082923,0.50170648464163825,14.268180244238012,128.81009361272424
972,TiDE_KIN,0,MJ1,293,15.512975460341636,18.524852493869091,11.604654408108754,0.48122866894197952,27.818886158948544,80.373451612268681,0.56996587030716728,35.70515383581278,103.6181795528713,0.65187713310580209,42.545314935016911,126.00430995401895
972,TiDE_KIN,1,ATU1,293,3.9597988222139198,4.7826117521021452,8.4277395870942033,1,89.580347653049799,89.580347653049799,1,114.97513147516409,114.97513147516409,1,137.00131921569914,137.00131921569914
972,TiDE_KIN,1,ATU5,293,13.001134264320068,15.804986524760693,12.852509705150128,1,117.58184540161463,117.58184540161463,1,150.91466474882327,150.91466474882327,1,179.82591447655707,179.82591447655707
972,TiDE_KIN,1,MJ3,293,13.738962253247614,16.705348033431889,11.907795294293892,0.18088737201365188,9.3294615991458159,103.32313983428574,0.31058020477815701,11.974234327698468,180.10354627657341,0.40273037542662116,14.268180244238012,320.94530891886723
972,TiDE_KIN,1,MJ1,293,11.764298993521189,12.766406306666154,7.745281072956943,0.53583617747440271,27.818886158948544,36.529569503113564,0.98293515358361772,35.70515383581278,35.967590166703374,1,42.545314935016904,42.545314935016904
972,TiDE_KIN,2,ATU1,293,7.0554083961410861,7.7496017879577206,8.8486280285431285,1,89.580347653049799,89.580347653049799,1,114.97513147516409,114.97513147516409,1,137.00131921569914,137.00131921569914
972,TiDE_KIN,2,ATU5,293,4.2635920205088489,5.0423539651848728,10.941374212975143,1,117.58184540161463,117.58184540161463,1,150.91466474882327,150.91466474882327,1,179.82591447655707,179.82591447655707
972,TiDE_KIN,2,MJ3,293,6.0826752790669651,8.4563052214566934,5.1093048712047162,0.5460750853242321,9.3294615991458159,42.219700921795969,0.58361774744027306,11.974234327698468,66.350653845543206,0.60750853242320824,14.268180244238012,104.58053788219367
972,TiDE_KIN,2,MJ1,293,4.7576353418004382,5.324786252574067,3.5473115570704437,1,27.818886158948544,27.818886158948544,1,35.70515383581278,35.70515383581278,1,42.545314935016904,42.545314935016904
972,TiDE_CAL,0,ATU1,293,32.814096767858018,34.958068870294788,23.416023770418558,1,184.03981696779738,184.03981696779738,1,236.21254780670895,236.21254780670895,1,281.46461108253629,281.46461108253629
972,TiDE_CAL,0,ATU5,293,31.166432444752346,32.126659439721585,24.319539705923667,1,213.17722015447609,213.17722015447609,1,273.60999992654547,273.60999992654547,1,326.02642379792582,326.02642379792582
972,TiDE_CAL,0,MJ3,293,5.5582003853686688,6.8255768908878851,4.2227173260447186,1,29.626074315478942,29.626074315478942,1,38.024654723464664,38.024654723464664,1,45.309170713680942,45.309170713680942
972,TiDE_CAL,0,MJ1,293,26.265183107432566,28.545581492169553,17.365970455321712,0.58361774744027306,59.21489763134138,91.622482891104511,0.78498293515358364,76.001498306532483,86.816892245448258,1,90.561370939713669,90.561370939713669
972,TiDE_CAL,1,ATU1,293,16.107819052905942,18.2873028639799,18.622009820645829,1,184.03981696779738,184.03981696779738,1,236.21254780670895,236.21254780670895,1,281.46461108253629,281.46461108253629
972,TiDE_CAL,1,ATU5,293,15.987001959325044,17.068007278192749,20.826897021811309,1,213.17722015447609,213.17722015447609,1,273.60999992654547,273.60999992654547,1,326.02642379792582,326.02642379792582
972,TiDE_CAL,1,MJ3,293,9.1654092587612119,10.595390811023419,6.1578158042106432,0.82593856655290099,29.626074315478942,32.817836048130154,0.98976109215017061,38.024654723464664,38.566290185098822,0.9965870307167235,45.309170713680942,45.581172534393154
972,TiDE_CAL,1,MJ1,293,3.6884492396724058,4.2819034218025465,5.7135219476014871,1,59.214897631341387,59.214897631341387,1,76.00149830653254,76.00149830653254,1,90.561370939713697,90.561370939713697
972,TiDE_CAL,2,ATU1,293,39.274040991475417,40.542505975141111,25.65391118770885,1,184.03981696779738,184.03981696779738,1,236.21254780670895,236.21254780670895,1,281.46461108253629,281.46461108253629
972,TiDE_CAL,2,ATU5,293,32.823409382338205,33.904816796294291,24.864022248499086,1,213.17722015447609,213.17722015447609,1,273.60999992654547,273.60999992654547,1,326.02642379792582,326.02642379792582
972,TiDE_CAL,2,MJ3,293,8.0728167704695064,9.8356127269862981,5.7122535471978706,0.9078498293515358,29.626074315478942,30.261890440919874,1,38.024654723464664,38.024654723464664,1,45.309170713680942,45.309170713680942
972,TiDE_CAL,2,MJ1,293,6.799983647922959,7.5149872569053455,6.35833699772577,1,59.21489763134138,59.21489763134138,1,76.00149830653254,76.00149830653254,1,90.561370939713683,90.561370939713683
972,TiDE_HCAL,0,ATU1,293,32.728784716903682,34.758752151537031,23.348435403125897,1,184.16940589643838,184.16940589643838,1,236.37887339595466,236.37887339595466,1,281.66280024617214,281.66280024617214
972,TiDE_HCAL,0,ATU5,293,31.187207377915801,32.054930316142972,24.287962319457858,1,213.02937421480965,213.02937421480965,1,273.42024171733374,273.42024171733374,1,325.80031294542681,325.80031294542681
972,TiDE_HCAL,0,MJ3,293,5.6426522672054267,6.9006508774629696,4.26903801719277,1,29.921485878948264,29.921485878948264,1,38.403811360372856,38.403811360372856,1,45.760963712561079,45.760963712561079
972,TiDE_HCAL,0,MJ1,293,26.399649831111368,28.576507454051093,17.390314251474546,0.58361774744027306,59.313897118040614,91.515381413352728,0.78498293515358364,76.128562772092636,86.670753830509113,1,90.712777588993532,90.712777588993532
972,TiDE_HCAL,1,ATU1,293,23.027339701692377,24.308038326861123,20.034903048220098,1,184.16940589643838,184.16940589643838,1,236.37887339595466,236.37887339595466,1,281.66280024617214,281.66280024617214
972,TiDE_HCAL,1,ATU5,293,16.469022565924217,18.442155621593692,21.044422021130522,1,213.02937421480965,213.02937421480965,1,273.42024171733374,273.42024171733374,1,325.80031294542681,325.80031294542681
972,TiDE_HCAL,1,MJ3,293,9.3786989757518615,10.963151398410199,6.3671740268328678,0.80204778156996592,29.921485878948264,34.460894586575165,0.97610921501706482,38.403811360372856,38.782397454427326,1,45.760963712561079,45.760963712561079
972,TiDE_HCAL,1,MJ1,293,3.5140091392416566,4.000945767408405,5.6827283476564574,1,59.313897118040586,59.313897118040586,1,76.128562772092664,76.128562772092664,1,90.71277758899349,90.71277758899349
972,TiDE_HCAL,2,ATU1,293,39.201607538679895,40.574898607657232,25.673578287912381,1,184.16940589643835,184.16940589643835,1,236.37887339595466,236.37887339595466,1,281.66280024617214,281.66280024617214
972,TiDE_HCAL,2,ATU5,293,32.752807072783177,33.906937032272744,24.854478693872199,1,213.02937421480965,213.02937421480965,1,273.42024171733374,273.42024171733374,1,325.80031294542681,325.80031294542681
972,TiDE_HCAL,2,MJ3,293,8.0763308557182523,9.8399351631530205,5.7166565185002121,0.91808873720136519,29.921485878948264,30.429372816232139,1,38.403811360372856,38.403811360372856,1,45.760963712561079,45.760963712561079
972,TiDE_HCAL,2,MJ1,293,6.7925314577314309,7.5108434759134131,6.3645980599900573,1,59.313897118040586,59.313897118040586,1,76.128562772092664,76.128562772092664,1,90.712777588993532,90.712777588993532
1168,BPLUS_CONTINUOUS,0,ATU1,293,5.4317941274103108,8.0682459891575906,13.601647893891817,1,144.19153557925756,144.19153557925756,1,185.06783234465951,185.06783234465951,1,220.52192374387553,220.52192374387553
1168,BPLUS_CONTINUOUS,0,ATU5,293,8.1080330697934144,9.1150067099766563,15.216987001588146,1,161.12809466238272,161.12809466238272,1,206.80567059084657,206.80567059084657,1,246.42415563015442,246.42415563015442
1168,BPLUS_CONTINUOUS,0,MJ3,293,8.7790588990733696,13.016273948901418,15.915767964841843,1,163.05613136385227,163.05613136385227,1,209.28027890671277,209.28027890671277,1,249.37283330911032,249.37283330911032
1168,BPLUS_CONTINUOUS,0,MJ1,293,5.287870905170764,6.2971662230627254,14.845229978614775,1,160.04401761470442,160.04401761470442,1,205.41427276362714,205.41427276362714,1,244.76620285865363,244.76620285865363
1168,BPLUS_CONTINUOUS,1,ATU1,293,5.4317941274103108,8.0682459891575906,13.601647893891817,1,144.19153557925756,144.19153557925756,1,185.06783234465951,185.06783234465951,1,220.52192374387553,220.52192374387553
1168,BPLUS_CONTINUOUS,1,ATU5,293,8.1080330697934144,9.1150067099766563,15.216987001588146,1,161.12809466238272,161.12809466238272,1,206.80567059084657,206.80567059084657,1,246.42415563015442,246.42415563015442
1168,BPLUS_CONTINUOUS,1,MJ3,293,8.7790588990733696,13.016273948901418,15.915767964841843,1,163.05613136385227,163.05613136385227,1,209.28027890671277,209.28027890671277,1,249.37283330911032,249.37283330911032
1168,BPLUS_CONTINUOUS,1,MJ1,293,5.287870905170764,6.2971662230627254,14.845229978614775,1,160.04401761470442,160.04401761470442,1,205.41427276362714,205.41427276362714,1,244.76620285865363,244.76620285865363
1168,BPLUS_CONTINUOUS,2,ATU1,293,5.4317941274103108,8.0682459891575906,13.601647893891817,1,144.19153557925756,144.19153557925756,1,185.06783234465951,185.06783234465951,1,220.52192374387553,220.52192374387553
1168,BPLUS_CONTINUOUS,2,ATU5,293,8.1080330697934144,9.1150067099766563,15.216987001588146,1,161.12809466238272,161.12809466238272,1,206.80567059084657,206.80567059084657,1,246.42415563015442,246.42415563015442
1168,BPLUS_CONTINUOUS,2,MJ3,293,8.7790588990733696,13.016273948901418,15.915767964841843,1,163.05613136385227,163.05613136385227,1,209.28027890671277,209.28027890671277,1,249.37283330911032,249.37283330911032
1168,BPLUS_CONTINUOUS,2,MJ1,293,5.287870905170764,6.2971662230627254,14.845229978614775,1,160.04401761470442,160.04401761470442,1,205.41427276362714,205.41427276362714,1,244.76620285865363,244.76620285865363
1168,BPLUS_ORIGIN_ANCHOR,0,ATU1,293,5.4255454184531029,8.0669015316032269,6.0196086374593012,0.97610921501706482,53.660714128933485,55.011636197565146,0.99317406143344711,68.872780957724657,69.083549791314539,1,82.066980295650865,82.066980295650865
1168,BPLUS_ORIGIN_ANCHOR,0,ATU5,293,8.0941808205370087,9.1018113368732525,5.5563212640318689,1,36.987437296946375,36.987437296946375,1,47.472861822511796,47.472861822511796,1,56.567403865362174,56.567403865362174
1168,BPLUS_ORIGIN_ANCHOR,0,MJ3,293,8.772121772678739,13.011596087880793,14.952087229516275,1,151.65520159560677,151.65520159560677,1,194.6473439674551,194.6473439674551,1,231.93661588578968,231.93661588578968
1168,BPLUS_ORIGIN_ANCHOR,0,MJ1,293,5.274823710948449,6.2853431403093722,9.0018103877955404,1,94.038940853770569,94.038940853770569,1,120.69767389521111,120.69767389521111,1,143.82014908573584,143.82014908573584
1168,BPLUS_ORIGIN_ANCHOR,1,ATU1,293,5.4255454184531029,8.0669015316032269,6.0196086374593012,0.97610921501706482,53.660714128933485,55.011636197565146,0.99317406143344711,68.872780957724657,69.083549791314539,1,82.066980295650865,82.066980295650865
1168,BPLUS_ORIGIN_ANCHOR,1,ATU5,293,8.0941808205370087,9.1018113368732525,5.5563212640318689,1,36.987437296946375,36.987437296946375,1,47.472861822511796,47.472861822511796,1,56.567403865362174,56.567403865362174
1168,BPLUS_ORIGIN_ANCHOR,1,MJ3,293,8.772121772678739,13.011596087880793,14.952087229516275,1,151.65520159560677,151.65520159560677,1,194.6473439674551,194.6473439674551,1,231.93661588578968,231.93661588578968
1168,BPLUS_ORIGIN_ANCHOR,1,MJ1,293,5.274823710948449,6.2853431403093722,9.0018103877955404,1,94.038940853770569,94.038940853770569,1,120.69767389521111,120.69767389521111,1,143.82014908573584,143.82014908573584
1168,BPLUS_ORIGIN_ANCHOR,2,ATU1,293,5.4255454184531029,8.0669015316032269,6.0196086374593012,0.97610921501706482,53.660714128933485,55.011636197565146,0.99317406143344711,68.872780957724657,69.083549791314539,1,82.066980295650865,82.066980295650865
1168,BPLUS_ORIGIN_ANCHOR,2,ATU5,293,8.0941808205370087,9.1018113368732525,5.5563212640318689,1,36.987437296946375,36.987437296946375,1,47.472861822511796,47.472861822511796,1,56.567403865362174,56.567403865362174
1168,BPLUS_ORIGIN_ANCHOR,2,MJ3,293,8.772121772678739,13.011596087880793,14.952087229516275,1,151.65520159560677,151.65520159560677,1,194.6473439674551,194.6473439674551,1,231.93661588578968,231.93661588578968
1168,BPLUS_ORIGIN_ANCHOR,2,MJ1,293,5.274823710948449,6.2853431403093722,9.0018103877955404,1,94.038940853770569,94.038940853770569,1,120.69767389521111,120.69767389521111,1,143.82014908573584,143.82014908573584
1168,DRIFT1,0,ATU1,293,12.87236415119731,19.244197895113508,10.391273089591339,0.6348122866894198,24.040945036054495,83.534396412335539,0.65870307167235498,30.856218899854301,125.70060868151502,0.67918088737201365,36.767452587793521,187.26994335360538
1168,DRIFT1,0,ATU5,293,4.2142148646442621,6.9817034172927084,4.4684197824659497,0.95563139931740615,36.168479848781772,39.548750461941857,0.96928327645051193,46.421741317376245,49.418374826622717,0.98293515358361772,55.314916531704732,57.228747260051691
1168,DRIFT1,0,MJ3,293,10.867921588627034,12.334873689346734,7.7586934213917313,0.43003412969283278,20.585535068818899,48.279341548399046,0.61433447098976113,26.421248220546204,53.688599478577856,0.75767918088737196,31.482859076548721,54.572407489737756
1168,DRIFT1,0,MJ1,293,8.4848805118825315,13.350163123557049,7.721670837624254,0.57679180887372017,7.7808997822346564,70.037403852582543,0.60068259385665534,9.9866767532805625,125.42888068672788,0.61433447098976113,11.899859319367351,227.77879847108719
1168,DRIFT1,1,ATU1,293,12.87236415119731,19.244197895113508,10.391273089591339,0.6348122866894198,24.040945036054495,83.534396412335539,0.65870307167235498,30.856218899854301,125.70060868151502,0.67918088737201365,36.767452587793521,187.26994335360538
1168,DRIFT1,1,ATU5,293,4.2142148646442621,6.9817034172927084,4.4684197824659497,0.95563139931740615,36.168479848781772,39.548750461941857,0.96928327645051193,46.421741317376245,49.418374826622717,0.98293515358361772,55.314916531704732,57.228747260051691
1168,DRIFT1,1,MJ3,293,10.867921588627034,12.334873689346734,7.7586934213917313,0.43003412969283278,20.585535068818899,48.279341548399046,0.61433447098976113,26.421248220546204,53.688599478577856,0.75767918088737196,31.482859076548721,54.572407489737756
1168,DRIFT1,1,MJ1,293,8.4848805118825315,13.350163123557049,7.721670837624254,0.57679180887372017,7.7808997822346564,70.037403852582543,0.60068259385665534,9.9866767532805625,125.42888068672788,0.61433447098976113,11.899859319367351,227.77879847108719
1168,DRIFT1,2,ATU1,293,12.87236415119731,19.244197895113508,10.391273089591339,0.6348122866894198,24.040945036054495,83.534396412335539,0.65870307167235498,30.856218899854301,125.70060868151502,0.67918088737201365,36.767452587793521,187.26994335360538
1168,DRIFT1,2,ATU5,293,4.2142148646442621,6.9817034172927084,4.4684197824659497,0.95563139931740615,36.168479848781772,39.548750461941857,0.96928327645051193,46.421741317376245,49.418374826622717,0.98293515358361772,55.314916531704732,57.228747260051691
1168,DRIFT1,2,MJ3,293,10.867921588627034,12.334873689346734,7.7586934213917313,0.43003412969283278,20.585535068818899,48.279341548399046,0.61433447098976113,26.421248220546204,53.688599478577856,0.75767918088737196,31.482859076548721,54.572407489737756
1168,DRIFT1,2,MJ1,293,8.4848805118825315,13.350163123557049,7.721670837624254,0.57679180887372017,7.7808997822346564,70.037403852582543,0.60068259385665534,9.9866767532805625,125.42888068672788,0.61433447098976113,11.899859319367351,227.77879847108719
1168,RR_COND,0,ATU1,293,11.605648621437904,12.20026770917112,11.155040165623639,1,106.8659883899586,106.8659883899586,1,137.16101117342038,137.16101117342038,1,163.43742542079167,163.43742542079167
1168,RR_COND,0,ATU5,293,13.912059377385877,14.345710269854921,13.033346795430305,1,124.58359018251168,124.58359018251168,1,159.90130688440763,159.90130688440763,1,190.53415905169277,190.53415905169277
1168,RR_COND,0,MJ3,293,14.611218165582468,17.030816367209294,14.995204533896834,1,141.99387208260441,141.99387208260441,1,182.24716178369547,182.24716178369547,1,217.16088746614423,217.16088746614423
1168,RR_COND,0,MJ1,293,5.1440200290703739,5.7760603298007736,13.125369866142059,1,141.31199298458344,141.31199298458344,1,181.37197943623732,181.37197943623732,1,216.11804337788183,216.11804337788183
1168,RR_COND,1,ATU1,293,11.605648621437904,12.20026770917112,11.155040165623639,1,106.8659883899586,106.8659883899586,1,137.16101117342038,137.16101117342038,1,163.43742542079167,163.43742542079167
1168,RR_COND,1,ATU5,293,13.912059377385877,14.345710269854921,13.033346795430305,1,124.58359018251168,124.58359018251168,1,159.90130688440763,159.90130688440763,1,190.53415905169277,190.53415905169277
1168,RR_COND,1,MJ3,293,14.611218165582468,17.030816367209294,14.995204533896834,1,141.99387208260441,141.99387208260441,1,182.24716178369547,182.24716178369547,1,217.16088746614423,217.16088746614423
1168,RR_COND,1,MJ1,293,5.1440200290703739,5.7760603298007736,13.125369866142059,1,141.31199298458344,141.31199298458344,1,181.37197943623732,181.37197943623732,1,216.11804337788183,216.11804337788183
1168,RR_COND,2,ATU1,293,11.605648621437904,12.20026770917112,11.155040165623639,1,106.8659883899586,106.8659883899586,1,137.16101117342038,137.16101117342038,1,163.43742542079167,163.43742542079167
1168,RR_COND,2,ATU5,293,13.912059377385877,14.345710269854921,13.033346795430305,1,124.58359018251168,124.58359018251168,1,159.90130688440763,159.90130688440763,1,190.53415905169277,190.53415905169277
1168,RR_COND,2,MJ3,293,14.611218165582468,17.030816367209294,14.995204533896834,1,141.99387208260441,141.99387208260441,1,182.24716178369547,182.24716178369547,1,217.16088746614423,217.16088746614423
1168,RR_COND,2,MJ1,293,5.1440200290703739,5.7760603298007736,13.125369866142059,1,141.31199298458344,141.31199298458344,1,181.37197943623732,181.37197943623732,1,216.11804337788183,216.11804337788183
1168,G_CACHED,0,ATU1,293,7.4888445687285934,12.116205003805547,6.2760420951817917,0.91808873720136519,34.657451499956323,48.819964945800017,0.92832764505119458,44.482357427711236,65.319142953279666,0.93515358361774747,53.003998092727556,83.097922573309049
1168,G_CACHED,0,ATU5,293,5.6372237811265267,7.8481367645784541,4.135187663711962,0.66211604095563137,12.037826246644954,27.444892517900694,0.8191126279863481,15.450382719474421,37.97776686853198,0.90443686006825941,18.410266531529487,55.679050201684085
1168,G_CACHED,0,MJ3,293,13.336073490145948,18.439295646768258,12.172900381725855,0.99317406143344711,96.587338280233311,96.832048921738206,1,123.96850658156472,123.96850658156472,1,147.7175866204002,147.7175866204002
1168,G_CACHED,0,MJ1,293,3.9450001909690973,4.8093895616943669,6.2612992623959798,1,64.695517261538939,64.695517261538939,1,83.035797447543487,83.035797447543487,1,98.94325534994843,98.94325534994843
1168,G_CACHED,1,ATU1,293,7.3493063895091666,11.856494701792014,6.0413658027546431,0.91467576791808869,34.657451499956323,49.299792991521713,0.93174061433447097,44.482357427711236,66.232646410283209,0.93856655290102387,53.003998092727556,85.480641200072952
1168,G_CACHED,1,ATU5,293,7.0587242017044298,9.3003291790523157,5.3800885244158527,0.43003412969283278,12.037826246644954,38.551341753646838,0.5426621160409556,15.450382719474421,50.756295347269138,0.63822525597269619,18.410266531529487,65.44459826987169
1168,G_CACHED,1,MJ3,293,11.053694655285868,16.845161263617431,11.632633286729762,1,96.587338280233311,96.587338280233311,1,123.96850658156472,123.96850658156472,1,147.7175866204002,147.7175866204002
1168,G_CACHED,1,MJ1,293,4.5818991025226294,5.5882456011433774,6.3869171951574062,1,64.695517261538939,64.695517261538939,1,83.035797447543516,83.035797447543516,1,98.943255349948402,98.943255349948402
1168,G_CACHED,2,ATU1,293,6.6751337577625947,10.692641662653404,5.64464368637978,0.91467576791808869,34.657451499956323,46.166484517054734,0.93174061433447097,44.482357427711236,60.035456274643316,0.94539249146757676,53.003998092727549,73.643803505370769
1168,G_CACHED,2,ATU5,293,8.5913232889724043,9.8881610779392606,6.5448563487516322,0.29692832764505117,12.037826246644954,47.00679875969724,0.4539249146757679,15.450382719474421,64.012424234525938,0.52559726962457343,18.410266531529487,85.691198154173804
1168,G_CACHED,2,MJ3,293,10.711727093888179,16.822326726897817,11.608319478295533,0.9965870307167235,96.587338280233311,96.628100687233569,1,123.96850658156472,123.96850658156472,1,147.7175866204002,147.7175866204002
1168,G_CACHED,2,MJ1,293,4.9387483821908846,6.1656936942676657,6.491014403584936,1,64.695517261538939,64.695517261538939,1,83.035797447543501,83.035797447543501,1,98.943255349948416,98.943255349948416
1168,TiDE_DATA,0,ATU1,293,5.499948272761479,7.2520724642931498,8.748807419489987,1,89.441775941979643,89.441775941979643,1,114.79727660948819,114.79727660948819,1,136.78939207185599,136.78939207185599
1168,TiDE_DATA,0,ATU5,293,5.5207057909772956,6.567085014712525,13.818829231621201,1,148.30822374253512,148.30822374253512,1,190.35154439998971,190.35154439998971,1,226.81785498264523,226.81785498264523
1168,TiDE_DATA,0,MJ3,293,7.2581246403992035,11.476581541693022,6.4108965500731969,0.62116040955631402,7.9231823641925985,57.258034775290959,0.6348122866894198,10.169294470177647,100.50659339156577,0.65187713310580209,12.117461750484836,178.89985481302242
1168,TiDE_DATA,0,MJ1,293,2.8718729727787977,3.6296667175420767,5.6491051172602722,1,59.490929011499944,59.490929011499944,1,76.355780747452656,76.355780747452656,1,90.983524505952531,90.983524505952531
1168,TiDE_DATA,1,ATU1,293,4.7945087470225465,6.6028843375897566,8.644686715917496,1,89.441775941979643,89.441775941979643,1,114.79727660948819,114.79727660948819,1,136.78939207185599,136.78939207185599
1168,TiDE_DATA,1,ATU5,293,9.5748581050354229,12.181862759749515,14.535488877286115,1,148.30822374253512,148.30822374253512,1,190.35154439998971,190.35154439998971,1,226.81785498264523,226.81785498264523
1168,TiDE_DATA,1,MJ3,293,5.6676763473326739,7.4485748071080602,4.3589936068220076,0.51194539249146753,7.9231823641925985,31.633457876563067,0.67235494880546076,10.169294470177647,48.806407532406034,0.74061433447098979,12.117461750484836,77.953445107558338
1168,TiDE_DATA,1,MJ1,293,3.7737568501533127,4.5430460310154936,5.7762280735836127,1,59.490929011499944,59.490929011499944,1,76.355780747452656,76.355780747452656,1,90.983524505952531,90.983524505952531
1168,TiDE_DATA,2,ATU1,293,4.9270284782404543,6.5731270122890892,8.640164578695293,1,89.441775941979643,89.441775941979643,1,114.79727660948821,114.79727660948821,1,136.78939207185599,136.78939207185599
1168,TiDE_DATA,2,ATU5,293,10.832456576240288,13.290744055644304,14.728024719745108,1,148.30822374253512,148.30822374253512,1,190.35154439998971,190.35154439998971,1,226.81785498264523,226.81785498264523
1168,TiDE_DATA,2,MJ3,293,6.4445148901037772,10.290780924059446,5.689540876613945,0.6348122866894198,7.9231823641925985,50.56168505088575,0.65529010238907848,10.169294470177647,87.447742407569251,0.66552901023890787,12.117461750484836,153.37523820722365
1168,TiDE_DATA,2,MJ1,293,3.6442398454768372,4.5645355797226896,5.7794669841219672,1,59.490929011499958,59.490929011499958,1,76.355780747452656,76.355780747452656,1,90.983524505952531,90.983524505952531
1168,TiDE_HYD,0,ATU1,293,5.5026175941104976,7.1210599005698709,9.2570514668067005,1,95.649411221732137,95.649411221732137,1,122.76469023466971,122.76469023466971,1,146.28315096895096,146.28315096895096
1168,TiDE_HYD,0,ATU5,293,10.338038042648845,12.768175537414095,12.087003630333182,1,117.19503533361218,117.19503533361218,1,150.41819940134837,150.41819940134837,1,179.23433952746791,179.23433952746791
1168,TiDE_HYD,0,MJ3,293,6.6111078372915397,10.949923222854318,5.8584546121981509,0.76791808873720135,26.467447391215501,44.698255446279447,0.82593856655290099,33.970600955949976,55.470367063710498,0.86689419795221845,40.47846769821308,64.109666547192816
1168,TiDE_HYD,0,MJ1,293,2.7821511243976498,3.3051598578472481,4.8339035418283185,1,50.60817938323428,50.60817938323428,1,64.954895027223529,64.954895027223529,1,77.39853126559936,77.39853126559936
1168,TiDE_HYD,1,ATU1,293,5.5493475477345093,7.42971396257078,9.3040724791412242,1,95.649411221732137,95.649411221732137,1,122.76469023466971,122.76469023466971,1,146.28315096895096,146.28315096895096
1168,TiDE_HYD,1,ATU5,293,7.805118360771317,9.8015016618370261,11.516417477647039,1,117.19503533361218,117.19503533361218,1,150.41819940134837,150.41819940134837,1,179.23433952746791,179.23433952746791
1168,TiDE_HYD,1,MJ3,293,7.5139189655551473,12.171522713558762,6.4931053631150197,0.75426621160409557,26.467447391215501,49.957227252977411,0.80204778156996592,33.970600955949976,64.331449446396718,0.84982935153583616,40.47846769821308,78.379897141003269
1168,TiDE_HYD,1,MJ1,293,2.9036437875465113,3.6950530704115923,4.8880645198793031,1,50.60817938323428,50.60817938323428,1,64.954895027223543,64.954895027223543,1,77.39853126559936,77.39853126559936
1168,TiDE_HYD,2,ATU1,293,8.6721610478309898,14.151774348530408,10.700871668398593,0.97610921501706482,95.649411221732137,96.590515343573344,1,122.76469023466971,122.76469023466971,1,146.28315096895096,146.28315096895096
1168,TiDE_HYD,2,ATU5,293,4.4340384403365167,8.04795406752757,11.23403104969308,1,117.19503533361218,117.19503533361218,1,150.41819940134837,150.41819940134837,1,179.23433952746791,179.23433952746791
1168,TiDE_HYD,2,MJ3,293,14.147673152086643,20.092015231045888,11.43874735718215,0.62116040955631402,26.467447391215501,90.700682817736762,0.66894197952218426,33.970600955949976,136.16354761361077,0.70989761092150172,40.47846769821308,203.88249046528912
1168,TiDE_HYD,2,MJ1,293,7.6085653160950155,12.0243439996079,7.2464284489306632,0.91808873720136519,50.608179383234308,51.895909737530125,1,64.954895027223529,64.954895027223529,1,77.398531265599345,77.398531265599345
1168,TiDE_PHYS,0,ATU1,293,4.4643534614176685,7.2762411253143471,4.2175356278413698,0.95563139931740615,30.775352829817276,35.539300385358104,0.96245733788395904,39.499737727154653,45.352574697491143,0.97610921501706482,47.066840523363581,54.560723236083227
1168,TiDE_PHYS,0,ATU5,293,5.0237686821799947,6.3150356457872787,3.5529808079809952,0.85665529010238906,17.415680819432055,21.275465680501807,0.96245733788395904,22.352784337241019,26.185253067909848,0.97269624573378843,26.634985349049657,31.617190940137689
1168,TiDE_PHYS,0,MJ3,293,8.4256923949712377,13.497061511789079,7.8966711885472645,0.88054607508532423,52.157926638013578,57.100056186435076,0.97952218430034133,66.94397409467274,67.451643119622105,1,79.7686651612389,79.7686651612389
1168,TiDE_PHYS,0,MJ1,293,3.3933832225862575,4.2878245215658133,3.7766830560792992,1,35.771946746465119,35.771946746465119,1,45.912796590462662,45.912796590462662,1,54.708471484846072,54.708471484846072
1168,TiDE_PHYS,1,ATU1,293,4.4560439018711619,7.1298146617539286,4.1670800399758861,0.95221843003412965,30.775352829817276,35.686057816458423,0.96245733788395904,39.499737727154653,45.413717399194915,0.96928327645051193,47.066840523363581,53.828311937707575
1168,TiDE_PHYS,1,ATU5,293,5.4683583707064454,6.4370142286828047,3.6990213497749407,0.84641638225255977,17.415680819432055,20.902627888500355,0.94539249146757676,22.352784337241019,24.88169023369506,0.97952218430034133,26.634985349049657,28.821926694895538
1168,TiDE_PHYS,1,MJ3,293,8.4711724395169288,12.519346946009213,7.5204987451088678,0.92491467576791808,52.157926638013578,54.470843452098137,1,66.94397409467274,66.94397409467274,1,79.7686651612389,79.7686651612389
1168,TiDE_PHYS,1,MJ1,293,6.3413769032064637,9.4406522111961468,5.5152057959014753,0.87372013651877134,35.771946746465112,38.770562979526922,0.9965870307167235,45.912796590462676,45.944171273182221,1,54.708471484846086,54.708471484846086
1168,TiDE_PHYS,2,ATU1,293,5.6759563022284114,10.213195155683195,5.1668326589084517,0.92150170648464169,30.775352829817276,43.245374268216381,0.93515358361774747,39.499737727154638,58.003282451082569,0.94197952218430037,47.066840523363574,75.189979259024028
1168,TiDE_PHYS,2,ATU5,293,4.1381253963258109,7.6702534943898684,3.5274867134253429,0.91467576791808869,17.415680819432055,29.424580830786521,0.92150170648464169,22.352784337241019,42.398275338597571,0.92832764505119458,26.634985349049657,60.146430409375689
1168,TiDE_PHYS,2,MJ3,293,12.616052431544389,18.095006936121415,10.094041526691036,0.80204778156996592,52.157926638013578,69.661047469742101,0.89078498293515362,66.94397409467274,78.365866043865054,0.96245733788395904,79.7686651612389,84.181517777918529
1168,TiDE_PHYS,2,MJ1,293,7.6844658308141689,11.712207933392094,6.5407119125927311,0.80204778156996592,35.771946746465112,46.548657010170842,0.88395904436860073,45.912796590462676,51.390016294413918,0.98293515358361772,54.708471484846086,54.927599250960021
1168,TiDE_SPLIT,0,ATU1,293,3.531869498676135,6.8035323252846132,7.2904541489417474,0.9965870307167235,73.341535850667555,73.378840488639611,1,94.132842168467235,94.132842168467235,1,112.16619970892538,112.16619970892538
1168,TiDE_SPLIT,0,ATU5,293,6.8972507059593999,8.5892917178203572,8.3992672998641549,1,82.207814870697334,82.207814870697334,1,105.51258809188811,105.51258809188811,1,125.72600332771844,125.72600332771844
1168,TiDE_SPLIT,0,MJ3,293,10.854238843042127,15.120496431237889,8.5017067621887694,0.66211604095563137,25.244922706778652,64.24592204829743,0.70648464163822522,32.401507510709052,87.843386243026387,0.75767918088737196,38.608777538152935,115.77132723300598
1168,TiDE_SPLIT,0,MJ1,293,3.5047230852118765,5.4654812789202021,2.9833161763525102,0.79522184300341292,15.27110561363429,22.301419532808563,0.84300341296928327,19.600251859917307,26.041276200582193,0.92150170648464169,23.355140605763609,26.891568156966759
1168,TiDE_SPLIT,1,ATU1,293,4.4560167113452556,8.374591946687028,7.5906564733719346,0.99317406143344711,73.341535850667555,73.63133058670816,1,94.132842168467221,94.132842168467221,1,112.16619970892538,112.16619970892538
1168,TiDE_SPLIT,1,ATU5,293,6.9001828731675641,8.7260759244089812,8.4269318072965369,1,82.207814870697334,82.207814870697334,1,105.51258809188811,105.51258809188811,1,125.72600332771844,125.72600332771844
1168,TiDE_SPLIT,1,MJ3,293,10.917850450625416,15.950650474780856,8.7837264349694646,0.68600682593856654,25.244922706778652,68.486973065634103,0.7235494880546075,32.401507510709052,97.463360515619129,0.75085324232081907,38.608777538152935,136.32960068437083
1168,TiDE_SPLIT,1,MJ1,293,5.3762991343162145,8.0182774556174525,4.3844116942313756,0.69965870307167233,15.27110561363429,33.823206882094517,0.75085324232081907,19.600251859917307,44.69965479937121,0.79863481228668942,23.355140605763609,56.417252895102138
1168,TiDE_SPLIT,2,ATU1,293,4.9794381763102091,6.8781685797860002,7.3317315052661831,1,73.341535850667555,73.341535850667555,1,94.132842168467221,94.132842168467221,1,112.16619970892538,112.16619970892538
1168,TiDE_SPLIT,2,ATU5,293,7.2959868734952229,9.6848006333201155,8.6375415634782797,1,82.207814870697334,82.207814870697334,1,105.51258809188811,105.51258809188811,1,125.72600332771844,125.72600332771844
1168,TiDE_SPLIT,2,MJ3,293,11.126034186240371,15.166760208076807,8.5075187526455771,0.66894197952218426,25.244922706778652,63.977812171280178,0.71672354948805461,32.401507510709052,88.036393142081323,0.75767918088737196,38.608777538152935,117.12783296114806
1168,TiDE_SPLIT,2,MJ1,293,4.0284922951373225,5.7000190808413089,3.130568615696478,0.80546075085324231,15.27110561363429,22.515479379851975,0.85665529010238906,19.600251859917307,26.682232617099949,0.9112627986348123,23.355140605763609,28.896503972790281
1168,TiDE_BOUND,0,ATU1,293,4.1582731744657835,8.18955453132366,4.7687022900264662,0.94197952218430037,36.329244376027646,42.914700800783073,0.95563139931740615,46.628080354239835,54.68860946791424,0.96928327645051193,55.5607846589537,64.598201412622458
1168,TiDE_BOUND,0,ATU5,293,7.0283201708398675,7.8176882074339202,4.7076906768291744,1,30.137943391134971,30.137943391134971,1,38.68163156954256,38.68163156954256,1,46.092006910100281,46.092006910100281
1168,TiDE_BOUND,0,MJ3,293,7.6780718965565118,12.180157020383799,6.9756701604321831,0.58361774744027306,5.8145378919357427,64.006964707317124,0.60068259385665534,7.4628785900881667,117.16735972251328,0.61774744027303752,8.8925683221291365,217.29229118059143
1168,TiDE_BOUND,0,MJ1,293,4.5049516344760558,6.2383870413072149,4.0083760506869535,0.28327645051194539,2.7869531000731058,35.821572976791714,0.35153583617747441,3.5770155786519808,64.228923999318155,0.41979522184300339,4.2622769536583291,117.1685190250425
1168,TiDE_BOUND,1,ATU1,293,4.7062919389137825,7.4643983435867369,4.6492901072885564,0.95221843003412965,36.329244376027653,39.863394861062559,0.97269624573378843,46.628080354239835,49.875417463431525,0.98293515358361772,55.560784658953686,58.137040012785477
1168,TiDE_BOUND,1,ATU5,293,13.176324313468919,15.499596374513875,9.2458412916090111,0.60068259385665534,30.137943391134971,57.46989323270121,0.69283276450511944,38.68163156954256,63.166001983970212,0.87030716723549484,46.092006910100281,64.256503064375195
1168,TiDE_BOUND,1,MJ3,293,8.9163951716690502,14.150055185016138,8.2493136002709466,0.53924914675767921,5.8145378919357427,76.537087077369463,0.57679180887372017,7.4628785900881667,141.70887754419149,0.59385665529010234,8.8925683221291365,265.52670768188375
1168,TiDE_BOUND,1,MJ1,293,3.1264973946986867,4.1367819476305598,2.6412021621496775,0.3174061433447099,2.7869531000731058,22.206870412170851,0.39249146757679182,3.5770155786519808,37.339226879432921,0.46416382252559729,4.2622769536583291,63.969023996191055
1168,TiDE_BOUND,2,ATU1,293,6.6551741682846606,9.0449594806976972,5.2742634193721649,0.94880546075085326,36.329244376027646,41.423440600291578,0.96245733788395904,46.628080354239835,52.082798661414422,0.97269624573378843,55.5607846589537,60.68521854998999
1168,TiDE_BOUND,2,ATU5,293,5.8296236562527541,7.5155468883700758,4.4622662798464647,0.96245733788395904,30.137943391134971,32.592578196458916,0.97269624573378843,38.68163156954256,40.846857355631855,0.98634812286689422,46.092006910100281,47.483691346087845
1168,TiDE_BOUND,2,MJ3,293,14.846312265315118,18.310466832897834,13.587867663051233,0.020477815699658702,5.8145378919357427,125.49388438552261,0.034129692832764506,7.4628785900881667,230.79604359400022,0.04778156996587031,8.8925683221291365,428.03035250336939
1168,TiDE_BOUND,2,MJ1,293,9.8219806130807328,11.787887268430303,9.2128207528757464,0.0068259385665529011,2.7869531000731058,87.135458472854694,0.013651877133105802,3.5770155786519808,164.44697980434785,0.017064846416382253,4.2622769536583291,312.52314910924389
1168,TiDE_KIN,0,ATU1,293,4.2287987864002261,6.5956806378779511,3.4388524016750139,0.54948805460750849,5.8960247020281713,27.498021593151215,0.62457337883959041,7.5674657785660884,43.959531265781742,0.65870307167235498,9.0171916438047219,71.497708497153354
1168,TiDE_KIN,0,ATU5,293,5.830788638429917,7.1296021036603516,4.363815802434349,0.51877133105802042,10.355472339667813,30.930370156602102,0.60068259385665534,13.29110485652609,41.341932221555837,0.68941979522184305,15.837328262343362,53.75270493564777
1168,TiDE_KIN,0,MJ3,293,7.7242593538283293,12.064246043338597,6.5860776322390775,0.66211604095563137,16.089123575065969,54.566114063056801,0.68941979522184305,20.65016654688543,82.89168244511373,0.71672354948805461,24.606191118453353,125.80198923352475
1168,TiDE_KIN,0,MJ1,293,3.3289509476808958,4.0693102423608556,2.4603039328153984,0.52901023890784982,5.7986337158033621,16.830815846939874,0.65870307167235498,7.4424658010145786,22.81298420866591,0.76450511945392496,8.8682449837160675,31.411369568837031
1168,TiDE_KIN,1,ATU1,293,4.9591797631910799,9.0159314695989305,4.2120048798926346,0.56313993174061439,5.8960247020281713,35.522209028226946,0.6313993174061433,7.5674657785660884,60.120936521347041,0.68259385665529015,9.0171916438047219,104.03790668078935
1168,TiDE_KIN,1,ATU5,293,4.1213745310451673,5.4446279628286041,2.9606627288370722,0.69624573378839594,10.355472339667813,18.242319401996085,0.89078498293515362,13.29110485652609,23.081704187319982,0.94880546075085326,15.837328262343362,31.658779291069173
1168,TiDE_KIN,1,MJ3,293,8.4913945430786981,13.537235758154591,7.4325617886432731,0.65187713310580209,16.089123575065969,62.923916501776404,0.67576791808873715,20.65016654688543,99.025174559621732,0.69283276450511944,24.606191118453353,156.2636974476421
1168,TiDE_KIN,1,MJ1,293,3.6745360327240859,5.6728364541792944,3.0960585294801666,0.68941979522184305,5.7986337158033621,26.088649168499987,0.70307167235494883,7.4424658010145786,43.037527773260749,0.71331058020477811,8.8682449837160675,71.802624740362575
1168,TiDE_KIN,2,ATU1,293,4.5902885276401202,6.6329201081695208,3.7064810845490497,0.4948805460750853,5.8960247020281713,29.359306885476059,0.58703071672354945,7.5674657785660884,46.893902321133133,0.64163822525597269,9.0171916438047237,76.393043456402253
1168,TiDE_KIN,2,ATU5,293,3.9993440060536356,5.3093895186955953,2.8312995296001491,0.76450511945392496,10.355472339667813,18.124111284631972,0.88054607508532423,13.29110485652609,23.876057991983309,0.91467576791808869,15.837328262343362,31.742502632026305
1168,TiDE_KIN,2,MJ3,293,10.468822421003482,14.417777265151855,8.4441421486235235,0.61092150170648463,16.089123575065969,67.507967555384326,0.64846416382252559,20.65016654688543,106.56170503546748,0.66552901023890787,24.606191118453353,169.16897959181992
1168,TiDE_KIN,2,MJ1,293,3.2415692160433411,4.9140866865549544,2.6610647068815445,0.69283276450511944,5.7986337158033621,21.619152693190692,0.7235494880546075,7.4424658010145786,34.290324989213516,0.74744027303754268,8.8682449837160675,54.973325126573727
1168,TiDE_CAL,0,ATU1,293,17.037515881221811,19.969202013756902,12.029987026130021,1,77.945806358613112,77.945806358613112,1,100.04235938812087,100.04235938812087,1,119.20782379435057,119.20782379435057
1168,TiDE_CAL,0,ATU5,293,28.275505583944657,30.919232931406551,18.332514856285609,0.79180887372013653,77.88083558242171,84.477416192962664,1,99.958970299661587,99.958970299661587,1,119.10845956679508,119.10845956679508
1168,TiDE_CAL,0,MJ3,293,9.290547738209888,10.065495016755253,6.4914934212621898,0.30375426621160412,16.422738315861352,38.952508387310225,0.51535836177474403,21.078356431049997,37.583596531729654,0.9078498293515358,25.116410835123588,35.168722355946514
1168,TiDE_CAL,0,MJ1,293,7.4602844787874352,8.1871297345084226,4.7912168894641542,0.88737201365187712,24.419297136406168,25.451061965955066,1,31.341828563374758,31.341828563374758,1,37.346092191615767,37.346092191615767
1168,TiDE_CAL,1,ATU1,293,6.3518519414594996,7.9348760138414267,7.9199418161138322,1,77.945806358613126,77.945806358613126,1,100.04235938812087,100.04235938812087,1,119.20782379435057,119.20782379435057
1168,TiDE_CAL,1,ATU5,293,17.951411467999908,20.010914107981844,12.066650056890017,0.9965870307167235,77.88083558242171,77.88368928216731,1,99.958970299661587,99.958970299661587,1,119.10845956679508,119.10845956679508
1168,TiDE_CAL,1,MJ3,293,7.8309314279088422,10.697379586983589,6.0839262098392863,0.6450511945392492,16.422738315861352,45.473504417179356,0.71331058020477811,21.078356431049997,64.463920582462052,0.74744027303754268,25.116410835123588,89.767680336483636
1168,TiDE_CAL,1,MJ1,293,6.1420227502203772,7.2203073783218983,4.2368072095607845,0.98293515358361772,24.419297136406161,24.48752801105249,1,31.341828563374751,31.341828563374751,1,37.346092191615767,37.346092191615767
1168,TiDE_CAL,2,ATU1,293,17.684396219374996,20.191781290074115,12.159101311007293,1,77.945806358613112,77.945806358613112,1,100.04235938812087,100.04235938812087,1,119.20782379435057,119.20782379435057
1168,TiDE_CAL,2,ATU5,293,25.778887132304327,27.809509116807135,16.419565359972946,0.98976109215017061,77.88083558242171,77.973612869769184,1,99.958970299661587,99.958970299661587,1,119.10845956679508,119.10845956679508
1168,TiDE_CAL,2,MJ3,293,8.0811078211886542,9.2864035923670034,5.603390926567994,0.5460750853242321,16.422738315861352,32.6506986269831,0.79522184300341292,21.078356431049997,39.055462452170175,0.87372013651877134,25.116410835123588,48.495331969561299
1168,TiDE_CAL,2,MJ1,293,7.5244343974215315,8.6574833712023604,5.0612039010191578,0.88737201365187712,24.419297136406165,25.428688682846268,1,31.341828563374758,31.341828563374758,1,37.346092191615767,37.346092191615767
1168,TiDE_HCAL,0,ATU1,293,22.61427243333079,24.56315048566114,14.619826269420203,0.95563139931740615,90.555471429149065,93.820811741178247,0.9965870307167235,116.22668929224018,116.27465756288602,1,138.49264233761434,138.49264233761434
1168,TiDE_HCAL,0,ATU5,293,18.082339059241072,19.097093633600959,11.728093741658554,0.98976109215017061,79.398055895492917,79.468253732686492,1,101.90630148939726,101.90630148939726,1,121.42884779789098,121.42884779789098
1168,TiDE_HCAL,0,MJ3,293,14.885727355756536,18.959037546291345,11.90564456689007,0.47781569965870307,18.286445907407597,93.668728350081352,0.58703071672354945,23.470399228196129,151.03563143716559,0.61774744027303752,27.966705630395609,247.01599358236459
1168,TiDE_HCAL,0,MJ1,293,12.067173529346062,12.662285795990364,7.898315215042329,0.56655290102389078,24.493556614651197,38.516765205644717,0.8225255972696246,31.437139571851507,39.783620683743464,0.94880546075085326,37.459662263069958,39.595474497302277
1168,TiDE_HCAL,1,ATU1,293,14.244203720576063,16.49094996599603,11.224874597159062,1,90.55547142914908,90.55547142914908,1,116.22668929224021,116.22668929224021,1,138.49264233761434,138.49264233761434
1168,TiDE_HCAL,1,ATU5,293,17.490607965833455,20.7789547244045,12.405733807642143,0.9965870307167235,79.398055895492917,79.423412874801144,1,101.90630148939726,101.90630148939726,1,121.42884779789098,121.42884779789098
1168,TiDE_HCAL,1,MJ3,293,5.907964889388154,7.9572791269171361,4.3638711659059997,0.80546075085324231,18.286445907407597,29.986036945029298,0.84982935153583616,23.470399228196129,38.027756046047941,0.89761092150170652,27.966705630395609,45.631295831574214
1168,TiDE_HCAL,1,MJ1,293,5.2992752542479513,6.1588907032012408,3.7214867046440872,0.9965870307167235,24.493556614651204,24.506411764495265,1,31.437139571851489,31.437139571851489,1,37.459662263069944,37.459662263069944
1168,TiDE_HCAL,2,ATU1,293,21.42359790606282,23.106677482053744,13.97153394490655,0.98293515358361772,90.555471429149065,91.160373024140199,1,116.22668929224018,116.22668929224018,1,138.49264233761434,138.49264233761434
1168,TiDE_HCAL,2,ATU5,293,18.049529311582894,19.424418007012115,11.883834602206004,0.9965870307167235,79.398055895492917,79.439229750738875,1,101.90630148939726,101.90630148939726,1,121.42884779789098,121.42884779789098
1168,TiDE_HCAL,2,MJ3,293,16.736569756714029,20.155709109933969,13.591084670954732,0.30034129692832767,18.286445907407597,109.02358252126002,0.38566552901023893,23.470399228196129,170.77196706912849,0.44368600682593856,27.966705630395609,269.92330165552329
1168,TiDE_HCAL,2,MJ1,293,10.175906531214514,11.648510942688571,6.8751251862322622,0.70989761092150172,24.493556614651197,40.768571430214138,0.80204778156996592,31.437139571851507,46.385750640683121,0.86689419795221845,37.459662263069958,47.546354660193309
