origin,seed,arm,step,point,initial_residual_mm,true_residual_mean_mm,residual_change_mean_mm,correction_mean_mm,correction_first_mm,correction_last_mm,forecast_bias_mm,forecast_rmse_mm,correction_energy_mm2,residual_alignment_mm2,delta_mse_mm2,opposite_sign_fraction
612,0,GRU_LOCAL,0,ATU1,0.0085362289362933552,-4.2811793661703978,-4.2897155951066912,0,0,0,4.2811793661703978,9.2748333845426885,0,0,0,
612,0,GRU_LOCAL,0,ATU5,0.00077395529689283649,-4.5944399430462965,-4.5952138983431894,0,0,0,4.5944399430462965,10.799758932894493,0,0,0,
612,0,GRU_LOCAL,0,MJ3,-0.0069391467013701913,-77.770519649130975,-77.763580502429605,0,0,0,77.770519649130975,89.384443868005675,0,0,0,
612,0,GRU_LOCAL,0,MJ1,-0.0031906685073863628,-22.675567795383593,-22.672377126876206,0,0,0,22.675567795383593,30.339156668468313,0,0,0,
612,0,GRU_LOCAL,50,ATU1,0.0085362289362933552,-4.2811793661703978,-4.2897155951066912,0.43010489642118505,-0.48675379881979097,-4.6010641319739989,4.7112842625915832,9.930266043001124,9.9959505549182861,-1.2958494094176678,12.587649373753621,0.50853242320819114
612,0,GRU_LOCAL,50,ATU5,0.00077395529689283649,-4.5944399430462965,-4.5952138983431894,3.785426929429371,2.0091681709567979,-1.3737588839296677,8.3798668724756666,11.974821150618476,29.80135871634808,1.519905067841455,26.761548580665192,0.54948805460750849
612,0,GRU_LOCAL,50,MJ3,-0.0069391467013701913,-77.770519649130975,-77.763580502429605,-0.66271344194757431,-1.4929490985605298,-3.6478307662293901,77.107806207183401,88.759425401706238,4.8532146432727137,58.098211297437487,-111.34320795160329,0.37542662116040953
612,0,GRU_LOCAL,50,MJ1,-0.0031906685073863628,-22.675567795383593,-22.672377126876206,-1.1112959616238627,-2.474718014898599,-3.679506879449832,21.564271833759729,29.633013873285304,4.4969365238928987,23.422926331719456,-42.348916139545963,0.43344709897610922
612,0,GRU_LOCAL,100,ATU1,0.0085362289362933552,-4.2811793661703978,-4.2897155951066912,3.1748611092371855,2.9163006449859381,-1.3524718050382489,7.4560404754075833,11.586340328338091,18.210116709720786,-15.005315591662635,48.220747893046052,0.57337883959044367
612,0,GRU_LOCAL,100,ATU5,0.00077395529689283649,-4.5944399430462965,-4.5952138983431894,6.9864240433984088,5.8924104685559655,2.7248563575891467,11.580863986444708,14.618310505298526,60.828666705910884,-18.115771157387943,97.060209020686813,0.64846416382252559
612,0,GRU_LOCAL,100,MJ3,-0.0069391467013701913,-77.770519649130975,-77.763580502429605,0.76883453758777642,0.43131373571418408,-1.8024703019266326,78.539354186718754,90.020167861972226,3.8914836108495972,-55.080166347074289,114.05181630499828,0.52559726962457343
612,0,GRU_LOCAL,100,MJ1,-0.0031906685073863628,-22.675567795383593,-22.672377126876206,-0.56278187962699333,-1.7249534859581672,-2.9645912287645615,22.112785915756596,30.113708980133612,3.3437381061502798,8.4863484599177905,-13.628958813685585,0.53242320819112632
612,0,GRU_LOCAL,200,ATU1,0.0085362289362933552,-4.2811793661703978,-4.2897155951066912,4.3799979198632109,4.8787179380587986,0.096601753226309484,8.6611772860336096,12.588032912400099,26.323861079498673,-23.056088606570917,72.436038292640518,0.6313993174061433
612,0,GRU_LOCAL,200,ATU5,0.00077395529689283649,-4.5944399430462965,-4.5952138983431894,8.3436204437498755,8.3454099649750901,4.6529037614170647,12.938060386796172,15.874683146047589,79.022147569710995,-28.174312204530985,135.37077197877301,0.64846416382252559
612,0,GRU_LOCAL,200,MJ3,-0.0069391467013701913,-77.770519649130975,-77.763580502429605,0.52732881488824968,0.5909605719962201,-2.2930799987873343,78.297848464019239,89.790237365651606,3.4359463346618773,-34.635987126368533,72.707920587399713,0.49829351535836175
612,0,GRU_LOCAL,200,MJ1,-0.0031906685073863628,-22.675567795383593,-22.672377126876206,-0.37369360372031923,-0.87063932266710253,-2.7584570237405615,22.301874191663273,30.249618323199794,2.9736186103812909,4.199318632491007,-5.4250186546006489,0.50853242320819114
612,0,GRU_GRAPH,0,ATU1,0.0085362289362933552,-4.2811793661703978,-4.2897155951066912,0,0,0,4.2811793661703978,9.2748333845426885,0,0,0,
612,0,GRU_GRAPH,0,ATU5,0.00077395529689283649,-4.5944399430462965,-4.5952138983431894,0,0,0,4.5944399430462965,10.799758932894493,0,0,0,
612,0,GRU_GRAPH,0,MJ3,-0.0069391467013701913,-77.770519649130975,-77.763580502429605,0,0,0,77.770519649130975,89.384443868005675,0,0,0,
612,0,GRU_GRAPH,0,MJ1,-0.0031906685073863628,-22.675567795383593,-22.672377126876206,0,0,0,22.675567795383593,30.339156668468313,0,0,0,
612,0,GRU_GRAPH,50,ATU1,0.0085362289362933552,-4.2811793661703978,-4.2897155951066912,0.27801358461618991,-0.62212767339229913,-4.7680346842153654,4.5591929507865876,9.8505045284191066,9.9454602823806226,-0.53222243549856185,11.009905153377758,0.50853242320819114
612,0,GRU_GRAPH,50,ATU5,0.00077395529689283649,-4.5944399430462965,-4.5952138983431894,3.6038316348432207,1.8385599031051356,-1.5852818390210359,8.1982715778895177,11.836755742456566,28.57633294222337,2.5511697221396568,23.473993497944093,0.50170648464163825
612,0,GRU_GRAPH,50,MJ3,-0.0069391467013701913,-77.770519649130975,-77.763580502429605,-0.82136803653355184,-1.6432682413985731,-3.8484912998894742,76.949151612597433,88.611361111277546,5.1661120244824401,71.38579981195484,-137.60548759942685,0.3651877133105802
612,0,GRU_GRAPH,50,MJ1,-0.0031906685073863628,-22.675567795383593,-22.672377126876206,-1.149294613692508,-2.5175484012046354,-3.7177343965907994,21.526273181691085,29.60746577378303,4.6056484144042233,24.234023111267891,-43.862397808131732,0.43003412969283278
612,0,GRU_GRAPH,100,ATU1,0.0085362289362933552,-4.2811793661703978,-4.2897155951066912,3.0300231639455579,2.8023379508940707,-1.5079303345300445,7.3112025301159571,11.486217468436113,17.370507634057049,-14.27007489356115,45.910657421179337,0.57679180887372017
612,0,GRU_GRAPH,100,ATU5,0.00077395529689283649,-4.5944399430462965,-4.5952138983431894,6.8808132210721453,5.8143389434432606,2.6087974812811581,11.475253164118442,14.526099246769252,59.393572975177825,-17.489596671588998,94.372766318355843,0.64846416382252559
612,0,GRU_GRAPH,100,MJ3,-0.0069391467013701913,-77.770519649130975,-77.763580502429605,0.72576091523229347,0.41919824562705799,-1.8495144088456072,78.496280564363261,89.973736845560225,3.8356633006082705,-50.929426530426717,105.69451636146277,0.52218430034129693
612,0,GRU_GRAPH,100,MJ1,-0.0031906685073863628,-22.675567795383593,-22.672377126876206,-0.69511080650315471,-1.8742924638025897,-3.1017336280029895,21.980456988880437,30.022880623594055,3.5615859156621541,11.326326165474056,-19.091066415285923,0.51535836177474403
612,0,GRU_GRAPH,200,ATU1,0.0085362289362933552,-4.2811793661703978,-4.2897155951066912,4.227944972739377,4.7443607192499258,-0.072437187527782498,8.509124338909773,12.483161829279329,25.07612318688702,-22.365335879030916,69.806794944948848,0.62457337883959041
612,0,GRU_GRAPH,200,ATU5,0.00077395529689283649,-4.5944399430462965,-4.5952138983431894,8.2385235083161756,8.2526964244144096,4.539660796946464,12.832963451362472,15.784754732735696,77.287520776304618,-27.61808409384145,132.52368896398752,0.64846416382252559
612,0,GRU_GRAPH,200,MJ3,-0.0069391467013701913,-77.770519649130975,-77.763580502429605,0.51978981655413392,0.60576226852003856,-2.2907234781364423,78.290309465685112,89.779249214318014,3.4156559724277962,-33.659563960767514,70.73478389396314,0.49829351535836175
612,0,GRU_GRAPH,200,MJ1,-0.0031906685073863628,-22.675567795383593,-22.672377126876206,-0.55977093586310511,-1.0887628633187205,-2.9628158222812999,22.11579685952049,30.125547280091226,3.2293818262923519,8.0726051275727322,-12.915828428853388,0.48805460750853241
612,0,COND_ATTN,0,ATU1,0.0085362289362933552,-4.2811793661703978,-4.2897155951066912,0,0,0,4.2811793661703978,9.2748333845426885,0,0,0,
612,0,COND_ATTN,0,ATU5,0.00077395529689283649,-4.5944399430462965,-4.5952138983431894,0,0,0,4.5944399430462965,10.799758932894493,0,0,0,
612,0,COND_ATTN,0,MJ3,-0.0069391467013701913,-77.770519649130975,-77.763580502429605,0,0,0,77.770519649130975,89.384443868005675,0,0,0,
612,0,COND_ATTN,0,MJ1,-0.0031906685073863628,-22.675567795383593,-22.672377126876206,0,0,0,22.675567795383593,30.339156668468313,0,0,0,
612,0,COND_ATTN,50,ATU1,0.0085362289362933552,-4.2811793661703978,-4.2897155951066912,22.846450935620425,24.795465273915966,24.234240888606507,27.127630301790823,27.968399839822858,532.9506330863162,-81.629111101429757,696.20885528917563,0.6313993174061433
612,0,COND_ATTN,50,ATU5,0.00077395529689283649,-4.5944399430462965,-4.5952138983431894,71.516247263928548,79.365395049179313,77.669117653673652,76.110687206974831,77.33921492662634,5254.8040821167606,-304.95764517075304,5864.7193724582676,0.64846416382252559
612,0,COND_ATTN,50,MJ3,-0.0069391467013701913,-77.770519649130975,-77.763580502429605,-8.0001750510238789,-8.2498117953209658,-8.4839911627027504,69.770344598107101,82.930084918114019,66.312557052369186,589.24618905971238,-1112.1798210670559,0
612,0,COND_ATTN,50,MJ1,-0.0031906685073863628,-22.675567795383593,-22.672377126876206,-11.653592828906795,-12.752395156598823,-12.437725274282229,11.021974966476794,23.792429899523448,139.69095419161977,247.03783051087376,-354.38470683012793,0.19453924914675769
612,0,COND_ATTN,100,ATU1,0.0085362289362933552,-4.2811793661703978,-4.2897155951066912,23.162694842003518,23.80551926994508,24.292102678629306,27.443874208173916,28.278057467810026,545.30496179863064,-84.160519021553895,713.62599984173869,0.6313993174061433
612,0,COND_ATTN,100,ATU5,0.00077395529689283649,-4.5944399430462965,-4.5952138983431894,66.212538602195536,72.247651065653088,73.096492296019505,70.806978545241833,72.040445852586004,4518.910135309211,-277.14045516076499,5073.1910456307414,0.64846416382252559
612,0,COND_ATTN,100,MJ3,-0.0069391467013701913,-77.770519649130975,-77.763580502429605,-8.3542084522747313,-8.0434553561158282,-9.2904825509026523,69.416311196856256,82.705099291862453,75.956928002788402,612.7011423593101,-1149.4453567158307,0
612,0,COND_ATTN,100,MJ1,-0.0031906685073863628,-22.675567795383593,-22.672377126876206,-12.484558699766408,-12.934304399099233,-13.645877545978919,10.191009095617181,23.550319253799632,162.82576873428459,264.33632956613206,-365.84689039797968,0.19453924914675769
612,0,COND_ATTN,200,ATU1,0.0085362289362933552,-4.2811793661703978,-4.2897155951066912,24.393551598369317,25.17977249007447,23.64949688061364,28.674730964539716,29.52216382364211,600.00125306136079,-92.767184728787186,785.53562251893527,0.6313993174061433
612,0,COND_ATTN,200,ATU5,0.00077395529689283649,-4.5944399430462965,-4.5952138983431894,69.744605090117588,70.465817047153394,74.800010695807373,74.339045033163899,75.121433956371945,4927.3958626392514,-299.59959200683249,5526.5950466529175,0.64846416382252559
612,0,COND_ATTN,200,MJ3,-0.0069391467013701913,-77.770519649130975,-77.763580502429605,-9.3132545660333275,-5.0915814475183652,-11.345688126936466,68.457265083097653,81.188574638960219,93.665505428238944,745.82982955744126,-1397.9941536866427,0
612,0,COND_ATTN,200,MJ1,-0.0031906685073863628,-22.675567795383593,-22.672377126876206,-13.936318954319768,-9.596965444170678,-15.996356024173679,8.7392488410638212,21.937820367869762,201.8641970884982,320.53033097472098,-439.19646486094393,0.19453924914675769
612,1,GRU_LOCAL,0,ATU1,0.0085362289362933552,-4.2811793661703978,-4.2897155951066912,0,0,0,4.2811793661703978,9.2748333845426885,0,0,0,
612,1,GRU_LOCAL,0,ATU5,0.00077395529689283649,-4.5944399430462965,-4.5952138983431894,0,0,0,4.5944399430462965,10.799758932894493,0,0,0,
612,1,GRU_LOCAL,0,MJ3,-0.0069391467013701913,-77.770519649130975,-77.763580502429605,0,0,0,77.770519649130975,89.384443868005675,0,0,0,
612,1,GRU_LOCAL,0,MJ1,-0.0031906685073863628,-22.675567795383593,-22.672377126876206,0,0,0,22.675567795383593,30.339156668468313,0,0,0,
612,1,GRU_LOCAL,50,ATU1,0.0085362289362933552,-4.2811793661703978,-4.2897155951066912,-1.9851714513274399,1.924127345053364,-1.9787051451635875,2.2960079148429577,8.84405630235789,15.135605162468602,11.470403797109931,-7.8052024317512689,0.36860068259385664
612,1,GRU_LOCAL,50,ATU5,0.00077395529689283649,-4.5944399430462965,-4.5952138983431894,-3.8457253115475134,-0.66178776857429966,-4.1618935680083951,0.74871463149878403,9.3526444986707631,21.579431080491037,25.371132485304486,-29.162833890117923,0.29692832764505117
612,1,GRU_LOCAL,50,MJ3,-0.0069391467013701913,-77.770519649130975,-77.763580502429605,-5.7002103667350674,-3.0444137199608576,-6.3391449186642603,72.070309282395897,84.08196418214807,35.713755626125483,477.7579302453762,-919.80210486462693,0
612,1,GRU_LOCAL,50,MJ1,-0.0031906685073863628,-22.675567795383593,-22.672377126876206,-2.7273133947807007,-1.1399528241856842,-3.2327006672525158,19.948254400602888,28.073588657801604,8.9796335794011508,70.65884040290976,-132.33804722641844,0.20136518771331058
612,1,GRU_LOCAL,100,ATU1,0.0085362289362933552,-4.2811793661703978,-4.2897155951066912,1.8067221995251903,5.6306740273504943,1.4397156747657505,6.0879015656955886,10.626618200702714,12.778597345488969,-7.0619413634948254,26.90248007247861,0.45733788395904434
612,1,GRU_LOCAL,100,ATU5,0.00077395529689283649,-4.5944399430462965,-4.5952138983431894,-0.55404361634895605,1.9527350353968131,-1.9169972536305977,4.0403963266973424,10.066725794708283,5.6150271111589731,10.455425946974131,-15.295824782789282,0.28668941979522183
612,1,GRU_LOCAL,100,MJ3,-0.0069391467013701913,-77.770519649130975,-77.763580502429605,-3.9662623463055779,-1.5058055010872522,-5.4742295823662062,73.804257302825391,85.575580660850761,18.332346472887831,342.36557331188561,-666.39880015088238,0
612,1,GRU_LOCAL,100,MJ1,-0.0031906685073863628,-22.675567795383593,-22.672377126876206,-2.3638662914983839,-1.0564247519906758,-3.7045551227123497,20.311701503885207,28.390983918518224,7.2883907021645484,60.852425097234622,-114.41645949230497,0.21843003412969283
612,1,GRU_LOCAL,200,ATU1,0.0085362289362933552,-4.2811793661703978,-4.2897155951066912,4.8126328692757649,7.9438618605776128,3.9945427937985301,9.0938122354461637,12.818225659288666,28.32193111524856,-24.981221813085089,78.284374741418759,0.61433447098976113
612,1,GRU_LOCAL,200,ATU5,0.00077395529689283649,-4.5944399430462965,-4.5952138983431894,3.4462279862854444,5.1870675612927357,1.3737681641282506,8.0406679293317396,12.61402301469092,16.986488165585442,-12.746147720466164,42.478783606517823,0.62798634812286691
612,1,GRU_LOCAL,200,MJ3,-0.0069391467013701913,-77.770519649130975,-77.763580502429605,-2.0042017959473766,-0.045582485858631117,-4.5876225062747835,75.766317853183622,87.340769904062611,6.3335374182713711,183.75112778826008,-361.16871815824834,0.10921501706484642
612,1,GRU_LOCAL,200,MJ1,-0.0031906685073863628,-22.675567795383593,-22.672377126876206,-2.5286070644216054,-1.6212757587051101,-5.2693387611465141,20.146960730961986,28.382808844368,9.1939623878126771,62.037275922871785,-114.88058945793091,0.29692832764505117
612,1,GRU_GRAPH,0,ATU1,0.0085362289362933552,-4.2811793661703978,-4.2897155951066912,0,0,0,4.2811793661703978,9.2748333845426885,0,0,0,
612,1,GRU_GRAPH,0,ATU5,0.00077395529689283649,-4.5944399430462965,-4.5952138983431894,0,0,0,4.5944399430462965,10.799758932894493,0,0,0,
612,1,GRU_GRAPH,0,MJ3,-0.0069391467013701913,-77.770519649130975,-77.763580502429605,0,0,0,77.770519649130975,89.384443868005675,0,0,0,
612,1,GRU_GRAPH,0,MJ1,-0.0031906685073863628,-22.675567795383593,-22.672377126876206,0,0,0,22.675567795383593,30.339156668468313,0,0,0,
612,1,GRU_GRAPH,50,ATU1,0.0085362289362933552,-4.2811793661703978,-4.2897155951066912,-2.1003661346919067,1.8427354921125811,-2.0886706981581256,2.1808132314784925,8.8015518264111829,15.568002391514261,12.061611074769896,-8.5552197580255438,0.36860068259385664
612,1,GRU_GRAPH,50,ATU5,0.00077395529689283649,-4.5944399430462965,-4.5952138983431894,-3.9931888003940932,-0.77737425836352259,-4.3162986121263884,0.60125114265220359,9.341335999873964,22.708323213980773,26.04127898003695,-29.374234746093109,0.29692832764505117
612,1,GRU_GRAPH,50,MJ3,-0.0069391467013701913,-77.770519649130975,-77.763580502429605,-5.8793326475251124,-3.1731650711408292,-6.5130311459583936,71.891187001605871,83.920696470903252,37.810807189964635,492.35315831057454,-946.89550943118411,0
612,1,GRU_GRAPH,50,MJ1,-0.0031906685073863628,-22.675567795383593,-22.672377126876206,-2.715563675612179,-1.1409892865292477,-3.2256983271189483,19.960004119771408,28.085696374892116,8.9063753434426527,70.282230917339945,-131.65808649123721,0.20136518771331058
612,1,GRU_GRAPH,100,ATU1,0.0085362289362933552,-4.2811793661703978,-4.2897155951066912,1.5774570373179806,5.4538677662302462,1.182297693847886,5.8586364034883793,10.487581398638467,12.038200733277581,-5.9643142743812199,23.96682928204001,0.45051194539249145
612,1,GRU_GRAPH,100,ATU5,0.00077395529689283649,-4.5944399430462965,-4.5952138983431894,-0.86605474083040457,1.6586149371746046,-2.288743374714727,3.7283852022158914,9.9286231162161442,6.1335786802946091,12.09540735253373,-18.057236024772834,0.25938566552901021
612,1,GRU_GRAPH,100,MJ3,-0.0069391467013701913,-77.770519649130975,-77.763580502429605,-4.2698585072490456,-1.7312012709774081,-5.7760135896462543,73.500661141881949,85.303847249359379,20.919947145216401,366.87619859791891,-712.83245005062054,0
612,1,GRU_GRAPH,100,MJ1,-0.0031906685073863628,-22.675567795383593,-22.672377126876206,-2.4891239007926536,-1.2187153534325716,-3.8551187506222959,20.186443894590941,28.311714389718155,7.9201795914646427,63.415717630177809,-118.91125566889116,0.21501706484641639
612,1,GRU_GRAPH,200,ATU1,0.0085362289362933552,-4.2811793661703978,-4.2897155951066912,4.5759131474968315,7.7797876851086585,3.7143777046001105,8.8570925136672312,12.66874820440713,26.155673988481681,-24.159486383579821,74.474646755641317,0.61433447098976113
612,1,GRU_GRAPH,200,ATU5,0.00077395529689283649,-4.5944399430462965,-4.5952138983431894,3.1328752183979836,4.8898160811556295,1.0108363306610499,7.7273151614442801,12.432214480833892,15.257684582044844,-11.333739653388326,37.925163888821515,0.61774744027303752
612,1,GRU_GRAPH,200,MJ3,-0.0069391467013701913,-77.770519649130975,-77.763580502429605,-2.4388307535374145,-0.36727998404353457,-5.0427745985170986,75.331688895593572,86.954003609032142,8.443213509878909,218.51163773148187,-428.58006195308371,0.061433447098976107
612,1,GRU_GRAPH,200,MJ1,-0.0031906685073863628,-22.675567795383593,-22.672377126876206,-2.805457936051543,-1.9591219658422006,-5.581694961131916,19.870109859332047,28.213351440573202,10.830605272990208,67.650916558780693,-124.47122784457133,0.2764505119453925
612,1,COND_ATTN,0,ATU1,0.0085362289362933552,-4.2811793661703978,-4.2897155951066912,0,0,0,4.2811793661703978,9.2748333845426885,0,0,0,
612,1,COND_ATTN,0,ATU5,0.00077395529689283649,-4.5944399430462965,-4.5952138983431894,0,0,0,4.5944399430462965,10.799758932894493,0,0,0,
612,1,COND_ATTN,0,MJ3,-0.0069391467013701913,-77.770519649130975,-77.763580502429605,0,0,0,77.770519649130975,89.384443868005675,0,0,0,
612,1,COND_ATTN,0,MJ1,-0.0031906685073863628,-22.675567795383593,-22.672377126876206,0,0,0,22.675567795383593,30.339156668468313,0,0,0,
612,1,COND_ATTN,50,ATU1,0.0085362289362933552,-4.2811793661703978,-4.2897155951066912,22.049308941160589,26.744695345394291,23.095737230268867,26.330488307330988,27.151390277257359,504.9134646269892,-73.130997524964428,651.17545967691797,0.6313993174061433
612,1,COND_ATTN,50,ATU5,0.00077395529689283649,-4.5944399430462965,-4.5952138983431894,62.461024277591655,81.647348956309941,74.484360997146609,67.05546422063793,70.452996328056244,4352.8065004157233,-247.0916990883749,4846.9898985924729,0.64163822525597269
612,1,COND_ATTN,50,MJ3,-0.0069391467013701913,-77.770519649130975,-77.763580502429605,-6.8525070943998996,-8.9512173542163964,-8.1427408805773211,70.918012554731078,83.901858430777551,51.513336594448212,500.78514702443482,-950.05695745442063,0.0034129692832764505
612,1,COND_ATTN,50,MJ1,-0.0031906685073863628,-22.675567795383593,-22.672377126876206,-10.309270515620632,-13.050593306304336,-11.756842995460374,12.366297279762961,24.796857066151762,113.55944254006471,209.56987476738462,-305.58030699470464,0.19453924914675769
612,1,COND_ATTN,100,ATU1,0.0085362289362933552,-4.2811793661703978,-4.2897155951066912,21.686685406397125,26.531599367731758,24.006459760436599,25.967864772567523,26.882036200504849,496.28816564582525,-70.166585164200143,636.62133597422564,0.6313993174061433
612,1,COND_ATTN,100,ATU5,0.00077395529689283649,-4.5944399430462965,-4.5952138983431894,54.563369678894603,74.876454830022396,70.446993588730379,59.157809621940892,63.773784142839247,3505.70787328081,-222.37643880400492,3950.4607508888198,0.6348122866894198
612,1,COND_ATTN,100,MJ3,-0.0069391467013701913,-77.770519649130975,-77.763580502429605,-5.4180702707532715,-9.3146009531019445,-9.4977901809086234,72.352449378377713,85.104016386070455,50.518731743117236,398.70196614761403,-746.88520055210938,0.19453924914675769
612,1,COND_ATTN,100,MJ1,-0.0031906685073863628,-22.675567795383593,-22.672377126876206,-9.3544933110402315,-13.421704958363421,-13.126303103794726,13.32107448434336,25.423760498969891,108.99475524720643,191.54579234604495,-274.09682944488361,0.24914675767918087
612,1,COND_ATTN,200,ATU1,0.0085362289362933552,-4.2811793661703978,-4.2897155951066912,24.208051583571084,26.092438848067445,22.574846964792016,28.489230949741483,29.32556069431358,596.70885429174029,-88.628560716550922,773.96597572484211,0.6313993174061433
612,1,COND_ATTN,200,ATU5,0.00077395529689283649,-4.5944399430462965,-4.5952138983431894,61.229423545764995,70.630051772166269,73.601164197198614,65.823863488811298,67.661325440681622,3967.2144217414325,-247.10287281988141,4461.4201673811958,0.64846416382252559
612,1,COND_ATTN,200,MJ3,-0.0069391467013701913,-77.770519649130975,-77.763580502429605,-5.9868829326134048,-6.5711604061323214,-14.164014744108044,71.783636716517591,83.751926909324766,63.888697012497715,519.54112079013873,-975.19354456778001,0.17747440273037543
612,1,COND_ATTN,200,MJ1,-0.0031906685073863628,-22.675567795383593,-22.672377126876206,-10.104682232459901,-11.87548647427127,-17.768442980240593,12.57088556292369,23.901297945668034,134.58585237661234,241.88911812144127,-349.19238386627035,0.26279863481228671
612,2,GRU_LOCAL,0,ATU1,0.0085362289362933552,-4.2811793661703978,-4.2897155951066912,0,0,0,4.2811793661703978,9.2748333845426885,0,0,0,
612,2,GRU_LOCAL,0,ATU5,0.00077395529689283649,-4.5944399430462965,-4.5952138983431894,0,0,0,4.5944399430462965,10.799758932894493,0,0,0,
612,2,GRU_LOCAL,0,MJ3,-0.0069391467013701913,-77.770519649130975,-77.763580502429605,0,0,0,77.770519649130975,89.384443868005675,0,0,0,
612,2,GRU_LOCAL,0,MJ1,-0.0031906685073863628,-22.675567795383593,-22.672377126876206,0,0,0,22.675567795383593,30.339156668468313,0,0,0,
612,2,GRU_LOCAL,50,ATU1,0.0085362289362933552,-4.2811793661703978,-4.2897155951066912,-0.58433435760854402,-0.90897528130335559,-4.2725610872643642,3.6968450085618541,8.5865037617768465,2.3048988035529518,7.2996931317862979,-12.294487460019653,0.43686006825938567
612,2,GRU_LOCAL,50,ATU5,0.00077395529689283649,-4.5944399430462965,-4.5952138983431894,1.4255731322170997,0.17667787556410985,-3.1115114446838561,6.020013075263396,10.440052957089799,6.7237179863850738,7.1819026240900188,-7.6400872617949318,0.39590443686006827
612,2,GRU_LOCAL,50,MJ3,-0.0069391467013701913,-77.770519649130975,-77.763580502429605,-3.7182311445382337,-4.4562229057164586,-7.0306919843328615,74.052288504592752,86.018318382147342,16.303204756255866,303.36545652822355,-590.42770830019072,0
612,2,GRU_LOCAL,50,MJ1,-0.0031906685073863628,-22.675567795383593,-22.672377126876206,-2.7229522427141881,-3.0156365156003631,-4.8680726592669998,19.9526155526694,28.206510173846812,8.1319896696904586,66.494600418115951,-124.85721116654156,0.19453924914675769
612,2,GRU_LOCAL,100,ATU1,0.0085362289362933552,-4.2811793661703978,-4.2897155951066912,-0.95706743198663491,-1.1275012088051994,-5.4973046973228747,3.3241119341837631,8.7381065205059105,4.7164782111673436,7.1922534792435107,-9.6680287473196813,0.55631399317406138
612,2,GRU_LOCAL,100,ATU5,0.00077395529689283649,-4.5944399430462965,-4.5952138983431894,4.1384678822961716,2.9279396129830957,-0.82175468945058583,8.7329078253424672,12.447634690265243,28.045892748023537,-5.1314618128183831,38.308816373660306,0.60409556313993173
612,2,GRU_LOCAL,100,MJ3,-0.0069391467013701913,-77.770519649130975,-77.763580502429605,-3.621456376282882,-3.8711690893032937,-7.0315182894553345,74.149063272848096,86.067564228841334,16.525539867509444,299.23936658721874,-581.95319330692928,0.051194539249146756
612,2,GRU_LOCAL,100,MJ1,-0.0031906685073863628,-22.675567795383593,-22.672377126876206,-3.3972253809526074,-3.8451860236929178,-6.0729335476310098,19.278342414430981,27.796003907896331,13.046027724146811,80.446310915111852,-147.84659410607708,0.19453924914675769
612,2,GRU_LOCAL,200,ATU1,0.0085362289362933552,-4.2811793661703978,-4.2897155951066912,-0.14127192282275491,0.48012159408222033,-5.324288769995178,4.139907443347643,9.5596559371413115,5.5680443201758774,0.10177849734116694,5.3644873254935419,0.60409556313993173
612,2,GRU_LOCAL,200,ATU5,0.00077395529689283649,-4.5944399430462965,-4.5952138983431894,9.6698113661187204,9.5233491661362564,5.3431418821667194,14.264251309165019,17.197995336557774,106.30966388341467,-36.413293352106955,179.13625058762858,0.64846416382252559
612,2,GRU_LOCAL,200,MJ3,-0.0069391467013701913,-77.770519649130975,-77.763580502429605,-2.5010594575090184,-1.8237842891257969,-5.9934178638966387,75.26946019162196,87.007136257942378,10.395412731870932,214.86622925818781,-419.33704578450579,0.11262798634812286
612,2,GRU_LOCAL,200,MJ1,-0.0031906685073863628,-22.675567795383593,-22.672377126876206,-4.0357949521555749,-4.2230194888760479,-7.3064803386657786,18.639772843228013,27.446352204499394,18.99509360916883,93.078635814802638,-167.16217802043661,0.20477815699658702
612,2,GRU_GRAPH,0,ATU1,0.0085362289362933552,-4.2811793661703978,-4.2897155951066912,0,0,0,4.2811793661703978,9.2748333845426885,0,0,0,
612,2,GRU_GRAPH,0,ATU5,0.00077395529689283649,-4.5944399430462965,-4.5952138983431894,0,0,0,4.5944399430462965,10.799758932894493,0,0,0,
612,2,GRU_GRAPH,0,MJ3,-0.0069391467013701913,-77.770519649130975,-77.763580502429605,0,0,0,77.770519649130975,89.384443868005675,0,0,0,
612,2,GRU_GRAPH,0,MJ1,-0.0031906685073863628,-22.675567795383593,-22.672377126876206,0,0,0,22.675567795383593,30.339156668468313,0,0,0,
612,2,GRU_GRAPH,50,ATU1,0.0085362289362933552,-4.2811793661703978,-4.2897155951066912,-0.66001220080227974,-0.99424227980921387,-4.3676683218410517,3.6211671653681186,8.5521196110433806,2.4181307010150404,7.6509575852249112,-12.883784469434787,0.43344709897610922
612,2,GRU_GRAPH,50,ATU5,0.00077395529689283649,-4.5944399430462965,-4.5952138983431894,1.3509797490953692,0.098174236592285524,-3.1991513392812294,5.945419692141666,10.394709288895543,6.4985576011660529,7.5416847045746005,-8.5848118079831295,0.37201365187713309
612,2,GRU_GRAPH,50,MJ3,-0.0069391467013701913,-77.770519649130975,-77.763580502429605,-3.8882354666323473,-4.6389993875445725,-7.224476543337687,73.882284182498637,85.872661167399087,17.596638245873276,316.53075393379993,-615.46486962172639,0
612,2,GRU_GRAPH,50,MJ1,-0.0031906685073863628,-22.675567795383593,-22.672377126876206,-2.6811116362022811,-2.9731024200540332,-4.8287380656297501,19.994456159181311,28.236991112840951,7.9113967699858945,65.52407850859619,-123.13676024720655,0.19453924914675769
612,2,GRU_GRAPH,100,ATU1,0.0085362289362933552,-4.2811793661703978,-4.2897155951066912,-1.1870818120672872,-1.3767747657513496,-5.7902053069811927,3.0940975541031106,8.6450840738562071,5.2511714244419396,8.2681135457136303,-11.285055666985343,0.55631399317406138
612,2,GRU_GRAPH,100,ATU5,0.00077395529689283649,-4.5944399430462965,-4.5952138983431894,3.9423253632875497,2.7309764095755327,-1.055575000339104,8.536765306333848,12.300814181631607,26.274590175769138,-4.2003231733128441,34.67523652239484,0.60409556313993173
612,2,GRU_GRAPH,100,MJ3,-0.0069391467013701913,-77.770519649130975,-77.763580502429605,-3.8156060358385773,-4.0746275246199275,-7.2668974328810236,73.954913613292405,85.900513299372463,17.944995366446719,314.31280793172061,-610.68062049699256,0.040955631399317405
612,2,GRU_GRAPH,100,MJ1,-0.0031906685073863628,-22.675567795383593,-22.672377126876206,-3.4698821885701681,-3.9227328285434169,-6.1694281376975368,19.205685606813425,27.746392957160445,13.565376945547627,82.08374108312502,-150.60210522070247,0.19453924914675769
612,2,GRU_GRAPH,200,ATU1,0.0085362289362933552,-4.2811793661703978,-4.2897155951066912,-0.77196703458411187,-0.24131875973012029,-6.1131665414301324,3.5092123315862858,9.3099935920985732,6.202255339440069,2.7744044827755614,0.65344637388892579,0.59385665529010234
612,2,GRU_GRAPH,200,ATU5,0.00077395529689283649,-4.5944399430462965,-4.5952138983431894,9.0846392302186558,8.8761193755632917,4.6345280454690965,13.679079173264952,16.697500296695615,94.808759308802649,-33.681481920356546,162.17172314951574,0.64846416382252559
612,2,GRU_GRAPH,200,MJ3,-0.0069391467013701913,-77.770519649130975,-77.763580502429605,-2.7258797548356846,-2.104407384121032,-6.2907428925525437,75.044639894295301,86.824764600800805,11.468766650298404,231.25391212924185,-451.03905760818543,0.10580204778156997
612,2,GRU_GRAPH,200,MJ1,-0.0031906685073863628,-22.675567795383593,-22.672377126876206,-4.3432758897103989,-4.568815183369793,-7.6814260489218213,18.332291905673195,27.249886414761864,21.623405081550565,99.765761408996283,-177.90811773644214,0.20136518771331058
612,2,COND_ATTN,0,ATU1,0.0085362289362933552,-4.2811793661703978,-4.2897155951066912,0,0,0,4.2811793661703978,9.2748333845426885,0,0,0,
612,2,COND_ATTN,0,ATU5,0.00077395529689283649,-4.5944399430462965,-4.5952138983431894,0,0,0,4.5944399430462965,10.799758932894493,0,0,0,
612,2,COND_ATTN,0,MJ3,-0.0069391467013701913,-77.770519649130975,-77.763580502429605,0,0,0,77.770519649130975,89.384443868005675,0,0,0,
612,2,COND_ATTN,0,MJ1,-0.0031906685073863628,-22.675567795383593,-22.672377126876206,0,0,0,22.675567795383593,30.339156668468313,0,0,0,
612,2,COND_ATTN,50,ATU1,0.0085362289362933552,-4.2811793661703978,-4.2897155951066912,17.54823332972369,26.888474084862651,19.998481422165469,21.829412695894085,22.838602526987135,346.59433483643556,-44.492448119119928,435.57923107467559,0.62798634812286691
612,2,COND_ATTN,50,ATU5,0.00077395529689283649,-4.5944399430462965,-4.5952138983431894,55.753002863363406,83.929169731133754,68.367810121151592,60.347442806409703,64.154340662044063,3512.1002456560036,-243.52219355848089,3999.1446327729659,0.65187713310580209
612,2,COND_ATTN,50,MJ3,-0.0069391467013701913,-77.770519649130975,-77.763580502429605,-4.6798378161193233,-7.682060703135221,-7.104047255400701,73.090681833011672,86.071843544756078,30.779872812289707,305.99821360598878,-581.2165543996889,0.078498293515358364
612,2,COND_ATTN,50,MJ1,-0.0031906685073863628,-22.675567795383593,-22.672377126876206,-7.7280744514739279,-12.530013854883578,-10.301188760391256,14.947493343909661,26.882996272285919,73.551241376177586,135.66009007715206,-197.76893877812665,0.22525597269624573
612,2,COND_ATTN,100,ATU1,0.0085362289362933552,-4.2811793661703978,-4.2897155951066912,18.805290772012633,25.341604136360957,18.613412906371593,23.086470138183028,24.064944472954799,376.24317867543101,-58.427919749969647,493.09901817537025,0.6313993174061433
612,2,COND_ATTN,100,ATU5,0.00077395529689283649,-4.5944399430462965,-4.5952138983431894,51.645878815488757,77.25155105008713,64.728391919009141,56.240318758535061,59.777968903481948,3017.3350713434161,-219.71785093680256,3456.7707732170202,0.64846416382252559
612,2,COND_ATTN,100,MJ3,-0.0069391467013701913,-77.770519649130975,-77.763580502429605,-4.2327219322335727,-8.4587699443941347,-8.4868695777631729,73.537797716897401,86.725908549043893,37.046126150431654,252.62085904298283,-468.19559193553323,0.19795221843003413
612,2,COND_ATTN,100,MJ1,-0.0031906685073863628,-22.675567795383593,-22.672377126876206,-7.9465354344173784,-13.65124935669553,-12.170664112824852,14.72903236096621,27.21636694658898,87.028260139990877,133.38102886123735,-179.73379758248404,0.29010238907849828
612,2,COND_ATTN,200,ATU1,0.0085362289362933552,-4.2811793661703978,-4.2897155951066912,21.141624944924569,25.58722281931955,18.920558740415402,25.422804311094968,26.632325710508763,466.4529514524213,-78.402643493588613,623.25823843959847,0.6313993174061433
612,2,COND_ATTN,200,ATU5,0.00077395529689283649,-4.5944399430462965,-4.5952138983431894,59.818494694212689,76.225867568966976,66.256600284964861,64.412934637258985,65.673917909662421,3733.2629413395521,-231.58287962844602,4196.4287005964443,0.64846416382252559
612,2,COND_ATTN,200,MJ3,-0.0069391467013701913,-77.770519649130975,-77.763580502429605,-6.6670510677165877,-7.4294605731824959,-9.1646379277465257,71.10346858141439,84.755324815501197,68.314073043447522,437.21389702749741,-806.11372101154484,0.10921501706484642
612,2,COND_ATTN,200,MJ1,-0.0031906685073863628,-22.675567795383593,-22.672377126876206,-10.342132642512279,-12.357634571706853,-13.447159778339255,12.33343515287131,26.193033970695861,136.07849490142479,185.23394683263126,-234.3893987638379,0.24914675767918087
792,0,GRU_LOCAL,0,ATU1,-0.020322995361482299,-29.335478509690908,-29.315155514329426,0,0,0,29.335478509690908,32.877890262058848,0,0,0,
792,0,GRU_LOCAL,0,ATU5,-0.0088170841461305827,-37.540839766187069,-37.532022682040939,0,0,0,37.540839766187069,42.775051365351246,0,0,0,
792,0,GRU_LOCAL,0,MJ3,-0.10074822814272011,-5.0590840246373849,-4.9583357964946648,0,0,0,5.0590840246373849,9.1163682048876531,0,0,0,
792,0,GRU_LOCAL,0,MJ1,0.018814556727420495,-22.162592224474757,-22.181406781202178,0,0,0,22.162592224474757,24.483988940646118,0,0,0,
792,0,GRU_LOCAL,50,ATU1,-0.020322995361482299,-29.335478509690908,-29.315155514329426,-14.069762652620291,-10.274851944651004,-19.561206860340462,15.265715857070616,21.709832855049015,206.35906551423722,407.99894550202777,-609.63882548981826,0
792,0,GRU_LOCAL,50,ATU5,-0.0088170841461305827,-37.540839766187069,-37.532022682040939,-10.938728299676827,-7.0890427902052124,-16.860354110364028,26.602111466510248,34.108433131625816,130.72614356265515,398.52297608825165,-666.31980861384818,0
792,0,GRU_LOCAL,50,MJ3,-0.10074822814272011,-5.0590840246373849,-4.9583357964946648,-17.427616846874781,-14.934144059758182,-20.402545158209477,-12.368532822237395,14.585904052079382,307.19483578614,88.777204008380409,129.64042776937919,0.19112627986348124
792,0,GRU_LOCAL,50,MJ1,0.018814556727420495,-22.162592224474757,-22.181406781202178,-10.168511887049702,-8.6752505784827463,-13.032507497306824,11.994080337425059,16.051129778019689,105.30414947717315,223.56554838601215,-341.8269472948511,0
792,0,GRU_LOCAL,100,ATU1,-0.020322995361482299,-29.335478509690908,-29.315155514329426,-4.887054169187361,-3.2526555595434843,-8.8056266522007718,24.448424340503546,28.381221319983279,29.924623603461466,152.69328403678603,-275.46194447011044,0
792,0,GRU_LOCAL,100,ATU5,-0.0088170841461305827,-37.540839766187069,-37.532022682040939,-1.047737321396494,0.012516881407350411,-6.198075526717048,36.49310244479058,41.733316143383583,12.807400967505247,50.42137197617113,-88.035342984837143,0.50170648464163825
792,0,GRU_LOCAL,100,MJ3,-0.10074822814272011,-5.0590840246373849,-4.9583357964946648,-16.053638051100489,-15.080648454142874,-22.701511429470884,-10.994554026463101,12.716965660099991,262.93840293166312,92.162678289293652,78.613046353075873,0.19112627986348124
792,0,GRU_LOCAL,100,MJ1,0.018814556727420495,-22.162592224474757,-22.181406781202178,-6.7430000349298043,-6.2498967623373574,-11.255304314515911,15.419592189544954,18.353323505275252,48.270230830165978,155.44573079327915,-262.62123075639232,0
792,0,GRU_LOCAL,200,ATU1,-0.020322995361482299,-29.335478509690908,-29.315155514329426,0.40646388397167749,-1.1154567140676477,-7.2535063610538373,29.741942393662587,32.804908706040116,24.642336732652932,14.717984802505205,-4.7936328723571933,0.58020477815699656
792,0,GRU_LOCAL,200,ATU5,-0.0088170841461305827,-37.540839766187069,-37.532022682040939,4.481978851555346,1.0953870638414855,-9.1659354628369556,42.022818617742416,46.506368861342878,71.648255182804533,-130.74453508802043,333.13732535884515,0.726962457337884
792,0,GRU_LOCAL,200,MJ3,-0.10074822814272011,-5.0590840246373849,-4.9583357964946648,-16.230358384458246,-19.249657739561144,-31.627198322071536,-11.171274359820861,12.543365809692235,291.94911658409461,108.86062999771251,74.227856588669624,0.19112627986348124
792,0,GRU_LOCAL,200,MJ1,0.018814556727420495,-22.162592224474757,-22.181406781202178,-6.9183369769191367,-8.2695998743257633,-15.493974283878629,15.244255247555619,17.962905714597468,60.362678022231805,168.58120537819744,-276.799732734163,0
792,0,GRU_GRAPH,0,ATU1,-0.020322995361482299,-29.335478509690908,-29.315155514329426,0,0,0,29.335478509690908,32.877890262058848,0,0,0,
792,0,GRU_GRAPH,0,ATU5,-0.0088170841461305827,-37.540839766187069,-37.532022682040939,0,0,0,37.540839766187069,42.775051365351246,0,0,0,
792,0,GRU_GRAPH,0,MJ3,-0.10074822814272011,-5.0590840246373849,-4.9583357964946648,0,0,0,5.0590840246373849,9.1163682048876531,0,0,0,
792,0,GRU_GRAPH,0,MJ1,0.018814556727420495,-22.162592224474757,-22.181406781202178,0,0,0,22.162592224474757,24.483988940646118,0,0,0,
792,0,GRU_GRAPH,50,ATU1,-0.020322995361482299,-29.335478509690908,-29.315155514329426,-14.018077738392932,-10.249664601237953,-19.576261606562355,15.317400771297978,21.74491856658971,204.89671473792177,406.50544967714393,-608.11418461636606,0
792,0,GRU_GRAPH,50,ATU5,-0.0088170841461305827,-37.540839766187069,-37.532022682040939,-10.905750485431856,-7.0941576830225586,-16.981614394217104,26.635089280755217,34.13231413064787,130.06706239989538,397.3786068975545,-664.69015139521343,0
792,0,GRU_GRAPH,50,MJ3,-0.10074822814272011,-5.0590840246373849,-4.9583357964946648,-17.545460746126711,-15.030001264208749,-20.546116390857151,-12.486376721489329,14.679746563006233,311.24860975577019,89.430909924381709,132.3867899070068,0.19112627986348124
792,0,GRU_GRAPH,50,MJ1,0.018814556727420495,-22.162592224474757,-22.181406781202178,-10.141134153779092,-8.6920736483352812,-13.107899828773952,12.021458070695671,16.078193905777091,104.78552428518749,222.87145972955068,-340.95739517391382,0
792,0,GRU_GRAPH,100,ATU1,-0.020322995361482299,-29.335478509690908,-29.315155514329426,-4.7974946782373209,-3.1892852929848914,-8.6678574093263023,24.537983831453584,28.454076969285847,29.037329457703251,150.17925068382192,-271.32117190994063,0
792,0,GRU_GRAPH,100,ATU5,-0.0088170841461305827,-37.540839766187069,-37.532022682040939,-0.96768064857758451,0.070198233598944171,-6.1453069455440072,36.573159117609485,41.797505220972873,12.686553313629382,47.680064962406256,-82.67357661118308,0.51194539249146753
792,0,GRU_GRAPH,100,MJ3,-0.10074822814272011,-5.0590840246373849,-4.9583357964946648,-16.010229167795561,-14.997332192624981,-22.659170536444208,-10.951145143158177,12.668422521903594,261.51632157185941,92.067780812735876,77.380759946387684,0.19112627986348124
792,0,GRU_GRAPH,100,MJ1,0.018814556727420495,-22.162592224474757,-22.181406781202178,-6.7716587927117606,-6.3226693519279706,-11.435392848925744,15.390933431762997,18.330558024301158,48.814412185429987,156.13538457441996,-263.45635696340986,0
792,0,GRU_GRAPH,200,ATU1,-0.020322995361482299,-29.335478509690908,-29.315155514329426,0.67882877277543541,-0.93815378597611243,-6.8343740362035987,30.014307282466348,33.057938276045881,25.159186026593211,6.643785523858881,11.871614978875414,0.60068259385665534
792,0,GRU_GRAPH,200,ATU5,-0.0088170841461305827,-37.540839766187069,-37.532022682040939,4.6933115887529357,1.2047720031766858,-8.8849506516891097,42.234151354940003,46.702016552025192,74.234054562681905,-138.56963807725785,351.37333071719763,0.7337883959044369
792,0,GRU_GRAPH,200,MJ3,-0.10074822814272011,-5.0590840246373849,-4.9583357964946648,-15.924322826861308,-18.936775842987572,-31.335359131549239,-10.865238802223923,12.263437649884928,282.40714324957571,107.56170475202352,67.28373374552865,0.19112627986348124
792,0,GRU_GRAPH,200,MJ1,0.018814556727420495,-22.162592224474757,-22.181406781202178,-6.8077695572923842,-8.2565637579108397,-15.586309505926465,15.354822667182376,18.064609891773991,59.506053300932308,166.32081860231759,-273.13558390370275,0
792,0,COND_ATTN,0,ATU1,-0.020322995361482299,-29.335478509690908,-29.315155514329426,0,0,0,29.335478509690908,32.877890262058848,0,0,0,
792,0,COND_ATTN,0,ATU5,-0.0088170841461305827,-37.540839766187069,-37.532022682040939,0,0,0,37.540839766187069,42.775051365351246,0,0,0,
792,0,COND_ATTN,0,MJ3,-0.10074822814272011,-5.0590840246373849,-4.9583357964946648,0,0,0,5.0590840246373849,9.1163682048876531,0,0,0,
792,0,COND_ATTN,0,MJ1,0.018814556727420495,-22.162592224474757,-22.181406781202178,0,0,0,22.162592224474757,24.483988940646118,0,0,0,
792,0,COND_ATTN,50,ATU1,-0.020322995361482299,-29.335478509690908,-29.315155514329426,17.678380604236956,7.0426449335474786,20.826833801491375,47.013859113927865,50.919709749350517,340.78871366686866,-585.53622960362463,1511.8611728741182,1
792,0,COND_ATTN,50,ATU5,-0.0088170841461305827,-37.540839766187069,-37.532022682040939,37.637012175073799,21.843504605169983,44.443149413564015,75.177851941260869,80.044725333414775,1475.2513119346445,-1551.1008612293654,4577.4530343933748,1
792,0,COND_ATTN,50,MJ3,-0.10074822814272011,-5.0590840246373849,-4.9583357964946648,-37.033600924331999,-35.963481960480294,-41.151233855394139,-31.974516899694613,32.885899688845143,1386.6960044638829,194.16088768309228,998.37422909769873,0.19112627986348124
792,0,COND_ATTN,50,MJ1,0.018814556727420495,-22.162592224474757,-22.181406781202178,-17.012051073540121,-13.447237676031591,-18.804778100807653,5.150541150934643,10.018898719007456,294.82158358192811,396.95448324294017,-499.08738290395218,0
792,0,COND_ATTN,100,ATU1,-0.020322995361482299,-29.335478509690908,-29.315155514329426,13.677843751863882,7.3678126801607391,12.159031824906151,43.013322261554791,46.45590767987624,211.57538482211712,-432.81015272754172,1077.1956902772006,1
792,0,COND_ATTN,100,ATU5,-0.0088170841461305827,-37.540839766187069,-37.532022682040939,42.436692853435694,20.676603941034045,40.184408786036215,79.977532619622764,86.269565222228124,2043.0995587290702,-1784.8166527973819,5612.7328643238343,1
792,0,COND_ATTN,100,MJ3,-0.10074822814272011,-5.0590840246373849,-4.9583357964946648,-35.321609308283328,-41.950195799016228,-46.106907096891518,-30.262525283645946,31.679380012195526,1314.7214462523928,197.12324877119298,920.47494871000697,0.19112627986348124
792,0,COND_ATTN,100,MJ1,0.018814556727420495,-22.162592224474757,-22.181406781202178,-15.575314488599295,-14.532250957323868,-18.047967683344837,6.5872777358754666,10.609318180023152,253.12677711234471,370.01742965652812,-486.90808220071165,0
792,0,COND_ATTN,200,ATU1,-0.020322995361482299,-29.335478509690908,-29.315155514329426,14.583840683693795,4.5626410786640008,13.677844161808707,43.919319193384702,47.138298695244174,240.56206753418948,-450.25073413194286,1141.0635357980748,1
792,0,COND_ATTN,200,ATU5,-0.0088170841461305827,-37.540839766187069,-37.532022682040939,41.28389081937749,12.976080508076734,41.388879641062999,78.824730585564552,84.119555726192729,1929.4267848033301,-1658.4839257301392,5246.394636263607,1
792,0,COND_ATTN,200,MJ3,-0.10074822814272011,-5.0590840246373849,-4.9583357964946648,-40.187765932088304,-48.477826626131218,-52.179191224156511,-35.128681907450918,36.609707060208109,1729.8708204836005,236.35416934821779,1257.162481787165,0.19112627986348124
792,0,COND_ATTN,200,MJ1,0.018814556727420495,-22.162592224474757,-22.181406781202178,-18.213149596685504,-18.328776919224993,-21.708047293454683,3.9494426277892556,9.1815286084500638,356.09818647577998,435.63171666683729,-515.16524685789443,0
792,1,GRU_LOCAL,0,ATU1,-0.020322995361482299,-29.335478509690908,-29.315155514329426,0,0,0,29.335478509690908,32.877890262058848,0,0,0,
792,1,GRU_LOCAL,0,ATU5,-0.0088170841461305827,-37.540839766187069,-37.532022682040939,0,0,0,37.540839766187069,42.775051365351246,0,0,0,
792,1,GRU_LOCAL,0,MJ3,-0.10074822814272011,-5.0590840246373849,-4.9583357964946648,0,0,0,5.0590840246373849,9.1163682048876531,0,0,0,
792,1,GRU_LOCAL,0,MJ1,0.018814556727420495,-22.162592224474757,-22.181406781202178,0,0,0,22.162592224474757,24.483988940646118,0,0,0,
792,1,GRU_LOCAL,50,ATU1,-0.020322995361482299,-29.335478509690908,-29.315155514329426,-7.8850531049900088,-12.219320339299372,-18.229445776754517,21.450425404700905,27.194950011612285,85.451774992916441,213.42106847140465,-341.39036194989285,0
792,1,GRU_LOCAL,50,ATU5,-0.0088170841461305827,-37.540839766187069,-37.532022682040939,-2.1204194555465881,-7.1703784870625213,-13.97496595141547,35.42042031064048,42.393372426708275,39.391901830928532,35.949447714888471,-32.506993598848112,0.4061433447098976
792,1,GRU_LOCAL,50,MJ3,-0.10074822814272011,-5.0590840246373849,-4.9583357964946648,-11.740871817831209,-13.587158578004846,-21.138410296839311,-6.6817877931938243,9.0924565776485533,149.41926406373247,74.927333347197276,-0.4354026306620824,0.19112627986348124
792,1,GRU_LOCAL,50,MJ1,0.018814556727420495,-22.162592224474757,-22.181406781202178,-5.0030944143788192,-6.8051412235886346,-13.185852435635297,17.159497810095939,20.295813305227124,34.59084891403139,111.0682628195393,-187.54567672504714,0
792,1,GRU_LOCAL,100,ATU1,-0.020322995361482299,-29.335478509690908,-29.315155514329426,-2.2636099377771686,-8.1436937971207044,-13.00306084738196,27.07186857191374,31.650885123102498,37.644844155742504,58.410991581947705,-79.177139008152949,0.40955631399317405
792,1,GRU_LOCAL,100,ATU5,-0.0088170841461305827,-37.540839766187069,-37.532022682040939,5.3667454742213252,-2.1424837819922686,-6.5469976137288768,42.907585240408395,48.615007051954784,76.781854957903803,-228.46601819763595,533.71389135317554,0.76450511945392496
792,1,GRU_LOCAL,100,MJ3,-0.10074822814272011,-5.0590840246373849,-4.9583357964946648,-11.655742811915408,-14.890838314136545,-20.308534521614547,-6.5966587872780247,9.1074487332232792,152.53433012549417,76.34843847214519,-0.16254681879621558,0.19112627986348124
792,1,GRU_LOCAL,100,MJ1,0.018814556727420495,-22.162592224474757,-22.181406781202178,-4.0982356183428967,-6.807560950000493,-11.597969278251867,18.064356606131863,20.982765836678841,29.167688534906691,94.178470411845723,-159.1892522887847,0.088737201365187715
792,1,GRU_LOCAL,200,ATU1,-0.020322995361482299,-29.335478509690908,-29.315155514329426,6.4154017168523074,-3.5685943185164319,-8.7159542114038686,35.750880226543217,39.627445590007788,120.67680958830944,-184.35098315836723,489.37877590504399,0.75426621160409557
792,1,GRU_LOCAL,200,ATU5,-0.0088170841461305827,-37.540839766187069,-37.532022682040939,16.921071667205769,4.4249544952733686,0.13664333299800546,54.461911433392835,59.334137185722454,398.40594057911346,-646.2144378432904,1690.8348162656946,0.93174061433447097
792,1,GRU_LOCAL,200,MJ3,-0.10074822814272011,-5.0590840246373849,-4.9583357964946648,-13.401061982158568,-20.081731172842638,-22.249987810003176,-8.3419779575211823,11.030517488756265,215.60972284165265,88.522788009490668,38.564146822671319,0.19112627986348124
792,1,GRU_LOCAL,200,MJ1,0.018814556727420495,-22.162592224474757,-22.181406781202178,-4.0119106966747236,-8.7900640948637374,-11.312647664993278,18.150681527800039,21.204294770822631,38.913016533527305,94.378307125636439,-149.84359771774547,0.25938566552901021
792,1,GRU_GRAPH,0,ATU1,-0.020322995361482299,-29.335478509690908,-29.315155514329426,0,0,0,29.335478509690908,32.877890262058848,0,0,0,
792,1,GRU_GRAPH,0,ATU5,-0.0088170841461305827,-37.540839766187069,-37.532022682040939,0,0,0,37.540839766187069,42.775051365351246,0,0,0,
792,1,GRU_GRAPH,0,MJ3,-0.10074822814272011,-5.0590840246373849,-4.9583357964946648,0,0,0,5.0590840246373849,9.1163682048876531,0,0,0,
792,1,GRU_GRAPH,0,MJ1,0.018814556727420495,-22.162592224474757,-22.181406781202178,0,0,0,22.162592224474757,24.483988940646118,0,0,0,
792,1,GRU_GRAPH,50,ATU1,-0.020322995361482299,-29.335478509690908,-29.315155514329426,-7.9374900370801624,-12.30571159477023,-18.201661807345943,21.397988472610749,27.155385082781361,86.208656489933873,214.87469278988664,-343.54072908983937,0
792,1,GRU_GRAPH,50,ATU5,-0.0088170841461305827,-37.540839766187069,-37.532022682040939,-2.1172787449674226,-7.1799991074520904,-13.851586685350412,35.423561021219655,42.397042305606476,39.203842156064859,35.6998326005587,-32.195823045052521,0.4061433447098976
792,1,GRU_GRAPH,50,MJ3,-0.10074822814272011,-5.0590840246373849,-4.9583357964946648,-11.619548944711932,-13.498939882127388,-20.938768045868073,-6.5604649200745468,9.0155770550119403,146.65131438104279,74.239426996635757,-1.8275396122287475,0.19112627986348124
792,1,GRU_GRAPH,50,MJ1,0.018814556727420495,-22.162592224474757,-22.181406781202178,-5.2092218100433714,-7.0053286947652396,-13.377062722954065,16.95337041443139,20.112361759941685,36.619031220521322,115.78882505171912,-194.95861888291688,0
792,1,GRU_GRAPH,100,ATU1,-0.020322995361482299,-29.335478509690908,-29.315155514329426,-2.1538976913745715,-8.048824437909218,-12.880132292688643,27.181580818316341,31.746155314171045,37.206956167192452,55.172123509852973,-73.137290852513502,0.40955631399317405
792,1,GRU_GRAPH,100,ATU5,-0.0088170841461305827,-37.540839766187069,-37.532022682040939,5.5288330588714771,-1.9596859581590707,-6.3482068499507704,43.069672825058547,48.761409090212901,78.470141964618321,-234.74992759502081,547.96999715465995,0.76450511945392496
792,1,GRU_GRAPH,100,MJ3,-0.10074822814272011,-5.0590840246373849,-4.9583357964946648,-11.492236569639349,-14.76332754874943,-20.120749839254131,-6.4331525450019651,8.9966215650449755,148.9815316731212,75.575250667787728,-2.1689696624542307,0.19112627986348124
792,1,GRU_GRAPH,100,MJ1,0.018814556727420495,-22.162592224474757,-22.181406781202178,-4.1700906505668724,-6.8525687921161307,-11.735830967574543,17.992501573907887,20.91484430632849,29.817558183601228,95.926280135660747,-162.03500208772022,0.088737201365187715
792,1,GRU_GRAPH,200,ATU1,-0.020322995361482299,-29.335478509690908,-29.315155514329426,6.7698220539226925,-3.4235718030557791,-8.5759935929982021,36.105300563613596,39.969048249808132,126.07257485316863,-195.24828752916895,516.56914991150666,0.75767918088737196
792,1,GRU_GRAPH,200,ATU5,-0.0088170841461305827,-37.540839766187069,-37.532022682040939,17.168766213089359,4.5123523176200706,0.16203111513141266,54.709605979276425,59.584383846387283,407.19842660269148,-656.69767622124459,1720.5937790451806,0.93515358361774747
792,1,GRU_GRAPH,200,MJ3,-0.10074822814272011,-5.0590840246373849,-4.9583357964946648,-12.785101383819626,-19.765940051326197,-21.692116986509291,-7.726017359182241,10.62619573230026,200.5039296875035,85.348031596716893,29.807866494069756,0.19112627986348124
792,1,GRU_GRAPH,200,MJ1,0.018814556727420495,-22.162592224474757,-22.181406781202178,-4.0088391189819355,-8.8056887872004381,-11.530839958709066,18.153753105492825,21.199769924933392,38.828157813937743,94.431813694754396,-150.03546957557103,0.24914675767918087
792,1,COND_ATTN,0,ATU1,-0.020322995361482299,-29.335478509690908,-29.315155514329426,0,0,0,29.335478509690908,32.877890262058848,0,0,0,
792,1,COND_ATTN,0,ATU5,-0.0088170841461305827,-37.540839766187069,-37.532022682040939,0,0,0,37.540839766187069,42.775051365351246,0,0,0,
792,1,COND_ATTN,0,MJ3,-0.10074822814272011,-5.0590840246373849,-4.9583357964946648,0,0,0,5.0590840246373849,9.1163682048876531,0,0,0,
792,1,COND_ATTN,0,MJ1,0.018814556727420495,-22.162592224474757,-22.181406781202178,0,0,0,22.162592224474757,24.483988940646118,0,0,0,
792,1,COND_ATTN,50,ATU1,-0.020322995361482299,-29.335478509690908,-29.315155514329426,16.964771764129864,5.7256473318052485,23.728511208097984,46.30025027382078,50.193715075117645,326.03132136022714,-556.21102179894046,1438.4533649581083,1
792,1,COND_ATTN,50,ATU5,-0.0088170841461305827,-37.540839766187069,-37.532022682040939,37.75721083673934,16.504986966072579,51.217360874528708,75.298050602926409,80.725253293535559,1565.5435249056966,-1560.6589875456698,4686.861499997035,1
792,1,COND_ATTN,50,MJ3,-0.10074822814272011,-5.0590840246373849,-4.9583357964946648,-37.256265119287285,-34.765186762661415,-41.091771853502223,-32.197181094649899,33.2491074698424,1400.570094604986,189.08755815547127,1022.3949782940432,0.19112627986348124
792,1,COND_ATTN,50,MJ1,0.018814556727420495,-22.162592224474757,-22.181406781202178,-15.445382758994215,-10.475814580229326,-18.055220294171022,6.7172094654805461,10.885874059529732,244.55511863480251,362.75928952027084,-480.96346040573917,0
792,1,COND_ATTN,100,ATU1,-0.020322995361482299,-29.335478509690908,-29.315155514329426,14.018136555576481,9.1525274776932974,14.419656155241455,43.353615065267391,46.190539789476134,215.43346851721589,-418.58841472098896,1052.610297959194,1
792,1,COND_ATTN,100,ATU5,-0.0088170841461305827,-37.540839766187069,-37.532022682040939,41.726139460468822,24.475110338509921,46.718181092792292,79.266979226655891,83.687025178053716,1875.7560361064727,-1649.0285638686432,5173.813163843759,1
792,1,COND_ATTN,100,MJ3,-0.10074822814272011,-5.0590840246373849,-4.9583357964946648,-41.072853216631003,-40.592962518313925,-43.674928063596326,-36.013769191993617,37.17478026055192,1728.7840919113523,214.96398686905908,1298.8561181732339,0.19112627986348124
792,1,COND_ATTN,100,MJ1,0.018814556727420495,-22.162592224474757,-22.181406781202178,-18.722132418761994,-14.758306461658435,-19.590612748152125,3.4404598057127691,9.2444833063277088,361.57620792278749,437.79072538374862,-514.00524284470976,0
792,1,COND_ATTN,200,ATU1,-0.020322995361482299,-29.335478509690908,-29.315155514329426,14.07417769693879,13.525566877399683,13.976007090097596,43.409656206629705,45.457479453731629,214.88535331088664,-385.27070844578139,985.42677020244923,1
792,1,COND_ATTN,200,ATU5,-0.0088170841461305827,-37.540839766187069,-37.532022682040939,41.193985096221496,34.716062976176431,43.164641131473786,78.734824862408587,81.37959378310093,1852.222311469538,-1470.3554767622718,4792.9332649940816,1
792,1,COND_ATTN,200,MJ3,-0.10074822814272011,-5.0590840246373849,-4.9583357964946648,-43.619612033564216,-43.39750856599926,-51.580414998736615,-38.560528008926838,39.929615042344246,2015.0253678319957,251.87968982463897,1511.2659881827171,0.19112627986348124
792,1,COND_ATTN,200,MJ1,0.018814556727420495,-22.162592224474757,-22.181406781202178,-19.745001264900786,-17.821180361309871,-22.581773059528814,2.4175909595739751,8.5510625817509798,413.7358610371835,470.04045210292151,-526.34504316865969,0
792,2,GRU_LOCAL,0,ATU1,-0.020322995361482299,-29.335478509690908,-29.315155514329426,0,0,0,29.335478509690908,32.877890262058848,0,0,0,
792,2,GRU_LOCAL,0,ATU5,-0.0088170841461305827,-37.540839766187069,-37.532022682040939,0,0,0,37.540839766187069,42.775051365351246,0,0,0,
792,2,GRU_LOCAL,0,MJ3,-0.10074822814272011,-5.0590840246373849,-4.9583357964946648,0,0,0,5.0590840246373849,9.1163682048876531,0,0,0,
792,2,GRU_LOCAL,0,MJ1,0.018814556727420495,-22.162592224474757,-22.181406781202178,0,0,0,22.162592224474757,24.483988940646118,0,0,0,
792,2,GRU_LOCAL,50,ATU1,-0.020322995361482299,-29.335478509690908,-29.315155514329426,-7.5539778363946102,-9.6529028391988732,-17.486778012686955,21.781500673296293,25.869624213076765,63.781480568419703,237.74984586329808,-411.71821115817636,0
792,2,GRU_LOCAL,50,ATU5,-0.0088170841461305827,-37.540839766187069,-37.532022682040939,-1.8588302029555273,-5.2591615894020833,-11.729862726245983,35.682009563231546,40.792226821740755,13.481577007475712,89.59041361978386,-165.6992502320918,0.29010238907849828
792,2,GRU_LOCAL,50,MJ3,-0.10074822814272011,-5.0590840246373849,-4.9583357964946648,-15.546251210095916,-17.104994491139223,-19.921732859454323,-10.48716718545853,12.431907243639932,245.10040077937364,86.828126155996571,71.444148467380472,0.19112627986348124
792,2,GRU_LOCAL,50,MJ1,0.018814556727420495,-22.162592224474757,-22.181406781202178,-7.0539259079245351,-7.6891213400367633,-13.42231126617969,15.108666316550226,17.907329921438389,53.439639757245985,166.11644464384244,-278.7932495304388,0
792,2,GRU_LOCAL,100,ATU1,-0.020322995361482299,-29.335478509690908,-29.315155514329426,-2.030298540246203,-5.6733706038690457,-9.1105212591475038,27.305179969444705,30.691573052919225,17.865661287748466,78.424336454527491,-138.98301162130645,0.28668941979522183
792,2,GRU_LOCAL,100,ATU5,-0.0088170841461305827,-37.540839766187069,-37.532022682040939,5.9275065917779131,0.12659849764929731,-0.32796542176788535,43.46834635796499,47.800898743570215,59.473862803122323,-197.87351929074606,455.22090138461476,0.86689419795221845
792,2,GRU_LOCAL,100,MJ3,-0.10074822814272011,-5.0590840246373849,-4.9583357964946648,-13.829409822930344,-16.594097920716422,-19.190557279185441,-8.7703257982929568,10.848065232673379,201.23037819864211,83.32901407669587,34.572350045250431,0.19112627986348124
792,2,GRU_LOCAL,100,MJ1,0.018814556727420495,-22.162592224474757,-22.181406781202178,-6.0412601615356181,-7.4180793401931169,-12.225878262606784,16.121332062939143,18.747983005666192,43.766327521598789,145.87258759326596,-247.97884766493308,0
792,2,GRU_LOCAL,200,ATU1,-0.020322995361482299,-29.335478509690908,-29.315155514329426,3.3548884024345393,-2.3271350976311282,-4.6553872139995747,32.690366912125448,35.622066443454308,43.114329313237185,-72.430810152326089,187.97594961788946,0.70648464163822522
792,2,GRU_LOCAL,200,ATU5,-0.0088170841461305827,-37.540839766187069,-37.532022682040939,12.734234298357574,2.9683622829454634,3.7446010585227896,50.275074064544647,54.21806170553085,227.27034146112774,-441.31142716759274,1109.893195796313,0.91467576791808869
792,2,GRU_LOCAL,200,MJ3,-0.10074822814272011,-5.0590840246373849,-4.9583357964946648,-14.42609689935623,-21.38001153760365,-21.164461733272901,-9.3670128747188475,11.726650884379826,238.74742065239636,92.170624467678394,54.406171717039626,0.21160409556313994
792,2,GRU_LOCAL,200,MJ1,0.018814556727420495,-22.162592224474757,-22.181406781202178,-5.0789689886091969,-8.5591969101772065,-11.454122962448082,17.083623235865566,19.683251772226061,41.291647020743241,126.66348056879214,-212.03531411684105,0.044368600682593858
792,2,GRU_GRAPH,0,ATU1,-0.020322995361482299,-29.335478509690908,-29.315155514329426,0,0,0,29.335478509690908,32.877890262058848,0,0,0,
792,2,GRU_GRAPH,0,ATU5,-0.0088170841461305827,-37.540839766187069,-37.532022682040939,0,0,0,37.540839766187069,42.775051365351246,0,0,0,
792,2,GRU_GRAPH,0,MJ3,-0.10074822814272011,-5.0590840246373849,-4.9583357964946648,0,0,0,5.0590840246373849,9.1163682048876531,0,0,0,
792,2,GRU_GRAPH,0,MJ1,0.018814556727420495,-22.162592224474757,-22.181406781202178,0,0,0,22.162592224474757,24.483988940646118,0,0,0,
792,2,GRU_GRAPH,50,ATU1,-0.020322995361482299,-29.335478509690908,-29.315155514329426,-7.7488239522625415,-9.7901021840402223,-17.923839672428471,21.586654557428368,25.702731697060472,66.817873254846916,243.5715623238768,-420.32525139290681,0
792,2,GRU_GRAPH,50,ATU5,-0.0088170841461305827,-37.540839766187069,-37.532022682040939,-2.1081354990391556,-5.4395534030533099,-12.279263654605415,35.432704267147919,40.572766273838276,14.460176327990952,99.007916262459844,-183.55565619692879,0.25597269624573377
792,2,GRU_GRAPH,50,MJ3,-0.10074822814272011,-5.0590840246373849,-4.9583357964946648,-15.129970645724372,-16.623875741965321,-19.637437801393162,-10.070886621086988,12.067867302574214,232.31272931908106,84.893738666813874,62.525251985453338,0.19112627986348124
792,2,GRU_GRAPH,50,MJ1,0.018814556727420495,-22.162592224474757,-22.181406781202178,-7.736800428539496,-8.3657273440289828,-14.148022401782214,14.425791795935266,17.337542384561317,63.495996675170488,181.18566759219593,-298.87533850922131,0
792,2,GRU_GRAPH,100,ATU1,-0.020322995361482299,-29.335478509690908,-29.315155514329426,-2.0066028553896813,-5.4173938576548153,-9.2927393952639932,27.328875654301228,30.6877304784689,17.143178579369994,78.181022372102433,-139.21886616483482,0.28668941979522183
792,2,GRU_GRAPH,100,ATU5,-0.0088170841461305827,-37.540839766187069,-37.532022682040939,5.5772139720938805,0.064418992408945996,-0.94722310539066257,43.118053738280949,47.451038469258137,54.203996188293608,-183.84601815714208,421.89603250257801,0.86006825938566556
792,2,GRU_GRAPH,100,MJ3,-0.10074822814272011,-5.0590840246373849,-4.9583357964946648,-13.751361913105258,-16.366472328757482,-19.13616670504166,-8.6922778884678742,10.762478989146068,198.69803684986127,82.987626052568586,32.722784744724052,0.19112627986348124
792,2,GRU_GRAPH,100,MJ1,0.018814556727420495,-22.162592224474757,-22.181406781202178,-6.3994876530573217,-7.6927649889531722,-12.576187704223571,15.763104571417438,18.426413776437148,47.99583915827855,153.96441447174365,-259.93298978520869,0
792,2,GRU_GRAPH,200,ATU1,-0.020322995361482299,-29.335478509690908,-29.315155514329426,3.7231202570442306,-1.5191597460198523,-4.1929007929483078,33.058598766735145,35.918672483983237,44.457807521009215,-82.368778703330818,209.19536492767065,0.726962457337884
792,2,GRU_GRAPH,200,ATU5,-0.0088170841461305827,-37.540839766187069,-37.532022682040939,12.474421924083307,3.1576901632266754,3.5829473474415181,50.015261690270378,53.92959312883017,219.2330391135512,-429.73147830958891,1078.6959957327288,0.91467576791808869
792,2,GRU_GRAPH,200,MJ3,-0.10074822814272011,-5.0590840246373849,-4.9583357964946648,-13.996422127081194,-20.629318056876173,-20.737499139760303,-8.9373381024438103,11.344671807205197,226.40357882894239,90.405084831416218,45.593409166109922,0.21160409556313994
792,2,GRU_GRAPH,200,MJ1,0.018814556727420495,-22.162592224474757,-22.181406781202178,-4.8390396976618293,-8.1301694024297149,-11.070980015066993,17.323552526812932,19.863538210492617,38.778467786632163,121.84201599630667,-204.90556420598119,0.044368600682593858
792,2,COND_ATTN,0,ATU1,-0.020322995361482299,-29.335478509690908,-29.315155514329426,0,0,0,29.335478509690908,32.877890262058848,0,0,0,
792,2,COND_ATTN,0,ATU5,-0.0088170841461305827,-37.540839766187069,-37.532022682040939,0,0,0,37.540839766187069,42.775051365351246,0,0,0,
792,2,COND_ATTN,0,MJ3,-0.10074822814272011,-5.0590840246373849,-4.9583357964946648,0,0,0,5.0590840246373849,9.1163682048876531,0,0,0,
792,2,COND_ATTN,0,MJ1,0.018814556727420495,-22.162592224474757,-22.181406781202178,0,0,0,22.162592224474757,24.483988940646118,0,0,0,
792,2,COND_ATTN,50,ATU1,-0.020322995361482299,-29.335478509690908,-29.315155514329426,6.8255812054076221,17.162980994790871,3.8094408177189507,36.161059715098524,38.280102110723163,94.775997424155051,-144.81727604962646,384.41054952340801,0.80546075085324231
792,2,COND_ATTN,50,ATU5,-0.0088170841461305827,-37.540839766187069,-37.532022682040939,20.677442942166557,42.834169828744052,14.854617864899978,58.218282708353634,60.650067525040448,654.02138140233978,-597.35214504059434,1848.7256714835287,0.91808873720136519
792,2,COND_ATTN,50,MJ3,-0.10074822814272011,-5.0590840246373849,-4.9583357964946648,-35.800159081474519,-33.621798655628936,-39.050247025407771,-30.74107505683714,31.8111111025576,1302.4160470848774,186.78871337635033,928.8386203321769,0.19112627986348124
792,2,COND_ATTN,50,MJ1,0.018814556727420495,-22.162592224474757,-22.181406781202178,-12.027178802595156,-14.576675397064719,-12.417298603601921,10.135413421879605,15.011874695515273,147.31128755868505,260.71031006525743,-374.10933257182967,0
792,2,COND_ATTN,100,ATU1,-0.020322995361482299,-29.335478509690908,-29.315155514329426,8.6348100920437521,13.999995242435944,1.9119744093638928,37.970288601734659,40.148254638989975,100.24155409066184,-215.3425641912672,530.92668247319625,0.97952218430034133
792,2,COND_ATTN,100,ATU5,-0.0088170841461305827,-37.540839766187069,-37.532022682040939,24.957134562828315,40.279611465621542,6.4662635262749291,62.497974329015378,65.047879101618264,867.41314072915986,-767.0542077905742,2401.5215563103084,0.95563139931740615
792,2,COND_ATTN,100,MJ3,-0.10074822814272011,-5.0590840246373849,-4.9583357964946648,-41.248191894571747,-41.808836620630473,-44.935768441529717,-36.189107869934361,37.189065780974481,1731.0952454236724,215.58840050455612,1299.9184444145606,0.19112627986348124
792,2,COND_ATTN,100,MJ1,0.018814556727420495,-22.162592224474757,-22.181406781202178,-16.884974464146861,-20.14379506318312,-16.171850401437382,5.2776177603279013,12.261839879773698,292.66677531614761,370.88988626231026,-449.11299720847279,0
792,2,COND_ATTN,200,ATU1,-0.020322995361482299,-29.335478509690908,-29.315155514329426,9.0697269766332447,16.598277037791036,-1.9205620965971093,38.405205486324157,40.006721833288516,117.12547049323203,-201.22832663445416,519.58212376214033,0.95563139931740615
792,2,COND_ATTN,200,ATU5,-0.0088170841461305827,-37.540839766187069,-37.532022682040939,25.809456057252969,47.382762944088427,-1.6035307827477254,63.350295823440042,64.912302039030649,957.95460978311223,-712.97366345739658,2383.9019366979046,0.97269624573378843
792,2,COND_ATTN,200,MJ3,-0.10074822814272011,-5.0590840246373849,-4.9583357964946648,-41.004464232983011,-44.754018701545647,-43.476173472791515,-35.945380208345625,37.450142980798987,1771.2248115424891,225.90988575364423,1319.405040035201,0.19112627986348124
792,2,COND_ATTN,200,MJ1,0.018814556727420495,-22.162592224474757,-22.181406781202178,-15.272649321872736,-21.782270480224156,-11.751387389947467,6.8899429026020256,12.923811093200001,254.57159048579337,343.50620587937766,-432.44082127296201,0.027303754266211604
972,0,GRU_LOCAL,0,ATU1,-35.713196639781813,-57.476507409896605,-21.763310770114792,0,0,0,57.476507409896605,59.098537058947514,0,0,0,
972,0,GRU_LOCAL,0,ATU5,-48.658411535979667,-65.468688930976498,-16.810277394996831,0,0,0,65.468688930976498,66.249561375033295,0,0,0,
972,0,GRU_LOCAL,0,MJ3,-4.7647315740448448,-57.516529312457109,-52.751797738412264,0,0,0,57.516529312457109,70.488055064486446,0,0,0,
972,0,GRU_LOCAL,0,MJ1,-27.140724849198932,-65.790696965530515,-38.649972116331583,0,0,0,65.790696965530515,72.8334032590692,0,0,0,
972,0,GRU_LOCAL,50,ATU1,-35.713196639781813,-57.476507409896605,-21.763310770114792,-30.553334526171909,-29.841905201174654,-41.499169408704915,26.923172883724689,29.188181613323533,994.11966320512329,1817.4033999102787,-2640.6871366154346,0
972,0,GRU_LOCAL,50,ATU5,-48.658411535979667,-65.468688930976498,-16.810277394996831,-33.236941803470692,-32.252829171724898,-47.074312260198667,32.231747127505813,33.468282837517116,1188.9067775899709,2228.892601941116,-3268.8784262922609,0
972,0,GRU_LOCAL,50,MJ3,-4.7647315740448448,-57.516529312457109,-52.751797738412264,-17.846648835244327,-16.466707249405545,-24.835471574950361,39.669880477212786,54.837418991907874,343.32011668577843,1152.3717508828956,-1961.4233850800138,0
972,0,GRU_LOCAL,50,MJ1,-27.140724849198932,-65.790696965530515,-38.649972116331583,-20.469868916022694,-20.629246936930144,-28.286552325070033,45.320828049507803,53.538272618872114,440.34015515268459,1439.3490752191028,-2438.3579952855202,0
972,0,GRU_LOCAL,100,ATU1,-35.713196639781813,-57.476507409896605,-21.763310770114792,-27.391506643529336,-19.321265245555423,-34.426413291867448,30.085000766367269,31.640145118457465,810.74130907054769,1651.1398042306462,-2491.5382993907447,0
972,0,GRU_LOCAL,100,ATU5,-48.658411535979667,-65.468688930976498,-16.810277394996831,-33.946691367910859,-24.494308345623381,-44.469973535649842,31.52199756306565,32.57324067321656,1243.2079300339267,2285.5981522314705,-3327.9883744290137,0
972,0,GRU_LOCAL,100,MJ3,-4.7647315740448448,-57.516529312457109,-52.751797738412264,-19.192948291619409,-11.262350001308278,-23.524004387212699,38.3235810208377,52.846573374060995,403.42973446605214,1289.6176619300561,-2175.8055893940605,0
972,0,GRU_LOCAL,100,MJ1,-27.140724849198932,-65.790696965530515,-38.649972116331583,-21.840380682443019,-17.00819237368114,-27.446675780743362,43.950316283087481,51.999135939614995,500.8223369999215,1550.8084144157765,-2600.7944918316321,0
972,0,GRU_LOCAL,200,ATU1,-35.713196639781813,-57.476507409896605,-21.763310770114792,-30.216505369087859,-15.704018474692646,-42.930297541980508,27.260002040808743,27.941059851736181,1013.0000396675912,1862.4671482685396,-2711.9342568694888,0
972,0,GRU_LOCAL,200,ATU5,-48.658411535979667,-65.468688930976498,-16.810277394996831,-43.614023314585509,-25.484983450020991,-62.614129128603849,21.854665616390992,22.839965274646207,2074.8218613753734,2971.0811150063164,-3867.340368637259,0
972,0,GRU_LOCAL,200,MJ3,-4.7647315740448448,-57.516529312457109,-52.751797738412264,-21.318650595178504,-6.1991869236121602,-30.597148125380954,36.197878717278606,48.502964091548606,536.88995039192025,1576.4591657499698,-2616.0283811080194,0
972,0,GRU_LOCAL,200,MJ1,-27.140724849198932,-65.790696965530515,-38.649972116331583,-24.466468652638746,-15.978314701922613,-34.524850724397083,41.324228312891762,48.361604854841062,642.49058281412351,1804.1751944882642,-2965.8598061624048,0
972,0,GRU_GRAPH,0,ATU1,-35.713196639781813,-57.476507409896605,-21.763310770114792,0,0,0,57.476507409896605,59.098537058947514,0,0,0,
972,0,GRU_GRAPH,0,ATU5,-48.658411535979667,-65.468688930976498,-16.810277394996831,0,0,0,65.468688930976498,66.249561375033295,0,0,0,
972,0,GRU_GRAPH,0,MJ3,-4.7647315740448448,-57.516529312457109,-52.751797738412264,0,0,0,57.516529312457109,70.488055064486446,0,0,0,
972,0,GRU_GRAPH,0,MJ1,-27.140724849198932,-65.790696965530515,-38.649972116331583,0,0,0,65.790696965530515,72.8334032590692,0,0,0,
972,0,GRU_GRAPH,50,ATU1,-35.713196639781813,-57.476507409896605,-21.763310770114792,-30.371174578454045,-29.66540842295467,-41.321110968680273,27.105332831442556,29.35750325704408,983.12088452658031,1806.9474847735094,-2630.7740850204386,0
972,0,GRU_GRAPH,50,ATU5,-48.658411535979667,-65.468688930976498,-16.810277394996831,-33.015565371279628,-32.020237105992237,-46.823404858152458,32.453123559696884,33.681786579195382,1174.072689349294,2214.307162283566,-3254.5416352178372,0
972,0,GRU_GRAPH,50,MJ3,-4.7647315740448448,-57.516529312457109,-52.751797738412264,-17.867819696131615,-16.458860947750509,-24.818819232089254,39.648709616325498,54.82595465507837,343.92892811028122,1153.3047655218215,-1962.6806029333629,0
972,0,GRU_GRAPH,50,MJ1,-27.140724849198932,-65.790696965530515,-38.649972116331583,-20.402868914754908,-20.582035606244403,-28.251274721093978,45.387828050775603,53.589269227286188,437.76031865594865,1435.3275863197891,-2432.8948539836292,0
972,0,GRU_GRAPH,100,ATU1,-35.713196639781813,-57.476507409896605,-21.763310770114792,-27.201214610846005,-19.082465465273572,-34.231988265126006,30.275292799050597,31.823266190625034,800.95226161481844,1640.4345365416164,-2479.9168114684144,0
972,0,GRU_GRAPH,100,ATU5,-48.658411535979667,-65.468688930976498,-16.810277394996831,-33.818475247009282,-24.318217851459622,-44.325326893819351,31.65021368396723,32.703871946860879,1234.9901796740764,2277.2256608708531,-3319.4611420676292,0
972,0,GRU_GRAPH,100,MJ3,-4.7647315740448448,-57.516529312457109,-52.751797738412264,-19.429084576850602,-11.389749768021602,-23.709051609385142,38.08744473560651,52.673293540735614,412.99940842959865,1303.5447313875854,-2194.0900543455728,0
972,0,GRU_GRAPH,100,MJ1,-27.140724849198932,-65.790696965530515,-38.649972116331583,-21.761965448285103,-16.917006122785665,-27.41854924845461,44.028731517245397,52.04959148879545,497.6108956252707,1546.5777758864874,-2595.5446561477038,0
972,0,GRU_GRAPH,200,ATU1,-35.713196639781813,-57.476507409896605,-21.763310770114792,-30.659324418214307,-15.645119401347813,-43.410105428446741,26.817182991682294,27.489559775347431,1044.1226453306506,1890.5419155980219,-2736.961185865393,0
972,0,GRU_GRAPH,200,ATU5,-48.658411535979667,-65.468688930976498,-16.810277394996831,-44.442720333032987,-25.803907844141236,-63.457638098291341,21.025968597943514,22.095731215653593,2153.0670602232526,3026.9250523265737,-3900.7830444298947,0
972,0,GRU_GRAPH,200,MJ3,-4.7647315740448448,-57.516529312457109,-52.751797738412264,-21.998615582627615,-6.3704417966027904,-31.109323669695641,35.517913729829495,47.931687706986203,568.91521232831565,1620.0172163311674,-2671.1192203340202,0
972,0,GRU_GRAPH,200,MJ1,-27.140724849198932,-65.790696965530515,-38.649972116331583,-24.475593699633226,-15.904003647424588,-34.701864934746936,41.315103265897285,48.301936682516939,644.16744856618936,1807.8974957912528,-2971.6275430163164,0
972,0,COND_ATTN,0,ATU1,-35.713196639781813,-57.476507409896605,-21.763310770114792,0,0,0,57.476507409896605,59.098537058947514,0,0,0,
972,0,COND_ATTN,0,ATU5,-48.658411535979667,-65.468688930976498,-16.810277394996831,0,0,0,65.468688930976498,66.249561375033295,0,0,0,
972,0,COND_ATTN,0,MJ3,-4.7647315740448448,-57.516529312457109,-52.751797738412264,0,0,0,57.516529312457109,70.488055064486446,0,0,0,
972,0,COND_ATTN,0,MJ1,-27.140724849198932,-65.790696965530515,-38.649972116331583,0,0,0,65.790696965530515,72.8334032590692,0,0,0,
972,0,COND_ATTN,50,ATU1,-35.713196639781813,-57.476507409896605,-21.763310770114792,-3.9975514913567336,-18.64190220177278,-3.3262946925868846,53.478955918539874,56.586472656137019,115.05116496396937,202.82967990400965,-290.6081948440501,0.36177474402730375
972,0,COND_ATTN,50,ATU5,-48.658411535979667,-65.468688930976498,-16.810277394996831,3.4880905565762528,-28.38241342568233,9.5324787807300027,68.956779487552765,72.324472670112087,317.77618161482496,-262.02439150533098,841.82496462548625,0.55631399317406138
972,0,COND_ATTN,50,MJ3,-4.7647315740448448,-57.516529312457109,-52.751797738412264,-27.443299753229894,1.0513984391729991,-42.644049278663942,30.073229559227215,41.967974689639355,951.35454167495129,2079.3047744494065,-3207.2550072238628,0.044368600682593858
972,0,COND_ATTN,50,MJ1,-27.140724849198932,-65.790696965530515,-38.649972116331583,-14.974217393301863,-2.881472596235767,-22.500534917178356,50.816479572228644,56.863013778197079,269.03144441825708,1170.1668693885088,-2071.3022943587612,0.010238907849829351
972,0,COND_ATTN,100,ATU1,-35.713196639781813,-57.476507409896605,-21.763310770114792,-15.523172646688126,-15.049819724476265,-21.100690798630126,41.953334763208467,43.758609938679498,282.81220043033818,930.31666958631524,-1577.8211387422921,0.027303754266211604
972,0,COND_ATTN,100,ATU5,-48.658411535979667,-65.468688930976498,-16.810277394996831,-21.13668091240897,-21.665567766556364,-32.756883368940635,44.332008018567535,47.045889109322104,803.2345781103885,1489.4616392040298,-2175.6887002976709,0.11945392491467577
972,0,COND_ATTN,100,MJ3,-4.7647315740448448,-57.516529312457109,-52.751797738412264,-24.947531698037505,1.9429318065090229,-46.305965692264863,32.568997614419608,38.82304217571356,1069.2736657166813,2265.3054843567597,-3461.3373029968388,0.22866894197952217
972,0,COND_ATTN,100,MJ1,-27.140724849198932,-65.790696965530515,-38.649972116331583,-14.82564411371272,-8.1663720551109691,-21.916756792426668,50.965052851817788,57.009314609460944,271.74861487641544,1163.1956464670552,-2054.6426780576944,0.010238907849829351
972,0,COND_ATTN,200,ATU1,-35.713196639781813,-57.476507409896605,-21.763310770114792,-17.258424354031195,-15.69535210525288,-23.720766598571458,40.218083055865414,41.737322700520849,327.35518379118673,1038.994080045783,-1750.6329763003794,0
972,0,COND_ATTN,200,ATU5,-48.658411535979667,-65.468688930976498,-16.810277394996831,-26.760155798244195,-23.232453952048559,-42.022734638956422,38.708533132732313,39.900107439762515,893.31717044338677,1845.1514895615492,-2796.9858086797117,0.040955631399317405
972,0,COND_ATTN,200,MJ3,-4.7647315740448448,-57.516529312457109,-52.751797738412264,-19.309793463642773,-2.1670921365728191,-33.113166927211751,38.20673584881434,47.155321435135825,558.71936476798032,1651.8304659455362,-2744.9415671230927,0.10238907849829351
972,0,COND_ATTN,200,MJ1,-27.140724849198932,-65.790696965530515,-38.649972116331583,-14.180885359591445,-11.408440311599861,-18.735046056450756,51.609811605939065,58.198875170019527,222.76284102059367,1070.1792001316351,-1917.5955592426762,0
972,1,GRU_LOCAL,0,ATU1,-35.713196639781813,-57.476507409896605,-21.763310770114792,0,0,0,57.476507409896605,59.098537058947514,0,0,0,
972,1,GRU_LOCAL,0,ATU5,-48.658411535979667,-65.468688930976498,-16.810277394996831,0,0,0,65.468688930976498,66.249561375033295,0,0,0,
972,1,GRU_LOCAL,0,MJ3,-4.7647315740448448,-57.516529312457109,-52.751797738412264,0,0,0,57.516529312457109,70.488055064486446,0,0,0,
972,1,GRU_LOCAL,0,MJ1,-27.140724849198932,-65.790696965530515,-38.649972116331583,0,0,0,65.790696965530515,72.8334032590692,0,0,0,
972,1,GRU_LOCAL,50,ATU1,-35.713196639781813,-57.476507409896605,-21.763310770114792,-40.552136962960603,-35.147382831211246,-43.12510817711825,16.924370446935995,20.407219900155887,1668.2981086618688,2372.2402835581715,-3076.1824584544738,0
972,1,GRU_LOCAL,50,ATU5,-48.658411535979667,-65.468688930976498,-16.810277394996831,-45.817699960390506,-40.080568489971597,-50.492354873860904,19.650988970585988,21.346548578898329,2129.4143532790563,3031.3717997160466,-3933.3292461530373,0
972,1,GRU_LOCAL,50,MJ3,-4.7647315740448448,-57.516529312457109,-52.751797738412264,-23.640434654780837,-16.946076027290019,-23.845561805153011,33.876094657676276,51.518697059692357,579.62603058239017,1447.0078953140544,-2314.389760045719,0
972,1,GRU_LOCAL,50,MJ1,-27.140724849198932,-65.790696965530515,-38.649972116331583,-27.325677896848315,-21.699067022067652,-27.15222559664835,38.465019068682196,48.787861180481521,760.06754157186822,1842.258386652062,-2924.4492317322561,0
972,1,GRU_LOCAL,100,ATU1,-35.713196639781813,-57.476507409896605,-21.763310770114792,-35.112486180206623,-23.846158725772284,-35.931516022658229,22.364021229689975,24.731200489141202,1283.0996993969015,2082.0522521352982,-2881.0048048736944,0
972,1,GRU_LOCAL,100,ATU5,-48.658411535979667,-65.468688930976498,-16.810277394996831,-40.747262829138101,-28.020966747410853,-43.582967124550692,24.721426101838411,26.145591821382453,1724.5283361424861,2714.9703734182244,-3705.4124106939626,0
972,1,GRU_LOCAL,100,MJ3,-4.7647315740448448,-57.516529312457109,-52.751797738412264,-23.351527074508958,-12.948366346782223,-23.319888870746809,34.165002237948151,50.562814207692149,580.43149514492609,1496.1996106587014,-2411.9677261724773,0
972,1,GRU_LOCAL,100,MJ1,-27.140724849198932,-65.790696965530515,-38.649972116331583,-27.346821760983438,-18.515833530249097,-27.166555801251207,38.443875204547069,48.073810240400299,771.99420402192993,1882.8038016450528,-2993.6133992681753,0
972,1,GRU_LOCAL,200,ATU1,-35.713196639781813,-57.476507409896605,-21.763310770114792,-28.924566409207806,-12.681360857298046,-34.049216273252568,28.551941000688796,29.507143726891986,909.53366118202814,1765.7496063851797,-2621.9655515883314,0
972,1,GRU_LOCAL,200,ATU5,-48.658411535979667,-65.468688930976498,-16.810277394996831,-37.013818258997134,-18.623762338745223,-46.200557260205528,28.454870671979375,28.990754582145076,1469.8464590927979,2509.1934951174676,-3548.5405311421378,0
972,1,GRU_LOCAL,200,MJ3,-4.7647315740448448,-57.516529312457109,-52.751797738412264,-23.621518011509689,-9.5625863884149567,-28.672140003292498,33.895011300947424,48.01376494526582,613.03873997943901,1638.1415112671368,-2663.244282554836,0
972,1,GRU_LOCAL,200,MJ1,-27.140724849198932,-65.790696965530515,-38.649972116331583,-26.876943862643529,-15.792915354591401,-31.978846184937538,38.913753102886972,46.825803892129848,757.16148425187555,1934.6051022029321,-3112.0487201539886,0
972,1,GRU_GRAPH,0,ATU1,-35.713196639781813,-57.476507409896605,-21.763310770114792,0,0,0,57.476507409896605,59.098537058947514,0,0,0,
972,1,GRU_GRAPH,0,ATU5,-48.658411535979667,-65.468688930976498,-16.810277394996831,0,0,0,65.468688930976498,66.249561375033295,0,0,0,
972,1,GRU_GRAPH,0,MJ3,-4.7647315740448448,-57.516529312457109,-52.751797738412264,0,0,0,57.516529312457109,70.488055064486446,0,0,0,
972,1,GRU_GRAPH,0,MJ1,-27.140724849198932,-65.790696965530515,-38.649972116331583,0,0,0,65.790696965530515,72.8334032590692,0,0,0,
972,1,GRU_GRAPH,50,ATU1,-35.713196639781813,-57.476507409896605,-21.763310770114792,-40.445258928995933,-35.137979413872188,-43.226694219889112,17.031248480900668,20.481702817733581,1660.1314992406028,2366.6342157172198,-3073.1369321938369,0
972,1,GRU_GRAPH,50,ATU5,-48.658411535979667,-65.468688930976498,-16.810277394996831,-45.582866728787508,-39.997118065386303,-50.560118518510649,19.885822202189001,21.547812789556271,2108.5333629826541,3016.6147546765969,-3924.6961463705388,0
972,1,GRU_GRAPH,50,MJ3,-4.7647315740448448,-57.516529312457109,-52.751797738412264,-23.886663354655113,-17.23316185533713,-24.219784193840496,33.629865957801997,51.345680720858844,591.12628529838344,1461.6566316920398,-2332.1869780856969,0
972,1,GRU_GRAPH,50,MJ1,-27.140724849198932,-65.790696965530515,-38.649972116331583,-27.023965914978927,-21.471960954737369,-26.982631763442214,38.766731050551577,49.006861284275026,743.48249406374578,1823.2573357128813,-2903.0321773620176,0
972,1,GRU_GRAPH,100,ATU1,-35.713196639781813,-57.476507409896605,-21.763310770114792,-35.099482523382441,-23.720414021388251,-35.869520109117275,22.37702488651415,24.753807410505608,1283.7869409220286,2081.8365210567094,-2879.88610119139,0
972,1,GRU_GRAPH,100,ATU5,-48.658411535979667,-65.468688930976498,-16.810277394996831,-40.573690418641355,-27.774660423131309,-43.405363315781642,24.894998512335153,26.331220464946661,1712.0664984912969,2703.8688548509876,-3695.6712112106775,0
972,1,GRU_GRAPH,100,MJ3,-4.7647315740448448,-57.516529312457109,-52.751797738412264,-23.729925964782442,-13.173008457336209,-23.653487185619269,33.786603347674671,50.291365725707891,599.13085045004857,1519.2376453336069,-2439.3444402171663,0
972,1,GRU_GRAPH,100,MJ1,-27.140724849198932,-65.790696965530515,-38.649972116331583,-27.259245252772523,-18.399589714202307,-27.096493287592011,38.531451712757985,48.134311841052941,767.53991589981626,1877.6662848931392,-2987.7926538864622,0
972,1,GRU_GRAPH,200,ATU1,-35.713196639781813,-57.476507409896605,-21.763310770114792,-29.082077569055077,-12.239758816814913,-33.881422475179079,28.394429840841525,29.359284905180935,923.17526165272591,1776.9223670084666,-2630.6694723642076,0
972,1,GRU_GRAPH,200,ATU5,-48.658411535979667,-65.468688930976498,-16.810277394996831,-36.965544954986477,-17.954147670705652,-45.850234978490676,28.503143975990028,29.089584414427268,1471.6277300989093,2507.2140955395612,-3542.8004609802138,0
972,1,GRU_GRAPH,200,MJ3,-4.7647315740448448,-57.516529312457109,-52.751797738412264,-24.343491033180278,-9.7301826572843311,-29.315855451605557,33.173038279276831,47.397839380810836,650.62653368807321,1686.3186312465016,-2722.0107288049303,0
972,1,GRU_GRAPH,200,MJ1,-27.140724849198932,-65.790696965530515,-38.649972116331583,-27.357443346673012,-15.973724446045708,-32.468324417822487,38.433253618857492,46.370559747845519,784.8323925741106,1969.6541057718955,-3154.4758189696809,0
972,1,COND_ATTN,0,ATU1,-35.713196639781813,-57.476507409896605,-21.763310770114792,0,0,0,57.476507409896605,59.098537058947514,0,0,0,
972,1,COND_ATTN,0,ATU5,-48.658411535979667,-65.468688930976498,-16.810277394996831,0,0,0,65.468688930976498,66.249561375033295,0,0,0,
972,1,COND_ATTN,0,MJ3,-4.7647315740448448,-57.516529312457109,-52.751797738412264,0,0,0,57.516529312457109,70.488055064486446,0,0,0,
972,1,COND_ATTN,0,MJ1,-27.140724849198932,-65.790696965530515,-38.649972116331583,0,0,0,65.790696965530515,72.8334032590692,0,0,0,
972,1,COND_ATTN,50,ATU1,-35.713196639781813,-57.476507409896605,-21.763310770114792,-1.5740142338949243,-20.666449196319547,8.4921824838368138,55.902493176001684,59.787162199212091,125.40716891227747,21.76974379258742,81.867681327102673,0.48122866894197952
972,1,COND_ATTN,50,ATU5,-48.658411535979667,-65.468688930976498,-16.810277394996831,1.0086942189955215,-38.479993669908481,24.588695018520184,66.477383149972027,72.021349602576137,473.46866389584369,-162.30087614817415,798.07041619219126,0.54948805460750849
972,1,COND_ATTN,50,MJ3,-4.7647315740448448,-57.516529312457109,-52.751797738412264,-20.765536381849252,10.090298592319868,-43.226213309925242,36.750992930607865,48.69273998924691,649.96436982682542,1623.7736744702461,-2597.5829791136675,0.12627986348122866
972,1,COND_ATTN,50,MJ1,-27.140724849198932,-65.790696965530515,-38.649972116331583,-13.684774486209992,-1.2806711808494811,-23.915617717063697,52.105922479320512,58.552363494312743,226.12718223844004,1051.226270883252,-1876.3253595280639,0.023890784982935155
972,1,COND_ATTN,100,ATU1,-35.713196639781813,-57.476507409896605,-21.763310770114792,-9.0062786817688831,-16.34146716369014,-11.611864256168815,48.470228728127715,50.719268221393854,142.89701209808888,531.54496284609468,-920.19291359409999,0.14675767918088736
972,1,COND_ATTN,100,ATU5,-48.658411535979667,-65.468688930976498,-16.810277394996831,-8.496228870681815,-21.945955468813054,-8.8814652383795192,56.972460060294686,59.444387080114467,325.65688570997429,590.51305638189876,-855.36922705382358,0.29010238907849828
972,1,COND_ATTN,100,MJ3,-4.7647315740448448,-57.516529312457109,-52.751797738412264,-24.327732107744872,2.6559456639101882,-44.667522783456889,33.188797204712237,43.047089956433545,838.60630632546292,1977.0601296911263,-3115.5139530567903,0.092150170648464161
972,1,COND_ATTN,100,MJ1,-27.140724849198932,-65.790696965530515,-38.649972116331583,-17.183941612436488,-10.381026955573475,-25.477614862104701,48.606755353094009,55.448267418107925,323.29745955895709,1276.74586509357,-2230.1942706281825,0
972,1,COND_ATTN,200,ATU1,-35.713196639781813,-57.476507409896605,-21.763310770114792,-16.407338467241434,-16.174103312816328,-19.255867878184517,41.06916894265516,42.764856240558117,291.99371743862963,977.89893533540976,-1663.8041532321899,0
972,1,COND_ATTN,200,ATU5,-48.658411535979667,-65.468688930976498,-16.810277394996831,-23.610963651338068,-22.815975887519244,-27.501274698600355,41.857725279638437,42.960419120789318,657.04701276604771,1600.2268920582351,-2543.4067713504228,0.0068259385665529011
972,1,COND_ATTN,200,MJ3,-4.7647315740448448,-57.516529312457109,-52.751797738412264,-24.230865367354991,-3.4755624277190691,-42.249294138629921,33.285663945102108,42.222370653365218,828.51446152230915,2007.175892353112,-3185.8373231839159,0.0068259385665529011
972,1,COND_ATTN,200,MJ1,-27.140724849198932,-65.790696965530515,-38.649972116331583,-18.018406536298759,-12.47809554726382,-26.860684251815201,47.772290429231738,53.932806034140953,368.34902585331594,1382.1530447176185,-2395.9570635819209,0
972,2,GRU_LOCAL,0,ATU1,-35.713196639781813,-57.476507409896605,-21.763310770114792,0,0,0,57.476507409896605,59.098537058947514,0,0,0,
972,2,GRU_LOCAL,0,ATU5,-48.658411535979667,-65.468688930976498,-16.810277394996831,0,0,0,65.468688930976498,66.249561375033295,0,0,0,
972,2,GRU_LOCAL,0,MJ3,-4.7647315740448448,-57.516529312457109,-52.751797738412264,0,0,0,57.516529312457109,70.488055064486446,0,0,0,
972,2,GRU_LOCAL,0,MJ1,-27.140724849198932,-65.790696965530515,-38.649972116331583,0,0,0,65.790696965530515,72.8334032590692,0,0,0,
972,2,GRU_LOCAL,50,ATU1,-35.713196639781813,-57.476507409896605,-21.763310770114792,-32.472796598570895,-31.94780920426706,-41.480632640415593,25.003710811325707,27.389909467051609,1092.6395354234564,1917.5347386589826,-2742.4299418945093,0
972,2,GRU_LOCAL,50,ATU5,-48.658411535979667,-65.468688930976498,-16.810277394996831,-32.119984659068137,-31.742371124427336,-43.169505503452683,33.348704271908368,34.381456778044694,1085.1954410721407,2146.0576266379439,-3206.9198122037478,0
972,2,GRU_LOCAL,50,MJ3,-4.7647315740448448,-57.516529312457109,-52.751797738412264,-23.105233320640234,-20.946647017096439,-30.19797356093386,34.411295991816871,50.911218027891245,554.68692394652919,1465.6503548185613,-2376.6137856905939,0
972,2,GRU_LOCAL,50,MJ1,-27.140724849198932,-65.790696965530515,-38.649972116331583,-26.382119669884187,-24.870774521077465,-33.086244816696308,39.408577295646325,48.660313554733307,711.41285527324158,1824.1456851632361,-2936.8785150532299,0
972,2,GRU_LOCAL,100,ATU1,-35.713196639781813,-57.476507409896605,-21.763310770114792,-30.168455508033414,-23.409166560797303,-35.291952733645189,27.308051901863195,29.141154356741392,950.21496533029199,1796.822585297328,-2643.4302052643648,0
972,2,GRU_LOCAL,100,ATU5,-48.658411535979667,-65.468688930976498,-16.810277394996831,-29.853772703456119,-22.099764450314524,-36.42429838446958,35.614916227520396,36.49638325800413,948.12673973723088,2002.572565603205,-3057.0183914691793,0
972,2,GRU_LOCAL,100,MJ3,-4.7647315740448448,-57.516529312457109,-52.751797738412264,-20.398423287488782,-12.386857966445177,-24.280719257892088,37.118106024968327,52.14402905254088,444.96993464140792,1347.2680377916258,-2249.5661409418449,0
972,2,GRU_LOCAL,100,MJ1,-27.140724849198932,-65.790696965530515,-38.649972116331583,-25.112845578064316,-18.479146516051969,-28.737414772090915,40.677851387466191,49.442561235714756,652.27803849635143,1756.2079036235698,-2860.1377687507884,0
972,2,GRU_LOCAL,200,ATU1,-35.713196639781813,-57.476507409896605,-21.763310770114792,-31.7940843911997,-19.203033670540378,-40.980356764857561,25.682423018696898,26.586013502754625,1085.2440986953891,1935.532533617265,-2785.8209685391412,0
972,2,GRU_LOCAL,200,ATU5,-48.658411535979667,-65.468688930976498,-16.810277394996831,-36.946813498450531,-21.381088607196148,-49.265564717118536,28.521875432525977,29.116771859301377,1482.5057282347677,2511.8618535562332,-3541.2179788776989,0
972,2,GRU_LOCAL,200,MJ3,-4.7647315740448448,-57.516529312457109,-52.751797738412264,-21.890626757982044,-7.4306166227372614,-29.633960858621549,35.625902554475054,48.584986771192753,547.25194665056858,1577.6584569338327,-2608.0649672170975,0
972,2,GRU_LOCAL,200,MJ1,-27.140724849198932,-65.790696965530515,-38.649972116331583,-25.987202071401033,-14.54178527635429,-32.759155397626955,39.803494894129472,47.215460338407333,719.42084171634656,1897.4128885234113,-3075.4049353304758,0
972,2,GRU_GRAPH,0,ATU1,-35.713196639781813,-57.476507409896605,-21.763310770114792,0,0,0,57.476507409896605,59.098537058947514,0,0,0,
972,2,GRU_GRAPH,0,ATU5,-48.658411535979667,-65.468688930976498,-16.810277394996831,0,0,0,65.468688930976498,66.249561375033295,0,0,0,
972,2,GRU_GRAPH,0,MJ3,-4.7647315740448448,-57.516529312457109,-52.751797738412264,0,0,0,57.516529312457109,70.488055064486446,0,0,0,
972,2,GRU_GRAPH,0,MJ1,-27.140724849198932,-65.790696965530515,-38.649972116331583,0,0,0,65.790696965530515,72.8334032590692,0,0,0,
972,2,GRU_GRAPH,50,ATU1,-35.713196639781813,-57.476507409896605,-21.763310770114792,-32.054513172529106,-31.573255831213032,-41.130278802274461,25.421994237367496,27.774566158358141,1065.7457612594585,1893.4781592411193,-2721.2105572227792,0
972,2,GRU_GRAPH,50,ATU5,-48.658411535979667,-65.468688930976498,-16.810277394996831,-31.576100955499932,-31.26133471161711,-42.709969844712646,33.892587975476573,34.908370329025736,1050.7109743103592,2110.5605188331292,-3170.4100633558992,0
972,2,GRU_GRAPH,50,MJ3,-4.7647315740448448,-57.516529312457109,-52.751797738412264,-24.155602494992369,-22.095181877163213,-31.463957329247023,33.360926817464744,50.178423995109661,604.93350743189364,1527.8125897864841,-2450.6916721410753,0
972,2,GRU_GRAPH,50,MJ1,-27.140724849198932,-65.790696965530515,-38.649972116331583,-25.430299867541574,-23.795309440053529,-32.025125784250577,40.36039709798893,49.439470578720801,662.03854781551945,1761.2409635047559,-2860.4433791939919,0
972,2,GRU_GRAPH,100,ATU1,-35.713196639781813,-57.476507409896605,-21.763310770114792,-29.997076355065246,-23.320286885720975,-35.330686327554076,27.479431054831352,29.28437825047731,939.38281258082543,1787.2225427857948,-2635.0622729907641,0
972,2,GRU_GRAPH,100,ATU5,-48.658411535979667,-65.468688930976498,-16.810277394996831,-29.906946671570015,-22.304375962886297,-36.824490858860599,35.561742259406493,36.418845862296024,950.6993910267787,2006.6857197347026,-3062.6720484426269,0
972,2,GRU_GRAPH,100,MJ3,-4.7647315740448448,-57.516529312457109,-52.751797738412264,-21.790713930026438,-13.665322169766341,-25.851668116264364,35.725815382430682,51.098672263788671,504.91171519782785,1431.2016574249067,-2357.4915996519867,0
972,2,GRU_GRAPH,100,MJ1,-27.140724849198932,-65.790696965530515,-38.649972116331583,-24.464239392864464,-17.722234694984536,-28.038209879859551,41.326457572666044,49.980921927216322,620.17763051876716,1713.3948520612328,-2806.6120736036983,0
972,2,GRU_GRAPH,200,ATU1,-35.713196639781813,-57.476507409896605,-21.763310770114792,-31.230069849281509,-18.904339381405009,-40.942298507186138,26.246437560615089,27.091739704683324,1049.0950382121616,1903.8848802468194,-2758.6747222814774,0
972,2,GRU_GRAPH,200,ATU5,-48.658411535979667,-65.468688930976498,-16.810277394996831,-36.731512528231178,-21.471578795202504,-49.709960888885007,28.73717640274533,29.272627752740476,1467.3137418669976,2499.7156943503942,-3532.1176468337917,0
972,2,GRU_GRAPH,200,MJ3,-4.7647315740448448,-57.516529312457109,-52.751797738412264,-22.47234796496565,-7.8630153379726835,-30.618417498413692,35.044181347491467,48.039913087425248,575.13866917597034,1617.9356632513352,-2660.732657326701,0
972,2,GRU_GRAPH,200,MJ1,-27.140724849198932,-65.790696965530515,-38.649972116331583,-25.175923924904751,-13.696378777017685,-32.071319242920708,40.614773040625764,47.876059995639395,677.7646271729036,1845.1760683825164,-3012.5875095921288,0
972,2,COND_ATTN,0,ATU1,-35.713196639781813,-57.476507409896605,-21.763310770114792,0,0,0,57.476507409896605,59.098537058947514,0,0,0,
972,2,COND_ATTN,0,ATU5,-48.658411535979667,-65.468688930976498,-16.810277394996831,0,0,0,65.468688930976498,66.249561375033295,0,0,0,
972,2,COND_ATTN,0,MJ3,-4.7647315740448448,-57.516529312457109,-52.751797738412264,0,0,0,57.516529312457109,70.488055064486446,0,0,0,
972,2,COND_ATTN,0,MJ1,-27.140724849198932,-65.790696965530515,-38.649972116331583,0,0,0,65.790696965530515,72.8334032590692,0,0,0,
972,2,COND_ATTN,50,ATU1,-35.713196639781813,-57.476507409896605,-21.763310770114792,-6.4225396879555756,-2.5837057072326388,-14.234406914433748,51.053967721941014,52.337301150416017,113.60018411532496,433.52208745689001,-753.44399079845471,0.25597269624573377
972,2,COND_ATTN,50,ATU5,-48.658411535979667,-65.468688930976498,-16.810277394996831,2.4115337108386949,14.447460313939246,-8.8720705065308039,67.880222641815195,68.974919696972933,247.19129893098457,-60.671932944288478,368.53516481956194,0.52901023890784982
972,2,COND_ATTN,50,MJ3,-4.7647315740448448,-57.516529312457109,-52.751797738412264,-33.647808317111796,-15.31599898689592,-31.794811824545832,23.868720995345313,43.651327147625217,1177.6445485014335,2120.3860467632512,-3063.12754502507,0
972,2,COND_ATTN,50,MJ1,-27.140724849198932,-65.790696965530515,-38.649972116331583,-15.820704142427887,-8.163523195541984,-17.75273409810984,49.969992823102615,58.083392012454901,257.09303717327884,1094.0586198994806,-1931.0242026256819,0
972,2,COND_ATTN,100,ATU1,-35.713196639781813,-57.476507409896605,-21.763310770114792,-13.601121318135304,-10.638401955407062,-16.614413247837206,43.8753860917613,45.210623007112567,242.1127038565362,845.3746768365362,-1448.6366498165362,0.037542662116040959
972,2,COND_ATTN,100,ATU5,-48.658411535979667,-65.468688930976498,-16.810277394996831,-21.78905532961036,-15.120201754922505,-29.459274929633466,43.679633601366142,46.503580887114531,867.18875589749337,1546.8050514786964,-2226.4213470598993,0.18430034129692832
972,2,COND_ATTN,100,MJ3,-4.7647315740448448,-57.516529312457109,-52.751797738412264,-16.486526127571363,10.907367073599062,-14.580162359894302,41.030003184885743,51.526175295527189,462.4746326379593,1388.0468994133175,-2313.6191661886764,0.16382252559726962
972,2,COND_ATTN,100,MJ1,-27.140724849198932,-65.790696965530515,-38.649972116331583,-13.147449165459182,-7.2051170080331985,-18.061052774390646,52.643247800071329,60.176694993848983,185.78131741372448,934.6256636645935,-1683.470009915462,0
972,2,COND_ATTN,200,ATU1,-35.713196639781813,-57.476507409896605,-21.763310770114792,-19.056276959400918,-17.175719633083304,-22.072735722392281,38.42023045049568,39.812212987938025,390.37194410132395,1148.9983618060876,-1907.6247795108511,0
972,2,COND_ATTN,200,ATU5,-48.658411535979667,-65.468688930976498,-16.810277394996831,-28.409512372840261,-22.741429355317791,-32.547583524391484,37.059176558136251,38.081983938729209,984.17714139275154,1961.4720115337129,-2938.7668816746736,0
972,2,COND_ATTN,200,MJ3,-4.7647315740448448,-57.516529312457109,-52.751797738412264,-13.528275833404841,-1.380781221066627,-20.227115214210926,43.988253479052275,53.460744261072527,326.48112893545215,1218.4979293808626,-2110.5147298262737,0.075085324232081918
972,2,COND_ATTN,200,MJ1,-27.140724849198932,-65.790696965530515,-38.649972116331583,-14.208029875810414,-11.789339189119346,-21.99529269320692,51.58266708972009,58.351884151916416,224.50595877645094,1062.1341024979843,-1899.7622462195172,0
1168,0,GRU_LOCAL,0,ATU1,-0.012984905847247319,-0.84180929042166308,-0.82882438457441576,0,0,0,0.84180929042166308,8.0682459891575906,0,0,0,
1168,0,GRU_LOCAL,0,ATU5,-0.016300767301913766,-7.3813527131132393,-7.3650519458113255,0,0,0,7.3813527131132393,9.1150067099766563,0,0,0,
1168,0,GRU_LOCAL,0,MJ3,0.006937126394632287,8.7790588990733696,8.7721217726787373,0,0,0,-8.7790588990733696,13.016273948901418,0,0,0,
1168,0,GRU_LOCAL,0,MJ1,-0.014211256160365338,-5.2411274404122556,-5.2269161842518903,0,0,0,5.2411274404122556,6.2971662230627254,0,0,0,
1168,0,GRU_LOCAL,50,ATU1,-0.012984905847247319,-0.84180929042166308,-0.82882438457441576,-16.96089490652556,-22.647314994153078,-20.438546349115029,-16.119085616103892,19.214054864642836,298.4110870049181,-2.8361119975146933,304.08331099994757,0.25938566552901021
1168,0,GRU_LOCAL,50,ATU5,-0.016300767301913766,-7.3813527131132393,-7.3650519458113255,-18.275681305258196,-25.458483792988318,-23.315292952785626,-10.894328592144959,13.583664524800094,353.49597899225097,126.03169219642892,101.43259459939308,0.075085324232081918
1168,0,GRU_LOCAL,50,MJ3,0.006937126394632287,8.7790588990733696,8.7721217726787373,-11.349803866931969,-13.588274881382404,-14.518974155393607,-20.128862766005341,22.999422652268098,133.74327560831119,-112.90338960825098,359.55005482481317,1
1168,0,GRU_LOCAL,50,MJ1,-0.014211256160365338,-5.2411274404122556,-5.2269161842518903,-11.58967771910525,-13.868231193437282,-14.066062876539036,-6.3485502786929926,7.9032122104748916,137.73362669793039,57.463582947506517,22.806460802917357,0.040955631399317405
1168,0,GRU_LOCAL,100,ATU1,-0.012984905847247319,-0.84180929042166308,-0.82882438457441576,-12.260611668546559,-18.902223643532523,-19.628758487480468,-11.418802378124898,16.195395283335188,169.06484685700616,-14.064694092455991,197.19423504191815,0.25938566552901021
1168,0,GRU_LOCAL,100,ATU5,-0.016300767301913766,-7.3813527131132393,-7.3650519458113255,-15.548750400925474,-24.021742930876712,-25.754741584484577,-8.1673976878122314,12.363724165507245,277.33421822445604,103.77794515331387,69.778327917828349,0.075085324232081918
1168,0,GRU_LOCAL,100,MJ3,0.006937126394632287,8.7790588990733696,8.7721217726787373,-10.055224673317284,-13.468822563470212,-16.376872128677633,-18.83428357239065,22.498333259194858,111.40729137318871,-112.67216027787745,336.75161192894382,1
1168,0,GRU_LOCAL,100,MJ1,-0.014211256160365338,-5.2411274404122556,-5.2269161842518903,-9.4441772742873127,-12.290377787498414,-14.040249365431805,-4.2030498338750579,6.8124402512654036,94.278897866713933,43.761929065267466,6.7550397361789649,0.040955631399317405
1168,0,GRU_LOCAL,200,ATU1,-0.012984905847247319,-0.84180929042166308,-0.82882438457441576,-10.10901385102451,-16.07621509606895,-18.635590943995624,-9.267204560602849,14.866876024327764,124.35642158378928,-15.78549389869243,155.92740938117416,0.25938566552901021
1168,0,GRU_LOCAL,200,ATU5,-0.016300767301913766,-7.3813527131132393,-7.3650519458113255,-16.342541170628387,-24.096253919432911,-28.960893652059553,-8.9611884575151475,13.385251255200137,312.76161184639273,108.34000400223768,96.081603841917357,0.075085324232081918
1168,0,GRU_LOCAL,200,MJ3,0.006937126394632287,8.7790588990733696,8.7721217726787373,-10.518895160420481,-14.402060071797678,-19.99999766613405,-19.297954059493854,23.481494256550548,130.53960670290232,-125.7087891523322,381.95718500756675,1
1168,0,GRU_LOCAL,200,MJ1,-0.014211256160365338,-5.2411274404122556,-5.2269161842518903,-9.5978416050179831,-11.989079012030061,-15.829852622031353,-4.3567141646057275,7.2882122871600545,99.67470780608889,43.105485952130074,13.463735901828727,0.040955631399317405
1168,0,GRU_GRAPH,0,ATU1,-0.012984905847247319,-0.84180929042166308,-0.82882438457441576,0,0,0,0.84180929042166308,8.0682459891575906,0,0,0,
1168,0,GRU_GRAPH,0,ATU5,-0.016300767301913766,-7.3813527131132393,-7.3650519458113255,0,0,0,7.3813527131132393,9.1150067099766563,0,0,0,
1168,0,GRU_GRAPH,0,MJ3,0.006937126394632287,8.7790588990733696,8.7721217726787373,0,0,0,-8.7790588990733696,13.016273948901418,0,0,0,
1168,0,GRU_GRAPH,0,MJ1,-0.014211256160365338,-5.2411274404122556,-5.2269161842518903,0,0,0,5.2411274404122556,6.2971662230627254,0,0,0,
1168,0,GRU_GRAPH,50,ATU1,-0.012984905847247319,-0.84180929042166308,-0.82882438457441576,-16.869270914414486,-22.54604848574769,-20.345395727718198,-16.027461623992821,19.134524663389083,295.27431067275381,-2.879565039766887,301.03344075228756,0.25938566552901021
1168,0,GRU_GRAPH,50,ATU5,-0.016300767301913766,-7.3813527131132393,-7.3650519458113255,-18.154184197119474,-25.323652821056726,-23.187087029920917,-10.772831484006234,13.482455912853199,348.97155761287615,125.13914374688272,98.693270119110721,0.075085324232081918
1168,0,GRU_GRAPH,50,MJ3,0.006937126394632287,8.7790588990733696,8.7721217726787373,-11.306654250879559,-13.515288485760038,-14.435713096646623,-20.08571314995293,22.953547538908623,132.69349558452001,-112.37423076178415,357.44195710808845,1
1168,0,GRU_GRAPH,50,MJ1,-0.014211256160365338,-5.2411274404122556,-5.2269161842518903,-11.493817585195673,-13.784173196376628,-13.979075914552482,-6.2526901447834167,7.8273616041577032,135.51130611906569,56.949009438852755,21.613287241360183,0.040955631399317405
1168,0,GRU_GRAPH,100,ATU1,-0.012984905847247319,-0.84180929042166308,-0.82882438457441576,-12.064242057814024,-18.670525501120096,-19.403845465313964,-11.222432767392363,16.044651967681101,164.13030360057533,-14.101979910940079,192.33426342245548,0.25938566552901021
1168,0,GRU_GRAPH,100,ATU5,-0.016300767301913766,-7.3813527131132393,-7.3650519458113255,-15.285976498502009,-23.696147971444134,-25.423775565196252,-7.9046237853887664,12.16936825236102,268.74868491445238,101.86925428789975,65.01017633865284,0.075085324232081918
1168,0,GRU_GRAPH,100,MJ3,0.006937126394632287,8.7790588990733696,8.7721217726787373,-9.8424956880973404,-13.20922846900271,-16.076827547437233,-18.62155458717071,22.300216589390018,106.96500965087911,-110.45563138498846,327.87627242085603,1
1168,0,GRU_GRAPH,100,MJ1,-0.014211256160365338,-5.2411274404122556,-5.2269161842518903,-9.2809990173165051,-12.12966553007459,-13.842025858979355,-4.0398715769042486,6.7012955601482105,91.139387986206359,42.943164121313153,5.2530597435800459,0.040955631399317405
1168,0,GRU_GRAPH,200,ATU1,-0.012984905847247319,-0.84180929042166308,-0.82882438457441576,-9.8532858274448394,-15.638016231603729,-18.170057571509972,-9.011476537023178,14.63370602721346,118.34767549616876,-15.350541626588631,149.04875874934604,0.25938566552901021
1168,0,GRU_GRAPH,200,ATU5,-0.016300767301913766,-7.3813527131132393,-7.3650519458113255,-15.97054621596949,-23.463856184000974,-28.207508354557604,-8.5891935028562507,13.024526383081904,298.25216387437598,105.84861184684942,86.554940180677093,0.075085324232081918
1168,0,GRU_GRAPH,200,MJ3,0.006937126394632287,8.7790588990733696,8.7721217726787373,-9.9554551844242916,-13.720305058624035,-19.14589570221483,-18.734514083497661,22.953081180268821,118.11688737368038,-119.65183039074032,357.4205481551611,1
1168,0,GRU_GRAPH,200,MJ1,-0.014211256160365338,-5.2411274404122556,-5.2269161842518903,-9.20105711628457,-11.57291286399834,-15.24951537783204,-3.9599296758723144,7.0024272896762403,91.837542099938887,41.228928296809208,9.3796855063204632,0.040955631399317405
1168,0,COND_ATTN,0,ATU1,-0.012984905847247319,-0.84180929042166308,-0.82882438457441576,0,0,0,0.84180929042166308,8.0682459891575906,0,0,0,
1168,0,COND_ATTN,0,ATU5,-0.016300767301913766,-7.3813527131132393,-7.3650519458113255,0,0,0,7.3813527131132393,9.1150067099766563,0,0,0,
1168,0,COND_ATTN,0,MJ3,0.006937126394632287,8.7790588990733696,8.7721217726787373,0,0,0,-8.7790588990733696,13.016273948901418,0,0,0,
1168,0,COND_ATTN,0,MJ1,-0.014211256160365338,-5.2411274404122556,-5.2269161842518903,0,0,0,5.2411274404122556,6.2971662230627254,0,0,0,
1168,0,COND_ATTN,50,ATU1,-0.012984905847247319,-0.84180929042166308,-0.82882438457441576,-9.3846310578484591,-5.0650020653133083,-19.674827973175525,-8.5428217674267959,14.450853142471692,121.9612866890253,-10.884638257350572,143.73056320372643,0.31058020477815701
1168,0,COND_ATTN,50,ATU5,-0.016300767301913766,-7.3813527131132393,-7.3650519458113255,-1.9078494111479025,1.9537328263753579,-14.564359648050527,5.4735033019653372,12.093008354122484,78.85204833988216,7.8472723049627167,63.15750372995673,0.48122866894197952
1168,0,COND_ATTN,50,MJ3,0.006937126394632287,8.7790588990733696,8.7721217726787373,-30.677001835883086,-26.368555564937651,-42.540910927701589,-39.456060734956452,43.039242286114188,1017.7649801961044,-332.59400442694283,1682.9529890499898,1
1168,0,COND_ATTN,50,MJ1,-0.014211256160365338,-5.2411274404122556,-5.2269161842518903,-22.395205091454081,-18.02313870375599,-32.293018719071483,-17.15407765104182,19.109829194904453,539.56537983184512,107.01705520715237,325.53126941754044,0.040955631399317405
1168,0,COND_ATTN,100,ATU1,-0.012984905847247319,-0.84180929042166308,-0.82882438457441576,-9.5745960185704426,0.57891313549089318,-19.372308121846856,-8.7327867281487759,14.168036799649698,124.26292702781862,-5.6868731934259671,135.63667341467055,0.32081911262798635
1168,0,COND_ATTN,100,ATU5,-0.016300767301913766,-7.3813527131132393,-7.3650519458113255,1.0334415749153096,17.558344675313151,-17.281130599580024,8.4147942880285491,15.513238002330185,171.0850196874411,6.7539068467096026,157.57720599402194,0.5460750853242321
1168,0,COND_ATTN,100,MJ3,0.006937126394632287,8.7790588990733696,8.7721217726787373,-30.989453438132831,-35.361199049438937,-50.965134755655527,-39.768512337206197,45.808439074385603,1152.1094971486914,-388.44010288507843,1928.9897029188483,1
1168,0,COND_ATTN,100,MJ1,-0.014211256160365338,-5.2411274404122556,-5.2269161842518903,-24.06039582338687,-22.299699243935265,-35.440949862354273,-18.819268382974613,20.959718119879881,621.77360754685787,111.05906316145943,399.65548122393898,0.040955631399317405
1168,0,COND_ATTN,200,ATU1,-0.012984905847247319,-0.84180929042166308,-0.82882438457441576,-12.006611360572077,-7.335046022548056,-20.819280165109433,-11.164802070150413,15.733431992547771,167.47480008060529,-7.4847444209814622,182.44428892256818,0.25938566552901021
1168,0,COND_ATTN,200,ATU5,-0.016300767301913766,-7.3813527131132393,-7.3650519458113255,0.37786473870061493,14.084816612911368,-18.013921449787972,7.7592174518138552,14.064448976748489,125.41559323535871,5.3451077693583136,114.72537769664213,0.60068259385665534
1168,0,COND_ATTN,200,MJ3,0.006937126394632287,8.7790588990733696,8.7721217726787373,-46.295022932708733,-39.405467189228375,-64.971884180147072,-55.074081831782109,58.996238124217577,2288.1284174067678,-511.5021539448831,3311.1327252965339,1
1168,0,COND_ATTN,200,MJ1,-0.014211256160365338,-5.2411274404122556,-5.2269161842518903,-36.160876262288959,-36.288099536762843,-45.71357798152701,-30.919748821876695,31.96685359537717,1340.5995898825445,179.18708176757411,982.22542634739625,0.040955631399317405
1168,1,GRU_LOCAL,0,ATU1,-0.012984905847247319,-0.84180929042166308,-0.82882438457441576,0,0,0,0.84180929042166308,8.0682459891575906,0,0,0,
1168,1,GRU_LOCAL,0,ATU5,-0.016300767301913766,-7.3813527131132393,-7.3650519458113255,0,0,0,7.3813527131132393,9.1150067099766563,0,0,0,
1168,1,GRU_LOCAL,0,MJ3,0.006937126394632287,8.7790588990733696,8.7721217726787373,0,0,0,-8.7790588990733696,13.016273948901418,0,0,0,
1168,1,GRU_LOCAL,0,MJ1,-0.014211256160365338,-5.2411274404122556,-5.2269161842518903,0,0,0,5.2411274404122556,6.2971662230627254,0,0,0,
1168,1,GRU_LOCAL,50,ATU1,-0.012984905847247319,-0.84180929042166308,-0.82882438457441576,-11.841957610563425,-19.262395472198023,-15.103302159370514,-11.000148320141763,14.937543262268406,148.65566615891353,-4.6889696058346209,158.03360537058273,0.25938566552901021
1168,1,GRU_LOCAL,50,ATU5,-0.016300767301913766,-7.3813527131132393,-7.3650519458113255,-10.170051712134612,-18.153737526038071,-15.181740601651427,-2.788698999021372,8.4372319665065021,117.34880583397018,64.622634950125217,-11.896464066280288,0.075085324232081918
1168,1,GRU_LOCAL,50,MJ3,0.006937126394632287,8.7790588990733696,8.7721217726787373,-5.6840783577973326,-9.6665229796221865,-7.6882476042717371,-14.463137256870702,17.861616029739611,35.391542658030971,-57.111198511485156,149.61393968100137,1
1168,1,GRU_LOCAL,50,MJ1,-0.014211256160365338,-5.2411274404122556,-5.2269161842518903,-7.4506300995586576,-10.880930075829951,-10.129087198460866,-2.2095026591464015,5.4272555904849256,59.348692248584065,34.773945722508124,-10.199199196432193,0.040955631399317405
1168,1,GRU_LOCAL,100,ATU1,-0.012984905847247319,-0.84180929042166308,-0.82882438457441576,-10.366126918473578,-17.11742572162126,-15.982071933436373,-9.5243176280519126,14.483646035003877,121.82016672954474,-11.429621198090658,144.67940912572601,0.25938566552901021
1168,1,GRU_LOCAL,100,ATU5,-0.016300767301913766,-7.3813527131132393,-7.3650519458113255,-9.0304984411888487,-15.742549020813954,-16.943563582504225,-1.6491457280756083,8.8639507120904568,104.37835362732733,54.446039361938929,-4.5137250965505444,0.075085324232081918
1168,1,GRU_LOCAL,100,MJ3,0.006937126394632287,8.7790588990733696,8.7721217726787373,-5.9874910952331248,-9.730076477010698,-9.3758723442817882,-14.766549994306494,18.442840197605502,41.064144670282516,-64.825411185640547,170.71496704156365,1
1168,1,GRU_LOCAL,100,MJ1,-0.014211256160365338,-5.2411274404122556,-5.2269161842518903,-7.6621285566974118,-10.509588827016614,-11.575821424095921,-2.4210011162851566,5.9719943961245958,65.425742140500162,34.707663757019333,-3.9895853735384961,0.040955631399317405
1168,1,GRU_LOCAL,200,ATU1,-0.012984905847247319,-0.84180929042166308,-0.82882438457441576,-6.6733798556550719,-12.352279295551682,-16.825940302264883,-5.8315705652334078,13.452192291203477,70.643836709519221,-22.610523694218735,115.86488409795672,0.29692832764505117
1168,1,GRU_LOCAL,200,ATU5,-0.016300767301913766,-7.3813527131132393,-7.3650519458113255,-7.1066809325842932,-11.892992887492255,-20.089570879731127,0.27467178052894603,9.7106340804341986,86.844053272413248,37.815493175621278,11.213066921170679,0.17406143344709898
1168,1,GRU_LOCAL,200,MJ3,0.006937126394632287,8.7790588990733696,8.7721217726787373,-7.7649066450283444,-10.331552721339904,-13.320230492826568,-16.543965544101713,20.27527534233807,68.258280837522065,-86.702560928625175,241.66340269477249,1
1168,1,GRU_LOCAL,200,MJ1,-0.014211256160365338,-5.2411274404122556,-5.2269161842518903,-8.9107974959414111,-9.7181051636796383,-14.536030860517144,-3.6696700555291559,6.8945665910756295,87.902688454264364,40.010971208185097,7.8807460378941627,0.040955631399317405
1168,1,GRU_GRAPH,0,ATU1,-0.012984905847247319,-0.84180929042166308,-0.82882438457441576,0,0,0,0.84180929042166308,8.0682459891575906,0,0,0,
1168,1,GRU_GRAPH,0,ATU5,-0.016300767301913766,-7.3813527131132393,-7.3650519458113255,0,0,0,7.3813527131132393,9.1150067099766563,0,0,0,
1168,1,GRU_GRAPH,0,MJ3,0.006937126394632287,8.7790588990733696,8.7721217726787373,0,0,0,-8.7790588990733696,13.016273948901418,0,0,0,
1168,1,GRU_GRAPH,0,MJ1,-0.014211256160365338,-5.2411274404122556,-5.2269161842518903,0,0,0,5.2411274404122556,6.2971662230627254,0,0,0,
1168,1,GRU_GRAPH,50,ATU1,-0.012984905847247319,-0.84180929042166308,-0.82882438457441576,-11.904807983993505,-19.316639337623144,-15.142302617889982,-11.06299869357184,14.981688427287697,150.1502385321144,-4.6020781293270776,159.35439479076859,0.25938566552901021
1168,1,GRU_GRAPH,50,ATU5,-0.016300767301913766,-7.3813527131132393,-7.3650519458113255,-10.240061733650375,-18.214097663187886,-15.223837320934535,-2.8587090205371344,8.4655137413137531,118.79776736815582,65.10809589335166,-11.418424418547488,0.075085324232081918
1168,1,GRU_GRAPH,50,MJ3,0.006937126394632287,8.7790588990733696,8.7721217726787373,-5.7382689344608773,-9.6915129938893188,-7.7171531058347682,-14.517327833534244,17.901586911022047,35.951599962250157,-57.545913228888054,151.04342642002624,1
1168,1,GRU_GRAPH,50,MJ1,-0.014211256160365338,-5.2411274404122556,-5.2269161842518903,-7.4500917375756437,-10.902703869722814,-10.12058258493073,-2.2089642971633885,5.4333226898780369,59.40235346437052,34.767830226454535,-10.133306988538564,0.040955631399317405
1168,1,GRU_GRAPH,100,ATU1,-0.012984905847247319,-0.84180929042166308,-0.82882438457441576,-10.593272948753837,-17.313686870029812,-16.133858712281153,-9.7514636583321721,14.615848206120242,126.37188636518863,-11.077269538801046,148.52642544279078,0.25938566552901021
1168,1,GRU_GRAPH,100,ATU5,-0.016300767301913766,-7.3813527131132393,-7.3650519458113255,-9.273216442455313,-15.942728162828189,-17.098553721555277,-1.8918637293420717,8.8860593901807494,108.50976152308672,56.315528680093337,-4.1212958370999928,0.075085324232081918
1168,1,GRU_GRAPH,100,MJ3,0.006937126394632287,8.7790588990733696,8.7721217726787373,-6.1440365475789998,-9.83169141168446,-9.4860762724586039,-14.923095446652367,18.558246469398856,42.823703610293371,-66.080710447906029,174.98512450610545,1
1168,1,GRU_GRAPH,100,MJ1,-0.014211256160365338,-5.2411274404122556,-5.2269161842518903,-7.7482461335224384,-10.579780396629644,-11.600859673498576,-2.5071186931101836,5.9914019163004495,66.700351735854412,35.228878627043905,-3.7574055182333765,0.040955631399317405
1168,1,GRU_GRAPH,200,ATU1,-0.012984905847247319,-0.84180929042166308,-0.82882438457441576,-6.8663303887751992,-12.502514445271856,-16.855683617944806,-6.0245210983535351,13.491496605745223,72.61855425868481,-22.152666531296255,116.92388732127731,0.28327645051194539
1168,1,GRU_GRAPH,200,ATU5,-0.016300767301913766,-7.3813527131132393,-7.3650519458113255,-7.3121011581222994,-12.044128736241419,-20.095069852402503,0.069251554990940684,9.6332069264466238,88.861604771909825,39.573138203545028,9.7153283648197544,0.12969283276450511
1168,1,GRU_GRAPH,200,MJ3,0.006937126394632287,8.7790588990733696,8.7721217726787373,-7.9851630774990818,-10.383086598171076,-13.35348337449318,-16.764221976572447,20.418043503450367,71.178725033681587,-88.147193981130215,247.47311299594205,1
1168,1,GRU_GRAPH,200,MJ1,-0.014211256160365338,-5.2411274404122556,-5.2269161842518903,-8.9185908658747177,-9.6360114043143312,-14.360818827156891,-3.6774634254624625,6.8380078837922902,87.617743396303638,40.256847009190096,7.1040493779234453,0.040955631399317405
1168,1,COND_ATTN,0,ATU1,-0.012984905847247319,-0.84180929042166308,-0.82882438457441576,0,0,0,0.84180929042166308,8.0682459891575906,0,0,0,
1168,1,COND_ATTN,0,ATU5,-0.016300767301913766,-7.3813527131132393,-7.3650519458113255,0,0,0,7.3813527131132393,9.1150067099766563,0,0,0,
1168,1,COND_ATTN,0,MJ3,0.006937126394632287,8.7790588990733696,8.7721217726787373,0,0,0,-8.7790588990733696,13.016273948901418,0,0,0,
1168,1,COND_ATTN,0,MJ1,-0.014211256160365338,-5.2411274404122556,-5.2269161842518903,0,0,0,5.2411274404122556,6.2971662230627254,0,0,0,
1168,1,COND_ATTN,50,ATU1,-0.012984905847247319,-0.84180929042166308,-0.82882438457441576,-7.8036676870699351,-15.704122874265408,-10.002773907967651,-6.9618583966482719,13.861863818999831,108.87931007364273,-9.0876825606481422,127.05467519493902,0.41979522184300339
1168,1,COND_ATTN,50,ATU5,-0.016300767301913766,-7.3813527131132393,-7.3650519458113255,-2.9473114056671479,-15.508081179667329,1.7130066092903462,4.4340413074460923,13.481384716127117,95.134305688444769,-1.7650404264308044,98.664386541306371,0.39931740614334471
1168,1,COND_ATTN,50,MJ3,0.006937126394632287,8.7790588990733696,8.7721217726787373,-29.632940986030597,-21.739276478728698,-35.965646251563385,-38.411999885103967,40.014538278803215,895.93754858347279,-267.90116878474271,1431.739886152958,1
1168,1,COND_ATTN,50,MJ1,-0.014211256160365338,-5.2411274404122556,-5.2269161842518903,-19.701398976660538,-14.26302579880371,-27.02911780595457,-14.46027153624828,15.482091127635465,398.61940417992076,99.289280468197006,200.04084324352669,0.040955631399317405
1168,1,COND_ATTN,100,ATU1,-0.012984905847247319,-0.84180929042166308,-0.82882438457441576,-16.23774222747652,-21.670065812869325,-17.876839216806218,-15.395932937054857,19.205768215688959,301.64937175729466,-1.0577838279580369,303.76493941321075,0.25938566552901021
1168,1,COND_ATTN,100,ATU5,-0.016300767301913766,-7.3813527131132393,-7.3650519458113255,-15.588490756552895,-28.803914803104703,-6.9295329414962907,-8.2071380434396559,19.012780721784519,459.97225385492953,90.784885201593966,278.40248345174166,0.2696245733788396
1168,1,COND_ATTN,100,MJ3,0.006937126394632287,8.7790588990733696,8.7721217726787373,-24.628493531968605,-8.382324557153197,-44.115077042391931,-33.407552431041978,38.312626765588192,718.66628526500392,-289.88384845070561,1298.4339821664148,1
1168,1,COND_ATTN,100,MJ1,-0.014211256160365338,-5.2411274404122556,-5.2269161842518903,-21.277656150287122,-13.955553702557609,-35.137855629822866,-16.036528709874862,18.332085032655542,496.54396593468113,100.06646336552491,296.41103920363128,0.040955631399317405
1168,1,COND_ATTN,200,ATU1,-0.012984905847247319,-0.84180929042166308,-0.82882438457441576,-20.471750344438572,-17.791454842418716,-19.638508855897385,-19.629941054016907,22.036958428482631,442.00323908903306,10.736147825959437,420.53094343711416,0.25938566552901021
1168,1,COND_ATTN,200,ATU5,-0.016300767301913766,-7.3813527131132393,-7.3650519458113255,-18.174647576062565,-11.534228357362394,-4.3598526183732247,-10.793294862949324,15.604156278073091,445.08015764337739,142.33690590788447,160.40634582760845,0.075085324232081918
1168,1,COND_ATTN,200,MJ3,0.006937126394632287,8.7790588990733696,8.7721217726787373,-18.38075938408004,-8.931624080922802,-47.335102691438578,-27.159818283153403,36.606844105631112,576.9655890527672,-296.83602940418126,1170.6376478611294,0.95563139931740615
1168,1,COND_ATTN,200,MJ1,-0.014211256160365338,-5.2411274404122556,-5.2269161842518903,-26.40198148952415,-23.482692616801955,-44.549614309631238,-21.160854049111894,23.471392768771871,761.04616942867983,124.89709668180275,511.25197606507442,0.040955631399317405
1168,2,GRU_LOCAL,0,ATU1,-0.012984905847247319,-0.84180929042166308,-0.82882438457441576,0,0,0,0.84180929042166308,8.0682459891575906,0,0,0,
1168,2,GRU_LOCAL,0,ATU5,-0.016300767301913766,-7.3813527131132393,-7.3650519458113255,0,0,0,7.3813527131132393,9.1150067099766563,0,0,0,
1168,2,GRU_LOCAL,0,MJ3,0.006937126394632287,8.7790588990733696,8.7721217726787373,0,0,0,-8.7790588990733696,13.016273948901418,0,0,0,
1168,2,GRU_LOCAL,0,MJ1,-0.014211256160365338,-5.2411274404122556,-5.2269161842518903,0,0,0,5.2411274404122556,6.2971662230627254,0,0,0,
1168,2,GRU_LOCAL,50,ATU1,-0.012984905847247319,-0.84180929042166308,-0.82882438457441576,-9.9960892566173971,-18.003498934764764,-13.364242923402969,-9.1542799661957321,13.835420718262396,110.38091442260884,-7.9706793435789871,126.32227310976683,0.25938566552901021
1168,2,GRU_LOCAL,50,ATU5,-0.016300767301913766,-7.3813527131132393,-7.3650519458113255,-8.7208700362710996,-18.188947092150102,-12.997261164013253,-1.3395173231578603,7.8139509821873316,91.579076272584715,56.802296821738913,-22.025517370893098,0.075085324232081918
1168,2,GRU_LOCAL,50,MJ3,0.006937126394632287,8.7790588990733696,8.7721217726787373,-8.7809161677490177,-13.42504800189522,-11.463310551907625,-17.559975066822386,20.720108521531174,82.590260687442054,-88.654624471868459,259.89950963117906,1
1168,2,GRU_LOCAL,50,MJ1,-0.014211256160365338,-5.2411274404122556,-5.2269161842518903,-10.942590416263746,-14.808926669861194,-13.952813415481728,-5.7014629758514896,7.6566217055966561,125.9424385462644,53.486442522266309,18.969553501731774,0.040955631399317405
1168,2,GRU_LOCAL,100,ATU1,-0.012984905847247319,-0.84180929042166308,-0.82882438457441576,-10.882579213287434,-19.18053606472472,-17.918567511365552,-10.040769922865769,14.92349889966669,133.40746348513059,-12.103381290832393,157.61422606679537,0.25938566552901021
1168,2,GRU_LOCAL,100,ATU5,-0.016300767301913766,-7.3813527131132393,-7.3650519458113255,-11.486943988002023,-21.334768605682257,-20.654549162007925,-4.1055912748887824,9.307478143650334,155.69864172284088,76.076419825615858,3.545802071609188,0.075085324232081918
1168,2,GRU_LOCAL,100,MJ3,0.006937126394632287,8.7790588990733696,8.7721217726787373,-11.051574034773013,-16.714611654892451,-16.557094972364666,-19.830632933846381,23.091760600557187,129.86331670701657,-116.97135170678942,363.80602012059546,1
1168,2,GRU_LOCAL,100,MJ1,-0.014211256160365338,-5.2411274404122556,-5.2269161842518903,-12.744375420885277,-17.071700807521779,-18.076311335171908,-7.5032479804730219,9.449989258634357,170.33162992264002,60.341817687608675,49.647994547422648,0.040955631399317405
1168,2,GRU_LOCAL,200,ATU1,-0.012984905847247319,-0.84180929042166308,-0.82882438457441576,-11.389074288374207,-16.494744021986207,-20.547257213780881,-10.547264997952544,15.486037310838856,147.3530566609862,-13.683850795074678,174.72075825113561,0.25938566552901021
1168,2,GRU_LOCAL,200,ATU5,-0.016300767301913766,-7.3813527131132393,-7.3650519458113255,-15.459140061549963,-20.926366461970019,-27.88625225257681,-8.0777873484367255,11.872693046658107,269.1479935574709,105.6352503501133,57.877492857244292,0.075085324232081918
1168,2,GRU_LOCAL,200,MJ3,0.006937126394632287,8.7790588990733696,8.7721217726787373,-14.138742101344324,-19.244933796324176,-23.262650351085767,-22.917801000417693,26.323826769748607,215.16241859006996,-154.17902485040685,523.52046829088363,1
1168,2,GRU_LOCAL,200,MJ1,-0.014211256160365338,-5.2411274404122556,-5.2269161842518903,-15.252922019474889,-17.619416534970355,-22.946268185978738,-10.011794579062633,11.874188225943886,243.92523162067567,71.291594018206695,101.34204358426231,0.040955631399317405
1168,2,GRU_GRAPH,0,ATU1,-0.012984905847247319,-0.84180929042166308,-0.82882438457441576,0,0,0,0.84180929042166308,8.0682459891575906,0,0,0,
1168,2,GRU_GRAPH,0,ATU5,-0.016300767301913766,-7.3813527131132393,-7.3650519458113255,0,0,0,7.3813527131132393,9.1150067099766563,0,0,0,
1168,2,GRU_GRAPH,0,MJ3,0.006937126394632287,8.7790588990733696,8.7721217726787373,0,0,0,-8.7790588990733696,13.016273948901418,0,0,0,
1168,2,GRU_GRAPH,0,MJ1,-0.014211256160365338,-5.2411274404122556,-5.2269161842518903,0,0,0,5.2411274404122556,6.2971662230627254,0,0,0,
1168,2,GRU_GRAPH,50,ATU1,-0.012984905847247319,-0.84180929042166308,-0.82882438457441576,-10.270991858851056,-18.450457889824861,-13.751295629094898,-9.4291825684293933,14.059657526174428,116.38283381964774,-8.0972712960539841,132.57737641175569,0.25938566552901021
1168,2,GRU_GRAPH,50,ATU5,-0.016300767301913766,-7.3813527131132393,-7.3650519458113255,-8.9374317478388345,-18.597483441393251,-13.348149287253364,-1.5560790347255946,7.9202487187486588,96.022450377115518,58.187728966597618,-20.353007556079696,0.075085324232081918
1168,2,GRU_GRAPH,50,MJ3,0.006937126394632287,8.7790588990733696,8.7721217726787373,-8.9632346335185638,-13.741404034063635,-11.711005514561521,-17.742293532591937,20.88668077846685,85.979576607918531,-90.425234910404185,266.83004642872686,1
1168,2,GRU_GRAPH,50,MJ1,-0.014211256160365338,-5.2411274404122556,-5.2269161842518903,-11.034320591653479,-14.934960549841549,-14.106470552683163,-5.7931931512412245,7.73970446005473,128.03731924276317,53.894298277327081,20.248722688109012,0.040955631399317405
1168,2,GRU_GRAPH,100,ATU1,-0.012984905847247319,-0.84180929042166308,-0.82882438457441576,-11.107644236173208,-19.454563123376204,-18.230214378659241,-10.265834945751543,15.090256836451186,138.541259414976,-12.038999316764105,162.61925804850421,0.25938566552901021
1168,2,GRU_GRAPH,100,ATU5,-0.016300767301913766,-7.3813527131132393,-7.3650519458113255,-11.633071853663891,-21.498796296466253,-20.859154697699864,-4.2517191405506516,9.379376832930582,159.1264592502896,77.118548399547095,4.8893624511954386,0.075085324232081918
1168,2,GRU_GRAPH,100,MJ3,0.006937126394632287,8.7790588990733696,8.7721217726787373,-11.007532225681025,-16.764074915269248,-16.57687858873328,-19.786591124754391,23.059269826517511,128.99094204676689,-116.65779768626216,362.3065374192912,1
1168,2,GRU_GRAPH,100,MJ1,-0.014211256160365338,-5.2411274404122556,-5.2269161842518903,-12.743494561004692,-17.047875703308932,-18.113252888188526,-7.5023671205924378,9.446347244892829,170.22514072706241,60.32298344842507,49.579173830212262,0.040955631399317405
1168,2,GRU_GRAPH,200,ATU1,-0.012984905847247319,-0.84180929042166308,-0.82882438457441576,-11.824163319074891,-16.685933477389199,-21.110414610820669,-10.982354028653225,15.804351328210061,157.51684640489989,-13.582040579518825,184.68092756393759,0.25938566552901021
1168,2,GRU_GRAPH,200,ATU5,-0.016300767301913766,-7.3813527131132393,-7.3650519458113255,-16.326110779827477,-21.319895235301374,-28.841795390374386,-8.9447580667142397,12.444209726013948,296.17253983263777,112.19876572526853,71.775008382100665,0.075085324232081918
1168,2,GRU_GRAPH,200,MJ3,0.006937126394632287,8.7790588990733696,8.7721217726787373,-14.273481410953707,-19.281938262346102,-23.547684830984508,-23.052540310027076,26.455997486018184,219.15651665283158,-155.66994940725962,530.49641546735086,1
1168,2,GRU_GRAPH,200,MJ1,-0.014211256160365338,-5.2411274404122556,-5.2269161842518903,-15.324536117576423,-17.489729413869327,-23.113537700544043,-10.08340867716417,11.936486284885182,246.12930489667048,71.651951254150234,102.82540238837001,0.040955631399317405
1168,2,COND_ATTN,0,ATU1,-0.012984905847247319,-0.84180929042166308,-0.82882438457441576,0,0,0,0.84180929042166308,8.0682459891575906,0,0,0,
1168,2,COND_ATTN,0,ATU5,-0.016300767301913766,-7.3813527131132393,-7.3650519458113255,0,0,0,7.3813527131132393,9.1150067099766563,0,0,0,
1168,2,COND_ATTN,0,MJ3,0.006937126394632287,8.7790588990733696,8.7721217726787373,0,0,0,-8.7790588990733696,13.016273948901418,0,0,0,
1168,2,COND_ATTN,0,MJ1,-0.014211256160365338,-5.2411274404122556,-5.2269161842518903,0,0,0,5.2411274404122556,6.2971662230627254,0,0,0,
1168,2,COND_ATTN,50,ATU1,-0.012984905847247319,-0.84180929042166308,-0.82882438457441576,-5.2567165585896296,-10.376530062291636,-15.516801822186324,-4.4149072681679637,16.330441000403251,121.81753308428641,-39.884588420903775,201.58670992609399,0.5460750853242321
1168,2,COND_ATTN,50,ATU5,-0.016300767301913766,-7.3813527131132393,-7.3650519458113255,7.302950223805257,3.9691297101278451,-9.1239172513325002,14.684302936918497,22.733686435162561,279.19115500156573,-77.272998303904544,433.73715160937473,0.69624573378839594
1168,2,COND_ATTN,50,MJ3,0.006937126394632287,8.7790588990733696,8.7721217726787373,-25.253883260579393,-24.388074840809395,-36.360735661705576,-34.032942159652755,38.039395725177371,723.76642396041075,-276.90290783169087,1277.5722396237925,0.9965870307167235
1168,2,COND_ATTN,50,MJ1,-0.014211256160365338,-5.2411274404122556,-5.2269161842518903,-17.774602500137384,-19.330424530325104,-25.148735047222999,-12.533475059725129,15.206338598036366,351.63464315443343,80.028106018592453,191.57843111724853,0.040955631399317405
1168,2,COND_ATTN,100,ATU1,-0.012984905847247319,-0.84180929042166308,-0.82882438457441576,-9.9604376205814376,-5.7053520673550224,-13.87048026796208,-9.1186283301597744,16.269646850536716,163.92835437670854,-17.838230461456622,199.60481529962181,0.3651877133105802
1168,2,COND_ATTN,100,ATU5,-0.016300767301913766,-7.3813527131132393,-7.3650519458113255,-0.50036773226562281,11.697368193385159,-15.193866872368631,6.8809849808476153,20.790381930961455,316.62465431209648,-16.265989600116324,349.15663351232917,0.55972696245733788
1168,2,COND_ATTN,100,MJ3,0.006937126394632287,8.7790588990733696,8.7721217726787373,-23.872697555028754,-22.55649177455939,-46.347432446238599,-32.65175645410212,40.693019156546072,833.9910135461372,-326.25370350801944,1486.4984205621756,0.9078498293515358
1168,2,COND_ATTN,100,MJ1,-0.014211256160365338,-5.2411274404122556,-5.2269161842518903,-20.694247513254538,-25.094759419556112,-30.328021734984418,-15.453120072842287,18.704317545744971,489.35067625638584,89.57674192260238,310.19719241118105,0.040955631399317405
1168,2,COND_ATTN,200,ATU1,-0.012984905847247319,-0.84180929042166308,-0.82882438457441576,-17.515313298488433,-2.911227872495374,-20.047854332052566,-16.673504008066768,20.446080009188286,354.14559718308442,0.60000139125653229,352.94559440057139,0.26279863481228671
1168,2,COND_ATTN,200,ATU5,-0.016300767301913766,-7.3813527131132393,-7.3650519458113255,-11.938672998676013,24.795643830113249,-17.15406601889697,-4.557320285562775,15.428597638541046,360.66323849024747,102.85248036058626,154.95827776907487,0.24573378839590443
1168,2,COND_ATTN,200,MJ3,0.006937126394632287,8.7790588990733696,8.7721217726787373,-21.250253271670392,-19.709620869102537,-54.916111870848454,-30.029312170743758,41.013378120400503,810.47715969338094,-351.09831882035792,1512.6737973340967,0.89078498293515362
1168,2,COND_ATTN,200,MJ1,-0.014211256160365338,-5.2411274404122556,-5.2269161842518903,-24.744943850776433,-28.64160460576602,-37.793877873813585,-19.503816410364177,22.551475104666238,682.60900309082285,106.84713806766187,468.91472695549908,0.040955631399317405
612,ensemble,GRU_LOCAL,0,ATU1,0.0085362289362933552,-4.2811793661703978,-4.2897155951066912,-4.2681065356238104e-15,0,0,4.2811793661703943,9.2748333845426885,1.0807340554367095e-27,1.517326418082373e-15,0,
612,ensemble,GRU_LOCAL,0,ATU5,0.00077395529689283649,-4.5944399430462965,-4.5952138983431894,-1.94004842528355e-16,0,0,4.5944399430462965,10.799758932894493,3.3083695574593149e-29,1.7248395628260596e-16,0,
612,ensemble,GRU_LOCAL,0,MJ3,-0.0069391467013701913,-77.770519649130975,-77.763580502429605,0,0,0,77.770519649130975,89.384443868005675,0,0,0,
612,ensemble,GRU_LOCAL,0,MJ1,-0.0031906685073863628,-22.675567795383593,-22.672377126876206,-5.4321355907939403e-15,0,-1.1368683772161603e-13,22.675567795383582,30.339156668468313,4.9404985391392441e-27,-3.3353864830575532e-14,0,
612,ensemble,GRU_LOCAL,50,ATU1,0.0085362289362933552,-4.2811793661703978,-4.2897155951066912,-0.71313363750493242,0.17613275497677705,-3.6174434548007071,3.5680457286654659,8.8608453359827379,4.1415441034985143,5.8247491731595078,-7.5079542428205315,0.39931740614334471
612,ensemble,GRU_LOCAL,50,ATU5,0.00077395529689283649,-4.5944399430462965,-4.5952138983431894,0.4550915833663205,0.50801942598218375,-2.8823879655407154,5.0495315264126175,9.955397876398651,5.1904473202589836,11.357646725745308,-17.524846131231641,0.17406143344709898
612,ensemble,GRU_LOCAL,50,MJ3,-0.0069391467013701913,-77.770519649130975,-77.763580502429605,-3.3603849844069611,-2.9978619080791304,-5.6725558897419432,74.410134664724026,86.274754247719514,13.235480292430696,279.74053269034562,-546.24558508826067,0.0034129692832764505
612,ensemble,GRU_LOCAL,50,MJ1,-0.0031906685073863628,-22.675567795383593,-22.672377126876206,-2.1871871997062495,-2.2101024515615109,-3.9267600686564492,20.488380595677338,28.620914084977688,5.7432071409722605,53.5254557175816,-101.30770429419113,0.20819112627986347
612,ensemble,GRU_LOCAL,100,ATU1,0.0085362289362933552,-4.2811793661703978,-4.2897155951066912,1.3415052922585795,2.4731578211770398,-1.8033536091984388,5.6226846584289776,10.081154803357903,5.6904788742959314,-4.9583344919713053,15.60714785823852,0.51535836177474403
612,ensemble,GRU_LOCAL,100,ATU5,0.00077395529689283649,-4.5944399430462965,-4.5952138983431894,3.5236161031152098,3.5910283723119392,-0.0046318618306031567,8.1180560461615059,12.011231104747278,19.107008294192692,-4.2639356744106989,27.634879643014102,0.62457337883959041
612,ensemble,GRU_LOCAL,100,MJ3,-0.0069391467013701913,-77.770519649130975,-77.763580502429605,-2.2729613950002325,-1.6485536182253782,-4.7694060579160578,75.497558254130752,87.212090984198952,7.3865239448920992,195.5082578506771,-383.6299917564611,0.075085324232081918
612,ensemble,GRU_LOCAL,100,MJ1,-0.0031906685073863628,-22.675567795383593,-22.672377126876206,-2.1079578506926597,-2.2088547538805869,-4.2473599663693449,20.567609944690933,28.750216142806341,5.9672238857267192,49.928361490754774,-93.88949909578298,0.25938566552901021
612,ensemble,GRU_LOCAL,200,ATU1,0.0085362289362933552,-4.2811793661703978,-4.2897155951066912,3.0171196221054086,4.4342337975728583,-0.41104807432344614,7.2982989882758087,11.443715237097356,12.979062835203374,-15.978510640771628,44.936084116746628,0.61433447098976113
612,ensemble,GRU_LOCAL,200,ATU5,0.00077395529689283649,-4.5944399430462965,-4.5952138983431894,7.1532199320513508,7.6852755641346562,3.7899379359040495,11.747659875097648,15.064307477868033,58.742731261046913,-25.777917759034683,110.2985667791163,0.64846416382252559
612,ensemble,GRU_LOCAL,200,MJ3,-0.0069391467013701913,-77.770519649130975,-77.763580502429605,-1.3259774795227117,-0.42613540099591773,-4.2913734563196613,76.444542169608269,88.042313781522353,4.5244570247669955,121.32712330669257,-238.12978958861822,0.17064846416382254
612,ensemble,GRU_LOCAL,200,MJ1,-0.0031906685073863628,-22.675567795383593,-22.672377126876206,-2.3126985400991615,-2.2383115234160869,-5.1114253745175802,20.36286925528443,28.671697198134058,7.8119464477331935,53.105076790054937,-98.398207132376797,0.30716723549488056
612,ensemble,GRU_GRAPH,0,ATU1,0.0085362289362933552,-4.2811793661703978,-4.2897155951066912,-4.2681065356238104e-15,0,0,4.2811793661703943,9.2748333845426885,1.0807340554367095e-27,1.517326418082373e-15,0,
612,ensemble,GRU_GRAPH,0,ATU5,0.00077395529689283649,-4.5944399430462965,-4.5952138983431894,-1.94004842528355e-16,0,0,4.5944399430462965,10.799758932894493,3.3083695574593149e-29,1.7248395628260596e-16,0,
612,ensemble,GRU_GRAPH,0,MJ3,-0.0069391467013701913,-77.770519649130975,-77.763580502429605,0,0,0,77.770519649130975,89.384443868005675,0,0,0,
612,ensemble,GRU_GRAPH,0,MJ1,-0.0031906685073863628,-22.675567795383593,-22.672377126876206,-5.4321355907939403e-15,0,-1.1368683772161603e-13,22.675567795383582,30.339156668468313,4.9404985391392441e-27,-3.3353864830575532e-14,0,
612,ensemble,GRU_GRAPH,50,ATU1,0.0085362289362933552,-4.2811793661703978,-4.2897155951066912,-0.82745491695933038,0.075455179637003766,-3.7414579014048286,3.4537244492110686,8.8067994325731682,4.3240794175409922,6.3934487414987409,-8.4628180654565028,0.39590443686006827
612,ensemble,GRU_GRAPH,50,ATU5,0.00077395529689283649,-4.5944399430462965,-4.5952138983431894,0.32054086118149488,0.38645329377794724,-3.0335772634762179,4.9149808042277927,9.8814400247219236,5.0974862247094563,12.044711135583722,-18.991936046457994,0.16382252559726962
612,ensemble,GRU_GRAPH,50,MJ3,-0.0069391467013701913,-77.770519649130975,-77.763580502429605,-3.529645383563667,-3.15181090002784,-5.8619996630618516,74.240874265567314,86.122874759800879,14.417226003908059,293.42323735210948,-572.42924870030947,0
612,ensemble,GRU_GRAPH,50,MJ1,-0.0031906685073863628,-22.675567795383593,-22.672377126876206,-2.1819899751689786,-2.2105467025959342,-3.9240569297797947,20.493577820214611,28.62680459843396,5.7230691878568472,53.346777512401133,-100.97048583694561,0.21160409556313994
612,ensemble,GRU_GRAPH,100,ATU1,0.0085362289362933552,-4.2811793661703978,-4.2897155951066912,1.1401327963987484,2.2931436504576936,-2.0386126492210792,5.4213121625691452,9.9627206851451344,5.2557520577053802,-3.9887585407428907,13.233269139191151,0.51877133105802042
612,ensemble,GRU_GRAPH,100,ATU5,0.00077395529689283649,-4.5944399430462965,-4.5952138983431894,3.3190279478430949,3.4013100967310947,-0.24517363125755764,7.9134678908893932,11.865344280035995,17.755260213569752,-3.1981708307893744,24.151601875148515,0.61433447098976113
612,ensemble,GRU_GRAPH,100,MJ3,-0.0069391467013701913,-77.770519649130975,-77.763580502429605,-2.4532345426184445,-1.795543516656835,-4.9641418104577042,75.317285106512529,87.04978862738308,8.2599478122230057,210.08652666640418,-411.91310552058439,0.064846416382252553
612,ensemble,GRU_GRAPH,100,MJ1,-0.0031906685073863628,-22.675567795383593,-22.672377126876206,-2.218038965288657,-2.3385802152594124,-4.3754268387741604,20.45752883009493,28.677341119551699,6.4759895857828917,52.275261626258789,-98.074533666734624,0.24914675767918087
612,ensemble,GRU_GRAPH,200,ATU1,0.0085362289362933552,-4.2811793661703978,-4.2897155951066912,2.6772970285506972,4.0942765482095069,-0.82374200811921128,6.9584763947210959,11.240280355583376,11.154422974529169,-14.583472593278401,40.321368161085971,0.61092150170648463
612,ensemble,GRU_GRAPH,200,ATU5,0.00077395529689283649,-4.5944399430462965,-4.5952138983431894,6.8186793189776047,7.3395439603778527,3.3950083910256126,11.413119262023901,14.804956544499223,54.129741497484964,-24.211101889195504,102.55194527587597,0.64846416382252559
612,ensemble,GRU_GRAPH,200,MJ3,-0.0069391467013701913,-77.770519649130975,-77.763580502429605,-1.5483068972729988,-0.62197503321476688,-4.5414136564020282,76.222212751857981,87.848538630251213,5.1909244780523718,138.70199529998581,-272.21306612191893,0.15358361774744028
612,ensemble,GRU_GRAPH,200,MJ1,-0.0031906685073863628,-22.675567795383593,-22.672377126876206,-2.569501587208344,-2.5389000041768668,-5.4086456107783079,20.106066208175246,28.506726284043062,9.1618714763861053,58.496427698449899,-107.83098392051375,0.28668941979522183
612,ensemble,COND_ATTN,0,ATU1,0.0085362289362933552,-4.2811793661703978,-4.2897155951066912,-4.2681065356238104e-15,0,0,4.2811793661703943,9.2748333845426885,1.0807340554367095e-27,1.517326418082373e-15,0,
612,ensemble,COND_ATTN,0,ATU5,0.00077395529689283649,-4.5944399430462965,-4.5952138983431894,-1.94004842528355e-16,0,0,4.5944399430462965,10.799758932894493,3.3083695574593149e-29,1.7248395628260596e-16,0,
612,ensemble,COND_ATTN,0,MJ3,-0.0069391467013701913,-77.770519649130975,-77.763580502429605,0,0,0,77.770519649130975,89.384443868005675,0,0,0,
612,ensemble,COND_ATTN,0,MJ1,-0.0031906685073863628,-22.675567795383593,-22.672377126876206,-5.4321355907939403e-15,0,-1.1368683772161603e-13,22.675567795383582,30.339156668468313,4.9404985391392441e-27,-3.3353864830575532e-14,0,
612,ensemble,COND_ATTN,50,ATU1,0.0085362289362933552,-4.2811793661703978,-4.2897155951066912,20.81466440216823,26.142878234724321,22.442819847013595,25.095843768338629,25.880777762796772,450.95708546590561,-66.417518915171328,583.79212329624829,0.6313993174061433
612,ensemble,COND_ATTN,50,ATU5,0.00077395529689283649,-4.5944399430462965,-4.5952138983431894,63.243424801627867,81.647304578874298,73.507096257323951,67.837864744674164,70.133701073088531,4271.7202079889666,-265.19051260586969,4802.1012332007058,0.64846416382252559
612,ensemble,COND_ATTN,50,MJ3,-0.0069391467013701913,-77.770519649130975,-77.763580502429605,-6.5108399871810407,-8.294363284224346,-7.910259766227,71.259679661949932,84.292838088531326,46.390113886791887,465.34318323004572,-884.29625257330008,0.0068259385665529011
612,ensemble,COND_ATTN,50,MJ1,-0.0031906685073863628,-22.675567795383593,-22.672377126876206,-9.8969792653337816,-12.777667439262245,-11.498585676711286,12.778588530049809,25.107811653846255,104.78297559475944,197.42259845180337,-290.06222130884748,0.19453924914675769
612,ensemble,COND_ATTN,100,ATU1,0.0085362289362933552,-4.2811793661703978,-4.2897155951066912,21.218223673471091,25.226240924679303,22.303991781812499,25.499403039641493,26.297968253063665,463.72391730430121,-70.918341311907909,605.56059992811686,0.6313993174061433
612,ensemble,COND_ATTN,100,ATU5,0.00077395529689283649,-4.5944399430462965,-4.5952138983431894,57.473929032192977,74.791885648587538,69.423959267919827,62.068368975239267,64.621252329672913,3579.7816297122399,-239.74491496719085,4059.2714596466217,0.64846416382252559
612,ensemble,COND_ATTN,100,MJ3,-0.0069391467013701913,-77.770519649130975,-77.763580502429605,-6.001666885087193,-8.6056087512040449,-9.0917141031916344,71.7688527640438,84.821534394526452,47.796536482447912,421.34132251663573,-794.88610855082334,0.068259385665529013
612,ensemble,COND_ATTN,100,MJ1,-0.0031906685073863628,-22.675567795383593,-22.672377126876206,-9.9285291484080087,-13.335752904719357,-12.980948254199461,12.747038646975582,25.306853719259649,112.81451832975068,196.42105025780495,-280.02758218585927,0.21160409556313994
612,ensemble,COND_ATTN,200,ATU1,0.0085362289362933552,-4.2811793661703978,-4.2897155951066912,23.247742708954988,25.619811385820469,21.714967528607019,27.528922075125386,28.409941742091764,547.90332951873586,-86.599462979642226,721.10225547802042,0.6313993174061433
612,ensemble,COND_ATTN,200,ATU5,0.00077395529689283649,-4.5944399430462965,-4.5952138983431894,63.597507776698421,72.440578796095508,71.552591725990169,68.191947719744704,69.201173307170023,4153.3106977769057,-259.42844815171998,4672.167594080347,0.64846416382252559
612,ensemble,COND_ATTN,200,MJ3,-0.0069391467013701913,-77.770519649130975,-77.763580502429605,-7.3223961887877724,-6.3640674756111366,-11.558113599597164,70.448123460343211,83.194859542143064,66.862413560972954,567.52828245835929,-1068.1941513557449,0.034129692832764506
612,ensemble,COND_ATTN,200,MJ1,-0.0031906685073863628,-22.675567795383593,-22.672377126876206,-11.461044609763983,-11.276695496716343,-15.737319594251176,11.214523185619605,23.863271885081925,147.42691499333861,249.21779864293111,-351.00868229252376,0.19453924914675769
792,ensemble,GRU_LOCAL,0,ATU1,-0.020322995361482299,-29.335478509690908,-29.315155514329426,-5.8201452758506498e-16,0,0,29.335478509690908,32.877890262058848,1.2902641274091329e-27,5.6011540704748245e-14,0,
792,ensemble,GRU_LOCAL,0,ATU5,-0.0088170841461305827,-37.540839766187069,-37.532022682040939,0,0,0,37.540839766187069,42.775051365351246,0,0,0,
792,ensemble,GRU_LOCAL,0,MJ3,-0.10074822814272011,-5.0590840246373849,-4.9583357964946648,0,0,0,5.0590840246373849,9.1163682048876531,0,0,0,
792,ensemble,GRU_LOCAL,0,MJ1,0.018814556727420495,-22.162592224474757,-22.181406781202178,5.0441259057372301e-15,0,-1.1368683772161603e-13,22.162592224474768,24.483988940646125,5.2492796978354464e-27,-1.1546031579889377e-13,2.2737367544323206e-13,
792,ensemble,GRU_LOCAL,50,ATU1,-0.020322995361482299,-29.335478509690908,-29.315155514329426,-9.8362645313349741,-10.715691707716417,-18.425810216594016,19.499213978355936,24.769562683022819,105.3554739820331,286.3899532789103,-467.42443257578736,0
792,ensemble,GRU_LOCAL,50,ATU5,-0.0088170841461305827,-37.540839766187069,-37.532022682040939,-4.9726593193929842,-6.5061942888900148,-14.18839426267516,32.568180446794088,38.956992804994194,37.317494048547829,174.68761247430814,-312.05773090006846,0.027303754266211604
792,ensemble,GRU_LOCAL,50,MJ3,-0.10074822814272011,-5.0590840246373849,-4.9583357964946648,-14.904913291600648,-15.208765709634235,-20.487562771500961,-9.8458292669632623,11.900902709685422,225.54509173269417,83.510887837191405,58.523316058311281,0.19112627986348124
792,ensemble,GRU_LOCAL,50,MJ1,0.018814556727420495,-22.162592224474757,-22.181406781202178,-7.408510736451019,-7.7231710473694193,-13.213557066373937,14.754081488023743,17.9919101031983,58.076618615483632,166.91675194979797,-275.75688528411234,0
792,ensemble,GRU_LOCAL,100,ATU1,-0.020322995361482299,-29.335478509690908,-29.315155514329426,-3.0603208824035786,-5.6899066535110592,-10.306402919576726,26.275157627287332,30.179054592785089,22.838742745826188,96.509537357753771,-170.18033196968122,0.19795221843003413
792,ensemble,GRU_LOCAL,100,ATU5,-0.0088170841461305827,-37.540839766187069,-37.532022682040939,3.4155049148675833,-0.66778946764509328,-4.3576795207378609,40.956344681054659,45.984131365732132,34.223207810997977,-125.30605517073712,284.83531815247238,0.70307167235494883
792,ensemble,GRU_LOCAL,100,MJ3,-0.10074822814272011,-5.0590840246373849,-4.9583357964946648,-13.846263561982086,-15.521861562998538,-20.733534410090215,-8.7871795373447021,10.763678722126864,200.64203094483665,83.946710279378323,32.74861038608006,0.19112627986348124
792,ensemble,GRU_LOCAL,100,MJ1,0.018814556727420495,-22.162592224474757,-22.181406781202178,-5.6274986049361049,-6.8251790175103224,-11.693050618458187,16.535093619538657,19.333756432268235,37.992949202185635,131.83226293279691,-225.67157666340813,0
792,ensemble,GRU_LOCAL,200,ATU1,-0.020322995361482299,-29.335478509690908,-29.315155514329426,3.3922513344195089,-2.3370620434050693,-6.8749492621524269,32.727729844110421,35.964315924217715,51.100479474163521,-80.687936169396039,212.47635181295573,0.68259385665529015
792,ensemble,GRU_LOCAL,200,ATU5,-0.0088170841461305827,-37.540839766187069,-37.532022682040939,11.379094939039565,2.8295679473534392,-1.7615636904387202,48.91993470522663,53.309433062770431,200.01036743296149,-406.09013336630125,1012.1906341655638,0.89078498293515362
792,ensemble,GRU_LOCAL,200,MJ3,-0.10074822814272011,-5.0590840246373849,-4.9583357964946648,-14.685839088657685,-20.237133483335811,-25.013882621782614,-9.6267550640202995,11.636233686644406,245.32979347969925,96.51801415829388,52.293765163111544,0.19112627986348124
792,ensemble,GRU_LOCAL,200,MJ1,0.018814556727420495,-22.162592224474757,-22.181406781202178,-5.3364055540676842,-8.5396202931220841,-12.753581637106663,16.826186670407075,19.600501211777292,44.462595355618802,129.87433102420863,-215.28606669279839,0.027303754266211604
792,ensemble,GRU_GRAPH,0,ATU1,-0.020322995361482299,-29.335478509690908,-29.315155514329426,-5.8201452758506498e-16,0,0,29.335478509690908,32.877890262058848,1.2902641274091329e-27,5.6011540704748245e-14,0,
792,ensemble,GRU_GRAPH,0,ATU5,-0.0088170841461305827,-37.540839766187069,-37.532022682040939,0,0,0,37.540839766187069,42.775051365351246,0,0,0,
792,ensemble,GRU_GRAPH,0,MJ3,-0.10074822814272011,-5.0590840246373849,-4.9583357964946648,0,0,0,5.0590840246373849,9.1163682048876531,0,0,0,
792,ensemble,GRU_GRAPH,0,MJ1,0.018814556727420495,-22.162592224474757,-22.181406781202178,5.0441259057372301e-15,0,-1.1368683772161603e-13,22.162592224474768,24.483988940646125,5.2492796978354464e-27,-1.1546031579889377e-13,2.2737367544323206e-13,
792,ensemble,GRU_GRAPH,50,ATU1,-0.020322995361482299,-29.335478509690908,-29.315155514329426,-9.9014639092452121,-10.781826126682802,-18.567254362112294,19.4340146004457,24.71869323783141,106.69259716263332,288.31723493030245,-469.94187269797169,0
792,ensemble,GRU_GRAPH,50,ATU5,-0.0088170841461305827,-37.540839766187069,-37.532022682040939,-5.0437215764794789,-6.5712367311758726,-14.370821578057644,32.497118189707599,38.898153018155853,38.085526089145219,177.36211858685778,-316.63871108457033,0.017064846416382253
792,ensemble,GRU_GRAPH,50,MJ3,-0.10074822814272011,-5.0590840246373849,-4.9583357964946648,-14.764993445521009,-15.050938962767077,-20.37410741270628,-9.7059094208836232,11.781458606600323,221.40398137717111,82.854691862610395,55.694597651950289,0.19112627986348124
792,ensemble,GRU_GRAPH,50,MJ1,0.018814556727420495,-22.162592224474757,-22.181406781202178,-7.6957187974539893,-8.0210432290432436,-13.544328317836744,14.466873427020772,17.757647115086886,62.43228486724928,173.28198412448859,-284.13168338172784,0
792,ensemble,GRU_GRAPH,100,ATU1,-0.020322995361482299,-29.335478509690908,-29.315155514329426,-2.9859984083338613,-5.5518345295163272,-10.28024303242637,26.349480101357049,30.234950670185231,22.218171655068851,94.510798855259225,-166.80342605544968,0.20477815699658702
792,ensemble,GRU_GRAPH,100,ATU5,-0.0088170841461305827,-37.540839766187069,-37.532022682040939,3.3794554607959233,-0.60835624405046929,-4.4802456336284422,40.920295226982994,45.941245792101078,33.615791761969639,-123.63862692991877,280.89304562180746,0.70307167235494883
792,ensemble,GRU_GRAPH,100,MJ3,-0.10074822814272011,-5.0590840246373849,-4.9583357964946648,-13.751275883513388,-15.375710690043888,-20.638695693580075,-8.6921918588760025,10.676633485081194,197.96943834973206,83.543552511030768,30.882333327670466,0.19112627986348124
792,ensemble,GRU_GRAPH,100,MJ1,0.018814556727420495,-22.162592224474757,-22.181406781202178,-5.7804123654453248,-6.9560010443324245,-11.915803840241324,16.382179859029439,19.197554825041511,39.764449602676393,135.34202639394161,-230.91960318520682,0
792,ensemble,GRU_GRAPH,200,ATU1,-0.020322995361482299,-29.335478509690908,-29.315155514329426,3.7239236945807881,-1.9602951116839336,-6.5344228073834074,33.059402204271699,36.259847045496308,53.17198587304248,-90.324426902880333,233.82083967880317,0.69624573378839594
792,ensemble,GRU_GRAPH,200,ATU5,-0.0088170841461305827,-37.540839766187069,-37.532022682040939,11.445499908641873,2.9582714946744773,-1.7133240630387263,48.98633967482894,53.363090220287006,201.24851681132495,-408.33293086936385,1017.914378550053,0.89078498293515362
792,ensemble,GRU_GRAPH,200,MJ3,-0.10074822814272011,-5.0590840246373849,-4.9583357964946648,-14.235282112587376,-19.777344650396799,-24.588325085939687,-9.1761980879499898,11.266008003071573,232.69131453162402,94.438273726718904,43.814767078186193,0.19112627986348124
792,ensemble,GRU_GRAPH,200,MJ1,0.018814556727420495,-22.162592224474757,-22.181406781202178,-5.2185494579787122,-8.3974739825135885,-12.729376493234099,16.94404276649605,19.692940057603515,43.409272528935936,127.53154943112609,-211.65382633331626,0.023890784982935155
792,ensemble,COND_ATTN,0,ATU1,-0.020322995361482299,-29.335478509690908,-29.315155514329426,-5.8201452758506498e-16,0,0,29.335478509690908,32.877890262058848,1.2902641274091329e-27,5.6011540704748245e-14,0,
792,ensemble,COND_ATTN,0,ATU5,-0.0088170841461305827,-37.540839766187069,-37.532022682040939,0,0,0,37.540839766187069,42.775051365351246,0,0,0,
792,ensemble,COND_ATTN,0,MJ3,-0.10074822814272011,-5.0590840246373849,-4.9583357964946648,0,0,0,5.0590840246373849,9.1163682048876531,0,0,0,
792,ensemble,COND_ATTN,0,MJ1,0.018814556727420495,-22.162592224474757,-22.181406781202178,5.0441259057372301e-15,0,-1.1368683772161603e-13,22.162592224474768,24.483988940646125,5.2492796978354464e-27,-1.1546031579889377e-13,2.2737367544323206e-13,
792,ensemble,COND_ATTN,50,ATU1,-0.020322995361482299,-29.335478509690908,-29.315155514329426,13.822911191258145,9.9770910867145517,16.121595275769323,43.158389700949051,46.329762768032602,207.78156509006831,-428.85484248406374,1065.4912500581956,1
792,ensemble,COND_ATTN,50,ATU5,-0.0088170841461305827,-37.540839766187069,-37.532022682040939,32.023888651326565,27.060887133328833,36.838376050997567,69.564728417513635,73.355115820903606,1078.5266685793235,-1236.3706646052101,3551.2679977897442,1
792,ensemble,COND_ATTN,50,MJ3,-0.10074822814272011,-5.0590840246373849,-4.9583357964946648,-36.696675041697937,-34.783489126256882,-40.431084244768044,-31.637591017060554,32.515154113883376,1354.1518506124432,190.01238640497127,974.12707780250059,0.19112627986348124
792,ensemble,COND_ATTN,50,MJ1,0.018814556727420495,-22.162592224474757,-22.181406781202178,-14.828204211709823,-12.833242551108583,-16.42576566619357,7.3343880127649363,11.875390562619941,221.84190845472676,340.14136094282276,-458.44081343091869,0
792,ensemble,COND_ATTN,100,ATU1,-0.020322995361482299,-29.335478509690908,-29.315155514329426,12.110263466494704,10.173445133429993,9.4968874631704239,41.445741976185609,44.192783361966825,160.88567876721547,-355.58037721326593,872.04643319374759,1
792,ensemble,COND_ATTN,100,ATU5,-0.0088170841461305827,-37.540839766187069,-37.532022682040939,36.373322292244275,28.477108581721836,31.122951135034555,73.914162058431359,77.878673778919378,1434.7831939505058,-1400.2998081522001,4235.382810254906,1
792,ensemble,COND_ATTN,100,MJ3,-0.10074822814272011,-5.0590840246373849,-4.9583357964946648,-39.214218139828688,-41.450664979320209,-44.905867867339111,-34.155134115191309,35.1161602207128,1568.4869634962245,209.22521204826933,1150.0365393996854,0.19112627986348124
792,ensemble,COND_ATTN,100,MJ1,0.018814556727420495,-22.162592224474757,-22.181406781202178,-17.060807123836046,-16.478117494055027,-17.936810277644668,5.1017851006387138,10.484380821713975,296.25522097076686,392.89934710086231,-489.5434732309576,0
792,ensemble,COND_ATTN,200,ATU1,-0.020322995361482299,-29.335478509690908,-29.315155514329426,12.575915119088609,11.562161664618259,8.5777630517696934,41.911393628779514,44.123707578007277,174.77938953739431,-345.5832564040594,865.9459023455131,1
792,ensemble,COND_ATTN,200,ATU5,-0.0088170841461305827,-37.540839766187069,-37.532022682040939,36.095777324283979,31.691635476113902,27.649996663263096,73.636617090471049,76.373225877550141,1441.9559010016533,-1280.6043553166023,4003.1646116348575,1
792,ensemble,COND_ATTN,200,MJ3,-0.10074822814272011,-5.0590840246373849,-4.9583357964946648,-41.603947399545177,-45.543117964558633,-49.078593231894956,-36.544863374907798,37.800677314088041,1821.8788661077244,238.04791497550033,1345.7830361567237,0.19112627986348124
792,ensemble,COND_ATTN,200,MJ1,0.018814556727420495,-22.162592224474757,-22.181406781202178,-17.743600061153014,-19.310742586919673,-18.680402580977102,4.4189921633217484,10.027339875051958,333.86741362355002,416.39279154971223,-498.91816947587444,0
972,ensemble,GRU_LOCAL,0,ATU1,-35.713196639781813,-57.476507409896605,-21.763310770114792,-7.7601937011342001e-16,0,0,57.476507409896605,59.098537058947514,3.9700434689511779e-28,2.8904921951426665e-14,0,
972,ensemble,GRU_LOCAL,0,ATU5,-48.658411535979667,-65.468688930976498,-16.810277394996831,1.16402905517013e-15,0,0,65.468688930976498,66.249561375033295,1.1910130406853534e-27,-8.2251161511684518e-14,0,
972,ensemble,GRU_LOCAL,0,MJ3,-4.7647315740448448,-57.516529312457109,-52.751797738412264,0,0,0,57.516529312457109,70.488055064486446,0,0,0,
972,ensemble,GRU_LOCAL,0,MJ1,-27.140724849198932,-65.790696965530515,-38.649972116331583,4.2681065356238104e-15,1.1368683772161603e-13,0,65.790696965530515,72.8334032590692,1.9850217344755891e-27,-1.553052195668256e-13,0,
972,ensemble,GRU_LOCAL,50,ATU1,-35.713196639781813,-57.476507409896605,-21.763310770114792,-34.526089362567802,-32.312365745550949,-42.034970075412843,22.9504180473288,25.447770501768623,1226.4042224211817,2035.7261407091446,-2845.0480589971071,0
972,ensemble,GRU_LOCAL,50,ATU5,-48.658411535979667,-65.468688930976498,-16.810277394996831,-37.058208807643112,-34.691922928707982,-46.912057545837342,28.410480123333389,29.54853100458751,1421.6593210081701,2468.7740094317019,-3515.8886978552341,0
972,ensemble,GRU_LOCAL,50,MJ3,-4.7647315740448448,-57.516529312457109,-52.751797738412264,-21.530772270221803,-18.119810097930895,-26.293002313679153,35.985757042235313,52.334442590769449,480.34797518947903,1355.0100003385039,-2229.6720254875295,0
972,ensemble,GRU_LOCAL,50,MJ1,-27.140724849198932,-65.790696965530515,-38.649972116331583,-24.725888827585056,-22.399696160024973,-29.508340912804897,41.064808137945448,50.243313586709903,623.52136123054277,1701.9177156781332,-2780.3140701257234,0
972,ensemble,GRU_LOCAL,100,ATU1,-35.713196639781813,-57.476507409896605,-21.763310770114792,-30.890816110589796,-22.192196844041689,-35.216627349390365,26.585691299306806,28.419123780326665,1001.685941709251,1843.3382138877578,-2684.9904860662637,0
972,ensemble,GRU_LOCAL,100,ATU5,-48.658411535979667,-65.468688930976498,-16.810277394996831,-34.849242300168356,-24.871679847782957,-41.492413014890076,30.619446630808149,31.647338973636174,1281.3104092298606,2334.3803637509664,-3387.4503182720723,0
972,ensemble,GRU_LOCAL,100,MJ3,-4.7647315740448448,-57.516529312457109,-52.751797738412264,-20.980966217872385,-12.199191438178559,-23.708204171950456,36.535563094584724,51.815756493432687,471.6969211328958,1377.6951034601282,-2283.6932857873612,0
972,ensemble,GRU_LOCAL,100,MJ1,-27.140724849198932,-65.790696965530515,-38.649972116331583,-24.76668267383026,-18.001057473327478,-27.783548784695085,41.024014291700247,49.796498243400876,634.86668679643492,1729.9400398947998,-2825.0133929931649,0
972,ensemble,GRU_LOCAL,200,ATU1,-35.713196639781813,-57.476507409896605,-21.763310770114792,-30.311718723165118,-15.862804334177042,-39.319956860030175,27.16478868673148,27.972856367582455,999.00980303426263,1854.5830960903284,-2710.1563891463938,0
972,ensemble,GRU_LOCAL,200,ATU5,-48.658411535979667,-65.468688930976498,-16.810277394996831,-39.191551690677727,-21.829944798654196,-52.693417035309267,26.277137240298778,26.891445643216631,1662.2364421844497,2664.0454878933392,-3665.8545336022289,0
972,ensemble,GRU_LOCAL,200,MJ3,-4.7647315740448448,-57.516529312457109,-52.751797738412264,-22.276931788223408,-7.730796644921611,-29.634416329098258,35.239597524233702,48.349036776044009,563.90287303114337,1597.4197113169791,-2630.9365496028163,0
972,ensemble,GRU_LOCAL,200,MJ1,-27.140724849198932,-65.790696965530515,-38.649972116331583,-25.776871528894439,-15.437671777622768,-33.08761743565401,40.013825436636068,47.45137027276602,704.3900339413558,1878.7310617382029,-3053.0720895350491,0
972,ensemble,GRU_GRAPH,0,ATU1,-35.713196639781813,-57.476507409896605,-21.763310770114792,-7.7601937011342001e-16,0,0,57.476507409896605,59.098537058947514,3.9700434689511779e-28,2.8904921951426665e-14,0,
972,ensemble,GRU_GRAPH,0,ATU5,-48.658411535979667,-65.468688930976498,-16.810277394996831,1.16402905517013e-15,0,0,65.468688930976498,66.249561375033295,1.1910130406853534e-27,-8.2251161511684518e-14,0,
972,ensemble,GRU_GRAPH,0,MJ3,-4.7647315740448448,-57.516529312457109,-52.751797738412264,0,0,0,57.516529312457109,70.488055064486446,0,0,0,
972,ensemble,GRU_GRAPH,0,MJ1,-27.140724849198932,-65.790696965530515,-38.649972116331583,4.2681065356238104e-15,1.1368683772161603e-13,0,65.790696965530515,72.8334032590692,1.9850217344755891e-27,-1.553052195668256e-13,0,
972,ensemble,GRU_GRAPH,50,ATU1,-35.713196639781813,-57.476507409896605,-21.763310770114792,-34.290315559993026,-32.125547889346649,-41.892694663614634,23.186191849903572,25.658878036635173,1210.4475127456919,2022.3532865772829,-2834.2590604088737,0
972,ensemble,GRU_GRAPH,50,ATU5,-48.658411535979667,-65.468688930976498,-16.810277394996831,-36.724844351855687,-34.426229960998512,-46.697831073791917,28.743844579120822,29.867469292357967,1397.382963407837,2447.1608119310977,-3496.9386604543574,0
972,ensemble,GRU_GRAPH,50,MJ3,-4.7647315740448448,-57.516529312457109,-52.751797738412264,-21.970028515259703,-18.595734893417102,-26.834186918392106,35.54650079719741,52.022238977767586,499.59676615278619,1380.9246623334484,-2262.2525585141116,0
972,ensemble,GRU_GRAPH,50,MJ1,-27.140724849198932,-65.790696965530515,-38.649972116331583,-24.285711565758469,-21.949768667011767,-29.086344089595514,41.504985399772039,50.598221648489428,602.0259940497557,1673.2752951791417,-2744.5245963085276,0
972,ensemble,GRU_GRAPH,100,ATU1,-35.713196639781813,-57.476507409896605,-21.763310770114792,-30.765924496431236,-22.041055457460914,-35.144064900599119,26.710582913465366,28.531339216468417,994.39596856680998,1836.4978667947069,-2678.5997650226036,0
972,ensemble,GRU_GRAPH,100,ATU5,-48.658411535979667,-65.468688930976498,-16.810277394996831,-34.766370779073547,-24.79908474582578,-41.518393689487198,30.702318151902958,31.724399564282777,1275.9533023009908,2329.260078485514,-3382.5668546700381,0
972,ensemble,GRU_GRAPH,100,MJ3,-4.7647315740448448,-57.516529312457109,-52.751797738412264,-21.649908157219826,-12.742693465041384,-24.404735637089743,35.86662115523729,51.318618776494837,501.02408245053613,1417.9946780486996,-2334.9652736468643,0
972,ensemble,GRU_GRAPH,100,MJ1,-27.140724849198932,-65.790696965530515,-38.649972116331583,-24.495150031307357,-17.679610177324207,-27.517750805302057,41.295546934223154,50.012695771170627,621.65771656204902,1712.5463042802864,-2803.4348919985237,0
972,ensemble,GRU_GRAPH,200,ATU1,-35.713196639781813,-57.476507409896605,-21.763310770114792,-30.323823945516963,-15.596405866522559,-39.411275470270652,27.152683464379635,27.939384386726424,1002.2048926369985,1857.1163876177695,-2712.0278825985401,0
972,ensemble,GRU_GRAPH,200,ATU5,-48.658411535979667,-65.468688930976498,-16.810277394996831,-39.379925938750226,-21.743211436683168,-53.005944655222265,26.088762992226282,26.718053573684045,1680.7532325263012,2677.9516140721771,-3675.1499956180523,0
972,ensemble,GRU_GRAPH,200,MJ3,-4.7647315740448448,-57.516529312457109,-52.751797738412264,-22.938151526924518,-7.9878799306200108,-30.347865539904888,34.578377785532595,47.770728658577404,596.32428368336014,1641.4238369430016,-2686.5233902026439,0
972,ensemble,GRU_GRAPH,200,MJ1,-27.140724849198932,-65.790696965530515,-38.649972116331583,-25.669653657070331,-15.191368956829365,-33.080502865163226,40.121043308460173,47.496802219661959,699.72670409260388,1874.2425566485554,-3048.7584092045063,0
972,ensemble,COND_ATTN,0,ATU1,-35.713196639781813,-57.476507409896605,-21.763310770114792,-7.7601937011342001e-16,0,0,57.476507409896605,59.098537058947514,3.9700434689511779e-28,2.8904921951426665e-14,0,
972,ensemble,COND_ATTN,0,ATU5,-48.658411535979667,-65.468688930976498,-16.810277394996831,1.16402905517013e-15,0,0,65.468688930976498,66.249561375033295,1.1910130406853534e-27,-8.2251161511684518e-14,0,
972,ensemble,COND_ATTN,0,MJ3,-4.7647315740448448,-57.516529312457109,-52.751797738412264,0,0,0,57.516529312457109,70.488055064486446,0,0,0,
972,ensemble,COND_ATTN,0,MJ1,-27.140724849198932,-65.790696965530515,-38.649972116331583,4.2681065356238104e-15,1.1368683772161603e-13,0,65.790696965530515,72.8334032590692,1.9850217344755891e-27,-1.553052195668256e-13,0,
972,ensemble,COND_ATTN,50,ATU1,-35.713196639781813,-57.476507409896605,-21.763310770114792,-3.9980351377357461,-13.964019035108322,-3.0228397077279396,53.478472272160865,55.964176999118436,78.099698783189652,219.37383705116244,-360.64797531913564,0.33105802047781568
972,ensemble,COND_ATTN,50,ATU5,-48.658411535979667,-65.468688930976498,-16.810277394996831,2.3027728288034863,-17.471648927217188,8.4163677642396806,67.771461759779996,70.047845066084776,194.36474895271886,-161.66573353259759,517.69621601791368,0.49146757679180886
972,ensemble,COND_ATTN,50,MJ3,-4.7647315740448448,-57.516529312457109,-52.751797738412264,-27.285548150730307,-1.3914339851344266,-39.221691471045006,30.230981161726802,44.207187616329925,868.01919395992377,1941.1548318943003,-3014.2904698286784,0.017064846416382253
972,ensemble,COND_ATTN,50,MJ1,-27.140724849198932,-65.790696965530515,-38.649972116331583,-14.826565340646578,-4.1085556575424107,-21.389628910783813,50.964131624883926,57.776017151731715,243.66470106649911,1105.1505867237472,-1966.6364723809943,0
972,ensemble,COND_ATTN,100,ATU1,-35.713196639781813,-57.476507409896605,-21.763310770114792,-12.710190882197443,-14.009896281191175,-16.442322767545306,44.766316527699153,46.472467020121996,205.21064794116512,769.07876975631552,-1332.9468915714656,0.04778156996587031
972,ensemble,COND_ATTN,100,ATU5,-48.658411535979667,-65.468688930976498,-16.810277394996831,-17.140655037567054,-19.577241663430641,-23.699207845651244,48.328033893409454,50.231611467283493,552.06357292557277,1208.9265823548753,-1865.789591784177,0.18430034129692832
972,ensemble,COND_ATTN,100,MJ3,-4.7647315740448448,-57.516529312457109,-52.751797738412264,-21.920596644451248,5.1687481813394243,-35.184550278538609,35.595932668005865,44.235154881695372,741.79136294097509,1876.8041711537348,-3011.8169793664947,0.18088737201365188
972,ensemble,COND_ATTN,100,MJ1,-27.140724849198932,-65.790696965530515,-38.649972116331583,-15.052344963869468,-8.5841720062392142,-21.81847480964052,50.738352001661035,57.494659409857228,250.64268050743854,1124.855725075073,-1999.0687696427071,0
972,ensemble,COND_ATTN,200,ATU1,-35.713196639781813,-57.476507409896605,-21.763310770114792,-17.574013260224511,-16.348391683717523,-21.68312339971601,39.902494149672087,41.416090376026318,333.24971098557421,1055.2971257290933,-1777.3445404726124,0
972,ensemble,COND_ATTN,200,ATU5,-48.658411535979667,-65.468688930976498,-16.810277394996831,-26.260210607474175,-22.929953064961865,-34.023864287315973,39.208478323502334,40.136557168211176,826.50576770177838,1802.2834643844988,-2778.0611610672195,0
972,ensemble,COND_ATTN,200,MJ3,-4.7647315740448448,-57.516529312457109,-52.751797738412264,-19.022978221467543,-2.3411452617860959,-31.86319209335079,38.493551090989563,47.513909287239983,540.67519410167415,1625.8347625598378,-2710.9943310180024,0.017064846416382253
972,ensemble,COND_ATTN,200,MJ1,-27.140724849198932,-65.790696965530515,-38.649972116331583,-15.469107257233528,-11.891958349327638,-22.530341000491035,50.321589708296976,56.807460764402478,265.36053309909221,1171.4887824490786,-2077.617031799065,0
1168,ensemble,GRU_LOCAL,0,ATU1,-0.012984905847247319,-0.84180929042166308,-0.82882438457441576,3.8800968505671e-16,5.6843418860808015e-14,0,0.84180929042166341,8.0682459891575888,1.1027898524864384e-27,5.1565208591073939e-15,-1.4210854715202004e-14,
1168,ensemble,GRU_LOCAL,0,ATU5,-0.016300767301913766,-7.3813527131132393,-7.3650519458113255,0,0,0,7.3813527131132393,9.1150067099766563,0,0,0,
1168,ensemble,GRU_LOCAL,0,MJ3,0.006937126394632287,8.7790588990733696,8.7721217726787373,0,0,0,-8.7790588990733696,13.016273948901418,0,0,0,
1168,ensemble,GRU_LOCAL,0,MJ1,-0.014211256160365338,-5.2411274404122556,-5.2269161842518903,5.4321355907939403e-15,-1.1368683772161603e-13,1.1368683772161603e-13,5.241127440412261,6.297166223062729,4.6758289745424986e-27,-2.1467829871224284e-14,4.2632564145606011e-14,
1168,ensemble,GRU_LOCAL,50,ATU1,-0.012984905847247319,-0.84180929042166308,-0.82882438457441576,-12.932980591235461,-19.971069800371936,-16.302030477296171,-12.091171300813796,15.873382440346441,176.53716945798902,-5.1652536489761216,186.86767675594123,0.25938566552901021
1168,ensemble,GRU_LOCAL,50,ATU5,-0.016300767301913766,-7.3813527131132393,-7.3650519458113255,-12.388867684554631,-20.600389470392088,-17.16476490615014,-5.0075149714413927,9.3120502894647803,168.60201591613031,82.485541322764334,3.6309332706016448,0.075085324232081918
1168,ensemble,GRU_LOCAL,50,MJ3,0.006937126394632287,8.7790588990733696,8.7721217726787373,-8.6049327974927685,-12.226615287633194,-11.223510770524172,-17.383991696566142,20.495447919040664,78.193856161522277,-86.223070863868116,250.63999788925858,1
1168,ensemble,GRU_LOCAL,50,MJ1,-0.014211256160365338,-5.2411274404122556,-5.2269161842518903,-9.9942994116425528,-13.186029313042809,-12.715987830160543,-4.7531719712302989,6.8077752328388179,103.84081530815889,48.574657064093671,6.6915011799715529,0.040955631399317405
1168,ensemble,GRU_LOCAL,100,ATU1,-0.012984905847247319,-0.84180929042166308,-0.82882438457441576,-11.169772600102519,-18.400061809959539,-17.843132644094169,-10.327963309680856,15.167094824127599,139.87904100826799,-12.532565527126343,164.94417206252064,0.25938566552901021
1168,ensemble,GRU_LOCAL,100,ATU5,-0.016300767301913766,-7.3813527131132393,-7.3650519458113255,-12.022064276705452,-20.366353519124345,-21.117618109665614,-4.6407115635922107,9.8328972933608423,169.80279141944263,78.100134780289551,13.602521858863511,0.075085324232081918
1168,ensemble,GRU_LOCAL,100,MJ3,0.006937126394632287,8.7790588990733696,8.7721217726787373,-9.0314299344411335,-13.304503565124378,-14.103279815107953,-17.810488833514501,21.319990954813335,88.806011353601306,-98.156307723435731,285.11862680047273,1
1168,ensemble,GRU_LOCAL,100,MJ1,-0.014211256160365338,-5.2411274404122556,-5.2269161842518903,-9.9502270839566709,-13.29055580734564,-14.564127374899954,-4.7090996435444161,7.2209079255946289,105.02814916896362,46.270470169965179,12.487208829033257,0.040955631399317405
1168,ensemble,GRU_LOCAL,200,ATU1,-0.012984905847247319,-0.84180929042166308,-0.82882438457441576,-9.390489331684595,-14.974412804535689,-18.669596153347129,-8.5486800412629318,14.449434176898228,108.96964243229981,-17.359956129328609,143.68955469095701,0.25938566552901021
1168,ensemble,GRU_LOCAL,200,ATU5,-0.016300767301913766,-7.3813527131132393,-7.3650519458113255,-12.969454054920885,-18.971871089631691,-25.645572261455868,-5.5881013418076453,10.893778106698431,203.45155246704417,83.930249175990767,35.59105411506259,0.075085324232081918
1168,ensemble,GRU_LOCAL,200,MJ3,0.006937126394632287,8.7790588990733696,8.7721217726787373,-10.807514635597718,-14.65951552982051,-18.860959503348795,-19.586573534671086,23.326235977529254,130.29631407895454,-122.19679164378796,374.68989736653054,1
1168,ensemble,GRU_LOCAL,200,MJ1,-0.014211256160365338,-5.2411274404122556,-5.2269161842518903,-11.253853706811425,-13.108866903560056,-17.770717222842336,-6.0127262663991701,8.4650845520511382,134.94205481817397,51.46935039284061,32.003354032492744,0.040955631399317405
1168,ensemble,GRU_GRAPH,0,ATU1,-0.012984905847247319,-0.84180929042166308,-0.82882438457441576,3.8800968505671e-16,5.6843418860808015e-14,0,0.84180929042166341,8.0682459891575888,1.1027898524864384e-27,5.1565208591073939e-15,-1.4210854715202004e-14,
1168,ensemble,GRU_GRAPH,0,ATU5,-0.016300767301913766,-7.3813527131132393,-7.3650519458113255,0,0,0,7.3813527131132393,9.1150067099766563,0,0,0,
1168,ensemble,GRU_GRAPH,0,MJ3,0.006937126394632287,8.7790588990733696,8.7721217726787373,0,0,0,-8.7790588990733696,13.016273948901418,0,0,0,
1168,ensemble,GRU_GRAPH,0,MJ1,-0.014211256160365338,-5.2411274404122556,-5.2269161842518903,5.4321355907939403e-15,-1.1368683772161603e-13,1.1368683772161603e-13,5.241127440412261,6.297166223062729,4.6758289745424986e-27,-2.1467829871224284e-14,4.2632564145606011e-14,
1168,ensemble,GRU_GRAPH,50,ATU1,-0.012984905847247319,-0.84180929042166308,-0.82882438457441576,-13.015023585753017,-20.104381904398565,-16.412997991567693,-12.173214295331354,15.946018416188762,178.79296701110832,-5.1929714883826694,189.17890998787362,0.25938566552901021
1168,ensemble,GRU_GRAPH,50,ATU5,-0.016300767301913766,-7.3813527131132393,-7.3650519458113255,-12.443892559536227,-20.71174464187925,-17.253024546036272,-5.0625398464229896,9.3596834646916989,170.14363964085842,82.811656202277319,4.5203272363037428,0.075085324232081918
1168,ensemble,GRU_GRAPH,50,MJ3,0.006937126394632287,8.7790588990733696,8.7721217726787373,-8.669385939619664,-12.316068504571149,-11.287957239014304,-17.448444838693032,20.550007767955904,79.315845816147402,-86.781792967025467,252.87943175019834,1
1168,ensemble,GRU_GRAPH,50,MJ1,-0.014211256160365338,-5.2411274404122556,-5.2269161842518903,-9.9927433048082701,-13.207279205313739,-12.735376350722049,-4.7516158643960154,6.8141258325592018,103.85210038282486,48.53704598087814,6.7780084210685629,0.040955631399317405
1168,ensemble,GRU_GRAPH,100,ATU1,-0.012984905847247319,-0.84180929042166308,-0.82882438457441576,-11.25505308091369,-18.479591831508685,-17.922639518751453,-10.413243790492025,15.220250192862279,141.74725674742993,-12.406082922168416,166.55942259176672,0.25938566552901021
1168,ensemble,GRU_GRAPH,100,ATU5,-0.016300767301913766,-7.3813527131132393,-7.3650519458113255,-12.064088264873732,-20.379224143579449,-21.127161328150464,-4.6827355517604916,9.8396562919774802,170.60437619969261,78.434443789180008,13.73548862133255,0.075085324232081918
1168,ensemble,GRU_GRAPH,100,MJ3,0.006937126394632287,8.7790588990733696,8.7721217726787373,-8.9980214871191162,-13.268331598652139,-14.046594136209706,-17.777080386192484,21.283963978357754,88.120975439743162,-97.731379839718798,283.5837351191808,1
1168,ensemble,GRU_GRAPH,100,MJ1,-0.014211256160365338,-5.2411274404122556,-5.2269161842518903,-9.9242465706145424,-13.252440543337684,-14.518712806888857,-4.6831191302022868,7.1940921293855542,104.43067658972646,46.165008732260659,12.100659125205112,0.040955631399317405
1168,ensemble,GRU_GRAPH,200,ATU1,-0.012984905847247319,-0.84180929042166308,-0.82882438457441576,-9.5145931784316442,-14.942154718088318,-18.712051933425187,-8.6727838880099792,14.491995349695193,110.86450338242707,-17.028416245801239,144.92133587402955,0.25938566552901021
1168,ensemble,GRU_GRAPH,200,ATU5,-0.016300767301913766,-7.3813527131132393,-7.3650519458113255,-13.202919384639754,-18.942626718514475,-25.71479119911146,-5.8215666715265142,10.941765137738344,208.38588752361534,85.873505258554317,36.638877006506746,0.075085324232081918
1168,ensemble,GRU_GRAPH,200,MJ3,0.006937126394632287,8.7790588990733696,8.7721217726787373,-10.738033224292368,-14.461776639713662,-18.682354635897582,-19.517092123365735,23.239766799663762,128.35072420381775,-121.15632459304334,370.66337338990445,1
1168,ensemble,GRU_GRAPH,200,MJ1,-0.014211256160365338,-5.2411274404122556,-5.2269161842518903,-11.148061366578569,-12.899551227393999,-17.574623968510991,-5.9069339261663156,8.3564668964212565,132.26805425686854,51.045908853383182,30.176236550102224,0.040955631399317405
1168,ensemble,COND_ATTN,0,ATU1,-0.012984905847247319,-0.84180929042166308,-0.82882438457441576,3.8800968505671e-16,5.6843418860808015e-14,0,0.84180929042166341,8.0682459891575888,1.1027898524864384e-27,5.1565208591073939e-15,-1.4210854715202004e-14,
1168,ensemble,COND_ATTN,0,ATU5,-0.016300767301913766,-7.3813527131132393,-7.3650519458113255,0,0,0,7.3813527131132393,9.1150067099766563,0,0,0,
1168,ensemble,COND_ATTN,0,MJ3,0.006937126394632287,8.7790588990733696,8.7721217726787373,0,0,0,-8.7790588990733696,13.016273948901418,0,0,0,
1168,ensemble,COND_ATTN,0,MJ1,-0.014211256160365338,-5.2411274404122556,-5.2269161842518903,5.4321355907939403e-15,-1.1368683772161603e-13,1.1368683772161603e-13,5.241127440412261,6.297166223062729,4.6758289745424986e-27,-2.1467829871224284e-14,4.2632564145606011e-14,
1168,ensemble,COND_ATTN,50,ATU1,-0.012984905847247319,-0.84180929042166308,-0.82882438457441576,-7.4816717678360076,-10.381885000623413,-15.064801234443223,-6.6398624774143453,14.07918842094837,93.22234709174073,-19.95230307963417,133.1269532510091,0.40273037542662116
1168,ensemble,COND_ATTN,50,ATU5,-0.016300767301913766,-7.3813527131132393,-7.3650519458113255,0.8159298023300704,-3.1950728810546707,-7.325090096697636,8.1972825154433107,14.293091854073149,73.748616475804283,-23.730255475124231,121.20912742605272,0.55290102389078499
1168,ensemble,COND_ATTN,50,MJ3,0.006937126394632287,8.7790588990733696,8.7721217726787373,-28.52127536083103,-24.165302294825324,-38.289097613656622,-37.300334259904396,40.094552229048105,853.21767690609965,-292.46602701445869,1438.1497309350168,1
1168,ensemble,COND_ATTN,50,MJ1,-0.014211256160365338,-5.2411274404122556,-5.2269161842518903,-19.957068856084,-17.205529677628192,-28.156957190749608,-14.715941415671743,16.354653943395732,418.71003096330867,95.444813897980595,227.82040316734748,0.040955631399317405
1168,ensemble,COND_ATTN,100,ATU1,-0.012984905847247319,-0.84180929042166308,-0.82882438457441576,-11.924258622209468,-8.9321682482444658,-17.039875868871718,-11.082449331787807,15.680080427961563,164.37973723055867,-8.1942958276135354,180.76832888578573,0.25938566552901021
1168,ensemble,COND_ATTN,100,ATU5,-0.016300767301913766,-7.3813527131132393,-7.3650519458113255,-5.0184723046344049,0.15059935519786904,-13.134843471148429,2.3628804084788335,12.548355436632725,128.55974513994215,27.090934149395764,74.377876841150609,0.37542662116040953
1168,ensemble,COND_ATTN,100,MJ3,0.006937126394632287,8.7790588990733696,8.7721217726787373,-26.496881508376728,-22.100005127050508,-47.142548081428686,-35.275940407450094,41.188575902592568,857.3569608082438,-334.85921828126783,1527.0753973707795,1
1168,ensemble,COND_ATTN,100,MJ1,-0.014211256160365338,-5.2411274404122556,-5.2269161842518903,-22.010766495642844,-20.450004122016367,-33.635609075720595,-16.769639055230588,19.000880013649681,521.84731781862104,100.23408948319555,321.37913885222986,0.040955631399317405
1168,ensemble,COND_ATTN,200,ATU1,-0.012984905847247319,-0.84180929042166308,-0.82882438457441576,-16.664558334499691,-9.3459095791540108,-20.168547784353109,-15.822749044078027,18.931164770507539,295.86000942403797,1.2838015987448324,293.29240622654822,0.25938566552901021
1168,ensemble,COND_ATTN,200,ATU5,-0.016300767301913766,-7.3813527131132393,-7.3650519458113255,-9.9118186120126595,9.1154106952208167,-13.175946695686093,-2.5304658988994184,9.706021643344581,178.14650484337344,83.511498012609721,11.123508818153965,0.18430034129692832
1168,ensemble,COND_ATTN,200,MJ3,0.006937126394632287,8.7790588990733696,8.7721217726787373,-28.642011862819718,-22.682237379751086,-55.741032914144625,-37.421070761893091,44.551268647526548,1042.4344824782845,-386.47883405647406,1815.3921505912322,1
1168,ensemble,COND_ATTN,200,MJ1,-0.014211256160365338,-5.2411274404122556,-5.2269161842518903,-29.102600534196512,-29.470798919776939,-42.685690054990687,-23.861473093784259,25.621883500728881,890.78082269540005,136.97710550567959,616.82661168404081,0.040955631399317405
