origin,arm,seed,horizon,point,baseline_teacher,input_teacher,coherent,bplus_mean_residual_mm,bplus_rmse_mm,correction_mean_mm,forecast_rmse_mm,new_minus_old_bplus_mean_mm,required_correction_change_mm,actual_correction_change_mm
612,GRU_LOCAL,0,292,ATU1,612,612,True,-4.2168799406164323,9.1922009850686539,4.3946670848174474,12.536561664445456,36.149555061350306,-36.149555061350306,-21.2690077549845
612,GRU_LOCAL,0,292,ATU5,612,612,True,-4.5160254806391276,10.697940817016667,8.3562598844427978,15.790187935260548,109.91734576116929,-109.91734576116929,-66.265927770360989
612,GRU_LOCAL,0,292,MJ3,612,612,True,-77.560651055115002,89.166826289319417,0.53698774918165881,89.587084895640814,-25.764637996728926,25.764637996728926,13.185273390150673
612,GRU_LOCAL,0,292,MJ1,612,612,True,-22.575542523130032,30.239015723070494,-0.36552660570654771,30.164692415289132,-38.617620709160889,38.617620709160889,15.46503996328884
612,GRU_LOCAL,0,292,ATU1,612,432,False,-4.2168799406164323,9.1922009850686539,25.663674839801949,31.319983134130627,36.149555061350306,-36.149555061350306,-21.2690077549845
612,GRU_LOCAL,0,292,ATU5,612,432,False,-4.5160254806391276,10.697940817016667,74.622187654803795,80.224988162759033,109.91734576116929,-109.91734576116929,-66.265927770360989
612,GRU_LOCAL,0,292,MJ3,612,432,False,-77.560651055115002,89.166826289319417,-12.648285640969013,78.265509695694064,-25.764637996728926,25.764637996728926,13.185273390150673
612,GRU_LOCAL,0,292,MJ1,612,432,False,-22.575542523130032,30.239015723070494,-15.830566568995387,21.3377230462904,-38.617620709160889,38.617620709160889,15.46503996328884
612,GRU_LOCAL,0,292,ATU1,432,612,False,31.932675120733869,38.274538736283816,4.3946670848174474,34.7656081208643,36.149555061350306,-36.149555061350306,-21.2690077549845
612,GRU_LOCAL,0,292,ATU5,432,612,False,105.40132028053016,112.56364740953292,8.3562598844427978,104.78125954609111,109.91734576116929,-109.91734576116929,-66.265927770360989
612,GRU_LOCAL,0,292,MJ3,432,612,False,-103.32528905184394,113.23046843850615,0.53698774918165881,113.62255003790428,-25.764637996728926,25.764637996728926,13.185273390150673
612,GRU_LOCAL,0,292,MJ1,432,612,False,-61.193163232290928,67.606647198221069,-0.36552660570654771,67.208486813155716,-38.617620709160889,38.617620709160889,15.46503996328884
612,GRU_LOCAL,0,292,ATU1,432,432,True,31.932675120733869,38.274538736283816,25.663674839801949,23.029972943435649,36.149555061350306,-36.149555061350306,-21.2690077549845
612,GRU_LOCAL,0,292,ATU5,432,432,True,105.40132028053016,112.56364740953292,74.622187654803795,51.475175282592986,109.91734576116929,-109.91734576116929,-66.265927770360989
612,GRU_LOCAL,0,292,MJ3,432,432,True,-103.32528905184394,113.23046843850615,-12.648285640969013,101.54644532496984,-25.764637996728926,25.764637996728926,13.185273390150673
612,GRU_LOCAL,0,292,MJ1,432,432,True,-61.193163232290928,67.606647198221069,-15.830566568995387,53.265988707171502,-38.617620709160889,38.617620709160889,15.46503996328884
612,GRU_LOCAL,1,292,ATU1,612,612,True,-4.2168799406164323,9.1922009850686539,4.81543454761644,12.742196026515449,36.149555061350306,-36.149555061350306,-21.706672502188049
612,GRU_LOCAL,1,292,ATU5,612,612,True,-4.5160254806391276,10.697940817016667,3.4533254514298202,12.522182561201245,109.91734576116929,-109.91734576116929,-73.375726089177931
612,GRU_LOCAL,1,292,MJ3,612,612,True,-77.560651055115002,89.166826289319417,-1.9953544647476307,87.135610077124937,-25.764637996728926,25.764637996728926,14.291837698422738
612,GRU_LOCAL,1,292,MJ1,612,612,True,-22.575542523130032,30.239015723070494,-2.5192209969670705,28.300203058658965,-38.617620709160889,38.617620709160889,16.312923653709312
612,GRU_LOCAL,1,292,ATU1,612,432,False,-4.2168799406164323,9.1922009850686539,26.522107049804486,32.625175378271273,36.149555061350306,-36.149555061350306,-21.706672502188049
612,GRU_LOCAL,1,292,ATU5,612,432,False,-4.5160254806391276,10.697940817016667,76.82905154060775,82.416143033193023,109.91734576116929,-109.91734576116929,-73.375726089177931
612,GRU_LOCAL,1,292,MJ3,612,432,False,-77.560651055115002,89.166826289319417,-16.287192163170364,74.656172607398275,-25.764637996728926,25.764637996728926,14.291837698422738
612,GRU_LOCAL,1,292,MJ1,612,432,False,-22.575542523130032,30.239015723070494,-18.832144650676383,19.392135878368943,-38.617620709160889,38.617620709160889,16.312923653709312
612,GRU_LOCAL,1,292,ATU1,432,612,False,31.932675120733869,38.274538736283816,4.81543454761644,34.646500771433089,36.149555061350306,-36.149555061350306,-21.706672502188049
612,GRU_LOCAL,1,292,ATU5,432,612,False,105.40132028053016,112.56364740953292,3.4533254514298202,109.37055084553838,109.91734576116929,-109.91734576116929,-73.375726089177931
612,GRU_LOCAL,1,292,MJ3,432,612,False,-103.32528905184394,113.23046843850615,-1.9953544647476307,111.13185134283481,-25.764637996728926,25.764637996728926,14.291837698422738
612,GRU_LOCAL,1,292,MJ1,432,612,False,-61.193163232290928,67.606647198221069,-2.5192209969670705,65.135260608814718,-38.617620709160889,38.617620709160889,16.312923653709312
612,GRU_LOCAL,1,292,ATU1,432,432,True,31.932675120733869,38.274538736283816,26.522107049804486,23.506822482976176,36.149555061350306,-36.149555061350306,-21.706672502188049
612,GRU_LOCAL,1,292,ATU5,432,432,True,105.40132028053016,112.56364740953292,76.82905154060775,50.53699136949124,109.91734576116929,-109.91734576116929,-73.375726089177931
612,GRU_LOCAL,1,292,MJ3,432,432,True,-103.32528905184394,113.23046843850615,-16.287192163170364,97.878642415268544,-25.764637996728926,25.764637996728926,14.291837698422738
612,GRU_LOCAL,1,292,MJ1,432,432,True,-61.193163232290928,67.606647198221069,-18.832144650676383,50.250032811246783,-38.617620709160889,38.617620709160889,16.312923653709312
612,GRU_LOCAL,2,292,ATU1,612,612,True,-4.2168799406164323,9.1922009850686539,-0.12352186512695788,9.5196196225887295,36.149555061350306,-36.149555061350306,-24.816231353913089
612,GRU_LOCAL,2,292,ATU5,612,612,True,-4.5160254806391276,10.697940817016667,9.6846287273651299,17.119923955047884,109.91734576116929,-109.91734576116929,-62.518104848478238
612,GRU_LOCAL,2,292,MJ3,612,612,True,-77.560651055115002,89.166826289319417,-2.4890993259802929,86.807459153039829,-25.764637996728926,25.764637996728926,12.579061979062123
612,GRU_LOCAL,2,292,MJ1,612,612,True,-22.575542523130032,30.239015723070494,-4.0245939748045156,27.36927194394341,-38.617620709160889,38.617620709160889,12.97838293456225
612,GRU_LOCAL,2,292,ATU1,612,432,False,-4.2168799406164323,9.1922009850686539,24.692709488786129,30.383625652075199,36.149555061350306,-36.149555061350306,-24.816231353913089
612,GRU_LOCAL,2,292,ATU5,612,432,False,-4.5160254806391276,10.697940817016667,72.202733575843368,78.088386952335767,109.91734576116929,-109.91734576116929,-62.518104848478238
612,GRU_LOCAL,2,292,MJ3,612,432,False,-77.560651055115002,89.166826289319417,-15.06816130504242,75.923353651200287,-25.764637996728926,25.764637996728926,12.579061979062123
612,GRU_LOCAL,2,292,MJ1,612,432,False,-22.575542523130032,30.239015723070494,-17.002976909366762,20.349578632951875,-38.617620709160889,38.617620709160889,12.97838293456225
612,GRU_LOCAL,2,292,ATU1,432,612,False,31.932675120733869,38.274538736283816,-0.12352186512695788,38.156194966620134,36.149555061350306,-36.149555061350306,-24.816231353913089
612,GRU_LOCAL,2,292,ATU5,432,612,False,105.40132028053016,112.56364740953292,9.6846287273651299,103.4773052299341,109.91734576116929,-109.91734576116929,-62.518104848478238
612,GRU_LOCAL,2,292,MJ3,432,612,False,-103.32528905184394,113.23046843850615,-2.4890993259802929,110.74062669590691,-25.764637996728926,25.764637996728926,12.579061979062123
612,GRU_LOCAL,2,292,MJ1,432,612,False,-61.193163232290928,67.606647198221069,-4.0245939748045156,63.837160110182332,-38.617620709160889,38.617620709160889,12.97838293456225
612,GRU_LOCAL,2,292,ATU1,432,432,True,31.932675120733869,38.274538736283816,24.692709488786129,23.060609805547443,36.149555061350306,-36.149555061350306,-24.816231353913089
612,GRU_LOCAL,2,292,ATU5,432,432,True,105.40132028053016,112.56364740953292,72.202733575843368,53.460532413882859,109.91734576116929,-109.91734576116929,-62.518104848478238
612,GRU_LOCAL,2,292,MJ3,432,432,True,-103.32528905184394,113.23046843850615,-15.06816130504242,99.150890615459915,-25.764637996728926,25.764637996728926,12.579061979062123
612,GRU_LOCAL,2,292,MJ1,432,432,True,-61.193163232290928,67.606647198221069,-17.002976909366762,52.066986692707971,-38.617620709160889,38.617620709160889,12.97838293456225
612,GRU_LOCAL,ensemble,292,ATU1,612,612,True,-4.2168799406164323,9.1922009850686539,3.0288599224356432,11.386433535866431,36.149555061350306,-36.149555061350306,-22.59730387036188
612,GRU_LOCAL,ensemble,292,ATU5,612,612,True,-4.5160254806391276,10.697940817016667,7.1647380210792484,14.978631854899836,109.91734576116929,-109.91734576116929,-67.386586236005712
612,GRU_LOCAL,ensemble,292,MJ3,612,612,True,-77.560651055115002,89.166826289319417,-1.3158220138487551,87.839636243161138,-25.764637996728926,25.764637996728926,13.352057689211843
612,GRU_LOCAL,ensemble,292,MJ1,612,612,True,-22.575542523130032,30.239015723070494,-2.3031138591593781,28.590030069788114,-38.617620709160889,38.617620709160889,14.918782183853468
612,GRU_LOCAL,ensemble,292,ATU1,612,432,False,-4.2168799406164323,9.1922009850686539,25.626163792797524,31.416144864883144,36.149555061350306,-36.149555061350306,-22.59730387036188
612,GRU_LOCAL,ensemble,292,ATU5,612,432,False,-4.5160254806391276,10.697940817016667,74.551324257084971,80.21260052860363,109.91734576116929,-109.91734576116929,-67.386586236005712
612,GRU_LOCAL,ensemble,292,MJ3,612,432,False,-77.560651055115002,89.166826289319417,-14.667879703060601,76.274988084032131,-25.764637996728926,25.764637996728926,13.352057689211843
612,GRU_LOCAL,ensemble,292,MJ1,612,432,False,-22.575542523130032,30.239015723070494,-17.22189604301284,20.320624547392953,-38.617620709160889,38.617620709160889,14.918782183853468
612,GRU_LOCAL,ensemble,292,ATU1,432,612,False,31.932675120733869,38.274538736283816,3.0288599224356432,35.794428096869552,36.149555061350306,-36.149555061350306,-22.59730387036188
612,GRU_LOCAL,ensemble,292,ATU5,432,612,False,105.40132028053016,112.56364740953292,7.1647380210792484,105.86537644787536,109.91734576116929,-109.91734576116929,-67.386586236005712
612,GRU_LOCAL,ensemble,292,MJ3,432,612,False,-103.32528905184394,113.23046843850615,-1.3158220138487551,111.82913821060328,-25.764637996728926,25.764637996728926,13.352057689211843
612,GRU_LOCAL,ensemble,292,MJ1,432,612,False,-61.193163232290928,67.606647198221069,-2.3031138591593781,65.38870477125667,-38.617620709160889,38.617620709160889,14.918782183853468
612,GRU_LOCAL,ensemble,292,ATU1,432,432,True,31.932675120733869,38.274538736283816,25.626163792797524,23.145600275852185,36.149555061350306,-36.149555061350306,-22.59730387036188
612,GRU_LOCAL,ensemble,292,ATU5,432,432,True,105.40132028053016,112.56364740953292,74.551324257084971,51.761079357348784,109.91734576116929,-109.91734576116929,-67.386586236005712
612,GRU_LOCAL,ensemble,292,MJ3,432,432,True,-103.32528905184394,113.23046843850615,-14.667879703060601,99.520584109908413,-25.764637996728926,25.764637996728926,13.352057689211843
612,GRU_LOCAL,ensemble,292,MJ1,432,432,True,-61.193163232290928,67.606647198221069,-17.22189604301284,51.854370084133535,-38.617620709160889,38.617620709160889,14.918782183853468
612,GRU_GRAPH,0,292,ATU1,612,612,True,-4.2168799406164323,9.1922009850686539,4.2426723089046767,12.431968457036939,36.149555061350306,-36.149555061350306,-21.406329827478146
612,GRU_GRAPH,0,292,ATU5,612,612,True,-4.5160254806391276,10.697940817016667,8.2511908463688126,15.700257646483884,109.91734576116929,-109.91734576116929,-66.359442781775385
612,GRU_GRAPH,0,292,MJ3,612,612,True,-77.560651055115002,89.166826289319417,0.52941486208389632,89.576021784303066,-25.764637996728926,25.764637996728926,13.21062477484284
612,GRU_GRAPH,0,292,MJ1,612,612,True,-22.575542523130032,30.239015723070494,-0.55154133008769946,30.040985714148157,-38.617620709160889,38.617620709160889,15.267703864696246
612,GRU_GRAPH,0,292,ATU1,612,432,False,-4.2168799406164323,9.1922009850686539,25.649002136382819,31.30635502144014,36.149555061350306,-36.149555061350306,-21.406329827478146
612,GRU_GRAPH,0,292,ATU5,612,432,False,-4.5160254806391276,10.697940817016667,74.6106336281442,80.214889283960375,109.91734576116929,-109.91734576116929,-66.359442781775385
612,GRU_GRAPH,0,292,MJ3,612,432,False,-77.560651055115002,89.166826289319417,-12.681209912758941,78.230305641302465,-25.764637996728926,25.764637996728926,13.21062477484284
612,GRU_GRAPH,0,292,MJ1,612,432,False,-22.575542523130032,30.239015723070494,-15.819245194783946,21.346797793877453,-38.617620709160889,38.617620709160889,15.267703864696246
612,GRU_GRAPH,0,292,ATU1,432,612,False,31.932675120733869,38.274538736283816,4.2426723089046767,34.885669519406107,36.149555061350306,-36.149555061350306,-21.406329827478146
612,GRU_GRAPH,0,292,ATU5,432,612,False,105.40132028053016,112.56364740953292,8.2511908463688126,104.87756233779055,109.91734576116929,-109.91734576116929,-66.359442781775385
612,GRU_GRAPH,0,292,MJ3,432,612,False,-103.32528905184394,113.23046843850615,0.52941486208389632,113.61216929182223,-25.764637996728926,25.764637996728926,13.21062477484284
612,GRU_GRAPH,0,292,MJ1,432,612,False,-61.193163232290928,67.606647198221069,-0.55154133008769946,67.045557678455197,-38.617620709160889,38.617620709160889,15.267703864696246
612,GRU_GRAPH,0,292,ATU1,432,432,True,31.932675120733869,38.274538736283816,25.649002136382819,23.032787113740017,36.149555061350306,-36.149555061350306,-21.406329827478146
612,GRU_GRAPH,0,292,ATU5,432,432,True,105.40132028053016,112.56364740953292,74.6106336281442,51.487853409674308,109.91734576116929,-109.91734576116929,-66.359442781775385
612,GRU_GRAPH,0,292,MJ3,432,432,True,-103.32528905184394,113.23046843850615,-12.681209912758941,101.51186619076339,-25.764637996728926,25.764637996728926,13.21062477484284
612,GRU_GRAPH,0,292,MJ1,432,432,True,-61.193163232290928,67.606647198221069,-15.819245194783946,53.2777438998273,-38.617620709160889,38.617620709160889,15.267703864696246
612,GRU_GRAPH,1,292,ATU1,612,612,True,-4.2168799406164323,9.1922009850686539,4.5788636113423706,12.593348453973254,36.149555061350306,-36.149555061350306,-21.942584529043859
612,GRU_GRAPH,1,292,ATU5,612,612,True,-4.5160254806391276,10.697940817016667,3.1401424748628357,12.341278089515084,109.91734576116929,-109.91734576116929,-73.719520360192305
612,GRU_GRAPH,1,292,MJ3,612,612,True,-77.560651055115002,89.166826289319417,-2.4299131376299483,86.749010484105,-25.764637996728926,25.764637996728926,14.071953455930734
612,GRU_GRAPH,1,292,MJ1,612,612,True,-22.575542523130032,30.239015723070494,-2.7959502750067489,28.131430862267017,-38.617620709160889,38.617620709160889,15.924394141902622
612,GRU_GRAPH,1,292,ATU1,612,432,False,-4.2168799406164323,9.1922009850686539,26.521448140386234,32.621704751633828,36.149555061350306,-36.149555061350306,-21.942584529043859
612,GRU_GRAPH,1,292,ATU5,612,432,False,-4.5160254806391276,10.697940817016667,76.859662835055133,82.444757339250472,109.91734576116929,-109.91734576116929,-73.719520360192305
612,GRU_GRAPH,1,292,MJ3,612,432,False,-77.560651055115002,89.166826289319417,-16.501866593560681,74.445528684580111,-25.764637996728926,25.764637996728926,14.071953455930734
612,GRU_GRAPH,1,292,MJ1,612,432,False,-22.575542523130032,30.239015723070494,-18.72034441690937,19.415131579449234,-38.617620709160889,38.617620709160889,15.924394141902622
612,GRU_GRAPH,1,292,ATU1,432,612,False,31.932675120733869,38.274538736283816,4.5788636113423706,34.835485368128047,36.149555061350306,-36.149555061350306,-21.942584529043859
612,GRU_GRAPH,1,292,ATU5,432,612,False,105.40132028053016,112.56364740953292,3.1401424748628357,109.66578674765113,109.91734576116929,-109.91734576116929,-73.719520360192305
612,GRU_GRAPH,1,292,MJ3,432,612,False,-103.32528905184394,113.23046843850615,-2.4299131376299483,110.72752045275972,-25.764637996728926,25.764637996728926,14.071953455930734
612,GRU_GRAPH,1,292,MJ1,432,612,False,-61.193163232290928,67.606647198221069,-2.7959502750067489,64.899519908658007,-38.617620709160889,38.617620709160889,15.924394141902622
612,GRU_GRAPH,1,292,ATU1,432,432,True,31.932675120733869,38.274538736283816,26.521448140386234,23.484569419859426,36.149555061350306,-36.149555061350306,-21.942584529043859
612,GRU_GRAPH,1,292,ATU5,432,432,True,105.40132028053016,112.56364740953292,76.859662835055133,50.515795657740945,109.91734576116929,-109.91734576116929,-73.719520360192305
612,GRU_GRAPH,1,292,MJ3,432,432,True,-103.32528905184394,113.23046843850615,-16.501866593560681,97.666124126121147,-25.764637996728926,25.764637996728926,14.071953455930734
612,GRU_GRAPH,1,292,MJ1,432,432,True,-61.193163232290928,67.606647198221069,-18.72034441690937,50.35632219402742,-38.617620709160889,38.617620709160889,15.924394141902622
612,GRU_GRAPH,2,292,ATU1,612,612,True,-4.2168799406164323,9.1922009850686539,-0.75367525545107661,9.2730612213738333,36.149555061350306,-36.149555061350306,-25.415231743118984
612,GRU_GRAPH,2,292,ATU5,612,612,True,-4.5160254806391276,10.697940817016667,9.0998793370157429,16.620072648724484,109.91734576116929,-109.91734576116929,-63.09566766741856
612,GRU_GRAPH,2,292,MJ3,612,612,True,-77.560651055115002,89.166826289319417,-2.7136713194325517,86.62560275108639,-25.764637996728926,25.764637996728926,12.294540423014869
612,GRU_GRAPH,2,292,MJ1,612,612,True,-22.575542523130032,30.239015723070494,-4.3318438686172076,27.173669280821883,-38.617620709160889,38.617620709160889,12.659558975308178
612,GRU_GRAPH,2,292,ATU1,612,432,False,-4.2168799406164323,9.1922009850686539,24.661556487667909,30.347211803905818,36.149555061350306,-36.149555061350306,-25.415231743118984
612,GRU_GRAPH,2,292,ATU5,612,432,False,-4.5160254806391276,10.697940817016667,72.195547004434303,78.077821233903506,109.91734576116929,-109.91734576116929,-63.09566766741856
612,GRU_GRAPH,2,292,MJ3,612,432,False,-77.560651055115002,89.166826289319417,-15.008211742447422,75.977837786040865,-25.764637996728926,25.764637996728926,12.294540423014869
612,GRU_GRAPH,2,292,MJ1,612,432,False,-22.575542523130032,30.239015723070494,-16.991402843925382,20.352438891141773,-38.617620709160889,38.617620709160889,12.659558975308178
612,GRU_GRAPH,2,292,ATU1,432,612,False,31.932675120733869,38.274538736283816,-0.75367525545107661,38.69903007803039,36.149555061350306,-36.149555061350306,-25.415231743118984
612,GRU_GRAPH,2,292,ATU5,432,612,False,105.40132028053016,112.56364740953292,9.0998793370157429,104.02984216930912,109.91734576116929,-109.91734576116929,-63.09566766741856
612,GRU_GRAPH,2,292,MJ3,432,612,False,-103.32528905184394,113.23046843850615,-2.7136713194325517,110.54598236908006,-25.764637996728926,25.764637996728926,12.294540423014869
612,GRU_GRAPH,2,292,MJ1,432,612,False,-61.193163232290928,67.606647198221069,-4.3318438686172076,63.566246101046602,-38.617620709160889,38.617620709160889,12.659558975308178
612,GRU_GRAPH,2,292,ATU1,432,432,True,31.932675120733869,38.274538736283816,24.661556487667909,23.04906027848336,36.149555061350306,-36.149555061350306,-25.415231743118984
612,GRU_GRAPH,2,292,ATU5,432,432,True,105.40132028053016,112.56364740953292,72.195547004434303,53.457618799238787,109.91734576116929,-109.91734576116929,-63.09566766741856
612,GRU_GRAPH,2,292,MJ3,432,432,True,-103.32528905184394,113.23046843850615,-15.008211742447422,99.208021516474076,-25.764637996728926,25.764637996728926,12.294540423014869
612,GRU_GRAPH,2,292,MJ1,432,432,True,-61.193163232290928,67.606647198221069,-16.991402843925382,52.075632662368946,-38.617620709160889,38.617620709160889,12.659558975308178
612,GRU_GRAPH,ensemble,292,ATU1,612,612,True,-4.2168799406164323,9.1922009850686539,2.6892868882653231,11.184085888758004,36.149555061350306,-36.149555061350306,-22.921382033213664
612,GRU_GRAPH,ensemble,292,ATU5,612,612,True,-4.5160254806391276,10.697940817016667,6.8304042194157963,14.719726327823377,109.91734576116929,-109.91734576116929,-67.724876936462081
612,GRU_GRAPH,ensemble,292,MJ3,612,612,True,-77.560651055115002,89.166826289319417,-1.5380565316595345,87.64606250708654,-25.764637996728926,25.764637996728926,13.192372884596148
612,GRU_GRAPH,ensemble,292,MJ1,612,612,True,-22.575542523130032,30.239015723070494,-2.5597784912372186,28.42568647193886,-38.617620709160889,38.617620709160889,14.617218993969015
612,GRU_GRAPH,ensemble,292,ATU1,612,432,False,-4.2168799406164323,9.1922009850686539,25.610668921478986,31.397916186873896,36.149555061350306,-36.149555061350306,-22.921382033213664
612,GRU_GRAPH,ensemble,292,ATU5,612,432,False,-4.5160254806391276,10.697940817016667,74.555281155877879,80.215206406724818,109.91734576116929,-109.91734576116929,-67.724876936462081
612,GRU_GRAPH,ensemble,292,MJ3,612,432,False,-77.560651055115002,89.166826289319417,-14.730429416255683,76.210971559183179,-25.764637996728926,25.764637996728926,13.192372884596148
612,GRU_GRAPH,ensemble,292,MJ1,612,432,False,-22.575542523130032,30.239015723070494,-17.176997485206233,20.334178621141891,-38.617620709160889,38.617620709160889,14.617218993969015
612,GRU_GRAPH,ensemble,292,ATU1,432,612,False,31.932675120733869,38.274538736283816,2.6892868882653231,36.07515908819915,36.149555061350306,-36.149555061350306,-22.921382033213664
612,GRU_GRAPH,ensemble,292,ATU5,432,612,False,105.40132028053016,112.56364740953292,6.8304042194157963,106.18078122753704,109.91734576116929,-109.91734576116929,-67.724876936462081
612,GRU_GRAPH,ensemble,292,MJ3,432,612,False,-103.32528905184394,113.23046843850615,-1.5380565316595345,111.62581882205239,-25.764637996728926,25.764637996728926,13.192372884596148
612,GRU_GRAPH,ensemble,292,MJ1,432,612,False,-61.193163232290928,67.606647198221069,-2.5597784912372186,65.165263137020673,-38.617620709160889,38.617620709160889,14.617218993969015
612,GRU_GRAPH,ensemble,292,ATU1,432,432,True,31.932675120733869,38.274538736283816,25.610668921478986,23.134131606177039,36.149555061350306,-36.149555061350306,-22.921382033213664
612,GRU_GRAPH,ensemble,292,ATU5,432,432,True,105.40132028053016,112.56364740953292,74.555281155877879,51.756761361122585,109.91734576116929,-109.91734576116929,-67.724876936462081
612,GRU_GRAPH,ensemble,292,MJ3,432,432,True,-103.32528905184394,113.23046843850615,-14.730429416255683,99.457108970060133,-25.764637996728926,25.764637996728926,13.192372884596148
612,GRU_GRAPH,ensemble,292,MJ1,432,432,True,-61.193163232290928,67.606647198221069,-17.176997485206233,51.896468340411843,-38.617620709160889,38.617620709160889,14.617218993969015
612,COND_ATTN,0,292,ATU1,612,612,True,-4.2168799406164323,9.1922009850686539,24.396099730964366,29.446089547759698,36.149555061350306,-36.149555061350306,-0.27760555471995885
612,COND_ATTN,0,292,ATU5,612,612,True,-4.5160254806391276,10.697940817016667,69.727292057221405,75.011478515162111,109.91734576116929,-109.91734576116929,-2.9099706220967487
612,COND_ATTN,0,292,MJ3,612,612,True,-77.560651055115002,89.166826289319417,-9.3062941771261265,80.983368892025297,-25.764637996728926,25.764637996728926,3.6493226361285629
612,COND_ATTN,0,292,MJ1,612,612,True,-22.575542523130032,30.239015723070494,-13.929264032847668,21.874773233853965,-38.617620709160889,38.617620709160889,3.8166571550757471
612,COND_ATTN,0,292,ATU1,612,432,False,-4.2168799406164323,9.1922009850686539,24.673705285684328,29.702181012119318,36.149555061350306,-36.149555061350306,-0.27760555471995885
612,COND_ATTN,0,292,ATU5,612,432,False,-4.5160254806391276,10.697940817016667,72.637262679318141,77.975952356722829,109.91734576116929,-109.91734576116929,-2.9099706220967487
612,COND_ATTN,0,292,MJ3,612,432,False,-77.560651055115002,89.166826289319417,-12.955616813254688,78.371100789133664,-25.764637996728926,25.764637996728926,3.6493226361285629
612,COND_ATTN,0,292,MJ1,612,432,False,-22.575542523130032,30.239015723070494,-17.745921187923415,21.318477166538631,-38.617620709160889,38.617620709160889,3.8166571550757471
612,COND_ATTN,0,292,ATU1,432,612,False,31.932675120733869,38.274538736283816,24.396099730964366,21.20007917472342,36.149555061350306,-36.149555061350306,-0.27760555471995885
612,COND_ATTN,0,292,ATU5,432,612,False,105.40132028053016,112.56364740953292,69.727292057221405,52.686859719675518,109.91734576116929,-109.91734576116929,-2.9099706220967487
612,COND_ATTN,0,292,MJ3,432,612,False,-103.32528905184394,113.23046843850615,-9.3062941771261265,104.7035028778424,-25.764637996728926,25.764637996728926,3.6493226361285629
612,COND_ATTN,0,292,MJ1,432,612,False,-61.193163232290928,67.606647198221069,-13.929264032847668,55.480998051744905,-38.617620709160889,38.617620709160889,3.8166571550757471
612,COND_ATTN,0,292,ATU1,432,432,True,31.932675120733869,38.274538736283816,24.673705285684328,20.970498637673057,36.149555061350306,-36.149555061350306,-0.27760555471995885
612,COND_ATTN,0,292,ATU5,432,432,True,105.40132028053016,112.56364740953292,72.637262679318141,49.672787478498371,109.91734576116929,-109.91734576116929,-2.9099706220967487
612,COND_ATTN,0,292,MJ3,432,432,True,-103.32528905184394,113.23046843850615,-12.955616813254688,101.7219653108916,-25.764637996728926,25.764637996728926,3.6493226361285629
612,COND_ATTN,0,292,MJ1,432,432,True,-61.193163232290928,67.606647198221069,-17.745921187923415,52.415833482935099,-38.617620709160889,38.617620709160889,3.8166571550757471
612,COND_ATTN,1,292,ATU1,612,612,True,-4.2168799406164323,9.1922009850686539,24.213644750073755,29.254106574343542,36.149555061350306,-36.149555061350306,-2.2691730834166557
612,COND_ATTN,1,292,ATU5,612,612,True,-4.5160254806391276,10.697940817016667,61.187054570931316,67.518398916275999,109.91734576116929,-109.91734576116929,-13.413642693732461
612,COND_ATTN,1,292,MJ3,612,612,True,-77.560651055115002,89.166826289319417,-5.958879056546647,83.576268084351256,-25.764637996728926,25.764637996728926,5.8346627083722007
612,COND_ATTN,1,292,MJ1,612,612,True,-22.575542523130032,30.239015723070494,-10.078436476474346,23.85881053607535,-38.617620709160889,38.617620709160889,6.2261631987166064
612,COND_ATTN,1,292,ATU1,612,432,False,-4.2168799406164323,9.1922009850686539,26.482817833490408,31.629483569657385,36.149555061350306,-36.149555061350306,-2.2691730834166557
612,COND_ATTN,1,292,ATU5,612,432,False,-4.5160254806391276,10.697940817016667,74.600697264663779,79.930969453375425,109.91734576116929,-109.91734576116929,-13.413642693732461
612,COND_ATTN,1,292,MJ3,612,432,False,-77.560651055115002,89.166826289319417,-11.793541764918848,79.41534497626985,-25.764637996728926,25.764637996728926,5.8346627083722007
612,COND_ATTN,1,292,MJ1,612,432,False,-22.575542523130032,30.239015723070494,-16.304599675190953,22.223118794928286,-38.617620709160889,38.617620709160889,6.2261631987166064
612,COND_ATTN,1,292,ATU1,432,612,False,31.932675120733869,38.274538736283816,24.213644750073755,20.658753876884596,36.149555061350306,-36.149555061350306,-2.2691730834166557
612,COND_ATTN,1,292,ATU5,432,612,False,105.40132028053016,112.56364740953292,61.187054570931316,58.741034751148625,109.91734576116929,-109.91734576116929,-13.413642693732461
612,COND_ATTN,1,292,MJ3,432,612,False,-103.32528905184394,113.23046843850615,-5.958879056546647,107.42496643578174,-25.764637996728926,25.764637996728926,5.8346627083722007
612,COND_ATTN,1,292,MJ1,432,612,False,-61.193163232290928,67.606647198221069,-10.078436476474346,58.573057601244706,-38.617620709160889,38.617620709160889,6.2261631987166064
612,COND_ATTN,1,292,ATU1,432,432,True,31.932675120733869,38.274538736283816,26.482817833490408,20.396865732547866,36.149555061350306,-36.149555061350306,-2.2691730834166557
612,COND_ATTN,1,292,ATU5,432,432,True,105.40132028053016,112.56364740953292,74.600697264663779,47.178757626425366,109.91734576116929,-109.91734576116929,-13.413642693732461
612,COND_ATTN,1,292,MJ3,432,432,True,-103.32528905184394,113.23046843850615,-11.793541764918848,102.7792123538301,-25.764637996728926,25.764637996728926,5.8346627083722007
612,COND_ATTN,1,292,MJ1,432,432,True,-61.193163232290928,67.606647198221069,-16.304599675190953,53.750008532422932,-38.617620709160889,38.617620709160889,6.2261631987166064
612,COND_ATTN,2,292,ATU1,612,612,True,-4.2168799406164323,9.1922009850686539,21.1492313360359,26.564549426743376,36.149555061350306,-36.149555061350306,-3.0678243550690789
612,COND_ATTN,2,292,ATU5,612,612,True,-4.5160254806391276,10.697940817016667,59.796446387395044,65.557119929900807,109.91734576116929,-109.91734576116929,-11.271868656163059
612,COND_ATTN,2,292,MJ3,612,612,True,-77.560651055115002,89.166826289319417,-6.6584976880589517,84.559383855518504,-25.764637996728926,25.764637996728926,5.11975494737883
612,COND_ATTN,2,292,MJ1,612,612,True,-22.575542523130032,30.239015723070494,-10.331498987937531,26.141257058512394,-38.617620709160889,38.617620709160889,5.8485162344406243
612,COND_ATTN,2,292,ATU1,612,432,False,-4.2168799406164323,9.1922009850686539,24.217055691104978,29.708808179447928,36.149555061350306,-36.149555061350306,-3.0678243550690789
612,COND_ATTN,2,292,ATU5,612,432,False,-4.5160254806391276,10.697940817016667,71.068315043558115,76.637416967737607,109.91734576116929,-109.91734576116929,-11.271868656163059
612,COND_ATTN,2,292,MJ3,612,432,False,-77.560651055115002,89.166826289319417,-11.778252635437783,80.265941375399279,-25.764637996728926,25.764637996728926,5.11975494737883
612,COND_ATTN,2,292,MJ1,612,432,False,-22.575542523130032,30.239015723070494,-16.180015222378152,23.289316302734143,-38.617620709160889,38.617620709160889,5.8485162344406243
612,COND_ATTN,2,292,ATU1,432,612,False,31.932675120733869,38.274538736283816,21.1492313360359,21.458419640700839,36.149555061350306,-36.149555061350306,-3.0678243550690789
612,COND_ATTN,2,292,ATU5,432,612,False,105.40132028053016,112.56364740953292,59.796446387395044,56.229787830750936,109.91734576116929,-109.91734576116929,-11.271868656163059
612,COND_ATTN,2,292,MJ3,432,612,False,-103.32528905184394,113.23046843850615,-6.6584976880589517,108.18399049077323,-25.764637996728926,25.764637996728926,5.11975494737883
612,COND_ATTN,2,292,MJ1,432,612,False,-61.193163232290928,67.606647198221069,-10.331498987937531,59.971178676542507,-38.617620709160889,38.617620709160889,5.8485162344406243
612,COND_ATTN,2,292,ATU1,432,432,True,31.932675120733869,38.274538736283816,24.217055691104978,22.057203592670334,36.149555061350306,-36.149555061350306,-3.0678243550690789
612,COND_ATTN,2,292,ATU5,432,432,True,105.40132028053016,112.56364740953292,71.068315043558115,51.106478664188451,109.91734576116929,-109.91734576116929,-11.271868656163059
612,COND_ATTN,2,292,MJ3,432,432,True,-103.32528905184394,113.23046843850615,-11.778252635437783,103.54933812500342,-25.764637996728926,25.764637996728926,5.11975494737883
612,COND_ATTN,2,292,MJ1,432,432,True,-61.193163232290928,67.606647198221069,-16.180015222378152,54.638401373150195,-38.617620709160889,38.617620709160889,5.8485162344406243
612,COND_ATTN,ensemble,292,ATU1,612,612,True,-4.2168799406164323,9.1922009850686539,23.252991939024675,28.33768179075425,36.149555061350306,-36.149555061350306,-1.8715343310685646
612,COND_ATTN,ensemble,292,ATU5,612,612,True,-4.5160254806391276,10.697940817016667,63.570264338515926,69.076822794784803,109.91734576116929,-109.91734576116929,-9.1984939906640903
612,COND_ATTN,ensemble,292,MJ3,612,612,True,-77.560651055115002,89.166826289319417,-7.3078903072439081,83.002536984720734,-25.764637996728926,25.764637996728926,4.8679134306265315
612,COND_ATTN,ensemble,292,MJ1,612,612,True,-22.575542523130032,30.239015723070494,-11.446399832419848,23.810325469777453,-38.617620709160889,38.617620709160889,5.2971121960776602
612,COND_ATTN,ensemble,292,ATU1,612,432,False,-4.2168799406164323,9.1922009850686539,25.124526270093238,30.300686169097528,36.149555061350306,-36.149555061350306,-1.8715343310685646
612,COND_ATTN,ensemble,292,ATU5,612,432,False,-4.5160254806391276,10.697940817016667,72.768758329180002,78.095595212504406,109.91734576116929,-109.91734576116929,-9.1984939906640903
612,COND_ATTN,ensemble,292,MJ3,612,432,False,-77.560651055115002,89.166826289319417,-12.17580373787044,79.323292234991698,-25.764637996728926,25.764637996728926,4.8679134306265315
612,COND_ATTN,ensemble,292,MJ1,612,432,False,-22.575542523130032,30.239015723070494,-16.743512028497506,22.185352876087077,-38.617620709160889,38.617620709160889,5.2971121960776602
612,COND_ATTN,ensemble,292,ATU1,432,612,False,31.932675120733869,38.274538736283816,23.252991939024675,20.954026205761039,36.149555061350306,-36.149555061350306,-1.8715343310685646
612,COND_ATTN,ensemble,292,ATU5,432,612,False,105.40132028053016,112.56364740953292,63.570264338515926,55.437152577678994,109.91734576116929,-109.91734576116929,-9.1984939906640903
612,COND_ATTN,ensemble,292,MJ3,432,612,False,-103.32528905184394,113.23046843850615,-7.3078903072439081,106.74174151160763,-25.764637996728926,25.764637996728926,4.8679134306265315
612,COND_ATTN,ensemble,292,MJ1,432,612,False,-61.193163232290928,67.606647198221069,-11.446399832419848,57.951610347289858,-38.617620709160889,38.617620709160889,5.2971121960776602
612,COND_ATTN,ensemble,292,ATU1,432,432,True,31.932675120733869,38.274538736283816,25.124526270093238,21.066971392078774,36.149555061350306,-36.149555061350306,-1.8715343310685646
612,COND_ATTN,ensemble,292,ATU5,432,432,True,105.40132028053016,112.56364740953292,72.768758329180002,49.191315019743769,109.91734576116929,-109.91734576116929,-9.1984939906640903
612,COND_ATTN,ensemble,292,MJ3,432,432,True,-103.32528905184394,113.23046843850615,-12.17580373787044,102.66206117877621,-25.764637996728926,25.764637996728926,4.8679134306265315
612,COND_ATTN,ensemble,292,MJ1,432,432,True,-61.193163232290928,67.606647198221069,-16.743512028497506,53.565134296937259,-38.617620709160889,38.617620709160889,5.2971121960776602
792,GRU_LOCAL,0,292,ATU1,792,792,True,-29.250352033012273,32.781091770556166,0.43269665878340907,32.746024315329159,12.172652252211153,-12.172652252211153,-3.0105305496378905
792,GRU_LOCAL,0,292,ATU5,792,792,True,-37.455433166378583,42.691946658674588,4.5287182841388836,46.481343425158663,4.454109819336205,-4.454109819336205,2.2121604892654512
792,GRU_LOCAL,0,292,MJ3,792,792,True,-4.928649114244438,8.775961398910507,-16.177629480562313,12.546730593091647,-134.71006501586481,134.71006501586481,33.28396791522826
792,GRU_LOCAL,0,292,MJ1,792,792,True,-22.074181941174199,24.364633584243304,-6.8889683560048942,17.892936451232991,-31.97791443626593,31.97791443626593,10.328234191554909
792,GRU_LOCAL,0,292,ATU1,792,612,False,-29.250352033012273,32.781091770556166,3.4432272084212991,35.742996896369391,12.172652252211153,-12.172652252211153,-3.0105305496378905
792,GRU_LOCAL,0,292,ATU5,792,612,False,-37.455433166378583,42.691946658674588,2.3165577948734328,44.530771364657859,4.454109819336205,-4.454109819336205,2.2121604892654512
792,GRU_LOCAL,0,292,MJ3,792,612,False,-4.928649114244438,8.775961398910507,-49.461597395790569,44.89340463056817,-134.71006501586481,134.71006501586481,33.28396791522826
792,GRU_LOCAL,0,292,MJ1,792,612,False,-22.074181941174199,24.364633584243304,-17.217202547559804,10.682712359339018,-31.97791443626593,31.97791443626593,10.328234191554909
792,GRU_LOCAL,0,292,ATU1,612,792,False,-17.077699780801122,18.826202062423143,0.43269665878340907,19.968726537920695,12.172652252211153,-12.172652252211153,-3.0105305496378905
792,GRU_LOCAL,0,292,ATU5,612,792,False,-33.00132334704238,37.246468909151375,4.5287182841388836,40.58091274017157,4.454109819336205,-4.454109819336205,2.2121604892654512
792,GRU_LOCAL,0,292,MJ3,612,792,False,-139.63871413010921,140.92591568213643,-16.177629480562313,124.6746442429624,-134.71006501586481,134.71006501586481,33.28396791522826
792,GRU_LOCAL,0,292,MJ1,612,792,False,-54.052096377440122,56.065083874099976,-6.8889683560048942,48.857842820134216,-31.97791443626593,31.97791443626593,10.328234191554909
792,GRU_LOCAL,0,292,ATU1,612,612,True,-17.077699780801122,18.826202062423143,3.4432272084212991,22.687367782034677,12.172652252211153,-12.172652252211153,-3.0105305496378905
792,GRU_LOCAL,0,292,ATU5,612,612,True,-33.00132334704238,37.246468909151375,2.3165577948734328,38.710568269295919,4.454109819336205,-4.454109819336205,2.2121604892654512
792,GRU_LOCAL,0,292,MJ3,612,612,True,-139.63871413010921,140.92591568213643,-49.461597395790569,91.833084941358607,-134.71006501586481,134.71006501586481,33.28396791522826
792,GRU_LOCAL,0,292,MJ1,612,612,True,-54.052096377440122,56.065083874099976,-17.217202547559804,38.969001447787811,-31.97791443626593,31.97791443626593,10.328234191554909
792,GRU_LOCAL,1,292,ATU1,792,792,True,-29.250352033012273,32.781091770556166,6.4672214289353782,39.605930616728308,12.172652252211153,-12.172652252211153,-4.1819245078318756
792,GRU_LOCAL,1,292,ATU5,792,792,True,-37.455433166378583,42.691946658674588,16.978552586158532,59.322585214810609,4.454109819336205,-4.454109819336205,5.5718720403593762
792,GRU_LOCAL,1,292,MJ3,792,792,True,-4.928649114244438,8.775961398910507,-13.370757441652247,10.981513424201415,-134.71006501586481,134.71006501586481,34.883185289978485
792,GRU_LOCAL,1,292,MJ1,792,792,True,-22.074181941174199,24.364633584243304,-3.9869081728106206,21.131916325643413,-31.97791443626593,31.97791443626593,10.534414848647828
792,GRU_LOCAL,1,292,ATU1,792,612,False,-29.250352033012273,32.781091770556166,10.649145936767255,43.625360248799453,12.172652252211153,-12.172652252211153,-4.1819245078318756
792,GRU_LOCAL,1,292,ATU5,792,612,False,-37.455433166378583,42.691946658674588,11.406680545799157,54.241498431216634,4.454109819336205,-4.454109819336205,5.5718720403593762
792,GRU_LOCAL,1,292,MJ3,792,612,False,-4.928649114244438,8.775961398910507,-48.253942731630737,43.778698659150756,-134.71006501586481,134.71006501586481,34.883185289978485
792,GRU_LOCAL,1,292,MJ1,792,612,False,-22.074181941174199,24.364633584243304,-14.52132302145845,13.281362910091566,-31.97791443626593,31.97791443626593,10.534414848647828
792,GRU_LOCAL,1,292,ATU1,612,792,False,-17.077699780801122,18.826202062423143,6.4672214289353782,27.337351534838312,12.172652252211153,-12.172652252211153,-4.1819245078318756
792,GRU_LOCAL,1,292,ATU5,612,792,False,-33.00132334704238,37.246468909151375,16.978552586158532,53.44683762693456,4.454109819336205,-4.454109819336205,5.5718720403593762
792,GRU_LOCAL,1,292,MJ3,612,792,False,-139.63871413010921,140.92591568213643,-13.370757441652247,127.57911647179206,-134.71006501586481,134.71006501586481,34.883185289978485
792,GRU_LOCAL,1,292,MJ1,612,792,False,-54.052096377440122,56.065083874099976,-3.9869081728106206,51.834915579248239,-31.97791443626593,31.97791443626593,10.534414848647828
792,GRU_LOCAL,1,292,ATU1,612,612,True,-17.077699780801122,18.826202062423143,10.649145936767255,30.909530686543292,12.172652252211153,-12.172652252211153,-4.1819245078318756
792,GRU_LOCAL,1,292,ATU5,612,612,True,-33.00132334704238,37.246468909151375,11.406680545799157,48.322131364863701,4.454109819336205,-4.454109819336205,5.5718720403593762
792,GRU_LOCAL,1,292,MJ3,612,612,True,-139.63871413010921,140.92591568213643,-48.253942731630737,93.054335087000013,-134.71006501586481,134.71006501586481,34.883185289978485
792,GRU_LOCAL,1,292,MJ1,612,612,True,-54.052096377440122,56.065083874099976,-14.52132302145845,41.700352508571385,-31.97791443626593,31.97791443626593,10.534414848647828
792,GRU_LOCAL,2,292,ATU1,792,792,True,-29.250352033012273,32.781091770556166,3.3823208531757527,35.565059397748236,12.172652252211153,-12.172652252211153,-2.5150197747195588
792,GRU_LOCAL,2,292,ATU5,792,792,True,-37.455433166378583,42.691946658674588,12.765020713562485,54.172373178236356,4.454109819336205,-4.454109819336205,2.9125690276663176
792,GRU_LOCAL,2,292,MJ3,792,792,True,-4.928649114244438,8.775961398910507,-14.403020307459263,11.676065915228408,-134.71006501586481,134.71006501586481,32.749681248995941
792,GRU_LOCAL,2,292,MJ1,792,792,True,-22.074181941174199,24.364633584243304,-5.0571362695207087,19.600730770925587,-31.97791443626593,31.97791443626593,10.518078038408726
792,GRU_LOCAL,2,292,ATU1,792,612,False,-29.250352033012273,32.781091770556166,5.8973406278953115,38.130877760894919,12.172652252211153,-12.172652252211153,-2.5150197747195588
792,GRU_LOCAL,2,292,ATU5,792,612,False,-37.455433166378583,42.691946658674588,9.8524516858961686,51.533606021580034,4.454109819336205,-4.454109819336205,2.9125690276663176
792,GRU_LOCAL,2,292,MJ3,792,612,False,-4.928649114244438,8.775961398910507,-47.152701556455199,42.630194024858127,-134.71006501586481,134.71006501586481,32.749681248995941
792,GRU_LOCAL,2,292,MJ1,792,612,False,-22.074181941174199,24.364633584243304,-15.575214307929437,11.725590176416679,-31.97791443626593,31.97791443626593,10.518078038408726
792,GRU_LOCAL,2,292,ATU1,612,792,False,-17.077699780801122,18.826202062423143,3.3823208531757527,22.89186485674308,12.172652252211153,-12.172652252211153,-2.5150197747195588
792,GRU_LOCAL,2,292,ATU5,612,792,False,-33.00132334704238,37.246468909151375,12.765020713562485,48.495505331953773,4.454109819336205,-4.454109819336205,2.9125690276663176
792,GRU_LOCAL,2,292,MJ3,612,792,False,-139.63871413010921,140.92591568213643,-14.403020307459263,126.48111622478724,-134.71006501586481,134.71006501586481,32.749681248995941
792,GRU_LOCAL,2,292,MJ1,612,792,False,-54.052096377440122,56.065083874099976,-5.0571362695207087,50.666960057824426,-31.97791443626593,31.97791443626593,10.518078038408726
792,GRU_LOCAL,2,292,ATU1,612,612,True,-17.077699780801122,18.826202062423143,5.8973406278953115,25.082706429844599,12.172652252211153,-12.172652252211153,-2.5150197747195588
792,GRU_LOCAL,2,292,ATU5,612,612,True,-33.00132334704238,37.246468909151375,9.8524516858961686,45.82837438482013,4.454109819336205,-4.454109819336205,2.9125690276663176
792,GRU_LOCAL,2,292,MJ3,612,612,True,-139.63871413010921,140.92591568213643,-47.152701556455199,94.116809910761077,-134.71006501586481,134.71006501586481,32.749681248995941
792,GRU_LOCAL,2,292,MJ1,612,612,True,-54.052096377440122,56.065083874099976,-15.575214307929437,40.608091770187521,-31.97791443626593,31.97791443626593,10.518078038408726
792,GRU_LOCAL,ensemble,292,ATU1,792,792,True,-29.250352033012273,32.781091770556166,3.4274129802981803,35.919270201475555,12.172652252211153,-12.172652252211153,-3.2358249440631086
792,GRU_LOCAL,ensemble,292,ATU5,792,792,True,-37.455433166378583,42.691946658674588,11.424097194619968,53.282291339492659,4.454109819336205,-4.454109819336205,3.5655338524303817
792,GRU_LOCAL,ensemble,292,MJ3,792,792,True,-4.928649114244438,8.775961398910507,-14.65046907655794,11.607742792337397,-134.71006501586481,134.71006501586481,33.638944818067564
792,GRU_LOCAL,ensemble,292,MJ1,792,792,True,-22.074181941174199,24.364633584243304,-5.3110042661120742,19.525523278799131,-31.97791443626593,31.97791443626593,10.460242359537155
792,GRU_LOCAL,ensemble,292,ATU1,792,612,False,-29.250352033012273,32.781091770556166,6.6632379243612876,39.124006736231919,12.172652252211153,-12.172652252211153,-3.2358249440631086
792,GRU_LOCAL,ensemble,292,ATU5,792,612,False,-37.455433166378583,42.691946658674588,7.8585633421895862,50.057806411640321,4.454109819336205,-4.454109819336205,3.5655338524303817
792,GRU_LOCAL,ensemble,292,MJ3,792,612,False,-4.928649114244438,8.775961398910507,-48.289413894625497,43.750038041250313,-134.71006501586481,134.71006501586481,33.638944818067564
792,GRU_LOCAL,ensemble,292,MJ1,792,612,False,-22.074181941174199,24.364633584243304,-15.77124662564923,11.84169829582482,-31.97791443626593,31.97791443626593,10.460242359537155
792,GRU_LOCAL,ensemble,292,ATU1,612,792,False,-17.077699780801122,18.826202062423143,3.4274129802981803,23.344484873892718,12.172652252211153,-12.172652252211153,-3.2358249440631086
792,GRU_LOCAL,ensemble,292,ATU5,612,792,False,-33.00132334704238,37.246468909151375,11.424097194619968,47.461796077717416,4.454109819336205,-4.454109819336205,3.5655338524303817
792,GRU_LOCAL,ensemble,292,MJ3,612,792,False,-139.63871413010921,140.92591568213643,-14.65046907655794,126.23727013786558,-134.71006501586481,134.71006501586481,33.638944818067564
792,GRU_LOCAL,ensemble,292,MJ1,612,792,False,-54.052096377440122,56.065083874099976,-5.3110042661120742,50.444433417317455,-31.97791443626593,31.97791443626593,10.460242359537155
792,GRU_LOCAL,ensemble,292,ATU1,612,612,True,-17.077699780801122,18.826202062423143,6.6632379243612876,26.182843571620726,12.172652252211153,-12.172652252211153,-3.2358249440631086
792,GRU_LOCAL,ensemble,292,ATU5,612,612,True,-33.00132334704238,37.246468909151375,7.8585633421895862,44.235302728263846,4.454109819336205,-4.454109819336205,3.5655338524303817
792,GRU_LOCAL,ensemble,292,MJ3,612,612,True,-139.63871413010921,140.92591568213643,-48.289413894625497,92.99331603889901,-134.71006501586481,134.71006501586481,33.638944818067564
792,GRU_LOCAL,ensemble,292,MJ1,612,612,True,-54.052096377440122,56.065083874099976,-15.77124662564923,40.411189196778935,-31.97791443626593,31.97791443626593,10.460242359537155
792,GRU_GRAPH,0,292,ATU1,792,792,True,-29.250352033012273,32.781091770556166,0.70455891938152648,32.998319301093382,12.172652252211153,-12.172652252211153,-2.7472929155151795
792,GRU_GRAPH,0,292,ATU5,792,792,True,-37.455433166378583,42.691946658674588,4.7398124868366409,46.676662998953049,4.454109819336205,-4.454109819336205,2.1588831268427455
792,GRU_GRAPH,0,292,MJ3,792,792,True,-4.928649114244438,8.775961398910507,-15.871545305269914,12.264959345208521,-134.71006501586481,134.71006501586481,34.106226400979075
792,GRU_GRAPH,0,292,MJ1,792,792,True,-22.074181941174199,24.364633584243304,-6.7777060643176092,17.995954744214437,-31.97791443626593,31.97791443626593,10.540752366482581
792,GRU_GRAPH,0,292,ATU1,792,612,False,-29.250352033012273,32.781091770556166,3.4518518348967064,35.760764964716849,12.172652252211153,-12.172652252211153,-2.7472929155151795
792,GRU_GRAPH,0,292,ATU5,792,612,False,-37.455433166378583,42.691946658674588,2.5809293599938954,44.764602330984417,4.454109819336205,-4.454109819336205,2.1588831268427455
792,GRU_GRAPH,0,292,MJ3,792,612,False,-4.928649114244438,8.775961398910507,-49.977771706248987,45.401690698498861,-134.71006501586481,134.71006501586481,34.106226400979075
792,GRU_GRAPH,0,292,MJ1,792,612,False,-22.074181941174199,24.364633584243304,-17.318458430800188,10.620247462733705,-31.97791443626593,31.97791443626593,10.540752366482581
792,GRU_GRAPH,0,292,ATU1,612,792,False,-17.077699780801122,18.826202062423143,0.70455891938152648,20.220097923887412,12.172652252211153,-12.172652252211153,-2.7472929155151795
792,GRU_GRAPH,0,292,ATU5,612,792,False,-33.00132334704238,37.246468909151375,4.7398124868366409,40.776926315625573,4.454109819336205,-4.454109819336205,2.1588831268427455
792,GRU_GRAPH,0,292,MJ3,612,792,False,-139.63871413010921,140.92591568213643,-15.871545305269914,124.97409905597256,-134.71006501586481,134.71006501586481,34.106226400979075
792,GRU_GRAPH,0,292,MJ1,612,792,False,-54.052096377440122,56.065083874099976,-6.7777060643176092,48.954357261053225,-31.97791443626593,31.97791443626593,10.540752366482581
792,GRU_GRAPH,0,292,ATU1,612,612,True,-17.077699780801122,18.826202062423143,3.4518518348967064,22.706911627094961,12.172652252211153,-12.172652252211153,-2.7472929155151795
792,GRU_GRAPH,0,292,ATU5,612,612,True,-33.00132334704238,37.246468909151375,2.5809293599938954,38.946292262867281,4.454109819336205,-4.454109819336205,2.1588831268427455
792,GRU_GRAPH,0,292,MJ3,612,612,True,-139.63871413010921,140.92591568213643,-49.977771706248987,91.320942551303148,-134.71006501586481,134.71006501586481,34.106226400979075
792,GRU_GRAPH,0,292,MJ1,612,612,True,-54.052096377440122,56.065083874099976,-17.318458430800188,38.844810916100947,-31.97791443626593,31.97791443626593,10.540752366482581
792,GRU_GRAPH,1,292,ATU1,792,792,True,-29.250352033012273,32.781091770556166,6.8223762170970774,39.948336252763426,12.172652252211153,-12.172652252211153,-4.001821602205256
792,GRU_GRAPH,1,292,ATU5,792,792,True,-37.455433166378583,42.691946658674588,17.227008456575518,59.57364436671326,4.454109819336205,-4.454109819336205,5.4491116046763084
792,GRU_GRAPH,1,292,MJ3,792,792,True,-4.928649114244438,8.775961398910507,-12.754597905728227,10.57007374733287,-134.71006501586481,134.71006501586481,34.97716848031525
792,GRU_GRAPH,1,292,MJ1,792,792,True,-22.074181941174199,24.364633584243304,-3.9830788421335579,21.128653326170401,-31.97791443626593,31.97791443626593,10.38069451897386
792,GRU_GRAPH,1,292,ATU1,792,612,False,-29.250352033012273,32.781091770556166,10.824197819302336,43.806606497485099,12.172652252211153,-12.172652252211153,-4.001821602205256
792,GRU_GRAPH,1,292,ATU5,792,612,False,-37.455433166378583,42.691946658674588,11.777896851899211,54.599771684947562,4.454109819336205,-4.454109819336205,5.4491116046763084
792,GRU_GRAPH,1,292,MJ3,792,612,False,-4.928649114244438,8.775961398910507,-47.731766386043468,43.264165989458832,-134.71006501586481,134.71006501586481,34.97716848031525
792,GRU_GRAPH,1,292,MJ1,792,612,False,-22.074181941174199,24.364633584243304,-14.363773361107418,13.370154005108423,-31.97791443626593,31.97791443626593,10.38069451897386
792,GRU_GRAPH,1,292,ATU1,612,792,False,-17.077699780801122,18.826202062423143,6.8223762170970774,27.668630695976393,12.172652252211153,-12.172652252211153,-4.001821602205256
792,GRU_GRAPH,1,292,ATU5,612,792,False,-33.00132334704238,37.246468909151375,17.227008456575518,53.698762540503523,4.454109819336205,-4.454109819336205,5.4491116046763084
792,GRU_GRAPH,1,292,MJ3,612,792,False,-139.63871413010921,140.92591568213643,-12.754597905728227,128.19991889938478,-134.71006501586481,134.71006501586481,34.97716848031525
792,GRU_GRAPH,1,292,MJ1,612,792,False,-54.052096377440122,56.065083874099976,-3.9830788421335579,51.833164451629536,-31.97791443626593,31.97791443626593,10.38069451897386
792,GRU_GRAPH,1,292,ATU1,612,612,True,-17.077699780801122,18.826202062423143,10.824197819302336,31.087217186708354,12.172652252211153,-12.172652252211153,-4.001821602205256
792,GRU_GRAPH,1,292,ATU5,612,612,True,-33.00132334704238,37.246468909151375,11.777896851899211,48.685275995968027,4.454109819336205,-4.454109819336205,5.4491116046763084
792,GRU_GRAPH,1,292,MJ3,612,612,True,-139.63871413010921,140.92591568213643,-47.731766386043468,93.569986685911843,-134.71006501586481,134.71006501586481,34.97716848031525
792,GRU_GRAPH,1,292,MJ1,612,612,True,-54.052096377440122,56.065083874099976,-14.363773361107418,41.847736081457498,-31.97791443626593,31.97791443626593,10.38069451897386
792,GRU_GRAPH,2,292,ATU1,792,792,True,-29.250352033012273,32.781091770556166,3.750229918174341,35.860952062282152,12.172652252211153,-12.172652252211153,-2.0778548935355419
792,GRU_GRAPH,2,292,ATU5,792,792,True,-37.455433166378583,42.691946658674588,12.504872179482765,53.883348179350961,4.454109819336205,-4.454109819336205,2.8048128404125579
792,GRU_GRAPH,2,292,MJ3,792,792,True,-4.928649114244438,8.775961398910507,-13.973336246900788,11.288164803892609,-134.71006501586481,134.71006501586481,33.130414493567997
792,GRU_GRAPH,2,292,MJ1,792,792,True,-22.074181941174199,24.364633584243304,-4.8176974363008478,19.779950997139924,-31.97791443626593,31.97791443626593,11.167523143528388
792,GRU_GRAPH,2,292,ATU1,792,612,False,-29.250352033012273,32.781091770556166,5.8280848117098838,38.026039266254919,12.172652252211153,-12.172652252211153,-2.0778548935355419
792,GRU_GRAPH,2,292,ATU5,792,612,False,-37.455433166378583,42.691946658674588,9.7000593390702061,51.343877221796433,4.454109819336205,-4.454109819336205,2.8048128404125579
792,GRU_GRAPH,2,292,MJ3,792,612,False,-4.928649114244438,8.775961398910507,-47.10375074046879,42.58061915359233,-134.71006501586481,134.71006501586481,33.130414493567997
792,GRU_GRAPH,2,292,MJ1,792,612,False,-22.074181941174199,24.364633584243304,-15.985220579829237,11.430469269242222,-31.97791443626593,31.97791443626593,11.167523143528388
792,GRU_GRAPH,2,292,ATU1,612,792,False,-17.077699780801122,18.826202062423143,3.750229918174341,23.162175924913573,12.172652252211153,-12.172652252211153,-2.0778548935355419
792,GRU_GRAPH,2,292,ATU5,612,792,False,-33.00132334704238,37.246468909151375,12.504872179482765,48.203871222975103,4.454109819336205,-4.454109819336205,2.8048128404125579
792,GRU_GRAPH,2,292,MJ3,612,792,False,-139.63871413010921,140.92591568213643,-13.973336246900788,126.89219012198039,-134.71006501586481,134.71006501586481,33.130414493567997
792,GRU_GRAPH,2,292,MJ1,612,792,False,-54.052096377440122,56.065083874099976,-4.8176974363008478,50.88906337628066,-31.97791443626593,31.97791443626593,11.167523143528388
792,GRU_GRAPH,2,292,ATU1,612,612,True,-17.077699780801122,18.826202062423143,5.8280848117098838,24.993324693390491,12.172652252211153,-12.172652252211153,-2.0778548935355419
792,GRU_GRAPH,2,292,ATU5,612,612,True,-33.00132334704238,37.246468909151375,9.7000593390702061,45.638552909320076,4.454109819336205,-4.454109819336205,2.8048128404125579
792,GRU_GRAPH,2,292,MJ3,612,612,True,-139.63871413010921,140.92591568213643,-47.10375074046879,94.1507645737817,-134.71006501586481,134.71006501586481,33.130414493567997
792,GRU_GRAPH,2,292,MJ1,612,612,True,-54.052096377440122,56.065083874099976,-15.985220579829237,40.189189595034264,-31.97791443626593,31.97791443626593,11.167523143528388
792,GRU_GRAPH,ensemble,292,ATU1,792,792,True,-29.250352033012273,32.781091770556166,3.7590550182176488,36.214648944179821,12.172652252211153,-12.172652252211153,-2.9423231370853271
792,GRU_GRAPH,ensemble,292,ATU5,792,792,True,-37.455433166378583,42.691946658674588,11.490564374298307,53.335971416364899,4.454109819336205,-4.454109819336205,3.4709358573105376
792,GRU_GRAPH,ensemble,292,MJ3,792,792,True,-4.928649114244438,8.775961398910507,-14.199826485966311,11.232906367604636,-134.71006501586481,134.71006501586481,34.071269791620772
792,GRU_GRAPH,ensemble,292,MJ1,792,792,True,-22.074181941174199,24.364633584243304,-5.1928274475840048,19.618483554260074,-31.97791443626593,31.97791443626593,10.696323342994942
792,GRU_GRAPH,ensemble,292,ATU1,792,612,False,-29.250352033012273,32.781091770556166,6.7013781553029741,39.154291582134107,12.172652252211153,-12.172652252211153,-2.9423231370853271
792,GRU_GRAPH,ensemble,292,ATU5,792,612,False,-37.455433166378583,42.691946658674588,8.019628516987769,50.193462277398616,4.454109819336205,-4.454109819336205,3.4709358573105376
792,GRU_GRAPH,ensemble,292,MJ3,792,612,False,-4.928649114244438,8.775961398910507,-48.271096277587077,43.731652255486132,-134.71006501586481,134.71006501586481,34.071269791620772
792,GRU_GRAPH,ensemble,292,MJ1,792,612,False,-22.074181941174199,24.364633584243304,-15.889150790578949,11.75176281794743,-31.97791443626593,31.97791443626593,10.696323342994942
792,GRU_GRAPH,ensemble,292,ATU1,612,792,False,-17.077699780801122,18.826202062423143,3.7590550182176488,23.626452292540371,12.172652252211153,-12.172652252211153,-2.9423231370853271
792,GRU_GRAPH,ensemble,292,ATU5,612,792,False,-33.00132334704238,37.246468909151375,11.490564374298307,47.514770955734605,4.454109819336205,-4.454109819336205,3.4709358573105376
792,GRU_GRAPH,ensemble,292,MJ3,612,792,False,-139.63871413010921,140.92591568213643,-14.199826485966311,126.68113350666481,-134.71006501586481,134.71006501586481,34.071269791620772
792,GRU_GRAPH,ensemble,292,MJ1,612,792,False,-54.052096377440122,56.065083874099976,-5.1928274475840048,50.550425827917522,-31.97791443626593,31.97791443626593,10.696323342994942
792,GRU_GRAPH,ensemble,292,ATU1,612,612,True,-17.077699780801122,18.826202062423143,6.7013781553029741,26.217234085068721,12.172652252211153,-12.172652252211153,-2.9423231370853271
792,GRU_GRAPH,ensemble,292,ATU5,612,612,True,-33.00132334704238,37.246468909151375,8.019628516987769,44.373039260330494,4.454109819336205,-4.454109819336205,3.4709358573105376
792,GRU_GRAPH,ensemble,292,MJ3,612,612,True,-139.63871413010921,140.92591568213643,-48.271096277587077,93.006066019235561,-134.71006501586481,134.71006501586481,34.071269791620772
792,GRU_GRAPH,ensemble,292,MJ1,612,612,True,-54.052096377440122,56.065083874099976,-15.889150790578949,40.279973504374482,-31.97791443626593,31.97791443626593,10.696323342994942
792,COND_ATTN,0,292,ATU1,792,792,True,-29.250352033012273,32.781091770556166,14.586943411508472,47.051605863231643,12.172652252211153,-12.172652252211153,9.2916101554480282
792,COND_ATTN,0,292,ATU5,792,792,True,-37.455433166378583,42.691946658674588,41.28353126861829,84.043949381962577,4.454109819336205,-4.454109819336205,25.672168806715604
792,COND_ATTN,0,292,MJ3,792,792,True,-4.928649114244438,8.775961398910507,-40.146699407115456,36.668531150934257,-134.71006501586481,134.71006501586481,7.8315588553442117
792,COND_ATTN,0,292,MJ1,792,792,True,-22.074181941174199,24.364633584243304,-18.201180768956839,9.0678390436930059,-31.97791443626593,31.97791443626593,-0.35864486897984271
792,COND_ATTN,0,292,ATU1,792,612,False,-29.250352033012273,32.781091770556166,5.2953332560604434,38.243526536813611,12.172652252211153,-12.172652252211153,9.2916101554480282
792,COND_ATTN,0,292,ATU5,792,612,False,-37.455433166378583,42.691946658674588,15.611362461902688,59.247624283552547,4.454109819336205,-4.454109819336205,25.672168806715604
792,COND_ATTN,0,292,MJ3,792,612,False,-4.928649114244438,8.775961398910507,-47.978258262459669,43.769149393763627,-134.71006501586481,134.71006501586481,7.8315588553442117
792,COND_ATTN,0,292,MJ1,792,612,False,-22.074181941174199,24.364633584243304,-17.842535899976998,10.172318924446127,-31.97791443626593,31.97791443626593,-0.35864486897984271
792,COND_ATTN,0,292,ATU1,612,792,False,-17.077699780801122,18.826202062423143,14.586943411508472,33.823002015674803,12.172652252211153,-12.172652252211153,9.2916101554480282
792,COND_ATTN,0,292,ATU5,612,792,False,-33.00132334704238,37.246468909151375,41.28353126861829,78.3189604264862,4.454109819336205,-4.454109819336205,25.672168806715604
792,COND_ATTN,0,292,MJ3,612,792,False,-139.63871413010921,140.92591568213643,-40.146699407115456,100.7789039367141,-134.71006501586481,134.71006501586481,7.8315588553442117
792,COND_ATTN,0,292,MJ1,612,792,False,-54.052096377440122,56.065083874099976,-18.201180768956839,38.003968775504774,-31.97791443626593,31.97791443626593,-0.35864486897984271
792,COND_ATTN,0,292,ATU1,612,612,True,-17.077699780801122,18.826202062423143,5.2953332560604434,24.611480986032575,12.172652252211153,-12.172652252211153,9.2916101554480282
792,COND_ATTN,0,292,ATU5,612,612,True,-33.00132334704238,37.246468909151375,15.611362461902688,53.352128910246059,4.454109819336205,-4.454109819336205,25.672168806715604
792,COND_ATTN,0,292,MJ3,612,612,True,-139.63871413010921,140.92591568213643,-47.978258262459669,93.441147026229785,-134.71006501586481,134.71006501586481,7.8315588553442117
792,COND_ATTN,0,292,MJ1,612,612,True,-54.052096377440122,56.065083874099976,-17.842535899976998,38.680009616955893,-31.97791443626593,31.97791443626593,-0.35864486897984271
792,COND_ATTN,1,292,ATU1,792,792,True,-29.250352033012273,32.781091770556166,14.074513897647149,45.360169049503966,12.172652252211153,-12.172652252211153,11.845132876921888
792,COND_ATTN,1,292,ATU5,792,792,True,-37.455433166378583,42.691946658674588,41.187236274182965,81.284051212607551,4.454109819336205,-4.454109819336205,33.072837352621931
792,COND_ATTN,1,292,MJ3,792,792,True,-4.928649114244438,8.775961398910507,-43.592349009710894,39.994883666108969,-134.71006501586481,134.71006501586481,1.4059003790317364
792,COND_ATTN,1,292,MJ1,792,792,True,-22.074181941174199,24.364633584243304,-19.735286293001376,8.4357702754258206,-31.97791443626593,31.97791443626593,-4.177147686930395
792,COND_ATTN,1,292,ATU1,792,612,False,-29.250352033012273,32.781091770556166,2.2293810207252625,34.444083393211173,12.172652252211153,-12.172652252211153,11.845132876921888
792,COND_ATTN,1,292,ATU5,792,612,False,-37.455433166378583,42.691946658674588,8.114398921561035,49.875615450944089,4.454109819336205,-4.454109819336205,33.072837352621931
792,COND_ATTN,1,292,MJ3,792,612,False,-4.928649114244438,8.775961398910507,-44.998249388742629,41.045927601631263,-134.71006501586481,134.71006501586481,1.4059003790317364
792,COND_ATTN,1,292,MJ1,792,612,False,-22.074181941174199,24.364633584243304,-15.558138606070981,11.199393280810966,-31.97791443626593,31.97791443626593,-4.177147686930395
792,COND_ATTN,1,292,ATU1,612,792,False,-17.077699780801122,18.826202062423143,14.074513897647149,32.312444685317288,12.172652252211153,-12.172652252211153,11.845132876921888
792,COND_ATTN,1,292,ATU5,612,792,False,-33.00132334704238,37.246468909151375,41.187236274182965,75.804941658442416,4.454109819336205,-4.454109819336205,33.072837352621931
792,COND_ATTN,1,292,MJ3,612,792,False,-139.63871413010921,140.92591568213643,-43.592349009710894,97.280815326621507,-134.71006501586481,134.71006501586481,1.4059003790317364
792,COND_ATTN,1,292,MJ1,612,792,False,-54.052096377440122,56.065083874099976,-19.735286293001376,36.618710873228821,-31.97791443626593,31.97791443626593,-4.177147686930395
792,COND_ATTN,1,292,ATU1,612,612,True,-17.077699780801122,18.826202062423143,2.2293810207252625,20.992346227509657,12.172652252211153,-12.172652252211153,11.845132876921888
792,COND_ATTN,1,292,ATU5,612,612,True,-33.00132334704238,37.246468909151375,8.114398921561035,43.983952042429884,4.454109819336205,-4.454109819336205,33.072837352621931
792,COND_ATTN,1,292,MJ3,612,612,True,-139.63871413010921,140.92591568213643,-44.998249388742629,96.307767949511387,-134.71006501586481,134.71006501586481,1.4059003790317364
792,COND_ATTN,1,292,MJ1,612,612,True,-54.052096377440122,56.065083874099976,-15.558138606070981,40.80810000659595,-31.97791443626593,31.97791443626593,-4.177147686930395
792,COND_ATTN,2,292,ATU1,792,792,True,-29.250352033012273,32.781091770556166,9.107364952911432,39.958249913643023,12.172652252211153,-12.172652252211153,12.893941547595162
792,COND_ATTN,2,292,ATU5,792,792,True,-37.455433166378583,42.691946658674588,25.903336149170777,64.925693732355313,4.454109819336205,-4.454109819336205,37.796112272348076
792,COND_ATTN,2,292,MJ3,792,792,True,-4.928649114244438,8.775961398910507,-40.995999475312431,37.514210154953105,-134.71006501586481,134.71006501586481,-4.2674819854582156
792,COND_ATTN,2,292,MJ1,792,792,True,-22.074181941174199,24.364633584243304,-15.284708438077963,12.771154572699713,-31.97791443626593,31.97791443626593,-7.0407863737893717
792,COND_ATTN,2,292,ATU1,792,612,False,-29.250352033012273,32.781091770556166,-3.7865765946837282,28.481728430714664,12.172652252211153,-12.172652252211153,12.893941547595162
792,COND_ATTN,2,292,ATU5,792,612,False,-37.455433166378583,42.691946658674588,-11.892776123177306,29.594958342567303,4.454109819336205,-4.454109819336205,37.796112272348076
792,COND_ATTN,2,292,MJ3,792,612,False,-4.928649114244438,8.775961398910507,-36.728517489854227,33.028786321028889,-134.71006501586481,134.71006501586481,-4.2674819854582156
792,COND_ATTN,2,292,MJ1,792,612,False,-22.074181941174199,24.364633584243304,-8.2439220642885918,17.901906630581873,-31.97791443626593,31.97791443626593,-7.0407863737893717
792,COND_ATTN,2,292,ATU1,612,792,False,-17.077699780801122,18.826202062423143,9.107364952911432,27.141540150557372,12.172652252211153,-12.172652252211153,12.893941547595162
792,COND_ATTN,2,292,ATU5,612,792,False,-33.00132334704238,37.246468909151375,25.903336149170777,59.785418125128544,4.454109819336205,-4.454109819336205,37.796112272348076
792,COND_ATTN,2,292,MJ3,612,792,False,-139.63871413010921,140.92591568213643,-40.995999475312431,100.11594116684064,-134.71006501586481,134.71006501586481,-4.2674819854582156
792,COND_ATTN,2,292,MJ1,612,792,False,-54.052096377440122,56.065083874099976,-15.284708438077963,41.50621023671075,-31.97791443626593,31.97791443626593,-7.0407863737893717
792,COND_ATTN,2,292,ATU1,612,612,True,-17.077699780801122,18.826202062423143,-3.7865765946837282,14.928211956232719,12.172652252211153,-12.172652252211153,12.893941547595162
792,COND_ATTN,2,292,ATU5,612,612,True,-33.00132334704238,37.246468909151375,-11.892776123177306,24.169380431700855,4.454109819336205,-4.454109819336205,37.796112272348076
792,COND_ATTN,2,292,MJ3,612,612,True,-139.63871413010921,140.92591568213643,-36.728517489854227,104.7788682768382,-134.71006501586481,134.71006501586481,-4.2674819854582156
792,COND_ATTN,2,292,MJ1,612,612,True,-54.052096377440122,56.065083874099976,-8.2439220642885918,48.125288125373103,-31.97791443626593,31.97791443626593,-7.0407863737893717
792,COND_ATTN,ensemble,292,ATU1,792,792,True,-29.250352033012273,32.781091770556166,12.589607420689019,44.046288912315553,12.172652252211153,-12.172652252211153,11.343561526655025
792,COND_ATTN,ensemble,292,ATU5,792,792,True,-37.455433166378583,42.691946658674588,36.124701230657344,76.321855063924744,4.454109819336205,-4.454109819336205,32.18037281056187
792,COND_ATTN,ensemble,292,MJ3,792,792,True,-4.928649114244438,8.775961398910507,-41.578349297379596,37.863757585706523,-134.71006501586481,134.71006501586481,1.656659082972578
792,COND_ATTN,ensemble,292,MJ1,792,792,True,-22.074181941174199,24.364633584243304,-17.740391833345395,9.8970831318372703,-31.97791443626593,31.97791443626593,-3.8588596432332025
792,COND_ATTN,ensemble,292,ATU1,792,612,False,-29.250352033012273,32.781091770556166,1.2460458940339925,33.687371763216987,12.172652252211153,-12.172652252211153,11.343561526655025
792,COND_ATTN,ensemble,292,ATU5,792,612,False,-37.455433166378583,42.691946658674588,3.9443284200954727,45.966348907026109,4.454109819336205,-4.454109819336205,32.18037281056187
792,COND_ATTN,ensemble,292,MJ3,792,612,False,-4.928649114244438,8.775961398910507,-43.235008380352177,39.115294225026858,-134.71006501586481,134.71006501586481,1.656659082972578
792,COND_ATTN,ensemble,292,MJ1,792,612,False,-22.074181941174199,24.364633584243304,-13.881532190112193,12.76858738301272,-31.97791443626593,31.97791443626593,-3.8588596432332025
792,COND_ATTN,ensemble,292,ATU1,612,792,False,-17.077699780801122,18.826202062423143,12.589607420689019,30.967290069847579,12.172652252211153,-12.172652252211153,11.343561526655025
792,COND_ATTN,ensemble,292,ATU5,612,792,False,-33.00132334704238,37.246468909151375,36.124701230657344,70.813825222289111,4.454109819336205,-4.454109819336205,32.18037281056187
792,COND_ATTN,ensemble,292,MJ3,612,792,False,-139.63871413010921,140.92591568213643,-41.578349297379596,99.318764156569486,-134.71006501586481,134.71006501586481,1.656659082972578
792,COND_ATTN,ensemble,292,MJ1,612,792,False,-54.052096377440122,56.065083874099976,-17.740391833345395,38.666796980934102,-31.97791443626593,31.97791443626593,-3.8588596432332025
792,COND_ATTN,ensemble,292,ATU1,612,612,True,-17.077699780801122,18.826202062423143,1.2460458940339925,20.113023147866379,12.172652252211153,-12.172652252211153,11.343561526655025
792,COND_ATTN,ensemble,292,ATU5,612,612,True,-33.00132334704238,37.246468909151375,3.9443284200954727,40.125606052960741,4.454109819336205,-4.454109819336205,32.18037281056187
792,COND_ATTN,ensemble,292,MJ3,612,612,True,-139.63871413010921,140.92591568213643,-43.235008380352177,98.121789547698597,-134.71006501586481,134.71006501586481,1.656659082972578
792,COND_ATTN,ensemble,292,MJ1,612,612,True,-54.052096377440122,56.065083874099976,-13.881532190112193,42.493988811635539,-31.97791443626593,31.97791443626593,-3.8588596432332025
972,GRU_LOCAL,0,112,ATU1,792,792,True,-42.433072756226345,42.710156503284544,-19.130872768675562,23.597229740650835,21.409737626373353,-21.409737626373353,-8.1200891987479658
972,GRU_LOCAL,0,112,ATU5,792,792,True,-55.559442595163581,55.679041939052382,-29.17208260701214,26.620908991188486,4.4057424380267181,-4.4057424380267181,-6.9418945808642496
972,GRU_LOCAL,0,112,MJ3,792,792,True,-8.9176489462169855,13.377372317981186,-10.775687398183026,6.5098550784588971,-147.93857438172765,147.93857438172765,62.161245709794606
972,GRU_LOCAL,0,112,MJ1,792,792,True,-30.707016574041312,31.122557434773654,-16.959851880727332,14.245338234540014,-35.820085125443597,35.820085125443597,15.363552931680855
972,GRU_LOCAL,0,112,ATU1,792,612,False,-42.433072756226345,42.710156503284544,-11.010783569927593,31.70238452455769,21.409737626373353,-21.409737626373353,-8.1200891987479658
972,GRU_LOCAL,0,112,ATU5,792,612,False,-55.559442595163581,55.679041939052382,-22.230188026147889,33.488058957696126,4.4057424380267181,-4.4057424380267181,-6.9418945808642496
972,GRU_LOCAL,0,112,MJ3,792,612,False,-8.9176489462169855,13.377372317981186,-72.936933107977623,64.826842603926764,-147.93857438172765,147.93857438172765,62.161245709794606
972,GRU_LOCAL,0,112,MJ1,792,612,False,-30.707016574041312,31.122557434773654,-32.323404812408178,5.8410481097999236,-35.820085125443597,35.820085125443597,15.363552931680855
972,GRU_LOCAL,0,112,ATU1,612,792,False,-21.023335129852992,21.204192860234265,-19.130872768675562,3.8278080035711222,21.409737626373353,-21.409737626373353,-8.1200891987479658
972,GRU_LOCAL,0,112,ATU5,612,792,False,-51.153700157136861,51.438906493344064,-29.17208260701214,22.462266380340569,4.4057424380267181,-4.4057424380267181,-6.9418945808642496
972,GRU_LOCAL,0,112,MJ3,612,792,False,-156.8562233279446,157.3867294018527,-10.775687398183026,146.3577219344244,-147.93857438172765,147.93857438172765,62.161245709794606
972,GRU_LOCAL,0,112,MJ1,612,792,False,-66.527101699484902,68.187034111117285,-16.959851880727332,51.338181200129881,-35.820085125443597,35.820085125443597,15.363552931680855
972,GRU_LOCAL,0,112,ATU1,612,612,True,-21.023335129852992,21.204192860234265,-11.010783569927593,10.620356326287677,21.409737626373353,-21.409737626373353,-8.1200891987479658
972,GRU_LOCAL,0,112,ATU5,612,612,True,-51.153700157136861,51.438906493344064,-22.230188026147889,29.308512471276792,4.4057424380267181,-4.4057424380267181,-6.9418945808642496
972,GRU_LOCAL,0,112,MJ3,612,612,True,-156.8562233279446,157.3867294018527,-72.936933107977623,84.928122388077369,-147.93857438172765,147.93857438172765,62.161245709794606
972,GRU_LOCAL,0,112,MJ1,612,612,True,-66.527101699484902,68.187034111117285,-32.323404812408178,37.050741803955766,-35.820085125443597,35.820085125443597,15.363552931680855
972,GRU_LOCAL,1,112,ATU1,792,792,True,-42.433072756226345,42.710156503284544,-19.072307911350645,23.467223055392285,21.409737626373353,-21.409737626373353,-6.2647316582696693
972,GRU_LOCAL,1,112,ATU5,792,792,True,-55.559442595163581,55.679041939052382,-25.460189883655282,30.151457886428712,4.4057424380267181,-4.4057424380267181,-8.1500632854969073
972,GRU_LOCAL,1,112,MJ3,792,792,True,-8.9176489462169855,13.377372317981186,-15.120587855388806,8.9443245579782005,-147.93857438172765,147.93857438172765,62.681522121131742
972,GRU_LOCAL,1,112,MJ1,792,792,True,-30.707016574041312,31.122557434773654,-20.08991156113095,10.884542373682951,-35.820085125443597,35.820085125443597,14.806154065477273
972,GRU_LOCAL,1,112,ATU1,792,612,False,-42.433072756226345,42.710156503284544,-12.807576253080981,29.76089650914432,21.409737626373353,-21.409737626373353,-6.2647316582696693
972,GRU_LOCAL,1,112,ATU5,792,612,False,-55.559442595163581,55.679041939052382,-17.310126598158369,38.32933539189672,4.4057424380267181,-4.4057424380267181,-8.1500632854969073
972,GRU_LOCAL,1,112,MJ3,792,612,False,-8.9176489462169855,13.377372317981186,-77.802109976520541,69.473700340174986,-147.93857438172765,147.93857438172765,62.681522121131742
972,GRU_LOCAL,1,112,MJ1,792,612,False,-30.707016574041312,31.122557434773654,-34.896065626608227,6.4088519086285975,-35.820085125443597,35.820085125443597,14.806154065477273
972,GRU_LOCAL,1,112,ATU1,612,792,False,-21.023335129852992,21.204192860234265,-19.072307911350645,3.6528891746078047,21.409737626373353,-21.409737626373353,-6.2647316582696693
972,GRU_LOCAL,1,112,ATU5,612,792,False,-51.153700157136861,51.438906493344064,-25.460189883655282,25.860425186524022,4.4057424380267181,-4.4057424380267181,-8.1500632854969073
972,GRU_LOCAL,1,112,MJ3,612,792,False,-156.8562233279446,157.3867294018527,-15.120587855388806,142.02406347332794,-147.93857438172765,147.93857438172765,62.681522121131742
972,GRU_LOCAL,1,112,MJ1,612,792,False,-66.527101699484902,68.187034111117285,-20.08991156113095,47.91054877159813,-35.820085125443597,35.820085125443597,14.806154065477273
972,GRU_LOCAL,1,112,ATU1,612,612,True,-21.023335129852992,21.204192860234265,-12.807576253080981,8.6609978143270805,21.409737626373353,-21.409737626373353,-6.2647316582696693
972,GRU_LOCAL,1,112,ATU5,612,612,True,-51.153700157136861,51.438906493344064,-17.310126598158369,34.083385529648844,4.4057424380267181,-4.4057424380267181,-8.1500632854969073
972,GRU_LOCAL,1,112,MJ3,612,612,True,-156.8562233279446,157.3867294018527,-77.802109976520541,79.886588450218028,-147.93857438172765,147.93857438172765,62.681522121131742
972,GRU_LOCAL,1,112,MJ1,612,612,True,-66.527101699484902,68.187034111117285,-34.896065626608227,33.786662691193357,-35.820085125443597,35.820085125443597,14.806154065477273
972,GRU_LOCAL,2,112,ATU1,792,792,True,-42.433072756226345,42.710156503284544,-21.956685365057155,20.721023517244102,21.409737626373353,-21.409737626373353,-11.636553942066415
972,GRU_LOCAL,2,112,ATU5,792,792,True,-55.559442595163581,55.679041939052382,-24.573466791771775,31.128079783093749,4.4057424380267181,-4.4057424380267181,-3.6691679623176547
972,GRU_LOCAL,2,112,MJ3,792,792,True,-8.9176489462169855,13.377372317981186,-12.375316038748798,6.9256305103471902,-147.93857438172765,147.93857438172765,59.318447206411008
972,GRU_LOCAL,2,112,MJ1,792,792,True,-30.707016574041312,31.122557434773654,-18.417374152331643,12.458583077399961,-35.820085125443597,35.820085125443597,13.993336440263864
972,GRU_LOCAL,2,112,ATU1,792,612,False,-42.433072756226345,42.710156503284544,-10.320131422990736,32.380625975276054,21.409737626373353,-21.409737626373353,-11.636553942066415
972,GRU_LOCAL,2,112,ATU5,792,612,False,-55.559442595163581,55.679041939052382,-20.904298829454117,34.79483293022308,4.4057424380267181,-4.4057424380267181,-3.6691679623176547
972,GRU_LOCAL,2,112,MJ3,792,612,False,-8.9176489462169855,13.377372317981186,-71.693763245159815,63.434053614261735,-147.93857438172765,147.93857438172765,59.318447206411008
972,GRU_LOCAL,2,112,MJ1,792,612,False,-30.707016574041312,31.122557434773654,-32.410710592595514,5.2513887488673738,-35.820085125443597,35.820085125443597,13.993336440263864
972,GRU_LOCAL,2,112,ATU1,612,792,False,-21.023335129852992,21.204192860234265,-21.956685365057155,2.6009314330471565,21.409737626373353,-21.409737626373353,-11.636553942066415
972,GRU_LOCAL,2,112,ATU5,612,792,False,-51.153700157136861,51.438906493344064,-24.573466791771775,26.901798750920975,4.4057424380267181,-4.4057424380267181,-3.6691679623176547
972,GRU_LOCAL,2,112,MJ3,612,792,False,-156.8562233279446,157.3867294018527,-12.375316038748798,144.73884455584087,-147.93857438172765,147.93857438172765,59.318447206411008
972,GRU_LOCAL,2,112,MJ1,612,792,False,-66.527101699484902,68.187034111117285,-18.417374152331643,49.429840626724669,-35.820085125443597,35.820085125443597,13.993336440263864
972,GRU_LOCAL,2,112,ATU1,612,612,True,-21.023335129852992,21.204192860234265,-10.320131422990736,10.996403657030495,21.409737626373353,-21.409737626373353,-11.636553942066415
972,GRU_LOCAL,2,112,ATU5,612,612,True,-51.153700157136861,51.438906493344064,-20.904298829454117,30.588309209583667,4.4057424380267181,-4.4057424380267181,-3.6691679623176547
972,GRU_LOCAL,2,112,MJ3,612,612,True,-156.8562233279446,157.3867294018527,-71.693763245159815,85.980298325212075,-147.93857438172765,147.93857438172765,59.318447206411008
972,GRU_LOCAL,2,112,MJ1,612,612,True,-66.527101699484902,68.187034111117285,-32.410710592595514,36.136235213876581,-35.820085125443597,35.820085125443597,13.993336440263864
972,GRU_LOCAL,ensemble,112,ATU1,792,792,True,-42.433072756226345,42.710156503284544,-20.053288681694458,22.570499330541526,21.409737626373353,-21.409737626373353,-8.6737915996946846
972,GRU_LOCAL,ensemble,112,ATU5,792,792,True,-55.559442595163581,55.679041939052382,-26.401913094146398,29.272590028030841,4.4057424380267181,-4.4057424380267181,-6.2537086095596033
972,GRU_LOCAL,ensemble,112,MJ3,792,792,True,-8.9176489462169855,13.377372317981186,-12.757197097440208,7.2981521384507255,-147.93857438172765,147.93857438172765,61.387071679112445
972,GRU_LOCAL,ensemble,112,MJ1,792,792,True,-30.707016574041312,31.122557434773654,-18.489045864729974,12.494048905664128,-35.820085125443597,35.820085125443597,14.721014479140663
972,GRU_LOCAL,ensemble,112,ATU1,792,612,False,-42.433072756226345,42.710156503284544,-11.379497081999769,31.266105104937402,21.409737626373353,-21.409737626373353,-8.6737915996946846
972,GRU_LOCAL,ensemble,112,ATU5,792,612,False,-55.559442595163581,55.679041939052382,-20.148204484586792,35.519736760021402,4.4057424380267181,-4.4057424380267181,-6.2537086095596033
972,GRU_LOCAL,ensemble,112,MJ3,792,612,False,-8.9176489462169855,13.377372317981186,-74.14426877655265,65.901514453585804,-147.93857438172765,147.93857438172765,61.387071679112445
972,GRU_LOCAL,ensemble,112,MJ1,792,612,False,-30.707016574041312,31.122557434773654,-33.210060343870637,5.4545077103331794,-35.820085125443597,35.820085125443597,14.721014479140663
972,GRU_LOCAL,ensemble,112,ATU1,612,792,False,-21.023335129852992,21.204192860234265,-20.053288681694458,2.9519627863922739,21.409737626373353,-21.409737626373353,-8.6737915996946846
972,GRU_LOCAL,ensemble,112,ATU5,612,792,False,-51.153700157136861,51.438906493344064,-26.401913094146398,25.039534070977147,4.4057424380267181,-4.4057424380267181,-6.2537086095596033
972,GRU_LOCAL,ensemble,112,MJ3,612,792,False,-156.8562233279446,157.3867294018527,-12.757197097440208,144.37243049334953,-147.93857438172765,147.93857438172765,61.387071679112445
972,GRU_LOCAL,ensemble,112,MJ1,612,792,False,-66.527101699484902,68.187034111117285,-18.489045864729974,49.551398347878504,-35.820085125443597,35.820085125443597,14.721014479140663
972,GRU_LOCAL,ensemble,112,ATU1,612,612,True,-21.023335129852992,21.204192860234265,-11.379497081999769,10.036211871730503,21.409737626373353,-21.409737626373353,-8.6737915996946846
972,GRU_LOCAL,ensemble,112,ATU5,612,612,True,-51.153700157136861,51.438906493344064,-20.148204484586792,31.304937780194976,4.4057424380267181,-4.4057424380267181,-6.2537086095596033
972,GRU_LOCAL,ensemble,112,MJ3,612,612,True,-156.8562233279446,157.3867294018527,-74.14426877655265,83.592862114760351,-147.93857438172765,147.93857438172765,61.387071679112445
972,GRU_LOCAL,ensemble,112,MJ1,612,612,True,-66.527101699484902,68.187034111117285,-33.210060343870637,35.621202454677082,-35.820085125443597,35.820085125443597,14.721014479140663
972,GRU_GRAPH,0,112,ATU1,792,792,True,-42.433072756226345,42.710156503284544,-19.297791373846099,23.415768360394118,21.409737626373353,-21.409737626373353,-7.9782774308634634
972,GRU_GRAPH,0,112,ATU5,792,792,True,-55.559442595163581,55.679041939052382,-29.741241120595305,26.050085161909543,4.4057424380267181,-4.4057424380267181,-7.5218161418360934
972,GRU_GRAPH,0,112,MJ3,792,792,True,-8.9176489462169855,13.377372317981186,-11.294556484121783,6.4917408775679943,-147.93857438172765,147.93857438172765,64.111247285579253
972,GRU_GRAPH,0,112,MJ1,792,792,True,-30.707016574041312,31.122557434773654,-16.867445900453223,14.351583465584238,-35.820085125443597,35.820085125443597,15.007265973077709
972,GRU_GRAPH,0,112,ATU1,792,612,False,-42.433072756226345,42.710156503284544,-11.319513942982635,31.379074987341848,21.409737626373353,-21.409737626373353,-7.9782774308634634
972,GRU_GRAPH,0,112,ATU5,792,612,False,-55.559442595163581,55.679041939052382,-22.219424978759207,33.489342275412703,4.4057424380267181,-4.4057424380267181,-7.5218161418360934
972,GRU_GRAPH,0,112,MJ3,792,612,False,-8.9176489462169855,13.377372317981186,-75.405803769701052,67.256584797925441,-147.93857438172765,147.93857438172765,64.111247285579253
972,GRU_GRAPH,0,112,MJ1,792,612,False,-30.707016574041312,31.122557434773654,-31.874711873530934,5.8077034497439124,-35.820085125443597,35.820085125443597,15.007265973077709
972,GRU_GRAPH,0,112,ATU1,612,792,False,-21.023335129852992,21.204192860234265,-19.297791373846099,3.7957066741853542,21.409737626373353,-21.409737626373353,-7.9782774308634634
972,GRU_GRAPH,0,112,ATU5,612,792,False,-51.153700157136861,51.438906493344064,-29.741241120595305,21.886158718665449,4.4057424380267181,-4.4057424380267181,-7.5218161418360934
972,GRU_GRAPH,0,112,MJ3,612,792,False,-156.8562233279446,157.3867294018527,-11.294556484121783,145.82654977735734,-147.93857438172765,147.93857438172765,64.111247285579253
972,GRU_GRAPH,0,112,MJ1,612,792,False,-66.527101699484902,68.187034111117285,-16.867445900453223,51.437336543037262,-35.820085125443597,35.820085125443597,15.007265973077709
972,GRU_GRAPH,0,112,ATU1,612,612,True,-21.023335129852992,21.204192860234265,-11.319513942982635,10.332671559972116,21.409737626373353,-21.409737626373353,-7.9782774308634634
972,GRU_GRAPH,0,112,ATU5,612,612,True,-51.153700157136861,51.438906493344064,-22.219424978759207,29.299877995865941,4.4057424380267181,-4.4057424380267181,-7.5218161418360934
972,GRU_GRAPH,0,112,MJ3,612,612,True,-156.8562233279446,157.3867294018527,-75.405803769701052,82.478407951057818,-147.93857438172765,147.93857438172765,64.111247285579253
972,GRU_GRAPH,0,112,MJ1,612,612,True,-66.527101699484902,68.187034111117285,-31.874711873530934,37.491339731332644,-35.820085125443597,35.820085125443597,15.007265973077709
972,GRU_GRAPH,1,112,ATU1,792,792,True,-42.433072756226345,42.710156503284544,-18.927364463917495,23.597842857270312,21.409737626373353,-21.409737626373353,-6.363261553814513
972,GRU_GRAPH,1,112,ATU5,792,792,True,-55.559442595163581,55.679041939052382,-25.091809135239135,30.517115913260742,4.4057424380267181,-4.4057424380267181,-8.0502654502658562
972,GRU_GRAPH,1,112,MJ3,792,792,True,-8.9176489462169855,13.377372317981186,-15.624792150458893,9.2191642542159826,-147.93857438172765,147.93857438172765,63.250023524492008
972,GRU_GRAPH,1,112,MJ1,792,792,True,-30.707016574041312,31.122557434773654,-20.416325431097164,10.556510712144791,-35.820085125443597,35.820085125443597,14.368139118025011
972,GRU_GRAPH,1,112,ATU1,792,612,False,-42.433072756226345,42.710156503284544,-12.564102910102987,29.995411141150889,21.409737626373353,-21.409737626373353,-6.363261553814513
972,GRU_GRAPH,1,112,ATU5,792,612,False,-55.559442595163581,55.679041939052382,-17.041543684973277,38.590988919531199,4.4057424380267181,-4.4057424380267181,-8.0502654502658562
972,GRU_GRAPH,1,112,MJ3,792,612,False,-8.9176489462169855,13.377372317981186,-78.874815674950909,70.54104048610607,-147.93857438172765,147.93857438172765,63.250023524492008
972,GRU_GRAPH,1,112,MJ1,792,612,False,-30.707016574041312,31.122557434773654,-34.78446454912217,6.398387899236587,-35.820085125443597,35.820085125443597,14.368139118025011
972,GRU_GRAPH,1,112,ATU1,612,792,False,-21.023335129852992,21.204192860234265,-18.927364463917495,3.880937200522931,21.409737626373353,-21.409737626373353,-6.363261553814513
972,GRU_GRAPH,1,112,ATU5,612,792,False,-51.153700157136861,51.438906493344064,-25.091809135239135,26.208978703360678,4.4057424380267181,-4.4057424380267181,-8.0502654502658562
972,GRU_GRAPH,1,112,MJ3,612,792,False,-156.8562233279446,157.3867294018527,-15.624792150458893,141.50810578034523,-147.93857438172765,147.93857438172765,63.250023524492008
972,GRU_GRAPH,1,112,MJ1,612,792,False,-66.527101699484902,68.187034111117285,-20.416325431097164,47.566997572286304,-35.820085125443597,35.820085125443597,14.368139118025011
972,GRU_GRAPH,1,112,ATU1,612,612,True,-21.023335129852992,21.204192860234265,-12.564102910102987,8.931273719910287,21.409737626373353,-21.409737626373353,-6.363261553814513
972,GRU_GRAPH,1,112,ATU5,612,612,True,-51.153700157136861,51.438906493344064,-17.041543684973277,34.337053547204818,4.4057424380267181,-4.4057424380267181,-8.0502654502658562
972,GRU_GRAPH,1,112,MJ3,612,612,True,-156.8562233279446,157.3867294018527,-78.874815674950909,78.825168005279721,-147.93857438172765,147.93857438172765,63.250023524492008
972,GRU_GRAPH,1,112,MJ1,612,612,True,-66.527101699484902,68.187034111117285,-34.78446454912217,33.892641851174275,-35.820085125443597,35.820085125443597,14.368139118025011
972,GRU_GRAPH,2,112,ATU1,792,792,True,-42.433072756226345,42.710156503284544,-21.464154343117741,21.231810341803016,21.409737626373353,-21.409737626373353,-10.491402111298779
972,GRU_GRAPH,2,112,ATU5,792,792,True,-55.559442595163581,55.679041939052382,-24.385309018278594,31.316615303508978,4.4057424380267181,-4.4057424380267181,-3.9507488674560216
972,GRU_GRAPH,2,112,MJ3,792,792,True,-8.9176489462169855,13.377372317981186,-12.807139651982613,7.2235517820628754,-147.93857438172765,147.93857438172765,60.187388645006976
972,GRU_GRAPH,2,112,MJ1,792,792,True,-30.707016574041312,31.122557434773654,-17.632257727438166,13.240508109888189,-35.820085125443597,35.820085125443597,14.935931920820435
972,GRU_GRAPH,2,112,ATU1,792,612,False,-42.433072756226345,42.710156503284544,-10.972752231818967,31.74721726084805,21.409737626373353,-21.409737626373353,-10.491402111298779
972,GRU_GRAPH,2,112,ATU5,792,612,False,-55.559442595163581,55.679041939052382,-20.43456015082257,35.270789005742294,4.4057424380267181,-4.4057424380267181,-3.9507488674560216
972,GRU_GRAPH,2,112,MJ3,792,612,False,-8.9176489462169855,13.377372317981186,-72.9945282969896,64.733771505869584,-147.93857438172765,147.93857438172765,60.187388645006976
972,GRU_GRAPH,2,112,MJ1,792,612,False,-30.707016574041312,31.122557434773654,-32.568189648258603,5.4338565175003737,-35.820085125443597,35.820085125443597,14.935931920820435
972,GRU_GRAPH,2,112,ATU1,612,792,False,-21.023335129852992,21.204192860234265,-21.464154343117741,2.3510359244533126,21.409737626373353,-21.409737626373353,-10.491402111298779
972,GRU_GRAPH,2,112,ATU5,612,792,False,-51.153700157136861,51.438906493344064,-24.385309018278594,27.107280301038767,4.4057424380267181,-4.4057424380267181,-3.9507488674560216
972,GRU_GRAPH,2,112,MJ3,612,792,False,-156.8562233279446,157.3867294018527,-12.807139651982613,144.31178020632476,-147.93857438172765,147.93857438172765,60.187388645006976
972,GRU_GRAPH,2,112,MJ1,612,792,False,-66.527101699484902,68.187034111117285,-17.632257727438166,50.201956131113313,-35.820085125443597,35.820085125443597,14.935931920820435
972,GRU_GRAPH,2,112,ATU1,612,612,True,-21.023335129852992,21.204192860234265,-10.972752231818967,10.363728108637392,21.409737626373353,-21.409737626373353,-10.491402111298779
972,GRU_GRAPH,2,112,ATU5,612,612,True,-51.153700157136861,51.438906493344064,-20.43456015082257,31.07808659078616,4.4057424380267181,-4.4057424380267181,-3.9507488674560216
972,GRU_GRAPH,2,112,MJ3,612,612,True,-156.8562233279446,157.3867294018527,-72.9945282969896,84.7030650247072,-147.93857438172765,147.93857438172765,60.187388645006976
972,GRU_GRAPH,2,112,MJ1,612,612,True,-66.527101699484902,68.187034111117285,-32.568189648258603,36.022574203677927,-35.820085125443597,35.820085125443597,14.935931920820435
972,GRU_GRAPH,ensemble,112,ATU1,792,792,True,-42.433072756226345,42.710156503284544,-19.896436726960449,22.722406354459739,21.409737626373353,-21.409737626373353,-8.2776470319922506
972,GRU_GRAPH,ensemble,112,ATU5,792,792,True,-55.559442595163581,55.679041939052382,-26.406119758037676,29.265550173826909,4.4057424380267181,-4.4057424380267181,-6.5076101531859889
972,GRU_GRAPH,ensemble,112,MJ3,792,792,True,-8.9176489462169855,13.377372317981186,-13.242162762187762,7.5017860601927246,-147.93857438172765,147.93857438172765,62.51621981835941
972,GRU_GRAPH,ensemble,112,MJ1,792,792,True,-30.707016574041312,31.122557434773654,-18.30534301966285,12.676666548503452,-35.820085125443597,35.820085125443597,14.770445670641051
972,GRU_GRAPH,ensemble,112,ATU1,792,612,False,-42.433072756226345,42.710156503284544,-11.618789694968196,31.024458638754151,21.409737626373353,-21.409737626373353,-8.2776470319922506
972,GRU_GRAPH,ensemble,112,ATU5,792,612,False,-55.559442595163581,55.679041939052382,-19.898509604851686,35.767438553220927,4.4057424380267181,-4.4057424380267181,-6.5076101531859889
972,GRU_GRAPH,ensemble,112,MJ3,792,612,False,-8.9176489462169855,13.377372317981186,-75.758382580547178,67.501792815325018,-147.93857438172765,147.93857438172765,62.51621981835941
972,GRU_GRAPH,ensemble,112,MJ1,792,612,False,-30.707016574041312,31.122557434773654,-33.075788690303902,5.4754812898797045,-35.820085125443597,35.820085125443597,14.770445670641051
972,GRU_GRAPH,ensemble,112,ATU1,612,792,False,-21.023335129852992,21.204192860234265,-19.896436726960449,3.0536054332626645,21.409737626373353,-21.409737626373353,-8.2776470319922506
972,GRU_GRAPH,ensemble,112,ATU5,612,792,False,-51.153700157136861,51.438906493344064,-26.406119758037676,25.03001358174588,4.4057424380267181,-4.4057424380267181,-6.5076101531859889
972,GRU_GRAPH,ensemble,112,MJ3,612,792,False,-156.8562233279446,157.3867294018527,-13.242162762187762,143.88112167178258,-147.93857438172765,147.93857438172765,62.51621981835941
972,GRU_GRAPH,ensemble,112,MJ1,612,792,False,-66.527101699484902,68.187034111117285,-18.30534301966285,49.726015830168009,-35.820085125443597,35.820085125443597,14.770445670641051
972,GRU_GRAPH,ensemble,112,ATU1,612,612,True,-21.023335129852992,21.204192860234265,-11.618789694968196,9.8189081746035427,21.409737626373353,-21.409737626373353,-8.2776470319922506
972,GRU_GRAPH,ensemble,112,ATU5,612,612,True,-51.153700157136861,51.438906493344064,-19.898509604851686,31.551352406731215,4.4057424380267181,-4.4057424380267181,-6.5076101531859889
972,GRU_GRAPH,ensemble,112,MJ3,612,612,True,-156.8562233279446,157.3867294018527,-75.758382580547178,81.996407337381839,-147.93857438172765,147.93857438172765,62.51621981835941
972,GRU_GRAPH,ensemble,112,MJ1,612,612,True,-66.527101699484902,68.187034111117285,-33.075788690303902,35.766300158608686,-35.820085125443597,35.820085125443597,14.770445670641051
972,COND_ATTN,0,112,ATU1,792,792,True,-42.433072756226345,42.710156503284544,-14.187794882592527,29.384689369525702,21.409737626373353,-21.409737626373353,-10.464588558781077
972,COND_ATTN,0,112,ATU5,792,792,True,-55.559442595163581,55.679041939052382,-19.401646462196783,37.969034857415451,4.4057424380267181,-4.4057424380267181,-14.61010788234293
972,COND_ATTN,0,112,MJ3,792,792,True,-8.9176489462169855,13.377372317981186,-3.7026620953571716,7.6749468534830081,-147.93857438172765,147.93857438172765,43.54929738770219
972,COND_ATTN,0,112,MJ1,792,792,True,-30.707016574041312,31.122557434773654,-8.7321880112490646,22.483410972385187,-35.820085125443597,35.820085125443597,6.5156631535413316
972,COND_ATTN,0,112,ATU1,792,612,False,-42.433072756226345,42.710156503284544,-3.7232063238114486,39.244612069043114,21.409737626373353,-21.409737626373353,-10.464588558781077
972,COND_ATTN,0,112,ATU5,792,612,False,-55.559442595163581,55.679041939052382,-4.7915385798538503,51.376563537498498,4.4057424380267181,-4.4057424380267181,-14.61010788234293
972,COND_ATTN,0,112,MJ3,792,612,False,-8.9176489462169855,13.377372317981186,-47.251959483059359,39.628594657301377,-147.93857438172765,147.93857438172765,43.54929738770219
972,COND_ATTN,0,112,MJ1,792,612,False,-30.707016574041312,31.122557434773654,-15.247851164790394,16.526828264871781,-35.820085125443597,35.820085125443597,6.5156631535413316
972,COND_ATTN,0,112,ATU1,612,792,False,-21.023335129852992,21.204192860234265,-14.187794882592527,9.2257652676972608,21.409737626373353,-21.409737626373353,-10.464588558781077
972,COND_ATTN,0,112,ATU5,612,792,False,-51.153700157136861,51.438906493344064,-19.401646462196783,34.289430152658191,4.4057424380267181,-4.4057424380267181,-14.61010788234293
972,COND_ATTN,0,112,MJ3,612,792,False,-156.8562233279446,157.3867294018527,-3.7026620953571716,153.45453876572586,-147.93857438172765,147.93857438172765,43.54929738770219
972,COND_ATTN,0,112,MJ1,612,792,False,-66.527101699484902,68.187034111117285,-8.7321880112490646,59.664703138489124,-35.820085125443597,35.820085125443597,6.5156631535413316
972,COND_ATTN,0,112,ATU1,612,612,True,-21.023335129852992,21.204192860234265,-3.7232063238114486,17.909074299298528,21.409737626373353,-21.409737626373353,-10.464588558781077
972,COND_ATTN,0,112,ATU5,612,612,True,-51.153700157136861,51.438906493344064,-4.7915385798538503,47.277887850285772,4.4057424380267181,-4.4057424380267181,-14.61010788234293
972,COND_ATTN,0,112,MJ3,612,612,True,-156.8562233279446,157.3867294018527,-47.251959483059359,110.2822573474625,-147.93857438172765,147.93857438172765,43.54929738770219
972,COND_ATTN,0,112,MJ1,612,612,True,-66.527101699484902,68.187034111117285,-15.247851164790394,53.614107867166602,-35.820085125443597,35.820085125443597,6.5156631535413316
972,COND_ATTN,1,112,ATU1,792,792,True,-42.433072756226345,42.710156503284544,-14.371231472671875,29.05997175120514,21.409737626373353,-21.409737626373353,-10.369781171640893
972,COND_ATTN,1,112,ATU5,792,792,True,-55.559442595163581,55.679041939052382,-20.492236943248745,36.309629659622658,4.4057424380267181,-4.4057424380267181,-14.898754894815379
972,COND_ATTN,1,112,MJ3,792,792,True,-8.9176489462169855,13.377372317981186,-6.7914579978827563,7.156927142090372,-147.93857438172765,147.93857438172765,41.672123854622214
972,COND_ATTN,1,112,MJ1,792,792,True,-30.707016574041312,31.122557434773654,-11.243802011898291,20.2387427651243,-35.820085125443597,35.820085125443597,4.2722018642244759
972,COND_ATTN,1,112,ATU1,792,612,False,-42.433072756226345,42.710156503284544,-4.0014503010309825,39.353275125012303,21.409737626373353,-21.409737626373353,-10.369781171640893
972,COND_ATTN,1,112,ATU5,792,612,False,-55.559442595163581,55.679041939052382,-5.5934820484333647,51.094693762539322,4.4057424380267181,-4.4057424380267181,-14.898754894815379
972,COND_ATTN,1,112,MJ3,792,612,False,-8.9176489462169855,13.377372317981186,-48.463581852504959,40.52402164095944,-147.93857438172765,147.93857438172765,41.672123854622214
972,COND_ATTN,1,112,MJ1,792,612,False,-30.707016574041312,31.122557434773654,-15.516003876122763,16.765636494078894,-35.820085125443597,35.820085125443597,4.2722018642244759
972,COND_ATTN,1,112,ATU1,612,792,False,-21.023335129852992,21.204192860234265,-14.371231472671875,8.4261942281816378,21.409737626373353,-21.409737626373353,-10.369781171640893
972,COND_ATTN,1,112,ATU5,612,792,False,-51.153700157136861,51.438906493344064,-20.492236943248745,32.548921818842906,4.4057424380267181,-4.4057424380267181,-14.898754894815379
972,COND_ATTN,1,112,MJ3,612,792,False,-156.8562233279446,157.3867294018527,-6.7914579978827563,150.35651461791062,-147.93857438172765,147.93857438172765,41.672123854622214
972,COND_ATTN,1,112,MJ1,612,792,False,-66.527101699484902,68.187034111117285,-11.243802011898291,57.276703909011104,-35.820085125443597,35.820085125443597,4.2722018642244759
972,COND_ATTN,1,112,ATU1,612,612,True,-21.023335129852992,21.204192860234265,-4.0014503010309825,18.026458870257578,21.409737626373353,-21.409737626373353,-10.369781171640893
972,COND_ATTN,1,112,ATU5,612,612,True,-51.153700157136861,51.438906493344064,-5.5934820484333647,47.124077252420044,4.4057424380267181,-4.4057424380267181,-14.898754894815379
972,COND_ATTN,1,112,MJ3,612,612,True,-156.8562233279446,157.3867294018527,-48.463581852504959,108.98960842104944,-147.93857438172765,147.93857438172765,41.672123854622214
972,COND_ATTN,1,112,MJ1,612,612,True,-66.527101699484902,68.187034111117285,-15.516003876122763,53.473290453889668,-35.820085125443597,35.820085125443597,4.2722018642244759
972,COND_ATTN,2,112,ATU1,792,792,True,-42.433072756226345,42.710156503284544,-15.03188841684757,28.337838015175958,21.409737626373353,-21.409737626373353,-5.31132705659605
972,COND_ATTN,2,112,ATU5,792,792,True,-55.559442595163581,55.679041939052382,-18.953215678246135,37.715394098395564,4.4057424380267181,-4.4057424380267181,-3.3478175550766927
972,COND_ATTN,2,112,MJ3,792,792,True,-8.9176489462169855,13.377372317981186,-1.5229813879289078,12.42244256381017,-147.93857438172765,147.93857438172765,36.297461842965035
972,COND_ATTN,2,112,MJ1,792,792,True,-30.707016574041312,31.122557434773654,-10.054105548980427,21.623145050123455,-35.820085125443597,35.820085125443597,6.0532801534855354
972,COND_ATTN,2,112,ATU1,792,612,False,-42.433072756226345,42.710156503284544,-9.7205613602515211,33.586002570178721,21.409737626373353,-21.409737626373353,-5.31132705659605
972,COND_ATTN,2,112,ATU5,792,612,False,-55.559442595163581,55.679041939052382,-15.605398123169445,41.209132183697662,4.4057424380267181,-4.4057424380267181,-3.3478175550766927
972,COND_ATTN,2,112,MJ3,792,612,False,-8.9176489462169855,13.377372317981186,-37.820443230893943,30.724951043469886,-147.93857438172765,147.93857438172765,36.297461842965035
972,COND_ATTN,2,112,MJ1,792,612,False,-30.707016574041312,31.122557434773654,-16.107385702465965,15.946484275665776,-35.820085125443597,35.820085125443597,6.0532801534855354
972,COND_ATTN,2,112,ATU1,612,792,False,-21.023335129852992,21.204192860234265,-15.03188841684757,7.4327980983031843,21.409737626373353,-21.409737626373353,-5.31132705659605
972,COND_ATTN,2,112,ATU5,612,792,False,-51.153700157136861,51.438906493344064,-18.953215678246135,33.940661984446443,4.4057424380267181,-4.4057424380267181,-3.3478175550766927
972,COND_ATTN,2,112,MJ3,612,792,False,-156.8562233279446,157.3867294018527,-1.5229813879289078,155.87136382191341,-147.93857438172765,147.93857438172765,36.297461842965035
972,COND_ATTN,2,112,MJ1,612,792,False,-66.527101699484902,68.187034111117285,-10.054105548980427,58.761803442628448,-35.820085125443597,35.820085125443597,6.0532801534855354
972,COND_ATTN,2,112,ATU1,612,612,True,-21.023335129852992,21.204192860234265,-9.7205613602515211,12.290519866069292,21.409737626373353,-21.409737626373353,-5.31132705659605
972,COND_ATTN,2,112,ATU5,612,612,True,-51.153700157136861,51.438906493344064,-15.605398123169445,37.411148386967326,4.4057424380267181,-4.4057424380267181,-3.3478175550766927
972,COND_ATTN,2,112,MJ3,612,612,True,-156.8562233279446,157.3867294018527,-37.820443230893943,119.68306232949466,-147.93857438172765,147.93857438172765,36.297461842965035
972,COND_ATTN,2,112,MJ1,612,612,True,-66.527101699484902,68.187034111117285,-16.107385702465965,52.780085238746196,-35.820085125443597,35.820085125443597,6.0532801534855354
972,COND_ATTN,ensemble,112,ATU1,792,792,True,-42.433072756226345,42.710156503284544,-14.530304924037324,28.903572975120284,21.409737626373353,-21.409737626373353,-8.7152322623393399
972,COND_ATTN,ensemble,112,ATU5,792,792,True,-55.559442595163581,55.679041939052382,-19.615699694563887,37.234062584531003,4.4057424380267181,-4.4057424380267181,-10.952226777411669
972,COND_ATTN,ensemble,112,MJ3,792,792,True,-8.9176489462169855,13.377372317981186,-4.0057004937229452,8.7917815517699527,-147.93857438172765,147.93857438172765,40.506294361763146
972,COND_ATTN,ensemble,112,MJ1,792,792,True,-30.707016574041312,31.122557434773654,-10.010031857375926,21.394376656821006,-35.820085125443597,35.820085125443597,5.6137150570837804
972,COND_ATTN,ensemble,112,ATU1,792,612,False,-42.433072756226345,42.710156503284544,-5.8150726616979842,37.327913433430744,21.409737626373353,-21.409737626373353,-8.7152322623393399
972,COND_ATTN,ensemble,112,ATU5,792,612,False,-55.559442595163581,55.679041939052382,-8.6634729171522196,47.731735369547799,4.4057424380267181,-4.4057424380267181,-10.952226777411669
972,COND_ATTN,ensemble,112,MJ3,792,612,False,-8.9176489462169855,13.377372317981186,-44.511994855486087,36.83215026833895,-147.93857438172765,147.93857438172765,40.506294361763146
972,COND_ATTN,ensemble,112,MJ1,792,612,False,-30.707016574041312,31.122557434773654,-15.623746914459705,16.28458842115279,-35.820085125443597,35.820085125443597,5.6137150570837804
972,COND_ATTN,ensemble,112,ATU1,612,792,False,-21.023335129852992,21.204192860234265,-14.530304924037324,8.2993289447888863,21.409737626373353,-21.409737626373353,-8.7152322623393399
972,COND_ATTN,ensemble,112,ATU5,612,792,False,-51.153700157136861,51.438906493344064,-19.615699694563887,33.485341824605712,4.4057424380267181,-4.4057424380267181,-10.952226777411669
972,COND_ATTN,ensemble,112,MJ3,612,792,False,-156.8562233279446,157.3867294018527,-4.0057004937229452,153.20868316291228,-147.93857438172765,147.93857438172765,40.506294361763146
972,COND_ATTN,ensemble,112,MJ1,612,792,False,-66.527101699484902,68.187034111117285,-10.010031857375926,58.54893774496604,-35.820085125443597,35.820085125443597,5.6137150570837804
972,COND_ATTN,ensemble,112,ATU1,612,612,True,-21.023335129852992,21.204192860234265,-5.8150726616979842,15.916710254316351,21.409737626373353,-21.409737626373353,-8.7152322623393399
972,COND_ATTN,ensemble,112,ATU5,612,612,True,-51.153700157136861,51.438906493344064,-8.6634729171522196,43.749344594442398,4.4057424380267181,-4.4057424380267181,-10.952226777411669
972,COND_ATTN,ensemble,112,MJ3,612,612,True,-156.8562233279446,157.3867294018527,-44.511994855486087,112.95740178944536,-147.93857438172765,147.93857438172765,40.506294361763146
972,COND_ATTN,ensemble,112,MJ1,612,612,True,-66.527101699484902,68.187034111117285,-15.623746914459705,53.249892744819547,-35.820085125443597,35.820085125443597,5.6137150570837804
1168,GRU_LOCAL,0,97,ATU1,1168,1168,True,-2.6105454332132707,2.8970077854703575,-8.967262296595214,8.276713788013474,-70.602341539675606,70.602341539675606,25.144957748028787
1168,GRU_LOCAL,0,97,ATU5,1168,1168,True,-3.602176904879737,4.6145529647169354,-14.156014026532793,13.215671658137493,-73.923371666775168,73.923371666775168,22.444292304030483
1168,GRU_LOCAL,0,97,MJ3,1168,1168,True,1.571389257763314,1.6314000677056413,-9.328801634209297,11.400932254755149,-100.9836890478674,100.9836890478674,43.606556667013322
1168,GRU_LOCAL,0,97,MJ1,1168,1168,True,-4.8268184211630887,5.4743305616201088,-8.9536839353001483,6.2373946553298278,-96.970694561070246,96.970694561070246,32.291999463817064
1168,GRU_LOCAL,0,97,ATU1,1168,792,False,-2.6105454332132707,2.8970077854703575,-34.112220044624003,31.626751393542598,-70.602341539675606,70.602341539675606,25.144957748028787
1168,GRU_LOCAL,0,97,ATU5,1168,792,False,-3.602176904879737,4.6145529647169354,-36.600306330563278,33.316642430443672,-73.923371666775168,73.923371666775168,22.444292304030483
1168,GRU_LOCAL,0,97,MJ3,1168,792,False,1.571389257763314,1.6314000677056413,-52.935358301222607,54.632098219153782,-100.9836890478674,100.9836890478674,43.606556667013322
1168,GRU_LOCAL,0,97,MJ1,1168,792,False,-4.8268184211630887,5.4743305616201088,-41.245683399117205,36.638528992300145,-96.970694561070246,96.970694561070246,32.291999463817064
1168,GRU_LOCAL,0,97,ATU1,792,1168,False,-73.212886972888867,73.309125284674963,-8.967262296595214,64.708527664238474,-70.602341539675606,70.602341539675606,25.144957748028787
1168,GRU_LOCAL,0,97,ATU5,792,1168,False,-77.525548571654909,77.715935168480939,-14.156014026532793,64.223786304964676,-73.923371666775168,73.923371666775168,22.444292304030483
1168,GRU_LOCAL,0,97,MJ3,792,1168,False,-99.412299790104115,99.518233059630958,-9.328801634209297,90.419251330755998,-100.9836890478674,100.9836890478674,43.606556667013322
1168,GRU_LOCAL,0,97,MJ1,792,1168,False,-101.79751298223334,102.04081060767794,-8.9536839353001483,93.287956877579006,-96.970694561070246,96.970694561070246,32.291999463817064
1168,GRU_LOCAL,0,97,ATU1,792,792,True,-73.212886972888867,73.309125284674963,-34.112220044624003,39.410019947142302,-70.602341539675606,70.602341539675606,25.144957748028787
1168,GRU_LOCAL,0,97,ATU5,792,792,True,-77.525548571654909,77.715935168480939,-36.600306330563278,41.504646005723799,-73.923371666775168,73.923371666775168,22.444292304030483
1168,GRU_LOCAL,0,97,MJ3,792,792,True,-99.412299790104115,99.518233059630958,-52.935358301222607,46.86237564642078,-100.9836890478674,100.9836890478674,43.606556667013322
1168,GRU_LOCAL,0,97,MJ1,792,792,True,-101.79751298223334,102.04081060767794,-41.245683399117205,61.024667958771481,-96.970694561070246,96.970694561070246,32.291999463817064
1168,GRU_LOCAL,1,97,ATU1,1168,1168,True,-2.6105454332132707,2.8970077854703575,-6.0344251703728791,6.6767645699210716,-70.602341539675606,70.602341539675606,29.895895771722397
1168,GRU_LOCAL,1,97,ATU5,1168,1168,True,-3.602176904879737,4.6145529647169354,-5.9779577358325824,8.2243280183504641,-73.923371666775168,73.923371666775168,29.778579296337266
1168,GRU_LOCAL,1,97,MJ3,1168,1168,True,1.571389257763314,1.6314000677056413,-7.4632126561765446,9.3604442347770007,-100.9836890478674,100.9836890478674,48.726600861552242
1168,GRU_LOCAL,1,97,MJ1,1168,1168,True,-4.8268184211630887,5.4743305616201088,-8.090187499798505,5.4216477739019568,-96.970694561070246,96.970694561070246,37.110062328602041
1168,GRU_LOCAL,1,97,ATU1,1168,792,False,-2.6105454332132707,2.8970077854703575,-35.930320942095278,33.40584672551217,-70.602341539675606,70.602341539675606,29.895895771722397
1168,GRU_LOCAL,1,97,ATU5,1168,792,False,-3.602176904879737,4.6145529647169354,-35.756537032169845,32.385413576101811,-73.923371666775168,73.923371666775168,29.778579296337266
1168,GRU_LOCAL,1,97,MJ3,1168,792,False,1.571389257763314,1.6314000677056413,-56.189813517728794,57.793078135730667,-100.9836890478674,100.9836890478674,48.726600861552242
1168,GRU_LOCAL,1,97,MJ1,1168,792,False,-4.8268184211630887,5.4743305616201088,-45.200249828400544,40.454510771717132,-96.970694561070246,96.970694561070246,37.110062328602041
1168,GRU_LOCAL,1,97,ATU1,792,1168,False,-73.212886972888867,73.309125284674963,-6.0344251703728791,67.673691331474856,-70.602341539675606,70.602341539675606,29.895895771722397
1168,GRU_LOCAL,1,97,ATU5,792,1168,False,-77.525548571654909,77.715935168480939,-5.9779577358325824,72.286769160322038,-73.923371666775168,73.923371666775168,29.778579296337266
1168,GRU_LOCAL,1,97,MJ3,792,1168,False,-99.412299790104115,99.518233059630958,-7.4632126561765446,92.211470730146502,-100.9836890478674,100.9836890478674,48.726600861552242
1168,GRU_LOCAL,1,97,MJ1,792,1168,False,-101.79751298223334,102.04081060767794,-8.090187499798505,94.116284681501185,-96.970694561070246,96.970694561070246,37.110062328602041
1168,GRU_LOCAL,1,97,ATU1,792,792,True,-73.212886972888867,73.309125284674963,-35.930320942095278,37.563462853564637,-70.602341539675606,70.602341539675606,29.895895771722397
1168,GRU_LOCAL,1,97,ATU5,792,792,True,-77.525548571654909,77.715935168480939,-35.756537032169845,42.209950829410467,-73.923371666775168,73.923371666775168,29.778579296337266
1168,GRU_LOCAL,1,97,MJ3,792,792,True,-99.412299790104115,99.518233059630958,-56.189813517728794,43.488685567317845,-100.9836890478674,100.9836890478674,48.726600861552242
1168,GRU_LOCAL,1,97,MJ1,792,792,True,-101.79751298223334,102.04081060767794,-45.200249828400544,56.972374188049642,-96.970694561070246,96.970694561070246,37.110062328602041
1168,GRU_LOCAL,2,97,ATU1,1168,1168,True,-2.6105454332132707,2.8970077854703575,-9.9991881171999193,8.6358670430673872,-70.602341539675606,70.602341539675606,26.464840065054798
1168,GRU_LOCAL,2,97,ATU5,1168,1168,True,-3.602176904879737,4.6145529647169354,-13.307259395648755,11.842793241280802,-73.923371666775168,73.923371666775168,24.959569479797718
1168,GRU_LOCAL,2,97,MJ3,1168,1168,True,1.571389257763314,1.6314000677056413,-13.076910310752266,14.954501285708508,-100.9836890478674,100.9836890478674,45.930875039424137
1168,GRU_LOCAL,2,97,MJ1,1168,1168,True,-4.8268184211630887,5.4743305616201088,-13.810677007766808,10.122033725038134,-96.970694561070246,96.970694561070246,34.827148448598578
1168,GRU_LOCAL,2,97,ATU1,1168,792,False,-2.6105454332132707,2.8970077854703575,-36.464028182254708,33.89130387142481,-70.602341539675606,70.602341539675606,26.464840065054798
1168,GRU_LOCAL,2,97,ATU5,1168,792,False,-3.602176904879737,4.6145529647169354,-38.266828875446471,34.78785070862439,-73.923371666775168,73.923371666775168,24.959569479797718
1168,GRU_LOCAL,2,97,MJ3,1168,792,False,1.571389257763314,1.6314000677056413,-59.007785350176405,60.604476143502062,-100.9836890478674,100.9836890478674,45.930875039424137
1168,GRU_LOCAL,2,97,MJ1,1168,792,False,-4.8268184211630887,5.4743305616201088,-48.637825456365391,43.887850981350923,-96.970694561070246,96.970694561070246,34.827148448598578
1168,GRU_LOCAL,2,97,ATU1,792,1168,False,-73.212886972888867,73.309125284674963,-9.9991881171999193,63.598743056826727,-70.602341539675606,70.602341539675606,26.464840065054798
1168,GRU_LOCAL,2,97,ATU5,792,1168,False,-77.525548571654909,77.715935168480939,-13.307259395648755,64.894610721116877,-73.923371666775168,73.923371666775168,24.959569479797718
1168,GRU_LOCAL,2,97,MJ3,792,1168,False,-99.412299790104115,99.518233059630958,-13.076910310752266,86.670451298199339,-100.9836890478674,100.9836890478674,45.930875039424137
1168,GRU_LOCAL,2,97,MJ1,792,1168,False,-101.79751298223334,102.04081060767794,-13.810677007766808,88.45391097448038,-96.970694561070246,96.970694561070246,34.827148448598578
1168,GRU_LOCAL,2,97,ATU1,792,792,True,-73.212886972888867,73.309125284674963,-36.464028182254708,36.947025088955492,-70.602341539675606,70.602341539675606,26.464840065054798
1168,GRU_LOCAL,2,97,ATU5,792,792,True,-77.525548571654909,77.715935168480939,-38.266828875446471,39.629329232087507,-73.923371666775168,73.923371666775168,24.959569479797718
1168,GRU_LOCAL,2,97,MJ3,792,792,True,-99.412299790104115,99.518233059630958,-59.007785350176405,40.630895775955558,-100.9836890478674,100.9836890478674,45.930875039424137
1168,GRU_LOCAL,2,97,MJ1,792,792,True,-101.79751298223334,102.04081060767794,-48.637825456365391,53.55260346894341,-96.970694561070246,96.970694561070246,34.827148448598578
1168,GRU_LOCAL,ensemble,97,ATU1,1168,1168,True,-2.6105454332132707,2.8970077854703575,-8.3336251947226714,7.6631279974694495,-70.602341539675606,70.602341539675606,27.168564528268657
1168,GRU_LOCAL,ensemble,97,ATU5,1168,1168,True,-3.602176904879737,4.6145529647169354,-11.147077052671376,10.597861668562484,-73.923371666775168,73.923371666775168,25.727480360055154
1168,GRU_LOCAL,ensemble,97,MJ3,1168,1168,True,1.571389257763314,1.6314000677056413,-9.9563082003793681,11.885920633840675,-100.9836890478674,100.9836890478674,46.088010855996565
1168,GRU_LOCAL,ensemble,97,MJ1,1168,1168,True,-4.8268184211630887,5.4743305616201088,-10.284849480955154,7.0884814337310615,-96.970694561070246,96.970694561070246,34.74307008033923
1168,GRU_LOCAL,ensemble,97,ATU1,1168,792,False,-2.6105454332132707,2.8970077854703575,-35.502189722991332,32.961972552968376,-70.602341539675606,70.602341539675606,27.168564528268657
1168,GRU_LOCAL,ensemble,97,ATU5,1168,792,False,-3.602176904879737,4.6145529647169354,-36.874557412726524,33.474648438196851,-73.923371666775168,73.923371666775168,25.727480360055154
1168,GRU_LOCAL,ensemble,97,MJ3,1168,792,False,1.571389257763314,1.6314000677056413,-56.044319056375933,57.665012249173081,-100.9836890478674,100.9836890478674,46.088010855996565
1168,GRU_LOCAL,ensemble,97,MJ1,1168,792,False,-4.8268184211630887,5.4743305616201088,-45.027919561294382,40.314967906522007,-96.970694561070246,96.970694561070246,34.74307008033923
1168,GRU_LOCAL,ensemble,97,ATU1,792,1168,False,-73.212886972888867,73.309125284674963,-8.3336251947226714,65.320316863872037,-70.602341539675606,70.602341539675606,27.168564528268657
1168,GRU_LOCAL,ensemble,97,ATU5,792,1168,False,-77.525548571654909,77.715935168480939,-11.147077052671376,67.121235931662895,-73.923371666775168,73.923371666775168,25.727480360055154
1168,GRU_LOCAL,ensemble,97,MJ3,792,1168,False,-99.412299790104115,99.518233059630958,-9.9563082003793681,89.764418563913466,-100.9836890478674,100.9836890478674,46.088010855996565
1168,GRU_LOCAL,ensemble,97,MJ1,792,1168,False,-101.79751298223334,102.04081060767794,-10.284849480955154,91.950343648136808,-96.970694561070246,96.970694561070246,34.74307008033923
1168,GRU_LOCAL,ensemble,97,ATU1,792,792,True,-73.212886972888867,73.309125284674963,-35.502189722991332,37.964450490752959,-70.602341539675606,70.602341539675606,27.168564528268657
1168,GRU_LOCAL,ensemble,97,ATU5,792,792,True,-77.525548571654909,77.715935168480939,-36.874557412726524,41.099259346087031,-73.923371666775168,73.923371666775168,25.727480360055154
1168,GRU_LOCAL,ensemble,97,MJ3,792,792,True,-99.412299790104115,99.518233059630958,-56.044319056375933,43.651537061098828,-100.9836890478674,100.9836890478674,46.088010855996565
1168,GRU_LOCAL,ensemble,97,MJ1,792,792,True,-101.79751298223334,102.04081060767794,-45.027919561294382,57.179658556912187,-96.970694561070246,96.970694561070246,34.74307008033923
1168,GRU_GRAPH,0,97,ATU1,1168,1168,True,-2.6105454332132707,2.8970077854703575,-8.7660564271628481,8.0906142946343174,-70.602341539675606,70.602341539675606,25.169158205689836
1168,GRU_GRAPH,0,97,ATU5,1168,1168,True,-3.602176904879737,4.6145529647169354,-13.863242161857217,12.915408551234313,-73.923371666775168,73.923371666775168,22.550828541953152
1168,GRU_GRAPH,0,97,MJ3,1168,1168,True,1.571389257763314,1.6314000677056413,-8.829512451954276,10.91487811510471,-100.9836890478674,100.9836890478674,43.681831709832743
1168,GRU_GRAPH,0,97,MJ1,1168,1168,True,-4.8268184211630887,5.4743305616201088,-8.6030079510013415,5.9904358922460013,-96.970694561070246,96.970694561070246,32.305421789278924
1168,GRU_GRAPH,0,97,ATU1,1168,792,False,-2.6105454332132707,2.8970077854703575,-33.935214632852684,31.449249585888058,-70.602341539675606,70.602341539675606,25.169158205689836
1168,GRU_GRAPH,0,97,ATU5,1168,792,False,-3.602176904879737,4.6145529647169354,-36.414070703810367,33.127760714631606,-73.923371666775168,73.923371666775168,22.550828541953152
1168,GRU_GRAPH,0,97,MJ3,1168,792,False,1.571389257763314,1.6314000677056413,-52.511344161787015,54.199688767693353,-100.9836890478674,100.9836890478674,43.681831709832743
1168,GRU_GRAPH,0,97,MJ1,1168,792,False,-4.8268184211630887,5.4743305616201088,-40.908429740280269,36.297119559188616,-96.970694561070246,96.970694561070246,32.305421789278924
1168,GRU_GRAPH,0,97,ATU1,792,1168,False,-73.212886972888867,73.309125284674963,-8.7660564271628481,64.90224789076575,-70.602341539675606,70.602341539675606,25.169158205689836
1168,GRU_GRAPH,0,97,ATU5,792,1168,False,-77.525548571654909,77.715935168480939,-13.863242161857217,64.494482939989581,-73.923371666775168,73.923371666775168,22.550828541953152
1168,GRU_GRAPH,0,97,MJ3,792,1168,False,-99.412299790104115,99.518233059630958,-8.829512451954276,90.912713519290989,-100.9836890478674,100.9836890478674,43.681831709832743
1168,GRU_GRAPH,0,97,MJ1,792,1168,False,-101.79751298223334,102.04081060767794,-8.6030079510013415,93.634486465982803,-96.970694561070246,96.970694561070246,32.305421789278924
1168,GRU_GRAPH,0,97,ATU1,792,792,True,-73.212886972888867,73.309125284674963,-33.935214632852684,39.585880372062817,-70.602341539675606,70.602341539675606,25.169158205689836
1168,GRU_GRAPH,0,97,ATU5,792,792,True,-77.525548571654909,77.715935168480939,-36.414070703810367,41.683331264480259,-73.923371666775168,73.923371666775168,22.550828541953152
1168,GRU_GRAPH,0,97,MJ3,792,792,True,-99.412299790104115,99.518233059630958,-52.511344161787015,47.275181116810323,-100.9836890478674,100.9836890478674,43.681831709832743
1168,GRU_GRAPH,0,97,MJ1,792,792,True,-101.79751298223334,102.04081060767794,-40.908429740280269,61.36037929089553,-96.970694561070246,96.970694561070246,32.305421789278924
1168,GRU_GRAPH,1,97,ATU1,1168,1168,True,-2.6105454332132707,2.8970077854703575,-6.2307563286345768,6.7088957175159099,-70.602341539675606,70.602341539675606,29.609869571627993
1168,GRU_GRAPH,1,97,ATU5,1168,1168,True,-3.602176904879737,4.6145529647169354,-6.1916606404103369,8.1924427218861666,-73.923371666775168,73.923371666775168,29.431972498323418
1168,GRU_GRAPH,1,97,MJ3,1168,1168,True,1.571389257763314,1.6314000677056413,-7.676787177302967,9.5377745285856648,-100.9836890478674,100.9836890478674,48.886045904451066
1168,GRU_GRAPH,1,97,MJ1,1168,1168,True,-4.8268184211630887,5.4743305616201088,-8.1246583758230724,5.3940440449231755,-96.970694561070246,96.970694561070246,37.193700711648908
1168,GRU_GRAPH,1,97,ATU1,1168,792,False,-2.6105454332132707,2.8970077854703575,-35.840625900262573,33.317906228917863,-70.602341539675606,70.602341539675606,29.609869571627993
1168,GRU_GRAPH,1,97,ATU5,1168,792,False,-3.602176904879737,4.6145529647169354,-35.623633138733759,32.257099114525651,-73.923371666775168,73.923371666775168,29.431972498323418
1168,GRU_GRAPH,1,97,MJ3,1168,792,False,1.571389257763314,1.6314000677056413,-56.562833081754022,58.168113908014455,-100.9836890478674,100.9836890478674,48.886045904451066
1168,GRU_GRAPH,1,97,MJ1,1168,792,False,-4.8268184211630887,5.4743305616201088,-45.31835908747199,40.57331526772969,-96.970694561070246,96.970694561070246,37.193700711648908
1168,GRU_GRAPH,1,97,ATU1,792,1168,False,-73.212886972888867,73.309125284674963,-6.2307563286345768,67.469372219856638,-70.602341539675606,70.602341539675606,29.609869571627993
1168,GRU_GRAPH,1,97,ATU5,792,1168,False,-77.525548571654909,77.715935168480939,-6.1916606404103369,72.061553652347783,-73.923371666775168,73.923371666775168,29.431972498323418
1168,GRU_GRAPH,1,97,MJ3,792,1168,False,-99.412299790104115,99.518233059630958,-7.676787177302967,91.990168064964422,-100.9836890478674,100.9836890478674,48.886045904451066
1168,GRU_GRAPH,1,97,MJ1,792,1168,False,-101.79751298223334,102.04081060767794,-8.1246583758230724,94.076382627942436,-96.970694561070246,96.970694561070246,37.193700711648908
1168,GRU_GRAPH,1,97,ATU1,792,792,True,-73.212886972888867,73.309125284674963,-35.840625900262573,37.65629109479886,-70.602341539675606,70.602341539675606,29.609869571627993
1168,GRU_GRAPH,1,97,ATU5,792,792,True,-77.525548571654909,77.715935168480939,-35.623633138733759,42.346929097379167,-73.923371666775168,73.923371666775168,29.431972498323418
1168,GRU_GRAPH,1,97,MJ3,792,792,True,-99.412299790104115,99.518233059630958,-56.562833081754022,43.117078422362759,-100.9836890478674,100.9836890478674,48.886045904451066
1168,GRU_GRAPH,1,97,MJ1,792,792,True,-101.79751298223334,102.04081060767794,-45.31835908747199,56.853584720251909,-96.970694561070246,96.970694561070246,37.193700711648908
1168,GRU_GRAPH,2,97,ATU1,1168,1168,True,-2.6105454332132707,2.8970077854703575,-10.388743515714083,8.954184096320061,-70.602341539675606,70.602341539675606,26.002059160101012
1168,GRU_GRAPH,2,97,ATU5,1168,1168,True,-3.602176904879737,4.6145529647169354,-14.120491257919413,12.463914103225218,-73.923371666775168,73.923371666775168,24.513432875866549
1168,GRU_GRAPH,2,97,MJ3,1168,1168,True,1.571389257763314,1.6314000677056413,-13.182013586857705,15.058364519317999,-100.9836890478674,100.9836890478674,46.15188059455734
1168,GRU_GRAPH,2,97,MJ1,1168,1168,True,-4.8268184211630887,5.4743305616201088,-13.843620158705709,10.136880756941299,-96.970694561070246,96.970694561070246,34.737792871747061
1168,GRU_GRAPH,2,97,ATU1,1168,792,False,-2.6105454332132707,2.8970077854703575,-36.390802675815095,33.813606891711714,-70.602341539675606,70.602341539675606,26.002059160101012
1168,GRU_GRAPH,2,97,ATU5,1168,792,False,-3.602176904879737,4.6145529647169354,-38.63392413378596,35.146864381910042,-73.923371666775168,73.923371666775168,24.513432875866549
1168,GRU_GRAPH,2,97,MJ3,1168,792,False,1.571389257763314,1.6314000677056413,-59.33389418141504,60.925362478880331,-100.9836890478674,100.9836890478674,46.15188059455734
1168,GRU_GRAPH,2,97,MJ1,1168,792,False,-4.8268184211630887,5.4743305616201088,-48.581413030452765,43.82344689512076,-96.970694561070246,96.970694561070246,34.737792871747061
1168,GRU_GRAPH,2,97,ATU1,792,1168,False,-73.212886972888867,73.309125284674963,-10.388743515714083,63.208413878380043,-70.602341539675606,70.602341539675606,26.002059160101012
1168,GRU_GRAPH,2,97,ATU5,792,1168,False,-77.525548571654909,77.715935168480939,-14.120491257919413,64.07584213438102,-73.923371666775168,73.923371666775168,24.513432875866549
1168,GRU_GRAPH,2,97,MJ3,792,1168,False,-99.412299790104115,99.518233059630958,-13.182013586857705,86.566748552661551,-100.9836890478674,100.9836890478674,46.15188059455734
1168,GRU_GRAPH,2,97,MJ1,792,1168,False,-101.79751298223334,102.04081060767794,-13.843620158705709,88.418497378007459,-96.970694561070246,96.970694561070246,34.737792871747061
1168,GRU_GRAPH,2,97,ATU1,792,792,True,-73.212886972888867,73.309125284674963,-36.390802675815095,37.009824990137325,-70.602341539675606,70.602341539675606,26.002059160101012
1168,GRU_GRAPH,2,97,ATU5,792,792,True,-77.525548571654909,77.715935168480939,-38.63392413378596,39.252424759113488,-73.923371666775168,73.923371666775168,24.513432875866549
1168,GRU_GRAPH,2,97,MJ3,792,792,True,-99.412299790104115,99.518233059630958,-59.33389418141504,40.302030831389985,-100.9836890478674,100.9836890478674,46.15188059455734
1168,GRU_GRAPH,2,97,MJ1,792,792,True,-101.79751298223334,102.04081060767794,-48.581413030452765,53.597667920000127,-96.970694561070246,96.970694561070246,34.737792871747061
1168,GRU_GRAPH,ensemble,97,ATU1,1168,1168,True,-2.6105454332132707,2.8970077854703575,-8.4618520905038359,7.7236953453622048,-70.602341539675606,70.602341539675606,26.927028979139621
1168,GRU_GRAPH,ensemble,97,ATU5,1168,1168,True,-3.602176904879737,4.6145529647169354,-11.391798020062323,10.704834010447192,-73.923371666775168,73.923371666775168,25.498744638714371
1168,GRU_GRAPH,ensemble,97,MJ3,1168,1168,True,1.571389257763314,1.6314000677056413,-9.8961044053716467,11.815257062030801,-100.9836890478674,100.9836890478674,46.239919402947045
1168,GRU_GRAPH,ensemble,97,MJ1,1168,1168,True,-4.8268184211630887,5.4743305616201088,-10.19042882851004,6.9900872138053609,-96.970694561070246,96.970694561070246,34.7456384575583
1168,GRU_GRAPH,ensemble,97,ATU1,1168,792,False,-2.6105454332132707,2.8970077854703575,-35.388881069643453,32.847122351151683,-70.602341539675606,70.602341539675606,26.927028979139621
1168,GRU_GRAPH,ensemble,97,ATU5,1168,792,False,-3.602176904879737,4.6145529647169354,-36.890542658776702,33.48778923878892,-73.923371666775168,73.923371666775168,25.498744638714371
1168,GRU_GRAPH,ensemble,97,MJ3,1168,792,False,1.571389257763314,1.6314000677056413,-56.136023808318697,57.752675878544018,-100.9836890478674,100.9836890478674,46.239919402947045
1168,GRU_GRAPH,ensemble,97,MJ1,1168,792,False,-4.8268184211630887,5.4743305616201088,-44.936067286068337,40.218769388409186,-96.970694561070246,96.970694561070246,34.7456384575583
1168,GRU_GRAPH,ensemble,97,ATU1,792,1168,False,-73.212886972888867,73.309125284674963,-8.4618520905038359,65.187021277645513,-70.602341539675606,70.602341539675606,26.927028979139621
1168,GRU_GRAPH,ensemble,97,ATU5,792,1168,False,-77.525548571654909,77.715935168480939,-11.391798020062323,66.864606364207717,-73.923371666775168,73.923371666775168,25.498744638714371
1168,GRU_GRAPH,ensemble,97,MJ3,792,1168,False,-99.412299790104115,99.518233059630958,-9.8961044053716467,89.820297082830947,-100.9836890478674,100.9836890478674,46.239919402947045
1168,GRU_GRAPH,ensemble,97,MJ1,792,1168,False,-101.79751298223334,102.04081060767794,-10.19042882851004,92.040679549214815,-96.970694561070246,96.970694561070246,34.7456384575583
1168,GRU_GRAPH,ensemble,97,ATU1,792,792,True,-73.212886972888867,73.309125284674963,-35.388881069643453,38.074783798383827,-70.602341539675606,70.602341539675606,26.927028979139621
1168,GRU_GRAPH,ensemble,97,ATU5,792,792,True,-77.525548571654909,77.715935168480939,-36.890542658776702,41.079355698967028,-73.923371666775168,73.923371666775168,25.498744638714371
1168,GRU_GRAPH,ensemble,97,MJ3,792,792,True,-99.412299790104115,99.518233059630958,-56.136023808318697,43.555933665899303,-100.9836890478674,100.9836890478674,46.239919402947045
1168,GRU_GRAPH,ensemble,97,MJ1,792,792,True,-101.79751298223334,102.04081060767794,-44.936067286068337,57.267254122532258,-96.970694561070246,96.970694561070246,34.7456384575583
1168,COND_ATTN,0,97,ATU1,1168,1168,True,-2.6105454332132707,2.8970077854703575,-8.1649808370586765,5.9528032066331669,-70.602341539675606,70.602341539675606,20.153455770075077
1168,COND_ATTN,0,97,ATU5,1168,1168,True,-3.602176904879737,4.6145529647169354,8.3607683003595579,13.692361872133826,-73.923371666775168,73.923371666775168,43.207168801025603
1168,COND_ATTN,0,97,MJ3,1168,1168,True,1.571389257763314,1.6314000677056413,-37.67193183807553,39.397314979221761,-100.9836890478674,100.9836890478674,11.423175574896703
1168,COND_ATTN,0,97,MJ1,1168,1168,True,-4.8268184211630887,5.4743305616201088,-31.987555349924939,27.510902241571987,-96.970694561070246,96.970694561070246,6.4745413768548836
1168,COND_ATTN,0,97,ATU1,1168,792,False,-2.6105454332132707,2.8970077854703575,-28.318436607133751,25.827494167346604,-70.602341539675606,70.602341539675606,20.153455770075077
1168,COND_ATTN,0,97,ATU5,1168,792,False,-3.602176904879737,4.6145529647169354,-34.846400500666043,31.560022909001329,-73.923371666775168,73.923371666775168,43.207168801025603
1168,COND_ATTN,0,97,MJ3,1168,792,False,1.571389257763314,1.6314000677056413,-49.09510741297224,50.757804151580068,-100.9836890478674,100.9836890478674,11.423175574896703
1168,COND_ATTN,0,97,MJ1,1168,792,False,-4.8268184211630887,5.4743305616201088,-38.462096726779819,33.882672405740891,-96.970694561070246,96.970694561070246,6.4745413768548836
1168,COND_ATTN,0,97,ATU1,792,1168,False,-73.212886972888867,73.309125284674963,-8.1649808370586765,65.152872828898055,-70.602341539675606,70.602341539675606,20.153455770075077
1168,COND_ATTN,0,97,ATU5,792,1168,False,-77.525548571654909,77.715935168480939,8.3607683003595579,86.244924575016654,-73.923371666775168,73.923371666775168,43.207168801025603
1168,COND_ATTN,0,97,MJ3,792,1168,False,-99.412299790104115,99.518233059630958,-37.67193183807553,62.008732536670138,-100.9836890478674,100.9836890478674,11.423175574896703
1168,COND_ATTN,0,97,MJ1,792,1168,False,-101.79751298223334,102.04081060767794,-31.987555349924939,70.249007633970479,-96.970694561070246,96.970694561070246,6.4745413768548836
1168,COND_ATTN,0,97,ATU1,792,792,True,-73.212886972888867,73.309125284674963,-28.318436607133751,45.114226964571976,-70.602341539675606,70.602341539675606,20.153455770075077
1168,COND_ATTN,0,97,ATU5,792,792,True,-77.525548571654909,77.715935168480939,-34.846400500666043,43.125529482852855,-73.923371666775168,73.923371666775168,43.207168801025603
1168,COND_ATTN,0,97,MJ3,792,792,True,-99.412299790104115,99.518233059630958,-49.09510741297224,50.596401871088673,-100.9836890478674,100.9836890478674,11.423175574896703
1168,COND_ATTN,0,97,MJ1,792,792,True,-101.79751298223334,102.04081060767794,-38.462096726779819,63.882248462420684,-96.970694561070246,96.970694561070246,6.4745413768548836
1168,COND_ATTN,1,97,ATU1,1168,1168,True,-2.6105454332132707,2.8970077854703575,-19.568106283267227,17.379373592984457,-70.602341539675606,70.602341539675606,9.4086856819153262
1168,COND_ATTN,1,97,ATU5,1168,1168,True,-3.602176904879737,4.6145529647169354,-20.422799689611853,18.67218540108879,-73.923371666775168,73.923371666775168,19.082989331304727
1168,COND_ATTN,1,97,MJ3,1168,1168,True,1.571389257763314,1.6314000677056413,-6.9325176447669268,10.608188723046158,-100.9836890478674,100.9836890478674,31.104531305949145
1168,COND_ATTN,1,97,MJ1,1168,1168,True,-4.8268184211630887,5.4743305616201088,-18.887315014794353,15.213897600359337,-96.970694561070246,96.970694561070246,11.872500653198577
1168,COND_ATTN,1,97,ATU1,1168,792,False,-2.6105454332132707,2.8970077854703575,-28.976791965182553,26.531730292481452,-70.602341539675606,70.602341539675606,9.4086856819153262
1168,COND_ATTN,1,97,ATU5,1168,792,False,-3.602176904879737,4.6145529647169354,-39.505789020916588,36.398223381890553,-73.923371666775168,73.923371666775168,19.082989331304727
1168,COND_ATTN,1,97,MJ3,1168,792,False,1.571389257763314,1.6314000677056413,-38.03704895071607,39.711990398171267,-100.9836890478674,100.9836890478674,31.104531305949145
1168,COND_ATTN,1,97,MJ1,1168,792,False,-4.8268184211630887,5.4743305616201088,-30.759815667992932,26.3380345711081,-96.970694561070246,96.970694561070246,11.872500653198577
1168,COND_ATTN,1,97,ATU1,792,1168,False,-73.212886972888867,73.309125284674963,-19.568106283267227,53.886173614729778,-70.602341539675606,70.602341539675606,9.4086856819153262
1168,COND_ATTN,1,97,ATU5,792,1168,False,-77.525548571654909,77.715935168480939,-20.422799689611853,57.766732447063276,-73.923371666775168,73.923371666775168,19.082989331304727
1168,COND_ATTN,1,97,MJ3,792,1168,False,-99.412299790104115,99.518233059630958,-6.9325176447669268,92.998472574362992,-100.9836890478674,100.9836890478674,31.104531305949145
1168,COND_ATTN,1,97,MJ1,792,1168,False,-101.79751298223334,102.04081060767794,-18.887315014794353,83.507396040653717,-96.970694561070246,96.970694561070246,11.872500653198577
1168,COND_ATTN,1,97,ATU1,792,792,True,-73.212886972888867,73.309125284674963,-28.976791965182553,44.470500188756731,-70.602341539675606,70.602341539675606,9.4086856819153262
1168,COND_ATTN,1,97,ATU5,792,792,True,-77.525548571654909,77.715935168480939,-39.505789020916588,38.637927311873518,-73.923371666775168,73.923371666775168,19.082989331304727
1168,COND_ATTN,1,97,MJ3,792,792,True,-99.412299790104115,99.518233059630958,-38.03704895071607,61.73859809325257,-100.9836890478674,100.9836890478674,31.104531305949145
1168,COND_ATTN,1,97,MJ1,792,792,True,-101.79751298223334,102.04081060767794,-30.759815667992932,71.603528350314832,-96.970694561070246,96.970694561070246,11.872500653198577
1168,COND_ATTN,2,97,ATU1,1168,1168,True,-2.6105454332132707,2.8970077854703575,-13.868171593339227,12.254231062533098,-70.602341539675606,70.602341539675606,18.908579883852834
1168,COND_ATTN,2,97,ATU5,1168,1168,True,-3.602176904879737,4.6145529647169354,-3.1225841877830054,11.52258051906251,-73.923371666775168,73.923371666775168,39.299615257942449
1168,COND_ATTN,2,97,MJ3,1168,1168,True,1.571389257763314,1.6314000677056413,-8.7834306549069634,13.304228028348351,-100.9836890478674,100.9836890478674,23.996061235661582
1168,COND_ATTN,2,97,MJ1,1168,1168,True,-4.8268184211630887,5.4743305616201088,-21.472500998499456,17.834008330747913,-96.970694561070246,96.970694561070246,10.002890385324926
1168,COND_ATTN,2,97,ATU1,1168,792,False,-2.6105454332132707,2.8970077854703575,-32.776751477192064,30.214852104525566,-70.602341539675606,70.602341539675606,18.908579883852834
1168,COND_ATTN,2,97,ATU5,1168,792,False,-3.602176904879737,4.6145529647169354,-42.422199445725454,38.971422187614834,-73.923371666775168,73.923371666775168,39.299615257942449
1168,COND_ATTN,2,97,MJ3,1168,792,False,1.571389257763314,1.6314000677056413,-32.779491890568544,35.319225020396622,-100.9836890478674,100.9836890478674,23.996061235661582
1168,COND_ATTN,2,97,MJ1,1168,792,False,-4.8268184211630887,5.4743305616201088,-31.475391383824391,27.374881186496715,-96.970694561070246,96.970694561070246,10.002890385324926
1168,COND_ATTN,2,97,ATU1,792,1168,False,-73.212886972888867,73.309125284674963,-13.868171593339227,59.575003547437156,-70.602341539675606,70.602341539675606,18.908579883852834
1168,COND_ATTN,2,97,ATU5,792,1168,False,-77.525548571654909,77.715935168480939,-3.1225841877830054,75.26018529536799,-73.923371666775168,73.923371666775168,39.299615257942449
1168,COND_ATTN,2,97,MJ3,792,1168,False,-99.412299790104115,99.518233059630958,-8.7834306549069634,91.423175465297675,-100.9836890478674,100.9836890478674,23.996061235661582
1168,COND_ATTN,2,97,MJ1,792,1168,False,-101.79751298223334,102.04081060767794,-21.472500998499456,81.010086011965896,-96.970694561070246,96.970694561070246,10.002890385324926
1168,COND_ATTN,2,97,ATU1,792,792,True,-73.212886972888867,73.309125284674963,-32.776751477192064,40.562061460812409,-70.602341539675606,70.602341539675606,18.908579883852834
1168,COND_ATTN,2,97,ATU5,792,792,True,-77.525548571654909,77.715935168480939,-42.422199445725454,35.300330363147076,-73.923371666775168,73.923371666775168,39.299615257942449
1168,COND_ATTN,2,97,MJ3,792,792,True,-99.412299790104115,99.518233059630958,-32.779491890568544,67.691320432263993,-100.9836890478674,100.9836890478674,23.996061235661582
1168,COND_ATTN,2,97,MJ1,792,792,True,-101.79751298223334,102.04081060767794,-31.475391383824391,71.112070903856605,-96.970694561070246,96.970694561070246,10.002890385324926
1168,COND_ATTN,ensemble,97,ATU1,1168,1168,True,-2.6105454332132707,2.8970077854703575,-13.86708623788838,11.332593329342359,-70.602341539675606,70.602341539675606,16.156907111947749
1168,COND_ATTN,ensemble,97,ATU5,1168,1168,True,-3.602176904879737,4.6145529647169354,-5.0615385256784338,5.024911107255992,-73.923371666775168,73.923371666775168,33.863257796757594
1168,COND_ATTN,ensemble,97,MJ3,1168,1168,True,1.571389257763314,1.6314000677056413,-17.795960045916477,19.839461969023347,-100.9836890478674,100.9836890478674,22.174589372169141
1168,COND_ATTN,ensemble,97,MJ1,1168,1168,True,-4.8268184211630887,5.4743305616201088,-24.115790454406252,19.832200309077699,-96.970694561070246,96.970694561070246,9.4499774717927973
1168,COND_ATTN,ensemble,97,ATU1,1168,792,False,-2.6105454332132707,2.8970077854703575,-30.023993349836122,27.474234119487619,-70.602341539675606,70.602341539675606,16.156907111947749
1168,COND_ATTN,ensemble,97,ATU5,1168,792,False,-3.602176904879737,4.6145529647169354,-38.92479632243603,35.520635151077713,-73.923371666775168,73.923371666775168,33.863257796757594
1168,COND_ATTN,ensemble,97,MJ3,1168,792,False,1.571389257763314,1.6314000677056413,-39.970549418085618,41.723091395072217,-100.9836890478674,100.9836890478674,22.174589372169141
1168,COND_ATTN,ensemble,97,MJ1,1168,792,False,-4.8268184211630887,5.4743305616201088,-33.565767926199051,29.13289102479704,-96.970694561070246,96.970694561070246,9.4499774717927973
1168,COND_ATTN,ensemble,97,ATU1,792,1168,False,-73.212886972888867,73.309125284674963,-13.86708623788838,59.429049954944588,-70.602341539675606,70.602341539675606,16.156907111947749
1168,COND_ATTN,ensemble,97,ATU5,792,1168,False,-77.525548571654909,77.715935168480939,-5.0615385256784338,72.677658041182383,-73.923371666775168,73.923371666775168,33.863257796757594
1168,COND_ATTN,ensemble,97,MJ3,792,1168,False,-99.412299790104115,99.518233059630958,-17.795960045916477,82.038860708005018,-100.9836890478674,100.9836890478674,22.174589372169141
1168,COND_ATTN,ensemble,97,MJ1,792,1168,False,-101.79751298223334,102.04081060767794,-24.115790454406252,78.197669476209995,-96.970694561070246,96.970694561070246,9.4499774717927973
1168,COND_ATTN,ensemble,97,ATU1,792,792,True,-73.212886972888867,73.309125284674963,-30.023993349836122,43.354241845450552,-70.602341539675606,70.602341539675606,16.156907111947749
1168,COND_ATTN,ensemble,97,ATU5,792,792,True,-77.525548571654909,77.715935168480939,-38.92479632243603,38.920102559770996,-73.923371666775168,73.923371666775168,33.863257796757594
1168,COND_ATTN,ensemble,97,MJ3,792,792,True,-99.412299790104115,99.518233059630958,-39.970549418085618,59.931543685700127,-100.9836890478674,100.9836890478674,22.174589372169141
1168,COND_ATTN,ensemble,97,MJ1,792,792,True,-101.79751298223334,102.04081060767794,-33.565767926199051,68.847652860146141,-96.970694561070246,96.970694561070246,9.4499774717927973
