fold,date,truth_status,actual_level,transition_truth,lag7_actual_level,lag7_state_level,fold_role,estimator,prediction_status,predicted_level,predicted_color,prob_green,prob_blue,prob_yellow,prob_orange,prob_red
1,2018-02-21,valid,2,False,,-1,fit,memory_ngboost,available,2,yellow,0.00195455272178,0.0268502338922,0.966041910368,0.00338964160431,0.001763661414
1,2018-02-22,valid,2,False,,-1,fit,memory_ngboost,available,2,yellow,0.00195455272178,0.0268502338922,0.966041910368,0.00338964160431,0.001763661414
1,2018-02-23,valid,2,False,,-1,fit,memory_ngboost,available,2,yellow,0.00195455272178,0.0268502338922,0.966041910368,0.00338964160431,0.001763661414
1,2018-02-24,valid,2,False,,-1,fit,memory_ngboost,available,2,yellow,0.00195455272178,0.0268502338922,0.966041910368,0.00338964160431,0.001763661414
1,2018-02-25,valid,2,False,,-1,fit,memory_ngboost,available,2,yellow,0.00195455272178,0.0268502338922,0.966041910368,0.00338964160431,0.001763661414
1,2018-02-26,valid,2,False,,-1,fit,memory_ngboost,available,2,yellow,0.00195455272178,0.0268502338922,0.966041910368,0.00338964160431,0.001763661414
1,2018-02-27,valid,2,False,,-1,fit,memory_ngboost,available,2,yellow,0.00195455272178,0.0268502338922,0.966041910368,0.00338964160431,0.001763661414
1,2018-02-28,valid,2,False,2,2,fit,memory_ngboost,available,2,yellow,0.00195609335151,0.026871397951,0.966803369945,0.00251630125196,0.00185283750054
1,2018-03-01,valid,2,False,2,2,fit,memory_ngboost,available,2,yellow,0.00195609335151,0.026871397951,0.966803369945,0.00251630125196,0.00185283750054
1,2018-03-02,valid,2,False,2,2,fit,memory_ngboost,available,2,yellow,0.00194330666621,0.0332325919013,0.960483523077,0.00249985257265,0.00184072578306
1,2018-03-03,valid,1,True,2,2,fit,memory_ngboost,available,1,blue,0.000750325992992,0.67840417987,0.319169562683,0.000965212746152,0.000710718706942
1,2018-03-04,valid,1,False,2,2,fit,memory_ngboost,available,1,blue,0.000750325992992,0.67840417987,0.319169562683,0.000965212746152,0.000710718706942
1,2018-03-05,valid,1,False,2,2,fit,memory_ngboost,available,1,blue,0.00104002814202,0.940337193862,0.0562997665431,0.00133788303806,0.000985128415097
1,2018-03-06,valid,1,False,2,2,fit,memory_ngboost,available,1,blue,0.00104002814202,0.940337193862,0.0562997665431,0.00133788303806,0.000985128415097
1,2018-03-07,valid,1,False,2,2,fit,memory_ngboost,available,1,blue,0.00104002814202,0.940337193862,0.0562997665431,0.00133788303806,0.000985128415097
1,2018-03-08,valid,1,False,2,2,fit,memory_ngboost,available,1,blue,0.00104002814202,0.940337193862,0.0562997665431,0.00133788303806,0.000985128415097
1,2018-03-09,valid,1,False,2,2,fit,memory_ngboost,available,1,blue,0.00104002814202,0.940337193862,0.0562997665431,0.00133788303806,0.000985128415097
1,2018-03-10,valid,1,False,1,1,fit,memory_ngboost,available,1,blue,0.00104002814202,0.940337193862,0.0562997665431,0.00133788303806,0.000985128415097
1,2018-03-11,valid,1,False,1,1,fit,memory_ngboost,available,1,blue,0.00104002814202,0.940337193862,0.0562997665431,0.00133788303806,0.000985128415097
1,2018-03-12,valid,1,False,1,1,fit,memory_ngboost,available,1,blue,0.00104002814202,0.940337193862,0.0562997665431,0.00133788303806,0.000985128415097
1,2018-03-13,valid,1,False,1,1,fit,memory_ngboost,available,1,blue,0.00104002814202,0.940337193862,0.0562997665431,0.00133788303806,0.000985128415097
1,2018-03-14,valid,1,False,1,1,fit,memory_ngboost,available,1,blue,0.00104002814202,0.940337193862,0.0562997665431,0.00133788303806,0.000985128415097
1,2018-03-15,valid,1,False,1,1,fit,memory_ngboost,available,1,blue,0.00147007584909,0.725674897573,0.269571458666,0.00189109261921,0.00139247529251
1,2018-03-16,valid,2,True,1,1,fit,memory_ngboost,available,2,yellow,0.000543271129448,0.215425343167,0.782817932908,0.00069885919408,0.000514593600976
1,2018-03-17,valid,2,False,1,1,fit,memory_ngboost,available,2,yellow,0.000543271129448,0.215425343167,0.782817932908,0.00069885919408,0.000514593600976
1,2018-03-18,valid,2,False,1,1,fit,memory_ngboost,available,2,yellow,0.000543271129448,0.215425343167,0.782817932908,0.00069885919408,0.000514593600976
1,2018-03-19,valid,2,False,1,1,fit,memory_ngboost,available,2,yellow,0.000543354242853,0.215458300438,0.782937693854,0.000545979137485,0.000514672327094
1,2018-03-20,valid,2,False,1,1,fit,memory_ngboost,available,2,yellow,0.000543354242853,0.215458300438,0.782937693854,0.000545979137485,0.000514672327094
1,2018-03-21,valid,2,False,1,1,fit,memory_ngboost,available,2,yellow,0.000581396496418,0.160555707058,0.837754076843,0.000584205169696,0.00052461443252
1,2018-03-22,valid,2,False,1,1,fit,memory_ngboost,available,2,yellow,0.000581396496418,0.160555707058,0.837754076843,0.000584205169696,0.00052461443252
1,2018-03-23,valid,2,False,2,2,fit,memory_ngboost,available,2,yellow,0.000688764771889,0.00553295297888,0.992464693528,0.000692092131481,0.000621496589969
1,2018-03-24,valid,2,False,2,2,fit,memory_ngboost,available,2,yellow,0.000688764771889,0.00553295297888,0.992464693528,0.000692092131481,0.000621496589969
1,2018-03-25,valid,2,False,2,2,fit,memory_ngboost,available,2,yellow,0.000483501174588,0.00388403904122,0.696693362731,0.298502817,0.000436280053099
1,2018-03-26,valid,3,True,2,2,fit,memory_ngboost,available,3,orange,0.00013726481777,0.00104099807622,0.0170724900883,0.981625388162,0.000123858855227
1,2018-03-27,valid,3,False,2,2,fit,memory_ngboost,available,3,orange,0.00013726481777,0.00104099807622,0.0170724900883,0.981625388162,0.000123858855227
1,2018-03-28,valid,3,False,2,2,fit,memory_ngboost,available,3,orange,0.00013726481777,0.00104099807622,0.0170724900883,0.981625388162,0.000123858855227
1,2018-03-29,valid,3,False,2,2,fit,memory_ngboost,available,3,orange,0.00013726481777,0.00104099807622,0.0170724900883,0.981625388162,0.000123858855227
1,2018-03-30,valid,3,False,2,2,fit,memory_ngboost,available,3,orange,0.00013726481777,0.00104099807622,0.0170724900883,0.981625388162,0.000123858855227
1,2018-03-31,valid,3,False,2,2,fit,memory_ngboost,available,3,orange,0.00013726481777,0.00104099807622,0.0170724900883,0.981625388162,0.000123858855227
1,2018-04-01,valid,3,False,2,2,fit,memory_ngboost,available,3,orange,0.00013726481777,0.00104099807622,0.0170724900883,0.981625388162,0.000123858855227
1,2018-04-02,valid,3,False,3,3,fit,memory_ngboost,available,3,orange,0.000137370222743,0.000273902407639,0.0170855999689,0.982379173435,0.000123953965828
1,2018-04-03,valid,3,False,3,3,fit,memory_ngboost,available,3,orange,0.000137367993722,0.000290124340873,0.0170853227315,0.982363232979,0.000123951954504
1,2018-04-04,valid,3,False,3,3,fit,memory_ngboost,available,3,orange,0.000137367993722,0.000290124340873,0.0170853227315,0.982363232979,0.000123951954504
1,2018-04-05,valid,3,False,3,3,fit,memory_ngboost,available,3,orange,0.000137367993722,0.000290124340873,0.0170853227315,0.982363232979,0.000123951954504
1,2018-04-06,valid,3,False,3,3,fit,memory_ngboost,available,3,orange,0.000139736237145,0.000295126125083,0.000139736237145,0.999299312497,0.000126088903534
1,2018-04-07,valid,3,False,3,3,fit,memory_ngboost,available,3,orange,0.000139736237145,0.000295126125083,0.000139736237145,0.999299312497,0.000126088903534
1,2018-04-08,valid,3,False,3,3,fit,memory_ngboost,available,3,orange,0.000139736237145,0.000295126125083,0.000139736237145,0.999299312497,0.000126088903534
1,2018-04-09,valid,3,False,3,3,fit,memory_ngboost,available,3,orange,0.000139736237145,0.000295126125083,0.000139736237145,0.999299312497,0.000126088903534
1,2018-04-10,valid,3,False,3,3,fit,memory_ngboost,available,3,orange,0.000165942788411,0.000350474960037,0.000165942788411,0.999151696675,0.000165942788411
1,2018-04-11,valid,3,False,3,3,fit,memory_ngboost,available,3,orange,0.0675647204762,0.142698233142,0.0675647204762,0.654607605429,0.0675647204762
1,2018-04-12,valid,4,True,3,3,fit,memory_ngboost,available,4,red,8.22373695438e-05,0.000173687203165,8.22373695438e-05,0.000624143626054,0.999037694432
1,2018-04-13,valid,4,False,3,3,fit,memory_ngboost,available,4,red,8.22373695438e-05,0.000173687203165,8.22373695438e-05,0.000624143626054,0.999037694432
1,2018-04-14,valid,4,False,3,3,fit,memory_ngboost,available,4,red,8.22373695438e-05,0.000173687203165,8.22373695438e-05,0.000624143626054,0.999037694432
1,2018-04-15,valid,4,False,3,3,fit,memory_ngboost,available,4,red,8.22373695438e-05,0.000173687203165,8.22373695438e-05,0.000624143626054,0.999037694432
1,2018-04-16,valid,4,False,3,3,fit,memory_ngboost,available,4,red,8.22373695438e-05,0.000173687203165,8.22373695438e-05,0.000624143626054,0.999037694432
1,2018-04-17,valid,4,False,3,3,fit,memory_ngboost,available,4,red,8.22779660128e-05,0.000173772943835,8.22779660128e-05,0.000130801837233,0.999530869287
1,2018-04-18,valid,4,False,3,3,fit,memory_ngboost,available,4,red,8.41146871065e-05,0.000177652140744,8.41146871065e-05,0.000133721774431,0.999520396711
1,2018-04-19,valid,4,False,4,4,fit,memory_ngboost,available,4,red,8.41146871065e-05,0.000177652140744,8.41146871065e-05,0.000133721774431,0.999520396711
1,2018-04-20,valid,4,False,4,4,fit,memory_ngboost,available,4,red,8.41155228712e-05,0.00016771789238,8.41155228712e-05,0.000133723103092,0.999530327959
1,2018-04-21,valid,4,False,4,4,fit,memory_ngboost,available,4,red,8.41155228712e-05,0.00016771789238,8.41155228712e-05,0.000133723103092,0.999530327959
1,2018-04-22,valid,4,False,4,4,fit,memory_ngboost,available,4,red,8.41146871065e-05,0.000177652140744,8.41146871065e-05,0.000133721774431,0.999520396711
1,2018-04-23,valid,4,False,4,4,fit,memory_ngboost,available,4,red,8.41155228712e-05,0.00016771789238,8.41155228712e-05,0.000133723103092,0.999530327959
1,2018-04-24,valid,4,False,4,4,fit,memory_ngboost,available,4,red,8.41155228712e-05,0.00016771789238,8.41155228712e-05,0.000133723103092,0.999530327959
1,2018-04-25,valid,4,False,4,4,fit,memory_ngboost,available,4,red,8.41155228712e-05,0.00016771789238,8.41155228712e-05,0.000133723103092,0.999530327959
1,2018-04-26,valid,4,False,4,4,fit,memory_ngboost,available,4,red,8.41155228712e-05,0.00016771789238,8.41155228712e-05,0.000133723103092,0.999530327959
1,2018-04-27,valid,4,False,4,4,fit,memory_ngboost,available,4,red,8.41008025999e-05,0.000342689193272,8.41008025999e-05,0.000133699701462,0.9993554095
1,2018-04-28,valid,4,False,4,4,fit,memory_ngboost,available,4,red,8.41008025999e-05,0.000342689193272,8.41008025999e-05,0.000133699701462,0.9993554095
1,2018-04-29,valid,4,False,4,4,fit,memory_ngboost,available,4,red,8.41008025999e-05,0.000342689193272,8.41008025999e-05,0.000133699701462,0.9993554095
1,2018-04-30,valid,4,False,4,4,fit,memory_ngboost,available,4,red,8.41008025999e-05,0.000342689193272,8.41008025999e-05,0.000133699701462,0.9993554095
1,2018-05-01,valid,4,False,4,4,fit,memory_ngboost,available,4,red,8.41008025999e-05,0.000342689193272,8.41008025999e-05,0.000133699701462,0.9993554095
1,2018-05-02,valid,4,False,4,4,fit,memory_ngboost,available,4,red,8.40990952422e-05,0.000362983560573,8.40990952422e-05,0.000133696987181,0.999335121262
1,2018-05-03,valid,4,False,4,4,fit,memory_ngboost,available,4,red,8.40990952422e-05,0.000362983560573,8.40990952422e-05,0.000133696987181,0.999335121262
1,2018-05-04,valid,4,False,4,4,fit,memory_ngboost,available,4,red,8.40990952422e-05,0.000362983560573,8.40990952422e-05,0.000133696987181,0.999335121262
1,2018-05-05,valid,4,False,4,4,fit,memory_ngboost,available,4,red,8.41146871065e-05,0.000177652140744,8.41146871065e-05,0.000133721774431,0.999520396711
1,2018-05-06,valid,4,False,4,4,fit,memory_ngboost,available,4,red,8.41146871065e-05,0.000177652140744,8.41146871065e-05,0.000133721774431,0.999520396711
1,2018-05-07,valid,4,False,4,4,fit,memory_ngboost,available,4,red,8.41146871065e-05,0.000177652140744,8.41146871065e-05,0.000133721774431,0.999520396711
1,2018-05-08,valid,4,False,4,4,fit,memory_ngboost,available,4,red,8.41146871065e-05,0.000177652140744,8.41146871065e-05,0.000133721774431,0.999520396711
1,2018-05-09,valid,4,False,4,4,fit,memory_ngboost,available,4,red,8.41146871065e-05,0.000177652140744,8.41146871065e-05,0.000133721774431,0.999520396711
1,2018-05-10,valid,4,False,4,4,fit,memory_ngboost,available,4,red,8.41146871065e-05,0.000177652140744,8.41146871065e-05,0.000133721774431,0.999520396711
1,2018-05-11,valid,4,False,4,4,fit,memory_ngboost,available,4,red,8.41146871065e-05,0.000177652140744,8.41146871065e-05,0.000133721774431,0.999520396711
1,2018-05-12,valid,4,False,4,4,fit,memory_ngboost,available,4,red,8.41155228712e-05,0.00016771789238,8.41155228712e-05,0.000133723103092,0.999530327959
1,2018-05-13,valid,4,False,4,4,fit,memory_ngboost,available,4,red,8.41155228712e-05,0.00016771789238,8.41155228712e-05,0.000133723103092,0.999530327959
1,2018-05-14,valid,4,False,4,4,fit,memory_ngboost,available,4,red,8.41155228712e-05,0.00016771789238,8.41155228712e-05,0.000133723103092,0.999530327959
1,2018-05-15,valid,4,False,4,4,fit,memory_ngboost,available,4,red,8.41155228712e-05,0.00016771789238,8.41155228712e-05,0.000133723103092,0.999530327959
1,2018-05-16,valid,4,False,4,4,fit,memory_ngboost,available,4,red,8.41155228712e-05,0.00016771789238,8.41155228712e-05,0.000133723103092,0.999530327959
1,2018-05-17,valid,4,False,4,4,fit,memory_ngboost,available,4,red,8.41155228712e-05,0.00016771789238,8.41155228712e-05,0.000133723103092,0.999530327959
1,2018-05-18,valid,4,False,4,4,fit,memory_ngboost,available,4,red,8.41155228712e-05,0.00016771789238,8.41155228712e-05,0.000133723103092,0.999530327959
1,2018-05-19,valid,4,False,4,4,fit,memory_ngboost,available,4,red,8.41155228712e-05,0.00016771789238,8.41155228712e-05,0.000133723103092,0.999530327959
1,2018-05-20,valid,4,False,4,4,fit,memory_ngboost,available,4,red,8.41155228712e-05,0.00016771789238,8.41155228712e-05,0.000133723103092,0.999530327959
1,2018-05-21,valid,4,False,4,4,fit,memory_ngboost,available,4,red,8.41155228712e-05,0.00016771789238,8.41155228712e-05,0.000133723103092,0.999530327959
1,2018-05-22,valid,4,False,4,4,fit,memory_ngboost,available,4,red,8.41155228712e-05,0.00016771789238,8.41155228712e-05,0.000133723103092,0.999530327959
1,2018-05-23,valid,4,False,4,4,fit,memory_ngboost,available,4,red,8.41155228712e-05,0.00016771789238,8.41155228712e-05,0.000133723103092,0.999530327959
1,2018-05-24,valid,4,False,4,4,fit,memory_ngboost,available,4,red,8.41155228712e-05,0.00016771789238,8.41155228712e-05,0.000133723103092,0.999530327959
1,2018-05-25,valid,4,False,4,4,fit,memory_ngboost,available,4,red,8.41155228712e-05,0.00016771789238,8.41155228712e-05,0.000133723103092,0.999530327959
1,2018-05-26,valid,4,False,4,4,fit,memory_ngboost,available,4,red,8.41155228712e-05,0.00016771789238,8.41155228712e-05,0.000133723103092,0.999530327959
1,2018-05-27,valid,4,False,4,4,fit,memory_ngboost,available,4,red,8.41155228712e-05,0.00016771789238,8.41155228712e-05,0.000133723103092,0.999530327959
1,2018-05-28,valid,4,False,4,4,fit,memory_ngboost,available,4,red,8.41155228712e-05,0.00016771789238,8.41155228712e-05,0.000133723103092,0.999530327959
1,2018-05-29,valid,4,False,4,4,fit,memory_ngboost,available,4,red,8.41155228712e-05,0.00016771789238,8.41155228712e-05,0.000133723103092,0.999530327959
1,2018-05-30,valid,4,False,4,4,fit,memory_ngboost,available,4,red,8.41155228712e-05,0.00016771789238,8.41155228712e-05,0.000133723103092,0.999530327959
1,2018-05-31,valid,4,False,4,4,fit,memory_ngboost,available,4,red,8.41155228712e-05,0.00016771789238,8.41155228712e-05,0.000133723103092,0.999530327959
1,2018-06-01,valid,4,False,4,4,fit,memory_ngboost,available,4,red,7.45710510124e-05,0.000219313524466,7.45710510124e-05,0.000118549727825,0.999512994646
1,2018-06-02,valid,4,False,4,4,fit,memory_ngboost,available,4,red,8.41155228712e-05,0.00016771789238,8.41155228712e-05,0.000133723103092,0.999530327959
1,2018-06-03,valid,4,False,4,4,fit,memory_ngboost,available,4,red,8.41155228712e-05,0.00016771789238,8.41155228712e-05,0.000133723103092,0.999530327959
1,2018-06-04,valid,4,False,4,4,fit,memory_ngboost,available,4,red,8.41155228712e-05,0.00016771789238,8.41155228712e-05,0.000133723103092,0.999530327959
1,2018-06-05,valid,4,False,4,4,fit,memory_ngboost,available,4,red,8.41155228712e-05,0.00016771789238,8.41155228712e-05,0.000133723103092,0.999530327959
1,2018-06-06,valid,4,False,4,4,fit,memory_ngboost,available,4,red,4.93376843824e-05,9.83743803409e-05,4.93376843824e-05,0.0328319166509,0.9669710336
1,2018-06-07,valid,3,True,4,4,fit,memory_ngboost,available,3,orange,0.000314128814662,0.000626341261786,0.000314128814662,0.998461951671,0.000283449437445
1,2018-06-08,valid,3,False,4,4,fit,memory_ngboost,available,3,orange,0.000314128814662,0.000626341261786,0.000314128814662,0.998461951671,0.000283449437445
1,2018-06-09,valid,3,False,4,4,fit,memory_ngboost,available,3,orange,0.000314128814662,0.000626341261786,0.000314128814662,0.998461951671,0.000283449437445
1,2018-06-10,valid,3,False,4,4,fit,memory_ngboost,available,3,orange,0.000314128814662,0.000626341261786,0.000314128814662,0.998461951671,0.000283449437445
1,2018-06-11,valid,3,False,4,4,fit,memory_ngboost,available,3,orange,0.000314128814662,0.000626341261786,0.000314128814662,0.998461951671,0.000283449437445
1,2018-06-12,valid,3,False,4,4,fit,memory_ngboost,available,3,orange,0.000314128814662,0.000626341261786,0.000314128814662,0.998461951671,0.000283449437445
1,2018-06-13,valid,3,False,4,4,fit,memory_ngboost,available,3,orange,0.000314128814662,0.000626341261786,0.000314128814662,0.998461951671,0.000283449437445
1,2018-06-14,valid,3,False,3,3,fit,memory_ngboost,available,3,orange,0.000314128814662,0.000626341261786,0.000314128814662,0.998461951671,0.000283449437445
1,2018-06-15,valid,3,False,3,3,fit,memory_ngboost,available,3,orange,0.000314128814662,0.000626341261786,0.000314128814662,0.998461951671,0.000283449437445
1,2018-06-16,valid,3,False,3,3,fit,memory_ngboost,available,3,orange,0.000314128814662,0.000626341261786,0.000314128814662,0.998461951671,0.000283449437445
1,2018-06-17,valid,3,False,3,3,fit,memory_ngboost,available,3,orange,0.000314128814662,0.000626341261786,0.000314128814662,0.998461951671,0.000283449437445
1,2018-06-18,valid,3,False,3,3,fit,memory_ngboost,available,3,orange,0.000314128814662,0.000626341261786,0.000314128814662,0.998461951671,0.000283449437445
1,2018-06-19,valid,3,False,3,3,fit,memory_ngboost,available,3,orange,0.000314128814662,0.000626341261786,0.000314128814662,0.998461951671,0.000283449437445
1,2018-06-20,valid,3,False,3,3,fit,memory_ngboost,available,3,orange,0.000314128814662,0.000626341261786,0.000314128814662,0.998461951671,0.000283449437445
1,2018-06-21,valid,3,False,3,3,fit,memory_ngboost,available,2,yellow,8.41243371207e-05,0.000167735467107,0.732282085192,0.267390146666,7.59083373422e-05
1,2018-06-22,valid,2,True,3,3,fit,memory_ngboost,available,2,yellow,8.41243371207e-05,0.000167735467107,0.732282085192,0.267390146666,7.59083373422e-05
1,2018-06-23,valid,2,False,3,3,fit,memory_ngboost,available,2,yellow,8.41235011809e-05,0.000177670756271,0.732274808538,0.267387489622,7.59075830444e-05
1,2018-06-24,valid,2,False,3,3,fit,memory_ngboost,available,2,yellow,8.41235011809e-05,0.000177670756271,0.732274808538,0.267387489622,7.59075830444e-05
1,2018-06-25,valid,2,False,3,3,fit,memory_ngboost,available,2,yellow,8.41235011809e-05,0.000177670756271,0.732274808538,0.267387489622,7.59075830444e-05
1,2018-06-26,valid,2,False,3,3,fit,memory_ngboost,available,2,yellow,8.41294630616e-05,0.000106812774853,0.732326705273,0.267406439526,7.59129626583e-05
1,2018-06-27,valid,2,False,3,3,fit,memory_ngboost,available,2,yellow,8.41294630616e-05,0.000106812774853,0.732326705273,0.267406439526,7.59129626583e-05
1,2018-06-28,valid,2,False,3,3,fit,memory_ngboost,available,2,yellow,0.000607336959609,0.00077108950379,0.998345193547,0.000223159151598,5.32208376306e-05
1,2018-06-29,valid,2,False,2,2,fit,memory_ngboost,available,1,blue,0.0778481887476,0.516764308938,0.369961234858,0.0286044435128,0.00682182394407
1,2018-06-30,valid,1,True,2,2,fit,memory_ngboost,available,1,blue,0.0613307370095,0.866783309859,0.0439762595658,0.0225352911945,0.00537440237171
1,2018-07-01,valid,1,False,2,2,fit,memory_ngboost,available,1,blue,0.00201693000669,0.995619019877,0.00144620857053,0.000741098301371,0.000176743243927
1,2018-07-02,valid,1,False,2,2,fit,memory_ngboost,available,1,blue,0.00163963609533,0.99643854119,0.00117567578734,0.00060246588681,0.000143681040685
1,2018-07-03,valid,1,False,2,2,fit,memory_ngboost,available,1,blue,0.00203934681041,0.995570328266,0.00146228219409,0.000749335104386,0.000178707624741
1,2018-07-04,valid,1,False,2,2,fit,memory_ngboost,available,1,blue,0.00216458955111,0.997610588702,2.89823990001e-05,6.15672288922e-06,0.000189682625458
1,2018-07-05,valid,1,False,2,2,fit,memory_ngboost,available,1,blue,0.00203934681041,0.995570328266,0.00146228219409,0.000749335104386,0.000178707624741
1,2018-07-06,valid,1,False,2,2,fit,memory_ngboost,available,1,blue,0.00203934681041,0.995570328266,0.00146228219409,0.000749335104386,0.000178707624741
1,2018-07-07,valid,1,False,1,1,fit,memory_ngboost,available,1,blue,0.00203934681041,0.995570328266,0.00146228219409,0.000749335104386,0.000178707624741
1,2018-07-08,valid,1,False,1,1,fit,memory_ngboost,available,1,blue,0.00203934681041,0.995570328266,0.00146228219409,0.000749335104386,0.000178707624741
1,2018-07-09,valid,1,False,1,1,fit,memory_ngboost,available,1,blue,0.00266343532198,0.997073004431,2.25882638099e-05,7.57558549721e-06,0.000233396398108
1,2018-07-10,valid,1,False,1,1,fit,memory_ngboost,available,1,blue,0.00203934681041,0.995570328266,0.00146228219409,0.000749335104386,0.000178707624741
1,2018-07-11,valid,0,True,1,1,fit,memory_ngboost,available,1,blue,0.481801763398,0.514711613673,3.07875050889e-05,6.97924594336e-06,0.00344885617755
1,2018-07-12,valid,0,False,1,1,fit,memory_ngboost,available,0,green,0.770421887274,0.228046208915,0.000223942023637,1.11601165457e-05,0.00129680167051
1,2018-07-13,valid,0,False,1,1,fit,memory_ngboost,available,0,green,0.770421887274,0.228046208915,0.000223942023637,1.11601165457e-05,0.00129680167051
1,2018-07-14,valid,0,False,1,1,fit,memory_ngboost,available,0,green,0.778456024527,0.21753691455,1.22155537174e-05,1.73700171714e-06,0.00399310836731
1,2018-07-15,valid,0,False,1,1,fit,memory_ngboost,available,0,green,0.997436929212,0.00241609502844,4.52617239592e-05,3.28840583815e-05,6.88299770349e-05
1,2018-07-16,valid,0,False,1,1,fit,memory_ngboost,available,0,green,0.997436929212,0.00241609502844,4.52617239592e-05,3.28840583815e-05,6.88299770349e-05
1,2018-07-17,valid,0,False,1,1,fit,memory_ngboost,available,0,green,0.997436929212,0.00241609502844,4.52617239592e-05,3.28840583815e-05,6.88299770349e-05
1,2018-07-18,valid,0,False,0,0,fit,memory_ngboost,available,0,green,0.999726629229,9.23283366715e-05,7.11596883044e-05,7.35157757696e-05,3.6366970143e-05
1,2018-07-19,valid,0,False,0,0,fit,memory_ngboost,available,0,green,0.999726629229,9.23283366715e-05,7.11596883044e-05,7.35157757696e-05,3.6366970143e-05
1,2018-07-20,valid,0,False,0,0,fit,memory_ngboost,available,0,green,0.999726629229,9.23283366715e-05,7.11596883044e-05,7.35157757696e-05,3.6366970143e-05
1,2018-07-21,valid,0,False,0,0,fit,memory_ngboost,available,0,green,0.999726629229,9.23283366715e-05,7.11596883044e-05,7.35157757696e-05,3.6366970143e-05
1,2018-07-22,valid,0,False,0,0,fit,memory_ngboost,available,0,green,0.999726629229,9.23283366715e-05,7.11596883044e-05,7.35157757696e-05,3.6366970143e-05
1,2018-07-23,valid,0,False,0,0,fit,memory_ngboost,available,0,green,0.999726629229,9.23283366715e-05,7.11596883044e-05,7.35157757696e-05,3.6366970143e-05
1,2018-07-24,valid,0,False,0,0,fit,memory_ngboost,available,0,green,0.999726629229,9.23283366715e-05,7.11596883044e-05,7.35157757696e-05,3.6366970143e-05
1,2018-07-25,valid,0,False,0,0,fit,memory_ngboost,available,0,green,0.999726629229,9.23283366715e-05,7.11596883044e-05,7.35157757696e-05,3.6366970143e-05
1,2018-07-26,valid,0,False,0,0,fit,memory_ngboost,available,0,green,0.999726629229,9.23283366715e-05,7.11596883044e-05,7.35157757696e-05,3.6366970143e-05
1,2018-07-27,valid,0,False,0,0,fit,memory_ngboost,available,0,green,0.999726629229,9.23283366715e-05,7.11596883044e-05,7.35157757696e-05,3.6366970143e-05
1,2018-07-28,valid,0,False,0,0,fit,memory_ngboost,available,0,green,0.999726629229,9.23283366715e-05,7.11596883044e-05,7.35157757696e-05,3.6366970143e-05
1,2018-07-29,valid,0,False,0,0,fit,memory_ngboost,available,0,green,0.999726629229,9.23283366715e-05,7.11596883044e-05,7.35157757696e-05,3.6366970143e-05
1,2018-07-30,valid,0,False,0,0,fit,memory_ngboost,available,0,green,0.999726629229,9.23283366715e-05,7.11596883044e-05,7.35157757696e-05,3.6366970143e-05
1,2018-07-31,valid,0,False,0,0,fit,memory_ngboost,available,0,green,0.999726629229,9.23283366715e-05,7.11596883044e-05,7.35157757696e-05,3.6366970143e-05
1,2018-08-01,valid,0,False,0,0,fit,memory_ngboost,available,0,green,0.999726629229,9.23283366715e-05,7.11596883044e-05,7.35157757696e-05,3.6366970143e-05
1,2018-08-02,valid,0,False,0,0,fit,memory_ngboost,available,0,green,0.999726629229,9.23283366715e-05,7.11596883044e-05,7.35157757696e-05,3.6366970143e-05
1,2018-08-03,valid,0,False,0,0,fit,memory_ngboost,available,0,green,0.925067205564,0.0748676758638,5.55589808919e-07,7.27011619992e-07,6.38359706262e-05
1,2018-08-04,valid,0,False,0,0,fit,memory_ngboost,available,0,green,0.928957006527,0.0709776010847,5.5792600002e-07,7.30068620048e-07,6.41043935241e-05
1,2018-08-05,valid,0,False,0,0,fit,memory_ngboost,available,0,green,0.925067205564,0.0748676758638,5.55589808919e-07,7.27011619992e-07,6.38359706262e-05
1,2018-08-06,valid,0,False,0,0,fit,memory_ngboost,available,0,green,0.924396929146,0.0748134289536,1.94195163009e-06,6.79896335622e-06,0.000780900985453
1,2018-08-07,valid,0,False,0,0,fit,memory_ngboost,available,0,green,0.924396929146,0.0748134289536,1.94195163009e-06,6.79896335622e-06,0.000780900985453
1,2018-08-08,valid,1,True,0,0,fit,memory_ngboost,available,1,blue,0.0610764301701,0.867335690558,0.0437939127668,0.0224418489996,0.00535211750531
1,2018-08-09,valid,1,False,0,0,fit,memory_ngboost,available,1,blue,0.0834119128567,0.908334061146,0.000707406061993,0.000237247764989,0.00730937217038
1,2018-08-10,valid,1,False,0,0,fit,memory_ngboost,available,1,blue,0.0610764301701,0.867335690558,0.0437939127668,0.0224418489996,0.00535211750531
1,2018-08-11,valid,1,False,0,0,fit,memory_ngboost,available,1,blue,0.0495660794303,0.892337360238,0.0355405931996,0.0182124997643,0.00434346736784
1,2018-08-12,valid,1,False,0,0,fit,memory_ngboost,available,1,blue,0.0495660794303,0.892337360238,0.0355405931996,0.0182124997643,0.00434346736784
1,2018-08-13,valid,1,False,0,0,fit,memory_ngboost,available,1,blue,0.0495660794303,0.892337360238,0.0355405931996,0.0182124997643,0.00434346736784
1,2018-08-14,valid,1,False,0,0,fit,memory_ngboost,available,1,blue,0.0556952399599,0.938520060045,0.000745721823383,0.000158413477745,0.00488056469446
1,2018-08-15,valid,1,False,1,1,fit,memory_ngboost,available,1,blue,0.0495660794303,0.892337360238,0.0355405931996,0.0182124997643,0.00434346736784
1,2018-08-16,valid,1,False,1,1,fit,memory_ngboost,available,1,blue,0.0495660794303,0.892337360238,0.0355405931996,0.0182124997643,0.00434346736784
1,2018-08-17,valid,1,False,1,1,fit,memory_ngboost,available,1,blue,0.0495660794303,0.892337360238,0.0355405931996,0.0182124997643,0.00434346736784
1,2018-08-18,valid,1,False,1,1,fit,memory_ngboost,available,1,blue,0.0495660794303,0.892337360238,0.0355405931996,0.0182124997643,0.00434346736784
1,2018-08-19,valid,1,False,1,1,fit,memory_ngboost,available,1,blue,0.0610764301701,0.867335690558,0.0437939127668,0.0224418489996,0.00535211750531
1,2018-08-20,valid,1,False,1,1,fit,memory_ngboost,available,1,blue,0.0689158514195,0.923926310214,0.000922736923614,0.00019601674583,0.0060390846968
1,2018-08-21,valid,1,False,1,1,fit,memory_ngboost,available,1,blue,0.0610764301701,0.867335690558,0.0437939127668,0.0224418489996,0.00535211750531
1,2018-08-22,valid,1,False,1,1,fit,memory_ngboost,available,1,blue,0.0610764301701,0.867335690558,0.0437939127668,0.0224418489996,0.00535211750531
1,2018-08-23,valid,1,False,1,1,fit,memory_ngboost,available,1,blue,0.0610764301701,0.867335690558,0.0437939127668,0.0224418489996,0.00535211750531
1,2018-08-24,valid,1,False,1,1,fit,memory_ngboost,available,1,blue,0.0610764301701,0.867335690558,0.0437939127668,0.0224418489996,0.00535211750531
1,2018-08-25,valid,0,True,1,1,fit,memory_ngboost,available,1,blue,0.0860211500164,0.906272289726,8.84265842446e-05,8.01144806989e-05,0.00753801919246
1,2018-08-26,valid,1,True,1,1,fit,memory_ngboost,available,1,blue,0.066517322553,0.913869682916,0.0057811171777,0.00800297534599,0.00582890200771
1,2018-08-27,valid,1,False,1,1,fit,memory_ngboost,available,1,blue,0.0436619132638,0.943464134009,0.0037947203389,0.00525314612793,0.00382608626018
1,2018-08-28,valid,1,False,1,1,fit,memory_ngboost,available,1,blue,0.0436619132638,0.943464134009,0.0037947203389,0.00525314612793,0.00382608626018
1,2018-08-29,valid,1,False,1,1,fit,memory_ngboost,available,1,blue,0.0159738428568,0.97931618265,0.00138830989867,0.00192187937905,0.00139978521572
1,2018-08-30,valid,1,False,1,1,fit,memory_ngboost,available,1,blue,0.016958119377,0.981512528153,2.75215804679e-05,1.57936847771e-05,0.00148603720489
1,2018-08-31,valid,1,False,1,1,fit,memory_ngboost,available,1,blue,0.0159738428568,0.97931618265,0.00138830989867,0.00192187937905,0.00139978521572
1,2018-09-01,valid,1,False,0,0,fit,memory_ngboost,available,1,blue,0.0159738428568,0.97931618265,0.00138830989867,0.00192187937905,0.00139978521572
1,2018-09-02,valid,1,False,1,1,fit,memory_ngboost,available,1,blue,0.0195843798311,0.975265042004,0.00107812411154,0.00235627807824,0.00171617597546
1,2018-09-03,valid,1,False,1,1,fit,memory_ngboost,available,1,blue,0.0195843798311,0.975265042004,0.00107812411154,0.00235627807824,0.00171617597546
1,2018-09-04,valid,1,False,1,1,fit,memory_ngboost,available,1,blue,0.0195843798311,0.975265042004,0.00107812411154,0.00235627807824,0.00171617597546
1,2018-09-05,valid,1,False,1,1,fit,memory_ngboost,available,1,blue,0.0195843798311,0.975265042004,0.00107812411154,0.00235627807824,0.00171617597546
1,2018-09-06,valid,1,False,1,1,fit,memory_ngboost,available,1,blue,0.00716579203869,0.599320653627,0.392023470957,0.000862146202208,0.000627937174829
1,2018-09-07,valid,2,True,1,1,fit,memory_ngboost,available,2,yellow,0.00059193448211,0.00679895511767,0.991048437352,0.00102654982147,0.000534123226291
1,2018-09-08,valid,2,False,1,1,fit,memory_ngboost,available,2,yellow,0.000593647918895,0.00392399639148,0.993917165056,0.00102952131287,0.000535669320345
1,2018-09-09,valid,2,False,1,1,fit,memory_ngboost,available,2,yellow,0.000593714120915,0.0038129166737,0.994028004026,0.00102963612232,0.000535729056748
1,2018-09-10,valid,2,False,1,1,fit,memory_ngboost,available,2,yellow,0.00047788968716,0.000976477425941,0.997285646221,0.000828770054559,0.00043121661135
1,2018-09-11,valid,2,False,1,1,fit,memory_ngboost,available,2,yellow,0.00047788968716,0.000976477425941,0.997285646221,0.000828770054559,0.00043121661135
1,2018-09-12,valid,2,False,1,1,fit,memory_ngboost,available,2,yellow,0.000477873995446,0.00100928079527,0.997252899916,0.000828742841536,0.000431202452166
1,2018-09-13,valid,2,False,1,1,fit,memory_ngboost,available,2,yellow,0.000477873995446,0.00100928079527,0.997252899916,0.000828742841536,0.000431202452166
1,2018-09-14,valid,2,False,2,2,fit,memory_ngboost,available,2,yellow,0.000477873995446,0.00100928079527,0.997252899916,0.000828742841536,0.000431202452166
1,2018-09-15,valid,2,False,2,2,fit,memory_ngboost,available,2,yellow,0.000477873995446,0.00100928079527,0.997252899916,0.000828742841536,0.000431202452166
1,2018-09-16,valid,2,False,2,2,fit,memory_ngboost,available,2,yellow,0.000477873995446,0.00100928079527,0.997252899916,0.000828742841536,0.000431202452166
1,2018-09-17,valid,2,False,2,2,fit,memory_ngboost,available,2,yellow,0.000477873995446,0.00100928079527,0.997252899916,0.000828742841536,0.000431202452166
1,2018-09-18,valid,2,False,2,2,fit,memory_ngboost,available,2,yellow,0.000477873995446,0.00100928079527,0.997252899916,0.000828742841536,0.000431202452166
1,2018-09-19,valid,2,False,2,2,fit,memory_ngboost,available,2,yellow,0.000477873995446,0.00100928079527,0.997252899916,0.000828742841536,0.000431202452166
1,2018-09-20,valid,2,False,2,2,fit,memory_ngboost,available,2,yellow,0.000477873995446,0.00100928079527,0.997252899916,0.000828742841536,0.000431202452166
1,2018-09-21,valid,2,False,2,2,fit,memory_ngboost,available,2,yellow,0.000477873995446,0.00100928079527,0.997252899916,0.000828742841536,0.000431202452166
1,2018-09-22,valid,2,False,2,2,fit,memory_ngboost,available,2,yellow,0.000477900972053,0.000952886471641,0.997309196137,0.000828789625146,0.000431226794105
1,2018-09-23,valid,2,False,2,2,fit,memory_ngboost,available,2,yellow,0.000548960834657,0.00109457269057,0.996909096192,0.000952023684783,0.000495346598274
1,2018-09-24,valid,2,False,2,2,fit,memory_ngboost,available,2,yellow,0.000548960834657,0.00109457269057,0.996909096192,0.000952023684783,0.000495346598274
1,2018-09-25,valid,2,False,2,2,fit,memory_ngboost,available,2,yellow,0.000548960834657,0.00109457269057,0.996909096192,0.000952023684783,0.000495346598274
1,2018-09-26,valid,2,False,2,2,fit,memory_ngboost,available,2,yellow,0.000548960834657,0.00109457269057,0.996909096192,0.000952023684783,0.000495346598274
1,2018-09-27,valid,2,False,2,2,fit,memory_ngboost,available,2,yellow,0.000548960834657,0.00109457269057,0.996909096192,0.000952023684783,0.000495346598274
1,2018-09-28,valid,3,True,2,2,fit,memory_ngboost,available,3,orange,0.00015272544844,0.00030451918327,0.222512768981,0.776892176863,0.000137809524065
1,2018-09-29,valid,3,False,2,2,fit,memory_ngboost,available,3,orange,0.00015272544844,0.00030451918327,0.222512768981,0.776892176863,0.000137809524065
1,2018-09-30,valid,3,False,2,2,fit,memory_ngboost,available,3,orange,0.00015272544844,0.00030451918327,0.222512768981,0.776892176863,0.000137809524065
1,2018-10-01,valid,3,False,2,2,fit,memory_ngboost,available,3,orange,0.000152733003829,0.000294122474824,0.222523776777,0.77693061003,9.87577144914e-05
1,2018-10-02,valid,3,False,2,2,fit,memory_ngboost,available,3,orange,0.000152733003829,0.000294122474824,0.222523776777,0.77693061003,9.87577144914e-05
1,2018-10-03,valid,3,False,2,2,fit,memory_ngboost,available,3,orange,0.000152722693253,0.000322553817056,0.222508754822,0.776878161629,0.000137807037964
1,2018-10-04,valid,3,False,2,2,fit,memory_ngboost,available,3,orange,0.000152722693253,0.000322553817056,0.222508754822,0.776878161629,0.000137807037964
1,2018-10-05,valid,3,False,3,3,fit,memory_ngboost,available,3,orange,0.000196391535926,0.000414783410382,0.000196391535926,0.999015222553,0.000177210964989
1,2018-10-06,valid,3,False,3,3,fit,memory_ngboost,available,3,orange,0.000196391535926,0.000414783410382,0.000196391535926,0.999015222553,0.000177210964989
1,2018-10-07,valid,3,False,3,3,fit,memory_ngboost,available,3,orange,0.000934107160736,0.00197285566288,0.000934107160736,0.995316052391,0.000842877624928
1,2018-10-08,valid,3,False,3,3,fit,memory_ngboost,available,3,orange,0.000934107160736,0.00197285566288,0.000934107160736,0.995316052391,0.000842877624928
1,2018-10-09,valid,3,False,3,3,fit,memory_ngboost,available,3,orange,0.000934107160736,0.00197285566288,0.000934107160736,0.995316052391,0.000842877624928
1,2018-10-10,valid,3,False,3,3,fit,memory_ngboost,available,3,orange,0.000934107160736,0.00197285566288,0.000934107160736,0.995316052391,0.000842877624928
1,2018-10-11,valid,3,False,3,3,fit,memory_ngboost,available,3,orange,0.000934107160736,0.00197285566288,0.000934107160736,0.995316052391,0.000842877624928
1,2018-10-12,valid,3,False,3,3,fit,memory_ngboost,available,3,orange,0.000934107160736,0.00197285566288,0.000934107160736,0.995316052391,0.000842877624928
1,2018-10-13,valid,3,False,3,3,fit,memory_ngboost,available,3,orange,0.000819632472483,0.00163426471261,0.000819632472483,0.99598688724,0.000739583102195
1,2018-10-14,valid,3,False,3,3,fit,memory_ngboost,available,3,orange,0.000819632472483,0.00163426471261,0.000819632472483,0.99598688724,0.000739583102195
1,2018-10-15,valid,3,False,3,3,fit,memory_ngboost,available,3,orange,0.000819632472483,0.00163426471261,0.000819632472483,0.99598688724,0.000739583102195
1,2018-10-16,valid,3,False,3,3,fit,memory_ngboost,available,3,orange,0.000819632472483,0.00163426471261,0.000819632472483,0.99598688724,0.000739583102195
1,2018-10-17,valid,3,False,3,3,fit,memory_ngboost,available,3,orange,0.000819632472483,0.00163426471261,0.000819632472483,0.99598688724,0.000739583102195
1,2018-10-18,valid,3,False,3,3,fit,memory_ngboost,available,3,orange,0.000819632472483,0.00163426471261,0.000819632472483,0.99598688724,0.000739583102195
1,2018-10-19,valid,3,False,3,3,fit,memory_ngboost,available,3,orange,0.000819632472483,0.00163426471261,0.000819632472483,0.99598688724,0.000739583102195
1,2018-10-20,valid,3,False,3,3,fit,memory_ngboost,available,3,orange,0.000819632472483,0.00163426471261,0.000819632472483,0.99598688724,0.000739583102195
1,2018-10-21,valid,3,False,3,3,fit,memory_ngboost,available,3,orange,0.000819632472483,0.00163426471261,0.000819632472483,0.99598688724,0.000739583102195
1,2018-10-22,valid,2,True,3,3,fit,memory_ngboost,available,2,yellow,0.000210520100129,0.00041975590583,0.77486499209,0.224314772241,0.000189959663575
1,2018-10-23,valid,2,False,3,3,fit,memory_ngboost,available,2,yellow,0.000210520100129,0.00041975590583,0.77486499209,0.224314772241,0.000189959663575
1,2018-10-24,valid,2,False,3,3,fit,memory_ngboost,available,2,yellow,0.000210520100129,0.00041975590583,0.77486499209,0.224314772241,0.000189959663575
1,2018-10-25,valid,2,False,3,3,fit,memory_ngboost,available,2,yellow,0.000210520100129,0.00041975590583,0.77486499209,0.224314772241,0.000189959663575
1,2018-10-26,valid,2,False,3,3,fit,memory_ngboost,available,2,yellow,0.000210520100129,0.00041975590583,0.77486499209,0.224314772241,0.000189959663575
1,2018-10-27,valid,2,False,3,3,fit,memory_ngboost,available,2,yellow,0.0002486070739,0.000495697500794,0.734133911608,0.264897456942,0.000224326874685
1,2018-10-28,valid,2,False,3,3,fit,memory_ngboost,available,2,yellow,0.000337995497832,0.000673929027548,0.998096928769,0.000586161523686,0.000304985182026
1,2018-10-29,valid,1,True,2,2,fit,memory_ngboost,available,2,yellow,0.00133729373202,0.334176526411,0.660960319567,0.00231917329255,0.00120668699701
1,2018-10-30,valid,1,False,2,2,fit,memory_ngboost,available,2,yellow,0.00128945440328,0.357995188885,0.637315627866,0.0022362089513,0.00116351989427
1,2018-10-31,valid,1,False,2,2,fit,memory_ngboost,available,2,yellow,0.00128945440328,0.357995188885,0.637315627866,0.0022362089513,0.00116351989427
1,2018-11-01,valid,0,True,2,2,fit,memory_ngboost,available,0,green,0.65475841761,0.00293039027024,0.34228293465,5.66291152262e-06,2.2594558682e-05
1,2018-11-02,valid,0,False,2,2,fit,memory_ngboost,available,0,green,0.98777750868,0.0121110158597,4.48233984742e-05,3.25656012045e-05,3.40864604171e-05
1,2018-11-03,valid,0,False,2,2,fit,memory_ngboost,available,0,green,0.98777750868,0.0121110158597,4.48233984742e-05,3.25656012045e-05,3.40864604171e-05
1,2018-11-04,valid,0,False,2,2,fit,memory_ngboost,available,0,green,0.98777750868,0.0121110158597,4.48233984742e-05,3.25656012045e-05,3.40864604171e-05
1,2018-11-05,valid,0,False,1,1,fit,memory_ngboost,available,0,green,0.987770491297,0.0121109298204,4.74878739467e-05,3.70047906243e-05,3.40862182596e-05
1,2018-11-06,valid,0,False,1,1,fit,memory_ngboost,available,0,green,0.999726629229,9.23283366715e-05,7.11596883044e-05,7.35157757696e-05,3.6366970143e-05
1,2018-11-07,valid,0,False,1,1,fit,memory_ngboost,available,0,green,0.999726629229,9.23283366715e-05,7.11596883044e-05,7.35157757696e-05,3.6366970143e-05
1,2018-11-08,valid,0,False,0,0,fit,memory_ngboost,available,0,green,0.999726629229,9.23283366715e-05,7.11596883044e-05,7.35157757696e-05,3.6366970143e-05
1,2018-11-09,valid,0,False,0,0,fit,memory_ngboost,available,0,green,0.999726629229,9.23283366715e-05,7.11596883044e-05,7.35157757696e-05,3.6366970143e-05
1,2018-11-10,valid,0,False,0,0,fit,memory_ngboost,available,0,green,0.999726629229,9.23283366715e-05,7.11596883044e-05,7.35157757696e-05,3.6366970143e-05
1,2018-11-11,valid,0,False,0,0,fit,memory_ngboost,available,0,green,0.999726629229,9.23283366715e-05,7.11596883044e-05,7.35157757696e-05,3.6366970143e-05
1,2018-11-12,valid,0,False,0,0,fit,memory_ngboost,available,0,green,0.999726629229,9.23283366715e-05,7.11596883044e-05,7.35157757696e-05,3.6366970143e-05
1,2018-11-13,valid,0,False,0,0,fit,memory_ngboost,available,0,green,0.999726629229,9.23283366715e-05,7.11596883044e-05,7.35157757696e-05,3.6366970143e-05
1,2018-11-14,valid,0,False,0,0,fit,memory_ngboost,available,0,green,0.999726629229,9.23283366715e-05,7.11596883044e-05,7.35157757696e-05,3.6366970143e-05
1,2018-11-15,valid,0,False,0,0,fit,memory_ngboost,available,0,green,0.999726629229,9.23283366715e-05,7.11596883044e-05,7.35157757696e-05,3.6366970143e-05
1,2018-11-16,valid,0,False,0,0,fit,memory_ngboost,available,0,green,0.999726629229,9.23283366715e-05,7.11596883044e-05,7.35157757696e-05,3.6366970143e-05
1,2018-11-17,valid,0,False,0,0,fit,memory_ngboost,available,0,green,0.999726629229,9.23283366715e-05,7.11596883044e-05,7.35157757696e-05,3.6366970143e-05
1,2018-11-18,valid,0,False,0,0,fit,memory_ngboost,available,0,green,0.999726629229,9.23283366715e-05,7.11596883044e-05,7.35157757696e-05,3.6366970143e-05
1,2018-11-19,valid,0,False,0,0,fit,memory_ngboost,available,0,green,0.999726629229,9.23283366715e-05,7.11596883044e-05,7.35157757696e-05,3.6366970143e-05
1,2018-11-20,valid,0,False,0,0,fit,memory_ngboost,available,0,green,0.999726629229,9.23283366715e-05,7.11596883044e-05,7.35157757696e-05,3.6366970143e-05
1,2018-11-21,valid,0,False,0,0,fit,memory_ngboost,available,0,green,0.999726629229,9.23283366715e-05,7.11596883044e-05,7.35157757696e-05,3.6366970143e-05
1,2018-11-22,valid,0,False,0,0,fit,memory_ngboost,available,0,green,0.999726629229,9.23283366715e-05,7.11596883044e-05,7.35157757696e-05,3.6366970143e-05
1,2018-11-23,valid,0,False,0,0,fit,memory_ngboost,available,0,green,0.998651137095,9.17173989428e-05,0.000234684536994,0.000577742715325,0.000444718254236
1,2018-11-24,valid,0,False,0,0,fit,memory_ngboost,available,0,green,0.998651137095,9.17173989428e-05,0.000234684536994,0.000577742715325,0.000444718254236
1,2018-11-25,valid,0,False,0,0,fit,memory_ngboost,available,0,green,0.998651137095,9.17173989428e-05,0.000234684536994,0.000577742715325,0.000444718254236
1,2018-11-26,valid,0,False,0,0,fit,memory_ngboost,available,0,green,0.998651137095,9.17173989428e-05,0.000234684536994,0.000577742715325,0.000444718254236
1,2018-11-27,valid,0,False,0,0,fit,memory_ngboost,available,0,green,0.998651137095,9.17173989428e-05,0.000234684536994,0.000577742715325,0.000444718254236
1,2018-11-28,unavailable_fold_terminal,,False,0,0,fit,memory_ngboost,available,0,green,0.998578342856,9.17107134267e-05,0.000234667430237,0.000577700602179,0.000517578398115
1,2018-11-29,unavailable_fold_terminal,,False,0,0,fit,memory_ngboost,available,0,green,0.998578342856,9.17107134267e-05,0.000234667430237,0.000577700602179,0.000517578398115
1,2018-11-30,unavailable_fold_terminal,,False,0,0,fit,memory_ngboost,available,0,green,0.998448045114,9.16987467153e-05,0.000234636810069,0.00057762522193,0.000647994107214
1,2018-12-01,unavailable_fold_terminal,,False,0,0,fit,memory_ngboost,available,0,green,0.998448045114,9.16987467153e-05,0.000234636810069,0.00057762522193,0.000647994107214
1,2018-12-02,unavailable_fold_terminal,,False,0,0,fit,memory_ngboost,available,0,green,0.998533935541,9.1706635002e-05,0.000148633062643,0.000577674911523,0.000648049850215
1,2018-12-03,unavailable_fold_terminal,,False,0,0,fit,memory_ngboost,available,0,green,0.998533667283,9.19752615451e-05,0.000148633022712,0.00057767475633,0.000648049676116
1,2018-12-04,unavailable_fold_terminal,,False,0,0,fit,memory_ngboost,available,0,green,0.999178760301,9.22777390128e-05,5.14449054087e-05,2.90487121573e-05,0.000648468342341
2,2018-12-05,valid,0,False,,-1,development_already_exposed,memory_ngboost,available,0,green,0.998533424739,9.22181399611e-05,0.000148632986609,0.000577674616012,0.000648049518704
2,2018-12-06,valid,0,False,,-1,development_already_exposed,memory_ngboost,available,0,green,0.998533424739,9.22181399611e-05,0.000148632986609,0.000577674616012,0.000648049518704
2,2018-12-07,valid,0,False,,-1,development_already_exposed,memory_ngboost,available,0,green,0.998533424739,9.22181399611e-05,0.000148632986609,0.000577674616012,0.000648049518704
2,2018-12-08,valid,0,False,,-1,development_already_exposed,memory_ngboost,available,0,green,0.998746652164,9.22378322779e-05,0.000424245854423,8.86762455929e-05,0.000648187903586
2,2018-12-09,valid,0,False,,-1,development_already_exposed,memory_ngboost,available,0,green,0.996277697076,9.20098154281e-05,0.00122347781001,0.00176022975058,0.000646585548455
2,2018-12-10,valid,0,False,,-1,development_already_exposed,memory_ngboost,available,0,green,0.996277697076,9.20098154281e-05,0.00122347781001,0.00176022975058,0.000646585548455
2,2018-12-11,valid,0,False,,-1,development_already_exposed,memory_ngboost,available,0,green,0.995572723322,9.19447085758e-05,0.00193021975116,0.00175898419848,0.000646128019553
2,2018-12-12,valid,0,False,0,0,development_already_exposed,memory_ngboost,available,0,green,0.995572723322,9.19447085758e-05,0.00193021975116,0.00175898419848,0.000646128019553
2,2018-12-13,valid,0,False,0,0,development_already_exposed,memory_ngboost,available,0,green,0.998501480552,9.2215189801e-05,0.00066962099361,8.86544774117e-05,0.000648028786885
2,2018-12-14,valid,0,False,0,0,development_already_exposed,memory_ngboost,available,0,green,0.995572723322,9.19447085758e-05,0.00193021975116,0.00175898419848,0.000646128019553
2,2018-12-15,valid,0,False,0,0,development_already_exposed,memory_ngboost,available,0,green,0.995572723322,9.19447085758e-05,0.00193021975116,0.00175898419848,0.000646128019553
2,2018-12-16,valid,0,False,0,0,development_already_exposed,memory_ngboost,available,0,green,0.995572723322,9.19447085758e-05,0.00193021975116,0.00175898419848,0.000646128019553
2,2018-12-17,valid,0,False,0,0,development_already_exposed,memory_ngboost,available,0,green,0.998501480552,9.2215189801e-05,0.00066962099361,8.86544774117e-05,0.000648028786885
2,2018-12-18,valid,0,False,0,0,development_already_exposed,memory_ngboost,available,0,green,0.995572723322,9.19447085758e-05,0.00193021975116,0.00175898419848,0.000646128019553
2,2018-12-19,valid,0,False,0,0,development_already_exposed,memory_ngboost,available,0,green,0.995572723322,9.19447085758e-05,0.00193021975116,0.00175898419848,0.000646128019553
2,2018-12-20,valid,0,False,0,0,development_already_exposed,memory_ngboost,available,0,green,0.995572723322,9.19447085758e-05,0.00193021975116,0.00175898419848,0.000646128019553
2,2018-12-21,valid,0,False,0,0,development_already_exposed,memory_ngboost,available,0,green,0.99971000033,9.23268009331e-05,7.11585046735e-05,7.35145529489e-05,5.29998116532e-05
2,2018-12-22,valid,0,False,0,0,development_already_exposed,memory_ngboost,available,0,green,0.99971000033,9.23268009331e-05,7.11585046735e-05,7.35145529489e-05,5.29998116532e-05
2,2018-12-23,valid,0,False,0,0,development_already_exposed,memory_ngboost,available,0,green,0.99971000033,9.23268009331e-05,7.11585046735e-05,7.35145529489e-05,5.29998116532e-05
2,2018-12-24,valid,0,False,0,0,development_already_exposed,memory_ngboost,available,0,green,0.99971000033,9.23268009331e-05,7.11585046735e-05,7.35145529489e-05,5.29998116532e-05
2,2018-12-25,valid,0,False,0,0,development_already_exposed,memory_ngboost,available,0,green,0.99971000033,9.23268009331e-05,7.11585046735e-05,7.35145529489e-05,5.29998116532e-05
2,2018-12-26,valid,0,False,0,0,development_already_exposed,memory_ngboost,available,0,green,0.99971000033,9.23268009331e-05,7.11585046735e-05,7.35145529489e-05,5.29998116532e-05
2,2018-12-27,valid,0,False,0,0,development_already_exposed,memory_ngboost,available,0,green,0.99971000033,9.23268009331e-05,7.11585046735e-05,7.35145529489e-05,5.29998116532e-05
2,2018-12-28,valid,0,False,0,0,development_already_exposed,memory_ngboost,available,0,green,0.999717462389,9.2327490081e-05,7.11590358165e-05,7.35151016779e-05,4.55359838074e-05
2,2018-12-29,valid,0,False,0,0,development_already_exposed,memory_ngboost,available,0,green,0.999717462389,9.2327490081e-05,7.11590358165e-05,7.35151016779e-05,4.55359838074e-05
2,2018-12-30,valid,0,False,0,0,development_already_exposed,memory_ngboost,available,0,green,0.999717462389,9.2327490081e-05,7.11590358165e-05,7.35151016779e-05,4.55359838074e-05
2,2018-12-31,valid,0,False,0,0,development_already_exposed,memory_ngboost,available,0,green,0.999717462389,9.2327490081e-05,7.11590358165e-05,7.35151016779e-05,4.55359838074e-05
2,2019-01-01,valid,0,False,0,0,development_already_exposed,memory_ngboost,available,0,green,0.999717462389,9.2327490081e-05,7.11590358165e-05,7.35151016779e-05,4.55359838074e-05
2,2019-01-02,valid,0,False,0,0,development_already_exposed,memory_ngboost,available,0,green,0.99971000033,9.23268009331e-05,7.11585046735e-05,7.35145529489e-05,5.29998116532e-05
2,2019-01-03,valid,0,False,0,0,development_already_exposed,memory_ngboost,available,0,green,0.99971000033,9.23268009331e-05,7.11585046735e-05,7.35145529489e-05,5.29998116532e-05
2,2019-01-04,valid,0,False,0,0,development_already_exposed,memory_ngboost,available,0,green,0.999851958128,9.23399112445e-05,9.41941249584e-07,1.7526818357e-06,5.30073375723e-05
2,2019-01-05,valid,0,False,0,0,development_already_exposed,memory_ngboost,available,0,green,0.999851958128,9.23399112445e-05,9.41941249584e-07,1.7526818357e-06,5.30073375723e-05
2,2019-01-06,valid,0,False,0,0,development_already_exposed,memory_ngboost,available,0,green,0.999851958128,9.23399112445e-05,9.41941249584e-07,1.7526818357e-06,5.30073375723e-05
2,2019-01-07,valid,0,False,0,0,development_already_exposed,memory_ngboost,available,0,green,0.999851958128,9.23399112445e-05,9.41941249584e-07,1.7526818357e-06,5.30073375723e-05
2,2019-01-08,valid,0,False,0,0,development_already_exposed,memory_ngboost,available,0,green,0.999339490532,9.22925830256e-05,8.8701044758e-06,2.11511074139e-06,0.000557231669693
2,2019-01-09,valid,0,False,0,0,development_already_exposed,memory_ngboost,available,0,green,0.999282783517,9.22873459295e-05,2.56423314067e-05,4.20867561885e-05,0.000557200049863
2,2019-01-10,valid,0,False,0,0,development_already_exposed,memory_ngboost,available,0,green,0.967249111967,0.0316892753865,1.67641425538e-05,2.17265524068e-05,0.00102312195132
2,2019-01-11,valid,0,False,0,0,development_already_exposed,memory_ngboost,available,0,green,0.967249111967,0.0316892753865,1.67641425538e-05,2.17265524068e-05,0.00102312195132
2,2019-01-12,valid,0,False,0,0,development_already_exposed,memory_ngboost,available,0,green,0.967249111967,0.0316892753865,1.67641425538e-05,2.17265524068e-05,0.00102312195132
2,2019-01-13,valid,0,False,0,0,development_already_exposed,memory_ngboost,available,0,green,0.968996953044,0.0299709849987,5.99740153667e-06,1.09379995567e-06,0.00102497075589
2,2019-01-14,valid,0,False,0,0,development_already_exposed,memory_ngboost,available,0,green,0.967248586478,0.0316892581702,1.73074161815e-05,2.17265406032e-05,0.00102312139548
2,2019-01-15,valid,0,False,0,0,development_already_exposed,memory_ngboost,available,0,green,0.96514451306,0.0316203239514,0.00130482161254,0.000909445594706,0.00102089578093
2,2019-01-16,valid,0,False,0,0,development_already_exposed,memory_ngboost,available,0,green,0.96514451306,0.0316203239514,0.00130482161254,0.000909445594706,0.00102089578093
2,2019-01-17,valid,0,False,0,0,development_already_exposed,memory_ngboost,available,0,green,0.968520509826,0.0299562486546,0.000452912387753,4.58623402234e-05,0.00102446679108
2,2019-01-18,valid,0,False,0,0,development_already_exposed,memory_ngboost,available,0,green,0.96514451306,0.0316203239514,0.00130482161254,0.000909445594706,0.00102089578093
2,2019-01-19,valid,0,False,0,0,development_already_exposed,memory_ngboost,available,1,blue,0.0123603409639,0.987598227191,1.67104923769e-05,1.16470201991e-05,1.30743321545e-05
2,2019-01-20,valid,0,False,0,0,development_already_exposed,memory_ngboost,available,1,blue,0.0123603409639,0.987598227191,1.67104923769e-05,1.16470201991e-05,1.30743321545e-05
2,2019-01-21,valid,0,False,0,0,development_already_exposed,memory_ngboost,available,1,blue,0.0162347645813,0.983735381125,1.12402888285e-05,1.44144460262e-06,1.71725606281e-05
2,2019-01-22,valid,0,False,0,0,development_already_exposed,memory_ngboost,available,0,green,0.996328919685,9.20145460196e-05,0.00126319254248,0.00176032025101,0.00055555297548
2,2019-01-23,valid,0,False,0,0,development_already_exposed,memory_ngboost,available,0,green,0.995889900358,9.19740010116e-05,0.00122300157665,0.00175954458888,0.00103557947586
2,2019-01-24,valid,0,False,0,0,development_already_exposed,memory_ngboost,available,0,green,0.995889900358,9.19740010116e-05,0.00122300157665,0.00175954458888,0.00103557947586
2,2019-01-25,valid,0,False,0,0,development_already_exposed,memory_ngboost,available,0,green,0.995889900358,9.19740010116e-05,0.00122300157665,0.00175954458888,0.00103557947586
2,2019-01-26,valid,0,False,0,0,development_already_exposed,memory_ngboost,available,0,green,0.998356931381,9.2201840167e-05,0.000424080309511,8.86416432482e-05,0.0010381448264
2,2019-01-27,valid,0,False,0,0,development_already_exposed,memory_ngboost,available,0,green,0.995889900358,9.19740010116e-05,0.00122300157665,0.00175954458888,0.00103557947586
2,2019-01-28,valid,0,False,0,0,development_already_exposed,memory_ngboost,available,0,green,0.995889900358,9.19740010116e-05,0.00122300157665,0.00175954458888,0.00103557947586
2,2019-01-29,valid,0,False,0,0,development_already_exposed,memory_ngboost,available,0,green,0.995889900358,9.19740010116e-05,0.00122300157665,0.00175954458888,0.00103557947586
2,2019-01-30,valid,0,False,0,0,development_already_exposed,memory_ngboost,available,0,green,0.998356931381,9.2201840167e-05,0.000424080309511,8.86416432482e-05,0.0010381448264
2,2019-01-31,valid,0,False,0,0,development_already_exposed,memory_ngboost,available,0,green,0.995889900358,9.19740010116e-05,0.00122300157665,0.00175954458888,0.00103557947586
2,2019-02-01,valid,0,False,0,0,development_already_exposed,memory_ngboost,available,0,green,0.998143870312,9.21821632138e-05,0.000148575000931,0.000577449249792,0.00103792327413
2,2019-02-02,valid,0,False,0,0,development_already_exposed,memory_ngboost,available,0,green,0.998144139068,9.19129324412e-05,0.000148575040936,0.000577449405273,0.0010379235536
2,2019-02-03,valid,0,False,0,0,development_already_exposed,memory_ngboost,available,2,yellow,0.0145690413133,1.34157308303e-06,0.906296264459,0.0753697030396,0.00376364961535
2,2019-02-04,valid,0,False,0,0,development_already_exposed,memory_ngboost,available,2,yellow,0.0153275515269,1.41141960649e-06,0.953480904709,0.0265814811587,0.00460865118568
2,2019-02-05,valid,0,False,0,0,development_already_exposed,memory_ngboost,available,2,yellow,0.0153275515269,1.41141960649e-06,0.953480904709,0.0265814811587,0.00460865118568
2,2019-02-06,valid,0,False,0,0,development_already_exposed,memory_ngboost,available,2,yellow,0.0153275515269,1.41141960649e-06,0.953480904709,0.0265814811587,0.00460865118568
2,2019-02-07,valid,0,False,0,0,development_already_exposed,memory_ngboost,available,2,yellow,0.0153275515269,1.41141960649e-06,0.953480904709,0.0265814811587,0.00460865118568
2,2019-02-08,valid,0,False,0,0,development_already_exposed,memory_ngboost,available,2,yellow,0.0153275515269,1.41141960649e-06,0.953480904709,0.0265814811587,0.00460865118568
2,2019-02-09,valid,0,False,0,0,development_already_exposed,memory_ngboost,available,2,yellow,0.0153275515269,1.41141960649e-06,0.953480904709,0.0265814811587,0.00460865118568
2,2019-02-10,valid,1,True,0,0,development_already_exposed,memory_ngboost,available,2,yellow,0.0124112352563,1.14287404291e-06,0.962331920101,0.0215239215176,0.00373178025071
2,2019-02-11,valid,1,False,0,0,development_already_exposed,memory_ngboost,available,2,yellow,0.0124327524955,1.14485543265e-06,0.964000305697,0.0215612373334,0.00200455961828
2,2019-02-12,valid,1,False,0,0,development_already_exposed,memory_ngboost,available,3,orange,0.256702960875,2.36381910958e-05,0.256702960875,0.445181665573,0.0413887744849
2,2019-02-13,valid,1,False,0,0,development_already_exposed,memory_ngboost,available,3,orange,0.256702960875,2.36381910958e-05,0.256702960875,0.445181665573,0.0413887744849
2,2019-02-14,valid,1,False,0,0,development_already_exposed,memory_ngboost,available,3,orange,0.256702960875,2.36381910958e-05,0.256702960875,0.445181665573,0.0413887744849
2,2019-02-15,valid,1,False,0,0,development_already_exposed,memory_ngboost,available,3,orange,0.256702960875,2.36381910958e-05,0.256702960875,0.445181665573,0.0413887744849
2,2019-02-16,valid,1,False,0,0,development_already_exposed,memory_ngboost,available,3,orange,0.256702960875,2.36381910958e-05,0.256702960875,0.445181665573,0.0413887744849
2,2019-02-17,valid,1,False,1,1,development_already_exposed,memory_ngboost,available,3,orange,0.256702960875,2.36381910958e-05,0.256702960875,0.445181665573,0.0413887744849
2,2019-02-18,valid,1,False,1,1,development_already_exposed,memory_ngboost,available,3,orange,0.256702960875,2.36381910958e-05,0.256702960875,0.445181665573,0.0413887744849
2,2019-02-19,valid,0,True,1,1,development_already_exposed,memory_ngboost,available,2,yellow,0.0124327524955,1.14485543265e-06,0.964000305697,0.0215612373334,0.00200455961828
2,2019-02-20,valid,0,False,1,1,development_already_exposed,memory_ngboost,available,2,yellow,0.0124327524955,1.14485543265e-06,0.964000305697,0.0215612373334,0.00200455961828
2,2019-02-21,valid,1,True,1,1,development_already_exposed,memory_ngboost,available,2,yellow,0.0124327524538,1.14820924116e-06,0.964000302464,0.0215612372611,0.00200455961156
2,2019-02-22,valid,1,False,1,1,development_already_exposed,memory_ngboost,available,2,yellow,0.0124327524538,1.14820924116e-06,0.964000302464,0.0215612372611,0.00200455961156
2,2019-02-23,valid,1,False,1,1,development_already_exposed,memory_ngboost,available,2,yellow,0.0124327524538,1.14820924116e-06,0.964000302464,0.0215612372611,0.00200455961156
2,2019-02-24,valid,1,False,1,1,development_already_exposed,memory_ngboost,available,2,yellow,0.0124327524538,1.14820924116e-06,0.964000302464,0.0215612372611,0.00200455961156
2,2019-02-25,valid,1,False,1,1,development_already_exposed,memory_ngboost,available,2,yellow,0.0124327524538,1.14820924116e-06,0.964000302464,0.0215612372611,0.00200455961156
2,2019-02-26,valid,1,False,0,0,development_already_exposed,memory_ngboost,available,2,yellow,0.0124327524538,1.14820924116e-06,0.964000302464,0.0215612372611,0.00200455961156
2,2019-02-27,valid,1,False,0,0,development_already_exposed,memory_ngboost,available,2,yellow,0.0124327524538,1.14820924116e-06,0.964000302464,0.0215612372611,0.00200455961156
2,2019-02-28,valid,1,False,1,1,development_already_exposed,memory_ngboost,available,0,green,0.541204043146,4.99821327578e-05,0.458677484773,3.97979146682e-05,2.86920330328e-05
2,2019-03-01,valid,1,False,1,1,development_already_exposed,memory_ngboost,available,0,green,0.99971000033,9.23268009331e-05,7.11585046735e-05,7.35145529489e-05,5.29998116532e-05
2,2019-03-02,valid,1,False,1,1,development_already_exposed,memory_ngboost,available,0,green,0.99971000033,9.23268009331e-05,7.11585046735e-05,7.35145529489e-05,5.29998116532e-05
2,2019-03-03,valid,1,False,1,1,development_already_exposed,memory_ngboost,available,0,green,0.99971000033,9.23268009331e-05,7.11585046735e-05,7.35145529489e-05,5.29998116532e-05
2,2019-03-04,valid,1,False,1,1,development_already_exposed,memory_ngboost,available,0,green,0.99971000033,9.23268009331e-05,7.11585046735e-05,7.35145529489e-05,5.29998116532e-05
2,2019-03-05,valid,1,False,1,1,development_already_exposed,memory_ngboost,available,0,green,0.99971000033,9.23268009331e-05,7.11585046735e-05,7.35145529489e-05,5.29998116532e-05
2,2019-03-06,valid,1,False,1,1,development_already_exposed,memory_ngboost,available,0,green,0.99971000033,9.23268009331e-05,7.11585046735e-05,7.35145529489e-05,5.29998116532e-05
2,2019-03-07,valid,1,False,1,1,development_already_exposed,memory_ngboost,available,0,green,0.963216497738,0.0365472400898,6.85609283025e-05,7.08309711824e-05,9.68702730046e-05
2,2019-03-08,valid,1,False,1,1,development_already_exposed,memory_ngboost,available,0,green,0.963271403777,0.0365493233849,4.63100602843e-05,3.60869826799e-05,9.68757948816e-05
2,2019-03-09,valid,1,False,1,1,development_already_exposed,memory_ngboost,available,0,green,0.96327807738,0.0365495766008,4.37116625196e-05,3.17578902549e-05,9.6876466043e-05
2,2019-03-10,valid,1,False,1,1,development_already_exposed,memory_ngboost,available,0,green,0.96327807738,0.0365495766008,4.37116625196e-05,3.17578902549e-05,9.6876466043e-05
2,2019-03-11,valid,1,False,1,1,development_already_exposed,memory_ngboost,available,0,green,0.96327807738,0.0365495766008,4.37116625196e-05,3.17578902549e-05,9.6876466043e-05
2,2019-03-12,valid,1,False,1,1,development_already_exposed,memory_ngboost,available,0,green,0.96327807738,0.0365495766008,4.37116625196e-05,3.17578902549e-05,9.6876466043e-05
2,2019-03-13,valid,1,False,1,1,development_already_exposed,memory_ngboost,available,0,green,0.961196812051,0.0386312143021,4.36172187968e-05,3.16892739359e-05,9.66671540751e-05
2,2019-03-14,valid,1,False,1,1,development_already_exposed,memory_ngboost,available,0,green,0.961196812051,0.0386312143021,4.36172187968e-05,3.16892739359e-05,9.66671540751e-05
2,2019-03-15,valid,1,False,1,1,development_already_exposed,memory_ngboost,available,0,green,0.961196812051,0.0386312143021,4.36172187968e-05,3.16892739359e-05,9.66671540751e-05
2,2019-03-16,valid,1,False,1,1,development_already_exposed,memory_ngboost,available,0,green,0.961196812051,0.0386312143021,4.36172187968e-05,3.16892739359e-05,9.66671540751e-05
2,2019-03-17,valid,1,False,1,1,development_already_exposed,memory_ngboost,available,0,green,0.961196812051,0.0386312143021,4.36172187968e-05,3.16892739359e-05,9.66671540751e-05
2,2019-03-18,valid,1,False,1,1,development_already_exposed,memory_ngboost,available,0,green,0.961196812051,0.0386312143021,4.36172187968e-05,3.16892739359e-05,9.66671540751e-05
2,2019-03-19,valid,1,False,1,1,development_already_exposed,memory_ngboost,available,0,green,0.961196812051,0.0386312143021,4.36172187968e-05,3.16892739359e-05,9.66671540751e-05
2,2019-03-20,valid,1,False,1,1,development_already_exposed,memory_ngboost,available,0,green,0.961196812051,0.0386312143021,4.36172187968e-05,3.16892739359e-05,9.66671540751e-05
2,2019-03-21,valid,1,False,1,1,development_already_exposed,memory_ngboost,available,0,green,0.961196812051,0.0386312143021,4.36172187968e-05,3.16892739359e-05,9.66671540751e-05
2,2019-03-22,valid,1,False,1,1,development_already_exposed,memory_ngboost,available,0,green,0.961196812051,0.0386312143021,4.36172187968e-05,3.16892739359e-05,9.66671540751e-05
2,2019-03-23,valid,1,False,1,1,development_already_exposed,memory_ngboost,available,0,green,0.961196812051,0.0386312143021,4.36172187968e-05,3.16892739359e-05,9.66671540751e-05
2,2019-03-24,valid,1,False,1,1,development_already_exposed,memory_ngboost,available,0,green,0.961196812051,0.0386312143021,4.36172187968e-05,3.16892739359e-05,9.66671540751e-05
2,2019-03-25,valid,1,False,1,1,development_already_exposed,memory_ngboost,available,0,green,0.961196812051,0.0386312143021,4.36172187968e-05,3.16892739359e-05,9.66671540751e-05
2,2019-03-26,valid,1,False,1,1,development_already_exposed,memory_ngboost,available,0,green,0.961196812051,0.0386312143021,4.36172187968e-05,3.16892739359e-05,9.66671540751e-05
2,2019-03-27,valid,1,False,1,1,development_already_exposed,memory_ngboost,available,0,green,0.961199734731,0.0386313317667,4.05766835571e-05,3.16893702924e-05,9.66674480078e-05
2,2019-03-28,valid,1,False,1,1,development_already_exposed,memory_ngboost,available,0,green,0.961208621796,0.0386316889445,3.13312540002e-05,3.16896632862e-05,9.66683417762e-05
2,2019-03-29,valid,1,False,1,1,development_already_exposed,memory_ngboost,available,1,blue,0.0125411784749,0.987456738011,4.08788310206e-07,4.1346458414e-07,1.26126097873e-06
2,2019-03-30,valid,1,False,1,1,development_already_exposed,memory_ngboost,available,1,blue,0.0125411774633,0.987456658355,4.33091303923e-07,4.69829429306e-07,1.26126087699e-06
2,2019-03-31,valid,1,False,1,1,development_already_exposed,memory_ngboost,available,0,green,0.999730308867,9.2058993027e-05,5.11152050411e-05,7.3516046355e-05,5.30008883141e-05
2,2019-04-01,valid,1,False,1,1,development_already_exposed,memory_ngboost,available,0,green,0.999730308867,9.2058993027e-05,5.11152050411e-05,7.3516046355e-05,5.30008883141e-05
2,2019-04-02,valid,1,False,1,1,development_already_exposed,memory_ngboost,available,0,green,0.999684484269,9.20547733226e-05,5.11128620755e-05,7.35126766029e-05,9.88354186872e-05
2,2019-04-03,valid,1,False,1,1,development_already_exposed,memory_ngboost,available,0,green,0.999730308867,9.2058993027e-05,5.11152050411e-05,7.3516046355e-05,5.30008883141e-05
2,2019-04-04,valid,1,False,1,1,development_already_exposed,memory_ngboost,available,0,green,0.999730308867,9.2058993027e-05,5.11152050411e-05,7.3516046355e-05,5.30008883141e-05
2,2019-04-05,valid,1,False,1,1,development_already_exposed,memory_ngboost,available,0,green,0.999730308867,9.2058993027e-05,5.11152050411e-05,7.3516046355e-05,5.30008883141e-05
2,2019-04-06,valid,1,False,1,1,development_already_exposed,memory_ngboost,available,0,green,0.999730308867,9.2058993027e-05,5.11152050411e-05,7.3516046355e-05,5.30008883141e-05
2,2019-04-07,valid,1,False,1,1,development_already_exposed,memory_ngboost,available,0,green,0.999730308867,9.2058993027e-05,5.11152050411e-05,7.3516046355e-05,5.30008883141e-05
2,2019-04-08,valid,1,False,1,1,development_already_exposed,memory_ngboost,available,0,green,0.999730308867,9.2058993027e-05,5.11152050411e-05,7.3516046355e-05,5.30008883141e-05
2,2019-04-09,valid,1,False,1,1,development_already_exposed,memory_ngboost,available,0,green,0.999715229145,9.20576044284e-05,6.61982246587e-05,7.35149374544e-05,5.30000888598e-05
2,2019-04-10,valid,1,False,1,1,development_already_exposed,memory_ngboost,available,0,green,0.99971026993,9.20571477649e-05,7.11585238634e-05,7.35145727741e-05,5.29998259461e-05
2,2019-04-11,valid,1,False,1,1,development_already_exposed,memory_ngboost,available,0,green,0.99971026993,9.20571477649e-05,7.11585238634e-05,7.35145727741e-05,5.29998259461e-05
2,2019-04-12,valid,1,False,1,1,development_already_exposed,memory_ngboost,available,0,green,0.99971026993,9.20571477649e-05,7.11585238634e-05,7.35145727741e-05,5.29998259461e-05
2,2019-04-13,valid,1,False,1,1,development_already_exposed,memory_ngboost,available,0,green,0.99971026993,9.20571477649e-05,7.11585238634e-05,7.35145727741e-05,5.29998259461e-05
2,2019-04-14,valid,2,True,1,1,development_already_exposed,memory_ngboost,available,0,green,0.99971026993,9.20571477649e-05,7.11585238634e-05,7.35145727741e-05,5.29998259461e-05
2,2019-04-15,valid,2,False,1,1,development_already_exposed,memory_ngboost,available,0,green,0.99971026993,9.20571477649e-05,7.11585238634e-05,7.35145727741e-05,5.29998259461e-05
2,2019-04-16,valid,2,False,1,1,development_already_exposed,memory_ngboost,available,0,green,0.99971026993,9.20571477649e-05,7.11585238634e-05,7.35145727741e-05,5.29998259461e-05
2,2019-04-17,valid,2,False,1,1,development_already_exposed,memory_ngboost,available,0,green,0.961135498211,0.0386287500533,6.84128045321e-05,7.06779430545e-05,9.66609877684e-05
2,2019-04-18,valid,2,False,1,1,development_already_exposed,memory_ngboost,available,0,green,0.958594806492,0.0385266377646,0.000795105325642,0.000903273874611,0.00118017654361
2,2019-04-19,valid,2,False,1,1,development_already_exposed,memory_ngboost,available,0,green,0.958594806492,0.0385266377646,0.000795105325642,0.000903273874611,0.00118017654361
2,2019-04-20,valid,2,False,1,1,development_already_exposed,memory_ngboost,available,0,green,0.958594806492,0.0385266377646,0.000795105325642,0.000903273874611,0.00118017654361
2,2019-04-21,valid,2,False,2,2,development_already_exposed,memory_ngboost,available,0,green,0.972772363411,0.025704849625,0.000279092005376,4.60636781958e-05,0.00119763128049
2,2019-04-22,valid,2,False,2,2,development_already_exposed,memory_ngboost,available,0,green,0.972772363411,0.025704849625,0.000279092005376,4.60636781958e-05,0.00119763128049
2,2019-04-23,valid,2,False,2,2,development_already_exposed,memory_ngboost,available,0,green,0.969440268115,0.0256168012678,0.00137588891981,4.59058935267e-05,0.00352113580378
2,2019-04-24,valid,2,False,2,2,development_already_exposed,memory_ngboost,available,1,blue,0.231055421193,0.746080489157,0.00195955229908,0.000657188888126,0.0202473484619
2,2019-04-25,valid,2,False,2,2,development_already_exposed,memory_ngboost,available,1,blue,0.231055421193,0.746080489157,0.00195955229908,0.000657188888126,0.0202473484619
2,2019-04-26,valid,2,False,2,2,development_already_exposed,memory_ngboost,available,1,blue,0.231055421193,0.746080489157,0.00195955229908,0.000657188888126,0.0202473484619
2,2019-04-27,valid,2,False,2,2,development_already_exposed,memory_ngboost,available,1,blue,0.231556517548,0.747698534783,0.000238031599234,0.000215656616452,0.0202912594529
2,2019-04-28,valid,2,False,2,2,development_already_exposed,memory_ngboost,available,1,blue,0.231556517548,0.747698534783,0.000238031599234,0.000215656616452,0.0202912594529
2,2019-04-29,valid,2,False,2,2,development_already_exposed,memory_ngboost,available,1,blue,0.231556517548,0.747698534783,0.000238031599234,0.000215656616452,0.0202912594529
2,2019-04-30,valid,2,False,2,2,development_already_exposed,memory_ngboost,available,1,blue,0.231556517548,0.747698534783,0.000238031599234,0.000215656616452,0.0202912594529
2,2019-05-01,valid,2,False,2,2,development_already_exposed,memory_ngboost,available,1,blue,0.231556517548,0.747698534783,0.000238031599234,0.000215656616452,0.0202912594529
2,2019-05-02,valid,2,False,2,2,development_already_exposed,memory_ngboost,available,1,blue,0.231556517548,0.747698534783,0.000238031599234,0.000215656616452,0.0202912594529
2,2019-05-03,valid,2,False,2,2,development_already_exposed,memory_ngboost,available,1,blue,0.231556517548,0.747698534783,0.000238031599234,0.000215656616452,0.0202912594529
2,2019-05-04,valid,2,False,2,2,development_already_exposed,memory_ngboost,available,1,blue,0.231556517548,0.747698534783,0.000238031599234,0.000215656616452,0.0202912594529
2,2019-05-05,valid,2,False,2,2,development_already_exposed,memory_ngboost,available,2,yellow,0.112235721132,0.362410374493,0.515414177617,0.000104529020045,0.00983519773702
2,2019-05-06,valid,2,False,2,2,development_already_exposed,memory_ngboost,available,2,yellow,0.112235721132,0.362410374493,0.515414177617,0.000104529020045,0.00983519773702
2,2019-05-07,valid,2,False,2,2,development_already_exposed,memory_ngboost,available,3,orange,0.000621272121526,0.00200609449427,0.334830049576,0.661981988201,0.00056059560641
2,2019-05-08,valid,2,False,2,2,development_already_exposed,memory_ngboost,available,2,yellow,0.000233064521436,0.000752567895877,0.75046761186,0.248336453438,0.000210302284942
2,2019-05-09,valid,2,False,2,2,development_already_exposed,memory_ngboost,available,2,yellow,0.000250551654197,0.000809034039354,0.731744873741,0.266969459028,0.000226081537631
2,2019-05-10,valid,2,False,2,2,development_already_exposed,memory_ngboost,available,2,yellow,0.000250551654197,0.000809034039354,0.731744873741,0.266969459028,0.000226081537631
2,2019-05-11,valid,2,False,2,2,development_already_exposed,memory_ngboost,available,2,yellow,0.000250662029708,0.000368860480173,0.732067229283,0.267087067074,0.000226181133323
2,2019-05-12,valid,2,False,2,2,development_already_exposed,memory_ngboost,available,2,yellow,0.000250656552315,0.000390704129255,0.732051232363,0.267081230765,0.000226176190878
2,2019-05-13,valid,2,False,2,2,development_already_exposed,memory_ngboost,available,2,yellow,0.000248639362451,0.000365884034094,0.73422925934,0.264931861254,0.000224356009777
2,2019-05-14,valid,2,False,2,2,development_already_exposed,memory_ngboost,available,2,yellow,0.000248639362451,0.000365884034094,0.73422925934,0.264931861254,0.000224356009777
2,2019-05-15,valid,2,False,2,2,development_already_exposed,memory_ngboost,available,2,yellow,0.000248639362451,0.000365884034094,0.73422925934,0.264931861254,0.000224356009777
2,2019-05-16,valid,2,False,2,2,development_already_exposed,memory_ngboost,available,2,yellow,0.000248633973098,0.000387551488541,0.734213344638,0.264926118753,0.000224351146774
2,2019-05-17,valid,2,False,2,2,development_already_exposed,memory_ngboost,available,2,yellow,0.000250648604979,0.000422397816504,0.732028021892,0.267072762667,0.000226169019719
2,2019-05-18,valid,2,False,2,2,development_already_exposed,memory_ngboost,available,2,yellow,0.000250642332938,0.000447410488652,0.732009704177,0.267066079641,0.000226163360237
2,2019-05-19,valid,2,False,2,2,development_already_exposed,memory_ngboost,available,2,yellow,0.000250642332938,0.000447410488652,0.732009704177,0.267066079641,0.000226163360237
2,2019-05-20,valid,3,True,2,2,development_already_exposed,memory_ngboost,available,2,yellow,0.000248619982265,0.000443800480349,0.734172029866,0.264911211149,0.000224338522355
2,2019-05-21,valid,3,False,2,2,development_already_exposed,memory_ngboost,available,2,yellow,0.000248619982265,0.000443800480349,0.734172029866,0.264911211149,0.000224338522355
2,2019-05-22,valid,3,False,2,2,development_already_exposed,memory_ngboost,available,2,yellow,0.000248619982265,0.000443800480349,0.734172029866,0.264911211149,0.000224338522355
2,2019-05-23,valid,3,False,2,2,development_already_exposed,memory_ngboost,available,2,yellow,0.000248619982265,0.000443800480349,0.734172029866,0.264911211149,0.000224338522355
2,2019-05-24,valid,3,False,2,2,development_already_exposed,memory_ngboost,available,3,orange,0.000124323509255,0.000221924370774,0.367125933798,0.632415636863,0.000112181459053
2,2019-05-25,valid,3,False,2,2,development_already_exposed,memory_ngboost,available,3,orange,0.000124323509255,0.000221924370774,0.367125933798,0.632415636863,0.000112181459053
2,2019-05-26,valid,3,False,2,2,development_already_exposed,memory_ngboost,available,3,orange,0.000124323509255,0.000221924370774,0.367125933798,0.632415636863,0.000112181459053
2,2019-05-27,valid,3,False,3,3,development_already_exposed,memory_ngboost,available,3,orange,0.000124323509255,0.000221924370774,0.367125933798,0.632415636863,0.000112181459053
2,2019-05-28,valid,3,False,3,3,development_already_exposed,memory_ngboost,available,3,orange,0.000124323509255,0.000221924370774,0.367125933798,0.632415636863,0.000112181459053
2,2019-05-29,valid,3,False,3,3,development_already_exposed,memory_ngboost,available,3,orange,0.000124323509255,0.000221924370774,0.367125933798,0.632415636863,0.000112181459053
2,2019-05-30,valid,3,False,3,3,development_already_exposed,memory_ngboost,available,3,orange,0.000124323509255,0.000221924370774,0.367125933798,0.632415636863,0.000112181459053
2,2019-05-31,valid,3,False,3,3,development_already_exposed,memory_ngboost,available,3,orange,0.000134074201577,0.000608858211862,0.391568397418,0.607567690318,0.000120979850427
2,2019-06-01,valid,3,False,3,3,development_already_exposed,memory_ngboost,available,3,orange,0.000134074201577,0.000608858211862,0.391568397418,0.607567690318,0.000120979850427
2,2019-06-02,valid,3,False,3,3,development_already_exposed,memory_ngboost,available,3,orange,0.000178349381048,0.000374413483127,0.000178349381048,0.999107956858,0.000160930896394
2,2019-06-03,valid,4,True,3,3,development_already_exposed,memory_ngboost,available,3,orange,0.000220482492278,0.000226494135442,0.000220482492278,0.999133591801,0.000198949079122
2,2019-06-04,valid,4,False,3,3,development_already_exposed,memory_ngboost,available,3,orange,0.000196433383522,0.000201789307229,0.000196433383522,0.9992280952,0.000177248725542
2,2019-06-05,valid,4,False,3,3,development_already_exposed,memory_ngboost,available,3,orange,0.000196433383522,0.000201789307229,0.000196433383522,0.9992280952,0.000177248725542
2,2019-06-06,valid,4,False,3,3,development_already_exposed,memory_ngboost,available,3,orange,0.000196432410966,0.00020673938491,0.000196432410966,0.999223147945,0.00017724784797
2,2019-06-07,valid,4,False,3,3,development_already_exposed,memory_ngboost,available,3,orange,0.000196432410966,0.00020673938491,0.000196432410966,0.999223147945,0.00017724784797
2,2019-06-08,valid,4,False,3,3,development_already_exposed,memory_ngboost,available,3,orange,0.000196432410966,0.00020673938491,0.000196432410966,0.999223147945,0.00017724784797
2,2019-06-09,valid,4,False,3,3,development_already_exposed,memory_ngboost,available,3,orange,0.000935032595328,0.000984094542638,0.000935032595328,0.99630212759,0.000843712676989
2,2019-06-10,valid,4,False,4,4,development_already_exposed,memory_ngboost,available,3,orange,0.000935054632215,0.000960549694112,0.000935054632215,0.99632560848,0.000843732561645
2,2019-06-11,valid,4,False,4,4,development_already_exposed,memory_ngboost,available,3,orange,0.000935054632215,0.000960549694112,0.000935054632215,0.99632560848,0.000843732561645
2,2019-06-12,valid,4,False,4,4,development_already_exposed,memory_ngboost,available,3,orange,0.000935054632215,0.000960549694112,0.000935054632215,0.99632560848,0.000843732561645
2,2019-06-13,valid,4,False,4,4,development_already_exposed,memory_ngboost,available,3,orange,0.000935104868506,0.000906875785599,0.000935104868506,0.996379136586,0.000843777891611
2,2019-06-14,valid,4,False,4,4,development_already_exposed,memory_ngboost,available,3,orange,0.000820321029796,0.000795557058246,0.000820321029796,0.996823596471,0.000740204411588
2,2019-06-15,valid,4,False,4,4,development_already_exposed,memory_ngboost,available,3,orange,0.000820321029796,0.000795557058246,0.000820321029796,0.996823596471,0.000740204411588
2,2019-06-16,valid,4,False,4,4,development_already_exposed,memory_ngboost,available,3,orange,0.000820321029796,0.000795557058246,0.000820321029796,0.996823596471,0.000740204411588
2,2019-06-17,valid,4,False,4,4,development_already_exposed,memory_ngboost,available,3,orange,0.000820321029796,0.000795557058246,0.000820321029796,0.996823596471,0.000740204411588
2,2019-06-18,valid,4,False,4,4,development_already_exposed,memory_ngboost,available,3,orange,0.000820321029796,0.000795557058246,0.000820321029796,0.996823596471,0.000740204411588
2,2019-06-19,valid,3,True,4,4,development_already_exposed,memory_ngboost,available,3,orange,0.000820321029796,0.000795557058246,0.000820321029796,0.996823596471,0.000740204411588
2,2019-06-20,valid,3,False,4,4,development_already_exposed,memory_ngboost,available,3,orange,0.000820372239314,0.000733180530696,0.000820372239314,0.996885824371,0.00074025061973
2,2019-06-21,valid,3,False,4,4,development_already_exposed,memory_ngboost,available,3,orange,0.000820372239314,0.000733180530696,0.000820372239314,0.996885824371,0.00074025061973
2,2019-06-22,valid,3,False,4,4,development_already_exposed,memory_ngboost,available,3,orange,0.000820372239314,0.000733180530696,0.000820372239314,0.996885824371,0.00074025061973
2,2019-06-23,valid,3,False,4,4,development_already_exposed,memory_ngboost,available,3,orange,0.000820372239314,0.000733180530696,0.000820372239314,0.996885824371,0.00074025061973
2,2019-06-24,valid,3,False,4,4,development_already_exposed,memory_ngboost,available,3,orange,0.000820372239314,0.000733180530696,0.000820372239314,0.996885824371,0.00074025061973
2,2019-06-25,valid,3,False,4,4,development_already_exposed,memory_ngboost,available,3,orange,0.000820372239314,0.000733180530696,0.000820372239314,0.996885824371,0.00074025061973
2,2019-06-26,valid,2,True,3,3,development_already_exposed,memory_ngboost,available,3,orange,0.000820372239314,0.000733180530696,0.000820372239314,0.996885824371,0.00074025061973
2,2019-06-27,valid,2,False,3,3,development_already_exposed,memory_ngboost,available,3,orange,0.000820372239314,0.000733180530696,0.000820372239314,0.996885824371,0.00074025061973
2,2019-06-28,valid,2,False,3,3,development_already_exposed,memory_ngboost,available,3,orange,0.00054727259515,0.000489106764611,0.333444500312,0.665025297087,0.000493823240606
2,2019-06-29,valid,1,True,3,3,development_already_exposed,memory_ngboost,available,2,yellow,0.000319101198522,0.000783307657471,0.658598831164,0.340010823786,0.000287936193648
2,2019-06-30,valid,1,False,3,3,development_already_exposed,memory_ngboost,available,3,orange,0.000593761708785,0.00443197649364,0.361769578899,0.632668910902,0.00053577199695
2,2019-07-01,valid,1,False,3,3,development_already_exposed,memory_ngboost,available,1,blue,0.388422044251,0.588251406062,0.00520071006588,0.00110478538035,0.0170210542404
2,2019-07-02,valid,1,False,3,3,development_already_exposed,memory_ngboost,available,1,blue,0.388422044251,0.588251406062,0.00520071006588,0.00110478538035,0.0170210542404
2,2019-07-03,valid,0,True,2,2,development_already_exposed,memory_ngboost,available,1,blue,0.251681525363,0.464347620051,0.180464358118,0.092477552674,0.0110289437943
2,2019-07-04,valid,0,False,2,2,development_already_exposed,memory_ngboost,available,1,blue,0.356907352386,0.621658701698,0.00477874952674,0.00101514842139,0.0156400479676
2,2019-07-05,valid,0,False,2,2,development_already_exposed,memory_ngboost,available,1,blue,0.247811976739,0.472583158701,0.177689757926,0.0910557304478,0.0108593761861
2,2019-07-06,valid,0,False,1,1,development_already_exposed,memory_ngboost,available,1,blue,0.349599041018,0.629405911143,0.00468089615034,0.000994361456094,0.0153197902324
2,2019-07-07,valid,0,False,1,1,development_already_exposed,memory_ngboost,available,1,blue,0.247811976739,0.472583158701,0.177689757926,0.0910557304478,0.0108593761861
2,2019-07-08,valid,0,False,1,1,development_already_exposed,memory_ngboost,available,1,blue,0.349599041018,0.629405911143,0.00468089615034,0.000994361456094,0.0153197902324
2,2019-07-09,valid,0,False,1,1,development_already_exposed,memory_ngboost,available,1,blue,0.247811976739,0.472583158701,0.177689757926,0.0910557304478,0.0108593761861
2,2019-07-10,valid,0,False,0,0,development_already_exposed,memory_ngboost,available,1,blue,0.351278960454,0.63243037946,0.000570095773116,0.000327158280165,0.0153934060332
2,2019-07-11,valid,0,False,0,0,development_already_exposed,memory_ngboost,available,1,blue,0.316649121176,0.603857181779,0.0275204353313,0.0380973709229,0.0138758907907
2,2019-07-12,valid,0,False,0,0,development_already_exposed,memory_ngboost,available,1,blue,0.351278960454,0.63243037946,0.000570095773116,0.000327158280165,0.0153934060332
2,2019-07-13,valid,0,False,0,0,development_already_exposed,memory_ngboost,available,1,blue,0.316649121176,0.603857181779,0.0275204353313,0.0380973709229,0.0138758907907
2,2019-07-14,valid,0,False,0,0,development_already_exposed,memory_ngboost,available,1,blue,0.316649121176,0.603857181779,0.0275204353313,0.0380973709229,0.0138758907907
2,2019-07-15,valid,0,False,0,0,development_already_exposed,memory_ngboost,available,1,blue,0.351278960454,0.63243037946,0.000570095773116,0.000327158280165,0.0153934060332
2,2019-07-16,valid,0,False,0,0,development_already_exposed,memory_ngboost,available,1,blue,0.316649121176,0.603857181779,0.0275204353313,0.0380973709229,0.0138758907907
2,2019-07-17,valid,0,False,0,0,development_already_exposed,memory_ngboost,available,1,blue,0.351352390959,0.632562581179,0.000361177359205,0.000327226668542,0.0153966238336
2,2019-07-18,valid,0,False,0,0,development_already_exposed,memory_ngboost,available,1,blue,0.316649121176,0.603857181779,0.0275204353313,0.0380973709229,0.0138758907907
2,2019-07-19,valid,0,False,0,0,development_already_exposed,memory_ngboost,available,1,blue,0.351278960454,0.63243037946,0.000570095773116,0.000327158280165,0.0153934060332
2,2019-07-20,valid,0,False,0,0,development_already_exposed,memory_ngboost,available,1,blue,0.316649121176,0.603857181779,0.0275204353313,0.0380973709229,0.0138758907907
2,2019-07-21,valid,0,False,0,0,development_already_exposed,memory_ngboost,available,1,blue,0.351278960454,0.63243037946,0.000570095773116,0.000327158280165,0.0153934060332
2,2019-07-22,valid,0,False,0,0,development_already_exposed,memory_ngboost,available,1,blue,0.174519888454,0.781667480425,0.0151677771484,0.0209972126218,0.00764764135138
2,2019-07-23,valid,0,False,0,0,development_already_exposed,memory_ngboost,available,1,blue,0.174519888454,0.781667480425,0.0151677771484,0.0209972126218,0.00764764135138
2,2019-07-24,valid,0,False,0,0,development_already_exposed,memory_ngboost,available,1,blue,0.189579545157,0.801628650388,0.000307671422233,0.00017656200607,0.0083075710268
2,2019-07-25,valid,0,False,0,0,development_already_exposed,memory_ngboost,available,1,blue,0.174519888454,0.781667480425,0.0151677771484,0.0209972126218,0.00764764135138
2,2019-07-26,valid,0,False,0,0,development_already_exposed,memory_ngboost,available,1,blue,0.189579545157,0.801628650388,0.000307671422233,0.00017656200607,0.0083075710268
2,2019-07-27,valid,0,False,0,0,development_already_exposed,memory_ngboost,available,1,blue,0.174519888454,0.781667480425,0.0151677771484,0.0209972126218,0.00764764135138
2,2019-07-28,valid,0,False,0,0,development_already_exposed,memory_ngboost,available,1,blue,0.191129298842,0.808181714717,4.38913117851e-06,4.26474855128e-07,0.000684170834888
2,2019-07-29,valid,0,False,0,0,development_already_exposed,memory_ngboost,available,1,blue,0.18238261263,0.816884302133,7.75822979644e-05,2.64194364994e-06,0.000652860995714
2,2019-07-30,valid,0,False,0,0,development_already_exposed,memory_ngboost,available,1,blue,0.191129298842,0.808181714717,4.38913117851e-06,4.26474855128e-07,0.000684170834888
2,2019-07-31,valid,0,False,0,0,development_already_exposed,memory_ngboost,available,1,blue,0.18238261263,0.816884302133,7.75822979644e-05,2.64194364994e-06,0.000652860995714
2,2019-08-01,valid,0,False,0,0,development_already_exposed,memory_ngboost,available,1,blue,0.191129298842,0.808181714717,4.38913117851e-06,4.26474855128e-07,0.000684170834888
2,2019-08-02,valid,0,False,0,0,development_already_exposed,memory_ngboost,available,1,blue,0.182383599041,0.81688872023,7.21742443667e-05,2.64195793882e-06,0.000652864526695
2,2019-08-03,valid,0,False,0,0,development_already_exposed,memory_ngboost,available,1,blue,0.343519538545,0.655099687823,0.000146127061191,4.97612820871e-06,0.00122967044252
2,2019-08-04,valid,0,False,0,0,development_already_exposed,memory_ngboost,available,1,blue,0.356638601328,0.642079689818,4.28132999958e-06,7.95782733239e-07,0.00127663174145
2,2019-08-05,valid,0,False,0,0,development_already_exposed,memory_ngboost,available,1,blue,0.182389365721,0.816914548952,4.05581167749e-05,2.64204147333e-06,0.000652885169233
2,2019-08-06,valid,0,False,0,0,development_already_exposed,memory_ngboost,available,1,blue,0.191129699199,0.808183407608,2.2944496528e-06,4.26475748461e-07,0.000684172268014
2,2019-08-07,valid,0,False,0,0,development_already_exposed,memory_ngboost,available,1,blue,0.355502239048,0.643140993843,7.90534100936e-05,5.14970626557e-06,0.0012725639929
2,2019-08-08,valid,0,False,0,0,development_already_exposed,memory_ngboost,available,1,blue,0.356638601328,0.642079689818,4.28132999958e-06,7.95782733239e-07,0.00127663174145
2,2019-08-09,valid,0,False,0,0,development_already_exposed,memory_ngboost,available,1,blue,0.343543496669,0.65514537652,7.63941318623e-05,4.97647525942e-06,0.00122975620358
2,2019-08-10,valid,0,False,0,0,development_already_exposed,memory_ngboost,available,1,blue,0.356638601328,0.642079689818,4.28132999958e-06,7.95782733239e-07,0.00127663174145
2,2019-08-11,valid,0,False,0,0,development_already_exposed,memory_ngboost,available,1,blue,0.316649121176,0.603857181779,0.0275204353313,0.0380973709229,0.0138758907907
2,2019-08-12,valid,0,False,0,0,development_already_exposed,memory_ngboost,available,1,blue,0.351278960454,0.63243037946,0.000570095773116,0.000327158280165,0.0153934060332
2,2019-08-13,valid,0,False,0,0,development_already_exposed,memory_ngboost,available,1,blue,0.316649121176,0.603857181779,0.0275204353313,0.0380973709229,0.0138758907907
2,2019-08-14,valid,0,False,0,0,development_already_exposed,memory_ngboost,available,1,blue,0.316649121176,0.603857181779,0.0275204353313,0.0380973709229,0.0138758907907
2,2019-08-15,valid,0,False,0,0,development_already_exposed,memory_ngboost,available,1,blue,0.189579545157,0.801628650388,0.000307671422233,0.00017656200607,0.0083075710268
2,2019-08-16,valid,0,False,0,0,development_already_exposed,memory_ngboost,available,1,blue,0.174519888454,0.781667480425,0.0151677771484,0.0209972126218,0.00764764135138
2,2019-08-17,valid,0,False,0,0,development_already_exposed,memory_ngboost,available,1,blue,0.351352390959,0.632562581179,0.000361177359205,0.000327226668542,0.0153966238336
2,2019-08-18,valid,0,False,0,0,development_already_exposed,memory_ngboost,available,1,blue,0.316649121176,0.603857181779,0.0275204353313,0.0380973709229,0.0138758907907
2,2019-08-19,valid,0,False,0,0,development_already_exposed,memory_ngboost,available,1,blue,0.351278960454,0.63243037946,0.000570095773116,0.000327158280165,0.0153934060332
2,2019-08-20,valid,0,False,0,0,development_already_exposed,memory_ngboost,available,1,blue,0.316649121176,0.603857181779,0.0275204353313,0.0380973709229,0.0138758907907
2,2019-08-21,valid,0,False,0,0,development_already_exposed,memory_ngboost,available,1,blue,0.351278960454,0.63243037946,0.000570095773116,0.000327158280165,0.0153934060332
2,2019-08-22,valid,0,False,0,0,development_already_exposed,memory_ngboost,available,1,blue,0.316649121176,0.603857181779,0.0275204353313,0.0380973709229,0.0138758907907
2,2019-08-23,valid,0,False,0,0,development_already_exposed,memory_ngboost,available,1,blue,0.316649121176,0.603857181779,0.0275204353313,0.0380973709229,0.0138758907907
2,2019-08-24,valid,0,False,0,0,development_already_exposed,memory_ngboost,available,1,blue,0.351278960454,0.63243037946,0.000570095773116,0.000327158280165,0.0153934060332
2,2019-08-25,valid,0,False,0,0,development_already_exposed,memory_ngboost,available,1,blue,0.316649121176,0.603857181779,0.0275204353313,0.0380973709229,0.0138758907907
2,2019-08-26,valid,0,False,0,0,development_already_exposed,memory_ngboost,available,1,blue,0.351278960454,0.63243037946,0.000570095773116,0.000327158280165,0.0153934060332
2,2019-08-27,valid,0,False,0,0,development_already_exposed,memory_ngboost,available,1,blue,0.316649121176,0.603857181779,0.0275204353313,0.0380973709229,0.0138758907907
2,2019-08-28,valid,0,False,0,0,development_already_exposed,memory_ngboost,available,1,blue,0.351278960454,0.63243037946,0.000570095773116,0.000327158280165,0.0153934060332
2,2019-08-29,valid,0,False,0,0,development_already_exposed,memory_ngboost,available,1,blue,0.316649121176,0.603857181779,0.0275204353313,0.0380973709229,0.0138758907907
2,2019-08-30,valid,0,False,0,0,development_already_exposed,memory_ngboost,available,1,blue,0.351278960454,0.63243037946,0.000570095773116,0.000327158280165,0.0153934060332
2,2019-08-31,valid,0,False,0,0,development_already_exposed,memory_ngboost,available,1,blue,0.174519888454,0.781667480425,0.0151677771484,0.0209972126218,0.00764764135138
2,2019-09-01,valid,0,False,0,0,development_already_exposed,memory_ngboost,available,1,blue,0.363068778903,0.620093804881,0.000589229642263,0.000338138547023,0.0159100480268
2,2019-09-02,valid,0,False,0,0,development_already_exposed,memory_ngboost,available,1,blue,0.351352390959,0.632562581179,0.000361177359205,0.000327226668542,0.0153966238336
2,2019-09-03,valid,0,False,0,0,development_already_exposed,memory_ngboost,available,0,green,0.983538535929,0.0144905973536,0.000169196200944,1.5250023013e-05,0.00178642049354
2,2019-09-04,valid,0,False,0,0,development_already_exposed,memory_ngboost,available,0,green,0.985021904796,0.0145124520143,3.42546054521e-05,1.52730230365e-05,0.000416115560829
2,2019-09-05,valid,0,False,0,0,development_already_exposed,memory_ngboost,available,0,green,0.984954721682,0.014511462197,3.42522691274e-05,1.52719813447e-05,0.000484291870334
2,2019-09-06,valid,0,False,0,0,development_already_exposed,memory_ngboost,available,0,green,0.987645331002,0.0118193946474,3.43458363468e-05,1.5313699948e-05,0.000485614814619
2,2019-09-07,valid,0,False,0,0,development_already_exposed,memory_ngboost,available,0,green,0.987455243417,0.0118171198226,3.43392259605e-05,1.53107525901e-05,0.000677986781867
2,2019-09-08,valid,0,False,0,0,development_already_exposed,memory_ngboost,available,0,green,0.987455243417,0.0118171198226,3.43392259605e-05,1.53107525901e-05,0.000677986781867
2,2019-09-09,valid,0,False,0,0,development_already_exposed,memory_ngboost,available,0,green,0.694614902779,0.00831262742428,0.29658477701,1.07701862872e-05,0.000476922600504
2,2019-09-10,valid,1,True,0,0,development_already_exposed,memory_ngboost,available,2,yellow,0.280606166522,0.00335808302689,0.715838735382,4.35087222385e-06,0.000192664197269
2,2019-09-11,unavailable_fold_terminal,,False,0,0,development_already_exposed,memory_ngboost,available,2,yellow,0.00264052553993,3.1599818734e-05,0.992298197254,0.00457927541563,0.000450401971513
2,2019-09-12,unavailable_fold_terminal,,False,0,0,development_already_exposed,memory_ngboost,available,2,yellow,0.00264054393384,2.43863694526e-07,0.992305109605,0.00457930731487,0.000474795282422
2,2019-09-13,unavailable_fold_terminal,,False,0,0,development_already_exposed,memory_ngboost,available,2,yellow,0.00264054393572,2.4315139154e-07,0.992305110312,0.00457930731813,0.000474795282761
2,2019-09-14,unavailable_fold_terminal,,False,0,0,development_already_exposed,memory_ngboost,available,2,yellow,0.00264054393572,2.4315139154e-07,0.992305110312,0.00457930731813,0.000474795282761
2,2019-09-15,unavailable_fold_terminal,,False,0,0,development_already_exposed,memory_ngboost,available,2,yellow,0.00264054393572,2.4315139154e-07,0.992305110312,0.00457930731813,0.000474795282761
2,2019-09-16,unavailable_fold_terminal,,False,0,0,development_already_exposed,memory_ngboost,available,2,yellow,0.000783758844739,7.21715140401e-08,0.997716024426,0.00135921715402,0.000140927404112
2,2019-09-17,unavailable_fold_terminal,,False,1,1,development_already_exposed,memory_ngboost,available,2,yellow,0.000629065054966,5.79267178308e-08,0.998138302694,0.00109094272995,0.000141631594352
3,2019-09-18,valid,1,False,,-1,historical_already_exposed_not_confirmatory,memory_ngboost,available,2,yellow,0.00214492089354,1.97512524958e-07,0.993652177279,0.00371978356873,0.000482920746451
3,2019-09-19,valid,1,False,,-1,historical_already_exposed_not_confirmatory,memory_ngboost,available,2,yellow,0.00266933507309,2.4580258966e-07,0.992100190791,0.0046292377375,0.000600990595929
3,2019-09-20,valid,1,False,,-1,historical_already_exposed_not_confirmatory,memory_ngboost,available,2,yellow,0.00266933507309,2.4580258966e-07,0.992100190791,0.0046292377375,0.000600990595929
3,2019-09-21,valid,1,False,,-1,historical_already_exposed_not_confirmatory,memory_ngboost,available,2,yellow,0.00266933507309,2.4580258966e-07,0.992100190791,0.0046292377375,0.000600990595929
3,2019-09-22,valid,1,False,,-1,historical_already_exposed_not_confirmatory,memory_ngboost,available,2,yellow,0.00266933507309,2.4580258966e-07,0.992100190791,0.0046292377375,0.000600990595929
3,2019-09-23,valid,1,False,,-1,historical_already_exposed_not_confirmatory,memory_ngboost,available,2,yellow,0.00266933507309,2.4580258966e-07,0.992100190791,0.0046292377375,0.000600990595929
3,2019-09-24,valid,1,False,,-1,historical_already_exposed_not_confirmatory,memory_ngboost,available,2,yellow,0.00214492089354,1.97512524958e-07,0.993652177279,0.00371978356873,0.000482920746451
3,2019-09-25,valid,1,False,1,1,historical_already_exposed_not_confirmatory,memory_ngboost,available,2,yellow,0.00214492089354,1.97512524958e-07,0.993652177279,0.00371978356873,0.000482920746451
3,2019-09-26,valid,1,False,1,1,historical_already_exposed_not_confirmatory,memory_ngboost,available,2,yellow,0.00214380100599,1.97409401426e-07,0.993133380196,0.00423995278037,0.000482668608047
3,2019-09-27,valid,1,False,1,1,historical_already_exposed_not_confirmatory,memory_ngboost,available,2,yellow,0.00214380100599,1.97409401426e-07,0.993133380196,0.00423995278037,0.000482668608047
3,2019-09-28,valid,1,False,1,1,historical_already_exposed_not_confirmatory,memory_ngboost,available,2,yellow,0.00214380100599,1.97409401426e-07,0.993133380196,0.00423995278037,0.000482668608047
3,2019-09-29,valid,1,False,1,1,historical_already_exposed_not_confirmatory,memory_ngboost,available,2,yellow,0.00214380100599,1.97409401426e-07,0.993133380196,0.00423995278037,0.000482668608047
3,2019-09-30,valid,1,False,1,1,historical_already_exposed_not_confirmatory,memory_ngboost,available,2,yellow,0.00214380100599,1.97409401426e-07,0.993133380196,0.00423995278037,0.000482668608047
3,2019-10-01,valid,1,False,1,1,historical_already_exposed_not_confirmatory,memory_ngboost,available,2,yellow,0.00214380100599,1.97409401426e-07,0.993133380196,0.00423995278037,0.000482668608047
3,2019-10-02,valid,2,True,1,1,historical_already_exposed_not_confirmatory,memory_ngboost,available,2,yellow,0.00214379632555,2.71752222889e-05,0.993131211945,0.00423994352353,0.00045787298325
3,2019-10-03,valid,2,False,1,1,historical_already_exposed_not_confirmatory,memory_ngboost,available,2,yellow,0.00214380392342,2.36311974248e-05,0.993134731723,0.0042399585504,0.000457874606007
3,2019-10-04,valid,2,False,1,1,historical_already_exposed_not_confirmatory,memory_ngboost,available,2,yellow,0.00214380392342,2.36311974248e-05,0.993134731723,0.0042399585504,0.000457874606007
3,2019-10-05,valid,2,False,1,1,historical_already_exposed_not_confirmatory,memory_ngboost,available,2,yellow,0.00214261014422,0.000122977001696,0.992581703726,0.00423759752555,0.000915111602666
3,2019-10-06,valid,2,False,1,1,historical_already_exposed_not_confirmatory,memory_ngboost,available,2,yellow,0.000274444198371,1.57519671694e-05,0.9990497999,0.000542788457834,0.000117215477063
3,2019-10-07,valid,2,False,1,1,historical_already_exposed_not_confirmatory,memory_ngboost,available,2,yellow,0.000274444198371,1.57519671694e-05,0.9990497999,0.000542788457834,0.000117215477063
3,2019-10-08,valid,2,False,1,1,historical_already_exposed_not_confirmatory,memory_ngboost,available,2,yellow,0.000274444092301,1.61384511068e-05,0.999049413777,0.000542788248051,0.00011721543176
3,2019-10-09,valid,2,False,2,2,historical_already_exposed_not_confirmatory,memory_ngboost,available,2,yellow,0.000274444092301,1.61384511068e-05,0.999049413777,0.000542788248051,0.00011721543176
3,2019-10-10,valid,2,False,2,2,historical_already_exposed_not_confirmatory,memory_ngboost,available,2,yellow,0.000274444092301,1.61384511068e-05,0.999049413777,0.000542788248051,0.00011721543176
3,2019-10-11,valid,2,False,2,2,historical_already_exposed_not_confirmatory,memory_ngboost,available,2,yellow,0.000274445419987,1.13008014899e-05,0.999054246906,0.000542790873913,0.000117215998816
3,2019-10-12,valid,2,False,2,2,historical_already_exposed_not_confirmatory,memory_ngboost,available,2,yellow,0.000274445419987,1.13008014899e-05,0.999054246906,0.000542790873913,0.000117215998816
3,2019-10-13,valid,2,False,2,2,historical_already_exposed_not_confirmatory,memory_ngboost,available,2,yellow,0.000274445419987,1.13008014899e-05,0.999054246906,0.000542790873913,0.000117215998816
3,2019-10-14,valid,2,False,2,2,historical_already_exposed_not_confirmatory,memory_ngboost,available,2,yellow,0.000274445419987,1.13008014899e-05,0.999054246906,0.000542790873913,0.000117215998816
3,2019-10-15,valid,2,False,2,2,historical_already_exposed_not_confirmatory,memory_ngboost,available,2,yellow,0.000274445419987,1.13008014899e-05,0.999054246906,0.000542790873913,0.000117215998816
3,2019-10-16,valid,2,False,2,2,historical_already_exposed_not_confirmatory,memory_ngboost,available,2,yellow,0.000274445419987,1.13008014899e-05,0.999054246906,0.000542790873913,0.000117215998816
3,2019-10-17,valid,2,False,2,2,historical_already_exposed_not_confirmatory,memory_ngboost,available,2,yellow,0.00214268460473,8.82290306566e-05,0.992616198168,0.00423774479158,0.000915143404848
3,2019-10-18,valid,2,False,2,2,historical_already_exposed_not_confirmatory,memory_ngboost,available,2,yellow,0.00214268460473,8.82290306566e-05,0.992616198168,0.00423774479158,0.000915143404848
3,2019-10-19,valid,2,False,2,2,historical_already_exposed_not_confirmatory,memory_ngboost,available,2,yellow,0.00214268460473,8.82290306566e-05,0.992616198168,0.00423774479158,0.000915143404848
3,2019-10-20,valid,2,False,2,2,historical_already_exposed_not_confirmatory,memory_ngboost,available,2,yellow,0.00214268460473,8.82290306566e-05,0.992616198168,0.00423774479158,0.000915143404848
3,2019-10-21,valid,1,True,2,2,historical_already_exposed_not_confirmatory,memory_ngboost,available,2,yellow,0.00214380100599,1.97409401426e-07,0.993133380196,0.00423995278037,0.000482668608047
3,2019-10-22,valid,1,False,2,2,historical_already_exposed_not_confirmatory,memory_ngboost,available,2,yellow,0.00214380100599,1.97409401426e-07,0.993133380196,0.00423995278037,0.000482668608047
3,2019-10-23,valid,1,False,2,2,historical_already_exposed_not_confirmatory,memory_ngboost,available,2,yellow,0.00214380100475,1.97987704975e-07,0.993133379622,0.00423995277792,0.000482668607768
3,2019-10-24,valid,1,False,2,2,historical_already_exposed_not_confirmatory,memory_ngboost,available,2,yellow,0.164911934103,1.52302080667e-05,0.835048500162,1.21269439213e-05,1.22085832576e-05
3,2019-10-25,valid,1,False,2,2,historical_already_exposed_not_confirmatory,memory_ngboost,available,2,yellow,0.134002971764,1.23756546343e-05,0.86585131167,1.18977925068e-05,0.000121443118149
3,2019-10-26,valid,0,True,2,2,historical_already_exposed_not_confirmatory,memory_ngboost,available,0,green,0.998245046399,9.2191507188e-05,0.000669449022214,8.86317092573e-05,0.000904681362777
3,2019-10-27,valid,0,False,2,2,historical_already_exposed_not_confirmatory,memory_ngboost,available,0,green,0.998245046399,9.2191507188e-05,0.000669449022214,8.86317092573e-05,0.000904681362777
3,2019-10-28,valid,0,False,1,1,historical_already_exposed_not_confirmatory,memory_ngboost,available,0,green,0.998245046399,9.2191507188e-05,0.000669449022214,8.86317092573e-05,0.000904681362777
3,2019-10-29,valid,0,False,1,1,historical_already_exposed_not_confirmatory,memory_ngboost,available,0,green,0.998245046399,9.2191507188e-05,0.000669449022214,8.86317092573e-05,0.000904681362777
3,2019-10-30,valid,0,False,1,1,historical_already_exposed_not_confirmatory,memory_ngboost,available,0,green,0.998245046399,9.2191507188e-05,0.000669449022214,8.86317092573e-05,0.000904681362777
3,2019-10-31,valid,0,False,1,1,historical_already_exposed_not_confirmatory,memory_ngboost,available,0,green,0.998501480552,9.2215189801e-05,0.00066962099361,8.86544774117e-05,0.000648028786885
3,2019-11-01,valid,0,False,1,1,historical_already_exposed_not_confirmatory,memory_ngboost,available,0,green,0.998501480552,9.2215189801e-05,0.00066962099361,8.86544774117e-05,0.000648028786885
3,2019-11-02,valid,0,False,0,0,historical_already_exposed_not_confirmatory,memory_ngboost,available,0,green,0.995572990695,9.16761712588e-05,0.00193022026954,0.00175898467088,0.000646128193078
3,2019-11-03,valid,0,False,0,0,historical_already_exposed_not_confirmatory,memory_ngboost,available,0,green,0.998447803319,9.19408950077e-05,0.000234636753247,0.000577625082046,0.000647993950289
3,2019-11-04,valid,0,False,0,0,historical_already_exposed_not_confirmatory,memory_ngboost,available,0,green,0.998447803319,9.19408950077e-05,0.000234636753247,0.000577625082046,0.000647993950289
3,2019-11-05,valid,0,False,0,0,historical_already_exposed_not_confirmatory,memory_ngboost,available,0,green,0.998448045114,9.16987467153e-05,0.000234636810069,0.00057762522193,0.000647994107214
3,2019-11-06,valid,0,False,0,0,historical_already_exposed_not_confirmatory,memory_ngboost,available,0,green,0.998448045114,9.16987467153e-05,0.000234636810069,0.00057762522193,0.000647994107214
3,2019-11-07,valid,0,False,0,0,historical_already_exposed_not_confirmatory,memory_ngboost,available,0,green,0.998448045114,9.16987467153e-05,0.000234636810069,0.00057762522193,0.000647994107214
3,2019-11-08,valid,0,False,0,0,historical_already_exposed_not_confirmatory,memory_ngboost,available,0,green,0.998448045114,9.16987467153e-05,0.000234636810069,0.00057762522193,0.000647994107214
3,2019-11-09,valid,0,False,0,0,historical_already_exposed_not_confirmatory,memory_ngboost,available,0,green,0.998448045114,9.16987467153e-05,0.000234636810069,0.00057762522193,0.000647994107214
3,2019-11-10,valid,0,False,0,0,historical_already_exposed_not_confirmatory,memory_ngboost,available,0,green,0.998448045114,9.16987467153e-05,0.000234636810069,0.00057762522193,0.000647994107214
3,2019-11-11,valid,0,False,0,0,historical_already_exposed_not_confirmatory,memory_ngboost,available,0,green,0.998448045114,9.16987467153e-05,0.000234636810069,0.00057762522193,0.000647994107214
3,2019-11-12,valid,0,False,0,0,historical_already_exposed_not_confirmatory,memory_ngboost,available,0,green,0.998448045114,9.16987467153e-05,0.000234636810069,0.00057762522193,0.000647994107214
3,2019-11-13,valid,0,False,0,0,historical_already_exposed_not_confirmatory,memory_ngboost,available,0,green,0.999149253862,9.20319634255e-05,8.12171274451e-05,2.90478543288e-05,0.000648449192623
3,2019-11-14,valid,0,False,0,0,historical_already_exposed_not_confirmatory,memory_ngboost,available,0,green,0.999149253862,9.20319634255e-05,8.12171274451e-05,2.90478543288e-05,0.000648449192623
3,2019-11-15,valid,0,False,0,0,historical_already_exposed_not_confirmatory,memory_ngboost,available,0,green,0.999149253862,9.20319634255e-05,8.12171274451e-05,2.90478543288e-05,0.000648449192623
3,2019-11-16,valid,0,False,0,0,historical_already_exposed_not_confirmatory,memory_ngboost,available,0,green,0.999149253862,9.20319634255e-05,8.12171274451e-05,2.90478543288e-05,0.000648449192623
3,2019-11-17,valid,0,False,0,0,historical_already_exposed_not_confirmatory,memory_ngboost,available,0,green,0.999149253862,9.20319634255e-05,8.12171274451e-05,2.90478543288e-05,0.000648449192623
3,2019-11-18,valid,0,False,0,0,historical_already_exposed_not_confirmatory,memory_ngboost,available,0,green,0.999149253862,9.20319634255e-05,8.12171274451e-05,2.90478543288e-05,0.000648449192623
3,2019-11-19,valid,0,False,0,0,historical_already_exposed_not_confirmatory,memory_ngboost,available,0,green,0.999149253862,9.20319634255e-05,8.12171274451e-05,2.90478543288e-05,0.000648449192623
3,2019-11-20,valid,0,False,0,0,historical_already_exposed_not_confirmatory,memory_ngboost,available,0,green,0.999149253862,9.20319634255e-05,8.12171274451e-05,2.90478543288e-05,0.000648449192623
3,2019-11-21,valid,0,False,0,0,historical_already_exposed_not_confirmatory,memory_ngboost,available,0,green,0.999149253862,9.20319634255e-05,8.12171274451e-05,2.90478543288e-05,0.000648449192623
3,2019-11-22,valid,0,False,0,0,historical_already_exposed_not_confirmatory,memory_ngboost,available,0,green,0.999149253862,9.20319634255e-05,8.12171274451e-05,2.90478543288e-05,0.000648449192623
3,2019-11-23,valid,0,False,0,0,historical_already_exposed_not_confirmatory,memory_ngboost,available,0,green,0.999149253862,9.20319634255e-05,8.12171274451e-05,2.90478543288e-05,0.000648449192623
3,2019-11-24,valid,0,False,0,0,historical_already_exposed_not_confirmatory,memory_ngboost,available,0,green,0.999149253862,9.20319634255e-05,8.12171274451e-05,2.90478543288e-05,0.000648449192623
3,2019-11-25,valid,0,False,0,0,historical_already_exposed_not_confirmatory,memory_ngboost,available,0,green,0.999179003159,9.20347036429e-05,5.14449179127e-05,2.90487192178e-05,0.000648468499956
3,2019-11-26,valid,0,False,0,0,historical_already_exposed_not_confirmatory,memory_ngboost,available,0,green,0.999149253862,9.20319634255e-05,8.12171274451e-05,2.90478543288e-05,0.000648449192623
3,2019-11-27,valid,0,False,0,0,historical_already_exposed_not_confirmatory,memory_ngboost,available,0,green,0.999149253862,9.20319634255e-05,8.12171274451e-05,2.90478543288e-05,0.000648449192623
3,2019-11-28,valid,0,False,0,0,historical_already_exposed_not_confirmatory,memory_ngboost,available,0,green,0.999179003159,9.20347036429e-05,5.14449179127e-05,2.90487192178e-05,0.000648468499956
3,2019-11-29,valid,0,False,0,0,historical_already_exposed_not_confirmatory,memory_ngboost,available,0,green,0.999179003159,9.20347036429e-05,5.14449179127e-05,2.90487192178e-05,0.000648468499956
3,2019-11-30,valid,0,False,0,0,historical_already_exposed_not_confirmatory,memory_ngboost,available,0,green,0.999179003159,9.20347036429e-05,5.14449179127e-05,2.90487192178e-05,0.000648468499956
3,2019-12-01,valid,0,False,0,0,historical_already_exposed_not_confirmatory,memory_ngboost,available,0,green,0.999179003159,9.20347036429e-05,5.14449179127e-05,2.90487192178e-05,0.000648468499956
3,2019-12-02,valid,0,False,0,0,historical_already_exposed_not_confirmatory,memory_ngboost,available,0,green,0.999179003159,9.20347036429e-05,5.14449179127e-05,2.90487192178e-05,0.000648468499956
3,2019-12-03,valid,0,False,0,0,historical_already_exposed_not_confirmatory,memory_ngboost,available,0,green,0.999149253862,9.20319634255e-05,8.12171274451e-05,2.90478543288e-05,0.000648449192623
3,2019-12-04,valid,0,False,0,0,historical_already_exposed_not_confirmatory,memory_ngboost,available,0,green,0.998447776903,9.19673501541e-05,0.000234636747039,0.000577625066764,0.000647993933145
3,2019-12-05,valid,0,False,0,0,historical_already_exposed_not_confirmatory,memory_ngboost,available,0,green,0.999179003159,9.20347036429e-05,5.14449179127e-05,2.90487192178e-05,0.000648468499956
3,2019-12-06,valid,0,False,0,0,historical_already_exposed_not_confirmatory,memory_ngboost,available,0,green,0.998447776903,9.19673501541e-05,0.000234636747039,0.000577625066764,0.000647993933145
3,2019-12-07,valid,0,False,0,0,historical_already_exposed_not_confirmatory,memory_ngboost,available,0,green,0.999149253862,9.20319634255e-05,8.12171274451e-05,2.90478543288e-05,0.000648449192623
3,2019-12-08,valid,0,False,0,0,historical_already_exposed_not_confirmatory,memory_ngboost,available,0,green,0.998533667283,9.19752615451e-05,0.000148633022712,0.00057767475633,0.000648049676116
3,2019-12-09,valid,0,False,0,0,historical_already_exposed_not_confirmatory,memory_ngboost,available,0,green,0.999149253862,9.20319634255e-05,8.12171274451e-05,2.90478543288e-05,0.000648449192623
3,2019-12-10,valid,0,False,0,0,historical_already_exposed_not_confirmatory,memory_ngboost,available,0,green,0.998447776903,9.19673501541e-05,0.000234636747039,0.000577625066764,0.000647993933145
3,2019-12-11,valid,0,False,0,0,historical_already_exposed_not_confirmatory,memory_ngboost,available,0,green,0.999149253862,9.20319634255e-05,8.12171274451e-05,2.90478543288e-05,0.000648449192623
3,2019-12-12,valid,0,False,0,0,historical_already_exposed_not_confirmatory,memory_ngboost,available,0,green,0.998447776903,9.19673501541e-05,0.000234636747039,0.000577625066764,0.000647993933145
3,2019-12-13,valid,0,False,0,0,historical_already_exposed_not_confirmatory,memory_ngboost,available,0,green,0.999149253862,9.20319634255e-05,8.12171274451e-05,2.90478543288e-05,0.000648449192623
3,2019-12-14,valid,0,False,0,0,historical_already_exposed_not_confirmatory,memory_ngboost,available,0,green,0.998533667283,9.19752615451e-05,0.000148633022712,0.00057767475633,0.000648049676116
3,2019-12-15,valid,0,False,0,0,historical_already_exposed_not_confirmatory,memory_ngboost,available,0,green,0.999149253862,9.20319634255e-05,8.12171274451e-05,2.90478543288e-05,0.000648449192623
3,2019-12-16,valid,0,False,0,0,historical_already_exposed_not_confirmatory,memory_ngboost,available,0,green,0.998447776903,9.19673501541e-05,0.000234636747039,0.000577625066764,0.000647993933145
3,2019-12-17,valid,0,False,0,0,historical_already_exposed_not_confirmatory,memory_ngboost,available,0,green,0.999149253862,9.20319634255e-05,8.12171274451e-05,2.90478543288e-05,0.000648449192623
3,2019-12-18,valid,0,False,0,0,historical_already_exposed_not_confirmatory,memory_ngboost,available,0,green,0.998447776903,9.19673501541e-05,0.000234636747039,0.000577625066764,0.000647993933145
3,2019-12-19,valid,0,False,0,0,historical_already_exposed_not_confirmatory,memory_ngboost,available,0,green,0.999149253862,9.20319634255e-05,8.12171274451e-05,2.90478543288e-05,0.000648449192623
3,2019-12-20,valid,0,False,0,0,historical_already_exposed_not_confirmatory,memory_ngboost,available,0,green,0.998533667283,9.19752615451e-05,0.000148633022712,0.00057767475633,0.000648049676116
3,2019-12-21,valid,0,False,0,0,historical_already_exposed_not_confirmatory,memory_ngboost,available,0,green,0.999149253862,9.20319634255e-05,8.12171274451e-05,2.90478543288e-05,0.000648449192623
3,2019-12-22,valid,0,False,0,0,historical_already_exposed_not_confirmatory,memory_ngboost,available,0,green,0.998447776903,9.19673501541e-05,0.000234636747039,0.000577625066764,0.000647993933145
3,2019-12-23,valid,0,False,0,0,historical_already_exposed_not_confirmatory,memory_ngboost,available,0,green,0.999149253862,9.20319634255e-05,8.12171274451e-05,2.90478543288e-05,0.000648449192623
3,2019-12-24,valid,0,False,0,0,historical_already_exposed_not_confirmatory,memory_ngboost,available,0,green,0.998447776903,9.19673501541e-05,0.000234636747039,0.000577625066764,0.000647993933145
3,2019-12-25,valid,0,False,0,0,historical_already_exposed_not_confirmatory,memory_ngboost,available,0,green,0.999179003159,9.20347036429e-05,5.14449179127e-05,2.90487192178e-05,0.000648468499956
3,2019-12-26,valid,0,False,0,0,historical_already_exposed_not_confirmatory,memory_ngboost,available,0,green,0.998447776903,9.19673501541e-05,0.000234636747039,0.000577625066764,0.000647993933145
3,2019-12-27,valid,0,False,0,0,historical_already_exposed_not_confirmatory,memory_ngboost,available,0,green,0.999179003159,9.20347036429e-05,5.14449179127e-05,2.90487192178e-05,0.000648468499956
3,2019-12-28,valid,0,False,0,0,historical_already_exposed_not_confirmatory,memory_ngboost,available,0,green,0.998447776903,9.19673501541e-05,0.000234636747039,0.000577625066764,0.000647993933145
3,2019-12-29,valid,0,False,0,0,historical_already_exposed_not_confirmatory,memory_ngboost,available,0,green,0.999149253862,9.20319634255e-05,8.12171274451e-05,2.90478543288e-05,0.000648449192623
3,2019-12-30,valid,0,False,0,0,historical_already_exposed_not_confirmatory,memory_ngboost,available,0,green,0.9984475344,9.22102076805e-05,0.000234636690051,0.00057762492647,0.00064799377576
3,2019-12-31,valid,0,False,0,0,historical_already_exposed_not_confirmatory,memory_ngboost,available,0,green,0.999149011018,9.22749915599e-05,8.12171077052e-05,2.90478472687e-05,0.000648449035017
3,2020-01-01,valid,0,False,0,0,historical_already_exposed_not_confirmatory,memory_ngboost,available,0,green,0.9984475344,9.22102076805e-05,0.000234636690051,0.00057762492647,0.00064799377576
3,2020-01-02,valid,0,False,0,0,historical_already_exposed_not_confirmatory,memory_ngboost,available,0,green,0.9984475344,9.22102076805e-05,0.000234636690051,0.00057762492647,0.00064799377576
3,2020-01-03,valid,0,False,0,0,historical_already_exposed_not_confirmatory,memory_ngboost,available,0,green,0.999149011018,9.22749915599e-05,8.12171077052e-05,2.90478472687e-05,0.000648449035017
3,2020-01-04,valid,0,False,0,0,historical_already_exposed_not_confirmatory,memory_ngboost,available,0,green,0.9984475344,9.22102076805e-05,0.000234636690051,0.00057762492647,0.00064799377576
3,2020-01-05,valid,0,False,0,0,historical_already_exposed_not_confirmatory,memory_ngboost,available,0,green,0.999149011018,9.22749915599e-05,8.12171077052e-05,2.90478472687e-05,0.000648449035017
3,2020-01-06,valid,0,False,0,0,historical_already_exposed_not_confirmatory,memory_ngboost,available,2,yellow,0.454410754291,4.19664615133e-05,0.544989478963,0.000262887101716,0.00029491318299
3,2020-01-07,valid,0,False,0,0,historical_already_exposed_not_confirmatory,memory_ngboost,available,2,yellow,0.011820573289,1.09167230158e-06,0.916533669295,0.0697388091055,0.00190585663864
3,2020-01-08,valid,0,False,0,0,historical_already_exposed_not_confirmatory,memory_ngboost,available,2,yellow,0.011820573289,1.09167230158e-06,0.916533669295,0.0697388091055,0.00190585663864
3,2020-01-09,valid,0,False,0,0,historical_already_exposed_not_confirmatory,memory_ngboost,available,2,yellow,0.011820573289,1.09167230158e-06,0.916533669295,0.0697388091055,0.00190585663864
3,2020-01-10,valid,0,False,0,0,historical_already_exposed_not_confirmatory,memory_ngboost,available,2,yellow,0.011820573289,1.09167230158e-06,0.916533669295,0.0697388091055,0.00190585663864
3,2020-01-11,valid,0,False,0,0,historical_already_exposed_not_confirmatory,memory_ngboost,available,2,yellow,0.011820573289,1.09167230158e-06,0.916533669295,0.0697388091055,0.00190585663864
3,2020-01-12,valid,0,False,0,0,historical_already_exposed_not_confirmatory,memory_ngboost,available,2,yellow,0.011820573289,1.09167230158e-06,0.916533669295,0.0697388091055,0.00190585663864
3,2020-01-13,valid,0,False,0,0,historical_already_exposed_not_confirmatory,memory_ngboost,available,2,yellow,0.011820573289,1.09167230158e-06,0.916533669295,0.0697388091055,0.00190585663864
3,2020-01-14,valid,0,False,0,0,historical_already_exposed_not_confirmatory,memory_ngboost,available,2,yellow,0.0118207740709,8.2011173053e-05,0.916549237347,0.0697399936746,0.00180798373447
3,2020-01-15,valid,0,False,0,0,historical_already_exposed_not_confirmatory,memory_ngboost,available,2,yellow,0.0118208282907,7.74247214949e-05,0.9165534414,0.0697403135599,0.00180799202738
3,2020-01-16,valid,0,False,0,0,historical_already_exposed_not_confirmatory,memory_ngboost,available,2,yellow,0.0118207740709,8.2011173053e-05,0.916549237347,0.0697399936746,0.00180798373447
3,2020-01-17,valid,0,False,0,0,historical_already_exposed_not_confirmatory,memory_ngboost,available,2,yellow,0.0119232235141,7.80953954491e-05,0.924492876105,0.0616821516399,0.0018236533451
3,2020-01-18,valid,0,False,0,0,historical_already_exposed_not_confirmatory,memory_ngboost,available,2,yellow,0.001624385843,1.12698024407e-05,0.98971249526,0.00840339978287,0.000248449311783
3,2020-01-19,valid,0,False,0,0,historical_already_exposed_not_confirmatory,memory_ngboost,available,2,yellow,0.00162438686686,1.0639499845e-05,0.989713119085,0.00840340507961,0.000248449468383
3,2020-01-20,valid,0,False,0,0,historical_already_exposed_not_confirmatory,memory_ngboost,available,2,yellow,0.001624385843,1.12698024407e-05,0.98971249526,0.00840339978287,0.000248449311783
3,2020-01-21,valid,0,False,0,0,historical_already_exposed_not_confirmatory,memory_ngboost,available,2,yellow,0.00162438686686,1.0639499845e-05,0.989713119085,0.00840340507961,0.000248449468383
3,2020-01-22,valid,0,False,0,0,historical_already_exposed_not_confirmatory,memory_ngboost,available,2,yellow,0.001624385843,1.12698024407e-05,0.98971249526,0.00840339978287,0.000248449311783
3,2020-01-23,valid,0,False,0,0,historical_already_exposed_not_confirmatory,memory_ngboost,available,2,yellow,0.00162438686686,1.0639499845e-05,0.989713119085,0.00840340507961,0.000248449468383
3,2020-01-24,valid,0,False,0,0,historical_already_exposed_not_confirmatory,memory_ngboost,available,2,yellow,0.001624385843,1.12698024407e-05,0.98971249526,0.00840339978287,0.000248449311783
3,2020-01-25,valid,0,False,0,0,historical_already_exposed_not_confirmatory,memory_ngboost,available,2,yellow,0.00162438686686,1.0639499845e-05,0.989713119085,0.00840340507961,0.000248449468383
3,2020-01-26,valid,0,False,0,0,historical_already_exposed_not_confirmatory,memory_ngboost,available,2,yellow,0.001624385843,1.12698024407e-05,0.98971249526,0.00840339978287,0.000248449311783
3,2020-01-27,valid,0,False,0,0,historical_already_exposed_not_confirmatory,memory_ngboost,available,2,yellow,0.00162438686686,1.0639499845e-05,0.989713119085,0.00840340507961,0.000248449468383
3,2020-01-28,valid,0,False,0,0,historical_already_exposed_not_confirmatory,memory_ngboost,available,2,yellow,0.001624385843,1.12698024407e-05,0.98971249526,0.00840339978287,0.000248449311783
3,2020-01-29,valid,0,False,0,0,historical_already_exposed_not_confirmatory,memory_ngboost,available,2,yellow,0.00162438686686,1.0639499845e-05,0.989713119085,0.00840340507961,0.000248449468383
3,2020-01-30,valid,0,False,0,0,historical_already_exposed_not_confirmatory,memory_ngboost,available,2,yellow,0.0119231683509,8.27215728089e-05,0.924488598903,0.0616818662651,0.0018236449079
3,2020-01-31,valid,0,False,0,0,historical_already_exposed_not_confirmatory,memory_ngboost,available,2,yellow,0.0119232235141,7.80953954491e-05,0.924492876105,0.0616821516399,0.0018236533451
3,2020-02-01,valid,0,False,0,0,historical_already_exposed_not_confirmatory,memory_ngboost,available,2,yellow,0.0119231683509,8.27215728089e-05,0.924488598903,0.0616818662651,0.0018236449079
3,2020-02-02,valid,0,False,0,0,historical_already_exposed_not_confirmatory,memory_ngboost,available,2,yellow,0.0119233983232,6.34353157881e-05,0.924506430303,0.0616830559758,0.00182368008209
3,2020-02-03,valid,1,True,0,0,historical_already_exposed_not_confirmatory,memory_ngboost,available,2,yellow,0.0119229640756,1.10112845763e-06,0.924472759977,0.0616808094921,0.00192236532696
3,2020-02-04,valid,1,False,0,0,historical_already_exposed_not_confirmatory,memory_ngboost,available,2,yellow,0.0119229640756,1.10112845763e-06,0.924472759977,0.0616808094921,0.00192236532696
3,2020-02-05,valid,1,False,0,0,historical_already_exposed_not_confirmatory,memory_ngboost,available,2,yellow,0.011913885165,1.1002899877e-06,0.923768807044,0.0616338417624,0.00268236573868
3,2020-02-06,valid,1,False,0,0,historical_already_exposed_not_confirmatory,memory_ngboost,available,2,yellow,0.011913885165,1.1002899877e-06,0.923768807044,0.0616338417624,0.00268236573868
3,2020-02-07,valid,1,False,0,0,historical_already_exposed_not_confirmatory,memory_ngboost,available,2,yellow,0.011913885165,1.1002899877e-06,0.923768807044,0.0616338417624,0.00268236573868
3,2020-02-08,valid,1,False,0,0,historical_already_exposed_not_confirmatory,memory_ngboost,available,2,yellow,0.011913885165,1.1002899877e-06,0.923768807044,0.0616338417624,0.00268236573868
3,2020-02-09,valid,1,False,0,0,historical_already_exposed_not_confirmatory,memory_ngboost,available,2,yellow,0.011913885165,1.1002899877e-06,0.923768807044,0.0616338417624,0.00268236573868
3,2020-02-10,valid,1,False,1,1,historical_already_exposed_not_confirmatory,memory_ngboost,available,2,yellow,0.00212921476342,1.96640613319e-07,0.98637618382,0.0110150202045,0.000479384571246
3,2020-02-11,valid,1,False,1,1,historical_already_exposed_not_confirmatory,memory_ngboost,available,2,yellow,0.00212921476342,1.96640613319e-07,0.98637618382,0.0110150202045,0.000479384571246
3,2020-02-12,valid,1,False,1,1,historical_already_exposed_not_confirmatory,memory_ngboost,available,2,yellow,0.00212921476342,1.96640613319e-07,0.98637618382,0.0110150202045,0.000479384571246
3,2020-02-13,valid,1,False,1,1,historical_already_exposed_not_confirmatory,memory_ngboost,available,2,yellow,0.00212921476342,1.96640613319e-07,0.98637618382,0.0110150202045,0.000479384571246
3,2020-02-14,valid,1,False,1,1,historical_already_exposed_not_confirmatory,memory_ngboost,available,2,yellow,0.0021152261416,1.95348713966e-07,0.979895840154,0.0175125032689,0.000476235086474
3,2020-02-15,valid,1,False,1,1,historical_already_exposed_not_confirmatory,memory_ngboost,available,2,yellow,0.0021152261416,1.95348713966e-07,0.979895840154,0.0175125032689,0.000476235086474
3,2020-02-16,valid,2,True,1,1,historical_already_exposed_not_confirmatory,memory_ngboost,available,2,yellow,0.0021152261416,1.95348713966e-07,0.979895840154,0.0175125032689,0.000476235086474
3,2020-02-17,valid,2,False,1,1,historical_already_exposed_not_confirmatory,memory_ngboost,available,2,yellow,0.00211927745918,1.95722867663e-07,0.981772646216,0.0156307333765,0.000477147225153
3,2020-02-18,valid,2,False,1,1,historical_already_exposed_not_confirmatory,memory_ngboost,available,2,yellow,0.00610986175495,5.64267627404e-07,0.935616653246,0.0557075783724,0.00256534235912
3,2020-02-19,valid,2,False,1,1,historical_already_exposed_not_confirmatory,memory_ngboost,available,2,yellow,0.00590623461235,0.0311037535404,0.90443477822,0.0538509774442,0.00470425618286
3,2020-02-20,valid,2,False,1,1,historical_already_exposed_not_confirmatory,memory_ngboost,available,2,yellow,0.00591063735759,0.0303814992427,0.905108980342,0.0538911201324,0.00470776292494
3,2020-02-21,valid,2,False,1,1,historical_already_exposed_not_confirmatory,memory_ngboost,available,2,yellow,0.00591063735759,0.0303814992427,0.905108980342,0.0538911201324,0.00470776292494
3,2020-02-22,valid,2,False,1,1,historical_already_exposed_not_confirmatory,memory_ngboost,available,2,yellow,0.000820101320427,0.00421543500947,0.986833864809,0.00747739644746,0.000653202414126
3,2020-02-23,valid,2,False,2,2,historical_already_exposed_not_confirmatory,memory_ngboost,available,2,yellow,0.000820101320427,0.00421543500947,0.986833864809,0.00747739644746,0.000653202414126
3,2020-02-24,valid,3,True,2,2,historical_already_exposed_not_confirmatory,memory_ngboost,available,2,yellow,0.000820073991125,0.00424861883211,0.986800979262,0.00747714726847,0.000653180646614
3,2020-02-25,valid,3,False,2,2,historical_already_exposed_not_confirmatory,memory_ngboost,available,2,yellow,0.000820073991125,0.00424861883211,0.986800979262,0.00747714726847,0.000653180646614
3,2020-02-26,valid,3,False,2,2,historical_already_exposed_not_confirmatory,memory_ngboost,available,2,yellow,0.00436999508396,0.022639961285,0.929665302932,0.0398440837764,0.00348065692307
3,2020-02-27,valid,3,False,2,2,historical_already_exposed_not_confirmatory,memory_ngboost,available,2,yellow,0.00459553456498,0.02380843059,0.925548849239,0.0419004737274,0.0041467118787
3,2020-02-28,valid,3,False,2,2,historical_already_exposed_not_confirmatory,memory_ngboost,available,2,yellow,0.00459553456498,0.02380843059,0.925548849239,0.0419004737274,0.0041467118787
3,2020-02-29,valid,3,False,2,2,historical_already_exposed_not_confirmatory,memory_ngboost,available,2,yellow,0.00459553456498,0.02380843059,0.925548849239,0.0419004737274,0.0041467118787
3,2020-03-01,valid,3,False,2,2,historical_already_exposed_not_confirmatory,memory_ngboost,available,2,yellow,0.00445756569159,0.0531160223714,0.897761672319,0.040642521889,0.00402221772941
3,2020-03-02,valid,3,False,3,3,historical_already_exposed_not_confirmatory,memory_ngboost,available,2,yellow,0.00445756569159,0.0531160223714,0.897761672319,0.040642521889,0.00402221772941
3,2020-03-03,valid,3,False,3,3,historical_already_exposed_not_confirmatory,memory_ngboost,available,2,yellow,0.00433834944004,0.0784401490975,0.87375130685,0.0395555498849,0.00391464472796
3,2020-03-04,valid,2,True,3,3,historical_already_exposed_not_confirmatory,memory_ngboost,available,3,orange,0.000171722309435,0.00310484983785,0.0345851790774,0.961983297718,0.000154951057446
3,2020-03-05,valid,2,False,3,3,historical_already_exposed_not_confirmatory,memory_ngboost,available,3,orange,0.000171722309435,0.00310484983785,0.0345851790774,0.961983297718,0.000154951057446
3,2020-03-06,valid,3,True,3,3,historical_already_exposed_not_confirmatory,memory_ngboost,available,3,orange,0.000202508529721,0.00366148450797,0.0407855786948,0.955147919738,0.000202508529721
3,2020-03-07,valid,3,False,3,3,historical_already_exposed_not_confirmatory,memory_ngboost,available,2,yellow,0.00452650303467,0.0282973687603,0.91164577604,0.05100384913,0.00452650303467
3,2020-03-08,valid,3,False,3,3,historical_already_exposed_not_confirmatory,memory_ngboost,available,2,yellow,0.00452650303467,0.0282973687603,0.91164577604,0.05100384913,0.00452650303467
3,2020-03-09,valid,3,False,3,3,historical_already_exposed_not_confirmatory,memory_ngboost,available,2,yellow,0.00447386837128,0.0395964313063,0.901045061056,0.0504107708951,0.00447386837128
3,2020-03-10,valid,3,False,3,3,historical_already_exposed_not_confirmatory,memory_ngboost,available,2,yellow,0.00447386837128,0.0395964313063,0.901045061056,0.0504107708951,0.00447386837128
3,2020-03-11,valid,3,False,2,2,historical_already_exposed_not_confirmatory,memory_ngboost,available,2,yellow,0.00447386837128,0.0395964313063,0.901045061056,0.0504107708951,0.00447386837128
3,2020-03-12,valid,3,False,2,2,historical_already_exposed_not_confirmatory,memory_ngboost,available,2,yellow,0.00158377568395,0.0140173692808,0.96496937033,0.0178457090211,0.00158377568395
3,2020-03-13,valid,3,False,3,3,historical_already_exposed_not_confirmatory,memory_ngboost,available,2,yellow,0.00139811336442,0.0123741458618,0.851848267776,0.0143051050588,0.120074367938
3,2020-03-14,valid,3,False,3,3,historical_already_exposed_not_confirmatory,memory_ngboost,available,2,yellow,0.00140673392037,0.0100014418279,0.857100635601,0.0106764602859,0.120814728365
3,2020-03-15,valid,3,False,3,3,historical_already_exposed_not_confirmatory,memory_ngboost,available,2,yellow,0.00140673392037,0.0100014418279,0.857100635601,0.0106764602859,0.120814728365
3,2020-03-16,valid,3,False,3,3,historical_already_exposed_not_confirmatory,memory_ngboost,available,2,yellow,0.00141825874214,0.0100833797359,0.864122526465,0.00257131879257,0.121804516264
3,2020-03-17,valid,3,False,3,3,historical_already_exposed_not_confirmatory,memory_ngboost,available,2,yellow,0.00141825874214,0.0100833797359,0.864122526465,0.00257131879257,0.121804516264
3,2020-03-18,valid,3,False,3,3,historical_already_exposed_not_confirmatory,memory_ngboost,available,2,yellow,0.00142573316865,0.00486637750068,0.868676575827,0.00258487001054,0.122446443494
3,2020-03-19,valid,3,False,3,3,historical_already_exposed_not_confirmatory,memory_ngboost,available,2,yellow,0.00143115645244,0.00108103241126,0.871980896509,0.00259470248407,0.122912212143
3,2020-03-20,valid,3,False,3,3,historical_already_exposed_not_confirmatory,memory_ngboost,available,2,yellow,0.00143140468167,0.000907773307024,0.872132138636,0.00259515252641,0.122933530849
3,2020-03-21,valid,4,True,3,3,historical_already_exposed_not_confirmatory,memory_ngboost,available,2,yellow,0.00143140468167,0.000907773307024,0.872132138636,0.00259515252641,0.122933530849
3,2020-03-22,valid,4,False,3,3,historical_already_exposed_not_confirmatory,memory_ngboost,available,2,yellow,0.00143157416429,0.000789477779608,0.872235401706,0.00259545980028,0.122948086549
3,2020-03-23,valid,4,False,3,3,historical_already_exposed_not_confirmatory,memory_ngboost,available,2,yellow,0.00142905051591,0.00255093456135,0.870697782827,0.00259088439783,0.122731347698
3,2020-03-24,valid,4,False,3,3,historical_already_exposed_not_confirmatory,memory_ngboost,available,2,yellow,0.00142925442955,0.00240860686346,0.870822024169,0.00259125409552,0.122748860442
3,2020-03-25,valid,4,False,3,3,historical_already_exposed_not_confirmatory,memory_ngboost,available,2,yellow,0.00142925442955,0.00240860686346,0.870822024169,0.00259125409552,0.122748860442
3,2020-03-26,valid,4,False,3,3,historical_already_exposed_not_confirmatory,memory_ngboost,available,2,yellow,0.00142925442955,0.00240860686346,0.870822024169,0.00259125409552,0.122748860442
3,2020-03-27,valid,4,False,3,3,historical_already_exposed_not_confirmatory,memory_ngboost,available,2,yellow,0.00142925442955,0.00240860686346,0.870822024169,0.00259125409552,0.122748860442
3,2020-03-28,valid,4,False,4,4,historical_already_exposed_not_confirmatory,memory_ngboost,available,2,yellow,0.00143071733656,0.00138752663179,0.871713350178,0.00259390636212,0.122874499492
3,2020-03-29,valid,4,False,4,4,historical_already_exposed_not_confirmatory,memory_ngboost,available,2,yellow,0.00142894117932,0.00262724934484,0.870631165778,0.00259068616938,0.122721957528
3,2020-03-30,valid,4,False,4,4,historical_already_exposed_not_confirmatory,memory_ngboost,available,2,yellow,0.00142894117932,0.00262724934484,0.870631165778,0.00259068616938,0.122721957528
3,2020-03-31,valid,4,False,4,4,historical_already_exposed_not_confirmatory,memory_ngboost,available,2,yellow,0.000268038994585,0.000492816137645,0.9757331563,0.000485957663041,0.0230200309049
3,2020-04-01,valid,3,True,4,4,historical_already_exposed_not_confirmatory,memory_ngboost,available,2,yellow,0.000268038994585,0.000492816137645,0.9757331563,0.000485957663041,0.0230200309049
3,2020-04-02,valid,4,True,4,4,historical_already_exposed_not_confirmatory,memory_ngboost,available,4,red,0.0109248125585,0.0200863457868,0.0109248125585,0.0198068060519,0.938257223044
3,2020-04-03,valid,3,True,4,4,historical_already_exposed_not_confirmatory,memory_ngboost,available,3,orange,0.00110348995868,0.00214907063599,0.00110348995868,0.994648231787,0.000995717659169
3,2020-04-04,valid,4,True,4,4,historical_already_exposed_not_confirmatory,memory_ngboost,available,3,orange,0.00110348995868,0.00214907063599,0.00110348995868,0.994648231787,0.000995717659169
3,2020-04-05,valid,3,True,4,4,historical_already_exposed_not_confirmatory,memory_ngboost,available,3,orange,0.00110348995868,0.00214907063599,0.00110348995868,0.994648231787,0.000995717659169
3,2020-04-06,valid,3,False,4,4,historical_already_exposed_not_confirmatory,memory_ngboost,available,3,orange,0.00110348995868,0.00214907063599,0.00110348995868,0.994648231787,0.000995717659169
3,2020-04-07,valid,3,False,4,4,historical_already_exposed_not_confirmatory,memory_ngboost,available,3,orange,0.00110348995868,0.00214907063599,0.00110348995868,0.994648231787,0.000995717659169
3,2020-04-08,valid,3,False,3,3,historical_already_exposed_not_confirmatory,memory_ngboost,available,3,orange,0.00110348995868,0.00214907063599,0.00110348995868,0.994648231787,0.000995717659169
3,2020-04-09,valid,3,False,4,4,historical_already_exposed_not_confirmatory,memory_ngboost,available,3,orange,0.00110348995868,0.00214907063599,0.00110348995868,0.994648231787,0.000995717659169
3,2020-04-10,valid,3,False,3,3,historical_already_exposed_not_confirmatory,memory_ngboost,available,3,orange,0.00110348995868,0.00214907063599,0.00110348995868,0.994648231787,0.000995717659169
3,2020-04-11,valid,3,False,4,4,historical_already_exposed_not_confirmatory,memory_ngboost,available,3,orange,0.00110348995868,0.00214907063599,0.00110348995868,0.994648231787,0.000995717659169
3,2020-04-12,valid,3,False,3,3,historical_already_exposed_not_confirmatory,memory_ngboost,available,3,orange,0.00110348995868,0.00214907063599,0.00110348995868,0.994648231787,0.000995717659169
3,2020-04-13,valid,3,False,3,3,historical_already_exposed_not_confirmatory,memory_ngboost,available,3,orange,0.00110348995868,0.00214907063599,0.00110348995868,0.994648231787,0.000995717659169
3,2020-04-14,valid,3,False,3,3,historical_already_exposed_not_confirmatory,memory_ngboost,available,3,orange,0.00110348995868,0.00214907063599,0.00110348995868,0.994648231787,0.000995717659169
3,2020-04-15,valid,3,False,3,3,historical_already_exposed_not_confirmatory,memory_ngboost,available,3,orange,0.00110348995868,0.00214907063599,0.00110348995868,0.994648231787,0.000995717659169
3,2020-04-16,valid,3,False,3,3,historical_already_exposed_not_confirmatory,memory_ngboost,available,3,orange,0.00110348995868,0.00214907063599,0.00110348995868,0.994648231787,0.000995717659169
3,2020-04-17,valid,3,False,3,3,historical_already_exposed_not_confirmatory,memory_ngboost,available,3,orange,0.00110348995868,0.00214907063599,0.00110348995868,0.994648231787,0.000995717659169
3,2020-04-18,valid,3,False,3,3,historical_already_exposed_not_confirmatory,memory_ngboost,available,3,orange,0.00110348995868,0.00214907063599,0.00110348995868,0.994648231787,0.000995717659169
3,2020-04-19,valid,3,False,3,3,historical_already_exposed_not_confirmatory,memory_ngboost,available,3,orange,0.00110362260912,0.00202911905593,0.00110362260912,0.994767798372,0.000995837354308
3,2020-04-20,valid,3,False,3,3,historical_already_exposed_not_confirmatory,memory_ngboost,available,3,orange,0.00110348995868,0.00214907063599,0.00110348995868,0.994648231787,0.000995717659169
3,2020-04-21,valid,2,True,3,3,historical_already_exposed_not_confirmatory,memory_ngboost,available,3,orange,0.00110362260912,0.00202911905593,0.00110362260912,0.994767798372,0.000995837354308
3,2020-04-22,valid,2,False,3,3,historical_already_exposed_not_confirmatory,memory_ngboost,available,3,orange,0.00110362260912,0.00202911905593,0.00110362260912,0.994767798372,0.000995837354308
3,2020-04-23,valid,2,False,3,3,historical_already_exposed_not_confirmatory,memory_ngboost,available,3,orange,0.00110362260912,0.00202911905593,0.00110362260912,0.994767798372,0.000995837354308
3,2020-04-24,valid,2,False,3,3,historical_already_exposed_not_confirmatory,memory_ngboost,available,3,orange,0.00110362260912,0.00202911905593,0.00110362260912,0.994767798372,0.000995837354308
3,2020-04-25,valid,2,False,3,3,historical_already_exposed_not_confirmatory,memory_ngboost,available,1,blue,0.161083046101,0.296167073536,0.161083046101,0.236315956954,0.145350877309
3,2020-04-26,valid,2,False,3,3,historical_already_exposed_not_confirmatory,memory_ngboost,available,1,blue,0.161083046101,0.296167073536,0.161083046101,0.236315956954,0.145350877309
3,2020-04-27,valid,2,False,3,3,historical_already_exposed_not_confirmatory,memory_ngboost,available,3,orange,0.250625696,0.0037709160165,0.250625696,0.367678986839,0.127298705145
3,2020-04-28,valid,2,False,2,2,historical_already_exposed_not_confirmatory,memory_ngboost,available,3,orange,0.250625696,0.0037709160165,0.250625696,0.367678986839,0.127298705145
3,2020-04-29,valid,2,False,2,2,historical_already_exposed_not_confirmatory,memory_ngboost,available,3,orange,0.267745631417,2.47272685122e-05,0.267745631417,0.392794689696,0.0716893202021
3,2020-04-30,valid,2,False,2,2,historical_already_exposed_not_confirmatory,memory_ngboost,available,3,orange,0.267745631417,2.47272685122e-05,0.267745631417,0.392794689696,0.0716893202021
3,2020-05-01,valid,1,True,2,2,historical_already_exposed_not_confirmatory,memory_ngboost,available,3,orange,0.267745631417,2.47272685122e-05,0.267745631417,0.392794689696,0.0716893202021
3,2020-05-02,valid,1,False,2,2,historical_already_exposed_not_confirmatory,memory_ngboost,available,3,orange,0.267745668143,2.45901049406e-05,0.267745668143,0.392794743574,0.0716893300355
3,2020-05-03,valid,0,True,2,2,historical_already_exposed_not_confirmatory,memory_ngboost,available,2,yellow,0.0124576367813,1.14412531075e-06,0.96592976252,0.0182759044395,0.00333555213377
3,2020-05-04,valid,0,False,2,2,historical_already_exposed_not_confirmatory,memory_ngboost,available,2,yellow,0.0124694439653,1.14520969764e-06,0.966845258022,0.0182932261009,0.00239092670193
3,2020-05-05,valid,0,False,2,2,historical_already_exposed_not_confirmatory,memory_ngboost,available,2,yellow,0.454385501843,4.17313462113e-05,0.544959192888,0.000262872492593,0.000350701429683
3,2020-05-06,valid,0,False,2,2,historical_already_exposed_not_confirmatory,memory_ngboost,available,0,green,0.998325627615,9.16875037355e-05,0.000234608041771,0.000577554400584,0.000770522438487
3,2020-05-07,valid,0,False,2,2,historical_already_exposed_not_confirmatory,memory_ngboost,available,0,green,0.998325627615,9.16875037355e-05,0.000234608041771,0.000577554400584,0.000770522438487
3,2020-05-08,valid,0,False,1,1,historical_already_exposed_not_confirmatory,memory_ngboost,available,0,green,0.998325627615,9.16875037355e-05,0.000234608041771,0.000577554400584,0.000770522438487
3,2020-05-09,valid,0,False,1,1,historical_already_exposed_not_confirmatory,memory_ngboost,available,0,green,0.998325627615,9.16875037355e-05,0.000234608041771,0.000577554400584,0.000770522438487
3,2020-05-10,valid,0,False,0,0,historical_already_exposed_not_confirmatory,memory_ngboost,available,0,green,0.998325627615,9.16875037355e-05,0.000234608041771,0.000577554400584,0.000770522438487
3,2020-05-11,valid,0,False,0,0,historical_already_exposed_not_confirmatory,memory_ngboost,available,0,green,0.998325627615,9.16875037355e-05,0.000234608041771,0.000577554400584,0.000770522438487
3,2020-05-12,valid,0,False,0,0,historical_already_exposed_not_confirmatory,memory_ngboost,available,0,green,0.999026664366,9.20206716671e-05,8.12071626009e-05,2.90442903349e-05,0.000771063508987
3,2020-05-13,valid,1,True,0,0,historical_already_exposed_not_confirmatory,memory_ngboost,available,0,green,0.999056406364,9.20234112121e-05,5.14386057484e-05,2.90451550117e-05,0.0007710864643
3,2020-05-14,valid,2,True,0,0,historical_already_exposed_not_confirmatory,memory_ngboost,available,0,green,0.999056406364,9.20234112121e-05,5.14386057484e-05,2.90451550117e-05,0.0007710864643
3,2020-05-15,valid,2,False,0,0,historical_already_exposed_not_confirmatory,memory_ngboost,available,0,green,0.999056163565,9.22664167649e-05,5.14385932474e-05,2.90451479529e-05,0.000771086276904
3,2020-05-16,valid,3,True,0,0,historical_already_exposed_not_confirmatory,memory_ngboost,available,0,green,0.999056163565,9.22664167649e-05,5.14385932474e-05,2.90451479529e-05,0.000771086276904
3,2020-05-17,valid,3,False,0,0,historical_already_exposed_not_confirmatory,memory_ngboost,available,0,green,0.999056163565,9.22664167649e-05,5.14385932474e-05,2.90451479529e-05,0.000771086276904
3,2020-05-18,valid,4,True,0,0,historical_already_exposed_not_confirmatory,memory_ngboost,available,0,green,0.989077677605,0.0101484210818,3.43956468815e-05,1.53359088578e-05,0.000724169757387
3,2020-05-19,valid,4,False,0,0,historical_already_exposed_not_confirmatory,memory_ngboost,available,2,yellow,0.137533066088,0.172441137795,0.683607771354,0.000391184081792,0.0060268406811
3,2020-05-20,valid,4,False,1,1,historical_already_exposed_not_confirmatory,memory_ngboost,available,3,orange,0.000136372635135,0.000200678482246,0.0242947953164,0.975245099759,0.000123053807571
3,2020-05-21,valid,4,False,2,2,historical_already_exposed_not_confirmatory,memory_ngboost,available,3,orange,0.000136381966756,0.000132264847942,0.0242964577453,0.975311833212,0.000123062227819
3,2020-05-22,valid,4,False,2,2,historical_already_exposed_not_confirmatory,memory_ngboost,available,3,orange,0.000139758543764,0.000135539492348,0.000139758543764,0.999458834389,0.000126109031578
3,2020-05-23,valid,4,False,3,3,historical_already_exposed_not_confirmatory,memory_ngboost,available,3,orange,0.000139758543764,0.000135539492348,0.000139758543764,0.999458834389,0.000126109031578
3,2020-05-24,valid,4,False,3,3,historical_already_exposed_not_confirmatory,memory_ngboost,available,3,orange,0.000139758543764,0.000135539492348,0.000139758543764,0.999458834389,0.000126109031578
3,2020-05-25,valid,4,False,4,4,historical_already_exposed_not_confirmatory,memory_ngboost,available,3,orange,0.000139758543764,0.000135539492348,0.000139758543764,0.999458834389,0.000126109031578
3,2020-05-26,valid,4,False,4,4,historical_already_exposed_not_confirmatory,memory_ngboost,available,4,red,0.026178245177,0.0253879724725,0.026178245177,0.376553250206,0.545702286968
3,2020-05-27,valid,4,False,4,4,historical_already_exposed_not_confirmatory,memory_ngboost,available,4,red,0.00505341834174,0.00490086500773,0.00505341834174,0.0726894063511,0.912302891958
3,2020-05-28,valid,4,False,4,4,historical_already_exposed_not_confirmatory,memory_ngboost,available,4,red,0.00505341834174,0.00490086500773,0.00505341834174,0.0726894063511,0.912302891958
3,2020-05-29,valid,4,False,4,4,historical_already_exposed_not_confirmatory,memory_ngboost,available,4,red,0.00505341834174,0.00490086500773,0.00505341834174,0.0726894063511,0.912302891958
3,2020-05-30,valid,4,False,4,4,historical_already_exposed_not_confirmatory,memory_ngboost,available,4,red,0.00505341834174,0.00490086500773,0.00505341834174,0.0726894063511,0.912302891958
3,2020-05-31,valid,4,False,4,4,historical_already_exposed_not_confirmatory,memory_ngboost,available,4,red,0.00505341834174,0.00490086500773,0.00505341834174,0.0726894063511,0.912302891958
3,2020-06-01,valid,4,False,4,4,historical_already_exposed_not_confirmatory,memory_ngboost,available,4,red,0.00505341834174,0.00490086500773,0.00505341834174,0.0726894063511,0.912302891958
3,2020-06-02,valid,4,False,4,4,historical_already_exposed_not_confirmatory,memory_ngboost,available,4,red,0.00505341834174,0.00490086500773,0.00505341834174,0.0726894063511,0.912302891958
3,2020-06-03,valid,4,False,4,4,historical_already_exposed_not_confirmatory,memory_ngboost,available,4,red,0.00505341834174,0.00490086500773,0.00505341834174,0.0726894063511,0.912302891958
3,2020-06-04,valid,4,False,4,4,historical_already_exposed_not_confirmatory,memory_ngboost,available,4,red,0.00505341834174,0.00490086500773,0.00505341834174,0.0726894063511,0.912302891958
3,2020-06-05,valid,4,False,4,4,historical_already_exposed_not_confirmatory,memory_ngboost,available,4,red,0.00505341834174,0.00490086500773,0.00505341834174,0.0726894063511,0.912302891958
3,2020-06-06,valid,4,False,4,4,historical_already_exposed_not_confirmatory,memory_ngboost,available,4,red,0.00505341834174,0.00490086500773,0.00505341834174,0.0726894063511,0.912302891958
3,2020-06-07,valid,4,False,4,4,historical_already_exposed_not_confirmatory,memory_ngboost,available,4,red,0.00505341834174,0.00490086500773,0.00505341834174,0.0726894063511,0.912302891958
3,2020-06-08,valid,4,False,4,4,historical_already_exposed_not_confirmatory,memory_ngboost,available,4,red,0.00505341834174,0.00490086500773,0.00505341834174,0.0726894063511,0.912302891958
3,2020-06-09,valid,4,False,4,4,historical_already_exposed_not_confirmatory,memory_ngboost,available,4,red,0.00505341834174,0.00490086500773,0.00505341834174,0.0726894063511,0.912302891958
3,2020-06-10,valid,4,False,4,4,historical_already_exposed_not_confirmatory,memory_ngboost,available,4,red,0.00505341834174,0.00490086500773,0.00505341834174,0.0726894063511,0.912302891958
3,2020-06-11,valid,4,False,4,4,historical_already_exposed_not_confirmatory,memory_ngboost,available,4,red,0.00477747421351,0.00463325112131,0.00477747421351,0.0687201693889,0.917091631063
3,2020-06-12,valid,4,False,4,4,historical_already_exposed_not_confirmatory,memory_ngboost,available,4,red,0.00477747421351,0.00463325112131,0.00477747421351,0.0687201693889,0.917091631063
3,2020-06-13,valid,4,False,4,4,historical_already_exposed_not_confirmatory,memory_ngboost,available,4,red,0.00477747421351,0.00463325112131,0.00477747421351,0.0687201693889,0.917091631063
3,2020-06-14,valid,4,False,4,4,historical_already_exposed_not_confirmatory,memory_ngboost,available,4,red,0.00477747421351,0.00463325112131,0.00477747421351,0.0687201693889,0.917091631063
3,2020-06-15,valid,4,False,4,4,historical_already_exposed_not_confirmatory,memory_ngboost,available,4,red,0.00477747421351,0.00463325112131,0.00477747421351,0.0687201693889,0.917091631063
3,2020-06-16,valid,4,False,4,4,historical_already_exposed_not_confirmatory,memory_ngboost,available,4,red,0.00477747421351,0.00463325112131,0.00477747421351,0.0687201693889,0.917091631063
3,2020-06-17,valid,4,False,4,4,historical_already_exposed_not_confirmatory,memory_ngboost,available,4,red,0.00477747421351,0.00463325112131,0.00477747421351,0.0687201693889,0.917091631063
3,2020-06-18,valid,4,False,4,4,historical_already_exposed_not_confirmatory,memory_ngboost,available,4,red,5.91749590591e-05,5.73885767168e-05,5.91749590591e-05,0.000605461636898,0.999218799868
3,2020-06-19,valid,4,False,4,4,historical_already_exposed_not_confirmatory,memory_ngboost,available,4,red,5.91884031205e-05,5.74016149268e-05,5.91884031205e-05,0.000378407462749,0.999445814116
3,2020-06-20,valid,4,False,4,4,historical_already_exposed_not_confirmatory,memory_ngboost,available,4,red,5.91884031205e-05,5.74016149268e-05,5.91884031205e-05,0.000378407462749,0.999445814116
3,2020-06-21,valid,4,False,4,4,historical_already_exposed_not_confirmatory,memory_ngboost,available,4,red,5.91884031205e-05,5.74016149268e-05,5.91884031205e-05,0.000378407462749,0.999445814116
3,2020-06-22,valid,4,False,4,4,historical_already_exposed_not_confirmatory,memory_ngboost,available,4,red,5.91884031205e-05,5.74016149268e-05,5.91884031205e-05,0.000378407462749,0.999445814116
3,2020-06-23,valid,4,False,4,4,historical_already_exposed_not_confirmatory,memory_ngboost,available,4,red,5.91853596847e-05,0.000108818123311,5.91853596847e-05,0.000378388005241,0.999394423152
3,2020-06-24,unavailable_fold_terminal,,False,4,4,historical_already_exposed_not_confirmatory,memory_ngboost,available,4,red,5.918370506e-05,0.000136771736837,5.918370506e-05,0.000378377426778,0.999366483426
3,2020-06-25,unavailable_fold_terminal,,False,4,4,historical_already_exposed_not_confirmatory,memory_ngboost,available,4,red,5.918370506e-05,0.000136771736837,5.918370506e-05,0.000378377426778,0.999366483426
3,2020-06-26,unavailable_fold_terminal,,False,4,4,historical_already_exposed_not_confirmatory,memory_ngboost,available,4,red,5.918370506e-05,0.000136771736837,5.918370506e-05,0.000378377426778,0.999366483426
3,2020-06-27,unavailable_fold_terminal,,False,4,4,historical_already_exposed_not_confirmatory,memory_ngboost,available,4,red,5.918370506e-05,0.000136771736837,5.918370506e-05,0.000378377426778,0.999366483426
3,2020-06-28,unavailable_fold_terminal,,False,4,4,historical_already_exposed_not_confirmatory,memory_ngboost,available,4,red,5.918370506e-05,0.000136771736837,5.918370506e-05,0.000378377426778,0.999366483426
3,2020-06-29,unavailable_fold_terminal,,False,4,4,historical_already_exposed_not_confirmatory,memory_ngboost,available,4,red,5.918370506e-05,0.000136771736837,5.918370506e-05,0.000378377426778,0.999366483426
3,2020-06-30,unavailable_fold_terminal,,False,4,4,historical_already_exposed_not_confirmatory,memory_ngboost,available,4,red,5.918370506e-05,0.000136771736837,5.918370506e-05,0.000378377426778,0.999366483426
