fit_days,strategy,seed,epoch,loss_before_update,gradient_norm,anchor_loss,paired_loss,balanced_loss,anchor_weight,paired_weight,anchor_norm,paired_norm,gradient_dot,raw_anchor_slope,raw_paired_slope,update_norm,linear_anchor_change,linear_paired_change,elapsed_seconds
342,IN,0,1,0.01800820474584853,0.1541288550155236,0.01335883304087881,0.02265757645081825,0.016753995890184576,0.6348793918029103,0.36512060819708964,0.12212920330430059,0.2123608270102197,0.025304684301319377,-0.018708832146004613,-0.032531310771115284,0.004123092033661486,-0.0002920273249563965,-0.0005226484270257241,1.965996750164777
342,IN,0,2,0.017605781277537123,0.1498868985151187,0.013070517227369184,0.022141045327705063,0.016373510920734927,0.6358543122485406,0.3641456877514593,0.11858631601681505,0.20706992544265784,0.023958058274383943,-0.017666061166618324,-0.03084765672388697,0.06212548369442842,-0.0003000673350588953,-0.0005372503971640177,2.0803475412540138
342,IN,0,3,0.01717084474731182,0.14729867578758118,0.012759165109643715,0.02158252438497993,0.015958801795648042,0.6373675165933437,0.3626324834066564,0.11624691013495682,0.2043170642859376,0.02318531125455317,-0.017020713578833134,-0.029915825086805625,0.06933132671959225,-0.0003262836574885463,-0.0005855264185342197,2.19318416621536
342,IN,0,4,0.01669668091367255,0.14465720638962049,0.012420352196520457,0.020973009630824643,0.015506730622218997,0.6391322288533077,0.36086777114669233,0.11382969634428171,0.20160356050372336,0.022415527409321633,-0.016370405383869385,-0.028993594099517104,0.07269977995426063,-0.00035395271869515844,-0.0006389052690431159,2.3099485002458096
342,IN,0,5,0.01618113472513714,0.14181840267092147,0.012053418705326379,0.020308850744947905,0.015016126445317576,0.6411202071833633,0.3588797928166367,0.11123097616217799,0.19870839180610853,0.021604040311320426,-0.01568540432104909,-0.02802116438248132,0.07474299481890424,-0.00038236715263002217,-0.000694758137936243,2.4374352083541453
342,IN,0,6,0.015623164395548044,0.138701242056573,0.011658050861016843,0.019588277930079247,0.01448640357479664,0.6433453053552736,0.3566546946447265,0.10838959703397254,0.19551667046081647,0.020729701558994316,-0.014951562083298535,-0.02697011260036768,0.07638681049070842,-0.0004108383028873427,-0.0007520142185693212,2.5657176254317164
342,IN,0,7,0.01502253704633491,0.13522418000709893,0.011234577988066801,0.01881049610460302,0.013917705233934551,0.6458347087977108,0.3541652912022893,0.10524322595939449,0.19191527198975242,0.019773799811959984,-0.014156547030921285,-0.02581503511611487,0.077843155372388,-0.00043864360551609084,-0.0008095045838412521,2.7126188334077597
342,IN,0,8,0.01438006143131015,0.13129232857382336,0.010784107001200293,0.017976015861420006,0.013311180446777093,0.6486227099519166,0.35137729004808327,0.10172050733168922,0.1877703340307948,0.01871654005120526,-0.013287906264964613,-0.024528727425693838,0.07912888399563818,-0.00046484997964990827,-0.0008657842220300093,2.858233916107565
342,IN,0,9,0.013697883166408749,0.12679539329262277,0.010308782516748922,0.017086983816068574,0.012669288675377127,0.6517503605469589,0.3482496394530411,0.09774085373891349,0.18292233342884556,0.017537462670521912,-0.012333765144938901,-0.023082682562832576,0.08026455661307838,-0.0004882383800042031,-0.0009190065874436566,3.0035071251913905
342,IN,0,10,0.012979878895084295,0.12160445624076796,0.00981211044719315,0.01614764734297544,0.011996162759461394,0.6552695772757291,0.34473042272427096,0.09321249909697378,0.17717993786971897,0.016216375911746756,-0.011283633706216151,-0.021448127004213655,0.08137033354806579,-0.000507385657889462,-0.0009664800800371376,3.1504694162867963
342,IN,0,11,0.0122322377128125,0.11557163149459992,0.009299181790950444,0.015165293634674556,0.011298108875362315,0.6592415661916792,0.34075843380832094,0.08803438817411899,0.17031398838767425,0.014735580390989976,-0.010130430703485115,-0.019598637452707773,0.08246768085729998,-0.0005205920330973251,-0.0010043421824248746,3.299857333302498
342,IN,0,12,0.011464208993816737,0.10853050360890942,0.00877698452061982,0.014151433467013657,0.010584061238959889,0.663765208979688,0.336234791020312,0.08209552396747564,0.16206577688528542,0.013083734640293847,-0.00887276860420983,-0.017515840906677526,0.08341438402825863,-0.0005255783029941399,-0.0010284780154091546,3.448322375304997
342,IN,0,13,0.010688360468923935,0.10032799299510908,0.008254908475887392,0.01312181246196048,0.009865930346800753,0.6689842504550354,0.33101574954496465,0.07530287554780807,0.1521874346604651,0.01126724574997479,-0.007523126420076466,-0.0152042707820755,0.08412381478019483,-0.0005198761750953442,-0.0010349668521515683,3.5967962914146483
342,IN,0,14,0.009920323028520606,0.09087951041314275,0.007744741278674145,0.012095904778367068,0.009158671804355853,0.6750454158338354,0.32495458416616463,0.06763324216863723,0.14049812591833566,0.009323146763044481,-0.006117429449343542,-0.01270806108817542,0.08456761470613185,-0.000501386010409488,-0.0010202207789050243,3.747635000385344
342,IN,0,15,0.009178160514511504,0.08025714975200351,0.007260051508041548,0.01109626952098146,0.008480323595432772,0.6819075236925703,0.3180924763074296,0.05922016237484184,0.1269526231694689,0.007329524715198569,-0.004722935194669782,-0.01012474447853684,0.08465625348650334,-0.00046895362303381256,-0.000981592797803846,3.8941936660557985
342,IN,0,16,0.008481094210391222,0.06885271907890601,0.006815008000417593,0.01014718042036485,0.007852319897199518,0.6886980125721279,0.31130198742787224,0.050513281287409825,0.11175128279319571,0.005411163662441998,-0.0034417820568795753,-0.007614305587524001,0.08421381714380562,-0.00042320668565691365,-0.0009192579378547675,4.040950333233923
342,IN,0,17,0.007846604082536377,0.057703763449297674,0.006422111934681803,0.009271096230390952,0.007300351093084939,0.6917360479221135,0.30826395207788637,0.04258483185718495,0.0955592215429525,0.003738183046475407,-0.002406788200654403,-0.005400768227631121,0.08320993429254461,-0.0003681247715001018,-0.0008382542846469848,4.187566833104938
342,IN,0,18,0.00728580645743097,0.048829385189029864,0.006088240229152178,0.008483372685709763,0.006852949401461826,0.6807236400575816,0.31927635994241843,0.037423685765529256,0.07979039726986561,0.0024991802250976386,-0.0017513045806202376,-0.0037339263990115953,0.08178492085000127,-0.00031175821406096175,-0.0007489242060728015,4.335066416300833
342,IN,0,19,0.0067991588572267,0.04457759118732459,0.005810873541781468,0.007787444172671932,0.006517404568447111,0.6425470379738751,0.35745296202612487,0.03717589085560982,0.0668262990965685,0.001841601650453924,-0.0015463160816446206,-0.0027796127703076713,0.080216574058541,-0.00026401102634496145,-0.0006650983740800891,4.4814259163104
342,IN,0,20,0.006375084988298294,0.04562592622151263,0.005577563115696739,0.0071726068608998494,0.006235044136116641,0.5877974993493491,0.41220250065065084,0.041798156190312685,0.059603839489809074,0.00180457803829178,-0.0017707842801944881,-0.0025251243506346586,0.07875121517112114,-0.0002329630461333917,-0.0005992815709612152,4.627805750351399
342,IN,0,21,0.005992882465831749,0.05071712922953562,0.005368931070028718,0.00661683386163478,0.005931893217467668,0.5488733968497562,0.45112660315024383,0.0488946467399068,0.059488779106568634,0.0022853980670970836,-0.0023431880758373828,-0.0028508928306637225,0.077464095641521,-0.0002229511823671773,-0.0005582325239229456,4.771783833391964
342,IN,0,22,0.00562833565961319,0.05756602043490382,0.00516304526212088,0.006093626057105501,0.005596070793499318,0.5346717515424404,0.4653282484575597,0.05598196063855714,0.0643244270009695,0.0030587092678821355,-0.0030989543576520158,-0.0035607624506961383,0.07637664530280606,-0.00023335246297519232,-0.0005420730450098677,4.909364333376288
342,IN,0,23,0.00525983376047107,0.06375364154890435,0.00494067287187496,0.005578994649067179,0.005238154752433263,0.5339625073315927,0.46603749266840727,0.06142925883673694,0.07038257991685617,0.0038431836387558898,-0.0038060039374844135,-0.004360729420581356,0.075526084244231,-0.000257888062472662,-0.0005444985406044682,5.035987125243992
342,IN,0,24,0.004873917090148249,0.06768360898169541,0.004690590944790856,0.005057243235505642,0.0048600323061612286,0.5378690774301524,0.4621309225698475,0.06437935392598497,0.074930419088078,0.00439102959883793,-0.004258537176625417,-0.004956464392506266,0.07491493458960344,-0.0002861963574914404,-0.0005547814330936207,5.162989750038832
342,IN,0,25,0.004468322250296796,0.0686958805549613,0.004412568812707516,0.004524075687886075,0.0044635474012609845,0.5428211177845775,0.4571788822154225,0.06456490493755494,0.07665969543042965,0.004558459259555205,-0.004346850049314338,-0.005161135158248473,0.07448131231371276,-0.0003073379538695496,-0.0005612961016723619,5.289878083392978
342,IN,0,26,0.004051479882936542,0.0667959074031351,0.0041166895139083635,0.00398627025196472,0.004057706880019678,0.547745992350629,0.45225400764937096,0.06214807411383629,0.07527044084163363,0.004327592227932887,-0.004072775801298909,-0.004932729362640956,0.07409045633858227,-0.00031314482703130873,-0.0005546848571976934,5.417911665979773
342,IN,0,27,0.003639262404422595,0.06239624461788307,0.0038198098563860224,0.0034587149524591674,0.0036582115396906227,0.5524768836722946,0.44752311632770525,0.057570196592983555,0.07107164221390155,0.003781701083592546,-0.00352348800237227,-0.004349821495660777,0.07353398966531921,-0.00029999947879812106,-0.0005297551741423121,5.545072541106492
342,IN,0,28,0.0032504631227833094,0.05612612124028878,0.0035408748839037218,0.002960051361662897,0.0032836938487158934,0.5572131200960655,0.44278687990393445,0.051420400344852,0.0647086059075645,0.003056526876723022,-0.002826693568285417,-0.003557175729961827,0.07259912497941283,-0.00026900592130940903,-0.0004860536364912803,5.671647374983877
342,IN,0,29,0.0029023405190926783,0.04869818070819892,0.0032965343935874806,0.002508146644597876,0.002951534577906747,0.5623983044854712,0.4376016955145288,0.044336641857593034,0.05698070291517422,0.0022917300374863813,-0.0021083925621522407,-0.002709670493278128,0.07114441534107609,-0.00022492154017837157,-0.00042712773401980096,5.798557000234723
342,IN,0,30,0.0026073052468834953,0.0408254839277487,0.0030980454349807613,0.0021165650587862293,0.0026747727466798327,0.5687405489021876,0.4312594510978123,0.03694603035141581,0.04872404657644315,0.0015974995141891763,-0.0014652728218095728,-0.001932386796036669,0.06913396571478352,-0.00017447557058429566,-0.0003590005710424313,5.925590541213751
342,IN,0,31,0.0023712015651863993,0.03318537082041679,0.0029498068220279823,0.0017925963083448159,0.002460505361080983,0.5771716077918683,0.4228283922081318,0.029847288034322232,0.04074231423540968,0.0010402389552068932,-0.0009540220114965311,-0.0013022645318795018,0.06663560933702893,-0.00012478484319375716,-0.00028856295358135794,6.051519541069865
342,IN,0,32,0.0021930368434345936,0.026418687107348224,0.002849314006053841,0.0015367596808153465,0.0023088773461003975,0.5882557776378172,0.4117442223621827,0.02362674250031742,0.03375534379774997,0.0006432547686206295,-0.0005932343166085195,-0.0008475492679312351,0.06379204588318345,-8.21542533760033e-05,-0.0002223164842797453,6.179060041438788
342,IN,0,33,0.0020658005266454447,0.021125246472323965,0.002788178984723241,0.0013434220685676489,0.0022103815277665366,0.6000728908125339,0.3999271091874661,0.018864917374884008,0.028305971873439154,0.00039580842500938325,-0.00037185152449742577,-0.0005579467211201777,0.0607917634280135,-5.118563505878793e-05,-0.00016555082073320157,6.305779500398785
342,IN,0,34,0.0019780719441430264,0.017732531758394062,0.0027539599164619786,0.0012021839718240747,0.0021419707054618534,0.6056201198924187,0.39437988010758135,0.015999213966357142,0.024568813900563403,0.0002651767526867759,-0.0002596038937893205,-0.00039865456939217894,0.05785756965176123,-3.4043532517987963e-05,-0.00012171965427906207,6.432257291395217
342,IN,0,35,0.0019162798293828225,0.016119819307121024,0.0027326646934136643,0.0010998949653519808,0.002075453971198204,0.5974871955792214,0.40251280442077864,0.014940057812782312,0.02217691747023075,0.00020890972851125866,-0.00021745116582986098,-0.00032278299179594715,0.055212091631935724,-3.01094048627086e-05,-9.172938923335005e-05,6.558510375209153
342,IN,0,36,0.0018673973244947078,0.015477114058200124,0.002711503495932125,0.0010232911530572905,0.0019972407474794862,0.5769117839546594,0.4230882160453406,0.014941998461419614,0.02037450976252568,0.00018625684510570106,-0.00020760631541317409,-0.00028308642321636456,0.05300491014243263,-3.650427965534269e-05,-7.3579213049364e-05,6.685053208377212
342,IN,0,37,0.0018213664004355578,0.014884755142029658,0.0026809900710102657,0.0009617427298608498,0.0019064487671649308,0.5494881479197116,0.4505118520802885,0.015150754645432377,0.018479336495282536,0.00016751978311458683,-0.00020160210595711607,-0.0002458935704078807,0.05126934843667024,-4.912673144749854e-05,-6.317986690839953e-05,6.811659500002861
342,IN,0,38,0.0017724304422121304,0.013855611654226363,0.002635936378155571,0.0009089245062686901,0.0018059882171383062,0.5194311200012259,0.480568879998774,0.015064068401477606,0.016282256815244783,0.0001392596739006113,-0.00018479637330189256,-0.00019974033099399107,0.04992903331534774,-6.372126695439092e-05,-5.6072058469849955e-05,6.937710875179619
342,IN,0,39,0.001719010374544208,0.012472100410730496,0.0025753724109623707,0.0008626483381260451,0.0017102133206676725,0.49486370629335097,0.505136293706649,0.014552484728881735,0.014256541488768924,0.00010367130832238469,-0.00015716780870886208,-0.00015397160191550128,0.048838820462643866,-7.700533945518034e-05,-4.9123839429999026e-05,7.064012083224952
342,IN,0,40,0.0016622527834289373,0.011334606523445433,0.0025013762213314476,0.000823129345526427,0.0016541948021475484,0.49519857215433594,0.5048014278456641,0.013730328113470098,0.013469135588657054,7.203465552062808e-05,-0.00012971897766426833,-0.00012725132889343833,0.047869571970260975,-8.771417842851072e-05,-4.132109612078842e-05,7.190206333063543
342,IN,0,41,0.0016039330712388686,0.010979612711543919,0.002416972656255958,0.0007908934862217794,0.0016572469852883871,0.5327867886336666,0.4672132113663335,0.012815991814760475,0.014614721835825245,5.484283295936001e-05,-0.00011313333763835674,-0.00012901165074394078,0.04699887090191973,-9.624128839536628e-05,-3.33316327866709e-05,7.31700862525031
342,IN,0,42,0.0015450734496835015,0.01121290800038137,0.0023245641628480713,0.0007655827365189317,0.001680826421301589,0.5870779916459548,0.4129220083540453,0.012003921029057455,0.01706675281781854,5.4456034635984566e-05,-0.00010708058180865967,-0.00015224340587486249,0.04627596415567912,-0.00010257824601976301,-2.6522278172178015e-05,7.44412050023675
342,IN,0,43,0.0014861029481347348,0.011591859737685135,0.0022264757315063714,0.000745730164763098,0.0016841963028276382,0.6337794683583531,0.366220531641647,0.011391886820796072,0.019714743847151373,6.487641962490035e-05,-0.00010600786147760564,-0.00018345668875502892,0.04572357232283668,-0.00010588886177054647,-2.1833637917836277e-05,7.571481541264802
342,IN,0,44,0.0014275651788721636,0.01185223823528635,0.002125824620557224,0.0007293057371871031,0.0016583833241148058,0.6652810771062578,0.3347189228937422,0.010969886753927918,0.021803541945860143,7.623477111109612e-05,-0.0001055760910839398,-0.0002098410660077593,0.045300053963839494,-0.00010541071085338006,-1.926098072358796e-05,7.6984493331983685
342,IN,0,45,0.0013704686765548875,0.01185570836783011,0.002026400673353342,0.000714536679756433,0.001610510974941868,0.6829780370210672,0.3170219629789329,0.010661200918289525,0.022968017758266318,7.97187105976698e-05,-0.00010290068880992524,-0.00022168467380346356,0.04491014799065239,-0.00010097818690937892,-1.807909779803398e-05,7.825319916009903
342,IN,0,46,0.00131622036992717,0.011532484361893882,0.0019320091051036649,0.0007004316347506748,0.0015501046764510398,0.6899062886046745,0.3100937113953255,0.010386182914567277,0.023107507969497017,7.083818244169902e-05,-9.638859491070436e-05,-0.00021444839200201177,0.04444235573670683,-9.316032066888994e-05,-1.7368646654685467e-05,7.952108750119805
342,IN,0,47,0.0012662605908497382,0.010878305508895703,0.0018457096523230216,0.0006868115293764548,0.0014842635012421719,0.6881122301226515,0.3118877698773485,0.010107083947908532,0.022299072766358258,5.0320205718297424e-05,-8.598708580123454e-05,-0.00018971172032716677,0.0438051653200381,-8.319276353262304e-05,-1.651522725319781e-05,8.078379416372627
342,IN,0,48,0.0012215534586246936,0.009951832860625684,0.001769173613191776,0.0006739333040576113,0.0014168306294074539,0.6782961868314867,0.3217038131685132,0.009835931099130536,0.020738562259387194,2.2951452486016278e-05,-7.3005701055514e-05,-0.0001539288209088636,0.04295508197231212,-7.27846102155793e-05,-1.543973288533352e-05,8.203946041408926
342,IN,0,49,0.0011821473510258318,0.008861329256703762,0.001702318339271521,0.0006619763627801427,0.0013490007175845455,0.660383191613048,0.33961680838695196,0.009613709238557786,0.018693809709692078,-4.6586083522850355e-06,-5.945272168717215e-05,-0.00011560552107045079,0.041918938576936744,-6.366111469621917e-05,-1.4502429096809072e-05,8.33060154132545
342,IN,0,50,0.001147094109740763,0.007759956242560499,0.0016435063461358954,0.0006506818733456304,0.0012805698967821772,0.6344404682796446,0.3655595317203554,0.00948663780936659,0.0164643687605391,-2.637211452215162e-05,-4.745671493003786e-05,-8.236267373889491e-05,0.04078481853996581,-5.682090970452467e-05,-1.42064523763316e-05,8.458363583311439
342,IN,0,51,0.0011148585477233994,0.006853175450562388,0.0015904178218098498,0.0006392992736369491,0.0012117317154755878,0.6018518332318107,0.3981481667681894,0.00949175670499515,0.014348003206599418,-3.818926265544125e-05,-3.9017920327660987e-05,-5.8980572656429717e-05,0.03965434205112368,-5.2255331555472354e-05,-1.4914037143877671e-05,8.58617683313787
342,IN,0,52,0.0010838769444180408,0.006362794380426551,0.0015409715622050522,0.0006267823266310294,0.0011450594004838094,0.5669253735276721,0.433074626472328,0.009632258053588885,0.012609308329668978,-3.900867695846181e-05,-3.570589200803481e-05,-4.6741542742142805e-05,0.03861804528038538,-4.942250155613861e-05,-1.6667563179026544e-05,8.713441958185285
342,IN,0,53,0.0010529151374134528,0.006386254022282961,0.0014937166461631206,0.0006121136286637847,0.0010854254545018575,0.5368763677563403,0.46312363224365966,0.009854622462645698,0.01142397741122332,-3.056438792643554e-05,-3.798289782018783e-05,-4.4031698662775006e-05,0.03774604569186672,-4.767910743424873e-05,-1.9161802319873714e-05,8.839838333427906
342,IN,0,54,0.0010212453262219614,0.0067738992106704385,0.0014478631941316831,0.0005946274583122395,0.001036295296327135,0.517638701092049,0.48236129890795093,0.010060421540970596,0.01079618856383474,-1.672843556134913e-05,-4.432214053887169e-05,-4.7563631887762585e-05,0.03706461718356322,-4.639138715861131e-05,-2.189596947106017e-05,8.966429583262652
342,IN,0,55,0.0009887003747287748,0.00722933538566966,0.0014032215395840411,0.0005741792098735083,0.0009965137051462763,0.5094245253076881,0.49057547469231194,0.010145432252384174,0.010535243353642344,-2.320867366124005e-06,-5.129640164745591e-05,-5.32673286931791e-05,0.03654180527089099,-4.497772760999659e-05,-2.4372265782672275e-05,9.09315983299166
342,IN,0,56,0.0009556077280569067,0.007492224695305326,0.0013600879600954925,0.0005511274960183208,0.0009619723680674103,0.5078676774615484,0.4921323225384516,0.010037052714314137,0.010357975725480965,8.331117715571332e-06,-5.5263834829489564e-05,-5.703083125632044e-05,0.036102821206419035,-4.303846381144018e-05,-2.6190112725186083e-05,9.219608166255057
342,IN,0,57,0.000922626384714622,0.007416002281519655,0.0013190264688592538,0.0005262263005699902,0.0009288490844407677,0.5078490141337549,0.49215098586624506,0.009714412517956341,0.010024270928664829,1.2641389023216498e-05,-5.4147087331964226e-05,-5.587420468405973e-05,0.0356621419604116,-4.0470502320088476e-05,-2.7064993954728504e-05,9.34772358322516
342,IN,0,58,0.0008905476259327638,0.006963462552600396,0.0012806006812425212,0.0005004945706230065,0.0008945316507418199,0.5051070293577012,0.4948929706422987,0.009212663436338888,0.009402802902538783,1.0364881591788214e-05,-4.79995405955131e-05,-4.8990199495595326e-05,0.0351503684279412,-3.741654454582923e-05,-2.685461150702972e-05,9.4750444162637
342,IN,0,59,0.0008601321600471622,0.006179336727068727,0.001245205167466909,0.0004750591526274155,0.000856920351469078,0.495829610857944,0.5041703891420559,0.008616941438430089,0.008474386461832939,3.3504261160533237e-06,-3.85053671163664e-05,-3.7868350867926114e-05,0.03452576910258025,-3.408787051558544e-05,-2.559509004958552e-05,9.601909666322172
342,IN,0,60,0.000832006895529491,0.005165164410979244,0.0012130449690280435,0.0004509688220309386,0.0008138523981537367,0.4761775808791673,0.5238224191208326,0.008046723298559055,0.007314824823158274,-5.3811250183093194e-06,-2.8013628175426946e-05,-2.5465618135649526e-05,0.033773767653260824,-3.065008128289935e-05,-2.3510762959724814e-05,9.728317458182573
342,IN,0,61,0.0008065934391272221,0.00406908849751767,0.0011841768490015755,0.00042901002925286864,0.000763995294283124,0.44359107983813,0.5564089201618699,0.0076248694395679995,0.006078845873532623,-1.2808527217858119e-05,-1.866300062511691e-05,-1.4878878285967912e-05,0.03290115812046945,-2.7216328541509534e-05,-2.0967407165119005e-05,9.854960416443646
342,IN,0,62,0.0007840663689229128,0.0031122279676255387,0.0011585532992396028,0.0004095794386062226,0.0007102451418579086,0.40143684453476636,0.5985631554652336,0.007432035167608003,0.004984424314986525,-1.6889287156038792e-05,-1.2064117998057526e-05,-8.091011645163967e-06,0.03192761322644605,-2.3898646293898912e-05,-1.8354326242437146e-05,9.981843541376293
342,IN,0,63,0.0007643525348529235,0.0026153246457326033,0.001136026349071124,0.00039267872063472294,0.0006627369439594921,0.36330004024203943,0.6366999597579606,0.007469194233805052,0.00426191100553632,-1.7048054045541175e-05,-9.413600667398002e-06,-5.371386394602993e-06,0.03087802036379964,-2.0918126401194025e-05,-1.593648765591965e-05,10.109259375371039
342,IN,0,64,0.000747148065860341,0.002733362535966425,0.0011162409155221968,0.0003780552161984854,0.0006316357780491095,0.3435186594415765,0.6564813405584236,0.007656443880830809,0.004006406847444269,-1.4109816964841317e-05,-1.0874621432748504e-05,-5.690390793643509e-06,0.029782476187582667,-1.861674430546399e-05,-1.3815719620431204e-05,10.236215291079134
342,IN,0,65,0.0007319468832282138,0.0031517078521958275,0.0010985169771383823,0.0003653767893180453,0.0006148776918904655,0.3403181365820349,0.659681863417965,0.007867365568114203,0.004058633924052451,-9.807845746944962e-06,-1.4594083179575689e-05,-7.528827861149837e-06,0.028683714831974506,-1.7218002548210676e-05,-1.2032730425439824e-05,10.367315375246108
342,IN,0,66,0.0007181383411836348,0.003494054427370046,0.001081976837209347,0.0003542998451579227,0.0006034528167986708,0.34239501092146757,0.6576049890785325,0.007978936923734463,0.0041543909193449075,-6.037167973553281e-06,-1.7827970548648513e-05,-9.282484579786444e-06,0.027635161654289024,-1.6653206291405454e-05,-1.061019134405178e-05,10.499432833399624
342,IN,0,67,0.0007051615153293794,0.0035843313049348856,0.0010658385206724472,0.00034448450998631147,0.0005915751933711632,0.34253733912122375,0.6574626608787763,0.007912657450427388,0.004122486020459901,-4.096026325182808e-06,-1.8753329106391995e-05,-9.770464292499984e-06,0.02668464428404749,-1.6638925453503543e-05,-9.528455469200554e-06,10.6254239580594
342,IN,0,68,0.0006926186723334776,0.0033989980049594732,0.0010496142356714213,0.000335623108995534,0.0005777000698328053,0.3390475760732541,0.6609524239267459,0.007651575673060667,0.0039250150104295865,-4.2550384087063724e-06,-1.7037708352798123e-05,-8.73980260869649e-06,0.025860401995411834,-1.6845990142918077e-05,-8.737136689727216e-06,10.759249750059098
342,IN,0,69,0.0006802938105592629,0.0030122967355631727,0.0010331329615372734,0.0003274546595812524,0.0005630886410215312,0.3339113315332796,0.6660886684667204,0.007235715829975169,0.003627276099659624,-5.8472478855045755e-06,-1.3587337065529002e-05,-6.811354142964153e-06,0.02517038145087932,-1.7046499231403578e-05,-8.187883631204492e-06,10.90788545832038
342,IN,0,70,0.0006680898511923963,0.002566034502980953,0.00101642577119149,0.00031975393119330236,0.0005511757563936314,0.33218197135818084,0.667818028641819,0.006742734469919173,0.003353929861878322,-7.77373964498166e-06,-9.911033165898127e-06,-4.929885678498423e-06,0.024612423368028675,-1.7191434606647178e-05,-7.8434908541353e-06,11.054080415982753
342,IN,0,71,0.0006559369421433655,0.002226573440019991,0.0009995511899619882,0.00031232269432474285,0.000545777010616822,0.3397040689874251,0.6602959310125749,0.006259246312828626,0.0032202098201661164,-9.105007459722735e-06,-7.296982486226818e-06,-3.754096497459744e-06,0.024184218237598247,-1.737941584267495e-05,-7.66094074944122e-06,11.200113125145435
342,IN,0,72,0.0006437344493023208,0.0020951690796518854,0.0009824631538320509,0.00030500574477259067,0.0005468793084191315,0.35703139475932977,0.6429686052406702,0.0058515075031674735,0.003249259556799925,-9.451875931805451e-06,-6.147545477461991e-06,-3.413645267085942e-06,0.023881759296430848,-1.771279152269184e-05,-7.5831497326919716e-06,11.345301208086312
342,IN,0,73,0.000631367196583406,0.00213079273419494,0.0009650200464802317,0.0002977143466865803,0.0005493834105914602,0.3771420864271094,0.6228579135728906,0.005548390970040014,0.003359565161098886,-8.976147369059405e-06,-6.019319825998063e-06,-3.644713808044615e-06,0.023688559246654736,-1.8164187158049445e-05,-7.548666494437961e-06,11.485022291075438
342,IN,0,74,0.0006187741875018698,0.002207248381898201,0.0009471165644321495,0.0002904318105715902,0.0005476236182133661,0.3916518635917473,0.6083481364082526,0.005343068258598604,0.003439843924127237,-8.155339756850653e-06,-6.219739866309788e-06,-4.004241262377061e-06,0.023568873438504383,-1.8581003278431495e-05,-7.497970841873162e-06,11.6192361661233
342,IN,0,75,0.0006060038902852636,0.0022187715477395395,0.0009288033226766493,0.0002832044578938781,0.0005388838057195718,0.39603438260648716,0.6039656173935127,0.005208069458975716,0.003415052965528802,-7.4950108925735094e-06,-6.215302758132132e-06,-4.075519399849359e-06,0.023471763623856674,-1.877607119506343e-05,-7.380532902279477e-06,11.74808600032702
342,IN,0,76,0.0005932181281784071,0.0021137054007666933,0.0009103139152134917,0.00027612234114332253,0.0005233006059343811,0.3897533094057,0.6102466905943,0.0051140140489164525,0.0032662264796082916,-7.311407209506224e-06,-5.731510693318756e-06,-3.660610200834752e-06,0.023343686310225906,-1.8607788826033512e-05,-7.171011530138032e-06,11.878829750232399
342,IN,0,77,0.0005806500949135792,0.0018917131805370664,0.0008920142215241816,0.00026928596830297694,0.0005028936662447173,0.37513585859217247,0.6248641414078275,0.005043427440216743,0.0030278109394634087,-7.637348996503739e-06,-4.7697103268766704e-06,-2.8634854524977834e-06,0.02314404137621013,-1.8023665550094833e-05,-6.882230767529466e-06,12.007072416134179
342,IN,0,78,0.0005685392075206611,0.0016035382976065113,0.0008743125607846611,0.00026276585425666105,0.0004811667000153005,0.35712864353172646,0.6428713564682735,0.0049952107941522265,0.0027749453092310262,-8.261541326913832e-06,-3.6000123743397784e-06,-1.999883060599299e-06,0.022858545283012906,-1.707813307920621e-05,-6.5574970012009526e-06,12.142930208239704
342,IN,0,79,0.0005570664797437295,0.0013493871439939522,0.0008575561289483933,0.0002565768305390656,0.00046235837041426014,0.34241036325187446,0.6575896367481254,0.004979739660759522,0.002592976486935634,-8.868998375790264e-06,-2.6588647129186855e-06,-1.3844847627013221e-06,0.022503809896966227,-1.5925040367198334e-05,-6.242153648382151e-06,12.272443583235145
342,IN,0,80,0.0005463110259193613,0.0012379227139442338,0.0008419364638870427,0.00025068558795168,0.0004489263642243097,0.3352904567946924,0.6647095432053076,0.005007537900313466,0.002525884707351424,-9.210478533526578e-06,-2.2852613527223365e-06,-1.1527235176355302e-06,0.02211608212752612,-1.4764451028771475e-05,-5.962573512912887e-06,12.41911391634494
342,IN,0,81,0.0005362426353063931,0.0012848584337222231,0.0008274468913282739,0.0002450383792845125,0.00043948018999912387,0.3338581196766597,0.6661418803233403,0.005077832492894847,0.0025449167184745164,-9.211140150019747e-06,-2.472399347821729e-06,-1.2391213069397533e-06,0.021731306612781203,-1.3756849889404296e-05,-5.732750694775328e-06,12.563821208197623
342,IN,0,82,0.0005267510365105588,0.0013985738429114598,0.0008139249108144478,0.00023957716220666982,0.0004307550985217655,0.3328609484036667,0.6671390515963332,0.005175220813082783,0.0025821137346393025,-8.958863854589074e-06,-2.9381770427812994e-06,-1.4659678438818584e-06,0.021374526661436365,-1.2973213791795029e-05,-5.563187181218229e-06,12.708234833087772
342,IN,0,83,0.0005176933936027241,0.001495044345092376,0.0008011443784388904,0.00023424240876655789,0.0004207948002617988,0.32907345797910625,0.6709265420208937,0.00527677698224803,0.002588133185642902,-8.595139332601546e-06,-3.3961377613362666e-06,-1.6657245270549196e-06,0.02106006911546819,-1.2407266906893981e-05,-5.454477838486899e-06,12.839656583033502
342,IN,0,84,0.0005089363759841235,0.001554857133231158,0.0007888931215387106,0.00022897963042953632,0.0004098917920376488,0.32310734511813627,0.6768926548818637,0.005362649854580784,0.0025598025696026536,-8.200389931579021e-06,-3.741141668995308e-06,-1.785793277060858e-06,0.020793898976436142,-1.2019729113729502e-05,-5.390962454213205e-06,12.968310833442956
342,IN,0,85,0.0005003770184582053,0.0016112149355737475,0.0007770030603139835,0.00022375097660242717,0.0003999415759477108,0.31846350792443184,0.6815364920755681,0.00542190715336519,0.0025335100787380817,-7.756084780595933e-06,-4.075841507768488e-06,-1.9045301306683894e-06,0.020575566339494044,-1.1782367292839867e-05,-5.345452734079317e-06,13.09500466613099
342,IN,0,86,0.0004919392890088916,0.0017095371606611635,0.000765335502005068,0.00021854307601271535,0.0003929852673571332,0.3190281778827302,0.6809718221172698,0.005451385565354894,0.002553917133375735,-7.1962004114932355e-06,-4.580343534350287e-06,-2.145843050153511e-06,0.020399809607940945,-1.1692096681116708e-05,-5.292384990058802e-06,13.22695529134944
342,IN,0,87,0.00048355968905466787,0.0018589534084845396,0.0007537542168483599,0.00021336516126097574,0.0003894130112285965,0.32577982131089395,0.6742201786891061,0.005451255001346615,0.0026340191771058188,-6.492218538804198e-06,-5.303747422125451e-06,-2.5627442519113415e-06,0.020257556583281322,-1.1741945323437711e-05,-5.21974040863372e-06,13.356250666081905
342,IN,0,88,0.0004751840591715036,0.0020212051939921243,0.0007421291568649791,0.00020823896147802805,0.00038748676255171235,0.3357390763540239,0.6642609236459761,0.005422385701193029,0.002740650100206812,-5.701816358731053e-06,-6.083996061145085e-06,-3.075049495458522e-06,0.020136748568538965,-1.1884382685701399e-05,-5.12812517133272e-06,13.495172000024468
342,IN,0,89,0.0004667827603906532,0.002143075704564241,0.0007303758621784615,0.00020318965860284494,0.0003847169239458645,0.3443323518556045,0.6556676481443956,0.005366902227781276,0.0028184981697679115,-4.955140586339526e-06,-6.669099564335295e-06,-3.502363955650033e-06,0.02002318183651402,-1.2034287655915405e-05,-5.0198977151852566e-06,13.622130332980305
342,IN,0,90,0.00045836672070242415,0.002186264853977158,0.0007184897204025747,0.00019824372100227353,0.00037928707897421076,0.3479956754701234,0.6520043245298766,0.005289437325678836,0.0028231428009832834,-4.399857686275172e-06,-6.867548002254012e-06,-3.6654312187132916e-06,0.019901927903558242,-1.2107213594795572e-05,-4.894697666836023e-06,13.756165833212435
342,IN,0,91,0.0004499847520812362,0.002135980166493646,0.0007065421778585716,0.00019342732630390076,0.0003705026930135765,0.3450988919403922,0.6549011080596079,0.00519698608231685,0.0027385419208573797,-4.138586194560031e-06,-6.610295451835693e-06,-3.483282602141331e-06,0.01976047863289837,-1.2055947204278932e-05,-4.75573393211085e-06,13.882056375034153
342,IN,0,92,0.00044170147288544935,0.00199964292634965,0.0006946444881289483,0.0001887584576419504,0.00035871010528936505,0.3359484891958935,0.6640515108041065,0.005097716096062215,0.0025789716504792245,-4.184958037565085e-06,-5.951168053279446e-06,-3.01073920309155e-06,0.019592758747414854,-1.1880836049243714e-05,-4.615580004312281e-06,14.009528958238661
342,IN,0,93,0.0004335714440787225,0.0018046405208288817,0.0006829063311796196,0.00018423655697782546,0.00034511136834303657,0.3226079054474849,0.6773920945525151,0.005000210970695201,0.0023813498873457213,-4.455879167996296e-06,-5.047500936004926e-06,-2.4038717277686346e-06,0.019401225702873146,-1.161509659952933e-05,-4.491687935628277e-06,14.135881875175983
342,IN,0,94,0.00042562541878440327,0.0015937788833529816,0.0006714105003529872,0.00017984033721581933,0.0003313915606588802,0.308300289171074,0.691699710828926,0.004913664731338194,0.0021900894764663855,-4.805640713915841e-06,-4.119573056274969e-06,-1.8361516487969973e-06,0.019195158067060587,-1.1302397062120414e-05,-4.393983054689284e-06,14.26245891628787
342,IN,0,95,0.00041787248308316626,0.001412050519258696,0.0006602057123724596,0.00017553925379387285,0.0003189245758434717,0.29584329493341543,0.7041567050665846,0.004847788475998177,0.0020367422557510486,-5.0880622637238935e-06,-3.36983582708459e-06,-1.41579754519998e-06,0.01898568671252551,-1.0979749392265578e-05,-4.316488943197156e-06,14.38928729109466
342,IN,0,96,0.0004103109537283793,0.0012850518924402668,0.0006493102864149473,0.00017131162104181135,0.00030790516507992984,0.28576135025709887,0.7142386497429011,0.004810882753913074,0.0019247969179232369,-5.214544088047121e-06,-2.8894011817528647e-06,-1.1560270274219532e-06,0.018780333331372082,-1.066665328818883e-05,-4.242282044539178e-06,14.517389125190675
342,IN,0,97,0.0004029392368007314,0.001205906534037263,0.0006387235857797275,0.00016715488782173543,0.00029737920189510563,0.27615131080004546,0.7238486891999545,0.004806482238573433,0.001833693132726714,-5.176118518087382e-06,-2.632995955407078e-06,-1.0044989999505657e-06,0.01858053978384169,-1.0362601034180406e-05,-4.157199110358534e-06,14.643669625278562
342,IN,0,98,0.0003957609955645469,0.0011472951095973663,0.0006284413622041501,0.00016308062892494377,0.00028627043926288625,0.26471896214765345,0.7352810378523466,0.004831057277536479,0.0017392974968057564,-5.021360100692954e-06,-2.4861952801322962e-06,-8.950904489191788e-07,0.018383480330473958,-1.0056703264494725e-05,-4.059697657454655e-06,14.770349957980216
342,IN,0,99,0.0003887826336531207,0.0010868141062159865,0.0006184650871428374,0.00015910018016340402,0.00027429911633329227,0.25077870429280735,0.7492212957071926,0.00487483433690123,0.0016317003342734013,-4.811012693180758e-06,-2.354994425864276e-06,-7.882616980041579e-07,0.018186273455105265,-9.742809116833129e-06,-3.9608244090267546e-06,14.897366458084434
342,IN,0,100,0.00038200558748816764,0.001021501338915385,0.0006087991888633763,0.00015521198611295902,0.00026209320940439945,0.23563544703938874,0.7643645529606112,0.004925203003939467,0.0015183231706622866,-4.581328470058294e-06,-2.21415113582529e-06,-6.82570235213207e-07,0.01798959491095719,-9.428801454832276e-06,-3.876645343018476e-06,15.024462875444442
342,IN,1,1,0.01800820474584853,0.1518914558812133,0.01335883304087881,0.02265757645081825,0.016719462814657405,0.638593127520175,0.36140687247982495,0.11943529691635542,0.21103793425614456,0.024776899789314397,-0.01806393881758905,-0.03191833931022227,0.004123073537222777,-0.0002515118130787284,-0.00047008793027292396,15.38332450017333
342,IN,1,2,0.01765189472544705,0.14805308073640952,0.013110436418529216,0.022193353032364888,0.016391109542232406,0.6388084066844936,0.3611915933155063,0.11639069406805676,0.2058501781506599,0.023541286928156182,-0.017156720611511855,-0.030343611425632758,0.06263347449373624,-0.0002686756604019677,-0.00048697531334240243,15.511586333159357
342,IN,1,3,0.017252428557039776,0.14632214076274241,0.012827241130638637,0.021677615983440916,0.01601497319652177,0.6398195422339874,0.36018045776601265,0.11484159735600255,0.2040030120053642,0.023024827494790148,-0.016731412112418662,-0.029721447146503276,0.06940692206307414,-0.0002997331977420138,-0.0005564219721113943,15.63948200037703
342,IN,1,4,0.016799641477391214,0.14448661306265445,0.012510942331635144,0.021088340623147288,0.015591168001426155,0.6408904466009139,0.3591095533990862,0.1132067053330969,0.20203610639819633,0.022482040401529464,-0.01628701244108033,-0.02906686992411596,0.07254085637232793,-0.0003349034410673085,-0.0006309765383001495,15.767961750272661
342,IN,1,5,0.01629082338211138,0.14240621730057046,0.012158738539125712,0.02042290822509705,0.015116828666956163,0.6420583990607195,0.3579416009392805,0.1113713689687782,0.19977259607056547,0.021871630939963197,-0.01579259048361071,-0.028327987963178123,0.0743225438676133,-0.00037215212388108383,-0.000706944778871005,15.89629420824349
342,IN,1,6,0.015725176354015612,0.14001911133704192,0.011769235684267597,0.019681117023763628,0.014590993713126603,0.6433518264773742,0.35664817352262584,0.10928409755864398,0.19713580214038243,0.021178636416416062,-0.015236881852782332,-0.02748556279704482,0.07557981814266178,-0.0004098565559567097,-0.0007840057091255624,16.02420625044033
342,IN,1,7,0.01510251610704473,0.13724355962558543,0.011342384846802741,0.01886264736728672,0.014013994278568778,0.6447451901460882,0.3552548098539118,0.1068878621859874,0.19398874587441278,0.020382379362046937,-0.014607161826545579,-0.026510259870158124,0.07668694839718884,-0.0004472580870817533,-0.0008611586919897923,16.151473458390683
342,IN,1,8,0.014423643423368875,0.13396801482639595,0.010878907467011933,0.017968379379725816,0.01338726036621751,0.6461862138550505,0.35381378614494957,0.10410717860363855,0.19013567648112115,0.019455524537447977,-0.013887195835898262,-0.025362817531893435,0.07769752455901201,-0.00048350424731033437,-0.000936336487142051,16.28096383344382
342,IN,1,9,0.013691141401990004,0.13004478952829968,0.01038054007994291,0.017001742724037098,0.012713888606559559,0.6475944549593434,0.3524055450406566,0.100843230310825,0.18531353348013874,0.018364248705079265,-0.01305728234232757,-0.023994581699202107,0.07870363249191638,-0.0005174182482289737,-0.001006117096405019,16.410675833001733
342,IN,1,10,0.012910304074479326,0.12529012739858056,0.009850419101118143,0.015970189047840512,0.011999303280699992,0.6488619346332213,0.35113806536677883,0.09697290599956411,0.17919454938090495,0.017071736114822746,-0.01209626823958001,-0.022352484067991486,0.0797330579343937,-0.0005473000975400121,-0.0010658129201065293,16.536615375429392
342,IN,1,11,0.012090037222368592,0.11949074583381274,0.009293646795465347,0.014886427649271837,0.011251890929811402,0.6498621731239015,0.35013782687609846,0.09235154056139754,0.17140613847988329,0.015544983387499307,-0.010985435781933573,-0.020389168555863195,0.08070919037852153,-0.0005707334467866565,-0.0011099193653103872,16.662935458123684
342,IN,1,12,0.011243545858132436,0.11242358645201278,0.008718020879825112,0.013769070836439759,0.010483577106662376,0.6504575797106966,0.3495424202893033,0.08682568755816505,0.16157245389288585,0.013766317688550597,-0.009715516572467843,-0.018079440515792487,0.08159195800861413,-0.000584873824960623,-0.001132227327557704,16.789884333033115
342,IN,1,13,0.010388617930221444,0.10390783175877957,0.008134352279981313,0.012642883580461575,0.00970994123233141,0.6505316593494074,0.3494683406505927,0.08026697151174846,0.14941612757046974,0.011752810696047352,-0.008298471984905922,-0.0154475187662361,0.08234761245510887,-0.0005865193377582883,-0.0011271743428552135,16.923782458063215
342,IN,1,14,0.009547036809542442,0.09388303447992041,0.007556656520895361,0.011537417098189524,0.00894970583151572,0.6500544849227646,0.34994551507723537,0.07262444240454594,0.13490627102242062,0.009575381127262264,-0.006779450313464995,-0.01259342352367712,0.08279616142551563,-0.0005725966904989265,-0.001091616095349263,17.051429375074804
342,IN,1,15,0.008742519749071661,0.08256880322891921,0.0070016148642292365,0.010483424633914086,0.008223100235063355,0.6491808996949657,0.35081910030503427,0.06404349140262064,0.11851068351811589,0.007377791415287473,-0.005250930264475902,-0.00971669909182272,0.08285031143414123,-0.0005414515636124553,-0.0010282320817244822,17.181653791107237
342,IN,1,16,0.007996174532327111,0.0707287853942729,0.006486475973701418,0.009505873090952804,0.0075483982880255335,0.6482998846833359,0.3517001153166642,0.055082031587996086,0.10153444133639082,0.0053774616443697555,-0.003858215311724625,-0.007111969637605746,0.08248671079437046,-0.0004946172007122431,-0.0009471968698382744,17.30974558321759
342,IN,1,17,0.007320890093371307,0.05997106890987504,0.006025347238916794,0.008616432947825822,0.006938250784070831,0.6476752806689617,0.35232471933103826,0.04698628929186503,0.08637446206579806,0.0038220731731037918,-0.002776490946572987,-0.0051039976885836145,0.08164198275624869,-0.0004377287806191531,-0.0008643828621421862,17.447797750122845
342,IN,1,18,0.0067174050649503065,0.0527712265705522,0.005625120588291342,0.007809689541609271,0.006399045337305358,0.6457311416796544,0.3542688583203457,0.04178667331860005,0.07616519385007635,0.002903978748816795,-0.002156317214713247,-0.003930351607764535,0.08036673714609366,-0.00037938614395849297,-0.0007947895720795156,17.580710583366454
342,IN,1,19,0.0061754196605553445,0.05124438415380827,0.005283333089978619,0.007067506231132071,0.005928897053758871,0.6381719078211763,0.36182809217882367,0.041342982026880075,0.07291841149269063,0.0026715415093815646,-0.0020574290995263537,-0.003628776985626165,0.07880269367143115,-0.00032903499088980616,-0.0007454594575984369,17.710671541281044
342,IN,1,20,0.005678636858560852,0.05483477707725875,0.004988449290619091,0.006368824426502611,0.005507066384795617,0.624292642851336,0.37570735714866405,0.045337573569237,0.0753349996625332,0.0029942905690326254,-0.0024082077624521113,-0.004001588896119057,0.07707320263327666,-0.00029459187574098735,-0.000714307143748633,17.8387108752504
342,IN,1,21,0.005209671315450029,0.06055583629558617,0.0047222986135428136,0.005697044017357244,0.005103959767322797,0.608450419682467,0.3915495803175329,0.05134072451492678,0.07978117446218681,0.0036000653046518254,-0.0030134002630580314,-0.004682688341134239,0.07532801933356936,-0.00027998143705238414,-0.0006943539043147431,17.965202416293323
342,IN,1,22,0.004754183944278779,0.06546133323950941,0.004464678749489115,0.005043689139068444,0.00470009689195419,0.5934129219406312,0.4065870780593687,0.05684002371281007,0.08295788620628097,0.004165002209054006,-0.00361062760099688,-0.005269702827186737,0.07370221255895525,-0.00028296711085874825,-0.0006747623738154046,18.09158729109913
342,IN,1,23,0.0043060021553689935,0.06775159841386844,0.004199812169887964,0.004412192140850023,0.004289101027524081,0.5795796692520122,0.42042033074798785,0.060196015246531315,0.08298453727202554,0.004423823031048106,-0.0039600069939980595,-0.005459154507903243,0.0722302399103628,-0.00029492304899862227,-0.0006425279324175691,18.217554375063628
342,IN,1,24,0.0038697607930180708,0.0667011904816327,0.003921982895969112,0.0038175386900670292,0.0038767182889172776,0.5666144745810946,0.4333855254189054,0.06063542250253938,0.07927562423565034,0.004251981569503019,-0.003925992902807759,-0.005132899636376469,0.07082458199155896,-0.00030406239101925833,-0.0005897157676138816,18.34391116630286
342,IN,1,25,0.003458637759263639,0.06233831621368006,0.0036374403996717163,0.0032798351188555617,0.003477918992625976,0.5539176415916779,0.44608235840832217,0.05805458163304466,0.0720886095036564,0.003678498417534086,-0.0035078009586318537,-0.004355771524144932,0.06931993134149174,-0.00029954503034257835,-0.0005164035536465934,18.470326750073582
342,IN,1,26,0.0030899636172790094,0.05516332070075052,0.0033623674887308104,0.002817559745827208,0.0031119743816502227,0.5404009756797966,0.45959902432020344,0.05283843308874382,0.06212794040801799,0.002843237130126939,-0.002815494501010036,-0.0033104856513074244,0.06753231568569311,-0.0002748326490912989,-0.0004280016592938459,18.597986250184476
342,IN,1,27,0.0027804759646331808,0.0459655496330742,0.003117451943044296,0.002443499986222065,0.0027966877827011486,0.5240548571806348,0.47594514281936523,0.04571561475121447,0.0503366623671274,0.001934295218110138,-0.002015849795227012,-0.0022196168875206774,0.06532505224427089,-0.00023025866862398455,-0.0003327565283909004,18.728098208084702
342,IN,1,28,0.0025414996293361544,0.03573915039645582,0.002920723228361394,0.0021622760303109147,0.002542674483940963,0.5015490262312636,0.4984509737687363,0.037647888452452816,0.03788188364890556,0.0011284253309910704,-0.0012733419907703424,-0.0012812562702035207,0.06268344646655774,-0.00017298677992326662,-0.0002409120443447109,18.85710133332759
342,IN,1,29,0.0023750105727883934,0.02577342020186785,0.0027819441269822443,0.001968077018594543,0.002350497042576544,0.46988018073317633,0.5301198192668237,0.029783396433932185,0.026398989795512657,0.0005471253762975446,-0.0007068495503104208,-0.0006265274045222076,0.05975812426496877,-0.00011396247484075967,-0.0001647618425334413,18.989358375314623
342,IN,1,30,0.0022709081863386666,0.01812277114909253,0.002699619299910291,0.0018421970727670422,0.0022206613871749853,0.44139783461050086,0.5586021653894991,0.023451725120682686,0.018531150302527305,0.00023143122718245182,-0.0003720394713900201,-0.00029397919885735787,0.05686249922311104,-6.566125914844205e-05,-0.00011666583804178963,19.11562145827338
342,IN,1,31,0.0022069094567088573,0.015236287889874807,0.002659951745780273,0.001753867167637442,0.0021692048948906387,0.4583873705305742,0.5416126294694257,0.019799049045235263,0.01675668833598274,0.00013576074423356644,-0.0002532186569564985,-0.00021430858147691178,0.054348579644469,-3.830083371942591e-05,-0.0001013996520632204,19.244017207995057
342,IN,1,32,0.002155706687257922,0.015851676519956778,0.002640671876612464,0.0016707414979033803,0.0021518946995361782,0.496069833664951,0.503930166335049,0.018769332321305038,0.01847656716077883,0.00015578951975396118,-0.00025326640670420437,-0.0002493159422473261,0.052451489458826016,-3.247392607976326e-05,-0.00011129088192846262,19.375852333381772
342,IN,1,33,0.002096809349730474,0.016806239786021044,0.0026212065017054476,0.0015724121977555004,0.002107117647674185,0.5098287127465204,0.49017128725347964,0.018989079873094943,0.019750602288816806,0.00019007199671400136,-0.00027700450041705146,-0.0002881132607010241,0.0512430331399025,-4.054019108748934e-05,-0.00012917758227236537,19.5044977911748
342,IN,1,34,0.002023107849891106,0.01697180735357826,0.0025899271210235238,0.0014562885787586881,0.0020360749811716133,0.5114385060114492,0.48856149398855087,0.0191649115632107,0.02006231325704871,0.00019189368648471155,-0.00028160007651098213,-0.0002947860692984976,0.05055578408534384,-5.29542737950341e-05,-0.00013923891372908534,19.638070041313767
342,IN,1,35,0.0019384220534729912,0.016743525225694198,0.002544802099893578,0.0013320420070524047,0.00196751105495609,0.5239857838782861,0.47601421612171385,0.018825482220726497,0.020722669038505934,0.000171870315346467,-0.0002675126364197106,-0.0002944719164771493,0.05005655180091894,-6.27717259974634e-05,-0.00013698987362957242,19.766398875042796
342,IN,1,36,0.0018501852440414683,0.0167757828563258,0.0024899096915340924,0.0012104607965488443,0.001919836052393199,0.5544381324058543,0.44556186759414573,0.018121971329947945,0.022550206089092147,0.00016095172452025274,-0.0002537946742780918,-0.0003158112384731063,0.04945017318238666,-6.732923322680559e-05,-0.0001268096664021046,19.892807833384722
342,IN,1,37,0.0017642876355123884,0.01724154001326219,0.0024309592979033946,0.0010976159731213822,0.0018835660591676195,0.589458147379057,0.41054185262094306,0.017453287806684616,0.025059522264349467,0.00017683161626364785,-0.00025215590228983486,-0.00036204676835152524,0.048606804172400035,-6.700475401060128e-05,-0.00011414080395345549,20.019229708239436
342,IN,1,38,0.0016839249792679953,0.01800111615840914,0.002372530675995776,0.0009953192825402145,0.001841247298549471,0.6142325136352077,0.38576748636479224,0.017148322097893784,0.027304159523841083,0.00021555011992173146,-0.00026377648183321825,-0.00041999416021561424,0.04754233768147309,-6.360939142575797e-05,-0.00010206316217697506,20.146159375086427
342,IN,1,39,0.001610152920556198,0.01876832380827665,0.0023170694061231804,0.0009032364349892155,0.0017847264225068844,0.623475336560209,0.376524663439791,0.017240269099247845,0.028547618848774152,0.0002580852873912212,-0.0002824891041526447,-0.0004677648143342029,0.04634344498774019,-5.933360026935572e-05,-9.142879207621703e-05,20.27767170825973
342,IN,1,40,0.0015427540361365305,0.019134203917822775,0.002264915324113168,0.0008205927481598932,0.0017147609931548742,0.6190917873071509,0.3809082126928492,0.01745355690499034,0.0283673425227263,0.0002811636533865502,-0.00029568940105094784,-0.0004805852792993581,0.04509764089088387,-5.580627454535245e-05,-8.155276821886937e-05,20.40606979141012
342,IN,1,41,0.0014812478994993843,0.018709971488884942,0.0022151291510865007,0.0007473666479122679,0.0016348051385140293,0.6046199495371744,0.3953800504628257,0.017411642166672025,0.026626093541769084,0.0002685779575884294,-0.00028949014449726175,-0.000442691826136788,0.04384750562478218,-5.345804677295112e-05,-7.103167681948493e-05,20.532872875221074
342,IN,1,42,0.001425724226641757,0.017288400553743588,0.002166706969534155,0.0006847414837493593,0.001546917164563932,0.5817785158188051,0.4182214841811949,0.016858153443692046,0.023450998719299735,0.00021886767663511591,-0.0002568750697901076,-0.00035733314166278896,0.04257304047189033,-5.162859863980151e-05,-5.877836342949062e-05,20.66314641619101
342,IN,1,43,0.0013770312512678374,0.014894358840445529,0.002119464357635962,0.0006345981448997129,0.0014505669510427143,0.5495234514356471,0.450476548564353,0.015751515495157707,0.019214823030914353,0.00014541705858974255,-0.00020184937029383277,-0.00024623027100407043,0.041200996417639926,-4.929424344628063e-05,-4.485437734807433e-05,20.789424458052963
342,IN,1,44,0.001336244872468296,0.011761326967729515,0.0020741541677089365,0.0005983355772276556,0.0013436924345531951,0.5050463940032563,0.4949536059967436,0.014252312428565528,0.014542936774365415,6.941532997205329e-05,-0.0001369466386497452,-0.00013973916985943896,0.03963503366161831,-4.582703035130445e-05,-3.0662480658945634e-05,20.91711683338508
342,IN,1,45,0.0013038098570319304,0.008401292001512444,0.002031949544236655,0.0005756701698272056,0.001234234018736713,0.45222356402360525,0.5477764359763947,0.01265782275000914,0.010449821023398087,1.0192180162124963e-05,-7.803851115882226e-05,-6.44256512867948e-05,0.03780973938382789,-4.148495144721443e-05,-1.837508381114368e-05,21.044056333135813
342,IN,1,46,0.001278845661016659,0.006038682882717431,0.001993599973205871,0.000564091348827447,0.001179697524897801,0.4306418062626454,0.5693581937373546,0.011296644747439863,0.008544370753341732,-2.2160442552197824e-05,-4.2338772534063196e-05,-3.2023505904655646e-05,0.03581551404567252,-3.788639639306535e-05,-9.662688931413516e-06,21.1701446659863
342,IN,1,47,0.0012589153741963432,0.005905372043169833,0.001958243262585136,0.0005595874858075503,0.001229615780462426,0.47905160496214316,0.5209483950378568,0.010367679553083086,0.00953386856922119,-2.8974611521447708e-05,-3.639839487752859e-05,-3.3471087827919727e-05,0.03393779840800734,-3.6962048339551616e-05,-4.996362060909774e-06,21.296381208114326
342,IN,1,48,0.0012406477538221565,0.006894291358899727,0.0019232416151489383,0.0005580538924953747,0.0012985235478595958,0.5423940188422908,0.4576059811577093,0.009844707713701406,0.011668795428882143,-1.9125019662628893e-05,-4.381616655992281e-05,-5.193469414576805e-05,0.03238167373684158,-3.855659612653295e-05,-4.313068004452404e-06,21.43792654108256
342,IN,1,49,0.0012210239520808706,0.007828401895325307,0.0018862145510528366,0.0005558333531089046,0.0013331209596709952,0.5842593143704732,0.4157406856295269,0.009581397662943117,0.013465174380961321,-2.8649569096225637e-06,-5.244578454069228e-05,-7.370444889454951e-05,0.031218739691900647,-4.152302455826129e-05,-6.78771122237912e-06,21.583948583342135
342,IN,1,50,0.0011981120060015641,0.008398896899918863,0.0018459500844798778,0.0005502739275232507,0.0013335805513474545,0.6045543244880635,0.39544567551193655,0.00942396915643731,0.01440729197503724,1.1760201099025172e-05,-5.834171246331022e-05,-8.919236383625267e-05,0.03044151508273154,-4.482837591544798e-05,-1.1015914054910999e-05,21.729925166349858
342,IN,1,51,0.0011711900634479243,0.008553092361568497,0.0018022519064151057,0.0005401282204807432,0.0013084056147261306,0.6087179908018477,0.39128200919815215,0.009260775599474174,0.014407002069251587,2.0151375129883026e-05,-6.008972139065232e-05,-9.348166696372972e-05,0.02998955343341577,-4.77277773124142e-05,-1.5532504259656698e-05,21.866916500031948
342,IN,1,52,0.0011405725838254596,0.008303299092549168,0.0017556329258842332,0.0005255122417666861,0.0012638101880439662,0.6001833444552749,0.39981665554472506,0.009034093327206533,0.01356149693127869,2.114108972919575e-05,-5.7436428765698236e-05,-8.622048989729418e-05,0.029770479182927315,-4.97353103738394e-05,-1.918048051695045e-05,21.99952237540856
342,IN,1,53,0.0011073010469455763,0.007700290981113314,0.0017070491403875523,0.0005075529535036005,0.0012037187537964765,0.5803818368955169,0.4196181631044831,0.008733828611193435,0.012079923936068802,1.6231218419548647e-05,-5.108230256737818e-05,-7.065290114604857e-05,0.02968025791771923,-5.0581772508149926e-05,-2.128646156556183e-05,22.12791808322072
342,IN,1,54,0.0010727901257648557,0.006840659573051791,0.001657683745678086,0.0004878965058516253,0.0011320168014000629,0.550630297218829,0.449369702781171,0.008384289871182256,0.010273598765482558,8.42199530159152e-06,-4.249187125258039e-05,-5.2066954119037066e-05,0.029621905144996456,-5.018585912820896e-05,-2.168666639065406e-05,22.256256958004087
342,IN,1,55,0.001038489177805241,0.005902761260313354,0.0016087664590362944,0.00046821189657418757,0.0010572512419553745,0.5164499487947618,0.4835500512052381,0.008027744791081077,0.008573938470190626,9.313002979701763e-07,-3.3732785314015594e-05,-3.602790487707703e-05,0.029525457287000647,-4.866020732932723e-05,-2.0633962780321546e-05,22.382826375309378
342,IN,1,56,0.0010055984762885439,0.005186520367645317,0.0015613925247153831,0.0004498044278617046,0.0009979629826578102,0.49313100450396535,0.5068689954960346,0.00770468298510305,0.007495858088755799,-3.943067509984454e-06,-2.7274693010894842e-05,-2.6535449754304575e-05,0.029369436220135308,-4.6359963291377655e-05,-1.860106346401083e-05,22.509072833228856
342,IN,1,57,0.0009748742626615144,0.0049494475974336555,0.0015162982128741386,0.0004334503124488904,0.0009715928291350827,0.49696962655129767,0.5030303734487024,0.00743229014316931,0.007342742410460843,-5.577529253591845e-06,-2.4646407155441297e-05,-2.4349455632066243e-05,0.029175852023845157,-4.381486884487093e-05,-1.6081870643301463e-05,22.653315416071564
342,IN,1,58,0.0009465779780969367,0.005068060875512633,0.0014737027310714516,0.00041945322512242187,0.0009699643482675036,0.5221829557790636,0.4778170442209364,0.007192796230021111,0.00786065637703,-5.068303787161037e-06,-2.4594101314146815e-05,-2.6877694452884938e-05,0.028965719896367866,-4.1417849261253634e-05,-1.351398127736445e-05,22.798734500072896
342,IN,1,59,0.0009206048476648965,0.0052090152498102575,0.00143344956922499,0.0004077601261048031,0.0009728296024827986,0.5509167323191242,0.4490832676808758,0.00694833434274616,0.008523928470847984,-4.3907693944087935e-06,-2.4626080749566218e-05,-3.0210254785129806e-05,0.028742871363668245,-3.928360507205711e-05,-1.1197568687534716e-05,22.944024208001792
342,IN,1,60,0.00089669155182997,0.005169614733660378,0.0013952789825974624,0.00039810412106247746,0.0009697425365433616,0.5732579485617416,0.42674205143825833,0.006672995375267589,0.008964074730144902,-5.194822033076901e-06,-2.330967809650886e-05,-3.131272908822422e-05,0.028506839264340663,-3.737445092332067e-05,-9.240463920557877e-06,23.087173375301063
342,IN,1,61,0.0008745671929107158,0.0049048452346376935,0.0013589705991450094,0.00039016378667642215,0.0009581020960921602,0.5862245208294848,0.41377547917051505,0.00637623983476012,0.00903366277121934,-8.011053652110925e-06,-2.0519021229023017e-05,-2.9070725534504303e-05,0.028257533024601135,-3.562449651571558e-05,-7.627293977722616e-06,23.213744416367263
342,IN,1,62,0.0008540035705468977,0.004464356917141345,0.0013243618744417935,0.0003836452666520019,0.0009373723806323325,0.5886226621227719,0.411377337877228,0.006104980382318886,0.008735361610804867,-1.2175360432343874e-05,-1.692976159952092e-05,-2.4224089234560425e-05,0.027993253079594462,-3.399694711383638e-05,-6.335970396690889e-06,23.3398868329823
342,IN,1,63,0.0008347876205409543,0.003948658423372813,0.0012913143758186275,0.000378260865263281,0.000907297325889591,0.5794145189853486,0.42058548101465143,0.00592264819242725,0.008159264902002488,-1.633362697384044e-05,-1.34548780135654e-05,-1.853595053597429e-05,0.027709554080836855,-3.249601849091753e-05,-5.408140338567461e-06,23.473316791001707
342,IN,1,64,0.0008166673294563954,0.0034761890354763503,0.0012596768586421562,0.00037365780027063465,0.0008687695720371305,0.5588048779407719,0.44119512205922806,0.005872062344485743,0.007437382957353859,-1.9166017150660848e-05,-1.08122626406697e-05,-1.3694496614067057e-05,0.02740237831510587,-3.115366582012924e-05,-4.93809970985489e-06,23.5999658331275
342,IN,1,65,0.0007993220270026181,0.0031491264791553377,0.0012292692141535257,0.0003693748398517104,0.0008252056901000399,0.5301009796911835,0.4698990203088165,0.0059446500621223725,0.0067062596125042374,-1.99602261130704e-05,-9.353875923314233e-06,-1.0552264585697437e-05,0.02707524707928233,-3.0007671148821766e-05,-5.001058649172939e-06,23.763063291087747
342,IN,1,66,0.000782384160009445,0.0030096098318102486,0.0011998901634223097,0.00036487815659658033,0.0007820769657197507,0.4996321079371516,0.5003678920628484,0.006081934142054433,0.006072990741276242,-1.8820017246945625e-05,-9.064420796659732e-06,-9.05109169014308e-06,0.026743779638920252,-2.907633591652998e-05,-5.577121545663822e-06,23.90968129131943
342,IN,1,67,0.0007655078840081903,0.0030112755833621645,0.001171344631920967,0.0003596711360954136,0.0007442006333140366,0.47374898798132853,0.5262510120186714,0.006206841170938653,0.005587608681289723,-1.6495710160703508e-05,-9.570237477014437e-06,-8.615451972405347e-06,0.026429365151287288,-2.8331086825773053e-05,-6.522785309046328e-06,24.05487475031987
342,IN,1,68,0.0007484553257912438,0.0030549948913774785,0.0011434875551410862,0.0003534230964414014,0.0007133783055304581,0.4556023310825591,0.5443976689174409,0.006258301985078856,0.005237526050929765,-1.3963688406207276e-05,-1.0242478088475002e-05,-8.571853186753688e-06,0.026144845483914415,-2.7685518310946266e-05,-7.604131048246238e-06,24.2009867914021
342,IN,1,69,0.000731159602098211,0.003058771191378502,0.0011162675264436398,0.0003460516777527823,0.0006886787839943472,0.4448455674132532,0.5551544325867469,0.006210857134397359,0.0049767634083367,-1.1967308995331965e-05,-1.0516100290278305e-05,-8.42655723526544e-06,0.025885335930997722,-2.7025236493873644e-05,-8.569797488681294e-06,24.338600041344762
342,IN,1,70,0.0007137293484896648,0.0029967114798840496,0.0010897359656847482,0.0003377227312945816,0.0006684394928215525,0.43977518799274923,0.5602248120072507,0.006076273053852516,0.0047698603619125,-1.0758004706220352e-05,-1.0210079989570613e-05,-8.014889291937166e-06,0.02563174384428061,-2.6268182843418998e-05,-9.227825317410127e-06,24.469507500063628
342,IN,1,71,0.0006963881175936103,0.0028940458944644127,0.0010640020731721765,0.0003287741620150442,0.0006516630396613607,0.4391684166861137,0.5608315833138862,0.005890147696343558,0.004612377253373762,-1.0164907626726297e-05,-9.535637492407083e-06,-7.467038134493508e-06,0.02536215886958798,-2.5407885343383223e-05,-9.493453163563566e-06,24.601571083068848
342,IN,1,72,0.0006793806567785673,0.0027913792908081853,0.0010391586780137297,0.0003196026355434051,0.0006379417859089478,0.44241050255466574,0.5575894974453343,0.005690261843873244,0.004514847595855961,-9.897553728830868e-06,-8.806072979913067e-06,-6.9870382968580835e-06,0.025061862278990897,-2.4501233793460985e-05,-9.390585698524912e-06,24.73083566641435
342,IN,1,73,0.0006628972617664598,0.0027018947282644997,0.00101523317029347,0.0003105613532394496,0.000626578027836782,0.44845936356371474,0.5515406364362851,0.005499018027820731,0.004471268229511072,-9.830307233523206e-06,-8.13923815149231e-06,-6.618039216287945e-06,0.02472630980904549,-2.36080359017963e-05,-9.014377278908176e-06,24.857527958229184
342,IN,1,74,0.0006470514231779339,0.0025968813017269404,0.000992201301070997,0.0003019015452848709,0.0006160179086399624,0.4550434224004179,0.544956577599582,0.005323031751286328,0.004444777226693444,-1.0062177918870447e-05,-7.4100538138586395e-06,-6.187458572354502e-06,0.024357231780184414,-2.272998774055298e-05,-8.480564674906733e-06,24.985891291406006
342,IN,1,75,0.0006319074246901868,0.0024334732021195475,0.0009700522136651348,0.0002937626357152387,0.0006039916257781654,0.4587221216736102,0.5412778783263898,0.0051712973460799365,0.0043825705527327525,-1.0738718515914531e-05,-6.454661270562655e-06,-5.470195681877775e-06,0.023955793041382414,-2.179773079990382e-05,-7.889037525279213e-06,25.112363166175783
342,IN,1,76,0.0006175219360340075,0.002197703715480698,0.000948851630845205,0.00028619224122280985,0.0005879143835850126,0.4553201042456123,0.5446798957543877,0.005075938971798671,0.004243184078940037,-1.1800584099313788e-05,-5.303852801580098e-06,-4.433706529913498e-06,0.02351757204111418,-2.0715925488647183e-05,-7.315644584246873e-06,25.24021704122424
342,IN,1,77,0.0006039599483081272,0.0019340152719711258,0.0009287515354431037,0.00027916836117315073,0.0005655815165557529,0.4409183715457122,0.5590816284542878,0.005092012927253386,0.004015803656402652,-1.2861763421440707e-05,-4.241618532592445e-06,-3.3451421776805655e-06,0.023033773900603835,-1.9433934179099764e-05,-6.824488388024821e-06,25.367151875048876
342,IN,1,78,0.000591270447254453,0.001748948417586047,0.0009099341099899524,0.0002726067845189535,0.0005367067266394496,0.4143866606148111,0.5856133393851889,0.005265289613031377,0.0037257788256745885,-1.331488546661356e-05,-3.6907806863744986e-06,-2.6116383982885937e-06,0.02250116878690375,-1.7995363108288317e-05,-6.478335687337037e-06,25.49316741619259
342,IN,1,79,0.0005794400296585574,0.0017585836860488672,0.0008925210537569379,0.00026635900556017697,0.0005044294711581014,0.38020583694512705,0.6197941630548729,0.005590425239934412,0.003429384195475629,-1.2609812717934201e-05,-4.067029330330295e-06,-2.4948739155546236e-06,0.021935827944790324,-1.6534816462498732e-05,-6.331369963726028e-06,25.61931504122913
342,IN,1,80,0.0005683596344439901,0.0019764228182303275,0.0008764990887601706,0.0002602201801278096,0.00047439857220678717,0.34753484027918424,0.6524651597208156,0.006000661075774564,0.0031962454354362347,-1.0566196845278586e-05,-5.619936051999153e-06,-2.9934526757665955e-06,0.021376739591352504,-1.5220854820450471e-05,-6.410240267492426e-06,25.74562287516892
342,IN,1,81,0.0005578321145233879,0.002299169688595274,0.0008617042450094253,0.0002539599840373505,0.00045108372196298903,0.3243531047258974,0.6756468952741026,0.00639502312956565,0.003070014265405667,-7.572065159899181e-06,-8.148806316225192e-06,-3.911940759241366e-06,0.020870239011917636,-1.417049980831555e-05,-6.696927889496989e-06,25.87251929100603
342,IN,1,82,0.0005476294925372597,0.0025934711744656953,0.0008478836882857038,0.0002473752967888154,0.00043462649111263615,0.3118211118699929,0.6881788881300072,0.0066754639065731165,0.0030247230967108654,-4.519373169693235e-06,-1.0785178547482012e-05,-4.886878142296203e-06,0.020445267604218314,-1.3376664317995047e-05,-7.1159245833480906e-06,25.999017958063632
342,IN,1,83,0.0005375860582040287,0.0027462220998267168,0.000834816768540759,0.00024035534786729827,0.000421752627002898,0.3051455869585214,0.6948544130414787,0.0067779244191638055,0.0029765281567302533,-2.390234211424206e-06,-1.2357602639362133e-05,-5.426846027044276e-06,0.02009997852567988,-1.2707157964406594e-05,-7.5368594030037e-06,26.125997291412205
342,IN,1,84,0.0005276757639594303,0.0027018681245889404,0.0008224207886020739,0.0002329307393167869,0.0004091247215187344,0.2988922076217735,0.7011077923782265,0.006693341889655827,0.002853466693017821,-1.6812030090144202e-06,-1.2211913152161357e-05,-5.20611198593809e-06,0.01980821486157013,-1.200069036034473e-05,-7.825292272039684e-06,26.251933332998306
342,IN,1,85,0.0005180042824092838,0.0024867225667098815,0.0008107529778581639,0.0002252555869604035,0.0003952069681519199,0.29026838348660267,0.7097316165133974,0.006471115866533881,0.002646578366003846,-2.118039908230243e-06,-1.0651847523844415e-05,-4.356427824198141e-06,0.019538780872667673,-1.1189712560507558e-05,-7.926177457304892e-06,26.378759041428566
342,IN,1,86,0.0005087091385379275,0.002192854755676043,0.0007999046044948031,0.00021751367258105196,0.00038002930941376776,0.27904905095051075,0.7209509490494893,0.006198791353928991,0.002399285064586797,-2.921688859940246e-06,-8.61606940269409e-06,-3.334909251337261e-06,0.019273903465804626,-1.0335408859215373e-05,-7.886376003797664e-06,26.505127708427608
342,IN,1,87,0.0004998604110642757,0.001926234311963991,0.0007898890365689738,0.00020983178555957768,0.0003639532498767387,0.2657004356879671,0.7342995643120329,0.005963573134707455,0.0021578713336611755,-3.359889555073657e-06,-6.982259202888132e-06,-2.526474755615342e-06,0.019013368565538317,-9.538756239969476e-06,-7.770618684544153e-06,26.631748750340194
342,IN,1,88,0.0004914612101652608,0.001756230776428142,0.000780631354518287,0.00020229106581223474,0.00034721670660187273,0.2505888723642043,0.7494111276357958,0.005815810037601383,0.001944696609729577,-3.0979423566273117e-06,-6.154196934153213e-06,-2.0578467721741303e-06,0.018762226860543803,-8.827029805781651e-06,-7.56597301100242e-06,26.763295290991664
342,IN,1,89,0.0004835296347407629,0.0017107301180767373,0.0007720522044057987,0.00019500706507572714,0.0003318847245535602,0.23720442327396274,0.7627955767260373,0.005754236081937302,0.0017893788229036726,-2.2092360423638536e-06,-6.168935419713339e-06,-1.9183367249296163e-06,0.01851664107380228,-8.156176877639249e-06,-7.208889264356139e-06,26.891746666282415
342,IN,1,90,0.0004761305106312357,0.0017778271016580009,0.0007641207729932907,0.0001881402482691807,0.0003222139962211851,0.2327747939328758,0.7672252060671242,0.005731699189699512,0.00173898757133744,-1.1184343263325972e-06,-6.78911395428217e-06,-2.059805372917559e-06,0.018264641315089373,-7.518458009563853e-06,-6.729560429768409e-06,27.02019958337769
342,IN,1,91,0.0004692864537221941,0.0018500690199175342,0.000756802448454576,0.00018177045898981218,0.00031831781104355895,0.23746044490645501,0.762539555093545,0.005673800051973447,0.0017668632081474136,-5.735141241374874e-07,-7.20700110666217e-06,-2.2443133314171074e-06,0.017999034334311798,-6.959057274205787e-06,-6.28988002567244e-06,27.14593845838681
342,IN,1,92,0.00046291594370807126,0.0017874241194521777,0.0007500203682664173,0.00017581151914972524,0.00031635655843772294,0.24476292816489809,0.7552370718351019,0.005519358848366393,0.0017887554566627,-1.2311408245250245e-06,-6.526488726771119e-06,-2.115153705998798e-06,0.017721681665867337,-6.493100554715448e-06,-5.959622498437634e-06,27.27267308300361
342,IN,1,93,0.00045692969150371466,0.0016536397995280704,0.000743696316754783,0.00017016306625264638,0.000321326297834183,0.26356489610531053,0.7364351038946895,0.005270971605337276,0.001886443321601116,-2.8992198344538244e-06,-5.18757358622338e-06,-1.8565957625604135e-06,0.017436913123099914,-6.186607545792198e-06,-5.581477953233407e-06,27.404575791209936
342,IN,1,94,0.00045127960542834945,0.0016985523709166649,0.0007376706189199481,0.00016488859193675078,0.0003431653411555816,0.31124710766118463,0.6887528923388154,0.005001498631559852,0.002260174876011402,-4.575128301841268e-06,-4.634709987228615e-06,-2.0944232603871054e-06,0.01715824460959267,-6.2729048185605825e-06,-5.053126993500855e-06,27.535338083282113
342,IN,1,95,0.00044581498072778685,0.001905555562249998,0.0007315272046806765,0.0001601027567748971,0.00037153228546074564,0.3700043452125985,0.6299956547874015,0.0047846568750290405,0.00281008895959687,-5.65654182825623e-06,-4.906891024125015e-06,-2.8818786075971213e-06,0.0169156669178009,-6.832077624157822e-06,-4.519129609859057e-06,27.669260916300118
342,IN,1,96,0.00044030301272715783,0.0020417704856176473,0.0007248063774461401,0.00015579964800817547,0.00039066606686177563,0.41276562596296357,0.5872343740370365,0.00463687577972163,0.003259248808225576,-6.5133179071221335e-06,-5.049871469085682e-06,-3.5495424827399483e-06,0.016726926844993478,-7.5445055036120665e-06,-4.0584744916752065e-06,27.7960859159939
342,IN,1,97,0.0004346756692883827,0.002028350552365777,0.0007174040329329858,0.00015194730564377961,0.0003977891643274846,0.43476688280333736,0.5652331171966626,0.004552958478096334,0.003502051639989537,-7.573799077861121e-06,-4.731507994300909e-06,-3.6393886328595035e-06,0.01657464192094637,-8.018152212501223e-06,-3.641378336254889e-06,27.928919500205666
342,IN,1,98,0.0004290329639636297,0.001949482516566566,0.0007095626181988095,0.00014850330972845,0.0003984150329310005,0.44542835210041476,0.5545716478995852,0.004524358914069113,0.003633935746692784,-8.74862917526029e-06,-4.266098087916451e-06,-3.426502325527155e-06,0.01644287863135326,-8.206636941373096e-06,-3.3911397923610884e-06,28.06977641629055
342,IN,1,99,0.00042338744988136795,0.0018905981551563082,0.0007015207732575937,0.00014525412650514226,0.0004001473672226481,0.45822132641890695,0.5417786735810931,0.004499523757331614,0.0038055719888525114,-9.92427671515298e-06,-3.900256467998554e-06,-3.298728390926066e-06,0.016352009500693123,-8.335093990599018e-06,-3.406716408182409e-06,28.1998288333416
342,IN,1,100,0.00041763766426313267,0.0018601736714597878,0.0006933238093277255,0.00014195151919853982,0.00040744705811254653,0.4815177397685355,0.5184822602314644,0.004412588625813195,0.004097998841235912,-1.1152821968484118e-05,-3.5930618980471205e-06,-3.3368992089019985e-06,0.016326809376363095,-8.536716129379075e-06,-3.441452431705501e-06,28.326498625334352
342,IN,2,1,0.01800820474584853,0.15036313791168424,0.01335883304087881,0.02265757645081825,0.01672595330404804,0.6378951311238347,0.36210486887616533,0.11858788128663655,0.20890807770084646,0.024166613847288694,-0.017721622363550432,-0.031218957801945692,0.004123101585380421,-0.00027725177676049913,-0.000516426568542098,28.708746833261102
342,IN,2,2,0.017616100659045553,0.14647205327911603,0.013085230939058123,0.022146970379032984,0.016360647703654897,0.6385443670839136,0.3614556329160864,0.11541545369811951,0.20389193339941047,0.02294422568111676,-0.016799194776218926,-0.02967731090357756,0.06311952632346801,-0.0002918416070357752,-0.0005438769029261261,28.854752083308995
342,IN,2,3,0.017172371632576792,0.14486292474516196,0.012775112705323522,0.021569630559830064,0.015940807908839755,0.6400376625656573,0.35996233743434264,0.11388498931568974,0.20249530237652774,0.0224818533950344,-0.016393775080048294,-0.02914925366261434,0.06977291361596188,-0.0003333786848210896,-0.0006203038268111355,28.9958380414173
342,IN,2,4,0.01666653055963801,0.14326621279684099,0.012421351973439935,0.02091170914583608,0.015461806009865436,0.6418932708378127,0.35810672916218733,0.11230799703478495,0.20130799476055605,0.022037472080177225,-0.015988022200606487,-0.028657947558217774,0.07278938561660914,-0.0003777534762010969,-0.0007033138188511279,29.127003957983106
342,IN,2,5,0.01609606475960955,0.14146338200514752,0.012022793111547856,0.02016933640767124,0.014921755524044615,0.6441481611131608,0.3558518388868392,0.11051126568904855,0.2000428852596869,0.021544901558685717,-0.015533606751086188,-0.028118287249736643,0.07484917519941169,-0.00042272820162978837,-0.0007890705886702487,29.253260541241616
342,IN,2,6,0.015460631322444573,0.13928047701310767,0.011579826441100362,0.019341436203788785,0.014320791867356398,0.6468560633604137,0.3531439366395864,0.10835655515991592,0.1984774122897449,0.020954756381650536,-0.014994874730106767,-0.027466210324314885,0.07640989164065906,-0.00046661787037267997,-0.0008746942434657721,29.39290125016123
342,IN,2,7,0.014762256094320091,0.1365082421576979,0.011094590941721418,0.018429921246918765,0.0136612067199824,0.6501022215124463,0.34989777848755377,0.10567623499741803,0.19634407348869903,0.02021156624775139,-0.014331977003271885,-0.026628491694821583,0.07781181579673183,-0.0005074352653632294,-0.0009566138961772057,29.526803000364453
342,IN,2,8,0.014006055819836485,0.13287892400632392,0.010571470078334724,0.017440641561338247,0.012948019542679394,0.6540267672418721,0.3459732327581278,0.10225619390251146,0.1933048039449707,0.01924951626748031,-0.01349853655037682,-0.025517593231587376,0.07917445511048567,-0.0005422977778841085,-0.0010303220274565966,29.655460332985967
342,IN,2,9,0.013201338003195595,0.12805046089665711,0.010018144199722835,0.016384531806668354,0.012189963009156268,0.6588616742304455,0.3411383257695544,0.0978244246921078,0.188934398056498,0.01799362892522275,-0.012443371027005035,-0.024032656692644316,0.08045219003271052,-0.0005672768066815617,-0.0010897908928146774,29.783773916307837
342,IN,2,10,0.012362863227910328,0.12162286398089811,0.009446597087385506,0.01527912936843515,0.011400697168781844,0.6649654065789977,0.3350345934210022,0.09206932554692256,0.18273610456348058,0.016373597210730197,-0.01112247411411675,-0.02207551299684502,0.08152389674924702,-0.000577601289721223,-0.001128086181675443,29.912021833006293
342,IN,2,11,0.011511287103971053,0.11319491045761192,0.008873585403359552,0.014148988804582555,0.010599434386946318,0.6728498557690088,0.32715014423099115,0.08469713053827728,0.1741966282811445,0.014350437029289132,-0.00952150590777978,-0.019582885686365206,0.08218779532347571,-0.0005691386637196187,-0.0011384569790135173,30.041701291222125
342,IN,2,12,0.010671989108834747,0.10248434552756315,0.008319285327061951,0.013024692890607542,0.009810107152141062,0.6831683961599797,0.3168316038400203,0.07554720060579892,0.16289871100832598,0.011955581685416244,-0.00768700743275705,-0.01657511585163126,0.08228003541099792,-0.000540099985327505,-0.0011156440782188342,30.167742083314806
342,IN,2,13,0.009872509961814479,0.08945348795676383,0.007804484146746696,0.011940535776882262,0.009058767545842858,0.6967437761276082,0.3032562238723917,0.06470483695164515,0.148662051699163,0.009316562642538675,-0.005742373869562448,-0.013193342589067607,0.08164812777176184,-0.0004915577299710726,-0.0010580463338028822,30.293805458117276
342,IN,2,14,0.00913869041367751,0.07449656301218692,0.007347329949090144,0.010930050878264876,0.008370658067229043,0.7143712451043129,0.2856287548956872,0.05266789537359821,0.1317249378788968,0.0066616257323468524,-0.0038843514059824463,-0.009714949572663868,0.08015278744772189,-0.0004286175681911195,-0.0009697667227253734,30.421654666308314
342,IN,2,15,0.008489360581308725,0.05881450619688246,0.006958893449736168,0.01001982771288128,0.007769443108232195,0.7351953394571804,0.26480466054281965,0.040679404084422555,0.1129410193667145,0.004289667443214981,-0.002352535410342189,-0.006531505397397966,0.07799622625613586,-0.0003609924308783039,-0.0008615568585770207,30.564654041081667
342,IN,2,16,0.007930962454662143,0.045099790655165894,0.006638846965842921,0.009223077943481366,0.007284251593527288,0.7502527315595605,0.24974726844043948,0.0312736247891596,0.09394746365136455,0.0024895583930549326,-0.0013555372953535964,-0.004072098825827321,0.07559940739724533,-0.0003015525490899941,-0.0007509035943459275,30.71164770843461
342,IN,2,17,0.0074537622806473865,0.037532776347721085,0.006373480863002088,0.008534043698292684,0.006949507991336976,0.7333902449278168,0.2666097550721832,0.02807183573486051,0.07722001949849434,0.0014345951440249418,-0.0009604090796890149,-0.002641893767140386,0.07342887650065286,-0.0002627016918214402,-0.0006599543005383079,30.854741875082254
342,IN,2,18,0.0070317578460598,0.03730429175980761,0.006138075600573943,0.007925440091545657,0.006717824203265081,0.6756405279283839,0.3243594720716161,0.03151676776418029,0.06564940272835779,0.001105954684202185,-0.001029845107107279,-0.0021451665567417022,0.0718209693170281,-0.000251047931285968,-0.0006073888627977891,30.98646637517959
342,IN,2,19,0.006629478022886664,0.04105561590930078,0.005904393514137721,0.007354562531635607,0.006456409797490666,0.6193434856956254,0.38065651430437464,0.037412760313391774,0.06087206841668051,0.0012973960258228596,-0.001360766389428367,-0.0022140217418481463,0.07087456707271104,-0.0002647263585700869,-0.0005975619659620169,31.12125137541443
342,IN,2,20,0.00621462805368287,0.04557699067983959,0.005649009288050199,0.00678024681931554,0.006110830132177171,0.5917560800777135,0.40824391992228637,0.04229913908546389,0.0613132774656901,0.0017058119636435562,-0.0017551675000596395,-0.0025441433148907814,0.0705628992420737,-0.00029515277693373596,-0.0006183363739362688,31.249919708352536
342,IN,2,21,0.0057691328579301815,0.04869699345452829,0.005358966583502698,0.006179299132357666,0.005697933676189685,0.5867930717120493,0.4132069282879507,0.04468521782504241,0.06345725212382232,0.002054543785552069,-0.0020206417609801484,-0.0028695031583035563,0.07072518659560523,-0.00032951446397311507,-0.0006464583692797098,31.384452833328396
342,IN,2,22,0.005294015695805929,0.04932762431024394,0.005035207592636921,0.005552823798974938,0.005245408093783391,0.5939066463286056,0.4060933536713944,0.04422298451949904,0.06467558306278087,0.0021842157512635416,-0.002048482312105903,-0.0029958807477325714,0.07106466530617783,-0.00035362771124580023,-0.0006598110725245676,31.5155533333309
342,IN,2,23,0.004806433919467033,0.047363288118015066,0.0046923811026904185,0.004920486736243648,0.004781758517204991,0.6081753303400268,0.39182466965997315,0.04121429306523298,0.06397125612695771,0.0020703498166425396,-0.0018442716675928829,-0.002862608246817172,0.07125100048408567,-0.0003567397746932936,-0.0006462995926796402,31.644017583224922
342,IN,2,24,0.00433184440429258,0.04329056679991362,0.004353451291459667,0.004310237517125494,0.004337386907921915,0.62825780008184,0.3717421999181601,0.03633546907854431,0.061408260545220895,0.0017808486580462007,-0.0014914842072901104,-0.002520662402964157,0.07099706159221501,-0.00033578759512373685,-0.0006034534582136032,31.774111540988088
342,IN,2,25,0.003895701969067193,0.03785385385923193,0.004041465314700081,0.0037499386234343046,0.003940617057250111,0.6540685279550293,0.3459314720449707,0.030425335646389412,0.057526579993232276,0.0014162154418343503,-0.0010953854151002724,-0.00207109553161704,0.07009021429639527,-0.0002954144022208151,-0.0005356169746763785,31.899758958257735
342,IN,2,26,0.0035174117322672093,0.031857223203774356,0.003773231364281986,0.003261592100252433,0.0036122000172451683,0.6852638990827808,0.3147361009172191,0.024334170808256284,0.05298193858415364,0.0010635090417843538,-0.0007405049876503854,-0.001612275597393307,0.06842505544081205,-0.00024412853921646052,-0.00045171390156419685,32.03081933315843
342,IN,2,27,0.003207356091320476,0.026128869260296693,0.003557056583093619,0.002857655599547333,0.0033604687790512308,0.7189197489463104,0.2810802510536895,0.018900670461852825,0.04834229801778818,0.0007755736784464613,-0.0004748219880051337,-0.0012144535346442229,0.06603564377960251,-0.00019074019880976643,-0.00036290199911368523,32.16413920838386
342,IN,2,28,0.0029662039913953284,0.021607202268842725,0.003392795563531677,0.00253961241925898,0.0031757325929071966,0.7455845534671017,0.25441544653289827,0.015007372971616048,0.0439802914022743,0.0005705991073460552,-0.00031309070695982605,-0.0009175370368605184,0.0630985119627726,-0.00014301418871286544,-0.00028012368823024543,32.29293166613206
342,IN,2,29,0.0027859813254792146,0.019101948156941766,0.0032730655885631673,0.0022988970623952615,0.003029860121253795,0.7503455913669561,0.2496544086330439,0.013319345424223866,0.040031787035853736,0.0004407260952168773,-0.00024314424419137048,-0.0007307790505050095,0.059894764432626584,-0.00010632704560054262,-0.00021185051906068373,32.42480208305642
342,IN,2,30,0.002652904064153638,0.018370955067587885,0.00318600851231518,0.0021197996159920958,0.002897484582935035,0.7293926824516793,0.2706073175483207,0.013510410920468882,0.03641584769985247,0.0003629408293081715,-0.00023135136821014865,-0.0006235825275402412,0.05672836166467343,-8.249120162166785e-05,-0.0001622363261404746,32.5613733753562
342,IN,2,31,0.002551326611711313,0.018216210668473537,0.003118916548961766,0.0019837366744608603,0.0027735185051343484,0.6957327630748601,0.30426723692513985,0.014394413287349089,0.03291404303156311,0.0003099913052587881,-0.00023847542384783778,-0.0005452942197648619,0.05384845424959819,-7.001938806706302e-05,-0.0001307882435560901,32.707246916368604
342,IN,2,32,0.0024673713072728633,0.01769331812901364,0.0030612297860659983,0.0018735128284797285,0.0026590557784657454,0.6613890161023139,0.33861098389768607,0.014994304724266593,0.0292874978081558,0.0002597793041157784,-0.00023666367205443182,-0.0004622612988081246,0.05141259843974616,-6.539303027154284e-05,-0.000113831064067869,32.85318354098126
342,IN,2,33,0.0023911333701218456,0.01643704214054544,0.0030061993769950725,0.001776067363248619,0.0025517323986506656,0.6305543037122531,0.369445696287747,0.014884290501246544,0.025403878100543707,0.00020176945043473712,-0.00021423718206303673,-0.00036565096987844825,0.049473893206400436,-6.440362775463773e-05,-0.00010632333393901813,32.99845716636628
342,IN,2,34,0.002317370670030676,0.014531161489820782,0.0029512739302604515,0.0016834674098009,0.002447648784054851,0.6027586717072196,0.3972413282927803,0.014089497228931552,0.02137885972547656,0.00013971578478138753,-0.00017515687799661849,-0.0002657762916445874,0.047988225367625,-6.329190737872716e-05,-0.00010336075724230716,33.127678375225514
342,IN,2,35,0.002244915375739454,0.012539248992699403,0.0028973888522385665,0.0015924418992403415,0.0023445880957458777,0.5763806680244107,0.4236193319755893,0.013057889923048073,0.017766694644779257,8.998370363696496e-05,-0.00013639663335677138,-0.00018558261324812885,0.04684747124966518,-5.970887581847122e-05,-0.0001013630734675803,33.25339875044301
342,IN,2,36,0.0021750518435783715,0.011617624483211148,0.0028473347018312667,0.0015027689853254764,0.002247275136458341,0.5537149594053767,0.4462850405946232,0.012647950024344582,0.015692569764292407,7.461134411917464e-05,-0.00012187606307209741,-0.0001512141191793884,0.045933980091562264,-5.3437925604722083e-05,-9.872203389503983e-05,33.38516016630456
342,IN,2,37,0.002109330612078989,0.012814805083139437,0.0028035156071226663,0.0014151456170353118,0.0021675277565037405,0.5419176047021081,0.45808239529789185,0.013670011887764103,0.01617180702534752,0.00010969438118385947,-0.00015151678769425434,-0.00017924638777273277,0.045171915751813625,-4.655775675811402e-05,-9.571293038997145e-05,33.51334883319214
342,IN,2,38,0.0020475994967855326,0.01565061336290413,0.0027657664434192703,0.0013294325501517947,0.002102103473476927,0.537946592325692,0.46205340767430797,0.016034580188828956,0.018668291649162994,0.00019338314224907787,-0.0002276635842009544,-0.00026505777748507347,0.04456612751628541,-4.24332474755483e-05,-9.406469888370969e-05,33.64068445842713
342,IN,2,39,0.001987073007833815,0.018778387912848315,0.0027304673671615385,0.001243678648506091,0.0020376334175172843,0.534006452328474,0.46599354767152606,0.018855924349901677,0.021607992895564174,0.00030109452698251526,-0.0003301719024815284,-0.0003783613038929579,0.04419647618871213,-4.384644512725463e-05,-9.54405868723205e-05,33.783008750062436
342,IN,2,40,0.0019232107163859528,0.0211417156040639,0.0026916619513426337,0.0011547594814292719,0.0019664253521294362,0.5281180078693737,0.4718819921306262,0.021206890681352397,0.023734198478671985,0.0003934517831847392,-0.0004231744913285314,-0.00047360584440292485,0.04414155549977128,-5.132083281609666e-05,-9.960344084705023e-05,33.91435895813629
342,IN,2,41,0.0018520518461377573,0.022139721891964125,0.0026436219424683205,0.001060481749807194,0.0018845893554268328,0.5205525129359408,0.47944748706405904,0.022460601641660794,0.024386242377066596,0.000434264094748127,-0.0004708144454907621,-0.0005111793248256447,0.044392533101501326,-6.261685105490252e-05,-0.00010416651328755863,34.04968966636807
342,IN,2,42,0.0017724561126238395,0.021558840012895045,0.0025834705120304515,0.0009614417132172276,0.0017910578799849837,0.5114682102899495,0.4885317897100504,0.0223375095134976,0.023386248866187752,0.0004076658923981239,-0.0004543621415279361,-0.0004756943074036791,0.04482111024590633,-7.37605136344857e-05,-0.00010585738738841329,34.180024416185915
342,IN,2,43,0.0016869443849975238,0.01950690283100776,0.002512450450451556,0.0008614383195434913,0.0016880757984633135,0.5006852847684211,0.4993147152315789,0.020874002602170125,0.020931299675951,0.0003241199417979004,-0.0003799984437673035,-0.0003810415019332007,0.0452121143367143,-8.088207737106762e-05,-0.00010209641642616129,34.30619300017133
342,IN,2,44,0.0016008883924366114,0.016353698290527106,0.002435337244259693,0.0007664395406135299,0.0015816124722449422,0.4884499090929566,0.5115500909070433,0.018360259877992516,0.017531161518175045,0.00021329579199733722,-0.0002737675274361574,-0.0002614049459979354,0.045327902984750916,-8.178857326942505e-05,-9.197750907442467e-05,34.438471833243966
342,IN,2,45,0.0015206497610309945,0.012707613295915158,0.0023585094741843163,0.0006827900478776726,0.0014848399022526812,0.4786301583569752,0.5213698416430248,0.015267030013383993,0.014015503792698966,0.00010958279123175971,-0.0001686933354062502,-0.0001548645728813418,0.04497381318691062,-7.667170556651049e-05,-7.641130503143406e-05,34.56884525017813
342,IN,2,46,0.001451532374216072,0.009463159260274974,0.002287610767538109,0.000615453980894035,0.001430110354984503,0.48718898885399275,0.5128110111460072,0.012178536214194343,0.011570049423579486,3.8314156526975734e-05,-9.190620604539766e-05,-8.731421638665923e-05,0.04406508563913552,-6.797550136321415e-05,-5.7567065560978514e-05,34.70776895806193
342,IN,2,47,0.0013962514188933643,0.007647370335473125,0.002225574125014534,0.0005669287127721943,0.0014560670641672916,0.5360629492189425,0.4639370507810575,0.0097184043270863,0.011229274481331692,8.445564825363243e-06,-5.45479529345243e-05,-6.302824160025264e-05,0.04268990638897699,-5.921932174906969e-05,-3.818232757725927e-05,34.838304875418544
342,IN,2,48,0.0013544103406865045,0.0075469742389138285,0.002171875670691004,0.0005369450106820055,0.0015187973256857055,0.6005467626365855,0.39945323736341454,0.008372928645338592,0.012588044660583246,1.3315480595755341e-05,-4.7420803596351886e-05,-7.129347672680243e-05,0.04104804904604323,-5.259705199302109e-05,-2.129022842791423e-05,34.96407204121351
342,IN,2,49,0.0013232403663879376,0.00841894451187701,0.0021239978762756704,0.0005224828565002047,0.001543626368498152,0.637610949250487,0.3623890507495131,0.008132432142765477,0.014308731920954249,3.701016948094754e-05,-5.558140648100695e-05,-9.779355439612335e-05,0.03931149773712221,-4.8587338952184646e-05,-9.1483304422735e-06,35.08956866618246
342,IN,2,50,0.0012989102943460546,0.009371476837996738,0.002079159587509042,0.0005186610011830673,0.0015294045991098054,0.6477055517918955,0.3522944482081045,0.008421634772851993,0.015483467381574334,6.20471316625523e-05,-6.77966846834493e-05,-0.000124646554284089,0.03761960927077877,-4.707186694973225e-05,-2.2666723748096434e-06,35.21618633298203
342,IN,2,51,0.0012776723445609693,0.009839007996501808,0.0020349398949114496,0.0005204047942104892,0.0014985830089948493,0.6458603794204819,0.3541396205795181,0.008635587719113227,0.015749110341447898,7.561852118371751e-05,-7.49435028373228e-05,-0.0001366778421979613,0.03609825087673044,-4.744564873510188e-05,2.8086793488253794e-07,35.34476162539795
342,IN,2,52,0.001256728610269604,0.00961409896028377,0.001989714257966143,0.0005237429625730653,0.001462149872630223,0.6401263878809702,0.35987361211902974,0.00847426816351595,0.01507363276097042,7.288071006368728e-05,-7.219738208583018e-05,-0.00012842133419267978,0.034827080712091264,-4.86702900196823e-05,8.873181114874035e-08,35.47389479121193
342,IN,2,53,0.0012346367141338932,0.008751579757635249,0.0019429545870218211,0.0005263188412459653,0.0014226705597201992,0.6327326704461524,0.36726732955384755,0.007918061721598564,0.013641334076599282,5.67806811743077e-05,-6.0523307734564884e-05,-0.0001042702986232017,0.0338127410432123,-4.9685202349266516e-05,-1.302154983235013e-06,35.60577991604805
342,IN,2,54,0.0012111636517441848,0.0074993404028226894,0.0018951161696271618,0.0005272111338612077,0.0013791408487829272,0.6227988732015188,0.3772011267984811,0.0071532724517342,0.011810807832033934,3.52144013063821e-05,-4.515109845037499e-05,-7.454922915362198e-05,0.032997236520988564,-4.982630445825626e-05,-2.8932917217709264e-06,35.732412291225046
342,IN,2,55,0.0011867534826768143,0.00628391838354758,0.0018471681723675453,0.0005263387929860834,0.0013292090964357056,0.6078531534675603,0.3921468465324397,0.006516070482078955,0.010100333652487824,1.7014753686817502e-05,-3.248122513293385e-05,-5.034801452600828e-05,0.03229347845755158,-4.8995012253839884e-05,-4.386490738420596e-06,35.85900016641244
342,IN,2,56,0.0011619109129366951,0.0056582717519213675,0.0018000373306861323,0.0005237844951872581,0.0012749901740532544,0.5886025542676719,0.4113974457323281,0.006356471458577698,0.009094454463586333,8.29933782973391e-06,-2.719665331594173e-05,-3.891132474291326e-05,0.03163656930457645,-4.757462867140614e-05,-5.983528695943917e-06,35.99251241609454
342,IN,2,57,0.0011367829732025583,0.005926672151509295,0.001754196774636055,0.0005193691717690614,0.0012271014004864643,0.5731425399579722,0.42685746004202785,0.0067633452633689495,0.009081159978973633,1.0368060294050095e-05,-3.064285089888068e-05,-4.11442297248564e-05,0.03102162766411261,-4.6208760186845596e-05,-7.940257393778151e-06,36.124821541365236
342,IN,2,58,0.0011110870582237127,0.006739420793097106,0.0017094896153437406,0.0005126845011036847,0.0011896562668169345,0.5656491250399707,0.43435087496002933,0.007472036586166338,0.00973072969548083,1.9724691784255012e-05,-4.014838052053923e-05,-5.2284679558443774e-05,0.0304767693840992,-4.543465115992989e-05,-1.029044209261048e-05,36.255119000095874
342,IN,2,59,0.001084333961078387,0.007512624952810284,0.0016652968644002746,0.0005033710577564995,0.001157031263038983,0.5625662168315051,0.43743378316849496,0.008112352550243332,0.010432974450983134,3.003869070153144e-05,-5.016256930558983e-05,-6.451208828999816e-05,0.030024280391447895,-4.536804325700604e-05,-1.2802135002863693e-05,36.38342145830393
342,IN,2,60,0.0010561854681473545,0.00786400875023286,0.00162098324736604,0.0004913876889286688,0.0011246947340519775,0.5606493761354688,0.4393506238645311,0.008414501024576972,0.010737630706938424,3.518046760206586e-05,-5.5152682100546974e-05,-7.037959008658139e-05,0.02966836988217136,-4.566704888585309e-05,-1.500798080372406e-05,36.51436350028962
342,IN,2,61,0.0010267666426021936,0.007633763229097617,0.0015763293019106577,0.00047720398329372963,0.0010910966629111526,0.5585283763546708,0.4414716236453292,0.008255432297779792,0.010444370488213233,3.194505800161136e-05,-5.2167753246719654e-05,-6.600009821326532e-05,0.029388360924328494,-4.572002064979053e-05,-1.636430048579684e-05,36.649534041062
342,IN,2,62,0.0009967738825401046,0.006825732525658374,0.001531736969950283,0.0004618107951299261,0.0010559657600081006,0.555323328712782,0.44467667128721805,0.007651861077430452,0.009555835146615652,2.1216253893403597e-05,-4.1949097132139125e-05,-5.2387079781994696e-05,0.02913906738013396,-4.493455931523513e-05,-1.6488420278432507e-05,36.78575725015253
342,IN,2,63,0.0009673218985960414,0.005574365517157684,0.0014881401335071055,0.00044650366368497715,0.0010187636469315958,0.5493855100372386,0.45061448996276143,0.006752205063656448,0.008232233328935959,7.173636703084277e-06,-2.8280278921781552e-05,-3.4479085350145476e-05,0.02886202986902485,-4.2989812342032655e-05,-1.5346477192311963e-05,36.912830375134945
342,IN,2,64,0.0009396024527528759,0.004149794895025825,0.0014466901692309546,0.00043251473627479726,0.0009771898024915529,0.5370619801242039,0.462938019875796,0.005834892391057837,0.006769154242708189,-4.865411200920724e-06,-1.6032411814740473e-05,-1.8599463569013684e-05,0.028501377927198066,-3.993927377656165e-05,-1.3301902282726678e-05,37.04554433329031
342,IN,2,65,0.0009145115252164324,0.0030506451141457946,0.0014083844166665302,0.0004206386337663346,0.0009288287293785813,0.5144948269180264,0.4855051730819737,0.005271440866568489,0.005586200120252569,-1.0818796963468174e-05,-9.044246050256582e-06,-9.584280589004446e-06,0.028019957448437133,-3.616608936575241e-05,-1.0978039251930865e-05,37.19162166630849
342,IN,2,66,0.0008924023432385973,0.002982838110715596,0.0013737833674115933,0.0004110213190656012,0.0008824775543963933,0.48969133768904305,0.5103086623109571,0.00532104612431954,0.005106066949213115,-9.36740410165972e-06,-9.084623833378116e-06,-8.717589815588703e-06,0.027425082314373867,-3.233703617206555e-05,-8.920494688489629e-06,37.33427908318117
342,IN,2,67,0.0008730403938807907,0.003827700372189415,0.0013427992151662004,0.00040328157259538107,0.0008521981579054221,0.4778160249142979,0.5221839750857021,0.005866680094539734,0.005368211006009416,-2.1332000318729216e-06,-1.5331518173638976e-05,-1.4028858446732665e-05,0.026771292864911235,-2.917911023003916e-05,-7.406318732214571e-06,37.465747541282326
342,IN,2,68,0.0008557498765492928,0.004807645367636139,0.0013146898547606888,0.00039680989833789683,0.0008328668628854684,0.4750697098202195,0.5249302901797805,0.006564971290670914,0.005941396532802395,7.3370203933580865e-06,-2.4326381479572802e-05,-2.2015736578124715e-05,0.026114046727949092,-2.7033222624666332e-05,-6.563014878321833e-06,37.591842958237976
342,IN,2,69,0.0008396954636290287,0.005504742460448677,0.001288452279386882,0.0003909386478711756,0.0008147540551450294,0.47221055189782607,0.527789448102174,0.0071406302662067244,0.006388685812170767,1.5172923676817854e-05,-3.208546424267871e-05,-2.870670270581121e-05,0.025488944886949274,-2.580657312871674e-05,-6.3448218399116064e-06,37.720992625225335
342,IN,2,70,0.0008241705606993138,0.005774376150871133,0.0012632348454795813,0.00038510627591904637,0.0007937172189374821,0.4653201788240731,0.5346798211759268,0.007454310572044752,0.0064873237983162045,1.8650678691936702e-05,-3.582846978183134e-05,-3.118073528417136e-05,0.024909558134881372,-2.5155481409915545e-05,-6.528350335332323e-06,37.84768925001845
342,IN,2,71,0.0008087769011241377,0.00560078849087458,0.0012385531890169636,0.00037900061323131197,0.000768623531864215,0.45328573214591117,0.5467142678540888,0.007471977732307162,0.00619508415293586,1.700058514030517e-05,-3.46016094208494e-05,-2.86885065599615e-05,0.024367978259685667,-2.4668445600296047e-05,-6.828460389005745e-06,37.97473566606641
342,IN,2,72,0.0007934519347792254,0.005051802652799744,0.0012143218095174528,0.000372582060040998,0.0007399864982216076,0.4364822243563141,0.5635177756436859,0.007233307619531461,0.005602680759484829,1.1352725760833203e-05,-2.923453535876547e-05,-2.2644103829451657e-05,0.023843044078575532,-2.4021153437428496e-05,-7.029219900791836e-06,38.10381987504661
342,IN,2,73,0.0007783659452262584,0.004270926252924008,0.0011907427638452252,0.00036598912660729154,0.0007109821082246578,0.4182982239068793,0.5817017760931207,0.006826689213201023,0.004909030864965259,3.970001964009335e-06,-2.1803596113255594e-05,-1.567883390388296e-05,0.023315555199890686,-2.308884555648037e-05,-7.043022995045066e-06,38.24548350041732
342,IN,2,74,0.0007637540818540563,0.0034807318610679903,0.0011681018803738278,0.0003594062833342846,0.0006894000063934825,0.4080567821405635,0.5919432178594365,0.006362790754353266,0.004386197598553552,-2.829441554945227e-06,-1.484535341515339e-05,-1.0233662556744415e-05,0.022783581289940714,-2.20084022444247e-05,-6.868236746526035e-06,38.39462766610086
342,IN,2,75,0.000749756840806047,0.002934000062712805,0.001146520832003624,0.00035299284960846995,0.0006842009023455012,0.41738673378262703,0.5826132662173729,0.0059408940641959935,0.00425608291637871,-7.585020678739407e-06,-1.0312206487714978e-05,-7.387710568185868e-06,0.02226716208330829,-2.1128128802717923e-05,-6.5137904572887355e-06,38.53257329110056
342,IN,2,76,0.0007363315858867318,0.0027414247963833383,0.0011257681550980695,0.0003468950166753942,0.000693751441585226,0.44533109154626077,0.5546689084537393,0.005612454616428194,0.004506112570029286,-1.0077668511042529e-05,-8.438002709546647e-06,-6.7746810752168106e-06,0.021800508801848334,-2.075799129459617e-05,-6.008310762405185e-06,38.67030091630295
342,IN,2,77,0.0007232819982196034,0.0027681099383592062,0.0011053191288214876,0.0003412448676177192,0.0007068991545239734,0.47855857142757363,0.5214414285724264,0.005365989281605188,0.004924695323750964,-1.1072763642090883e-05,-8.005741708883658e-06,-7.347356971444323e-06,0.021422803472390815,-2.0948320546057332e-05,-5.41796082529957e-06,38.81571341631934
342,IN,2,78,0.0007103789191854387,0.0028038213980553575,0.0010846270927517096,0.0003361307456191679,0.0007159379866885915,0.5074269801375109,0.4925730198624892,0.005154736139762586,0.005310181612333592,-1.1646286348727143e-05,-7.746350450327539e-06,-7.979948266744042e-06,0.021164222401058922,-2.1518885676152335e-05,-4.791285603685085e-06,38.951801791321486
342,IN,2,79,0.0006974792680572235,0.002735857801136853,0.001063348611964365,0.00033160992415008205,0.0007189405418917619,0.5293291501350619,0.4706708498649382,0.004947966825261994,0.005564617131619642,-1.251201915143142e-05,-7.070192437098495e-06,-7.951329374008627e-06,0.021029435657171087,-2.219360265378446e-05,-4.132833231672513e-06,39.08132179128006
342,IN,2,80,0.0006845796890330305,0.0025798513187691077,0.001041420094016832,0.000327739284049229,0.0007159265499547189,0.5439228020200115,0.4560771979799884,0.0047666771649435636,0.005684792862621186,-1.3682786781957092e-05,-6.1181778022884154e-06,-7.296607741445053e-06,0.02099183719913678,-2.271660739272994e-05,-3.4389600074498964e-06,39.21108479099348
342,IN,2,81,0.0006717931774637087,0.002461008333742755,0.0010190164735665954,0.000324569881360822,0.0007067666341328969,0.5503616218463998,0.44963837815360025,0.004680400343830917,0.005728854228811575,-1.4576058024775688e-05,-5.5023477095225355e-06,-6.73492556798868e-06,0.021001334229202334,-2.2927648821926354e-05,-2.7466612663094595e-06,39.342908583115786
342,IN,2,82,0.00065927148506369,0.0025424698322098777,0.0009964441285168987,0.0003220988416104813,0.0006917514145525374,0.5481651316017203,0.4518348683982796,0.004760353179761018,0.005775250671787911,-1.4442835060841723e-05,-5.896172955044841e-06,-7.153224883475972e-06,0.02100282969539007,-2.2798079888659697e-05,-2.1483773819744856e-06,39.47846145834774
342,IN,2,83,0.0006471141866386524,0.0028748913437415986,0.000974013062592987,0.0003202153106843178,0.0006729863251981487,0.5395720824734654,0.4604279175265346,0.0050164341332494975,0.005878722181767823,-1.2856028892456692e-05,-7.658847174257597e-06,-8.97534654579678e-06,0.020960184929433114,-2.2423746582441955e-05,-1.7591640470913772e-06,39.60928583331406
342,IN,2,84,0.0006353081754558197,0.003348464518126937,0.0009519292286291031,0.0003186871222825363,0.000653670548432031,0.5289973973495719,0.4710026026504282,0.005379128595742028,0.006041463489041727,-9.99770298433133e-06,-1.059760849990138e-05,-1.1902497529803052e-05,0.020870282852481915,-2.196221876566212e-05,-1.663753075228665e-06,39.74226954113692
342,IN,2,85,0.0006237282482743718,0.003809798418682857,0.0009302526857157403,0.00031720381083300334,0.0006359297042616938,0.5199029090293263,0.48009709097067366,0.005741043438828586,0.006217044928716371,-6.61712727249331e-06,-1.395891784688944e-05,-1.5116279877526908e-05,0.02075568015755879,-2.154102576947678e-05,-1.8784023695524604e-06,39.87312150001526
342,IN,2,86,0.0006121968602726777,0.00414411931867073,0.0009089391972153067,0.00031545452333004884,0.0006202012294139989,0.5134870696641926,0.48651293033580745,0.006006969565696016,0.006340018954320925,-3.7118415042152984e-06,-1.6722645945701357e-05,-1.7649813454625023e-05,0.02064545122264073,-2.1200303317296806e-05,-2.340006968970044e-06,39.99914116598666
342,IN,2,87,0.0006005672393602369,0.004288503580007714,0.0008879259333280269,0.000313208545392447,0.0006060478096299046,0.509536113548529,0.49046388645147093,0.006119737089015621,0.0063577097894736475,-2.1116019815973036e-06,-1.8047065229251273e-05,-1.8748845188990996e-05,0.020559246057606548,-2.089929715172447e-05,-2.9241378455497854e-06,40.126482208259404
342,IN,2,88,0.0005887847118520273,0.004226657505023166,0.0008672002292485133,0.0003103691944555412,0.0005929206640004,0.5074276609778231,0.49257233902217695,0.006065968610623172,0.006248910098694823,-2.168538683545946e-06,-1.7603133449941565e-05,-1.813402037580143e-05,0.020501004268808114,-2.0567602268485255e-05,-3.4869158618503993e-06,40.252134500071406
342,IN,2,89,0.0005768978422517556,0.003981320715882735,0.0008468141091674532,0.0003069815753360581,0.0005804315319018389,0.5065458997533984,0.4934541002466017,0.005871638254066497,0.006027418317015129,-3.6835562047454916e-06,-1.5646079309331803e-05,-1.6061184449369845e-05,0.02046183702984377,-2.016276882770524e-05,-3.913806846275644e-06,40.37916254112497
342,IN,2,90,0.000565019923238689,0.0036043445991516903,0.0008268462535948353,0.00030319359288254264,0.0005682948058477332,0.5062539214535633,0.4937460785464367,0.005591758314350832,0.005733411762569442,-6.0731874007199015e-06,-1.2830814181283925e-05,-1.3155851310940718e-05,0.020427985292113825,-1.970062524825458e-05,-4.153485026597365e-06,40.505537833087146
342,IN,2,91,0.0005532666436025603,0.0031632840491745387,0.0008073434808865926,0.00029918980631852817,0.0005561342499363918,0.50564318724305,0.4943568127569499,0.005295367643501525,0.005416263119651299,-8.665822929389848e-06,-9.894690790081043e-06,-1.0120590753021227e-05,0.020388482601671268,-1.9243411431844667e-05,-4.223248903936324e-06,40.6317076664418
342,IN,2,92,0.0005417051803847724,0.0027246553075439546,0.0007882832507830517,0.00029512710998649296,0.000543319236203239,0.5032729103116503,0.49672708968834955,0.005047704359312924,0.005114222509785141,-1.0966953958089871e-05,-7.375468054032856e-06,-7.472661245016011e-06,0.020338443547480885,-1.8854951298947733e-05,-4.188010308495866e-06,40.758298208005726
342,IN,2,93,0.00053033987289854,0.0023368264366278625,0.0007695844764708562,0.0002910952693262239,0.000528984658266915,0.49716772163010264,0.5028322783698974,0.004895134550976241,0.004839989389049034,-1.2770533242713106e-05,-5.491866785939219e-06,-5.4299992560399905e-06,0.02027709483124516,-1.855122157199655e-05,-4.127198037356344e-06,40.884649666026235
342,IN,2,94,0.0005191365702431213,0.002020621397770923,0.0007511636294266417,0.0002871095110596008,0.0005122647038586128,0.4851916702976587,0.5148083297023414,0.00486058632909849,0.004580959288294391,-1.4093157514385535e-05,-4.207523627337736e-06,-3.96546694911719e-06,0.020203012381584205,-1.8278244850742797e-05,-4.1068877297250656e-06,41.01110816607252
342,IN,2,95,0.0005080651419004734,0.0017770303429797858,0.0007330037237237461,0.00028312656007720084,0.0004926089862744556,0.46564360924494214,0.5343563907550578,0.004950580528508393,0.004313986367590873,-1.5011102660275076e-05,-3.3908302156142575e-06,-2.9548040357566964e-06,0.020110769086596543,-1.793283934065473e-05,-4.167855255134011e-06,41.137399250175804
342,IN,2,96,0.0004971311731034249,0.0016081478583278113,0.0007151943305676344,0.00027906801563921534,0.00047008882024762147,0.4379942188073614,0.5620057811926386,0.005163527436002454,0.0040241492904626655,-1.5525740004173005e-05,-2.9522530471820703e-06,-2.300812216518709e-06,0.0199924076663178,-1.7414838097300378e-05,-4.327982088039861e-06,41.26438441639766
342,IN,2,97,0.0004863785726020442,0.001528939000290918,0.0006979179160444106,0.0002748392291596778,0.00044563500033254595,0.4036974124848818,0.5963025875151182,0.005489394970744024,0.0037163255571831667,-1.5544949214962794e-05,-2.8953052389184397e-06,-1.9601243693675266e-06,0.019843596111727105,-1.6679471586986608e-05,-4.588520422821885e-06,41.39157741609961
342,IN,2,98,0.00047586642422864367,0.001551569865799539,0.0006813898807173905,0.0002703429677398968,0.0004209704791780081,0.36644846776007445,0.6335515322399257,0.005904155950830318,0.0034149848773137414,-1.4977972656958056e-05,-3.284730678739501e-06,-1.8998999496899102e-06,0.01966956459959106,-1.5758499958186112e-05,-4.93586308614174e-06,41.51840058341622
342,IN,2,99,0.0004656399571358838,0.0016597119601072202,0.0006657858882456667,0.0002654940260261009,0.000398035343806233,0.3311116969633304,0.6688883030366695,0.006369377562427514,0.00315295603723529,-1.3863556883715256e-05,-4.159689639155241e-06,-2.0591209160163303e-06,0.01948467842654698,-1.473996441926212e-05,-5.339833416018888e-06,41.64479325013235
342,IN,2,100,0.00045571561265619697,0.0018091446408629475,0.0006511935930098094,0.0002602376323025845,0.0003781471410751882,0.30159281510712804,0.6984071848928719,0.006840200141557718,0.0029538001057434755,-1.2435194392888827e-05,-5.426197455003242e-06,-2.3431920535476506e-06,0.019304780729041102,-1.3723680036244154e-05,-5.7551181038157e-06,41.77620325004682
342,OOF,0,1,0.023404610171445555,0.06415901894334927,0.01335883304087881,0.0334503873020123,0.0187984350575243,0.7292592725308348,0.2707407274691652,0.12212920330430059,0.3289636353902764,-0.029751695163631468,-0.0028223019348711832,-0.00760206960779823,0.004123097802344229,-0.0002219394682088736,-0.00017391035449518065,42.18259049998596
342,OOF,0,2,0.023208601624926002,0.06271077301212653,0.013140072591133038,0.03327713065871897,0.01850415210616424,0.7336214904367974,0.2663785095632026,0.11908120131017341,0.32795636754415447,-0.028991466717437294,-0.0026802929733130963,-0.007381678533728289,0.06280766386125537,-0.0002261716490531784,-0.00022164342519281582,42.32801558310166
342,OOF,0,3,0.022956030276878175,0.06521671736069466,0.012906692786511891,0.03300536776724446,0.018141544877974144,0.7395424277231909,0.2604575722768092,0.11660603894069861,0.3310908274678234,-0.027566714080169877,-0.002875575534184702,-0.008164900306266567,0.06992697893957488,-0.0002421789285670228,-0.0003364520929263765,42.46822650032118
342,OOF,0,4,0.02263377816531265,0.06808066141412868,0.012656519142892108,0.03261103718773319,0.017731337460454986,0.7456807372566492,0.25431926274335087,0.11409059403334146,0.3345210950799494,-0.025945312277615838,-0.0031078826547385773,-0.009112515522000916,0.07313602730016962,-0.00025989847624484613,-0.0004627605583980843,42.59963716613129
342,OOF,0,5,0.022237061436274685,0.07099732506497831,0.012388526529563683,0.03208559634298569,0.017273542438668677,0.7519927605792289,0.24800723942077108,0.1114686009073157,0.33798844384530613,-0.024161346509418712,-0.003351508439057056,-0.010162244009801352,0.07530250204994374,-0.00027814015040780293,-0.0005981716783946373,42.73291983315721
342,OOF,0,6,0.02176178156121087,0.07379169518802443,0.012102602412221703,0.031420960710200035,0.01676822768398984,0.7584874863690464,0.24151251363095363,0.10868913344584182,0.34134607099050335,-0.02223793572770991,-0.0035895214994179285,-0.011273151433972768,0.0770710622734844,-0.0002964580896835408,-0.0007405852164098992,42.862192125059664
342,OOF,0,7,0.021205271195334073,0.07631208181860835,0.01179891529698391,0.030611627093684236,0.016217496550633634,0.7651278932352154,0.23487210676478468,0.1057041500187656,0.34434567273274663,-0.02019592718532708,-0.0038055950403703995,-0.012397244423157533,0.07867350271870407,-0.0003141664311073419,-0.0008876743197566553,42.98796212533489
342,OOF,0,8,0.020566663220808773,0.07840549892642647,0.011478376877640183,0.02965494956397736,0.01562515949627856,0.7718611373993844,0.2281388626006155,0.1024617666360714,0.34665841161011823,-0.01806404237816726,-0.003982207397184318,-0.01347298349747554,0.08015136968558842,-0.0003305855126501158,-0.001035191770728828,43.11578870844096
342,OOF,0,9,0.019847980056862325,0.07991101927365349,0.011142610532596636,0.028553349581128016,0.01499687974196481,0.7786269038537289,0.22137309614627115,0.09889439207065766,0.3478373643723823,-0.01587540664244694,-0.0041006616710445925,-0.014423096375575047,0.08150703681230238,-0.0003450799401059845,-0.00117661199664145,43.2421679161489
342,OOF,0,10,0.019055235874589897,0.0806638684629568,0.0107938996318031,0.027316572117376696,0.014340546254516306,0.7853466728333519,0.21465332716664814,0.09492506040193649,0.34729990603541355,-0.013668719738688972,-0.004142539785604903,-0.015156205033704623,0.0827330107636544,-0.0003568034251471622,-0.0013037688233389145,43.37005279120058
342,OOF,0,11,0.018199169246739387,0.08050622171396504,0.010435407495586045,0.02596293099789273,0.01366631145883786,0.7919240654975118,0.2080759345024883,0.09048381446075457,0.3443757702245302,-0.01149409526463778,-0.004092091664487029,-0.015574246368651031,0.08373398335532926,-0.0003651786937907081,-0.0014066678696715246,43.4962492082268
342,OOF,0,12,0.01729559716104922,0.07931238415940964,0.010070789617839079,0.024520404704259355,0.012986044683778388,0.7982468703488815,0.20175312965111858,0.08552131406009092,0.33836957778371135,-0.009408158700273533,-0.003940168458349527,-0.015589483771398082,0.08450039926300768,-0.00037007971806035075,-0.0014757375914813218,43.63046229118481
342,OOF,0,13,0.016364531246840765,0.07701600805763197,0.009703646251246142,0.02302541624243539,0.012312139155768835,0.8041932186002387,0.1958067813997613,0.08002195885364899,0.3286562201225698,-0.007465657649272257,-0.003687836057270796,-0.015146220817101035,0.0849916702703456,-0.0003717252073914765,-0.0015046640464295683,43.75917070824653
342,OOF,0,14,0.015428141090622748,0.07362700769954607,0.009337150869045008,0.021519131312200488,0.011656129987531627,0.8096385781189174,0.19036142188108263,0.07401459235752084,0.31479628973263923,-0.005713231433576066,-0.0033477507182178797,-0.01423853690842737,0.0851154492451403,-0.00037070251870451065,-0.0014917878114376558,43.888747291173786
342,OOF,0,15,0.014508292837932514,0.06924514084616439,0.0089736550104662,0.020042930665398827,0.011027787198028462,0.8144293943346771,0.18557060566532294,0.06758521532525653,0.2966169441867227,-0.004183895897084087,-0.0029437109982518375,-0.01291931314664333,0.08487965601130666,-0.00036800123325910107,-0.0014399985223117345,44.029828750062734
342,OOF,0,16,0.013624311162167948,0.06407595265743928,0.008614275073211983,0.018634347251123912,0.0104351277343531,0.8182794865335429,0.18172051346645715,0.06090024392672606,0.27423112217502843,-0.0028951663077089965,-0.0025087563458002543,-0.011296819579249794,0.08435962112092737,-0.00036484587094152526,-0.0013551610419123682,44.17590441601351
342,OOF,0,17,0.012791639256691242,0.05842667511013843,0.008258774567980643,0.017324503945401838,0.00988508824105363,0.8206086233807695,0.17939137661923046,0.05421642952195011,0.24800784983696192,-0.0018515284133749535,-0.0020799661782506603,-0.00951460551995042,0.08360570912587206,-0.00036234018460323353,-0.001244579222274731,44.32128237513825
342,OOF,0,18,0.012021367019339577,0.05267983820929359,0.007905849418882461,0.01613688461979669,0.009384989395708407,0.8202972116239211,0.17970278837607895,0.04787330828815323,0.21852939319895326,-0.0010486218538952998,-0.0016915608845380727,-0.007721542272203172,0.08262759592146236,-0.00036134355257720174,-0.001116590703675851,44.46757658338174
342,OOF,0,19,0.011319855579117622,0.04723632020880598,0.007553479687728749,0.015086231470506493,0.008944384903985213,0.8153523099703733,0.18464769002962667,0.04225913674070064,0.18660447229724714,-0.00047549262540654935,-0.0013682857824674143,-0.006041965503361688,0.08144538565349191,-0.00036250318329873526,-0.0009810601088562864,44.60799283301458
342,OOF,0,20,0.010687896598510958,0.042391786499661015,0.007199249961030318,0.014176543235991598,0.008576112668699029,0.8026652093570841,0.197334790642916,0.03772046321509119,0.15342912116482513,-0.00011464531925298936,-0.0011194353148009538,-0.004553336886967614,0.0801335274354037,-0.0003656798320442644,-0.000851114383649318,44.74447750020772
342,OOF,0,21,0.010119077480516851,0.03815734692363146,0.0068413376675832875,0.013396817293450413,0.008292625337871748,0.7786145708451512,0.22138542915484874,0.03441021311756225,0.12102103296274735,5.896820567861514e-05,-0.0009349832245432824,-0.003288344517090994,0.0787639158900113,-0.00036894194271407284,-0.0007451813043013696,44.8743880414404
342,OOF,0,22,0.009597614484704408,0.034266463805088306,0.006480379626548249,0.012714849342860567,0.008083528698755279,0.7428571883166847,0.2571428116833153,0.0321927112420139,0.09300118794292964,7.950879911160872e-05,-0.0007903205085530265,-0.0022831486791695804,0.0773680853139149,-0.0003691931581870344,-0.000683601069764421,45.00013900035992
342,OOF,0,23,0.009098844193444512,0.03075541470695395,0.006120261552165172,0.012077426834723851,0.00785563171723068,0.7086919561983105,0.2913080438016895,0.030730177731507945,0.07476013874058983,-6.507823851900616e-06,-0.000667353090100569,-0.0016235314367780483,0.0761552698022835,-0.0003643055714144383,-0.0006786461289415635,45.12611883319914
342,OOF,0,24,0.00859580341598472,0.02836198782468522,0.005766662003001004,0.011424944828968437,0.007459569979257539,0.7008088799507671,0.2991911200492329,0.02966473518137154,0.06948504966682219,-0.0001430504983904759,-0.000573909932066003,-0.0013442951669742499,0.07551411195914746,-0.0003551982662085291,-0.0007218841160331848,45.25183216622099
342,OOF,0,25,0.008069839382008202,0.027106192286284275,0.005423805329096976,0.010715873434919428,0.006923228698709794,0.7166658970312346,0.28333410296876543,0.02871341534105664,0.07262777528936314,-0.00027617120868896023,-0.0005126138018459349,-0.001296606466645519,0.07539831040886207,-0.00034381897714782833,-0.0007847257522579053,45.38219100004062
342,OOF,0,26,0.007515509401604266,0.026267785676394775,0.005093630949497425,0.009937387853711108,0.00636625645852156,0.7372647855392881,0.26273521446071185,0.027660046550700444,0.07761722512175209,-0.00036584997764664334,-0.00046794352441253365,-0.0013131025579446818,0.07555283190217338,-0.0003308013135242993,-0.0008471889368653804,45.51323508331552
342,OOF,0,27,0.006933031242725802,0.025508056158355132,0.00477741534066991,0.009088647144781695,0.005829766936288898,0.7559046594026052,0.2440953405973949,0.026355848186681706,0.08161773345637154,-0.00038791821635302063,-0.0004303855789776581,-0.001332800796986502,0.07580069702593316,-0.00031614320200416026,-0.0009089279241427017,45.642708083149046
342,OOF,0,28,0.006325991055731044,0.02474381608587169,0.0044765605922394034,0.008175421519222684,0.005319990307394862,0.771975823961745,0.22802417603825506,0.024731507215141866,0.08372851507211211,-0.0003316555501667592,-0.0003965515599629598,-0.0013425252644893363,0.07601013833768942,-0.00029962166875952115,-0.0009516740778263977,45.77300995821133
342,OOF,0,29,0.005717560762665795,0.02393939753781656,0.004192792495974067,0.007242329029357522,0.004846005143144663,0.7857993698321567,0.21420063016784321,0.02279472721152431,0.08362292055012246,-0.000203752228312619,-0.0003646571736218292,-0.0013377522606365638,0.07600050491398673,-0.00028117388937852375,-0.0009194179860048328,45.90044983336702
342,OOF,0,30,0.0051543787378283325,0.02311642304320669,0.003927884401322408,0.006380873074334257,0.004416505052619088,0.800805989578118,0.1991940104218819,0.020613917347938972,0.08287271512800663,-3.335879078420327e-05,-0.0003336444914666624,-0.0013413280177971545,0.07557371823333721,-0.0002613030085793826,-0.0007909096479839155,46.02893812535331
342,OOF,0,31,0.004676859862841427,0.022166339544732763,0.0036830315035121545,0.005670688222170699,0.0040395772093907364,0.820620078642547,0.17937992135745287,0.018304055520795025,0.0837366599744486,0.00013622442811302008,-0.00029937520516507406,-0.0013695696962461872,0.07465038495646138,-0.00024079291506699145,-0.0006147770018514448,46.159511875361204
342,OOF,0,32,0.00429695518006076,0.0208907806022621,0.003458578843418123,0.005135331516703395,0.0037197101063213517,0.84426369668963,0.15573630331036997,0.01603942810228839,0.08695151082043084,0.000264977826619088,-0.00025846469289339216,-0.0014011656399153475,0.07333053698534867,-0.00022038480422567622,-0.00044873719591119845,46.29090054100379
342,OOF,0,33,0.004005737220616061,0.019320397511575587,0.0032541010714075887,0.004757373369824533,0.0034531300819486575,0.8676028216906142,0.1323971783093859,0.014080172513244275,0.09226780780656064,0.0003256627918595322,-0.00021512018556943242,-0.0014096892576253405,0.07180242424411604,-0.00020081285101307373,-0.00031300821622633337,46.41742587508634
342,OOF,0,34,0.0037890443544142264,0.017789754504711045,0.0030684904290655744,0.004509598279762879,0.003232213332758636,0.8863909431803861,0.11360905681961384,0.012752978129531094,0.09950020384855729,0.0003024214453676271,-0.00017851906530225127,-0.0013928263036299129,0.07023402577892582,-0.00018264979053171453,-0.0002096069369738681,46.54369808314368
342,OOF,0,35,0.003629932716574491,0.016716109039280617,0.002900215433980758,0.004359649999168224,0.00304896087721268,0.8980800874667407,0.10191991253325927,0.012316127886164275,0.1085251049999529,0.00018978364661714807,-0.0001555698123768207,-0.0013708229062791533,0.06872972895156039,-0.00016599842340389313,-0.00014723788463739794,46.67251508310437
342,OOF,0,36,0.0035049929111999048,0.016264598879725714,0.0027478351966999832,0.004262150625699826,0.0028949367477671744,0.9028593724595765,0.09714062754042366,0.01275847418683182,0.11858177458315443,-4.803191887928749e-06,-0.00014649965697189404,-0.0013616196611880625,0.06732114755461967,-0.00015041124748507384,-0.00014126362808068108,46.800158041063696
342,OOF,0,37,0.003382523648684656,0.01625745536027917,0.0026104768022591407,0.004154570495110171,0.0027615758822627946,0.9021438396496113,0.09785616035038867,0.013791676593637395,0.1271465795596209,-0.00025660109275892675,-0.00014648709173368895,-0.0013504763207808628,0.0659849257700224,-0.00013520474669210828,-0.00020131188481736702,46.92628091620281
342,OOF,0,38,0.0032294941316967298,0.016367208286601785,0.0024879032681949546,0.003971084995198505,0.0026411723932458914,0.896661938142547,0.10333806185745298,0.015064550061728526,0.13071474742992495,-0.0005236186497401912,-0.0001493793232998918,-0.0012961608834242216,0.06467611254202496,-0.00011994841100824798,-0.0003090642175953713,47.05258950032294
342,OOF,0,39,0.003027373341005042,0.0163048289605425,0.002380197430395796,0.0036745492516142885,0.0025275107297982164,0.8861875905858877,0.11381240941411225,0.01632535895153722,0.12711558071029322,-0.0007572930406900931,-0.00014999501812973078,-0.0011679194246088135,0.06334585472184766,-0.00010460499542481308,-0.0004189988792606156,47.179121708031744
342,OOF,0,40,0.0027820015813552505,0.015887795909357797,0.0022874070003335682,0.0032765961623769323,0.0024166465484125985,0.8693479942581854,0.13065200574181463,0.0174548974654331,0.116143491371599,-0.0009160846600948776,-0.00014517895050347363,-0.0009660091225703235,0.06194874610149217,-8.948579768449439e-05,-0.00048378339641958824,47.30600733309984
342,OOF,0,41,0.002519925785526781,0.015074693202587943,0.002209156895001462,0.0028306946760521,0.002306199938128993,0.8438662200655112,0.15613377993448885,0.018440128431620902,0.0996645407780663,-0.0009754512679045363,-0.00013464597216280885,-0.0007277296919587161,0.060453926050623906,-7.535017126749338e-05,-0.0004795067115943092,47.43387225037441
342,OOF,0,42,0.0022733591930752623,0.014046184321546577,0.002144173783478223,0.0024025446026723013,0.0021938494048373597,0.8077351710456806,0.1922648289543194,0.019324995915214124,0.08118738599216838,-0.0009337350769333437,-0.00012212870075933778,-0.000513082124972885,0.05886289853386794,-6.336590189652708e-05,-0.00041847900655038505,47.56206462532282
342,OOF,0,43,0.002064469074592702,0.013164001272105532,0.0020899644886258686,0.002038973660559536,0.002077705479383624,0.7595840329108403,0.24041596708915966,0.020152062131542234,0.0636695840574928,-0.0008086056610852545,-0.00011406962362539347,-0.0003603981291053977,0.05720654938346502,-5.475321980590339e-05,-0.00032964364924838613,47.69402700010687
342,OOF,0,44,0.0019023860222186896,0.012826923105656786,0.0020429105722819235,0.0017618614721554558,0.0019585719013711636,0.6999148160488371,0.30008518395116296,0.020917060377053556,0.04878668207914742,-0.0006287995209774899,-0.00011753570047797908,-0.0002741387531901746,0.05549059539420473,-5.042921408410029e-05,-0.0002345542892275636,47.82266566623002
342,OOF,0,45,0.0017861034510951424,0.013369009264269,0.001998677770591708,0.0015735291315985768,0.0018453421124454297,0.6393363541997468,0.36066364580025323,0.02155466273211764,0.03820922803733153,-0.00043602904312502796,-0.00013977807419681784,-0.00024777990627740837,0.05369494123648507,-5.08687613689149e-05,-0.00015533713969186023,47.95733041642234
342,OOF,0,46,0.0017025980895933458,0.014313922979930565,0.0019526852588552363,0.001452510920331455,0.0017511401103026153,0.5970502022405568,0.4029497977594431,0.02195818316180788,0.032535412030208294,-0.00028859901813889404,-0.00017158388884761902,-0.0002542356296176883,0.05194100146182534,-5.544038326752876e-05,-0.00011408939344713622,48.08737249998376
342,OOF,0,47,0.0016310143984976152,0.01411856721995589,0.0019011754294142498,0.0013608533675809808,0.0016688789932605141,0.5700778247596023,0.4299221752403977,0.02203892075261292,0.02922366122583356,-0.00023740188146752008,-0.00017483046321655347,-0.00023182560917327924,0.05043490166643603,-6.160410510780239e-05,-0.00010479318410650992,48.23006216622889
342,OOF,0,48,0.0015589012000127118,0.01195879947947943,0.001842977496665706,0.0012748249033597177,0.001586434160503376,0.5484605030674147,0.45153949693258527,0.021786858030673904,0.026463313169580314,-0.00028781436349244085,-0.00013037664899346346,-0.00015836143456100503,0.04913604452244069,-6.641889782333093e-05,-9.691829651152968e-05,48.37161408318207
342,OOF,0,49,0.0014901647023264132,0.009507856624844461,0.0017796784080264033,0.0012006509966264228,0.0015259791895598008,0.5618528355104898,0.4381471644895103,0.021251273578944328,0.02725131938820269,-0.00039551679127774434,-8.044752280769701e-05,-0.0001031609296204437,0.047833077242699605,-6.950579139132952e-05,-6.927243455435647e-05,48.50735175004229
342,OOF,0,50,0.001434953449784671,0.009743008316734256,0.0017130203997471733,0.0011568864998221687,0.0015049288311738346,0.6258247004877782,0.3741752995122219,0.020424718608804602,0.034161243199552174,-0.0004950456404297157,-7.584089521072417e-05,-0.00012684724403735296,0.04658111127326907,-7.279879829716449e-05,-3.383409167427978e-05,48.642442875076085
342,OOF,0,51,0.0013932593407279515,0.011043246577544975,0.0016429320759248438,0.001143586605531059,0.0014897900256858683,0.6933144299512572,0.3066855700487426,0.019178794413933185,0.04335689779644708,-0.0005447589055100778,-8.79494856186915e-05,-0.00019882463813520208,0.04565731343273527,-7.615379165631682e-05,-1.6029043147994894e-05,48.78106795810163
342,OOF,0,52,0.0013545594568166392,0.011401430232683871,0.0015697411514896684,0.00113937776214361,0.0014596539600280403,0.744199450541305,0.25580054945869507,0.017424334848454463,0.05069254326352171,-0.0005418568541533203,-8.733721266268444e-05,-0.00025408978132736217,0.045164290281115134,-7.776448520397717e-05,-2.1595652813779673e-05,48.90829937532544
342,OOF,0,53,0.0013093699154996734,0.010617308480941414,0.0014955575685101563,0.0011231822624891905,0.0014142591713589524,0.781676185727991,0.21832381427200895,0.015246006765076134,0.05458607644542138,-0.0005019483537235029,-7.210609804780308e-05,-0.00025816523899455134,0.04495576984385974,-7.626835555833871e-05,-3.917710295800668e-05,49.04377429140732
342,OOF,0,54,0.0012551971442557042,0.009121245905808022,0.0014235663938706347,0.0010868278946407736,0.0013595775157051885,0.8099745698463587,0.19002543015364118,0.012915761736241942,0.055052834497426185,-0.0004407809217800847,-5.135786354996364e-05,-0.00021891050794346922,0.04479172006168964,-7.163267112238283e-05,-5.617311798147453e-05,49.174597416073084
342,OOF,0,55,0.0011950535556436792,0.0075808097476146195,0.0013566403405932948,0.001033466770694064,0.0013015902964387059,0.8296579631442195,0.17034203685578062,0.010838183327594472,0.052787821900760146,-0.0003688040086857504,-3.4633956993394786e-05,-0.00016868612554569976,0.044485231798818095,-6.505834943937475e-05,-6.627668166771896e-05,49.30096683325246
342,OOF,0,56,0.0011336156860104949,0.006709939358179356,0.0012962321354419537,0.000970999236579036,0.0012434977403430092,0.8378565167198181,0.1621434832801819,0.009415611557288511,0.04865401521283862,-0.00029240138032357306,-2.686813630495417e-05,-0.00013883779131796715,0.04397002755927933,-5.832064188389893e-05,-6.925498955164323e-05,49.4409414161928
342,OOF,0,57,0.0010743374511840017,0.006806575715251357,0.001242018499181589,0.0009066564031864144,0.001185511370809683,0.8315041292778683,0.1684958707221317,0.00879231634792838,0.04338888138853058,-0.00021615038597716868,-2.7858835173605814e-05,-0.00013747954999992833,0.0432903231307924,-5.2957699005462414e-05,-6.754297212583979e-05,49.57320387521759
342,OOF,0,58,0.0010186434532893367,0.007457101366683161,0.0011923384668326073,0.000844948439746066,0.0011269641017304273,0.8118127752530617,0.18818722474693828,0.008697697008400465,0.03752062105275673,-0.00014434605662027228,-3.42494984608079e-05,-0.00014774743840280955,0.04253628404784319,-4.968829757598771e-05,-6.310930494612194e-05,49.70200154138729
342,OOF,0,59,0.0009667204683632856,0.008059629455263052,0.0011451021121598561,0.000788338824566715,0.0010680913187942219,0.7841403640907728,0.2158596359092273,0.00867730933988334,0.031521541655734474,-8.163987248532274e-05,-4.141964240768522e-05,-0.00015046265292381852,0.041776430116958765,-4.8266164324149064e-05,-5.686536876520737e-05,49.83251591632143
342,OOF,0,60,0.0009184686404405925,0.008280546628527495,0.0010987054852996585,0.0007382317955815264,0.0010107957535225934,0.7561271896270567,0.24387281037294334,0.008394885371127033,0.026028326295188395,-3.258324473967377e-05,-4.5341216006950816e-05,-0.00014058035490377356,0.04103071001918562,-4.77801621261694e-05,-4.966720327649213e-05,49.96674304129556
342,OOF,0,61,0.0008737827334346481,0.00805202320497113,0.0010525608179657552,0.0006950046489035411,0.0009592780031504218,0.7391100395219237,0.26088996047807633,0.007709287434282071,0.0218406707939109,-2.582579358180189e-07,-4.386023340674052e-05,-0.00012425751756523016,0.04029202395295441,-4.7192411753131826e-05,-4.2748388167649856e-05,50.09793366631493
342,OOF,0,62,0.000832470416549852,0.0074038896562610475,0.0010070816215549678,0.0006578592115447362,0.0009181090530456625,0.7452266350641747,0.2547733649358252,0.006645019319209971,0.019437060810648908,1.52005596794657e-05,-3.677913500593598e-05,-0.00010758106926895074,0.0395618656189544,-4.577818983203947e-05,-3.688188530206282e-05,50.22832008311525
342,OOF,0,63,0.0007944502490925122,0.006386170594782207,0.0009632612896683883,0.0006256392085166359,0.0008867973242055947,0.7735220243831591,0.22647797561684097,0.005390132211057813,0.018409675237667022,1.7169254959981947e-05,-2.63619997751087e-05,-9.003783867853568e-05,0.03884280971721538,-4.332162937680189e-05,-3.15553259753843e-05,50.357030833140016
342,OOF,0,64,0.0007601054136276004,0.005294617503019701,0.0009221016140342176,0.0005981092132209833,0.0008588385717574603,0.804739116973224,0.19526088302677605,0.004346705053185563,0.017914307935214684,1.1332602753240528e-05,-1.741743001677357e-05,-7.178338556278686e-05,0.038109415659069765,-4.018731459184503e-05,-2.586259383228532e-05,50.490525083150715
342,OOF,0,65,0.0007300102265498873,0.0047395803863122836,0.0008840592390166335,0.000575961214083141,0.0008263779521139127,0.8127826787751328,0.18721732122486712,0.004030630430755628,0.017498522985099674,3.282320461143672e-06,-1.381895974466931e-05,-5.999343995349391e-05,0.037310047172869724,-3.712222562624558e-05,-1.994766456439722e-05,50.622226250357926
342,OOF,0,66,0.0007041839464679459,0.004902278160863057,0.0008488063312721752,0.0005595615616637167,0.0007891231489449224,0.7936585598140843,0.20634144018591574,0.004462125552706735,0.017162835234066462,-3.20812640494529e-06,-1.5140220482284274e-05,-5.823437876759388e-05,0.036417264771034755,-3.482495022356995e-05,-1.4567560724137974e-05,50.75342020811513
342,OOF,0,67,0.0006818847535868583,0.005325142054921115,0.0008154389334431134,0.0005483305737306033,0.0007541790055199634,0.7706551453908659,0.22934485460913406,0.005080281798054694,0.01707099692460457,-6.505353327630561e-06,-1.8398072130373647e-05,-6.182204949271207e-05,0.035483844978780855,-3.362986346811935e-05,-1.0343936120763603e-05,50.88151929108426
342,OOF,0,68,0.0006618799800535091,0.005624961812390349,0.0007828934756276102,0.0005408664844794081,0.0007250319397755811,0.7609294088335858,0.23907059116641424,0.005427726167286305,0.017275719458562877,-6.804048973739797e-06,-2.079049319394185e-05,-6.617333239625729e-05,0.03461037065526854,-3.336755527928379e-05,-8.046944290042485e-06,51.01098912535235
342,OOF,0,69,0.0006426885918130397,0.005600490852201597,0.0007504156185637174,0.000534961565062362,0.0007002558089448684,0.7671902254624626,0.23280977453753737,0.0053171347375845545,0.017521832174980535,-5.361211368273817e-06,-2.0441799663627514e-05,-6.736293149181438e-05,0.03387209913327906,-3.342017097842266e-05,-8.128864710182663e-06,51.13914779108018
342,OOF,0,70,0.0006230728062945088,0.005192448936555364,0.0007179315968740357,0.000528214015714982,0.0006770660737451752,0.7845981227506799,0.21540187724932008,0.004775964348133859,0.01739637885111249,-3.3185016772703176e-06,-1.718174258702786e-05,-6.258424091524493e-05,0.033269012430603845,-3.298325439124912e-05,-9.939014542229131e-06,51.267531250137836
342,OOF,0,71,0.0006026532036665201,0.004589608372663553,0.0006861296231554109,0.0005191767841776294,0.000653430400736095,0.8041409620853013,0.19585903791469875,0.004063625109407822,0.016684077690897095,-9.256602094528401e-07,-1.3097520215733595e-05,-5.377465660685387e-05,0.032727574929648985,-3.1465749064867294e-05,-1.2180768091540968e-05,51.403142750263214
342,OOF,0,72,0.0005819446156798958,0.004308439747751004,0.0006561425214256229,0.0005077467099341687,0.000627523427426623,0.8071435190025695,0.19285648099743047,0.0037038546448071455,0.015501383497314164,2.2096699072403015e-06,-1.1498979192039854e-05,-4.812556198266435e-05,0.03214568770370453,-2.8812791776563426e-05,-1.4396167814270712e-05,51.538438791409135
342,OOF,0,73,0.000561545570334704,0.004727896643971509,0.0006289579480079624,0.0004941331926614456,0.00059860107838396,0.7748420195832628,0.22515798041673718,0.004100662651856228,0.014111717137065544,6.195338765459126e-06,-1.442423494798287e-05,-4.963849523500043e-05,0.03146564439244866,-2.5627086742136806e-05,-1.7281438073842632e-05,51.66833170829341
342,OOF,0,74,0.0005412923654620441,0.005416836877810918,0.0006048267352317142,0.00047775799569237397,0.0005692491906368716,0.7200133980724043,0.2799866019275958,0.004933828097904019,0.012687829738351664,1.0175676727789942e-05,-2.0376094277805163e-05,-5.2399153314486416e-05,0.030734122034650948,-2.2916102177483714e-05,-2.0999886664830377e-05,51.79702479112893
342,OOF,0,75,0.0005204702741601724,0.005805998048017722,0.0005830505872480433,0.00045788996107230156,0.0005411884347861868,0.6655325740934174,0.33446742590658246,0.005638311929557447,0.011219269684779608,1.2460518857952752e-05,-2.5325291838272934e-05,-5.039296912429489e-05,0.03005577864430801,-2.1336071613612837e-05,-2.4653218545576563e-05,51.92342175031081
342,OOF,0,76,0.0004986327835759867,0.005640274802466603,0.0005624882418391497,0.0004347773253128237,0.0005136306569514971,0.6174361110502148,0.3825638889497853,0.005881881648041531,0.009493018644269062,1.150340815390354e-05,-2.5761936561524195e-05,-4.1578283740621636e-05,0.029491557751328407,-2.0679355825788193e-05,-2.6855930906099926e-05,52.05746404128149
342,OOF,0,77,0.0004762712418349751,0.004885276659161838,0.0005424012998568564,0.0004101411838130938,0.00048572791845719786,0.5715005922049368,0.42849940779506335,0.005572539275517169,0.0074322378003529675,7.311880905837854e-06,-2.08800553858335e-05,-2.7848262567454597e-05,0.029004601632153158,-2.0118477967212138e-05,-2.630365273950329e-05,52.19113220833242
342,OOF,0,78,0.0004548701649863522,0.0038733633406926923,0.0005229081988740651,0.0003868321310986393,0.00046174307817006577,0.5505078761906635,0.4494921238093365,0.004812909244136195,0.005894529194045901,1.9453952138957364e-06,-1.3626456784630922e-05,-1.6688772477119007e-05,0.02848336723336994,-1.9059171214390493e-05,-2.2670139939431674e-05,52.327734750229865
342,OOF,0,79,0.0004360270166006528,0.0032559750651751642,0.000504598762109141,0.0003674552710921646,0.0004526970273027155,0.6215515995578617,0.3784484004421383,0.003854051992076358,0.0063297722428092935,-1.8607528360484065e-06,-8.528152475662247e-06,-1.4006366010078141e-05,0.02784912146070373,-1.7721975006671918e-05,-1.73938678872898e-05,52.45989308319986
342,OOF,0,80,0.0004203154183123909,0.002922740735379754,0.00048772352373181754,0.00035290731289296427,0.00045007953130204146,0.7207754750296894,0.2792245249703106,0.003053944567441728,0.007883291578869016,-2.852611771072404e-06,-5.925849104324975e-06,-1.5296674615448777e-05,0.027140592382300436,-1.6355170952503454e-05,-1.2835063756111527e-05,52.601310833357275
342,OOF,0,81,0.0004072019195450207,0.002941219552855083,0.00047219346932853126,0.00034221036976151017,0.0004415628003601991,0.7643488340379316,0.23565116596206845,0.0028167775604786825,0.009136388675635272,-1.7212195826189285e-06,-5.658916500465121e-06,-1.835503852225693e-05,0.026411172542024058,-1.5215271987063842e-05,-1.016786178182267e-05,52.7475187079981
342,OOF,0,82,0.0003956101883869317,0.003287494847502838,0.0004576425765320977,0.0003335778002417658,0.0004273104749496173,0.7555139944677101,0.24448600553228997,0.003082956268346217,0.009526993579842711,-1.1606575459533783e-07,-7.152496480208889e-06,-2.2102742340666032e-05,0.025699247708113243,-1.4582049238683154e-05,-9.4481995809441e-06,52.89365287544206
342,OOF,0,83,0.00038442556651012373,0.0034682798591313445,0.00044353913477322677,0.00032531199824702075,0.0004111700111617871,0.7262124029852924,0.27378759701470756,0.003349950077649141,0.008885630036921152,4.832668220367947e-07,-8.281988252891184e-06,-2.1967695601291165e-05,0.025044135573912392,-1.4343960394654926e-05,-9.927570599678723e-06,53.03861541626975
342,OOF,0,84,0.00037303282626129704,0.0032291768431648156,0.00042959250498172144,0.0003164731475408727,0.0003948260879006676,0.6926572262467674,0.30734277375323266,0.0033149367334214513,0.007470860156936004,-2.7410343034732237e-07,-7.52723186108574e-06,-1.696409347304885e-05,0.024457653956639534,-1.4028476770846242e-05,-1.0774144672367082e-05,53.177634166087955
342,OOF,0,85,0.0003613988878955055,0.0026841001314028314,0.0004160025177553822,0.00030679525803562884,0.00037979110534793473,0.6684157033115483,0.33158429668845185,0.0029718170821363098,0.005990661273491471,-1.5504003788406604e-06,-5.389156388534705e-06,-1.086359273847905e-05,0.023922223975418475,-1.327122796030368e-05,-1.165410558243652e-05,53.309538000263274
342,OOF,0,86,0.00034973157839281345,0.002153318402401527,0.00040324876646858287,0.00029621439031704403,0.00036798126477950927,0.6705030387700672,0.32949696122993277,0.0025019148827586544,0.005091220038484955,-2.2439614608504236e-06,-3.457687641972893e-06,-7.036150082861284e-06,0.023413428410001158,-1.2134287865119965e-05,-1.2326333380693147e-05,53.44020012533292
342,OOF,0,87,0.0003383177485045157,0.001877760955274762,0.0003916582547008228,0.0002849772423082086,0.00035779619448630343,0.6825858748893566,0.3174141251106434,0.002159761367416714,0.004644476996782957,-1.893910445333988e-06,-2.5828150968740234e-06,-5.554236447299419e-06,0.022912427651944497,-1.0932695898769522e-05,-1.2456057112568698e-05,53.56771687511355
342,OOF,0,88,0.0003274601983913679,0.0018970704537342696,0.00038121123612165425,0.0002737091606610816,0.0003460498920158428,0.6729240439761818,0.32707595602381817,0.0020866074862816997,0.004292973304822828,-7.821008417102976e-07,-2.674058341834885e-06,-5.501591052705617e-06,0.022423461768102407,-9.939865247959512e-06,-1.2058695949892693e-05,53.70028258301318
342,OOF,0,89,0.0003172994805780469,0.002031892886315796,0.00037165459124813955,0.0002629443699079543,0.0003337765777163318,0.6515689779227228,0.3484310220772772,0.0021509839363259642,0.004022358275002468,4.407043738022288e-07,-3.168190046910423e-06,-5.92454236256993e-06,0.021956181833128426,-9.248907699409534e-06,-1.121997259008129e-05,53.837312708143145
342,OOF,0,90,0.00030789498751433703,0.0020793875443430717,0.0003627150997953188,0.00025307487523335524,0.00032291569924865345,0.6370000088409836,0.3629999911590163,0.002151751146656492,0.0037759381069608516,1.224759532182e-06,-3.393918759464638e-06,-5.955719924074317e-06,0.021495693052856712,-8.743558454586935e-06,-9.942695892630222e-06,53.96941920835525
342,OOF,0,91,0.0002993792065752682,0.0019684079287079596,0.0003542679422259656,0.0002444904709245708,0.0003127986379935202,0.6222421254485706,0.3777578745514294,0.002032152588099614,0.0033473582705759444,1.4395560770928604e-06,-3.11344219182136e-06,-5.128456658119052e-06,0.0210100481689176,-8.226020871137349e-06,-8.360750364465612e-06,54.09644304122776
342,OOF,0,92,0.0002918663691592043,0.001798324986556614,0.0003463569936014562,0.00023737574471695245,0.00030370724040286706,0.608650537270053,0.39134946272994714,0.0018752591719980085,0.002916517361734048,1.3192707451723527e-06,-2.6566745277010743e-06,-4.131822150354486e-06,0.020483753938361354,-7.637739805508041e-06,-7.019364705344237e-06,54.22233850043267
342,OOF,0,93,0.00028515252467140647,0.0017359669423168288,0.00033903670955901227,0.00023126833978380073,0.00029791905845947213,0.6184627160519794,0.3815372839480206,0.0018048157908470512,0.002925562777064895,1.105508222217893e-06,-2.4363483412988466e-06,-3.9492617780801205e-06,0.01995155743202738,-7.1003275586869105e-06,-6.61938525169177e-06,54.34888237528503
342,OOF,0,94,0.0002786933205644936,0.0017545224973877628,0.00033222195652462324,0.000225164684604364,0.0002924552663736184,0.628547510713474,0.371452489286526,0.0018487575914089536,0.003128346196372864,8.088910374798028e-07,-2.448780037602496e-06,-4.143664778976964e-06,0.019470090102153812,-6.709574482123993e-06,-7.1821433903572195e-06,54.47534591611475
342,OOF,0,95,0.000272042523439418,0.0017139703620584646,0.00032575117881533476,0.00021833386806350126,0.0002845682529526383,0.6166081093033368,0.38339189069666324,0.0019101021694439286,0.003072011995707225,3.4547386623426176e-07,-2.3821405830470857e-06,-3.831190060745319e-06,0.01907084797793929,-6.4291776059370245e-06,-7.913012168714585e-06,54.60151308309287
342,OOF,0,96,0.0002652100309802222,0.0015805393868803023,0.0003195312933134232,0.00021088876864702112,0.00027634345483896073,0.6024775877854905,0.3975224122145095,0.0018911993808528656,0.0028662666707275014,-2.0539568521018375e-07,-2.073193098072057e-06,-3.142092969756815e-06,0.018739694199630633,-6.1503723759030225e-06,-7.96134447878577e-06,54.73669054126367
342,OOF,0,97,0.0002585789413220004,0.0014809745187677047,0.0003135835501874485,0.00020357433245655232,0.00027258439476275724,0.6273116356032721,0.37268836439672787,0.0017734048662463569,0.002985007350665685,-6.029444709687037e-07,-1.7481626362071216e-06,-2.9425194542758454e-06,0.01842076599495217,-5.85196324975824e-06,-7.225907772632404e-06,54.863789500202984
342,OOF,0,98,0.0002524681964819371,0.0014355290884680392,0.0003079319201287971,0.00019700447283507714,0.000272551083500322,0.6810452463149927,0.3189547536850072,0.0015967002937638663,0.0034093398273397457,-7.003025955554363e-07,-1.5129272063700428e-06,-3.230464101928742e-06,0.01808077651235089,-5.581645040226262e-06,-6.3265820320991644e-06,54.99018366634846
342,OOF,0,99,0.00024687207467145427,0.0013842732190926014,0.00030253636749647824,0.0001912077818464303,0.00027176619586342894,0.7236094265153716,0.27639057348462837,0.0014285702487012596,0.0037400946253947826,-5.524288868825042e-07,-1.3240653554810255e-06,-3.4664936668029392e-06,0.01773430230242075,-5.378038152703102e-06,-5.735325603522515e-06,55.1161974160932
342,OOF,0,100,0.0002415870970611505,0.0013398599214315826,0.0002973145936242367,0.00018585960049806428,0.00026869553528401986,0.7432231833003781,0.2567768166996219,0.001317991837845179,0.0038148385118159,-3.2450626942037817e-07,-1.2077291514822782e-06,-3.495690600368149e-06,0.01740755620127357,-5.260783263123285e-06,-5.549581431111798e-06,55.242690375074744
342,OOF,1,1,0.023404610171445555,0.05432334794710778,0.01335883304087881,0.0334503873020123,0.018471370724483824,0.7455379699770135,0.2544620300229865,0.11943529691635542,0.34992862706698463,-0.03401614527413032,-0.001979125310192801,-0.005798558888954799,0.0041230657829989595,-0.0001927037242609773,-6.336220092549458e-05,55.60388616612181
342,OOF,1,2,0.023278322546771403,0.05283735169991523,0.013169365240606872,0.033387279852935936,0.018213086388038764,0.750532077904999,0.24946792209500107,0.116442920765099,0.35032218389134584,-0.03333718687778387,-0.0018598710280667815,-0.005595480395265767,0.062324501372664536,-0.0001965822259520616,-0.0001182066882724304,55.73765041632578
342,OOF,1,3,0.023090787746514532,0.05492081152852758,0.012964550761823589,0.033217024731205476,0.017895768756437967,0.7565128091476875,0.24348719085231255,0.11412688500434577,0.35459134450436613,-0.03228090223995538,-0.0019935521926920875,-0.006193951165138679,0.0693548471853031,-0.00020979085445041302,-0.0002513085114724005,55.88399920798838
342,OOF,1,4,0.022826697355014268,0.05746456109111752,0.012745764185502275,0.03290763052452626,0.017535759231602867,0.7624230333860812,0.23757696661391875,0.11179701247748129,0.3587747524157048,-0.030994668885524764,-0.0021655797613623503,-0.006949696825536695,0.07252931937343517,-0.00023192431075414382,-0.0003711633514976903,56.03058233298361
342,OOF,1,5,0.022489846366079806,0.060166226500939855,0.01250469530333164,0.03247499742882797,0.017128396620180987,0.7684711384037496,0.23152886159625047,0.10930745977383434,0.3628041336587338,-0.0294843432218909,-0.00235530954284225,-0.00781754548094971,0.07440217513139856,-0.0002540732680524861,-0.0004990374021285941,56.17657145811245
342,OOF,1,6,0.022076907449528026,0.06285698578741246,0.012241700489022993,0.031912114410033054,0.016674375599669125,0.774652677445106,0.22534732255489398,0.10660744276477398,0.36647314038173623,-0.027752119709880858,-0.0025501755672683083,-0.00876646906092376,0.07596897085554094,-0.0002758803742703281,-0.0006332530227480677,56.32549937535077
342,OOF,1,7,0.021585461155694798,0.06538425058297025,0.01195745102806238,0.031213471283327212,0.01617472616141901,0.7809892658269523,0.21901073417304776,0.10363194511736369,0.3695500909534373,-0.02580019274947236,-0.0027369775817404772,-0.009760024412590534,0.07741405351842878,-0.0002969656174364154,-0.0007715248427357824,56.473674750421196
342,OOF,1,8,0.021014627585568303,0.06759405970155583,0.011653013267360953,0.030376241903775657,0.015631446723386594,0.7875134928231338,0.2124865071768663,0.1003144102384902,0.3717833787989663,-0.02364318557104577,-0.00290087531742369,-0.010751169492222046,0.07884273150200805,-0.0003162958144418219,-0.0009120367138932885,56.62091654120013
342,OOF,1,9,0.02036527099965843,0.06932725360321391,0.01133057064805476,0.0293999713512621,0.015048580318058252,0.7942372449937678,0.20576275500623217,0.09659524878310549,0.3728543791642837,-0.021311098568889675,-0.003025713111830993,-0.011679149834523655,0.08011493090704512,-0.0003331365165508635,-0.0010496564110171543,56.7685948330909
342,OOF,1,10,0.019641568263297767,0.0704216326158748,0.010993024737317102,0.028290111789278434,0.014432547816798185,0.8011501549857163,0.19884984501428368,0.09242154775088976,0.3723590395523137,-0.01884921809094217,-0.0030950542226217616,-0.012469726440895678,0.08124940763579507,-0.0003468515768584981,-0.001177752190591591,56.91340616624802
342,OOF,1,11,0.01885147325407046,0.07073361601341903,0.010643827697771814,0.02705911881036911,0.013792044224048703,0.8082143956703326,0.19178560432966735,0.0877548346765387,0.369812535842542,-0.01631374442299711,-0.0030952458042918913,-0.013043847716884813,0.08226920146739553,-0.00035711736000152545,-0.0012884552123998492,57.040720333345234
342,OOF,1,12,0.018007005633849497,0.07016413315828263,0.01028658845862928,0.025727422809069714,0.013137813779645902,0.8153451260271247,0.1846548739728753,0.08259334601188953,0.3646916036614237,-0.013771840661909257,-0.003018970387326162,-0.013330288759603435,0.08310458148411284,-0.0003643286894496978,-0.0013723771983147398,57.16870579123497
342,OOF,1,13,0.01712441092593144,0.06868161401100133,0.009924297568087806,0.024324524283775073,0.012481615699013302,0.8224112591130517,0.1775887408869483,0.07698456370662486,0.35651456085574074,-0.011297085224336973,-0.0028678863834157055,-0.013281146314785483,0.08366843474832406,-0.0003696407556080541,-0.001420555533101904,57.29398929141462
342,OOF,1,14,0.016223235569234044,0.06634529583236233,0.009558575390095681,0.022887895748372404,0.011834665667044343,0.8292418356097696,0.17075816439023037,0.07103037409716872,0.34494021419543186,-0.0089584920924771,-0.0026540498139767375,-0.012888690549005193,0.08387439702979697,-0.00037454491115331646,-0.001428046861800495,57.420381208416075
342,OOF,1,15,0.015323995290123946,0.06333078488953593,0.00918937094774208,0.02145861963250581,0.011206633042325907,0.8355838938134071,0.1644161061865929,0.06490415609311476,0.32985130672909924,-0.006811662944306524,-0.00239999139788369,-0.012197066357273113,0.08371570838120947,-0.0003804190950556112,-0.0013959929017049396,57.546733000315726
342,OOF,1,16,0.014445327741840666,0.05993768413727999,0.008815160432925412,0.02007549505075592,0.010605498973945783,0.8410048544929201,0.15899514550707997,0.058864805322814184,0.3113653997257605,-0.004895013903695598,-0.0021358532953453893,-0.011297596440076127,0.08326046485724392,-0.0003880237375257272,-0.0013310024624319022,57.67336233332753
342,OOF,1,17,0.013601878469400221,0.056551767861539794,0.008433777117939039,0.018769979820861406,0.010038048765073328,0.8447910036941602,0.15520899630583987,0.05323903907885586,0.2897761233537917,-0.0032319979755733824,-0.0018928364733292638,-0.010302567906449227,0.08261881801746003,-0.0003971929259769629,-0.0012425600842776042,57.80013108300045
342,OOF,1,18,0.012803608208034334,0.05356493711784053,0.008043458106299877,0.017563758309768793,0.009510897651874881,0.8458620511735215,0.15413794882647844,0.04837388673367859,0.26546113638665453,-0.00183810891867186,-0.0016960227051548017,-0.009307255319934966,0.08193427186549418,-0.0004072609218527168,-0.0011400106237844279,57.92849245807156
342,OOF,1,19,0.012056158015938234,0.05126234948822457,0.007643134886038705,0.016469181145837765,0.009030917353206757,0.8427628378191113,0.1572371621808887,0.04455634605321445,0.23881398087977843,-0.000725364998599491,-0.0015590557373490338,-0.008356257638476623,0.08133707656198555,-0.0004178920991261902,-0.0010303699351172657,58.05461883312091
342,OOF,1,20,0.011361873905036183,0.0496849393816659,0.0072321203532593765,0.015491627456812991,0.008604556942862256,0.8338355337193919,0.16616446628060821,0.04189749091976191,0.21024721761863305,9.959512234400665e-05,-0.0014802638539211997,-0.007428162159504692,0.08088317715500201,-0.0004287044049671218,-0.0009177285393778082,58.18099679099396
342,OOF,1,21,0.010721270671596329,0.048542546506317646,0.006810423831252946,0.01463211751193971,0.008237979947005728,0.8174875961612139,0.18251240383878606,0.04025319085762754,0.18029724851515802,0.0006390862386810479,-0.0014412321559269983,-0.00645539363833981,0.08055877115169346,-0.0004382632193471499,-0.0008061362637625105,58.312125666067004
342,OOF,1,22,0.01013329267004563,0.04728173070250962,0.006379855894930625,0.013886729445160636,0.007938922543859972,0.7923147847772688,0.2076852152227312,0.039277990803064204,0.1498447195494309,0.0009072718963513548,-0.0014107789613272774,-0.005382092451374359,0.08026743839147366,-0.00044391763983928556,-0.0007035630942097451,58.443452208302915
342,OOF,1,23,0.009593282167517068,0.04528807201064066,0.005945076408081182,0.013241487926952952,0.007713665124371471,0.757608420013601,0.24239157998639904,0.0385700158146674,0.12055273843625017,0.0009346639077876749,-0.001353607887834822,-0.004230777047940485,0.0797945413216936,-0.00044201293617263874,-0.0006278251625900427,58.573211250361055
342,OOF,1,24,0.009087328237387272,0.04223171489280001,0.005514283820004464,0.012660372654770078,0.007537572203764299,0.7168677257527827,0.2831322742472173,0.03779788772353802,0.09570115552059157,0.0007762834671131807,-0.0012439657127218794,-0.0031496192857714722,0.07900314320503692,-0.000429169784918187,-0.0006103463923365586,58.71463454142213
342,OOF,1,25,0.008584633220571281,0.03871471668172807,0.005098629358087253,0.012070637083055311,0.007281623211647424,0.6868916473310173,0.31310835266898274,0.036767946731902465,0.08066088076020035,0.0005187555465230716,-0.0010910230846235486,-0.002393467429038906,0.07810363782997583,-0.0004056813063132372,-0.0006810811425383577,58.85002000024542
342,OOF,1,26,0.008041830321655756,0.03612013029626673,0.004708504070772997,0.011375156572538514,0.006782384697273822,0.6889172450564053,0.31108275494359466,0.035423860256348104,0.07844892662562206,0.0002649028776918333,-0.0009468944361470192,-0.0020969722555913557,0.0776007193984125,-0.00037642373479916083,-0.0008332445962161742,58.98746875021607
342,OOF,1,27,0.007429690663022331,0.03451200348032363,0.004349159217031123,0.010510222109013537,0.006126720422814338,0.7114846517641605,0.28851534823583946,0.03376882207725159,0.08327459444715506,8.910315501296563e-05,-0.0008370373002935017,-0.0020641508181607265,0.07760096293753516,-0.00034537896930595237,-0.001002687044171239,59.11951225018129
342,OOF,1,28,0.0067584446247587,0.033108219562644946,0.004021833922190454,0.009495055327326946,0.00547414789781866,0.7346509727771577,0.26534902722284226,0.03179773313592534,0.08803588174000691,1.2190972022084482e-05,-0.0007460373995453773,-0.00206549504643133,0.07777885531508273,-0.0003139929695005563,-0.0010988606686167031,59.26265220809728
342,OOF,1,29,0.006083193841460772,0.03158379999459592,0.003726458412682987,0.008439929270238558,0.004877690343802976,0.7557570703392397,0.2442429296607603,0.029492080501748147,0.09125688260113876,1.0701922546523108e-05,-0.0006599583789873572,-0.0020420988715705297,0.07768340684979379,-0.0002830969722082,-0.0010395258402618281,59.393881750293076
342,OOF,1,30,0.005481548629213854,0.029965184667043804,0.003462328927166183,0.007500768331261525,0.004334202180208863,0.7841063921477881,0.21589360785221193,0.026820791618207544,0.09741073095918847,3.9462488024387025e-05,-0.0005725704452367217,-0.0020795249592213375,0.07693297779053784,-0.00025369355569660075,-0.0008560850749507839,59.52526545803994
342,OOF,1,31,0.005000276735532479,0.027892777450255184,0.0032279184760192494,0.0067726349950457095,0.0038612411573927877,0.8213333342809945,0.17866666571900558,0.023746361608438307,0.10916237944225621,5.867357695533288e-05,-0.000473624411318056,-0.002177258501910645,0.07541182920559257,-0.00022606334270256653,-0.0006393451563442442,59.657271958421916
342,OOF,1,32,0.004643216534465103,0.02477051825649632,0.0030215329857888034,0.006264900083141401,0.0034768681719024733,0.8596103455309336,0.14038965446906643,0.020287340922162497,0.12422003748037234,2.206909167399347e-05,-0.00035689343310336963,-0.002185269908298741,0.07332175154102204,-0.0001994191230923741,-0.000477610894286879,59.78958841599524
342,OOF,1,33,0.004362728256718392,0.020488057916918496,0.0028422298620819617,0.005883226651354822,0.003173178694018026,0.8911709367456458,0.10882906325435415,0.01666076194981603,0.13643034672651863,-0.00010899153142165791,-0.00023551066349845122,-0.0019285313346212804,0.0710359867430958,-0.00017265851535799886,-0.00042568934047121577,59.92213729117066
342,OOF,1,34,0.0041009562277483785,0.015879883285513315,0.0026899255308535635,0.005511986924643194,0.0029349711015619973,0.9131678810221161,0.08683211897788379,0.013512599415685653,0.1421049252369987,-0.000330073420483795,-0.00013807466206502384,-0.0014520588471747028,0.06877344147695796,-0.0001457103840326613,-0.0004518707725858397,60.06119183311239
342,OOF,1,35,0.00382707687109082,0.012697725173462819,0.002564167279223455,0.005089986462958185,0.002763253214130474,0.9211796568063728,0.07882034319362721,0.012062726047666034,0.14097804437924236,-0.0005902824664383413,-8.751399544566882e-05,-0.0010227830661984948,0.06660607064300314,-0.0001200934145467136,-0.0005116306516513543,60.201350750401616
342,OOF,1,36,0.003531865544061187,0.012428471986071051,0.0024626459529737323,0.004601085135148642,0.002655156332186746,0.9099762196569837,0.09002378034301632,0.01319676451139582,0.13339521886357886,-0.0008175882932444901,-8.487414976996835e-05,-0.0008579228472742971,0.06462677041486012,-9.822983230916573e-05,-0.0005850863094898032,60.33550045825541
342,OOF,1,37,0.0032141154337421195,0.014345610768425332,0.0023806590689750473,0.004047571798509192,0.002579687531094166,0.8806005505910668,0.11939944940893317,0.01612109466594079,0.11889707121125169,-0.0009381022621654964,-0.00011685011335788315,-0.0008617985649763123,0.06293973444188401,-8.245630214916831e-05,-0.0006381930590821664,60.47208445798606
342,OOF,1,38,0.002889298002267001,0.016721786113604364,0.0023113849908900173,0.003467211013643985,0.002503693697676086,0.833617946818797,0.16638205318120305,0.01946717984353032,0.0975357028070945,-0.0008907421309234043,-0.00016771359823537503,-0.0008402893385520544,0.061612913902277244,-7.442363643332324e-05,-0.000612409189104705,60.61788729112595
342,OOF,1,39,0.002595743545925857,0.01870598083796233,0.0022467282496439413,0.002944758842207772,0.0024092542125187582,0.7671649858813961,0.2328350141186038,0.022336887840726037,0.07359751414465512,-0.000664463166729399,-0.00022805636698095512,-0.0007514198850950555,0.06058861003073943,-7.470944743388498e-05,-0.000488356133442533,60.76386695820838
342,OOF,1,40,0.002366312481730027,0.020734235641324136,0.0021786231625629013,0.0025540018008971535,0.002291710271588834,0.6987385602767425,0.3012614397232574,0.024231741827700375,0.05620252101708972,-0.00034073905991026924,-0.00030763188985855197,-0.0007135140295832011,0.059647237949965015,-8.305474660475828e-05,-0.0003470570775285858,60.898369583301246
342,OOF,1,41,0.00218675144928985,0.02256503826519615,0.0020999870723620987,0.002273515826217601,0.00215783042856233,0.6666641411578542,0.3333358588421457,0.024876403352351948,0.04975224127880488,-9.200401993959783e-05,-0.000381887160621409,-0.0007637656411740777,0.05882253233243228,-9.654550249945726e-05,-0.0002998366077741024,61.027034000027925
342,OOF,1,42,0.0020075496095956205,0.021759509888252315,0.0020073901533866354,0.0020077090658046056,0.0020075008224862104,0.6529796478945437,0.34702035210545634,0.024285835380156228,0.04569805816616806,-6.506250791460097e-05,-0.00036255055735934434,-0.0006822024525424162,0.05836986350265741,-0.00010751105019717565,-0.00031866668932443754,61.15715583320707
342,OOF,1,43,0.0018160280906779063,0.01738210004933532,0.0019048214673677893,0.0017272347139880232,0.0018390300684915512,0.6295253017236904,0.37047469827630963,0.022895224692251852,0.0389044739073432,-0.00024298363614984645,-0.00023997240563471134,-0.00040777062985791426,0.05802146018312691,-0.00010996700149116726,-0.0002902036678781205,61.284576875157654
342,OOF,1,44,0.0016498893008113527,0.012114304767750907,0.0018009156726357264,0.0014988629289869793,0.00169095736604401,0.6359632252849667,0.3640367747150334,0.02137728625895804,0.03734558940571101,-0.00048139810132970885,-0.0001153811841401622,-0.00020156806976552398,0.05718113762635096,-0.00010518856422436652,-0.00018341739453645682,61.413471875246614
342,OOF,1,45,0.0015398019398775472,0.011317002529477975,0.001701932539513207,0.0013776713402418876,0.001603463724961563,0.6963287165626861,0.303671283437314,0.020224365049702868,0.04637516593254666,-0.0006350671958893261,-9.196414222612425e-05,-0.00021087694694491748,0.055891559811241574,-9.931798722380172e-05,-8.472583273828172e-05,61.54470937512815
342,OOF,1,46,0.0014715381803825259,0.012797295229184961,0.0016081493560578374,0.0013349270047072145,0.0015386769694024714,0.7457294898753983,0.25427051012460167,0.019394679503820223,0.056881092681936335,-0.0006713443940529099,-0.00010980574551925262,-0.0003220404228210866,0.05459445535387843,-9.499763465923696e-05,-4.403486926439322e-05,61.676356833428144
342,OOF,1,47,0.001417870272738521,0.013731124845221829,0.0015178733437511691,0.0013178672017258725,0.001472494227970572,0.7731113888749602,0.2268886111250398,0.01853435845659099,0.06315488264144097,-0.0006330983493606322,-0.0001219383081326994,-0.0004154985756670714,0.05346053365779187,-9.19063914365738e-05,-4.012523242281691e-05,61.804470375180244
342,OOF,1,48,0.0013643821541624256,0.013565752611597266,0.0014301987379938938,0.0012985655703309574,0.0014021981771657793,0.7872833927402445,0.2127166072597555,0.017340350257505185,0.06417820384546756,-0.000563426171535211,-0.00011687636600495181,-0.0004325699960378109,0.05245612325667597,-8.865395706700538e-05,-4.563072873310108e-05,61.93441608315334
342,OOF,1,49,0.001308708848231711,0.012395073766899804,0.0013457172127471738,0.0012717004837162484,0.001330491329582263,0.7942913262412726,0.20570867375872728,0.015726073635951306,0.060722203184870496,-0.000484772519433244,-9.671379291898428e-05,-0.0003734355262702421,0.051481659758518046,-8.397883062533804e-05,-4.8359754620076654e-05,62.07900558318943
342,OOF,1,50,0.001253154513713453,0.010593523511990553,0.0012661006155834922,0.001240208411843414,0.0012608592029609814,0.7975679214049339,0.20243207859506612,0.013820741299726713,0.05445273292257259,-0.00040503788333741544,-7.03530930641078e-05,-0.00027718615838446425,0.05045695371094309,-7.748339399933304e-05,-4.952578306435306e-05,62.22438620822504
342,OOF,1,51,0.0011986327651746635,0.00870744933667408,0.0011931489626988837,0.001204116567650443,0.0011953491528364473,0.7993919230970273,0.20060807690297258,0.01189828325618818,0.04741280451194282,-0.0003277330061949805,-4.742334251827508e-05,-0.00018897462934011709,0.049366806125940375,-6.970907440051797e-05,-5.604902303234088e-05,62.371118208393455
342,OOF,1,52,0.0011424835405754686,0.007296668118166259,0.0011279359756612597,0.0011570311054896777,0.0011337372536624614,0.8006099977758037,0.19939000222419637,0.010278681477345121,0.04127195477666152,-0.00025746015702110737,-3.3250500102781136e-05,-0.00013351061997280773,0.04825722749058624,-6.168721246745886e-05,-7.192116644075687e-05,62.51687779137865
342,OOF,1,53,0.0010804925722065698,0.006621186308737058,0.0010704693645607571,0.0010905157798523826,0.0010744961387055448,0.7991274706121684,0.20087252938783154,0.009197318129408964,0.03658952070533973,-0.00019997127773035018,-2.7429984418770842e-05,-0.00010912419998048479,0.04718980227298204,-5.433694276165816e-05,-9.365984360779784e-05,62.66365325031802
342,OOF,1,54,0.0010107187758024649,0.006443256889644144,0.0010199178590564256,0.0010015196925485042,0.0010160806134756075,0.7914332616151825,0.20856673838481757,0.008673748934369313,0.03291365374326066,-0.00015973084382254286,-2.622808603041301e-05,-9.952583922885185e-05,0.04619524811149295,-4.8112462985433143e-05,-0.00011184734196488358,62.797750416211784
342,OOF,1,55,0.0009360615103868518,0.006334599535937684,0.0009751128045024986,0.000897010216271205,0.0009577814303116663,0.7780947522570303,0.22190524774296982,0.008511234069898642,0.02984402862202788,-0.0001378089388846045,-2.578551722929922e-05,-9.041505707693021e-05,0.04523476524590271,-4.303100540688905e-05,-0.00011570082456697699,62.931777416262776
342,OOF,1,56,0.0008642020157338332,0.006136527008327164,0.0009349552206764017,0.0007934488107912645,0.0009020652907865969,0.7675728617770599,0.23242713822294006,0.008460637935889283,0.027940610216871543,-0.00013085738721866472,-2.4529895205483525e-05,-8.100810432861077e-05,0.044173088998823565,-3.894224946738494e-05,-9.966561437843946e-05,63.0630515832454
342,OOF,1,57,0.0008041045307036141,0.006065342918547783,0.0008985216472564973,0.0007096874141507309,0.0008553152047944016,0.7711938044734947,0.2288061955265053,0.008362118507875231,0.02818461261814688,-0.00013143946819554338,-2.3851582122533834e-05,-8.03920204934226e-05,0.0428598493545716,-3.5794015749663844e-05,-7.03705767187511e-05,63.19718070840463
342,OOF,1,58,0.0007599633881453045,0.006216908279837397,0.0008649187257980647,0.0006550080504925443,0.0008202343577296265,0.7871267480636657,0.21287325193633436,0.008155951931101904,0.030157701178971163,-0.00013063187529959604,-2.455128647005694e-05,-9.078159939857104e-05,0.04130975504769396,-3.35882756588588e-05,-4.353449875343892e-05,63.325107500422746
342,OOF,1,59,0.0007283042355691726,0.006378817008208198,0.0008332246350777209,0.0006233838360606244,0.0007919605024293516,0.8033550537281007,0.19664494627189935,0.007833410305576593,0.032001889070718596,-0.00012190050242874665,-2.5324609732260213e-05,-0.00010345881548347914,0.03969609904491885,-3.2235609168470243e-05,-3.018913216533931e-05,63.45522679109126
342,OOF,1,60,0.0007016052569106079,0.006403234830500667,0.0008026027377766763,0.0006006077760445396,0.0007647155409499475,0.8124349414369525,0.18756505856304745,0.007406439466601008,0.03208086975475609,-0.00010307217296986073,-2.5233661308324426e-05,-0.00010929918559632693,0.038194225836923265,-3.1562922245169224e-05,-3.0368927468113365e-05,63.58510616607964
342,OOF,1,61,0.0006735838388871312,0.006278333983454853,0.0007724069291538641,0.0005747607486203981,0.0007351608835068265,0.8115519078258584,0.18844809217414155,0.006897886431219396,0.029705755195702357,-7.603723509961739e-05,-2.4285247331500467e-05,-0.0001045844432624425,0.03689954752537262,-3.1336614697577676e-05,-3.720265592238757e-05,63.71154866600409
342,OOF,1,62,0.0006418722460109212,0.006048652883144628,0.0007422506467674495,0.000541493845254393,0.0007017926972829019,0.7984728329021703,0.2015271670978296,0.006337067802705946,0.02510816061967182,-4.542962444485179e-05,-2.2910110521729165e-05,-9.07723812815107e-05,0.03582304397324221,-3.127077636088077e-05,-4.288616522217992e-05,63.84172875015065
342,OOF,1,63,0.0006078531656731309,0.005789397855120424,0.0007120533522516312,0.0005036529790946306,0.0006645774097754491,0.772188783748407,0.22781121625159306,0.0057553626443620585,0.019508374317587514,-1.7011708750016653e-05,-2.170267700741005e-05,-7.356338304224864e-05,0.034911044247294507,-3.1068182905111305e-05,-4.264593789593747e-05,63.96764262532815
342,OOF,1,64,0.0005747229285390527,0.005617310037008023,0.0006820401254701799,0.00046740573160792534,0.0006282739764802806,0.7494989129076645,0.2505010870923355,0.00517845336016842,0.01549392543178319,3.797714472830072e-06,-2.1050178665007905e-05,-6.298210602223875e-05,0.034090052760184106,-3.0544171876844474e-05,-3.685074757799722e-05,64.0959417084232
342,OOF,1,65,0.0005447342286858696,0.005470937747586315,0.0006526178985946271,0.00043685055877711217,0.0006025274481609453,0.767849710359104,0.232150289640896,0.004617403792566329,0.015272314198778012,1.343685424784137e-05,-1.949024622537578e-05,-6.44650495251678e-05,0.033354957609363356,-2.9678702851052593e-05,-3.0415343502454365e-05,64.23107833322138
342,OOF,1,66,0.0005178144973706473,0.005065696845662627,0.0006241770531434378,0.0004114519415978567,0.0005818894427267184,0.8012100681979974,0.19878993180200255,0.004097647457210168,0.016515305221356472,1.2883904588309293e-05,-1.6014080171178533e-05,-6.454372286247193e-05,0.032722388086459685,-2.839593006174047e-05,-2.606345084862303e-05,64.36300695827231
342,OOF,1,67,0.000493472384424592,0.004526693643752153,0.0005971117401313207,0.00038983302871786323,0.0005592637575478282,0.8174053556904,0.18259464430960012,0.00369071271844776,0.016521888436435712,7.667106562911012e-06,-1.25341455140571e-05,-5.611050483398218e-05,0.03215846341298214,-2.674646402857458e-05,-2.163337671728214e-05,64.49467162508518
342,OOF,1,68,0.00047238282626268905,0.004133044480667721,0.0005717179301601944,0.0003730477223651837,0.0005350344263428547,0.815354782055747,0.184645217944253,0.0034617295233377644,0.015286275769617665,3.814705808301563e-06,-1.0475229345015351e-05,-4.62564285968544e-05,0.03161269364172232,-2.495762817412952e-05,-1.544848242200125e-05,64.6268307082355
342,OOF,1,69,0.00045535076284252557,0.00407283128242157,0.0005480600231086317,0.00036264150257641936,0.0005129431777768443,0.8106076716015725,0.18939232839842735,0.0034064906733686493,0.014579933075550926,4.3579689141507e-06,-1.023180216287479e-05,-4.379257279147923e-05,0.031073992706579675,-2.3330439842191022e-05,-9.909895343459572e-06,64.76105183316395
342,OOF,1,70,0.0004412113605913881,0.004256055385338272,0.0005259376309820987,0.0003564850902006775,0.0004948768362164471,0.8166991499660233,0.1833008500339767,0.003445754234320082,0.015352599584995958,7.599075640754082e-06,-1.1089767537911902e-05,-4.941059313066274e-05,0.03059062809874587,-2.203217025275618e-05,-9.788001709885299e-06,64.8970205001533
342,OOF,1,71,0.0004267844715610616,0.004340718050851453,0.0005050440467847301,0.0003485248963373931,0.0004767143475788953,0.8190017060221223,0.18099829397787756,0.0034757884451800582,0.015727643635814498,8.886718261168503e-06,-1.1502926708481543e-05,-5.2049753571960653e-05,0.030177059300329084,-2.0889376974268292e-05,-1.5095137976009943e-05,65.03043108340353
342,OOF,1,72,0.00041003419787111585,0.004089228854497583,0.00048528009082344554,0.0003347883049187862,0.0004555845413203148,0.8026766090612831,0.19732339093871687,0.003425136980859827,0.013932850658444318,5.065889822880115e-06,-1.0416270036828078e-05,-4.2371541825086864e-05,0.029775616662665375,-1.957036380725826e-05,-1.989943590997669e-05,65.16184700001031
342,OOF,1,73,0.0003922738518598322,0.003383899465553544,0.0004668599052418849,0.00031768779847777954,0.00043132190671504097,0.7617651228654815,0.23823487713451855,0.003282439658977631,0.010495726235364582,-2.9031050175954947e-06,-7.515948977750476e-06,-2.4032534049386727e-05,0.029278364504162494,-1.783083587639679e-05,-1.868823717254402e-05,65.29166704136878
342,OOF,1,74,0.0003767776914479518,0.0025508111320555115,0.0004501857988329746,0.000303369584062929,0.00041189499780957097,0.7391922882402499,0.26080771175975015,0.003098989195370738,0.008783286732978547,-1.0344117416779104e-05,-4.401180541877863e-06,-1.2474012726686702e-05,0.028592057024882912,-1.5858975492051946e-05,-1.2669843251281527e-05,65.43539316626266
342,OOF,1,75,0.00036498510523153894,0.0024412050409014273,0.00043541037342185817,0.00029455983704121977,0.00040315545444870467,0.7709989624321563,0.2290010375678438,0.002943827157342271,0.009911255023104765,-1.2300331556703028e-05,-3.864779553608636e-06,-1.3011910590049147e-05,0.02776022517950688,-1.4255992289771203e-05,-8.305767865139216e-06,65.57301370799541
342,OOF,1,76,0.0003554357590663092,0.002634106168344259,0.0004220851794525186,0.0002887863386800998,0.00039375054454905516,0.7874352489543467,0.21256475104565326,0.0028162981100623005,0.010432832313530059,-8.65525192668124e-06,-4.40576880151294e-06,-1.6320945198997423e-05,0.026863209274659256,-1.324922964375048e-05,-7.352836187190767e-06,65.7052443753928
342,OOF,1,77,0.00034641982134167896,0.0027840366281794227,0.0004095860066090414,0.00028325363607431645,0.0003813668015103136,0.7766272810421839,0.22337271895781602,0.002671353614415549,0.009287822183234273,-2.471368448946773e-06,-4.9900770525621335e-06,-1.7349611857722883e-05,0.025961092923601443,-1.280533060241656e-05,-7.900141319576134e-06,65.83686704142019
342,OOF,1,78,0.0003371984265541255,0.0028326613517314515,0.0003973769953731996,0.00027701985773505137,0.00036838489722137627,0.7591160879964792,0.24088391200352074,0.002466365206888785,0.0077724472832236165,2.77064514264015e-06,-5.28507461537969e-06,-1.6655264078980447e-05,0.025129286397971316,-1.2761419891514806e-05,-8.61840032323608e-06,65.9685920830816
342,OOF,1,79,0.00032744145458699645,0.0027481908057856623,0.00038512398942578487,0.0002697589197482081,0.00036006780799335424,0.7828096363790373,0.21719036362096258,0.002201883349652849,0.007936150921036726,4.736467280934212e-06,-4.8240034064602995e-06,-1.73869424478368e-05,0.024487540121477334,-1.2923771186092929e-05,-9.889659966039598e-06,66.10240050032735
342,OOF,1,80,0.00031672629676974076,0.0025082413265007128,0.0003726883193849463,0.00026076427415453525,0.0003518798239507782,0.8140837798407752,0.1859162201592247,0.001973919137190891,0.00864333166266058,3.7224332513437062e-06,-3.864021558810908e-06,-1.6919649470546478e-05,0.024025498348438444,-1.3035764685783083e-05,-1.1477640598437408e-05,66.23254970833659
342,OOF,1,81,0.0003052263186756629,0.002336601839849969,0.0003601563656029336,0.0002502962717483923,0.00033906276281152597,0.8079957694252808,0.19200423057471916,0.0019235304522996247,0.008094636577364213,2.025946727757458e-06,-3.3785499655980224e-06,-1.4217676719017904e-05,0.0236407063835817,-1.2880958389913046e-05,-1.1780358200122969e-05,66.37096412526444
342,OOF,1,82,0.0002939989035562992,0.002340608209719313,0.0003478075072186253,0.00024019029989397306,0.0003216162077006492,0.7566253560272762,0.24337464397272382,0.0020598854918015257,0.006403960446201725,1.6840631255716666e-06,-3.6203166783693873e-06,-1.125517166040404e-05,0.023223423357436462,-1.2319294265517639e-05,-9.683902728773764e-06,66.50263612531126
342,OOF,1,83,0.00028437289346724915,0.0025679520674605875,0.00033604081530781504,0.00023270497162668327,0.00030752521034203904,0.7240492364511202,0.2759507635488798,0.0022516608764424797,0.005907986328315617,3.1995051217625777e-06,-4.553818641600272e-06,-1.1948468154187638e-05,0.022732061680085194,-1.1457594899124358e-05,-6.646848215682763e-06,66.62915075011551
342,OOF,1,84,0.0002763166401517222,0.0028522416240306437,0.0003251400854789633,0.00022749319482448104,0.00030155456006774966,0.7584610707711154,0.24153892922888465,0.0023535063433164465,0.0073902908608445474,4.8104424761141284e-06,-5.363019010047512e-06,-1.6840519886017823e-05,0.022250982146298975,-1.052948832856392e-05,-6.480435365015677e-06,66.76024133339524
342,OOF,1,85,0.000268351239492153,0.00283379242998007,0.0003151636456368727,0.00022153883334743326,0.00029403159448058324,0.7742900558138359,0.2257099441861641,0.002315553124648037,0.007943423869020366,4.581378001254017e-06,-5.185640365593893e-06,-1.7789157595974033e-05,0.021795811316298767,-9.558418056000937e-06,-8.449809244383055e-06,66.8905976251699
342,OOF,1,86,0.00025986323282309407,0.0025537873228130737,0.0003061276779018158,0.0002135987877443723,0.00028447934728350265,0.7660370660290295,0.2339629339709704,0.002185061863861017,0.007154288719475975,2.5620408484870483e-06,-4.25686300270594e-06,-1.393774128975913e-05,0.021338650377079958,-8.635784981064001e-06,-9.607630893063626e-06,67.02028829138726
342,OOF,1,87,0.00025143591112235296,0.002214911535224052,0.0002979525418518673,0.00020491928039283858,0.00027594682898189154,0.7634640286187653,0.23653597138123458,0.0020350268789825366,0.006568429361094375,2.1611029815955265e-07,-3.2128777027937016e-06,-1.037016289789099e-05,0.020841364793235992,-7.909004847500675e-06,-9.070354736319877e-06,67.1515322914347
342,OOF,1,88,0.0002436276217480103,0.002013191466516695,0.00029043148796112936,0.00019682375553489126,0.0002698126330618912,0.7797312853883559,0.22026871461164407,0.0019114907352923345,0.0067665039525256114,-1.13518602452523e-06,-2.5989337332008024e-06,-9.199989857845636e-06,0.020298202846767577,-7.438047341428172e-06,-8.197873352749095e-06,67.2776527502574
342,OOF,1,89,0.00023640234804558338,0.0018619210693534434,0.0002833270008300101,0.00018947769526115666,0.0002622379125352369,0.7752877534154904,0.22471224658450956,0.0018165130846292386,0.00626721671754728,-1.4349441658467482e-06,-2.2357828130456602e-06,-7.713754192739331e-06,0.019738927359850375,-7.096556277571061e-06,-7.338757747903601e-06,67.40507579129189
342,OOF,1,90,0.00022982809871530994,0.0016441837540577637,0.0002765327221492651,0.0001831234752813548,0.0002510595171101893,0.7272946106171122,0.2727053893828878,0.0017463042098157953,0.004657325046531331,-1.3180944198717177e-06,-1.8584904780290387e-06,-4.956521437337451e-06,0.019173725178815874,-6.739419931141912e-06,-5.914038804227279e-06,67.53385991603136
342,OOF,1,91,0.00022414680368443353,0.00150084499226149,0.00027006372277338316,0.0001782298845954839,0.00024171735731062,0.6913298406644949,0.3086701593355051,0.0017031313610260572,0.003814510398360409,-1.2187052555497765e-06,-1.6291324041728701e-06,-3.648774626684964e-06,0.018628479722907414,-6.405542216185902e-06,-4.94114276824806e-06,67.66860850015655
342,OOF,1,92,0.0002188101287583956,0.0015491065586464518,0.000263881574752477,0.0001737386827643142,0.00023918516405493513,0.7260304151237471,0.27396958487625284,0.0016592691135745,0.004397129863428594,-1.263826062696406e-06,-1.6526381540313531e-06,-4.379557554035366e-06,0.018179757131799017,-6.285227631809351e-06,-5.655862167886794e-06,67.79840258322656
342,OOF,1,93,0.00021301947965344557,0.0014226966779183898,0.00025777408067347094,0.0001682648786334202,0.00023323468649003682,0.7258450123099747,0.2741549876900253,0.0015595367261186921,0.004128985446171641,-1.3535593269782217e-06,-1.3942823902023574e-06,-3.691462727733671e-06,0.017820753608499044,-6.271441121495621e-06,-6.6190536547444425e-06,67.92966395802796
342,OOF,1,94,0.00020688769837623052,0.0012091245511743538,0.0002516713048335675,0.00016210409191889355,0.0002257147962860143,0.7102007788019418,0.2897992211980582,0.0014076042399275496,0.0034495663007950124,-1.3039450052414438e-06,-1.0292738503602055e-06,-2.5224052953086038e-06,0.01749178912139673,-6.188469232369207e-06,-6.316465224406922e-06,68.06136558298022
342,OOF,1,95,0.00020105803139357372,0.001207397610389489,0.0002456722076231443,0.0001564438551640031,0.00022397714425469487,0.7568590837942021,0.24314091620579797,0.0012874554123294556,0.004007644369394386,-1.1987299281661152e-06,-9.630650016553421e-07,-2.997868504247014e-06,0.017159818822784112,-6.0382821011052214e-06,-5.292667739491766e-06,68.18680166639388
342,OOF,1,96,0.00019576772357378572,0.0012112640904094868,0.00023984843853711425,0.0001516870086104572,0.0002204377476536479,0.7798278578329048,0.2201721421670953,0.0012648816470133108,0.004480085152888894,-1.3942331784061809e-06,-9.406952329150395e-07,-3.3318490756247646e-06,0.01681788788248228,-5.778488120913746e-06,-4.53392623679852e-06,68.31959025003016
342,OOF,1,97,0.00019097867162139257,0.0011096118637755215,0.00023428662772778452,0.0001476707155150006,0.00021318389754091774,0.7563642794060169,0.24363572059398309,0.0012996555023225519,0.004034765489615724,-1.9030841133488894e-06,-8.139189817360856e-07,-2.526802074075245e-06,0.016457879981150402,-5.437757686620624e-06,-3.8049618155034858e-06,68.45325150014833
342,OOF,1,98,0.00018672515083493742,0.000985396428742768,0.00022904991924452774,0.0001444003824253471,0.00020687767925053977,0.7380701557605689,0.26192984423943105,0.001301860092462546,0.0036684024457479176,-2.2643846067345298e-06,-6.578006942838622e-07,-1.8535614461928222e-06,0.016099798837980857,-5.076313462385174e-06,-3.290482706949794e-06,68.59005775023252
342,OOF,1,99,0.00018278440050483531,0.0010374187456509468,0.00022415639839073646,0.00014141240261893417,0.00020472004815401369,0.7651025907628898,0.2348974092371103,0.001252396157359331,0.004079276769246414,-2.1146741262897033e-06,-7.033289828197152e-07,-2.2908674414999768e-06,0.015783025859947866,-4.769606113332529e-06,-3.5361769460265237e-06,68.7239311253652
342,OOF,1,100,0.00017878387853596174,0.0010562669149402448,0.00021955119879849049,0.000138016558273433,0.0002012801547112143,0.7759106562607453,0.22408934373925465,0.0011829100001548177,0.0040958327567128415,-1.6366316018839889e-06,-7.189615109645114e-07,-2.489408414028794e-06,0.015506731071060991,-4.517076701234761e-06,-3.9937155070232816e-06,68.85333654098213
342,OOF,2,1,0.023404610171445555,0.07373285883362735,0.01335883304087881,0.0334503873020123,0.018578453471778215,0.7402082306296927,0.2597917693703073,0.11858788128663655,0.3378849375947089,-0.025933504255666234,-0.003672300743775016,-0.010463253868582687,0.004123080762300493,-0.0002520984427161888,-0.00023283424542502228,69.20942654134706
342,OOF,2,2,0.02316400322896,0.07231165497679791,0.013109566934978351,0.03321843952294165,0.018270356994123896,0.7433575633556566,0.25664243664434344,0.11597845698576688,0.335928322353655,-0.025256037563698222,-0.0035171334114627683,-0.010187277509233216,0.06291938253706846,-0.00025989013546872617,-0.0002898240423800102,69.33476541610435
342,OOF,2,3,0.02285461356679258,0.07565391042623226,0.012838559486593935,0.032870667646991224,0.017885102270567922,0.7480772995250288,0.2519227004749711,0.11429836222127707,0.33940573830551435,-0.023608373492689575,-0.0038254831194679765,-0.011359663404666098,0.06972019624112955,-0.00028220093497558114,-0.0004283334333472832,69.46072341641411
342,OOF,2,4,0.022459872459813766,0.07946077312489083,0.012544356591639931,0.0323753883279876,0.017444481564225053,0.7529062008607532,0.24709379913924687,0.11258964804897832,0.34306584974653587,-0.021656014413452197,-0.004193095008639145,-0.012776553858494816,0.07290383464332188,-0.0003100953990676436,-0.0005716973346451347,69.5939084161073
342,OOF,2,5,0.021976500060717705,0.08336182059307816,0.012221886199627866,0.031731113921807545,0.016947078258522312,0.7577970729450012,0.2422029270549988,0.11075800843727188,0.3465362521400218,-0.019450729657936833,-0.004585127985244213,-0.014345807495164061,0.07502149275889225,-0.00033869888498535894,-0.0007261380089848099,69.72996700042859
342,OOF,2,6,0.021400264195183868,0.08711539262903756,0.011871005431018657,0.030929522959349077,0.016393549203953296,0.7627022266442344,0.23729777335576563,0.10872124296997798,0.3494425292074333,-0.017026041328088937,-0.004975134048252446,-0.015990650745663595,0.07661834468970322,-0.0003671918089333904,-0.0008866499624716937,69.86674508312717
342,OOF,2,7,0.020730007408562012,0.09048858468604402,0.01149235757119104,0.029967657245932984,0.015786642614762147,0.7675661494442804,0.23243385055571972,0.10638606717193407,0.3513186385651113,-0.014427537012270788,-0.005333862081080322,-0.017614009187789253,0.07807594626561819,-0.00039432085353200926,-0.0010478862462938523,70.01441300008446
342,OOF,2,8,0.019968296473110835,0.09323124795538136,0.011087946629569606,0.028848646316652064,0.015131647704516586,0.7723230984031555,0.22767690159684448,0.10364288758723658,0.3515762710552185,-0.01172256111128211,-0.0056272210511956675,-0.01908859777683805,0.07949396752322177,-0.00041896004604056645,-0.0012010600839918067,70.15925645828247
342,OOF,2,9,0.01912318268508425,0.09507059108953234,0.010660962104465065,0.027585403265703433,0.014437090206091675,0.7768831439897121,0.22311685601028786,0.10037214804310553,0.34949143392883386,-0.009007208057879763,-0.005817102198727044,-0.02025489568949534,0.08080707329553406,-0.00043984035707953715,-0.0013349102469040043,70.29997941618785
342,OOF,2,10,0.018209242508339073,0.09572291907068144,0.010215919801262102,0.026202565215416043,0.013714674225081332,0.7811451787926957,0.2188548212073042,0.09644416519997882,0.3442322826294466,-0.006400478450118303,-0.005865028348234815,-0.02093368833472703,0.08198487473756669,-0.000455296003823093,-0.001437773869101965,70.44155758339912
342,OOF,2,11,0.017247532519783695,0.09492085114866478,0.009759005459099294,0.024736059580468095,0.012978923336198838,0.7850099324602517,0.21499006753974825,0.09173315554187904,0.3349523959890959,-0.004033097788516551,-0.0057387604985769955,-0.020954381953299243,0.08296100465683756,-0.00046384007269161356,-0.0014982304807171054,70.58239050023258
342,OOF,2,12,0.016264848335435345,0.09244330045003198,0.009297764959169053,0.02323193171170164,0.012246227043726961,0.7884005454418712,0.2115994545581288,0.0861318592646507,0.3209195645895128,-0.0020284589405121702,-0.0054196840980781395,-0.020193255733906592,0.08362975456236102,-0.0004646157103049571,-0.0015069682772412968,70.72317083319649
342,OOF,2,13,0.0152918748886459,0.08814770341066744,0.008840359473414069,0.02174339030387773,0.011533611591065578,0.7912698068353969,0.20873019316460306,0.07957222783084349,0.30164826846838344,-0.0004803972519979179,-0.004909840833969381,-0.018612586657378343,0.08390823193953155,-0.00045727741689366344,-0.0014600078674411598,70.85776295838878
342,OOF,2,14,0.014360180257035032,0.08200781583236239,0.008394916574686285,0.020325443939383778,0.010858095593995688,0.7935398038985296,0.20646019610147037,0.07206179087473137,0.27697299760001504,0.0005654648083770691,-0.0042375201751408504,-0.01628711486423598,0.08371165090110266,-0.0004421579915577813,-0.0013587550966429435,70.99117720825598
342,OOF,2,15,0.01349933713771332,0.07413571180668024,0.00796886574242208,0.01902980853300456,0.010236240507555412,0.7950107139995494,0.20498928600045052,0.0637060859102366,0.24707155107366208,0.0011224927608692952,-0.003456622450679491,-0.01340583176886393,0.08298912054466152,-0.0004203804017596305,-0.0012096646486398478,71.12501633306965
342,OOF,2,16,0.0127341931107178,0.06480550659004379,0.007568165429110851,0.01790022079232475,0.009684245129589588,0.7951927640638863,0.20480723593611372,0.054731115834585925,0.2125012189236372,0.001263228034677181,-0.0026407142231331957,-0.010252942639444275,0.0817062846657525,-0.0003936195193317868,-0.001024662425668734,71.25287004141137
342,OOF,2,17,0.012082030558088425,0.05448001846327929,0.00719672896008899,0.01696733215608786,0.009220353771699778,0.7928863990260624,0.20711360097393755,0.04551371233474862,0.17423869465698683,0.0011067632105963613,-0.0018716883120993549,-0.007165324724697206,0.07991056209200345,-0.00036424529653572845,-0.0008197464394318108,71.37993441615254
342,OOF,2,18,0.01155032304543013,0.043831989540770055,0.006855719898776034,0.016244926192084223,0.00887387105476074,0.7850562557749883,0.2149437442250117,0.036618800523667894,0.13374577861632267,0.0007952012462525298,-0.0012236341618637068,-0.004469177072422589,0.07774425629162211,-0.00033532828534403017,-0.0006140409017886797,71.52249016612768
342,OOF,2,19,0.011135011754201653,0.033730508622217416,0.006542930800459785,0.01572709270794352,0.008713122595789841,0.7637027943114038,0.23629720568859627,0.028843070793359057,0.093219611705603,0.00046359844094051513,-0.0007448887318392873,-0.002407449568855378,0.07539893393671059,-0.0003101957035077901,-0.00042937576606435086,71.66889283340424
342,OOF,2,20,0.010819244810995322,0.025083323979388818,0.006252808918600458,0.015385680703390185,0.008895173604726312,0.7106753769907777,0.28932462300922246,0.02317668090037149,0.05692946651049965,0.00021053603423276592,-0.0004426586049168457,-0.001087313508458156,0.0729941882502256,-0.00029066683979996717,-0.0002914586989513429,71.81489625014365
342,OOF,2,21,0.01057213853708579,0.01961325432937298,0.00597856454823406,0.01516571252593752,0.009202926327150952,0.6490356107529578,0.3509643892470421,0.02035598740114274,0.037644163112174035,7.809551553280993e-05,-0.0002963471795810973,-0.0005480324459896895,0.07073926650653875,-0.0002774078712230355,-0.00022311144801776399,71.96002879133448
342,OOF,2,22,0.010351161675914117,0.020529148450127755,0.005713871921271724,0.014988451430556509,0.008429612615468998,0.7071844937575288,0.2928155062424712,0.02004489066715268,0.04841081007211808,4.72292929081256e-05,-0.00029797453126275927,-0.000719644156649267,0.06973035568659211,-0.00027864269436721716,-0.000211978550647042,72.10541783319786
342,OOF,2,23,0.01012106934887951,0.02300629418848311,0.0054450401190443845,0.014797098578714637,0.007644415114390249,0.7648245030941121,0.2351754969058879,0.020890967822936465,0.06794042872045672,5.198661799442526e-05,-0.0003460202766424067,-0.0011253076516275883,0.06964974830064477,-0.00028882071844562105,-0.00024949227536946874,72.25030237529427
342,OOF,2,24,0.009857143495225412,0.02446041944393274,0.005165040296775099,0.014549246693675723,0.007090391306785657,0.7948307050613831,0.20516929493861685,0.02157896362313925,0.08359741586188704,3.052520000245924e-05,-0.0003763770797750676,-0.0014580937160994963,0.07016053838945753,-0.0002990267808361988,-0.0003231458439571758,72.38700391631573
342,OOF,2,25,0.009546142073382785,0.024432019457191242,0.004876054199391893,0.014216229947373676,0.00663135232273911,0.8120701183030201,0.18792988169697988,0.021493201587708868,0.09287499464392997,-4.04939096016532e-05,-0.00036753204021591166,-0.0015881550325218031,0.07096658826044973,-0.00030214535405353316,-0.0004148881810213595,72.5197374583222
342,OOF,2,26,0.009186847409707244,0.02307195211659556,0.004586688567764606,0.01378700625164988,0.006216258363599981,0.8228789644199318,0.17712103558006825,0.02059511011580519,0.09568193201166754,-0.0001444461693740548,-0.0003234467020588627,-0.0015026870544403612,0.07177861713010582,-0.0002940349690132789,-0.0005071667659298695,72.66725054103881
342,OOF,2,27,0.008788534876963405,0.020873550382880048,0.0043086054179255935,0.013268464336001217,0.005842673704475075,0.8287843256711719,0.17121567432882812,0.019161657559025647,0.09275366581390775,-0.00024206929217117674,-0.00026285795477236254,-0.001272386734726865,0.07235724113589354,-0.0002739420770876281,-0.0005820731348207835,72.81371937505901
342,OOF,2,28,0.008370257474937129,0.018504025321866648,0.004053071993008837,0.01268744295686542,0.005527585782086083,0.8292274219801824,0.1707725780198176,0.017593850968296663,0.08543118485598511,-0.0002941071242271818,-0.00020645660287900195,-0.001002499807295021,0.07255185782122052,-0.000244368159060475,-0.0006218392611450033,72.96000887500122
342,OOF,2,29,0.007955011104251857,0.01666166721131207,0.003827916486309545,0.01208210572219417,0.005280373362429808,0.8240339741902466,0.17596602580975348,0.01626182725504863,0.07615275777757684,-0.00028111624491106727,-0.0001684464251205856,-0.0007888203219428626,0.07231346029754712,-0.00021036680294682657,-0.0006296304721294737,73.10620641615242
342,OOF,2,30,0.007556848062273824,0.01587457402530767,0.00363562067713989,0.011478075447407757,0.005068253193768449,0.8173234582034284,0.1826765417965715,0.015358634995498164,0.06871693838929654,-0.00021148587475287373,-0.00015416301707460027,-0.0006897494829018671,0.07165560952760289,-0.00017786300178157912,-0.0006259726194059845,73.25185662508011
342,OOF,2,31,0.00717848880545916,0.016237815984992608,0.003473237872278553,0.010883739738639767,0.004796881076125404,0.8213827851720386,0.17861721482796147,0.014830005804571873,0.06819673839170098,-0.00011277890045672257,-0.00016050170074312944,-0.000738077425001943,0.07058728152718081,-0.00015179415689390614,-0.000619731559896433,73.39750641630962
342,OOF,2,32,0.006817995127390016,0.0170734839112666,0.003333831459556012,0.01030215879522402,0.004430177122484129,0.8426673130987441,0.15733268690125582,0.014452597487118976,0.0774075097275352,-1.9381441505682748e-05,-0.00017296496988611733,-0.0009263931691805128,0.06912533074928659,-0.00013445113538404735,-0.0006009083005539138,73.54450129112229
342,OOF,2,33,0.006480784425290353,0.01744761080849047,0.0032090241842833017,0.009752544666297405,0.004061202058737345,0.8697676767733227,0.13023232322667727,0.013985603293642172,0.09340404427717924,3.744243938281226e-05,-0.00017500025067262334,-0.0011687540979926061,0.06737213020410279,-0.00012497970079140876,-0.0005453388901339592,73.68127904133871
342,OOF,2,34,0.006182340396163084,0.016976827821415172,0.003091720981566391,0.009272959810759776,0.0037485675810274605,0.8937354440409506,0.10626455595904936,0.01326518769275323,0.11156653604648836,3.739864468838074e-05,-0.0001612404905722696,-0.001356109195003098,0.06551964668208421,-0.0001207734244734928,-0.00045412802239045005,73.81037470838055
342,OOF,2,35,0.005931765403736974,0.01567182162305306,0.002977519742796734,0.008886011064677214,0.0034903959758145263,0.9131967527618267,0.08680324723817329,0.012231190664705372,0.12867587276743875,-2.4655048770533253e-05,-0.00013447594521224197,-0.001414728139783138,0.06374356096685123,-0.00011881859391340215,-0.000360659367236972,73.94466308318079
342,OOF,2,36,0.005723318753933014,0.013693629067267517,0.0028649210817408774,0.00858171642612515,0.0032708351151641345,0.9289962279615283,0.0710037720384717,0.010931024986135537,0.1430188944662116,-0.00014195803100716445,-0.00010092370204956271,-0.0013204613758429132,0.06212563406352978,-0.00011651577226924929,-0.00028995128369331546,74.07736008334905
342,OOF,2,37,0.005544537925684399,0.01131857986710834,0.002754803782400758,0.00833427206896804,0.003079863788917561,0.9417399669966054,0.05826003300339459,0.00953795732043798,0.15417560116453988,-0.0003030330296241006,-6.801784712221521e-05,-0.0010994694270139338,0.06064790554335974,-0.00011218747521946397,-0.00024440697129513586,74.21720154117793
342,OOF,2,38,0.005385028401026875,0.009004473513761276,0.002649449808977102,0.008120606993076648,0.00291822124256207,0.9508748470312495,0.049125152968750536,0.008394112306303849,0.1624778707619933,-0.0004959780963323105,-4.263470819170997e-05,-0.0008252446899412736,0.0592315160946677,-0.00010524329144984018,-0.000217799716283186,74.3557550413534
342,OOF,2,39,0.005238098772137863,0.007408948440307135,0.002551451387449886,0.00792474615682584,0.002794733145866628,0.9547239135654201,0.04527608643457987,0.00798428650599594,0.16836237096256773,-0.0007093078793590841,-2.8747848572333973e-05,-0.0006061976786624941,0.057785881953984874,-9.608452013263199e-05,-0.0002064250588066279,74.50312333321199
342,OOF,2,40,0.005098749630786074,0.007058820735292941,0.002462761279900549,0.007734737981671599,0.002714068198236887,0.9523315574873623,0.04766844251263766,0.008608077120093998,0.17197422568562196,-0.0009315660464754539,-2.6160505645988103e-05,-0.0005226408452488419,0.0562571265703133,-8.58583974615387e-05,-0.0002084136509102091,74.64872745843604
342,OOF,2,41,0.004962487824658437,0.007785495567779074,0.0023840403364928553,0.007540935312824019,0.002666096426708424,0.9453050543960786,0.054694945603921415,0.01002530274855726,0.17326956367578167,-0.0011509101493738772,-3.206051895841796e-05,-0.0005541091646278357,0.05466799968350273,-7.608582852951458e-05,-0.0002192587155467805,74.79429420828819
342,OOF,2,42,0.0048251012145572566,0.008898907394793024,0.0023144151538187848,0.007335787275295729,0.0026336053031730706,0.9364336795536272,0.06356632044637274,0.011710178708115658,0.17250968215349996,-0.0013549390562711133,-4.228305460929703e-05,-0.0006228970960173046,0.05312123921827362,-6.817347129158067e-05,-0.00023638091600049655,74.932493083179
342,OOF,2,43,0.004681393175427866,0.009799228363334272,0.002251732093909858,0.007111054256945873,0.0026022860296125755,0.9278594989298472,0.07214050107015288,0.013221016742267652,0.17004658670022718,-0.0015309027124763422,-5.174537558085348e-05,-0.0006655406816719754,0.05175928478202168,-6.294223849083626e-05,-0.0002599009600521845,75.07516104122624
342,OOF,2,44,0.004526962318139239,0.010155396381016988,0.002193242879714626,0.006860681756563852,0.002563481056896361,0.9206763737136144,0.07932362628638558,0.014294829154634824,0.16591414292419543,-0.001665633848662859,-5.60088640265538e-05,-0.0006500716147496249,0.050698744855240375,-6.0391932530896244e-05,-0.0002826795987625114,75.22239329107106
342,OOF,2,45,0.004363017861262861,0.009875138031460853,0.002136424277100273,0.006589611445425449,0.002514085642549866,0.9151930176804964,0.0848069823195035,0.01483429781407258,0.16008405688207206,-0.001746514159484239,-5.327747767763739e-05,-0.000574942937911716,0.0499757156389714,-5.9851757659385006e-05,-0.00029038163093554186,75.36223487509415
342,OOF,2,46,0.004198747626602797,0.009072730684534357,0.0020795387061793465,0.006317956547026247,0.002455803441106418,0.9112251908481283,0.08877480915187175,0.014875914996109383,0.15269318639908902,-0.0017626702198417542,-4.516690435076569e-05,-0.00046361373716541403,0.049535715631186895,-6.042419665903306e-05,-0.00027251497515374016,75.4932058332488
342,OOF,2,47,0.004043549048804343,0.008051069977966892,0.0020217239315121777,0.006065374166096509,0.002390990857615141,0.9086798054528269,0.09132019454717315,0.014543453360796444,0.14471434753321888,-0.0017140758054279513,-3.566697939205211e-05,-0.0003549035791674536,0.04929011623032828,-6.141422161687804e-05,-0.0002464691303045781,75.62120533315465
342,OOF,2,48,0.0038990170569032385,0.007139025338058821,0.001962723562583641,0.005835310551222836,0.0023214963237244363,0.9073557902783572,0.09264420972164289,0.013986813770818854,0.1369866125538633,-0.0016128601600585023,-2.808472890320713e-05,-0.00027506134992449303,0.0491506512653103,-6.243290903925579e-05,-0.00022213977761219493,75.76251491624862
342,OOF,2,49,0.0037645294039399977,0.006582046934193699,0.0019025962367513578,0.005626462571128638,0.002248606054844544,0.9070831799468854,0.09291682005311476,0.013324152652186545,0.13007456293633615,-0.0014761230486192275,-2.388057832053811e-05,-0.00023312970579042296,0.0490411752828945,-6.3269448797712e-05,-0.00020184047130101095,75.9050325830467
342,OOF,2,50,0.0036382921496588157,0.006406201495291326,0.001841584356521017,0.0054349999427966145,0.0021722544038506974,0.9079789021362806,0.09202109786371926,0.012607292784732563,0.12439707987993201,-0.001322721908138603,-2.2599323344251617e-05,-0.00022298917612921266,0.04890346634156138,-6.372688002263187e-05,-0.0001872719018568811,76.05084325000644
342,OOF,2,51,0.0035177579129003537,0.006411145126047235,0.0017801201333350718,0.0052553956924656356,0.0020914067085657066,0.9104282322554842,0.08957176774451572,0.011825934700745964,0.12020154447636383,-0.001169481795454924,-2.2573323393877875e-05,-0.0002294404970574886,0.04869459508369324,-6.359036256955907e-05,-0.0001785588905576684,76.19803762529045
342,OOF,2,52,0.0034005884240067346,0.006347119593909917,0.0017188272472102382,0.005082349600803231,0.002005244546365204,0.9148460247784563,0.08515397522154367,0.010943239731554132,0.1175679625121848,-0.0010280089830773395,-2.201787297985528e-05,-0.0002365475424640129,0.04838460139279478,-6.271623973182574e-05,-0.0001736334009379959,76.34386062528938
342,OOF,2,53,0.0032857362850525506,0.006065423383890874,0.00165844478870908,0.004913027781396021,0.0019143654809754297,0.9213660573900239,0.07863394260997622,0.009936889613966672,0.11643207122084193,-0.0009030800722397344,-1.9964573543149806e-05,-0.0002339279934641277,0.04795646342895868,-6.10854527667615e-05,-0.0001688799629029809,76.4904220411554
342,OOF,2,54,0.0031740226878072086,0.0055586291043361125,0.0015997185310164914,0.004748326844597926,0.001821250897304129,0.9296411797770894,0.07035882022291054,0.008827033763817693,0.11663035360924966,-0.0007933046358600457,-1.6618432031475478e-05,-0.00021957700130332235,0.047405521481504474,-5.879082713395975e-05,-0.00016081398510308037,76.63221845822409
342,OOF,2,55,0.0030677892629389007,0.0049469212764950005,0.0015432894110472657,0.004592289114830536,0.0017298756324415417,0.9388041195403346,0.06119588045966536,0.007687712206378836,0.1179369564581379,-0.0006936834152676632,-1.3033618838305238e-05,-0.00019994834564042766,0.04673936707135803,-5.603741464349786e-05,-0.0001477952479951282,76.7730770832859
342,OOF,2,56,0.0029697925117249183,0.004444232081355061,0.0014895653195135697,0.004450019703936266,0.0016447474952987072,0.9475816359131644,0.05241836408683558,0.006642449377078045,0.12007744150074959,-0.0005987868173728194,-1.0421898253606266e-05,-0.00018839961087135367,0.045979618659747874,-5.314893987808425e-05,-0.00013057395740877366,76.90503308316693
342,OOF,2,57,0.0028820133583013084,0.004277456254042509,0.0014385967524761605,0.004325429964126456,0.0015696445739565705,0.954604990357065,0.04539500964293499,0.005836614243874048,0.1227373036775736,-0.0005052600329666694,-9.583352376150688e-06,-0.00020152690955640051,0.04516179373301956,-5.0524666449282573e-05,-0.0001115468621294251,77.03090533334762
342,OOF,2,58,0.0028049479166432634,0.004536036322444174,0.0013900210746465667,0.00421987475863996,0.0015060941674818603,0.9589826521802726,0.04101734781972732,0.005371319993357676,0.12558107646496075,-0.00041299216877636424,-1.072784031689918e-05,-0.0002508161377103593,0.04432974114688048,-4.853335767738777e-05,-9.354997894583365e-05,77.17232995806262
342,OOF,2,59,0.002737517551120421,0.0050963518955811655,0.0013431347808632635,0.004131900321377578,0.0014522830391979107,0.960861443262628,0.03913855673737194,0.005225073752530833,0.12827687900449575,-0.00032493494953322676,-1.3515373535752697e-05,-0.00033180583047398484,0.04352657864374244,-4.737603267377044e-05,-7.884000209740947e-05,77.30362620810047
342,OOF,2,60,0.0026775071863822586,0.005729966332694548,0.001297102452486036,0.004057911920278481,0.0014040679983133154,0.9612557305836792,0.03874426941632075,0.00526088050820896,0.13052385843418676,-0.0002458844890516209,-1.7077928967912082e-05,-0.00042370800467310567,0.042786151297312225,-4.6985285020709594e-05,-6.849042526813774e-05,77.42981091607362
342,OOF,2,61,0.0026223239283189297,0.006245010488720979,0.0012512340110922035,0.0039934138455456555,0.0013575761589256264,0.9612198490787099,0.03878015092129003,0.005328977606459332,0.13208610407476643,-0.00018076051927992326,-2.028680329563268e-05,-0.000502836568163331,0.042126515715911445,-4.704162896956997e-05,-6.231769500728946e-05,77.55505837500095
342,OOF,2,62,0.002569740547320786,0.006553500290402392,0.0012052030944519514,0.00393427800018962,0.0013108233145871148,0.9612981600786752,0.03870183992132469,0.0053474584874383555,0.132823194337052,-0.0001330657143568343,-2.2338733100659024e-05,-0.0005548620704288494,0.04154697993434454,-4.7116510550317336e-05,-5.926138832886081e-05,77.68515125010163
342,OOF,2,63,0.002518335436532607,0.006670296536090572,0.0011591047023015116,0.003877566170763702,0.001263755469919158,0.9615036781533466,0.03849632184665334,0.005313041127168535,0.1327012125028941,-0.00010402537144742147,-2.313712203620187e-05,-0.0005778845061693843,0.04103084716526613,-4.68503644710592e-05,-5.797802213272097e-05,77.81732425000519
342,OOF,2,64,0.0024675362709704086,0.0066743266355819815,0.0011133485806678269,0.00382172396127299,0.001217530502194952,0.9615334261737949,0.03846657382620512,0.005271879533995074,0.13177904571382718,-9.252841992950582e-05,-2.3164372046691273e-05,-0.0005790304621319299,0.04055289351161238,-4.606634869467604e-05,-5.7372432610029606e-05,77.95516045810655
342,OOF,2,65,0.0024173622875148814,0.006653578778056198,0.0010684654352717008,0.003766259139758062,0.001173561237460957,0.9610437958934797,0.038956204106520294,0.005276784221126028,0.13017748659790446,-9.568260425053657e-05,-2.3032306511402016e-05,-0.0005682035964637286,0.04008783758111119,-4.4786288492299854e-05,-5.685724188426172e-05,78.08683799998835
342,OOF,2,66,0.0023680608947665984,0.006654983887697653,0.0010249199948354644,0.003711201794697732,0.0011326419921513884,0.9598992193144266,0.04010078068557335,0.005349193723099328,0.12804456150181462,-0.00010964684693237688,-2.3069510660268607e-05,-0.0005522188070698673,0.039616343323603254,-4.316972809939492e-05,-5.629827752377641e-05,78.22221183311194
342,OOF,2,67,0.0023198260317319076,0.00666616916997986,0.0009829981834942503,0.0036566538799695653,0.0010945564949434254,0.9582749897093173,0.041725010290682756,0.00546576132237448,0.12552908527674048,-0.00013041756848153642,-2.3186356672143617e-05,-0.0005325080939849761,0.03912701161585093,-4.1416997194077907e-05,-5.5786903515513374e-05,78.35603920836002
342,OOF,2,68,0.0022726872164208624,0.006637090047217488,0.0009427927488353675,0.0036025816840063573,0.001058332143660742,0.9565606904752588,0.04343930952474123,0.00557510219968556,0.12276722783919806,-0.0001543738020378724,-2.3025702777409293e-05,-0.0005070403371603298,0.03861476365267961,-3.968095906224646e-05,-5.5434431048629344e-05,78.48566554114223
342,OOF,2,69,0.0022265408852326276,0.006518370300893831,0.0009042668530358532,0.0035488149174294024,0.0010228397095502844,0.955163281730097,0.04483671826990305,0.005627281691452891,0.1198788193032366,-0.0001785291257292674,-2.2241826184217264e-05,-0.00047382093314460826,0.03807749330099133,-3.8024158191537534e-05,-5.5284971449152486e-05,78.62308120820671
342,OOF,2,70,0.002181236787156193,0.006290200429086493,0.0008673443742787874,0.003495129200033599,0.0009873251514904394,0.9543414757419537,0.04565852425804628,0.005596046134369659,0.11696696318986365,-0.00020053427992325056,-2.0729802928935255e-05,-0.0004332884393554088,0.03751340181634705,-3.643202303247244e-05,-5.5329242140947414e-05,78.76162425009534
342,OOF,2,71,0.002136642719593107,0.005973096667264906,0.0008319746715240334,0.0034413107676621807,0.0009516723905153973,0.9541271363361286,0.0458728636638715,0.005486532242819258,0.11411647059173749,-0.000218529208038479,-1.869660888877717e-05,-0.0003888778784110472,0.036920697434416706,-3.486205608028841e-05,-5.556274455189037e-05,78.89158875029534
342,OOF,2,72,0.0020926522180616186,0.005621751608232371,0.000798145377699239,0.003387159058423998,0.0009163552063817755,0.9543417520105782,0.04565824798942171,0.005329197018686179,0.11139006518166958,-0.00023096754816155006,-1.655805746635349e-05,-0.0003460939976495091,0.03629977937665891,-3.329436759728013e-05,-5.603837052173938e-05,79.01746100001037
342,OOF,2,73,0.0020491416606069853,0.00530398228602886,0.0007658511111884607,0.0033324322100255098,0.000882096614311205,0.9547080342891107,0.04529196571088931,0.005162677141790912,0.10882392204327553,-0.00023652403035765896,-1.4733419579660076e-05,-0.00031056532487553566,0.03565636779719238,-3.1754042827679555e-05,-5.6875548903789446e-05,79.14350050035864
342,OOF,2,74,0.002005915043385271,0.005070298238818084,0.0007350511741920763,0.0032767789125784656,0.00084936736938937,0.9550242170037192,0.0449757829962808,0.005011985341586031,0.10642543737099885,-0.0002341460211367272,-1.345930489135526e-05,-0.00028579740604724597,0.03500296203095983,-3.029414434964946e-05,-5.8207222099290626e-05,79.2779674581252
342,OOF,2,75,0.001962687015169973,0.004929915909934564,0.0007056536884458293,0.003219720341894117,0.0008180331430332665,0.9552997314397779,0.04470026856022207,0.004874589658888206,0.10417597795282434,-0.00022323851006342523,-1.2720652000182243e-05,-0.0002718559827697957,0.03435636682420307,-2.895260644241391e-05,-6.0087101995531306e-05,79.42412354098633
342,OOF,2,76,0.001919134102822072,0.004852077281214644,0.0006775435479114916,0.003160724657732652,0.000787449390881402,0.9557399005109918,0.0442600994890082,0.004725419812382376,0.10203936081256657,-0.00020390437559840354,-1.2316454471709342e-05,-0.00026595798715642294,0.0337314459258315,-2.7715472115019413e-05,-6.242023809922636e-05,79.56190104130656
342,OOF,2,77,0.001874995100181577,0.004792610227910123,0.0006506372383168937,0.0030993529620462605,0.0007569553320155575,0.956582100295112,0.043417899704887984,0.004537662837032593,0.09997367621610322,-0.00017712899018811304,-1.2005824063393301e-05,-0.00026451202099583447,0.03313464565997339,-2.6517777089809297e-05,-6.497104138205386e-05,79.70630325004458
342,OOF,2,78,0.0018301611764116015,0.0047238265711767365,0.000624922788765398,0.003035399564057805,0.0007263866613023098,0.9579071353945722,0.042092864605427875,0.00430382070656818,0.09794202896205242,-0.00014481420041280026,-1.1647547371783469e-05,-0.0002650631845055979,0.03256211129236121,-2.5286653396209264e-05,-6.744706279834317e-05,79.83890275005251
342,OOF,2,79,0.0017846998723242025,0.004646924963308893,0.0006004499730972476,0.0029689497715511574,0.000696249465115371,0.959552670394712,0.04044732960528796,0.0040431776481376445,0.09591836956879041,-0.00010962427971989826,-1.1252072075283113e-05,-0.000266938656091158,0.032004293249496364,-2.3996095242434438e-05,-6.96061956815776e-05,79.97143583325669
342,OOF,2,80,0.001738801742599028,0.004580689968125065,0.0005772726686604663,0.0029003308165375897,0.0006674306818392209,0.9611899455632896,0.03881005443671033,0.003790891587861857,0.09388718804595753,-7.467534752455229e-05,-1.0914970907121291e-05,-0.00027032583293975116,0.03145373880011229,-2.2690589258291675e-05,-7.131764735182444e-05,80.10330958338454
342,OOF,2,81,0.0016926919139469395,0.004534078433098826,0.0005553823007164672,0.0028300015271774115,0.0006405838606206892,0.9625424955029568,0.037457504497043284,0.003573931632963077,0.09183903516639182,-4.3131624615451806e-05,-1.0678940064225331e-05,-0.00027441586824229904,0.03091001522300543,-2.1459086260737193e-05,-7.252822900273456e-05,80.24309350037947
342,OOF,2,82,0.0016465763548973978,0.004484263052424385,0.000534678241797301,0.002758474467997495,0.0006156264707343412,0.9635990798152595,0.0364009201847405,0.003391008988503553,0.08976622361148676,-1.775369386745322e-05,-1.0434119098159408e-05,-0.0002762102581649588,0.030378203360807605,-2.037896039928048e-05,-7.315798939522022e-05,80.41415225015953
342,OOF,2,83,0.0016006671747647153,0.004384599313636069,0.0005149943766776166,0.002686339972851814,0.0005918482414891642,0.9646054202762747,0.035394579723725346,0.0032166312210454057,0.08766257249186844,-4.3605208579679e-07,-9.965064852959095e-06,-0.00027157705065574436,0.029863045044613096,-1.9471769996775403e-05,-7.30332687015167e-05,80.60554212518036
342,OOF,2,84,0.0015552570526019595,0.00420109483987845,0.0004961592716579097,0.0026143548335460093,0.0005685962960000809,0.965802485074795,0.03419751492520493,0.003028370698526836,0.08552691482880855,8.17781992668011e-06,-9.137063802588229e-06,-0.00025804795892705605,0.02936450542000346,-1.870581674390601e-05,-7.194858381404874e-05,80.76704270811751
342,OOF,2,85,0.0015107550417386578,0.003945534344131152,0.00047804023937109835,0.0025434698441062172,0.0005458998362402652,0.9671450449274114,0.032854955072588614,0.002832035570416891,0.08336609083577932,8.860880253897965e-06,-8.048038576202825e-06,-0.00023690857629122782,0.028878954764459248,-1.804173144335998e-05,-6.982316012665693e-05,80.94468558300287
342,OOF,2,86,0.0014676221083175485,0.0036739163752706415,0.0004605384148178381,0.002474705801817259,0.0005244475870752062,0.9682701782037212,0.03172982179627879,0.0026606885032369044,0.08119381658411737,3.6353078630060584e-06,-6.969987218609711e-06,-0.00021269677496368335,0.028404745146353612,-1.7472537082718653e-05,-6.681672700756924e-05,81.10132725024596
342,OOF,2,87,0.0014262375340824479,0.0034453879412747407,0.0004435553102771593,0.0024089197578877363,0.0005048688540595053,0.9688029648359169,0.0311970351640831,0.002544781312931839,0.07902647376138451,-4.72499158580729e-06,-6.1264769497747665e-06,-0.00019025362511928756,0.02794638567988107,-1.7011017861946246e-05,-6.328476932043024e-05,81.25926387542859
342,OOF,2,88,0.001386801898196344,0.0032786241761467044,0.00042698638604275963,0.002346617410349928,0.0004870164138410662,0.968728350897552,0.03127164910244796,0.0024818029324579186,0.07688091069762186,-1.3384123794770483e-05,-5.548189272283649e-06,-0.00017187095655233915,0.02751254904117871,-1.6634344053396782e-05,-5.960168719407438e-05,81.4148012502119
342,OOF,2,89,0.001349353797709381,0.003158382902175809,0.00041076994919877975,0.0022879376462199823,0.0004701994120984866,0.9683408877139676,0.031659112286032284,0.0024447894380444863,0.07477750965728124,-2.012088217300594e-05,-5.150759759977755e-06,-0.00015754362388040706,0.027109179546575355,-1.624861775463179e-05,-5.603808629815448e-05,81.56992562534288
342,OOF,2,90,0.0013138544409125386,0.0030812915751063574,0.00039495402290390565,0.0022327548589211716,0.00045414855435253087,0.9677905623457509,0.0322094376542492,0.002421037233832071,0.07274442389034494,-2.382706909066508e-05,-4.905171707713699e-06,-0.00014738471799380959,0.02673366840536751,-1.572473865431736e-05,-5.280301051090228e-05,81.71631600009277
342,OOF,2,91,0.0012802236478566761,0.0030723720730038173,0.00037970794721495617,0.002180739348498396,0.0004394201639239734,0.9668455437998107,0.03315445620018925,0.0024283757380619245,0.07081594844566765,-2.473017061609615e-05,-4.881581249201192e-06,-0.000142355979208006,0.0263750695539287,-1.4989399456156737e-05,-5.013059313278428e-05,81.86245658341795
342,OOF,2,92,0.0012482884763069066,0.0031397575611119216,0.0003652421527606266,0.0021313347998531866,0.0004265539367585724,0.9652839367748455,0.03471606322515452,0.002482432399770837,0.06902430451537914,-2.4260358991496914e-05,-5.106309743170885e-06,-0.00014198150116595784,0.026019557061149803,-1.4089849205060865e-05,-4.821762247498752e-05,82.00876400014386
342,OOF,2,93,0.0012177438653193826,0.003223390791986585,0.00035168842552883554,0.00208379930510993,0.0004149449724824393,0.9634800821937555,0.03651991780624467,0.002554417961412321,0.06739146677372618,-2.4499392438233687e-05,-5.392040992796791e-06,-0.00014225453974169735,0.025654998676602786,-1.3152835028909339e-05,-4.702005757036063e-05,82.15783054102212
342,OOF,2,94,0.0011882481960203087,0.003223501673955011,0.0003390514647722309,0.0020374449272683864,0.00040312641079150077,0.9622732026269709,0.03772679737302915,0.0025847243108884266,0.06592690378549072,-2.7290402308709175e-05,-5.399175106208822e-06,-0.0001377132935410421,0.025269956778724914,-1.226358930462978e-05,-4.6172697768358356e-05,82.30457858322188
342,OOF,2,95,0.0011596131808254695,0.003088976009865848,0.00032727726631891294,0.001991949095332026,0.0003902922917339859,0.9621456768134108,0.03785432318658919,0.002542773054682577,0.06462982020894274,-3.334757351565624e-05,-4.95859048139608e-06,-0.00012603280135922674,0.024851083557011596,-1.1408766804200275e-05,-4.519810804454391e-05,82.45135129103437
342,OOF,2,96,0.0011318965626150935,0.002868803543222545,0.0003163399243453551,0.001947453200884832,0.0003772344987562102,0.962666863615967,0.03733313638403297,0.002462238861219821,0.06349093570980008,-4.1831000049981395e-05,-4.274601152621269e-06,-0.00011022424803727633,0.02438812624599127,-1.0558190288074956e-05,-4.3834947059267916e-05,82.5984873753041
342,OOF,2,97,0.0011052848678346824,0.0026692846025881895,0.0003062287897087752,0.0019043409459605894,0.0003654994323861369,0.9629120882126482,0.03708791178735175,0.0024069521176070343,0.062491609208994464,-5.0657915978131316e-05,-3.6997563831813163e-06,-9.605663875694781e-05,0.023885317101591846,-9.758617518622668e-06,-4.216189387761098e-05,82.7455904581584
342,OOF,2,98,0.0010798884420790624,0.0025485829527391647,0.00029687110253276725,0.0018629057816253575,0.00035548379800243195,0.9625725430910467,0.037427456908953445,0.0023952982692297593,0.061603126070863545,-5.74124211294576e-05,-3.3739145759003393e-06,-8.67715255513242e-05,0.02336396115663145,-9.095662052939159e-06,-4.039426684905141e-05,82.87608825042844
342,OOF,2,99,0.0010556731577509243,0.002477318053471361,0.0002881215637463349,0.0018232247517555138,0.0003460378063590389,0.9622720849874505,0.03772791501254945,0.0023834850725907627,0.06079215216572318,-6.037458738035597e-05,-3.1888614633018124e-06,-8.13337383740096e-05,0.022848888618245092,-8.585344712984753e-06,-3.863635983667741e-05,83.00314445840195
342,OOF,2,100,0.0010325591927559526,0.0024136721949102355,0.0002798439904112342,0.001785274395100671,0.00033616407624625016,0.9625887150547923,0.03741128494520775,0.002333195437683117,0.060032891188325464,-5.918063712493763e-05,-3.026117683163976e-06,-7.786171302342637e-05,0.022353036253911787,-8.160596689129809e-06,-3.6878417229170025e-05,83.13016900001094
432,IN,0,1,0.006588388659855162,0.022194104688146987,0.005981883076662483,0.007194894243047841,0.006584549273754136,0.5031651696269769,0.4968348303730232,0.02784539407832765,0.028200181585965756,0.0001999508764285652,-0.0004894797102844008,-0.0004957163354857798,0.004123074140025528,-6.263368395124871e-05,-7.858990547484649e-05,83.71022516628727
432,IN,0,2,0.00651925606438308,0.021528043091559076,0.005920582108571358,0.007117930020194801,0.006539378027084928,0.4831945564806092,0.5168054435193908,0.028229749513432684,0.026393803445280473,0.00018287112926783234,-0.00047957560069348913,-0.0004483859885413875,0.06029795550916068,-6.705116818382286e-05,-8.21648950713231e-05,83.98783712508157
432,IN,0,3,0.006439048206233524,0.022338988286129065,0.005847912702846877,0.007030183709620172,0.00648174965809708,0.4638818412877277,0.5361181587122722,0.029799983376089457,0.025784747138667692,0.00023491104398956175,-0.0005378852470949415,-0.0004654108329835875,0.0683147992695001,-8.041399374539986e-05,-9.430501026733453e-05,84.26575762499124
432,IN,0,4,0.00634535469012963,0.023400222513044577,0.005761128198470288,0.006929581181788972,0.00640436558601501,0.4494965593585331,0.550503440641467,0.03135488810833569,0.02560186419061419,0.00030368546098759076,-0.0006090929977766952,-0.0004973360502724097,0.07217216968759291,-9.585233378211937e-05,-0.0001069648323747618,84.54325862508267
432,IN,0,5,0.006237278492837714,0.024589448654128546,0.005658583190827422,0.0068159737948480055,0.006305461444086023,0.44108907484521254,0.5589109251547874,0.03270884380578461,0.025813618958252554,0.0003819718988068758,-0.0006853955579450766,-0.0005409099714293223,0.07465732183784625,-0.00011296054580917871,-0.00011980374327763296,84.80633687507361
432,IN,0,6,0.00611409413581606,0.025799923859064867,0.005538877783850798,0.0066893104877813235,0.006184407080330897,0.43888130589941726,0.5611186941005828,0.033707422931846025,0.0263644001712421,0.0004627897277791359,-0.000758332676951721,-0.0005931330377439061,0.07661648263171952,-0.00013111656675667409,-0.00013288138121200283,85.08291825000197
432,IN,0,7,0.00597539098371486,0.026919145670607936,0.005401272876602267,0.006549509090827454,0.006041505599993372,0.4424207184380406,0.5575792815619595,0.03422846175376865,0.02715915232307382,0.0005391427369506649,-0.000818949444991796,-0.0006498092985139785,0.07817124854305565,-0.000148968675714795,-0.00014631473504061524,85.35965395811945
432,IN,0,8,0.005821425724801137,0.027849412356297627,0.0052464316615291745,0.0063964197880731,0.0058781098709194835,0.45070892924025296,0.549291070759747,0.03421804455413638,0.028076877711408547,0.0006056666715059539,-0.000860410919635531,-0.0007059916043404391,0.07947500026358983,-0.0001650800473242419,-0.00015997739500955987,85.63750020833686
432,IN,0,9,0.005653212146419731,0.028524356654655282,0.005076422999982357,0.006230001292857105,0.0056962906458404225,0.46265663138187196,0.5373433686181279,0.03368680393322091,0.029004588387954264,0.0006593340129265251,-0.0008793118561078271,-0.0007570940390074891,0.08061618950224123,-0.0001783671603600361,-0.00017362368652049586,85.91475150035694
432,IN,0,10,0.005472393467618066,0.028900103014473013,0.004894365381131216,0.006050421554104915,0.0054984524765255725,0.47745870009025976,0.5225412999097403,0.03267144738217156,0.02985269642773394,0.0006985030762140727,-0.0008746473297996885,-0.0007991865469690345,0.08154687355510225,-0.00018806326351364995,-0.0001870919121419271,86.19193262513727
432,IN,0,11,0.0052810324856264,0.02894180409140592,0.004704095414403274,0.005857969556849527,0.005287353964994244,0.49452151743825157,0.5054784825617484,0.031221138541737782,0.030544375953577767,0.000721827001968586,-0.000846907560670412,-0.0008285496346157495,0.08234526206890484,-0.00019380722276078,-0.00020025772898296486,86.45475091598928
432,IN,0,12,0.005081407337821135,0.0286123767363009,0.004509754003925995,0.005653060671716275,0.005066146575374617,0.5133479169469138,0.48665208305308616,0.029388474656112787,0.0310006116737755,0.0007274432230665809,-0.0007973813426271999,-0.0008411225709381264,0.08306491138313338,-0.00019560704571470891,-0.00021273952758014682,86.70963837532327
432,IN,0,13,0.004876018677202505,0.027863317919051386,0.004315470231148401,0.005436567123256609,0.004838309669810829,0.5336358147606354,0.4663641852393647,0.027211524268689564,0.031136704711893625,0.0007125105509920634,-0.0007274291417325238,-0.0008323586051742539,0.08367489404758074,-0.00019349399353773113,-0.00022373265690196168,86.96044295839965
432,IN,0,14,0.004667826338138241,0.026634412604583418,0.004125387443835733,0.005210265232440749,0.004607531643678584,0.5555774070526293,0.44442259294737085,0.02470172030269154,0.030879883096163463,0.0006737465611854145,-0.000638427630232984,-0.0007981051661736729,0.08408104278726866,-0.0001872019346659354,-0.00023216615487584423,87.20988187519833
432,IN,0,15,0.004460466844343146,0.024872170542084793,0.003943883362607837,0.004977050326078456,0.0043779782647830525,0.5798405122082093,0.4201594877917907,0.021875432198543175,0.030189159543779938,0.000609221697050718,-0.0005334439854147467,-0.0007361786243669321,0.08416463713689332,-0.00017645471211883028,-0.00023693045817272315,87.46858029114082
432,IN,0,16,0.004258164562810346,0.02256444908607711,0.0037754392581495397,0.004740889867471152,0.004154904409339946,0.6069553972760529,0.3930446027239471,0.018818461289733888,0.029060230236151126,0.0005202698552252765,-0.00041943309577869583,-0.0006477055772163449,0.0838040478756326,-0.00016144915511249756,-0.0002371824700211382,87.72960570827127
432,IN,0,17,0.004065238480827307,0.01980141006341935,0.003624037091330929,0.004506439870323686,0.003945319237542157,0.6359007996575397,0.36409920034246046,0.015763912153551156,0.027531739522486883,0.00041273805634822557,-0.00030829953407107355,-0.0005384464455440878,0.08287971159845357,-0.0001433497527463428,-0.00023257983980457133,87.98597633326426
432,IN,0,18,0.0038852646437682148,0.01687050952922807,0.0034920957118154293,0.004278433575721,0.0037584953425695124,0.6612147996652052,0.33878520033479465,0.013163821147359017,0.02569212986334113,0.00029706494943953045,-0.00021522059996228506,-0.0004200509518929894,0.08153943462931072,-0.00012446721463083203,-0.00022353851289868534,88.2419205410406
432,IN,0,19,0.003720129728677259,0.014280324255371098,0.0033793948616538806,0.004060864595700638,0.0036037085695995175,0.670838341398378,0.3291616586016221,0.01162118309437481,0.023684214088714794,0.00018652429735680005,-0.0001519946373469413,-0.0003097682483811849,0.08009662029445552,-0.0001076723518203428,-0.0002116064934802668,88.49345241626725
432,IN,0,20,0.003569365692845349,0.012437556844281335,0.003282812172025017,0.003855919213665681,0.003480911204128278,0.6543420029596002,0.3456579970403998,0.0114565406792703,0.021687609831823714,9.35056024738857e-05,-0.00011820486806215338,-0.00022376571868616322,0.07881800164371583,-9.535186131986442e-05,-0.0001992232974482166,88.75505412509665
432,IN,0,21,0.0034302091838165384,0.011286846614003476,0.003197126415579069,0.003663291952054008,0.0033753906552599572,0.6175945544389868,0.3824054455610133,0.012297235627978157,0.01986034939264655,2.5476813065438213e-05,-0.00010313635828910721,-0.00016656785091167853,0.07784897555631476,-8.857058217208974e-05,-0.00018866468745790514,89.00413979124278
432,IN,0,22,0.003298564682545168,0.010573010414001145,0.003116520342202262,0.0034806090228880738,0.003271012062181179,0.5756755752804236,0.42432442471957643,0.013461795095549683,0.0182634469864874,-1.704009389754162e-05,-9.709335779976608e-05,-0.00013172532937322007,0.07721398874029596,-8.690237508097869e-05,-0.00018108005456690855,89.25160762527958
432,IN,0,23,0.0031704252643821058,0.010069127353296813,0.003036110560078278,0.0033047399686859337,0.003160236230889342,0.5379297022823215,0.46207029771767855,0.01445904117997341,0.016832823394294844,-3.943818437264213e-05,-9.423845274461063e-05,-0.00010970984951607618,0.07689165768287584,-8.873523097044365e-05,-0.00017620727584361683,89.51779383327812
432,IN,0,24,0.0030431136816961787,0.009558649336751027,0.002952971322683736,0.003133256040708621,0.0030419617006536867,0.5063897875267079,0.493610212473292,0.015052951341891462,0.015442672455004632,-4.9692393972247876e-05,-9.021486944792697e-05,-9.255053363377743e-05,0.07681057240504661,-9.185807085293646e-05,-0.00017254280621736473,89.77431462518871
432,IN,0,25,0.002916009275627428,0.008905623250007069,0.0028664963742436544,0.0029655221770112017,0.002917942711474009,0.4804754337501422,0.5195245662498579,0.015182708567457473,0.014041527501016657,-5.432592990270043e-05,-8.253296620395941e-05,-7.632952378321546e-05,0.07683599773335525,-9.41759961636233e-05,-0.00016813886140753398,90.02629837533459
432,IN,0,26,0.0027903981481475727,0.008168127937616034,0.002777988539915007,0.0028028077563801387,0.002791353035293671,0.4615262976798905,0.5384737023201096,0.014900228394179949,0.012770999244198063,-5.605940644535409e-05,-7.228007844911433e-05,-6.195132066598224e-05,0.0768130902993252,-9.460246105203088e-05,-0.00016169243292451745,90.27688650041819
432,IN,0,27,0.0026683957687741763,0.007586793735117606,0.002689453147422018,0.002647338390126335,0.002666496285461553,0.45489744131047677,0.5451025586895232,0.01430767703178926,0.011940002058520341,-5.477041220720069e-05,-6.326639144573058e-05,-5.2796889559276664e-05,0.076634383875828,-9.339340455101075e-05,-0.00015313734593164273,90.55064870836213
432,IN,0,28,0.002551690846840974,0.007344414614371607,0.002602350533331216,0.0025010311603507326,0.0025482316185935355,0.46585817553268316,0.5341418244673167,0.01349475403516702,0.011769611002386297,-5.044178577603103e-05,-5.789361318615621e-05,-5.049260660461139e-05,0.07625524475949458,-9.153496257157004e-05,-0.0001433275879108771,90.8287948332727
432,IN,0,29,0.002440890787266608,0.0073306457148273815,0.002517010995833629,0.002364770578699587,0.0024397344012210653,0.49240421126457823,0.5075957887354218,0.012521288601807288,0.012146545292169048,-4.458885628667664e-05,-5.456733042382774e-05,-5.293421240766789e-05,0.07569572721760949,-9.004477495638546e-05,-0.00013338357828021155,91.10047925030813
432,IN,0,30,0.0023354818554796562,0.007305358868570004,0.002432671424816282,0.002238292286143031,0.0023407060258220655,0.526876188350596,0.473123811649404,0.011451685329560993,0.012752730190423372,-3.899442740483046e-05,-5.0645929137228236e-05,-5.6399896691462205e-05,0.07503330664665168,-8.966531076406969e-05,-0.0001243193567120692,91.36039125034586
432,IN,0,31,0.0022341179655227922,0.007155061192337802,0.002348020473592332,0.0021202154574532523,0.002248369540983201,0.5625604111004657,0.43743958889953427,0.010376807835016676,0.013344885624694153,-3.445908409145823e-05,-4.550169160139826e-05,-5.85165380148712e-05,0.07435600154158319,-9.037336268818105e-05,-0.00011719272711674141,91.61410583322868
432,IN,0,32,0.002135186175460286,0.006893086209331596,0.0022621382120791176,0.0020082341388414546,0.0021592841328695253,0.5949096920815546,0.40509030791844536,0.009397938096265683,0.01380167421871895,-3.1125982947215156e-05,-3.993432795070665e-05,-5.864696903442491e-05,0.07373999161653187,-9.122447925372022e-05,-0.00011214927971199781,91.86056112498045
432,IN,0,33,0.0020379627138822393,0.006584515836584886,0.002175275315632959,0.0019006501121315196,0.002071161843724627,0.6208888675150808,0.3791111324849192,0.008590782864326072,0.014069545805045852,-2.877315120689851e-05,-3.491433899898687e-05,-5.718092280495329e-05,0.07319680316118392,-9.091811365479362e-05,-0.00010750203829089141,92.11730729136616
432,IN,0,34,0.0019432755907201312,0.006284576657501985,0.002088883273967778,0.0017976679074724845,0.0019839602953706376,0.6397065860230419,0.3602934139769581,0.007964708213554729,0.014141463880015921,-2.6951556905212165e-05,-3.0870327605628404e-05,-5.481074900600974e-05,0.07266932362213831,-8.874246434688882e-05,-0.00010165173573352654,92.37090333318338
432,IN,0,35,0.0018528112590308287,0.005981734913924732,0.0020048541786735624,0.001700768339388095,0.0018994654955513791,0.6534245614007449,0.3465754385992552,0.00744445620206521,0.014035589331897821,-2.5486601989953982e-05,-2.737971197758631e-05,-5.1621016083946755e-05,0.07208298488866781,-8.487602473223284e-05,-9.416130482652994e-05,92.63123783329502
432,IN,0,36,0.0017681544744330372,0.0056031177341424555,0.0019247548823864541,0.0016115540664796203,0.0018201497901805669,0.6660127084822038,0.3339872915177962,0.006910451480766649,0.013780310282539643,-2.4658665270578084e-05,-2.3569316277919467e-05,-4.700018404890242e-05,0.07138365978551589,-7.992593408266681e-05,-8.544410109459158e-05,92.88852066639811
432,IN,0,37,0.0016903095186823567,0.005081669726460865,0.0018495653851875685,0.001531053652177145,0.0017479495962134041,0.6809668893081594,0.3190331106918406,0.006280813838971275,0.013406214336101181,-2.4769830360882954e-05,-1.896080970622856e-05,-4.0471296463287885e-05,0.0705525738709796,-7.451232912071548e-05,-7.62678763059521e-05,93.14344229130074
432,IN,0,38,0.0016195625813769953,0.0044263359256425175,0.001779637055474365,0.0014594881072796256,0.0016832933948584918,0.6990661341880476,0.3009338658119525,0.005571711089168903,0.0129430249447295,-2.5548743724900828e-05,-1.4013302009966394e-05,-3.255274987707187e-05,0.06961289435690812,-6.932125048621293e-05,-6.751727971723146e-05,93.40487512527034
432,IN,0,39,0.0015553666681059324,0.0037522449477527297,0.0017145402334636003,0.0013961931027482648,0.0016245642277680917,0.7173651118094581,0.28263488819054206,0.004894060898744953,0.012421780503840695,-2.607242023890072e-05,-9.813233119479857e-06,-2.4907296898258556e-05,0.06862724022631864,-6.51559445560464e-05,-6.013174422331531e-05,93.66694558318704
432,IN,0,40,0.0014963282510130904,0.0032364909739768183,0.0016530400778854786,0.001339616424140702,0.0015686686839780396,0.7308071905251186,0.26919280947488144,0.0043748185943595355,0.01187679898373834,-2.5336114092445983e-05,-7.166646661691121e-06,-1.9456080281391816e-05,0.06767927267205513,-6.253907703810644e-05,-5.482359093474027e-05,93.91785412514582
432,IN,0,41,0.0014405972565667041,0.0029958534494447992,0.0015935436982036917,0.0012876508149297164,0.001513022090801933,0.736765345633625,0.26323465436637505,0.004053166375039306,0.011344374593856189,-2.2841941616408052e-05,-6.09090665280382e-06,-1.7047789380456205e-05,0.0668401241024613,-6.134418818199149e-05,-5.166753539415343e-05,94.17346250033006
432,IN,0,42,0.001386526290794264,0.0030098512847145332,0.0015347645911885774,0.0012382879903999504,0.0014568234588148259,0.7371086548940852,0.2628913451059149,0.0038724998311597345,0.010857919801329741,-1.8672256999849208e-05,-6.145094550137552e-06,-1.7229941047408598e-05,0.06613983555816946,-6.093725276199738e-05,-5.0090347660109634e-05,94.43999395798892
432,IN,0,43,0.0013331533776073452,0.003199962623220592,0.0014761264116520197,0.001190180343562671,0.0014001161679590007,0.7341797906125836,0.26582020938741635,0.00377985464305054,0.010439736304384302,-1.3226390966450908e-05,-6.973605730460776e-06,-1.9260689045438608e-05,0.06555908625192197,-6.057814236341949e-05,-4.9268917721545516e-05,94.69330054102466
432,IN,0,44,0.0012802780741517422,0.0035156366374382766,0.0014177607761918785,0.0011427953721116057,0.0013427459142581273,0.7271843627576816,0.27281563724231833,0.003785881776793646,0.01009118852262976,-7.053607348041074e-06,-8.498326971462198e-06,-2.2652112414509927e-05,0.06504105635699817,-5.974029203717145e-05,-4.85378301707433e-05,94.95209091622382
432,IN,0,45,0.0012282217796116728,0.0039101187020962585,0.0013602383844870491,0.0010962051747362962,0.00128480513044988,0.7143039161309366,0.2856960838690634,0.003915237037485824,0.00978896563993066,-8.665696741376631e-07,-1.0702047069332007e-05,-2.675750408866297e-05,0.06451591674455702,-5.8238744257131815e-05,-4.754033953961737e-05,95.19935424998403
432,IN,0,46,0.0011774956638149572,0.004296757815720169,0.0013042270954937336,0.0010507642321361808,0.0012274042794627584,0.6969070142531946,0.3030929857468054,0.004129519795039203,0.009495077240303863,4.491862535519503e-06,-1.3245761162797577e-05,-3.0456210791982926e-05,0.06392752834539783,-5.61935004447198e-05,-4.616797197587536e-05,95.44315208308399
432,IN,0,47,0.0011285436833133589,0.00457148150700587,0.001250223551336324,0.0010068638152903938,0.0011722343991706647,0.6795314071554542,0.3204685928445459,0.004327439856097717,0.009176035843927864,8.274426232177395e-06,-1.537709879840461e-05,-3.2606070665767474e-05,0.06324945739513592,-5.387394239668156e-05,-4.44648909082521e-05,95.698044791352
432,IN,0,48,0.0010816225505164082,0.004666602695495263,0.0011984557333856584,0.000964789367647158,0.0011205603432125786,0.666638414446632,0.33336158555336803,0.004408984979101126,0.008816848980688729,1.0123225678481195e-05,-1.6333577727950624e-05,-3.266300266939025e-05,0.062482835074320134,-5.1500576923006545e-05,-4.2565638748524996e-05,95.94257658300921
432,IN,0,49,0.0010368124451277045,0.0045730080221159835,0.0011489723193624124,0.0009246525708929964,0.0010728096905841587,0.6604729218094775,0.3395270781905226,0.004328331557718955,0.008419787328074744,1.0184122915779247e-05,-1.5831385117987933e-05,-3.079636899917939e-05,0.06164133885003176,-4.91204249640577e-05,-4.0634775818383173e-05,96.19366966607049
432,IN,0,50,0.000994106676795249,0.004328681657639202,0.001101819021533666,0.000886394332056832,0.001028664374479111,0.6604166066934406,0.33958339330655946,0.004108996035964831,0.007991112853209937,8.939588627562784e-06,-1.4186109724736098e-05,-2.7588929939613935e-05,0.06073619762542637,-4.6632161268126366e-05,-3.880385651671394e-05,96.45984641602263
432,IN,0,51,0.0009534994935171568,0.003997769893686603,0.001057152781740857,0.0008498462052934568,0.0009872484979407737,0.6627975580995613,0.3372024419004387,0.003830692221091625,0.007529522727240994,6.911485130736488e-06,-1.205659550760313e-05,-2.369817376290803e-05,0.059770904146374516,-4.392033732348047e-05,-3.714972692241194e-05,96.72161308303475
432,IN,0,52,0.0009150040354176298,0.0036502668828613497,0.0010152131899121575,0.0008147948809231022,0.0009473704088178173,0.6614940948431766,0.33850590515682333,0.003596679271369717,0.007028480339076204,4.473554084218768e-06,-1.0071479413034821e-05,-1.9681264215968925e-05,0.05874790107479519,-4.0991427414243356e-05,-3.573550892386511e-05,96.98043904127553
432,IN,0,53,0.0008785838799814315,0.003336338397925703,0.0009761785767388859,0.0007809891832239772,0.0009079921197911566,0.6506651528556486,0.34933484714435137,0.003485006583061525,0.006491114068942764,1.8640237963528369e-06,-8.553673004171866e-06,-1.5931926053849788e-05,0.05768203848310787,-3.802443600136625e-05,-3.4653649117919546e-05,97.23893191618845
432,IN,0,54,0.0008440541485854014,0.0030661356233026922,0.0009400054885055229,0.0007481028086652799,0.0008687929196473986,0.628913108887234,0.37108689111276605,0.003507145879499521,0.005943864014659656,-7.047460496621115e-07,-7.474154638881482e-06,-1.2667097498775498e-05,0.056609763456712085,-3.5309121890813784e-05,-3.398695166193909e-05,97.51086550019681
432,IN,0,55,0.000811050408342619,0.002825281680636351,0.0009063546039988632,0.0007157462126863747,0.0008302085877098568,0.600510681797998,0.39948931820200195,0.003614648336563239,0.0054335243475821995,-3.003563745226942e-06,-6.646190331735389e-06,-9.990525667701524e-06,0.05558303487973953,-3.311554185565997e-05,-3.3703029611972555e-05,97.7714674579911
432,IN,0,56,0.0007791191452503387,0.0026043917564211013,0.0008746476897501026,0.0006835906007505746,0.0007928992711752751,0.5721256981203695,0.4278743018796304,0.003742131933621748,0.005003735526010087,-4.87064532089155e-06,-5.927767659448102e-06,-7.926225518940306e-06,0.054647878276194564,-3.1575620525043555e-05,-3.3583526927326086e-05,98.02549545839429
432,IN,0,57,0.0007478894008345397,0.0023988580852939484,0.0008442246726182108,0.0006515541290508686,0.0007573297088270927,0.5489971524331809,0.45100284756681913,0.0038370733213158553,0.004670796068017361,-6.3015551784044826e-06,-5.240938033900403e-06,-6.379693769591528e-06,0.05382149441044735,-3.0635706492733796e-05,-3.3259381330714565e-05,98.2828749162145
432,IN,0,58,0.0007172282136705011,0.0022003468117585104,0.0008145246461334104,0.0006199317812075919,0.0007238210036574347,0.5338799163548311,0.4661200836451687,0.003866506485155057,0.0044285801691638605,-7.3954179742964875e-06,-4.534283781521792e-06,-5.193432188282867e-06,0.05308360350243818,-3.009889856470947e-05,-3.234466637286413e-05,98.54449079139158
432,IN,0,59,0.0006872921066351208,0.002009929196954225,0.0007852072337772016,0.0005893769794930401,0.0006928810723621273,0.5285398481835011,0.4714601518164989,0.0038148023209331246,0.004276660565665013,-8.208573673068718e-06,-3.821675310436096e-06,-4.2843656682372476e-06,0.05238705645595992,-2.973568107104424e-05,-3.059060785786625e-05,98.79718466615304
432,IN,0,60,0.0006584490774472994,0.001847514522260879,0.0007561607535100043,0.0005607374013845945,0.0006652773446468641,0.5349408969056213,0.46505910309437865,0.003677384124396635,0.004229963780263883,-8.695080670948144e-06,-3.190361710713482e-06,-3.669759270653551e-06,0.05168112141416751,-2.9393125429677036e-05,-2.7974283991855843e-05,99.04472604114562
432,IN,0,61,0.0006311190718630033,0.001731064993399751,0.000727413089598264,0.0005348250541277426,0.0006415770813779341,0.5543024881549892,0.44569751184501094,0.0034539909386728956,0.004295639352900291,-8.772393929016494e-06,-2.7030241388129952e-06,-3.3616813328948174e-06,0.05093614962234434,-2.9026630123679725e-05,-2.4695831275841673e-05,99.2949609584175
432,IN,0,62,0.0006056167704355311,0.0016566967872133271,0.0006990246735911409,0.0005122088672799215,0.0006215916361115091,0.5855113172242241,0.41448868277577594,0.0031523723672682944,0.0044530762209953785,-8.383073642338437e-06,-2.343801190534364e-06,-3.3108795955325484e-06,0.05015778962879928,-2.8649454186165846e-05,-2.110901339418073e-05,99.55305029125884
432,IN,0,63,0.0005820616818741635,0.001620464021534653,0.0006710342058309986,0.0004930891579173286,0.000604179606487398,0.6242963761709454,0.3757036238290547,0.002806631353818105,0.0046637021106659205,-7.491554250192929e-06,-2.1030905714958307e-06,-3.4946477469738865e-06,0.04938172231189944,-2.8265269523213536e-05,-1.7618929526630257e-05,99.80517491605133
432,IN,0,64,0.0005603730734400456,0.0016453472104827841,0.0006434634262439087,0.00047728272063618255,0.0005873826272603036,0.6625312260017399,0.33746877399826014,0.0024900161807970057,0.0048884922106485484,-6.118386223555099e-06,-2.0430489438065896e-06,-4.0109895368533225e-06,0.048648302623943346,-2.783730277035797e-05,-1.4586946947389755e-05,100.06171483313665
432,IN,0,65,0.0005403222662514733,0.0017479705385088494,0.0006163498575726054,0.00046429467493034124,0.0005692863468954718,0.6904840081126428,0.3095159918873573,0.00228169065400668,0.0050901114945461476,-4.46578067643704e-06,-2.2125067109421543e-06,-4.935772437578726e-06,0.04797292584666059,-2.730409489978662e-05,-1.2274379810374318e-05,100.31057191640139
432,IN,0,66,0.0005216001154190379,0.0018786072643498404,0.0005897808587130884,0.0004534193721249874,0.0005495438942928892,0.7049242757103359,0.2950757242896641,0.002189190328029612,0.005229889412601883,-2.9658993900361793e-06,-2.5032229526439088e-06,-5.980100976052421e-06,0.047342661687092266,-2.6611095663440013e-05,-1.0781685022496576e-05,100.57006045803428
432,IN,0,67,0.0005038993228271486,0.0019459624334137201,0.0005639159001397855,0.0004438827455145116,0.0005292580197528791,0.711264104529259,0.28873589547074097,0.0021416162167394483,0.005275598789548084,-2.07881068920541e-06,-2.6619997889276812e-06,-6.5574974425740894e-06,0.04673643790511365,-2.570063952980781e-05,-1.0006500861021374e-05,100.82668491639197
432,IN,0,68,0.0004870082472070503,0.001903549340526707,0.0005389998885353905,0.00043501660587871003,0.0005092788030566293,0.7141743872725125,0.2858256127274874,0.0020866930305488787,0.005213887944811012,-2.0042828468266993e-06,-2.536845451471657e-06,-6.338655338201597e-06,0.046131356942450664,-2.451229106804596e-05,-9.762999716274186e-06,101.07374287536368
432,IN,0,69,0.00047081419764058826,0.0017770465806503672,0.0005153284750128108,0.00042629992026836574,0.0004897232531306148,0.7123931534585123,0.2876068465414878,0.0020404793158172656,0.005054203374648251,-2.606648486388933e-06,-2.2163987220190687e-06,-5.489950235495575e-06,0.045503903001023645,-2.3078184236212124e-05,-1.0001415991306006e-05,101.3174076252617
432,IN,0,70,0.0004551601341826892,0.0016176541611142479,0.0004931152681371874,0.00041720500022819103,0.00047060214136482824,0.7034244853496165,0.29657551465038345,0.0020348609622414856,0.004826329060947958,-3.5491607621525443e-06,-1.8600468418935083e-06,-4.411700993008556e-06,0.0448496379094541,-2.15636430220015e-05,-1.0787675163492204e-05,101.5737219164148
432,IN,0,71,0.0004397815102886026,0.0014721718642131266,0.0004723971457349866,0.0004071658748422186,0.00045210916611486217,0.6889838363953495,0.3110161636046505,0.002067561808089833,0.004580201395362265,-4.41282521289941e-06,-1.5728162863149724e-06,-3.484207979196401e-06,0.04418387268829008,-2.0089003438222265e-05,-1.1936148335320898e-05,101.835211916361
432,IN,0,72,0.00042451744822829613,0.001420053375887543,0.0004531333823565866,0.00039590151410000567,0.00043437843844897734,0.6722989397528075,0.3277010602471924,0.00213519848423014,0.004380491402825796,-4.776659570234814e-06,-1.4997432474838187e-06,-3.076815785778167e-06,0.04351368998913517,-1.866885990620599e-05,-1.3016791623773828e-05,102.10271108336747
432,IN,0,73,0.00040940835447024216,0.0015206363939263068,0.0004352611486356459,0.00038355556030483844,0.00041741532267668347,0.6548569209814135,0.34514307901858654,0.002248976714013296,0.004267094013547737,-4.481247192411959e-06,-1.7655269177485203e-06,-3.3498209628139158e-06,0.04284160594111668,-1.7395521010746145e-05,-1.3754959551629415e-05,102.35782545804977
432,IN,0,74,0.00039454796805316235,0.0016847048874083892,0.00041860149396578337,0.0003704944421405414,0.00040121033113955473,0.638490363337888,0.36150963666211194,0.00238307559134749,0.004208935657234666,-3.882076048548075e-06,-2.2226103326133737e-06,-3.925525449146587e-06,0.04217615011786397,-1.639871174737464e-05,-1.3991162971310751e-05,102.60796608310193
432,IN,0,75,0.0003800556998018758,0.0017665546897826572,0.00040286993480689236,0.00035724146479685926,0.00038576810172127017,0.6251938081232669,0.3748061918767332,0.0024773430503631697,0.004132321101551167,-3.5782729690386817e-06,-2.4957984479732738e-06,-4.163105545784909e-06,0.04151770985849474,-1.5700897395037135e-05,-1.361353016429178e-05,102.87824820820242
432,IN,0,76,0.00036607094135632473,0.0017206342385863338,0.0003877746481270488,0.0003443672345856007,0.0003710423823417694,0.6145297676098008,0.3854702323901993,0.002506006621219778,0.003995161071239098,-3.7628593710880297e-06,-2.4088191809736803e-06,-3.840221545302971e-06,0.04085645560428833,-1.525674135039495e-05,-1.2866727067699908e-05,103.13236950011924
432,IN,0,77,0.0003526021507131203,0.0016228843306047521,0.0003730666130511965,0.0003321376883750441,0.00035693180549076903,0.6057847185555636,0.39421528144443646,0.002484470889064286,0.0038178492035535984,-3.970997372347858e-06,-2.17383624070476e-06,-3.3405015920135685e-06,0.04019023158445592,-1.4971584950132021e-05,-1.2188312191691665e-05,103.39283433323726
432,IN,0,78,0.0003395420599329167,0.0015764195074929018,0.00035862158636948573,0.0003204625334963477,0.00034349664347738064,0.6036342164364277,0.3963657835635724,0.0024021277604818884,0.0036582534835429645,-3.59429000032303e-06,-2.0584473145632925e-06,-3.1348549328118055e-06,0.039525501727366456,-1.4661208967467713e-05,-1.1713970180563194e-05,103.6534110000357
432,IN,0,79,0.00032686396745644963,0.001580879857098712,0.0003445438817528757,0.00030918405316002353,0.0003309481342520349,0.6155030145256674,0.3844969854743326,0.002212498536131668,0.003541769038690099,-2.5560288454563946e-06,-2.0301940555940397e-06,-3.2499359123678743e-06,0.038866374564246936,-1.410881901096281e-05,-1.133290172243327e-05,103.89887662511319
432,IN,0,80,0.0003147038474925906,0.001562462954243074,0.0003311587162667319,0.0002982489787184492,0.0003193022132084904,0.6397265994343925,0.3602734005656074,0.0019306389710323213,0.0034281773279265662,-1.3223913103236086e-06,-1.9080732968899806e-06,-3.388108141690889e-06,0.03821166878661958,-1.3214597062928043e-05,-1.095227154912304e-05,104.15209491644055
432,IN,0,81,0.0003032345583211775,0.0015211816719544896,0.00031879017161357936,0.00028767894502877564,0.00030811631884675986,0.6569131487720526,0.3430868512279474,0.0017074300746148425,0.003269240026567273,-4.484209948768838e-07,-1.7612630249643602e-06,-3.3723147226543454e-06,0.03756486239803703,-1.2215029557702791e-05,-1.0598543436321843e-05,104.40133683336899
432,IN,0,82,0.0002924231465392357,0.0014871751025308825,0.0003073793484781576,0.00027746694460031385,0.00029681892108455435,0.6469549075116162,0.35304509248838384,0.0016746546366306495,0.0030688035568457272,-2.9757362303986476e-07,-1.7093075266208024e-06,-3.1323049557196603e-06,0.036937749168866496,-1.1501042109639791e-05,-1.0296800229676056e-05,104.6472695833072
432,IN,0,83,0.0002820643055363004,0.0014303008380821742,0.0002965592876031681,0.00026756932346943266,0.0002855260649397454,0.6194123382655924,0.3805876617344076,0.0017834688603253174,0.002902623306188236,-8.377324482506919e-07,-1.6513720836970044e-06,-2.6876337478935414e-06,0.03633114287178236,-1.104625732935288e-05,-1.001147385530851e-05,104.90604783315212
432,IN,0,84,0.0002720165625921664,0.0013793488984408762,0.0002860917537175534,0.0002579413714667794,0.00027482408249446044,0.5997329228883503,0.4002670771116497,0.0019302616651053171,0.0028921725931259534,-1.619773652962089e-06,-1.58620888650485e-06,-2.376667345912327e-06,0.03575184837638446,-1.0837673097409267e-05,-9.739804952022377e-06,105.16372695798054
432,IN,0,85,0.00026214044779288904,0.0013603431818867532,0.00027572232325954755,0.0002485585723262306,0.0002652857265186207,0.6157895584248595,0.3842104415751405,0.0019312490842815831,0.0030952907368749596,-2.066978460270606e-06,-1.502569787996482e-06,-2.4082291529079447e-06,0.035219096299562824,-1.0974231910667641e-05,-9.329942724109647e-06,105.42309504142031
432,IN,0,86,0.00025240138899972455,0.0013420265323149144,0.00026520417168629875,0.0002395986063131504,0.00025685494232732895,0.6739291151241168,0.3260708848758831,0.0016603814527395256,0.0034317059728873884,-1.5999974399727928e-06,-1.3362200660417375e-06,-2.761723442623138e-06,0.03472025114110286,-1.1065169785074844e-05,-8.596384945489645e-06,105.67491175001487
432,IN,0,87,0.00024306154089461996,0.001355633740744989,0.00025473188594919997,0.00023139119584003994,0.00024875677936571713,0.744004716418478,0.25599528358152196,0.001290052410581094,0.0037493076609503625,-1.2361372698427977e-08,-1.235034401322654e-06,-3.5894076119980963e-06,0.03419713018636283,-1.0595676611504588e-05,-7.774507832507712e-06,105.92809516610578
432,IN,0,88,0.00023439840776744457,0.00152230636431296,0.0002448303907098788,0.00022396642482501032,0.0002399187673638108,0.7645882200358591,0.23541177996414084,0.0012014068017588825,0.003902020061339842,1.7496027844913645e-06,-1.5154671534954174e-06,-4.922049073289245e-06,0.03358612639909413,-9.69700736283421e-06,-7.451747392658363e-06,106.19693175004795
432,IN,0,89,0.00022630234952652668,0.001584760613791758,0.00023579195182049417,0.00021681274723255918,0.0002311214584834934,0.7539152225604956,0.24608477743950447,0.0012417906250909757,0.0038043997082231108,2.0441954428560768e-06,-1.6656157933089786e-06,-5.1028475413174e-06,0.03289097106652547,-8.757763336923835e-06,-7.470903035600515e-06,106.47406670823693
432,IN,0,90,0.0002186503855165085,0.0015107138043371215,0.00022765596163451152,0.00020964480939850548,0.00022276254119281083,0.7283116383904477,0.27168836160955234,0.0013211957835044135,0.0035417132335668626,1.0876524631701014e-06,-1.5668129398964937e-06,-4.200136113843929e-06,0.03213895639090189,-7.938954612688772e-06,-7.401453874929188e-06,106.74517020815983
432,IN,0,91,0.00021136175520212233,0.0014978758963359617,0.00022018770151327396,0.0002025358088909707,0.0002146163008149452,0.684373748609299,0.31562625139070105,0.0015044615587311327,0.0032621304218225385,2.8569126221900877e-07,-1.6391863403465556e-06,-3.554254741071836e-06,0.03141008661098769,-7.652851534347093e-06,-7.386931124890703e-06,106.99840637529269
432,IN,0,92,0.00020415035871388425,0.0014006759157578937,0.00021286648949330416,0.00019543422793446435,0.00020711226086783037,0.6699092308791195,0.33009076912088053,0.00148723483773005,0.0030182981151936315,-5.2872680072068e-08,-1.4642976470182603e-06,-2.9717477804805882e-06,0.030774282209258298,-7.609043002562011e-06,-7.292351423021942e-06,107.25935637531802
432,IN,0,93,0.0001970569453764681,0.0012280157643602895,0.0002056317667951391,0.0001884821239577971,0.00020036909764597447,0.6931324343556812,0.30686756564431894,0.0012624847280222795,0.0028516181272973604,-5.516972783901299e-08,-1.0878315908843645e-06,-2.457123017141033e-06,0.030194251020137793,-7.241695217151588e-06,-6.879609700492208e-06,107.50713816611096
432,IN,0,94,0.00019039216511170084,0.0010849064345373556,0.00019880841174279846,0.0001819759184806032,0.0001940558732971865,0.7176568930352175,0.2823431069647825,0.001081115284993987,0.0027479680477499493,-6.644286520514687e-08,-8.200450543452091e-07,-2.0843823395472005e-06,0.029607859383540127,-6.703889260931656e-06,-6.307381507683289e-06,107.76977333333343
432,IN,0,95,0.0001842543451172891,0.0008962388665145355,0.00019249685677719998,0.00017601183345737823,0.0001877931569239127,0.7146682924232501,0.2853317075767499,0.0010309423435878671,0.002582193933285811,-6.925612436951651e-07,-5.619698777510278e-07,-1.4075619437338537e-06,0.028974030122267104,-6.182425787008147e-06,-5.7213644049537e-06,108.03036666614935
432,IN,0,96,0.00017864149954013712,0.0007652844260559956,0.00018669757163479103,0.00017058542744548323,0.00018099748132258998,0.6462239758266509,0.3537760241733491,0.0012675892200905811,0.0023154382704028576,-1.6541568411181463e-06,-4.531403001681243e-07,-8.277274500615716e-07,0.028272160830765575,-5.598930441741212e-06,-5.326127240999128e-06,108.28558995807543
432,IN,0,97,0.00017345966222809592,0.0007839006917214002,0.0001814215512218066,0.0001654977732343852,0.00017410262565332145,0.5403775677941136,0.4596224322058864,0.001715369698193398,0.002016758191998445,-2.2224178969482693e-06,-5.685842002932817e-07,-6.684837938958847e-07,0.02756473845049273,-5.078879499745324e-06,-5.335005126728765e-06,108.54662770824507
432,IN,0,98,0.00016846965334047734,0.000846886070126039,0.000176582132859077,0.0001603571738218777,0.0001677271155364695,0.45423484260851316,0.5457651573914869,0.0021015479068181775,0.001749097152427883,-2.2292605155962278e-06,-7.89477103577968e-07,-6.570738403322571e-07,0.02695192414356157,-4.681894477957149e-06,-5.616988817010542e-06,108.80487879132852
432,IN,0,99,0.00016351430211299436,0.0008808935156366522,0.00017209362904159562,0.0001549349751843931,0.00016185054915372936,0.4030370929379969,0.5969629070620031,0.0022916469881956625,0.0015471961980153064,-1.9330356360432004e-06,-9.626575313876585e-07,-6.499343398986974e-07,0.026470570255598038,-4.344768511260365e-06,-5.866766896284836e-06,109.05377154098824
432,IN,0,100,0.00015861611760969695,0.0008679059504057178,0.00016793817821131887,0.00014929405700807503,0.00015649653253113226,0.38631348962717993,0.61368651037282,0.002258274583068311,0.00142157586972458,-1.621656245424345e-06,-9.74934553122391e-07,-6.137178559555104e-07,0.02607650133150967,-4.0132553773295115e-06,-5.896791503832985e-06,109.30835858313367
432,IN,1,1,0.006588388659855162,0.01684128956152143,0.005981883076662483,0.007194894243047841,0.006470034889530649,0.5975702232628193,0.40242977673718067,0.020172012750661217,0.02995353440494894,-1.4508812067052495e-05,-0.0002373185803555902,-0.0003523956855213568,0.004123033852787114,-3.173488720444687e-05,-8.996028582226355e-05,109.92632550001144
432,IN,1,2,0.006530410315751221,0.016311755021354922,0.005952731189526399,0.007108089441976041,0.006463542916123345,0.5578759008178643,0.44212409918213574,0.021596429547314454,0.027250556145762803,-4.914122750201734e-05,-0.00023847001769266722,-0.00030090347073241875,0.061335072303832616,-3.9479568124665e-05,-8.762557639875035e-05,110.17884208308533
432,IN,1,3,0.00645994533592101,0.01771972035609147,0.005906378564999884,0.007013512106842135,0.006425953552220321,0.5307025145712113,0.46929748542878874,0.023586057433400934,0.026672165049617006,1.2625600962481587e-06,-0.0002958234423967012,-0.0003345303344329628,0.06893964163527552,-6.53216620680646e-05,-9.364757306629977e-05,110.43084070831537
432,IN,1,4,0.0063719932631576826,0.019344347864774444,0.005832724273778111,0.006911262252537255,0.006345098639640402,0.5249361858802822,0.4750638141197178,0.0247349404180152,0.027331623447406687,7.422763201127186e-05,-0.000356427890073809,-0.0003938458194366944,0.07270243374966903,-8.960144189816117e-05,-0.00010736077427238563,110.69416850013658
432,IN,1,5,0.006264904469969045,0.02096708792122848,0.005734767941993594,0.006795040997944497,0.006232747022493628,0.5303294017469651,0.4696705982530349,0.025335103483140192,0.028607177718568993,0.00015771883775065644,-0.0004144770914533224,-0.0004680075541578618,0.07521902610306287,-0.00011054930710217837,-0.0001244391171791456,110.94216087507084
432,IN,1,6,0.006139261794936475,0.022493156585633656,0.0056164378813966685,0.006662085708476282,0.00609767932187145,0.539767187372407,0.460232812627593,0.025650928006512374,0.030083750840187672,0.00024664970016213334,-0.00046866695959119585,-0.0005496588675384476,0.07707662298406731,-0.00012859214134674295,-0.00014243914505504418,111.19817983312532
432,IN,1,7,0.005996386900034899,0.023848631086714846,0.005480952170844525,0.0065118216292252735,0.0059450223638357605,0.5498264215527543,0.4501735784472457,0.025797130816994262,0.03150772235980616,0.0003361151812129262,-0.000517215235950289,-0.000631708780724092,0.0785799078906074,-0.00014338820289440553,-0.00016083704133542615,111.46320670843124
432,IN,1,8,0.005837924909274756,0.02495228264275742,0.0053317279035234935,0.006344121915026017,0.005779054380681516,0.5581498190668538,0.44185018093314615,0.025835976153316776,0.0326362781722413,0.00041911617069333894,-0.0005577502561274482,-0.0007045560191569298,0.079706669317707,-0.00015480818457034906,-0.00017950267160912696,111.72233412507921
432,IN,1,9,0.005665583807817124,0.0257032275177286,0.0051721954681916114,0.0061589721474426375,0.005603455431857036,0.562960928512462,0.4370390714875379,0.025784683690849197,0.03321389417791337,0.0004861907494231775,-0.0005867688780585562,-0.0007558316268834552,0.08050551930991225,-0.000163953889076015,-0.00019673764896617103,111.9850615831092
432,IN,1,10,0.00548140730759759,0.026009266152290683,0.005004775369439163,0.005958039245756017,0.005420071463369757,0.564342985978675,0.43565701402132495,0.025561308487491448,0.033111701850499456,0.0005293678942760174,-0.0005993535337446864,-0.000776392786077789,0.08109971878322947,-0.00017147963205451782,-0.00021035091142833503,112.23068883316591
432,IN,1,11,0.005288234921001018,0.02581787501620634,0.004831366500811384,0.005745103341190653,0.00522976599648086,0.5639888006440567,0.4360111993559434,0.025023117363885884,0.03236787947483967,0.000545377938009368,-0.0005909360873755461,-0.0007643870975528478,0.08151284433310287,-0.00017672194844980805,-0.00021961521647121345,112.48702329117805
432,IN,1,12,0.005089611822465844,0.0251030006254015,0.004654567152959961,0.0055246564919717266,0.005034198086581324,0.5636874093267915,0.4363125906732086,0.024048612512067212,0.03106923883153349,0.0005339343064473391,-0.0005589628488877419,-0.0007221435432640181,0.08177200900582288,-0.00017872028320314512,-0.00022434489774103488,112.7404173752293
432,IN,1,13,0.004889675522089329,0.023853392543949904,0.004477939406014459,0.005301411638164198,0.004836093243289103,0.5650687135622592,0.43493128643774076,0.02255547628608472,0.02930438523554319,0.0004965986729811613,-0.0005034647311021885,-0.0006541083081375584,0.08187115897433897,-0.00017661257022444618,-0.0002243257568194699,112.9899755413644
432,IN,1,14,0.004693035591844728,0.022077283252427162,0.004305822480453584,0.005080248703235871,0.004638834972395093,0.5699880993891292,0.4300119006108708,0.020504652500315745,0.027179266180044105,0.0004369930081874398,-0.000427558431772757,-0.0005667359846500713,0.08172719417902628,-0.00016994385214360523,-0.0002195979973988928,113.23834416642785
432,IN,1,15,0.0045042306179679135,0.019814073427512905,0.004142758839822994,0.004865702396112833,0.004445807154529224,0.5808133123677313,0.41918668763226885,0.01792390544268264,0.02483486045211212,0.0003611193063796798,-0.0003379721998712618,-0.0004682847969342943,0.08126650978011232,-0.0001590426112579416,-0.0002112200039438681,113.511261833366
432,IN,1,16,0.0043266620813812925,0.01715367678460105,0.003992570023826192,0.004660754138936392,0.004260032846381112,0.5997168796645079,0.40028312033549207,0.014971054511632116,0.022430109192408967,0.00027707119318988883,-0.00024532294921827854,-0.00036755063139302555,0.08050236571019147,-0.00014520383329764548,-0.0002014928819381959,113.76688504125923
432,IN,1,17,0.004161625512054401,0.01431721957372959,0.0038574002885907012,0.004465850735518102,0.004085942476722521,0.6243865227054564,0.3756134772945437,0.012084514214515025,0.020088224371855635,0.00019425488864037162,-0.00016414734212567465,-0.00027286397948075354,0.07951485638784547,-0.00013062555959065405,-0.00019268812888998272,114.01956458343193
432,IN,1,18,0.004008226129075821,0.011854458921981227,0.003736976613961468,0.004279475644190175,0.003933696964175242,0.6373811947076833,0.36261880529231677,0.010167012363692359,0.01787072924073562,0.0001223153017935507,-0.00011023873743042386,-0.00019376848950188445,0.07843657267612593,-0.00011798572417286023,-0.00018575473970880668,114.28202050039545
432,IN,1,19,0.00386403178783156,0.010455338675646996,0.003628380121786389,0.00409968345387673,0.003812856435030483,0.6085826246423981,0.39141737535760196,0.01016649987888061,0.015807052954823864,6.874680746395838e-05,-8.981040732695303e-05,-0.00013963880208768154,0.07751659932217522,-0.00010939844985527983,-0.00018087523578848918,114.54004195798188
432,IN,1,20,0.003725841213679011,0.009955713054880806,0.003527071238271882,0.00392461118908614,0.0037092450105036443,0.5417472587129255,0.4582527412870745,0.011774736976251239,0.01392011635551509,3.571838239906594e-05,-9.147828700287552e-05,-0.00010814580416119357,0.07691952972601634,-0.00010491602376607899,-0.0001776964269085432,114.78873262507841
432,IN,1,21,0.003591028000656156,0.00971240180240257,0.003429175713463554,0.003752880287848759,0.003601366316062859,0.4680624982629993,0.5319375017370007,0.013876440544637299,0.012210158913616457,2.000084870430904e-05,-0.0001007672577074411,-8.866713520223986e-05,0.07665614003098646,-0.0001028608000481505,-0.0001748753776763307,115.03948416607454
432,IN,1,22,0.0034586600129927524,0.009416226166394046,0.0033328308541566423,0.0035844891718288625,0.0034828041329947835,0.4040599165354084,0.5959400834645916,0.015742454132205964,0.010673715158983053,1.6078689938319398e-05,-0.0001097180289212306,-7.439113232761099e-05,0.07664097454077357,-0.00010129770276902488,-0.000170867501112826,115.28311979118735
432,IN,1,23,0.003329342397906865,0.0090272082836527,0.003238050668232962,0.0034206341275807677,0.003356007771965752,0.3539551493101485,0.6460448506898515,0.017068819498183837,0.009351667376616921,1.8560978887691915e-05,-0.00011511414589570355,-6.306875545051693e-05,0.07674156151255204,-9.87990703277355e-05,-0.00016542260846471508,115.54667700035498
432,IN,1,24,0.003204051200060065,0.008611118850216964,0.003145890580947355,0.0032622118191727753,0.003225103946315559,0.31901201726640044,0.6809879827335996,0.017765912853704647,0.008322525274658946,2.2807039640156805e-05,-0.000116220336286955,-5.4443962105546944e-05,0.07686505866391952,-9.508359500477325e-05,-0.00015966537370455935,115.7997202500701
432,IN,1,25,0.0030833446267767664,0.008216087891050768,0.0030573269634984962,0.0031093622900550365,0.0030937872658204973,0.2993163542005522,0.7006836457994478,0.017843470285855385,0.007622330711250529,2.4925140188688213e-05,-0.0001127638020544661,-4.817016968938385e-05,0.07697125527673018,-9.071597761522433e-05,-0.00015361949706071618,116.0519929160364
432,IN,1,26,0.0029678400436612936,0.007847458157394483,0.002972593939568685,0.0029630861477539026,0.0029658798142824733,0.2938291648568732,0.7061708351431267,0.01737143118611508,0.007228042937726691,2.2834942129352243e-05,-0.00010479320451741857,-4.3603188114937977e-05,0.07701805330944603,-8.653876757033236e-05,-0.0001464819232421637,116.31050454126671
432,IN,1,27,0.0028569597838654587,0.007471275645982213,0.0028914146149601585,0.0028225049527707585,0.0028431141863940225,0.2990761087555372,0.7009238912444627,0.016472221727567894,0.007028506287740747,1.7364391266913673e-05,-9.332066009972366e-05,-3.9818845152460715e-05,0.0770809576378293,-8.262925692201991e-05,-0.0001424944869818672,116.56712454138324
432,IN,1,28,0.002749148887956487,0.007047076815671492,0.0028139279141736724,0.002684369861739301,0.0027247263665890384,0.311493605310102,0.6885063946898979,0.015293934489136997,0.006919271672913767,9.956407568990197e-06,-7.971478515030064e-05,-3.606451009677406e-05,0.0771327980504817,-7.854490933039156e-05,-0.00013928807286590162,116.83258195826784
432,IN,1,29,0.0026449624064052765,0.0066562883018056514,0.0027403098977616886,0.0025496149150488643,0.0026129612249561,0.33218655785313633,0.6678134421468636,0.014005366933734706,0.006966608246505355,2.2913552647113032e-06,-6.668869180483675e-05,-3.317256823576417e-05,0.07707061613991807,-7.437954975930877e-05,-0.00013426994938101945,117.10789650026709
432,IN,1,30,0.0025453866207841283,0.006369304458842488,0.0026705823666813605,0.0024201908748868956,0.0025104192198011823,0.3603490848177502,0.6396509151822498,0.012772459546229057,0.007195399864383867,-3.901960537690269e-06,-5.6289915804765345e-05,-3.171107734432938e-05,0.07682069853269163,-7.049771386641554e-05,-0.0001275806317033854,117.36956212529913
432,IN,1,31,0.0024510020506648277,0.0061768097895818315,0.0026043736235936616,0.0022976304777359937,0.0024180713305322348,0.39264399033100944,0.6073560096689904,0.011693089064013668,0.007559357405374872,-8.398468105306827e-06,-4.858469773663155e-05,-3.1409073565821265e-05,0.07634623127396566,-6.735575256645252e-05,-0.00011981932709657262,117.63129062531516
432,IN,1,32,0.0023618548325375333,0.005975270519829005,0.002540878130020345,0.0021828315350547215,0.002335273952502086,0.4257613941615628,0.5742386058384373,0.010747007355090548,0.00796822224776592,-1.2617123291010923e-05,-4.1929421355179424e-05,-3.108799845754615e-05,0.07564750185593071,-6.515349602443166e-05,-0.00011157932583779127,117.87610737513751
432,IN,1,33,0.0022776644182674723,0.005662713098827308,0.0024791793257582617,0.0020761495107766833,0.0022617287506271084,0.4604603256434208,0.5395396743565791,0.009831578881118179,0.008390582246963268,-1.7956451892292034e-05,-3.4819850760022306e-05,-2.9716368567214852e-05,0.0747448885107841,-6.372744211027876e-05,-0.00010318787240893225,118.11986937513575
432,IN,1,34,0.00219812770654479,0.005237749874628854,0.0024185864888688884,0.001977668924220692,0.0021986660147437715,0.5012208817296958,0.4987791182703042,0.00886166910852005,0.0089050512370531,-2.4045242822126946e-05,-2.7367199521397336e-05,-2.7501175113657434e-05,0.07366281434806844,-6.282437057995334e-05,-9.479321936123122e-05,118.37160650035366
432,IN,1,35,0.0021229836883389043,0.004801995702390878,0.0023586424437037727,0.0018873249329740363,0.0021471545739495906,0.5512836571110257,0.44871634288897444,0.007833865872086615,0.00962452626413416,-2.878859686140839e-05,-2.0914063412128738e-05,-2.5694587562064773e-05,0.07243608069442162,-6.23717528264809e-05,-8.660230851833575e-05,118.61537483334541
432,IN,1,36,0.0020518658097437767,0.0044811147360423855,0.002298911677147821,0.0018048199423397323,0.002105175069773588,0.6078934462453954,0.3921065537546047,0.006817946066361734,0.01057004707243356,-2.9943857051005423e-05,-1.6516372566278774e-05,-2.5605781241472555e-05,0.07112699692308881,-6.242905107527669e-05,-7.896115086409314e-05,118.88169608311728
432,IN,1,37,0.0019842050006135914,0.004338412001175829,0.002238884260741263,0.0017295257404859197,0.0020672790457589964,0.663095426584324,0.3369045734156761,0.005910010822711768,0.011632080585527858,-2.6619874684252583e-05,-1.419239067060052e-05,-2.793345679627198e-05,0.06981997097807809,-6.296264142256159e-05,-7.221946952818319e-05,119.13754095835611
432,IN,1,38,0.001919323531371276,0.004354057720453178,0.002178112863061952,0.0016605341996806001,0.0020275220228391177,0.709047433989992,0.29095256601000796,0.005186718081727883,0.01263996120437085,-1.9612521064771942e-05,-1.3368512263246905e-05,-3.25788820030304e-05,0.06859240572794273,-6.374502797279743e-05,-6.654234858829072e-05,119.40030070813373
432,IN,1,39,0.0018566319409183529,0.004472722997507729,0.002116411386374236,0.00159685249546247,0.0019822754006541717,0.7418271767331874,0.2581728232668126,0.004679697710048183,0.013446523519720368,-1.0697983981121554e-05,-1.3483767944801115e-05,-3.874391339742177e-05,0.06748597598696361,-6.444788930951202e-05,-6.185042502444276e-05,119.66101304115728
432,IN,1,40,0.001795768172981616,0.004644892775816879,0.002053926320563059,0.0015376100254001729,0.0019308312328073771,0.7615897679215254,0.23841023207847453,0.004372874128710683,0.013968931466576514,-1.6722111653415402e-06,-1.4164468725542887e-05,-4.52476991250406e-05,0.06650019238157147,-6.47992465841139e-05,-5.792087640735029e-05,119.93119250005111
432,IN,1,41,0.0017366007883195885,0.004829002690128963,0.001991051665023249,0.001482149911615928,0.0018744956138213556,0.7709655146175088,0.2290344853824911,0.004215185943475204,0.014188968070431384,6.22204274155391e-06,-1.5123417675070666e-05,-5.09077638293841e-05,0.06560742381755812,-6.467442607889871e-05,-5.4542248128406236e-05,120.2102267080918
432,IN,1,42,0.0016791301833196741,0.004982336073604139,0.001928276962672185,0.0014299834039671634,0.001815410240231169,0.7734935150790689,0.22650648492093106,0.004138636637092659,0.014132966661759361,1.235207677418874e-05,-1.6046464686778628e-05,-5.479682570457654e-05,0.06477494214416853,-6.408567625734418e-05,-5.160997861023017e-05,120.49005733337253
432,IN,1,43,0.001623370246369903,0.005062698419132226,0.0018660638682198119,0.0013806766245199945,0.0017556704305704716,0.7725662569789081,0.22743374302109187,0.004076557832702117,0.013847597917238923,1.648572539613546e-05,-1.6588166420387485e-05,-5.634809272937782e-05,0.06398141220033077,-6.31205726605838e-05,-4.911617044280942e-05,120.76840608334169
432,IN,1,44,0.001569278035495118,0.005039890478872889,0.0018047839761891195,0.0013337720948011166,0.001696812240344763,0.7707664283835486,0.22923357161645133,0.003980062624048247,0.013382414416215302,1.8617669377384127e-05,-1.6477427599112956e-05,-5.540308921577412e-05,0.06322182733795564,-6.18891945824752e-05,-4.705488097240568e-05,121.04636470833793
432,IN,1,45,0.0015167573366983694,0.004907259125898765,0.0017446972114934143,0.0012888174619033244,0.0016396199901303776,0.769506714308942,0.23049328569105795,0.003829015700430471,0.012783249984231155,1.8938277857096283e-05,-1.5647161799194242e-05,-5.22383809500507e-05,0.06250109998340808,-6.0512321210659626e-05,-4.535760246782458e-05,121.32453483343124
432,IN,1,46,0.001465687334665658,0.0046852265905849575,0.0016859296922004698,0.0012454449771308464,0.0015841494684502863,0.768935855733164,0.23106414426683605,0.0036334974577624524,0.012091562219027728,1.783973887836504e-05,-1.4273848749187406e-05,-4.750055071239141e-05,0.06182806674412192,-5.914647566887405e-05,-4.393050644304655e-05,121.60291525023058
432,IN,1,47,0.001415917452934224,0.00441413874814906,0.0016284341151206064,0.0012034007907478414,0.0015298647266101212,0.7680902111476857,0.23190978885231422,0.003424793792669945,0.011342990739491122,1.5845458190323463e-05,-1.2683810186043703e-05,-4.2009052279201615e-05,0.06121444986280658,-5.797312404256616e-05,-4.267550234217147e-05,121.84802845818922
432,IN,1,48,0.0013672694668050568,0.004138236193111114,0.0015719834724961718,0.0011625554611139415,0.0014759334299072732,0.7654043203721373,0.23459567962786265,0.0032383297697078646,0.010565546647985771,1.3471137439598719e-05,-1.118689713016556e-05,-3.6498964552842615e-05,0.0606706138668415,-5.711846615056919e-05,-4.14539160084923e-05,122.09490224998444
432,IN,1,49,0.0013195876533456203,0.003886975156462834,0.001516252949631869,0.0011229223570593718,0.001421709783661522,0.7596343438429056,0.24036565615709432,0.00309551011909746,0.009782827695828755,1.1090111613677294e-05,-9.94463717275253e-06,-3.1428316566749564e-05,0.06019734421858547,-5.656777830508849e-05,-4.0138106469304884e-05,122.34362604143098
432,IN,1,50,0.0012727855641827073,0.003665845080861866,0.0014609750261602224,0.0010845961022051924,0.0013671087697865836,0.7506070334988949,0.24939296650110507,0.0029967728639433487,0.009019495702035115,8.864581225256037e-06,-8.951701461040816e-06,-2.6942259730527715e-05,0.05977977088405208,-5.613278764540463e-05,-3.8719875856337096e-05,122.60196850029752
432,IN,1,51,0.00122688795845217,0.0034661883613683565,0.001406111227788666,0.0010476646891156738,0.001312483490972476,0.7387958127233978,0.2612041872766021,0.0029336484800670136,0.008297597506661473,6.787094987644955e-06,-8.131111160604005e-06,-2.299821814066622e-05,0.05938405089918852,-5.548569798684359e-05,-3.7193583846833064e-05,122.85802395828068
432,IN,1,52,0.0011821205146296146,0.0032859768840979345,0.0013519666680495424,0.0010122743612096866,0.0012582455044242782,0.7240998346499263,0.2759001653500738,0.0029084820008866896,0.007633309437318088,4.822592864231617e-06,-7.455908402496876e-06,-1.9568027567372904e-05,0.0589571372028493,-5.428067989482638e-05,-3.543778482271092e-05,123.10976016614586
432,IN,1,53,0.0011389326898729774,0.003139176178733363,0.0012991617767710005,0.000978703602974954,0.0012048216372188608,0.7056085715192837,0.2943914284807164,0.002938612948112193,0.007043379269791942,3.0221083762546343e-06,-6.982927559899752e-06,-1.6736946337030488e-05,0.058436206989323294,-5.231915569408143e-05,-3.339159139493689e-05,123.36598308337852
432,IN,1,54,0.001097838641110461,0.0030448495844855356,0.0012484511529809571,0.0009472261292399647,0.001152983113015598,0.6830673667820935,0.3169326332179066,0.003038580333801243,0.006548884052398682,1.5133779784240725e-06,-6.786379677174164e-06,-1.4626308591213135e-05,0.05776997891313939,-4.964741021428915e-05,-3.1245702767687004e-05,123.61622108332813
432,IN,1,55,0.0010591636256176901,0.003011154461367735,0.0012004814122233923,0.0009178458390119877,0.0011039531716603376,0.658471014578006,0.341528985421994,0.0032000260806342596,0.006169679617054328,4.1599692186470996e-07,-6.884928105776692e-06,-1.327420449981946e-05,0.05694356512141036,-4.6532217241630556e-05,-2.9400746583335687e-05,123.86592150013894
432,IN,1,56,0.0010228706467144476,0.003030660478649118,0.0011556043364404011,0.000890136956988494,0.001058902416079842,0.6357295553215873,0.36427044467841274,0.0033899823600597938,0.005916241654497734,-2.2478942629171375e-07,-7.223907446146236e-06,-1.2607257974160339e-05,0.05599144258041416,-4.333969576043535e-05,-2.824121189956665e-05,124.12965100025758
432,IN,1,57,0.0009885733953225813,0.003086538177779032,0.0011138183125530463,0.0008633284780921161,0.0010183527129734803,0.6188843360249975,0.38111566397500246,0.0035647286538147594,0.005788675025884355,-4.399086232120796e-07,-7.696686899587901e-06,-1.249846020959187e-05,0.05498733536690606,-4.039206872777732e-05,-2.7914792084206416e-05,124.40626450022683
432,IN,1,58,0.0009557088945628199,0.0031617217529070515,0.0010748355531695402,0.0008365822359560996,0.000982102747414392,0.6107806311377693,0.38921936886223085,0.003685307003250201,0.00578315037086024,-2.8760740264745173e-07,-8.183367262468742e-06,-1.2841709897464046e-05,0.05401602797981206,-3.7883186382796156e-05,-2.826434663025618e-05,124.68392583308741
432,IN,1,59,0.0009237555189501373,0.0032450519421480663,0.0010382103660288556,0.0008093006718714188,0.000949518731495728,0.6125474945061599,0.38745250549384014,0.0037288278685676094,0.005895133302660103,2.028396940434322e-07,-8.595547448715458e-06,-1.3589229593207979e-05,0.05314425518231253,-3.587269329147202e-05,-2.8909189638495188e-05,124.94735704129562
432,IN,1,60,0.0008923951851323866,0.003331571917202155,0.0010034621113800607,0.0007813282588847125,0.0009197588772634499,0.6231856010404196,0.3768143989595803,0.0036953692761081116,0.006111499267958598,1.0490055742946446e-06,-8.905349723228072e-06,-1.472790247683799e-05,0.052404580515817575,-3.432082781221111e-05,-2.940040331701048e-05,125.20474416622892
432,IN,1,61,0.0008615665365702758,0.0034176428819419776,0.0009701611630247315,0.00075297191011582,0.000891819025536662,0.6392909113190515,0.3607090886809485,0.00360809680623121,0.006394691921453484,2.2533993794187903e-06,-9.135342503453313e-06,-1.619072437459431e-05,0.05179703190646174,-3.313479448094594e-05,-2.9417205265927228e-05,125.45879658311605
432,IN,1,62,0.0008313805414475355,0.0034922797886250433,0.0009379671911916484,0.0007247938917034225,0.0008645796276954907,0.6557375446533769,0.3442624553466232,0.0035016649625819254,0.006669833288821204,3.6572007264282897e-06,-9.299466090877714e-06,-1.7713256169278357e-05,0.05130478097010889,-3.221722084927591e-05,-2.8957856179218842e-05,125.70893900003284
432,IN,1,63,0.0008019269474363892,0.003528342667188057,0.0009066241004535422,0.0006972297944192364,0.0008370154101466152,0.6675712361752434,0.3324287638247566,0.0034007062950390373,0.006829173502100767,4.824852632225442e-06,-9.324249834688582e-06,-1.8724616116044727e-05,0.050911299899050085,-3.149115224110642e-05,-2.835247757096653e-05,125.96626216638833
432,IN,1,64,0.0007731231360924278,0.0034867569605817514,0.0008759474304336563,0.0006702988417511993,0.0008084186411167995,0.67163018355974,0.32836981644026003,0.003307645284369433,0.006765282002999532,5.185430343272992e-06,-9.05072047069778e-06,-1.8511862987226008e-05,0.05060338851771673,-3.087130440948233e-05,-2.7958142355541613e-05,126.22038675006479
432,IN,1,65,0.0007447793894456929,0.003345679805742641,0.0008458524018548261,0.0006437063770365597,0.0007783876274535632,0.6662572293374793,0.3337427706625207,0.0032191737967833013,0.00642649969718585,4.482081255029297e-06,-8.400339140548548e-06,-1.676976154469726e-05,0.05035669506294496,-3.0222192737785746e-05,-2.78071519539847e-05,126.47345120832324
432,IN,1,66,0.000716813305337892,0.003132033025188782,0.0008164033415762541,0.0006172232690995298,0.0007467646300531353,0.650373098788502,0.3496269012114979,0.003150484416487818,0.005860505314482603,3.1068233505354496e-06,-7.541541070153666e-06,-1.4028712946403264e-05,0.050122651708199795,-2.9403153465879398e-05,-2.7670993739498493e-05,126.73596404120326
432,IN,1,67,0.0006893286959796204,0.0029091987298050684,0.0007877880540245311,0.0005908693379347096,0.0007139688274130753,0.6251284383868102,0.3748715616131897,0.0031212511189118055,0.005204936937285588,1.8118927673362328e-06,-6.7693586867843874e-06,-1.1288449319919871e-05,0.04983946857332708,-2.8385030980983675e-05,-2.7417607130674797e-05,126.98388441605493
432,IN,1,68,0.0006624667006290979,0.0027167587987568438,0.0007601890070564763,0.0005647443942017195,0.0006815066396416865,0.5974185920731312,0.40258140792686886,0.0031089511911800006,0.004613589219192748,1.000616249757412e-06,-6.177225205705711e-06,-9.166814742676203e-06,0.04946192833054039,-2.727926680556453e-05,-2.711497395347201e-05,127.24382583331317
432,IN,1,69,0.000636263875848347,0.002523381447243351,0.0007336701351485992,0.0005388576165480947,0.0006514531979377419,0.5779689221129735,0.42203107788702643,0.0030396358403497596,0.004162762275846413,3.990140426253052e-07,-5.508474318146233e-06,-7.543821132997763e-06,0.0489810319331272,-2.6200150945269105e-05,-2.6806108925482746e-05,127.5042384583503
432,IN,1,70,0.0006107158439696461,0.0022665354676659863,0.000708211438845222,0.00051322024909407,0.0006251538591528926,0.5740444488885492,0.42595555111145084,0.00285107800216754,0.0038422917513858267,-4.4993514725261745e-07,-4.474551610188339e-06,-6.0301867328449645e-06,0.048415040895141016,-2.5130083670572236e-05,-2.6345743851872238e-05,127.75786000024527
432,IN,1,71,0.0005859279210888769,0.00196560650540908,0.0006838304187337853,0.0004880254234439685,0.0006029700049510138,0.5870360014917517,0.4129639985082482,0.002572117116662835,0.003656312300802381,-1.435786199254736e-06,-3.290776821428712e-06,-4.677900432075227e-06,0.04778690706720685,-2.4022307474519246e-05,-2.5539766093926477e-05,128.0071495412849
432,IN,1,72,0.0005620927583001643,0.001757172035304236,0.000660564703225614,0.00046362081337471457,0.0005838606963173482,0.6105286284010322,0.38947137159896783,0.0023243130520033523,0.0036435531931096744,-1.9761829153778557e-06,-2.528672217830114e-06,-3.963903109205338e-06,0.0471186389316106,-2.2958032978314442e-05,-2.4422557274884927e-05,128.26018716627732
432,IN,1,73,0.0005393068466711987,0.0017285310818092195,0.0006383425261829178,0.0004402711671594796,0.0005649321181359606,0.6293739367019221,0.3706260632980779,0.0022077164364739795,0.0037490055944275884,-1.8723231153697338e-06,-2.373644288828894e-06,-4.030773867052061e-06,0.04643762567750093,-2.203356701643762e-05,-2.3255659746532776e-05,128.51105479104444
432,IN,1,74,0.0005175123466154256,0.001776696737099397,0.0006170186822985574,0.0004180060109322939,0.0005442074924773932,0.6341379203580344,0.3658620796419656,0.002200365796137563,0.0038138289471133686,-1.588896773096828e-06,-2.4889311885318245e-06,-4.3139908059189385e-06,0.04576370794689652,-2.1196884189477696e-05,-2.2179033072383417e-05,128.76799520803615
432,IN,1,75,0.0004966496596080845,0.0017931677549587975,0.0005965379963805784,0.0003967613228355905,0.0005217602679997662,0.6256933952603185,0.3743066047396814,0.002241148773790591,0.0037463191079189504,-1.5313391567199293e-06,-2.5695097804941616e-06,-4.295209537726725e-06,0.045095368522042836,-2.0311665657818006e-05,-2.1158827466840127e-05,129.02712687524036
432,IN,1,76,0.000476723936799493,0.001806700272811125,0.0005769642674523976,0.0003764836061465883,0.0004983187576583421,0.607715231574924,0.3922847684250759,0.0023256101835255187,0.0036027621895907127,-1.5325611253488324e-06,-2.685604791669074e-06,-4.1604545199149515e-06,0.04442697909615359,-1.9355918275379784e-05,-2.0271694373340462e-05,129.2837425833568
432,IN,1,77,0.0004576802665010615,0.0018602150350362054,0.0005583429143378799,0.00035701761866424305,0.0004752533067068816,0.5872867969572351,0.412713203042765,0.0024428834178934315,0.003476198888858704,-1.3536008123673843e-06,-2.9460903893151283e-06,-4.192257421209987e-06,0.043773465814383385,-1.8435038892350477e-05,-1.95982949201425e-05,129.54418791644275
432,IN,1,78,0.0004393924625616247,0.0019119803259208218,0.0005406207270204406,0.0003381641981028087,0.0004539730719933559,0.5720184698892239,0.42798153011077605,0.002533777860174011,0.0033865193533954246,-1.1144508987841287e-06,-3.1954114763254437e-06,-4.270825385574561e-06,0.043162721509395124,-1.761796545456862e-05,-1.9031407147232027e-05,129.79097350034863
432,IN,1,79,0.0004217727789148883,0.0019028866165503738,0.0005236972281653775,0.00031984832966439915,0.00043468209925349354,0.5633278886152199,0.4366721113847801,0.0025529511316107604,0.003293428944082211,-1.0479410357699138e-06,-3.213916396317306e-06,-4.146105717587092e-06,0.042605186724737815,-1.689794714890172e-05,-1.842438557845612e-05,130.04189937515184
432,IN,1,80,0.0004048179646633991,0.0017948873385919694,0.0005074851265431936,0.0003021508027836047,0.00041636614870835514,0.556240884784937,0.44375911521506295,0.002500058884412282,0.003133760903606396,-1.3087801982390696e-06,-2.8958861586409266e-06,-3.6299204318050352e-06,0.042069971990473826,-1.6200283620947363e-05,-1.7598596183807126e-05,130.29250258300453
432,IN,1,81,0.00038867114079652504,0.001587154226713657,0.0004919776478848719,0.00028536463370817814,0.0003980579692392562,0.5454319321565272,0.4545680678434728,0.0024090985183518416,0.0028906545632513235,-1.8838123487064805e-06,-2.309232729934953e-06,-2.7708265467543203e-06,0.04148494193142286,-1.541260519897022e-05,-1.6329340134912412e-05,130.56919437507167
432,IN,1,82,0.00037360273394520735,0.0013714629596634977,0.00047725305751830345,0.0002699524103721113,0.0003803431731611136,0.5325152830379382,0.4674847169620618,0.0023416034274788416,0.002667337704748315,-2.4680496028018303e-06,-1.7660625991789214e-06,-2.0117349097014488e-06,0.04078451834679502,-1.4594747117935431e-05,-1.4681061848327853e-05,130.82730745803565
432,IN,1,83,0.00035973705316372906,0.001253581797728117,0.00046328374178781345,0.00025619036453964467,0.00036427589018346465,0.5219168622388948,0.4780831377611052,0.0023394303497741675,0.002553924309689192,-2.82574294844568e-06,-1.5054766738653066e-06,-1.64350841880195e-06,0.0399775492090316,-1.3981971946460482e-05,-1.3056546765079106e-05,131.08448220836
432,IN,1,84,0.000346900106375982,0.0011746396631128247,0.0004498333318352382,0.00024396688091672585,0.000348381429588331,0.5071955542330466,0.49280444576695326,0.0023863699148109923,0.002456057817546569,-3.100934174892398e-06,-1.3602035020242198e-06,-1.3999248079128593e-06,0.039135317983884206,-1.3604167712713247e-05,-1.171140188425681e-05,131.3322498332709
432,IN,1,85,0.00033484989226561536,0.0010709926368876845,0.00043669005181840357,0.00023300973271282713,0.0003312735771667614,0.48244152839823384,0.5175584716017662,0.0024604556904984295,0.0022935109152141323,-3.3461990106317784e-06,-1.1887712403987097e-06,-1.1081117315283854e-06,0.03831652429360559,-1.331972570110091e-05,-1.0642068499807754e-05,131.575244625099
432,IN,1,86,0.0003234108004088716,0.0010033928474233176,0.00042377483822262697,0.00022304676259511625,0.00031480989296998874,0.45715144773846444,0.5428485522615355,0.002542620555924625,0.0021412282732413265,-3.415839380059523e-06,-1.1011637513573622e-06,-9.273278910535016e-07,0.03755240985999339,-1.3144825342993488e-05,-9.79705794564867e-06,131.82658795826137
432,IN,1,87,0.00031243333310353204,0.0009795612016579114,0.00041099722895906424,0.00021386943724799982,0.0003015028312116875,0.4445511878514539,0.5554488121485461,0.0025856630232319352,0.0020694248384744646,-3.4078597251820442e-06,-1.079223466290816e-06,-8.637520927282831e-07,0.03685606672316764,-1.313379293411704e-05,-8.96151134374235e-06,132.06856320798397
432,IN,1,88,0.00030186558742464697,0.0009662543728838895,0.00039823127656193533,0.00020549989828735858,0.00029188834293189867,0.4482323813482302,0.5517676186517698,0.002568099484411991,0.002086214030192358,-3.4700767019808287e-06,-1.0414770908662786e-06,-8.460513824629496e-07,0.03622523425016399,-1.3299059917718677e-05,-8.01797442418843e-06,132.34455466642976
432,IN,1,89,0.00029164012558451964,0.0009712731992253434,0.0003852956250770843,0.00019798462609195495,0.0002843045608339819,0.46083751199725276,0.5391624880027471,0.0025255646490851807,0.0021586719313208213,-3.5534760202111117e-06,-1.0235404052123445e-06,-8.748490932928431e-07,0.03567328652348684,-1.3677536676523117e-05,-7.256036380426497e-06,132.62334033334628
432,IN,1,90,0.0002815400811337668,0.0009593421541354201,0.00037197465299791416,0.00019110550926961943,0.0002756493126828042,0.467430771609049,0.5325692283909511,0.0025000303671038416,0.0021942520544644714,-3.6371787355281777e-06,-9.844638228812864e-07,-8.640542108317069e-07,0.035200745751180075,-1.4049976806918406e-05,-6.772736982502709e-06,132.90125845838338
432,IN,1,91,0.00027149790638977903,0.0009285881036569372,0.00035831904750961246,0.0001846767652699456,0.00026509884320477175,0.46314801267023725,0.5368519873297627,0.0025098820694574473,0.0021653023923553874,-3.700682507406715e-06,-9.308858536192512e-07,-8.030852885001351e-07,0.034756487381467006,-1.4081892086109149e-05,-6.327192345950707e-06,133.18004375044256
432,IN,1,92,0.00026167970940880396,0.0009167139314579732,0.00034466412755331254,0.0001786952912642954,0.0002545484066698407,0.4570322784782029,0.5429677215217971,0.002536792716995609,0.0021352948057868503,-3.7235670890441094e-06,-9.19370985050909e-07,-7.738622378636169e-07,0.034301903134688304,-1.38035642379692e-05,-5.947518319003116e-06,133.45870783319697
432,IN,1,93,0.0002521594299808948,0.0008981287396938563,0.000331265466052825,0.00017305339390896464,0.00024560747144273913,0.45858749304415874,0.5414125069558412,0.002529698392878519,0.0021427064008379413,-3.7959870207350887e-06,-8.794780116107546e-07,-7.449359062644125e-07,0.03385275755911957,-1.3464302613802267e-05,-5.746914055802815e-06,133.71913475031033
432,IN,1,94,0.0002428671319146563,0.0008672044777634732,0.00031816188874364424,0.00016757237508566836,0.00023849187446224466,0.47094580262508257,0.5290541973749173,0.002459344897231157,0.002189224019590663,-3.874873823142489e-06,-7.984396527807212e-07,-7.107434455529689e-07,0.033437952821859754,-1.32335645198603e-05,-5.640606246958589e-06,133.96129912510514
432,IN,1,95,0.0002337043464231758,0.0008477607321650965,0.0003052504503180197,0.0001621582425283319,0.00023211629833718784,0.48890192477621125,0.5110980752237887,0.0023342484132983098,0.0022328758363405463,-3.773981850165687e-06,-7.350127117315763e-07,-7.030923161727934e-07,0.03307525768807636,-1.3160896736723042e-05,-5.581291263180535e-06,134.22464887518436
432,IN,1,96,0.00022458731753560919,0.0008210975596906943,0.0002924059563775639,0.00015676867869365445,0.00022484772302598974,0.5019198666828704,0.4980801333171296,0.0021788823466879392,0.0021956794977625723,-3.435705011064966e-06,-6.716223517767192e-07,-6.767999338178245e-07,0.032758798104770705,-1.3105660374796129e-05,-5.50871376092327e-06,134.47215237515047
432,IN,1,97,0.000215549616137261,0.0008059295041596134,0.00027965246913633663,0.0001514467631381854,0.00021606248152010942,0.5040003319575792,0.49599966804242085,0.0020372191108539435,0.0020700802324990614,-2.9180791213124815e-06,-6.443670018550993e-07,-6.547608874804826e-07,0.032455878879262386,-1.2909396349626404e-05,-5.360107198539362e-06,134.73507966613397
432,IN,1,98,0.00020669674312962357,0.0008088778452495036,0.00026712712312942097,0.00014626636312982613,0.00020608937465465855,0.4949746429282172,0.5050253570717829,0.001941023554042641,0.0019023944582666884,-2.3838935148543095e-06,-6.60926148322275e-07,-6.477727893992478e-07,0.03213923626529727,-1.2583554072092861e-05,-5.187934560061749e-06,135.00277004111558
432,IN,1,99,0.00019810035618629733,0.0007673618052369883,0.0002549430860361118,0.00014125762633648283,0.0001953758721938367,0.47603489487873796,0.523965105121262,0.0018783146253029568,0.0017064939944776594,-2.0249326086161817e-06,-6.184884201467708e-07,-5.619115990560982e-07,0.031791710175338654,-1.2155428169528981e-05,-4.97542508456113e-06,135.30330500006676
432,IN,1,100,0.00018983650706280925,0.0006897035204680508,0.00024319587314531064,0.00013647714098030783,0.00018457987890747917,0.4507431540022179,0.5492568459977821,0.0018355935303162652,0.001506364869822961,-1.8043681207103655e-06,-5.276740666189709e-07,-4.330314220133943e-07,0.03139589430353144,-1.1645560610650617e-05,-4.74681801898624e-06,135.6463020001538
432,IN,2,1,0.006588388659855162,0.012309019852137273,0.005981883076662483,0.007194894243047841,0.006492640746326439,0.578934074295492,0.42106592570450796,0.01836062184169389,0.025244478264598844,-0.00015273528418446983,-0.0001308542513279126,-0.0001799147834947778,0.00412305943650581,-2.3568172656844356e-05,-5.567011974418678e-05,136.42781395837665
432,IN,2,2,0.006551042379264085,0.01162877298159082,0.005960348665128469,0.007141736093399702,0.006510791369902584,0.5340709646964864,0.46592903530351365,0.019701255913716312,0.022582556471752644,-0.0001731863259575577,-0.0001266014911840669,-0.00014511690709432471,0.060353645207910825,-2.7992303929606653e-05,-5.6687771957310664e-05,136.70528658339754
432,IN,2,3,0.006503066132930573,0.012703335354305043,0.005926519400921412,0.007079612864939733,0.006510229082138566,0.49378805844321405,0.506211941556786,0.021713031974149134,0.02118013231465381,-0.0001370856069205891,-0.00016340485190418453,-0.0001593944313400139,0.06820916153456329,-4.548980621246971e-05,-6.550138838769532e-05,136.98419050034136
432,IN,2,4,0.00644045369259196,0.014184111880217292,0.005873716773223231,0.007007190611960689,0.00647468232908132,0.4698020057282595,0.5301979942717404,0.023370905206872784,0.020708675363729258,-8.012931120550919e-05,-0.00021412108439027413,-0.00018973009328983488,0.07197515037566161,-6.859079952024257e-05,-7.54760721722531e-05,137.25044720806181
432,IN,2,5,0.006360494978578902,0.015845641946930108,0.005797128604030125,0.00692386135312768,0.006398100884784461,0.4666239343485144,0.5333760656514857,0.02431041322322738,0.021267959689951103,-1.2616549007159223e-05,-0.0002690436025970968,-0.00023537273687339818,0.07447537693001342,-9.196172769413208e-05,-8.855985842074354e-05,137.49859375040978
432,IN,2,6,0.006262407319672325,0.017505825099098152,0.005697473108282242,0.006827341531062408,0.006287176433666435,0.4780778774813773,0.5219221225186226,0.024604373141610524,0.02253747442537514,5.956786724845155e-05,-0.00032050626773893364,-0.0002935820299409519,0.07628633206562324,-0.00011221848177256019,-0.00010359631386194875,137.77389708301052
432,IN,2,7,0.0061473608878964935,0.019055018189083152,0.00557847746866586,0.006716244307127128,0.006151114151635784,0.49670120132489903,0.503298798675101,0.024476138826357803,0.024155288251929558,0.0001349908588015403,-0.00036550517415477834,-0.0003607138732916795,0.07761745465811982,-0.00012896272138706704,-0.0001188954564834968,138.0259654582478
432,IN,2,8,0.006017216992684928,0.020432848294563107,0.005443873963536754,0.006590560021833101,0.005996689005560984,0.5179020116058984,0.48209798839410156,0.024087214855259265,0.025876102634397307,0.0002127911222910705,-0.00040306977002662356,-0.00043300459603591514,0.07864259308776016,-0.00014212178831127812,-0.0001340953588236439,138.26852375036106
432,IN,2,9,0.005873807472501961,0.021604445210856946,0.0052972373656238,0.006450377579380123,0.0058294255932752805,0.5384878427594755,0.4615121572405246,0.023568604442420073,0.02749961569579161,0.0002909407614702254,-0.0004333914489852301,-0.0005056768771376744,0.07944243407956789,-0.00015179327682336165,-0.0001499222366653165,138.5103939580731
432,IN,2,10,0.00571841177944477,0.022531957487726798,0.005141881581346324,0.006294941977543216,0.005654169860809225,0.5557142703430218,0.44428572965697827,0.023031672384960435,0.028808102893760772,0.00036464519291820623,-0.0004567896987019517,-0.0005713542820975834,0.08008075454289881,-0.00015898601595586303,-0.00016677156696099266,138.77721258299425
432,IN,2,11,0.00555167320929962,0.023156353940381798,0.004980146920870135,0.0061231994977291055,0.005473552768877592,0.568343698272128,0.43165630172787195,0.02249763063521338,0.02962168407224688,0.000426433982321541,-0.00047173631857134633,-0.0006211153708005883,0.08068569781435425,-0.00016506049300379664,-0.0001830385631072121,139.06312566623092
432,IN,2,12,0.005374592229519283,0.023424656195456525,0.004813317816991492,0.005935866642047074,0.0052871348936815174,0.5779096052534147,0.4220903947465852,0.02186091377768791,0.029931105301099166,0.00047041592332903325,-0.0004747407837552094,-0.0006499964518320502,0.08130637945846378,-0.00016988589394782922,-0.0001972522498037295,139.34280150011182
432,IN,2,13,0.005189015978844134,0.023312388443075895,0.004642904001923304,0.005735127955764965,0.005094410687752772,0.5866171179991149,0.41338288200088524,0.021015035946558177,0.02982169886171377,0.0004938590482007219,-0.00046322161273998027,-0.0006573415090270896,0.08194829800067556,-0.00017268275692425115,-0.00020901425430423909,139.61850141640753
432,IN,2,14,0.004997350896997183,0.022811475995442535,0.004471141341480142,0.005523560452514224,0.0048964778173066215,0.5958487722552348,0.4041512277447653,0.01991785507762512,0.029365318423468133,0.0004955363211480044,-0.00043665730410177855,-0.0006437731737131792,0.08253666866279949,-0.00017280665053485657,-0.00021810531292604303,139.89814562536776
432,IN,2,15,0.004802409359859542,0.02192972435421932,0.0043008392774792166,0.0053039794422398675,0.004695961969674743,0.6061141741943887,0.39388582580561127,0.018593328933512593,0.02861154038485858,0.00047520657042091416,-0.00039671800357683523,-0.000610472348514234,0.08298726294840073,-0.00016987837399814936,-0.00022426321213476978,140.1744384584017
432,IN,2,16,0.004607267329216814,0.02070383588720991,0.004135075469091729,0.0050794591893418995,0.0044967854245494265,0.6169883621438544,0.38301163785614556,0.01713537640835574,0.02760315034834708,0.00043395827051298535,-0.00034737188474276204,-0.0005595767570455865,0.08322742589341087,-0.00016391880184079497,-0.00022717316465312583,140.45122329099104
432,IN,2,17,0.004415050581630334,0.01921901897720089,0.003976744191366867,0.004853356971893802,0.004303862648363201,0.6268381384997576,0.3731618615002424,0.015713604011646648,0.026395747540177036,0.0003747779202296958,-0.00029463003904807146,-0.0004949202056193624,0.08320079881218509,-0.00015550030188297666,-0.00022657344802665922,140.71580495825037
432,IN,2,18,0.004228580422652775,0.01761840598758572,0.0038279517935712482,0.004629209051734302,0.004122184514208794,0.6327862023838671,0.36721379761613293,0.014552552317101938,0.02507709235195392,0.0003029885941814078,-0.000245271016003517,-0.0004226532765904971,0.0828999056986446,-0.0001458651705195362,-0.0002225172994931755,140.96724095800892
432,IN,2,19,0.0040498416118000926,0.016072288035244683,0.0036893457228604344,0.00441033750073975,0.003954640177048047,0.632042330679644,0.367957669320356,0.01384437236221726,0.023780532665007206,0.00022614214212546765,-0.0002043521692685487,-0.0003510165220431495,0.08241645228530184,-0.00013675610473722508,-0.00021566796532737325,141.21675354102626
432,IN,2,20,0.0038794643709982634,0.014711841920296165,0.003559727533346006,0.00419920120865052,0.003799664825921112,0.6247894137927594,0.3752105862072406,0.013616141257554651,0.02267319000889855,0.0001529100597362326,-0.000173208994830677,-0.00028842242282609514,0.08191795341467673,-0.00012981992571149586,-0.00020732783533330604,141.4784549162723
432,IN,2,21,0.003716597732986198,0.013599121805535581,0.0034363759094755493,0.003996819556496847,0.003651952899950732,0.6153458217950152,0.38465417820498493,0.013687836855084765,0.02189694976795413,9.094089068076073e-05,-0.00015027006549123807,-0.00024039270123726508,0.08154888418428537,-0.00012587974168648539,-0.0001990822647936455,141.72387762507424
432,IN,2,22,0.0035593498569089247,0.012736445913097447,0.0033160620367813894,0.00380263767703646,0.0035063607533261784,0.6089020887995306,0.39109791120046944,0.013792062766507523,0.0214729242649317,4.4435384745905556e-05,-0.0001332045475628706,-0.0002073867564254354,0.08138884711007222,-0.00012470836948165332,-0.00019225319226407546,141.96931183338165
432,IN,2,23,0.003405543551210071,0.01204251614486372,0.0031961267574952485,0.003614960344924894,0.00336038428369917,0.6078215044501115,0.3921784955498886,0.013710668488846866,0.02124960762119994,1.2843470272304633e-05,-0.00011929669651167005,-0.00018489309937298078,0.08145886430105162,-0.00012528090154850492,-0.00018733285425056426,142.2261147503741
432,IN,2,24,0.0032535419964621363,0.011352692042163612,0.0030751956186056057,0.0034318883743186665,0.003213758114862023,0.6115354348046161,0.3884645651953838,0.013320486025431313,0.02096960686561934,-8.059780769541061e-06,-0.00010537706342837105,-0.00016588851101435875,0.081703488879363,-0.000126121316352754,-0.0001838279037494263,142.48555291630328
432,IN,2,25,0.003102868752946555,0.01050500634391788,0.002953484883521775,0.0032522526223713348,0.003067456474685813,0.6185277848173992,0.3814722151826007,0.012590418311248837,0.020414392550853228,-2.317404911060266e-05,-8.920792322881158e-05,-0.0001446437694458701,0.08201974425821967,-0.00012575428221793614,-0.00018043069320972671,142.74137462535873
432,IN,2,26,0.0029544692125223334,0.009437602863491422,0.0028326440867371353,0.003076294338307531,0.0029233174731511115,0.6278543287784011,0.3721456712215989,0.01156764342499322,0.019516000211170743,-3.5154728453326206e-05,-7.093074279051269e-05,-0.00011966866028107662,0.08227842208631865,-0.00012308780133235244,-0.00017552818998516642,142.99201183300465
432,IN,2,27,0.002810513860065886,0.008238625565133087,0.0027152275184093196,0.002905800201722452,0.0027839408602058353,0.6394376119288185,0.3605623880711814,0.010368631347938764,0.01838819879012825,-4.3462784541381606e-05,-5.307394336542425e-05,-9.412372650064756e-05,0.08234041931484085,-0.0001178027820109504,-0.0001680990784730248,143.24327766615897
432,IN,2,28,0.0026735683262490545,0.007146368209026732,0.002603776339644357,0.0027433603128537523,0.0026521707971975533,0.6532950277851864,0.34670497221481356,0.009172421475150887,0.01728356332528567,-4.5793859147146004e-05,-3.908691816630567e-05,-7.365135009852889e-05,0.0820830532511532,-0.00011069606270484532,-0.00015820644609268678,143.5000250004232
432,IN,2,29,0.002545497404045615,0.006459913664185788,0.002499708600195282,0.002591286207895948,0.002530076041819729,0.6683966486249872,0.3316033513750128,0.00817593371361837,0.016479829503841224,-4.059884701836882e-05,-3.1216856513704404e-05,-6.292229010306492e-05,0.08144490782925208,-0.00010338600032659775,-0.00014684363646369738,143.74532729107887
432,IN,2,30,0.0024267902791786796,0.00631497524532861,0.0024027699021227657,0.0024508106562345935,0.0024180238464384437,0.6824790826519869,0.31752091734801313,0.0075007889617506795,0.016122186886261165,-2.8915606015569893e-05,-2.921621582463092e-05,-6.279729959554849e-05,0.08045719431531273,-9.726881001389532e-05,-0.00013552380975199392,143.98770683305338
432,IN,2,31,0.0023165644586256684,0.006544302598266975,0.0023115161367681858,0.002321612780483151,0.002314609335859204,0.6936408594438443,0.30635914055615565,0.007126780156562415,0.01613604837737544,-1.4228074012008343e-05,-3.0871809175156536e-05,-6.989818619404556e-05,0.07922241718637864,-9.293299902350295e-05,-0.00012608359729566985,144.24161591613665
432,IN,2,32,0.002212639369966222,0.006866136743360131,0.0022239652470030617,0.002201313492929382,0.002217200201214999,0.7013456103197055,0.2986543896802945,0.0069422315371900425,0.01630280278030855,-6.411990475329144e-07,-3.3609559313438734e-05,-7.892707324507587e-05,0.0778949307885769,-9.070118008438309e-05,-0.0001201425941471141,144.5014605410397
432,IN,2,33,0.0021119658241901765,0.007065526150305204,0.002137883303665672,0.0020860483447146813,0.002122656385303334,0.7062422992032225,0.2937577007967776,0.00681971016392754,0.016395715833178268,8.499933822043154e-06,-3.5343153360375e-05,-8.497081037406169e-05,0.07662600783150651,-9.023606423357775e-05,-0.00011754773159192736,144.74970775004476
432,IN,2,34,0.0020122782390138262,0.0070093398855959835,0.0020517889750089916,0.0019727675030186613,0.002028835733563354,0.7095315884719721,0.290468411528028,0.006652861027733201,0.01625104440120963,1.10778416690387e-05,-3.4622028412867126e-05,-8.457175321294095e-05,0.07551654817952841,-9.010606589219339e-05,-0.00011621916293032055,145.00233575003222
432,IN,2,35,0.001913358498431992,0.006647812015507118,0.0019658562128032457,0.0018608607840607384,0.0019355796101916426,0.7116388496697904,0.28836115033020954,0.0063974420134155704,0.015788077797729932,6.6757008230164625e-06,-3.1050444065853854e-05,-7.662856897143363e-05,0.07458150199878023,-8.867447892469135e-05,-0.00011366944680949226,145.25266462517902
432,IN,2,36,0.0018169019784587967,0.006017288242899419,0.0018817414750465335,0.0017520624818710602,0.0018442968440542146,0.7112513748340752,0.2887486251659249,0.006093443921453346,0.015009492648207699,-3.3082280234843475e-06,-2.5453559092650145e-05,-6.26977146251854e-05,0.07375594808913685,-8.503655605226736e-05,-0.00010843851949297047,145.51817745808512
432,IN,2,37,0.0017254536819546619,0.0052343506384769775,0.0018017127696295806,0.0016491945942797431,0.0017567119384210008,0.7049477473398869,0.29505225266011315,0.0058577739803882065,0.013995570393620345,-1.6120152346315594e-05,-1.9432948548251992e-05,-4.6429787197873203e-05,0.07294187001020702,-7.922785662586916e-05,-0.0001005775148384489,145.7702932083048
432,IN,2,38,0.0016412694356529973,0.004485808127854688,0.0017278082894733242,0.0015547305818326704,0.0016738021824417482,0.6879661293890934,0.31203387061090654,0.005845871341708588,0.012888861943057635,-2.847796230619672e-05,-1.4624611372798049e-05,-3.2244054981164334e-05,0.07205718077085223,-7.188090799010519e-05,-9.128925175867604e-05,146.01551866624504
432,IN,2,39,0.001565586965750144,0.003992737282667313,0.0016613619827825746,0.0014698119487177135,0.0015958005493124762,0.6577320709434153,0.34226792905658454,0.006166312410320752,0.011849726741572215,-3.7661536755744e-05,-1.2118879185513398e-05,-2.3288701124209032e-05,0.07105991273317594,-6.387900880028625e-05,-8.222808654583475e-05,146.25722487503663
432,IN,2,40,0.0014983345496998848,0.003889642062837141,0.001602784989838448,0.0013938841095613216,0.0015228589564085845,0.6173973354069429,0.38260266459305725,0.00679919783821682,0.010971712998090511,-4.2574776349829315e-05,-1.2252494875945521e-05,-1.977157607237755e-05,0.06995033275305897,-5.622922966580569e-05,-7.483498352085579e-05,146.52408858342096
432,IN,2,41,0.0014381903266344593,0.004068299953649192,0.0015514462862546313,0.0013249343670142875,0.001454705120125178,0.5729091588032289,0.4270908411967712,0.007615188978832826,0.010215183963593074,-4.396928626224758e-05,-1.444475468627186e-05,-1.937651538778437e-05,0.06877272436792481,-4.9918738868851816e-05,-6.995631092036307e-05,146.7892905413173
432,IN,2,42,0.001382970683638453,0.004263961345119098,0.0015057793281694411,0.001260162039107465,0.0013897406107083836,0.5275629093366555,0.47243709066334466,0.008460479957942533,0.009447682049539247,-4.3458353999066114e-05,-1.7231467594576223e-05,-1.9242103035497892e-05,0.06760410075082252,-4.550455778660353e-05,-6.76848794349992e-05,147.04521133331582
432,IN,2,43,0.0013304059490636512,0.0042953575202996945,0.0014638709811292975,0.0011969409169980052,0.0013255882995517928,0.48195164142511593,0.518048358574884,0.009216826623840102,0.008574614023119901,-4.208239568038215e-05,-1.9141024369829697e-05,-1.7807310767232336e-05,0.06652165681063923,-4.271706840973153e-05,-6.717763786927175e-05,147.2980975410901
432,IN,2,44,0.0012790530858354824,0.004165700331026616,0.0014243140694925394,0.0011337921021784252,0.001260981814325254,0.4377972286319755,0.5622027713680245,0.009813658575525908,0.007642069278049135,-3.974495884924435e-05,-1.9818603354502657e-05,-1.5433096501542982e-05,0.06555577178982472,-4.06893953927516e-05,-6.702195999847662e-05,147.5448148334399
432,IN,2,45,0.0012286545550826628,0.004010203825391729,0.0013866336581939,0.0010706754519714257,0.0011971524563522155,0.40029662749678424,0.5997033725032156,0.01020872673451263,0.006814233619871386,-3.6069302348664954e-05,-2.008727230822804e-05,-1.3408074273502799e-05,0.06467417692397338,-3.866789127563103e-05,-6.609605357124272e-05,147.80384275037795
432,IN,2,46,0.0011797536659009819,0.0039252186625265565,0.0013510137010934635,0.0010084936307085,0.001136882411084166,0.37483578767039205,0.625164212329608,0.010371406220562226,0.006218484908864847,-3.161967564359888e-05,-2.0552121829673122e-05,-1.2322635593001199e-05,0.06380286150588782,-3.642517810469807e-05,-6.396689123253865e-05,148.04756629141048
432,IN,2,47,0.0011330839394216312,0.003839327588506925,0.0013177257824797096,0.000948442096363553,0.0010815150732413873,0.3603543342989077,0.6396456657010923,0.01030389820800174,0.005804861313893891,-2.7837657462829724e-05,-2.0452697427032287e-05,-1.152234520006787e-05,0.0628678291610834,-3.417316238014727e-05,-6.071442640539188e-05,148.29500237526372
432,IN,2,48,0.0010891297233576649,0.0036434096446245835,0.0012866806486535758,0.0008915787980617537,0.001029800581190241,0.34983835920141954,0.6501616407985804,0.010087294415941075,0.005427761814615767,-2.5570628260338143e-05,-1.8972238877470658e-05,-1.0208564305823023e-05,0.06184191343120493,-3.244845182369189e-05,-5.6782117574419384e-05,148.55283670825884
432,IN,2,49,0.0010477748944738748,0.003369939141152677,0.001257111655902965,0.0008384381330447844,0.0009797491007081881,0.3375206693241756,0.6624793306758243,0.009870865791429397,0.005029019132315608,-2.4246170745712428e-05,-1.6823399049622896e-05,-8.571203122282764e-06,0.06076865347540291,-3.200281922010275e-05,-5.298849813326615e-05,148.80304725002497
432,IN,2,50,0.00100810944640448,0.0031244626270483995,0.0012275094271364992,0.0007887094656724611,0.0009299964218078471,0.3219848872912111,0.6780151127087889,0.009770802940173639,0.004640089615211408,-2.2978739263189577e-05,-1.5159510730379323e-05,-7.1991512614078935e-06,0.05973726117603154,-3.3172329269928814e-05,-5.00152229665705e-05,149.05802637524903
432,IN,2,51,0.0009689540202656573,0.0029010866803094687,0.001196285321688516,0.0007416227188427986,0.0008794128528915727,0.3030601883382325,0.6969398116617674,0.009794214817786993,0.004258956853427899,-2.178956409891251e-05,-1.3885532066778658e-05,-6.0380421564678354e-06,0.05881230821793463,-3.5109534809704123e-05,-4.7523192118129394e-05,149.3094708751887
432,IN,2,52,0.0009299849545212602,0.0026237843507012125,0.0011629623088309313,0.000697007600211589,0.0008277051481129303,0.28049410271785336,0.7195058972821466,0.00988993849628837,0.00385552006582559,-2.1075209808112253e-05,-1.2271638248860775e-05,-4.784008265247755e-06,0.05796235309395392,-3.6199178958704616e-05,-4.446884146420066e-05,149.56684462539852
432,IN,2,53,0.0008921298002543391,0.002328530094022657,0.0011286340767582479,0.0006556255237504305,0.0007773292021305545,0.2572969930590507,0.7427030069409493,0.010027273562133138,0.0034737806525704587,-2.0645769303175277e-05,-1.053656386401061e-05,-3.650215730983475e-06,0.05707546231508137,-3.547229901384492e-05,-4.046448184830352e-05,149.81645225035027
432,IN,2,54,0.0008566912479725376,0.0021507947976046713,0.0010951049222070982,0.0006182775737379769,0.0007325308114151327,0.2396113353061054,0.7603886646938947,0.010190802576829071,0.003211294337558159,-2.00308928504781e-05,-9.652962067703667e-06,-3.0418116919625238e-06,0.0560575100942341,-3.328625070419242e-05,-3.620350347611979e-05,150.073781916406
432,IN,2,55,0.0008242933050940033,0.002135065216455526,0.0010636607089644595,0.0005849259012235471,0.0006954380017383787,0.2308420000549446,0.7691579999450554,0.010339543248029107,0.0031031346526983242,-1.9248043310535736e-05,-9.873644045349797e-06,-2.9633075901465743e-06,0.05490236783314669,-3.068659626476021e-05,-3.2607039482313294e-05,150.32466191612184
432,IN,2,56,0.0007946658388104098,0.002191439757573547,0.0010345805550042552,0.0005547511226165642,0.0006650251683966144,0.2298192614640433,0.7701807385359567,0.010410703321444338,0.0031065177677692605,-1.877509148557044e-05,-1.0448228273993855e-05,-3.117715083476995e-06,0.05367036386135598,-2.8502095130344444e-05,-3.001193467755014e-05,150.5977889583446
432,IN,2,57,0.0007671145963019021,0.002244254364087429,0.0010074364295990263,0.0005267927630047778,0.0006398171775557213,0.23515219778471938,0.7648478022152806,0.010358361909036265,0.0031846748612004254,-1.8986014047589895e-05,-1.0709399482918125e-05,-3.2926012444158156e-06,0.052425386393119416,-2.7071719189252743e-05,-2.8127218859824683e-05,150.8743476253003
432,IN,2,58,0.0007410129382793009,0.0022818962788984246,0.0009815457131964165,0.0005004801633621853,0.0006191782249502937,0.24673989153663187,0.7532601084633681,0.010174484325951033,0.0033327812409282855,-1.9901287482157313e-05,-1.0551700001208393e-05,-3.4563430142827635e-06,0.05119553547949899,-2.641358930704465e-05,-2.6407279249537922e-05,151.14093512529507
432,IN,2,59,0.0007160090190528013,0.002300165780444659,0.0009562268435688193,0.0004757911945367832,0.0006026103598879193,0.26396701744894785,0.7360329825510522,0.009878035241215659,0.003542606870471919,-2.1378252705928172e-05,-1.0021635787417716e-05,-3.594107018948443e-06,0.04997154290398465,-2.640142989154279e-05,-2.4385376078299322e-05,151.41467345831916
432,IN,2,60,0.0006920137133244353,0.0022812874362008015,0.0009309044022332434,0.00045312302441562717,0.0005895505627241313,0.285543858849565,0.714456141150435,0.009495378300706125,0.0037949802724827502,-2.327973923654001e-05,-9.11291243932763e-06,-3.64212165507289e-06,0.04872853737316581,-2.6859817134925196e-05,-2.1837480989629932e-05,151.67516420828179
432,IN,2,61,0.0006690861908656921,0.002227043309327511,0.0009051448263656524,0.00043302755536573175,0.0005798309377260456,0.3109468587103193,0.6890531412896806,0.00905156600414077,0.004084671916782452,-2.539854524077965e-05,-7.97519216336729e-06,-3.5989400558696137e-06,0.047455295277750435,-2.7642238335935352e-05,-1.882972132133856e-05,151.92414479143918
432,IN,2,62,0.0006472728297501,0.0021754898154928326,0.0008786291214595776,0.0004159165380406223,0.000573405611402494,0.3403604721492431,0.659639527850757,0.008571068414661286,0.0044224955741245485,-2.7365567636681928e-05,-6.9525640087221905e-06,-3.5873804839541273e-06,0.04618024949763406,-2.8656694894824918e-05,-1.5689197321820076e-05,152.17130025010556
432,IN,2,63,0.0006264695548184144,0.0021695465225205473,0.000851117770031921,0.00040182133960490763,0.000569401847021224,0.37298428402168055,0.6270157159783194,0.008078380562298476,0.004805476024444249,-2.875719747723167e-05,-6.30982633186147e-06,-3.753440299368635e-06,0.044977464745296805,-2.9776308612659805e-05,-1.2878839293545878e-05,152.42891916632652
432,IN,2,64,0.0006064127726336439,0.002211993218375424,0.0008225171756955241,0.0003903083695717637,0.0005658521013719873,0.4061549170517311,0.5938450829482689,0.007595524986440029,0.005194889895384784,-2.9314769307925006e-05,-6.023457790018171e-06,-4.119688904256784e-06,0.043936738161751004,-3.072251328413079e-05,-1.0787088148918832e-05,152.68865008326247
432,IN,2,65,0.0005868285533583603,0.002258232110763611,0.0007930426750492627,0.00038061443166745784,0.0005605723677068792,0.4363375664183736,0.5636624335816264,0.007138390866849444,0.005525910391424322,-2.907881306813519e-05,-5.843654842675421e-06,-4.523640358361204e-06,0.04311044741643575,-3.1100505740680776e-05,-9.54072442022872e-06,152.9341177912429
432,IN,2,66,0.0005676185123853286,0.0022475400353651454,0.0007633025929491691,0.00037193443182148816,0.0005522840369499633,0.46081828580234807,0.5391817141976519,0.006712493792809546,0.005736915406458841,-2.8343713312946083e-05,-5.480941583919476e-06,-4.684354158862864e-06,0.0424784552155471,-3.06140429967212e-05,-8.977511829278647e-06,153.18626320827752
432,IN,2,67,0.0005489155800093482,0.0021404682624576684,0.0007341520588017457,0.0003636791012169509,0.0005411264529469184,0.47897518050113813,0.5210248194988618,0.006310877023775776,0.005801553685083309,-2.7433452258866465e-05,-4.782715857839383e-06,-4.3967237366880935e-06,0.04196137875461588,-2.9273689626144224e-05,-8.784425074644765e-06,153.43799487501383
432,IN,2,68,0.0005309703379686715,0.001954584706478288,0.0007063729073096903,0.0003555677686276526,0.0005284423872461126,0.492793860625713,0.507206139374287,0.005920384416013943,0.005752156502590874,-2.6412587537071994e-05,-3.876267218455147e-06,-3.7661229608851334e-06,0.04147114921675814,-2.7414937639925462e-05,-8.676466610578231e-06,153.68015729123726
432,IN,2,69,0.0005139692563585341,0.0017880413263518314,0.0006803805845087491,0.0003475579282083191,0.000516071801638796,0.506317314162543,0.49368268583745706,0.005533065570215092,0.005674671158143315,-2.5003123146931062e-05,-3.157201714531586e-06,-3.2380027459527366e-06,0.04096169534537237,-2.5529044103694708e-05,-8.515249369225131e-06,153.92758995806798
432,IN,2,70,0.0004979037909063265,0.0017606664509627768,0.0006561159811427064,0.0003396916006699466,0.0005053639409574403,0.5235764072286966,0.4764235927713035,0.005146106769394853,0.005655429610154526,-2.2889736413894085e-05,-2.9603571787678103e-06,-3.2533510079904038e-06,0.040448135312051,-2.4029291976003684e-05,-8.32462353738813e-06,154.1714870412834
432,IN,2,71,0.0004825630893547994,0.0018589973143872463,0.0006331611002219769,0.00033196507848762193,0.0004964569217095276,0.5461288707424634,0.45387112925753653,0.004746616948495584,0.0057114550515021244,-2.0139013066147917e-05,-3.1639702641985672e-06,-3.8071060176842134e-06,0.039984065029453314,-2.3059529183474832e-05,-8.186879115817263e-06,154.42702166642994
432,IN,2,72,0.0004676716375471807,0.0019422840072440418,0.0006110241337369271,0.0003243191413574343,0.000488696171291004,0.5733315927613654,0.4266684072386347,0.004306750060385173,0.005787154215907817,-1.7213032561961404e-05,-3.2899522827849507e-06,-4.42084192407295e-06,0.03961444963851457,-2.2443531097388617e-05,-8.09440294626519e-06,154.67954129120335
432,IN,2,73,0.0004530925844427,0.001909448679798447,0.0005894388530288253,0.00031674631585657475,0.00048166870211660204,0.6047924448913377,0.39520755510866223,0.0038062183493499926,0.005824716839385135,-1.4543132821131868e-05,-3.014252485775598e-06,-4.61275880692813e-06,0.03933992028530439,-2.1834674466746167e-05,-7.919777761196838e-06,154.92844062531367
432,IN,2,74,0.00043892854205768226,0.0017644535901802866,0.0005684795577082919,0.0003093775264070727,0.0004754158629777833,0.6408222109910153,0.3591777890089848,0.0032606281001749974,0.00581740567572041,-1.2205333073516878e-05,-2.429142138414232e-06,-4.333921204440379e-06,0.03911785499467025,-2.0974837998933865e-05,-7.546850012666085e-06,155.17243975028396
432,IN,2,75,0.0004254222112282135,0.0015814277825096715,0.0005484182655186025,0.00030242615693782445,0.0004697173996503975,0.6800675179286839,0.3199324820713162,0.0027264246570909132,0.005795450456806293,-1.0053631834304398e-05,-1.838724659950394e-06,-3.908502530130683e-06,0.038894201228942306,-1.98670107167984e-05,-7.007137852556701e-06,155.4269886254333
432,IN,2,76,0.0004127424118001213,0.0014361362340515641,0.0005294548429594805,0.0002960299806407621,0.00046351559472911595,0.7175140318158095,0.2824859681841905,0.0022751507168436236,0.005778880184118324,-8.05997683784426e-06,-1.4372452602329472e-06,-3.6506012953730096e-06,0.03863677772422893,-1.8730068525561922e-05,-6.477084308310048e-06,155.67813945841044
432,IN,2,77,0.00040083997562273327,0.0013511835260981713,0.000511548280612646,0.0002901316706328205,0.00045541717416767427,0.7464909861546245,0.25350901384537544,0.0019541611825833146,0.005754287337417753,-6.4211002418936415e-06,-1.2228526231801823e-06,-3.600852083138645e-06,0.038345067088567865,-1.7787108999013938e-05,-6.152098183372997e-06,155.929568416439
432,IN,2,78,0.00038948074857425927,0.0013088006758591789,0.0004944694932294895,0.00028449200391902907,0.0004446343023610281,0.7626641263684322,0.23733587363156777,0.001771429720138327,0.005692379661195381,-5.351916542305855e-06,-1.1230102150510337e-06,-3.6087237527955503e-06,0.0380341902628872,-1.7102666910075226e-05,-6.120987122377378e-06,156.18269833317026
432,IN,2,79,0.0003783907164345582,0.0012955324799497577,0.00047796773407629323,0.0002788136987928232,0.0004312841716605238,0.7655906778422974,0.23440932215770258,0.001708217165609648,0.0055791089095044545,-4.854107834421376e-06,-1.0961499762086318e-06,-3.580071797391224e-06,0.0377155560417855,-1.6616042091450915e-05,-6.332080842509021e-06,156.43362862523645
432,IN,2,80,0.0003673750298612895,0.0013017311067737801,0.0004618692550175836,0.0002728808047049955,0.00041644999482091504,0.7596717676580508,0.24032823234194922,0.0017185306765276336,0.005432234174446825,-4.694779262887691e-06,-1.1152868557735012e-06,-3.5253949522074422e-06,0.03739639376168868,-1.6243022061764172e-05,-6.629153143063019e-06,156.6855902504176
432,IN,2,81,0.0003563665440455303,0.0013182038569351734,0.0004460897854601931,0.0002666433026308676,0.00040160555059378056,0.7521030551001537,0.24789694489984626,0.0017438838635059324,0.005290829146815696,-4.566583887528774e-06,-1.1552016686113391e-06,-3.5048060175586403e-06,0.03708570187760731,-1.5903526739308197e-05,-6.848241203823564e-06,156.93407066632062
432,IN,2,82,0.0003454083508137722,0.0013382802502645236,0.00043062437833543167,0.00026019232329211277,0.00038753653757729763,0.7471846434804628,0.25281535651953724,0.001751889753804564,0.005177632953686428,-4.330048210194511e-06,-1.1984949395543259e-06,-3.542098970775279e-06,0.03679256590318256,-1.5542872091436658e-05,-6.94299384479317e-06,157.1836080411449
432,IN,2,83,0.0003345704153055612,0.0013329247346045615,0.00041550890479542704,0.0002536319258156954,0.0003741212552056494,0.7443265259171924,0.25567347408280755,0.0017412182444205252,0.005069102030949845,-4.158399589077749e-06,-1.1934871902699733e-06,-3.4745261597712854e-06,0.03652357146771229,-1.5157839242592952e-05,-6.982091157445722e-06,157.43260579137132
432,IN,2,84,0.00032388264720292987,0.0012716725154946536,0.0004007720985542847,0.00024699319585157507,0.0003607017375031326,0.7394287490227615,0.26057125097723854,0.0017335759990904222,0.004919406601978848,-4.331563589877447e-06,-1.093513735300222e-06,-3.103087889779831e-06,0.03627599394463781,-1.4755729010590532e-05,-7.019906492150651e-06,157.67785387532786
432,IN,2,85,0.0003133571984160411,0.00118540963218302,0.0003864376117524805,0.00024027678507960169,0.0003463794778265973,0.7259311209594009,0.274068879040599,0.0017791801108244666,0.004712546045945449,-4.853028705167064e-06,-9.678576627319375e-07,-2.5635818283916245e-06,0.036026717902488584,-1.4306264765713397e-05,-7.054007070845717e-06,157.9291507503949
432,IN,2,86,0.0003030308433497474,0.0011462834444868947,0.0003725583794670482,0.0002335033072324466,0.00033081022822896493,0.6997725392738684,0.3002274607261315,0.001918086889139288,0.004470692086975003,-5.4480401197043195e-06,-9.38852027880517e-07,-2.1882837298206767e-06,0.03573846281895785,-1.3766946061587936e-05,-7.08502740485148e-06,158.17150429124013
432,IN,2,87,0.0002929577625820102,0.0011571897824297797,0.0003592228785073223,0.00022669264665669801,0.0003148819366260121,0.6654277196821989,0.3345722803178012,0.0021202029645205176,0.004216852103241206,-5.933202100638166e-06,-1.0061860611994158e-06,-2.0011941683990034e-06,0.03538549086784158,-1.3126902246072407e-05,-7.11656310903831e-06,158.44812908302993
432,IN,2,88,0.0002831898038232125,0.0011471398797523783,0.0003465264809857882,0.00021985312666063678,0.0002997736432802841,0.6309181362206878,0.3690818637793122,0.002317149530565148,0.003960995666920519,-6.352642920790333e-06,-1.0428689779001724e-06,-1.7827073514849594e-06,0.03496847262918039,-1.2411087054783082e-05,-7.146613592762766e-06,158.709675332997
432,IN,2,89,0.0002737584217619364,0.001085807311173572,0.00033453603084472925,0.00021298081267914355,0.0002860050322524509,0.6007493604579925,0.3992506395420074,0.0024765890396448924,0.003726504441898088,-6.771276366115135e-06,-9.812557404132458e-07,-1.4764879504644289e-06,0.03451103652501051,-1.167272931472686e-05,-7.206959018869003e-06,158.95145725039765
432,IN,2,90,0.000264644103191422,0.0010206415912483952,0.0003232615350705552,0.00020602667131228877,0.0002735266598566994,0.5757671939943809,0.424232806005619,0.0026173723811010008,0.003552288107310952,-7.16527704046714e-06,-9.046271380618311e-07,-1.2277566032602618e-06,0.03404776208907758,-1.0975568436336285e-05,-7.349571511580931e-06,159.19678345834836
432,IN,2,91,0.00025577810170558836,0.0009923712962738008,0.0003126570646007169,0.0001988991388104598,0.0002619900635137245,0.5546068484018382,0.44539315159816173,0.002768123960678635,0.0034468884407155937,-7.548036626549771e-06,-8.8783684560149e-07,-1.1055410103797928e-06,0.03360441745543216,-1.0340429777274052e-05,-7.552895361341656e-06,159.51620662538335
432,IN,2,92,0.0002471149162430103,0.0009710463598813883,0.0003026720690381091,0.00019155776344791144,0.00025101096830860384,0.5350634605049209,0.464936539495079,0.0029325909754153146,0.003374917095686405,-8.00206925299035e-06,-8.811394373193452e-07,-1.0140427272751212e-06,0.03318051858755335,-9.728695852104437e-06,-7.692657954799749e-06,159.79587079118937
432,IN,2,93,0.0002386945192641283,0.000927349383519035,0.0002932945546086575,0.0001840944839195991,0.00024055292585036317,0.5170183643152266,0.48298163568477337,0.003092594633727448,0.003310536262425062,-8.51619804611859e-06,-8.316695677262298e-07,-8.90279066091049e-07,0.032753603143722,-9.122071016614086e-06,-7.661574046031582e-06,160.07579408306628
432,IN,2,94,0.00023059631178336756,0.0008894890230786357,0.00028451307816067413,0.00017667954540606098,0.00023097184382240275,0.5034825163327415,0.4965174836672585,0.0032215481018405784,0.003266739235085307,-8.941499369935996e-06,-7.857181694612244e-07,-7.967400425999936e-07,0.03230250881886007,-8.578438989163617e-06,-7.4727223389838575e-06,160.35545258317143
432,IN,2,95,0.00022285111671217718,0.0008881643396986207,0.0002762535142592928,0.0001694487191650615,0.00022254773795378724,0.4971595024537778,0.5028404975462221,0.003294534128689841,0.0032573131166426625,-9.153606523026136e-06,-7.93342871270601e-07,-7.843798363115882e-07,0.03182315368376424,-8.158879728096909e-06,-7.1897496131540315e-06,160.62469537509605
432,IN,2,96,0.00021544380454112657,0.000904923664226371,0.0002683978139642756,0.00016248979511797752,0.00021512320986698252,0.49697289518172066,0.5030271048182793,0.003304131815596424,0.0032643647603287553,-9.14805775389725e-06,-8.238747485186809e-07,-8.139589598981036e-07,0.03132153561538053,-7.842403910867311e-06,-6.824606549129805e-06,160.87823450006545
432,IN,2,97,0.00020837602146395347,0.0009170455841671716,0.0002608589552366631,0.00015589308769124388,0.00020826556989535965,0.4989477382393275,0.5010522617606726,0.0032712991216748235,0.0032575589862192354,-8.974497194141202e-06,-8.427461826043228e-07,-8.392064736773902e-07,0.030798931193666296,-7.564498805208675e-06,-6.3815970708084936e-06,161.11981891607866
432,IN,2,98,0.00020166733882412294,0.0009267421538839967,0.00025360336777039533,0.00014973130987785057,0.00020160228049328203,0.4993736686057743,0.5006263313942257,0.0032282343195873297,0.0032201566601616125,-8.677715509849794e-06,-8.599282198673167e-07,-8.577765150643206e-07,0.03025018862742084,-7.291918785848975e-06,-5.925001505360352e-06,161.36623958311975
432,IN,2,99,0.00019531072747213974,0.0009337511839085294,0.0002466181532494495,0.00014400330169482992,0.00019505975085188238,0.49755418814669594,0.5024458118533041,0.003184789151852114,0.003153783240869824,-8.300310379717389e-06,-8.761772026261354e-07,-8.676470704716919e-07,0.02967490113558677,-7.026356175756666e-06,-5.528529631464516e-06,161.623121291399
432,IN,2,100,0.00018926578729799322,0.000920073950524167,0.00023988642741476837,0.0001386451471812181,0.00018889558118594585,0.4963433284210418,0.5036566715789582,0.003118897530124645,0.003073609600470756,-7.893110683821997e-06,-8.527726937784501e-07,-8.403900138751916e-07,0.029085966849579818,-6.778089883487925e-06,-5.202884773283203e-06,161.87351066619158
432,OOF,0,1,0.1218208399792756,0.03356892933941871,0.005981883076662483,0.23765979688188874,0.01425443984093041,0.9642928554198622,0.035707144580137844,0.02784539407832765,0.7519815678853767,-0.004575545545041156,-0.0005843002002250837,-0.01577937735214077,0.004123090209807761,-5.508806153194192e-05,-0.0016649119155964227,162.49215508298948
432,OOF,0,2,0.12096446059928168,0.03251551019251402,0.005929365467939874,0.23599955573062348,0.014326594470314459,0.9635014471332117,0.036498552866788235,0.028316897482547572,0.7475192729513345,-0.0061352062692963715,-0.000548654289116656,-0.014483566059978406,0.060925481365279296,-5.720213243202825e-05,-0.001735211101591737,162.7430413751863
432,OOF,0,3,0.12002230163560536,0.03380053403394755,0.005868013284678368,0.23417658998653235,0.014587914637782168,0.961806509947758,0.03819349005224204,0.02982964106569571,0.7511841135006966,-0.006857205971851137,-0.0005939220046670832,-0.014956424503460387,0.06857578869528427,-6.704389842235877e-05,-0.0019350277083011564,162.98734291642904
432,OOF,0,4,0.1189687405775044,0.03526786539544067,0.005796413452988388,0.2321410677020204,0.014807380482210562,0.9601891767264448,0.03981082327355522,0.03135315468264073,0.7562003823844364,-0.007439910580291614,-0.00064769649549241,-0.015621660484187278,0.0721314273158149,-7.745063339524652e-05,-0.002152111338265178,163.23060154123232
432,OOF,0,5,0.11779756169180282,0.03671694570582508,0.005714541336411887,0.22988058204719375,0.014953998469381568,0.9587829757635307,0.04121702423646939,0.032769951250862045,0.7622886891510994,-0.007923025648041556,-0.0007030444511652468,-0.01635409308335825,0.07445118995837857,-8.765627847953045e-05,-0.0023820533857953734,163.48999962536618
432,OOF,0,6,0.1165034497632006,0.03802917274943789,0.005622866693215312,0.22738403283318587,0.01501263651211606,0.9576581870381483,0.042341812961851674,0.03401367857341396,0.7692981353080314,-0.008333685118933305,-0.0007550804658598816,-0.017077893916700913,0.07614822725675258,-9.725238169656248e-05,-0.002622990251291804,163.74123633326963
432,OOF,0,7,0.11508190441073111,0.0391005155472977,0.005522211181114522,0.22464159764034772,0.014971658392299313,0.9568753483483177,0.04312465165168233,0.03502506979934576,0.777157022295986,-0.008695158575572855,-0.0007988764255989298,-0.017725943949796836,0.07754753413892998,-0.00010602640469948778,-0.0028699661065135834,163.99331400031224
432,OOF,0,8,0.11353154098148936,0.039835541942834084,0.005413565944009967,0.22164951601896876,0.014824669940407757,0.9564776162653092,0.04352238373469076,0.03575262772963861,0.7857241541392956,-0.00903165564932652,-0.0008295387026804843,-0.018230508829120418,0.07880261800310553,-0.00011376495645681936,-0.0031158121785405148,164.2452604160644
432,OOF,0,9,0.11185505693535779,0.04014100840071837,0.005298145401734211,0.21841196846898137,0.014570530306582036,0.9564909269075335,0.04350907309246648,0.036151573409790215,0.7947457737472053,-0.009372178447381401,-0.0008422978776370093,-0.018516833856724205,0.0799318764019145,-0.00012021685642490974,-0.0033512629298802304,164.50319916615263
432,OOF,0,10,0.1100599436209907,0.03992990319776173,0.005177397155466445,0.21494249008651495,0.014212522460213386,0.9569274125713717,0.04307258742862837,0.036181669041777366,0.8038344804809484,-0.00974273302061397,-0.0008330815631555052,-0.01850825855336125,0.08093819821645575,-0.00012551973885883302,-0.00355979147582118,164.75692404108122
432,OOF,0,11,0.10816149489928778,0.03913084302385046,0.005052552747611473,0.2112704370509641,0.013757432868134852,0.9577879476848951,0.04221205231510494,0.03580554871275887,0.8124249150769962,-0.010152694937811558,-0.0007993538024039679,-0.018137271132032846,0.0818735616525293,-0.000129601962467991,-0.003732872167708519,165.01262016640976
432,OOF,0,12,0.10617909633385988,0.03769203832695018,0.004924982610226595,0.20743321005749318,0.013215416614688485,0.959061248478802,0.04093875152119797,0.035001654638572514,0.8199744581637135,-0.010608390485457224,-0.0007406668528697634,-0.017351405458769942,0.08267211570159305,-0.0001318574017326395,-0.003867812938231465,165.2633743332699
432,OOF,0,13,0.10413403032089519,0.03560042731792941,0.004796721677758116,0.20347133896403227,0.012604029774795907,0.9607030419704392,0.0392969580295609,0.033789305532987035,0.8260560165290727,-0.011126434693701769,-0.0006596161195761949,-0.01612580831658506,0.08326724663891945,-0.0001318654489340412,-0.003956274931631252,165.51372229121625
432,OOF,0,14,0.10205173642839283,0.03291628057306876,0.004670090145318096,0.19943338271146754,0.011951611089896709,0.9626134840470233,0.037386515952976686,0.03224785378447705,0.8303052074592386,-0.01172250832126316,-0.0005627811913717469,-0.014490271414000501,0.08364353042977093,-0.00012985919032610963,-0.003986374673236819,165.76325291628018
432,OOF,0,15,0.09996312361222148,0.029799293915562037,0.004546925017567536,0.19537932220687543,0.011296625334505511,0.9646302178437648,0.03536978215623522,0.030522059846241793,0.8324196374313921,-0.012393824159709464,-0.00046027892421356646,-0.012553058906944813,0.08371479248558257,-0.00012657607045100767,-0.003952052238843105,166.00307241640985
432,OOF,0,16,0.09790115882712835,0.02650846764330115,0.004428133417111826,0.1913741842371449,0.010683208833491787,0.966540745905344,0.033459254094656006,0.028810262535130443,0.8322448719764282,-0.013112866242716872,-0.0003635122780766665,-0.01050081473436338,0.08339810087976438,-0.0001228465075441956,-0.003859732067948066,166.24690700042993
432,OOF,0,17,0.09589442075826832,0.02336968594278682,0.004313715573030926,0.1874751259435057,0.010154353428397763,0.9681120720595394,0.03188792794046062,0.027333669919559798,0.8298455726638944,-0.013837195758911644,-0.0002820655979956108,-0.008563463610495712,0.0827622741903389,-0.00011928245343229689,-0.0037282012922020334,166.50411812542006
432,OOF,0,18,0.09396113359407716,0.020694873681475545,0.004203077132583919,0.1837191900555704,0.009740571464455675,0.9691532183840935,0.030846781615906396,0.02627488457665779,0.8255120183107711,-0.014527260842129765,-0.00022095463780552317,-0.006942017517824039,0.08196826120797941,-0.00011621122623639696,-0.0035840123857901335,166.94494954124093
432,OOF,0,19,0.09210563269462456,0.01867149253106545,0.004095373042662594,0.18011589234658654,0.009447150131727157,0.9695957203726687,0.030404279627331256,0.025704183017881452,0.819709138163892,-0.015157024672795191,-0.00017977834782709087,-0.005733150688172275,0.08119969613931449,-0.00011383077501539362,-0.003452052627592099,167.39820370823145
432,OOF,0,20,0.09031964840253988,0.017281875108463404,0.003989692815649057,0.1766496039894307,0.009249086746548715,0.9695389978186304,0.030461002181369674,0.025541526755660043,0.8129576993558681,-0.015707771094842015,-0.00015402330795176404,-0.004902386426523958,0.08059349710929233,-0.00011220007241599984,-0.0033504021292612724,167.75643737521023
432,OOF,0,21,0.08858607968118494,0.016327820262230612,0.003885241967649139,0.17328691739472074,0.009100851326160356,0.9692115833839167,0.03078841661608339,0.025595580003875115,0.8057423976206183,-0.016156397475241266,-0.00013753328947272084,-0.004329513236098702,0.0802089023097736,-0.0001112976076885728,-0.0032834856034967717,168.0517966663465
432,OOF,0,22,0.08688638060184983,0.015550990218354509,0.0037814345844936043,0.16999132661920607,0.008953705729667975,0.9688810871491683,0.031118912850831744,0.025645361735031343,0.7984631750240186,-0.016466444503129413,-0.00012480029798234938,-0.0038856321544808374,0.08001532479470445,-0.0001108595052293863,-0.0032383676420703225,168.33196620829403
432,OOF,0,23,0.08520973500307963,0.014751121153980093,0.0036780917912879233,0.16674137821487134,0.008769027142138952,0.9687793895087672,0.0312206104912328,0.02550509189201066,0.7914261432986932,-0.0165882859830318,-0.00011230398667426947,-0.003484806540866697,0.0798722426226446,-0.00011019559985549724,-0.003200276591274726,168.60898800008
432,OOF,0,24,0.08355339480521232,0.013843323426342986,0.003575730758047046,0.1635310588523776,0.008522878452811682,0.9690716917422898,0.030928308257710244,0.025050994416940274,0.7849187655907126,-0.01646602486317891,-9.887689688973995e-05,-0.0030980938544959446,0.07958564582654214,-0.00010864398906056584,-0.003159749192521386,168.85395845817402
432,OOF,0,25,0.08191908954264654,0.012847447115510866,0.0034754173824126443,0.16036276170288044,0.008203186451582408,0.9698651979249994,0.03013480207500059,0.024212977078776017,0.7792758601305702,-0.01604485337215125,-8.509270037680659e-05,-0.002738642466856908,0.07900727117950479,-0.00010594240559750514,-0.0031129536820905467,169.11540145799518
432,OOF,0,26,0.08031004704912612,0.01183918412963308,0.0033782972366112477,0.15724179686164097,0.007805989881451149,0.9712232423178316,0.028776757682168478,0.022958804286184853,0.7748657644077122,-0.01528242396081382,-7.215966152171563e-05,-0.0024354078107661475,0.07811498040412569,-0.00010234255348304431,-0.0030596982845379115,169.37790808314458
432,OOF,0,27,0.07872960799140477,0.010905435034376071,0.003285037645360307,0.15417417833744923,0.007334854898523994,0.9731603133625903,0.02683968663740967,0.021293791529944022,0.7720758113872646,-0.01416378241303295,-6.110427627184042e-05,-0.0022155346836880002,0.07700038327007244,-9.857802859814118e-05,-0.0030004016193840447,169.6426997082308
432,OOF,0,28,0.077181072604507,0.010127500558386987,0.0031953542735949376,0.15116679093541907,0.006802793294395261,0.9756207069270754,0.024379293072924694,0.019273843455706714,0.7713086971476539,-0.012709965516121241,-5.25646221076954e-05,-0.0021035529466200444,0.0757921794055889,-9.567798883375485e-05,-0.002933877115621366,169.89729625033215
432,OOF,0,29,0.07567012341438059,0.009577218169657625,0.0031078352698830376,0.14823241155887815,0.006235083043749573,0.978451287481184,0.02154871251881599,0.017016849208132442,0.7726753049413836,-0.010973354069335538,-4.687157605226407e-05,-0.002128273505647475,0.07461245526161925,-9.468680564148296e-05,-0.0028474313686901466,170.14899804117158
432,OOF,0,30,0.07420959405599122,0.009304614193701972,0.003020148152817077,0.14539903995916537,0.005667324685449453,0.9814075211637914,0.018592478836208678,0.014693807482133243,0.775615414412324,-0.009024386451364745,-4.410799969770724e-05,-0.002328249128487228,0.07353204604765506,-9.616745030188289e-05,-0.0027273584997356227,170.4081666660495
432,OOF,0,31,0.07281523718533138,0.0093235372610564,0.0029296869263163985,0.14270078744434636,0.00513817883810562,0.9841992235619241,0.015800776438075866,0.012508751826748115,0.7791454985685168,-0.006951213829797841,-4.416196689512918e-05,-0.0027507618818285347,0.0725809511377139,-9.992562572244261e-05,-0.0025835353108044495,170.67681437544525
432,OOF,0,32,0.07149283582190673,0.009617451648096702,0.0028343154667915442,0.1401513561770219,0.0046815890904880215,0.986547382508813,0.013452617491186961,0.01066992456844669,0.7824786634618559,-0.00486428920050091,-4.6878324266727084e-05,-0.003437820790789349,0.0717776146368305,-0.0001051408744679009,-0.0024497351326702725,170.94465408334509
432,OOF,0,33,0.07023202710783316,0.010153642272069182,0.002732892562768454,0.13773116165289787,0.004317803336467364,0.9882597696668187,0.011740230333181308,0.009329550404131089,0.7853354722882315,-0.0028839325079286792,-5.2160603190347465e-05,-0.004390733761746124,0.07112035459144447,-0.00011064483202356111,-0.002353604670490404,171.1995739582926
432,OOF,0,34,0.06901473885690106,0.010867574863146245,0.0026255134879411045,0.135403964225861,0.0040452725615354726,0.9893073080330127,0.010692691966987244,0.008513235183477012,0.7876600025531831,-0.001123185487623726,-5.9690342145004676e-05,-0.005522659016584622,0.07057612845691583,-0.00011523540352172385,-0.002295249256461784,171.46176483342424
432,OOF,0,35,0.06782612737357302,0.011631931123781032,0.0025134862354315056,0.13313876851171452,0.003841728047298036,0.9898316636050808,0.010168336394919262,0.008106965564211428,0.7891685423804486,0.00032367895327895993,-6.834587467913538e-05,-0.006653095276037049,0.07008480784548843,-0.00011785348573401829,-0.0022602338804245826,171.73904112540185
432,OOF,0,36,0.06665516923187947,0.012301262386258166,0.0023991848763889947,0.13091115358736996,0.0036804557312481593,0.9900299492124294,0.0099700507875706,0.007949883487511644,0.7894265448675529,0.0013893540253997242,-7.642246399512769e-05,-0.007588780615050524,0.0695812110865775,-0.00011763546060031635,-0.0022417495672096962,171.98569916607812
432,OOF,0,37,0.06549290364669295,0.012820197256975072,0.0022858103817375874,0.12869999691164832,0.00354833151977548,0.9900128207704033,0.00998717922959674,0.007951726498631335,0.7882417046822776,0.002043547648372059,-8.300774205118488e-05,-0.008228422356769276,0.06901417567469459,-0.00011411520847671288,-0.0022323275436862498,172.2589750410989
432,OOF,0,38,0.06433579523804789,0.013267846980801308,0.002176794934946506,0.12649479554114926,0.0034491949042409313,0.9897649579056137,0.010235042094386287,0.008124751330770036,0.7856923386083419,0.0023050331568977246,-8.892806423378425e-05,-0.008599659966347888,0.06835885504922252,-0.0001078568455741694,-0.0022214573444266305,172.52003008313477
432,OOF,0,39,0.06318598937076002,0.013750624381104271,0.0020744921900435736,0.12429748655147646,0.0033882629473582443,0.9892510344376799,0.01074896556231998,0.008496546238482785,0.7819559107185893,0.002246892165513908,-9.556708271611655e-05,-0.0087952496346732,0.0676244849328314,-0.0001012294738012167,-0.002201281543121074,172.77386345807463
432,OOF,0,40,0.06204858189013557,0.014171940822620757,0.0019785940253195236,0.12211856975495161,0.003344508179868018,0.988630643994615,0.011369356005384948,0.00893797766064794,0.7772083666366528,0.00198759194913277,-0.00010157681632664355,-0.008832686151473203,0.0668551411886658,-9.634649462426286e-05,-0.0021683230569471807,173.02203129138798
432,OOF,0,41,0.06092925659235839,0.014305342507138932,0.0018871503949354478,0.11997136278978134,0.003281512045791063,0.9881918029296483,0.01180819707035177,0.00922045474393823,0.7716315829552894,0.0016540366150664641,-0.0001035440810376389,-0.00866528662366149,0.0660904708124479,-9.33155185445634e-05,-0.0021237984312563406,173.26316754100844
432,OOF,0,42,0.05983300067756591,0.013923105019438461,0.0017983593820790806,0.11786764197305274,0.0031646937740959775,0.9882282860588375,0.01177171394116252,0.009118036354876638,0.7654536530737388,0.0013524882644523656,-9.808100826349488e-05,-0.008233841492888352,0.06534983526661728,-9.115902547010542e-05,-0.002068999346728598,173.52205862523988
432,OOF,0,43,0.05876519694555495,0.012909678719655086,0.0017117262167179702,0.11581866767439193,0.002976609540333965,0.988914930963379,0.011085069036621067,0.008507377914035044,0.7589554034118853,0.0011448537182351436,-8.426397429471465e-05,-0.007517310180664258,0.06460105861388148,-8.804416006021196e-05,-0.0020009775940875185,173.7727760830894
432,OOF,0,44,0.057733785564263645,0.011382407598887805,0.0016284323429845134,0.11383913878554278,0.0027309749847875837,0.9901743543307298,0.009825645669270185,0.007466473590488974,0.7524300097358385,0.0010403340076335186,-6.542241888035435e-05,-0.006592910385137163,0.0637722270526168,-8.326810828181169e-05,-0.0019145100531984475,174.01797045813873
432,OOF,0,45,0.05674907228131833,0.009655828331921752,0.001549950995041936,0.11194819356759472,0.0024650410315136956,0.9917110090238043,0.008288990976195749,0.006236139566008256,0.7461038718922195,0.0010182264374332967,-4.700715224857651e-05,-0.0056240271610437445,0.06281009148809896,-7.762240799235665e-05,-0.001809882928483426,174.2721837083809
432,OOF,0,46,0.055819700760495944,0.008175518977788872,0.0014768629585395234,0.11016253856245237,0.0022288159267487362,0.9930813976724073,0.006918602327592666,0.005155760192100506,0.7400468035595955,0.0010485396572842962,-3.36523827315888e-05,-0.004830391124636494,0.061729224661745984,-7.228474768632079e-05,-0.001701076174332752,174.53984337532893
432,OOF,0,47,0.05494626479461369,0.00735563165735899,0.0014086504357986658,0.1084838791534287,0.002066680597720661,0.9938545061280485,0.0061454938719514495,0.004539825410898803,0.7341844342647877,0.0010961824391961719,-2.7219938504646073e-05,-0.004402031651653171,0.060613681271798114,-6.80838506604893e-05,-0.0016123063821812595,174.78957320842892
432,OOF,0,48,0.05411821968312393,0.00719240998379267,0.0013441268142131075,0.10689231255203475,0.001978752610595848,0.9939873358130558,0.006012664186944255,0.004406106722406983,0.7283982850436076,0.0011184382065405106,-2.602184128062661e-05,-0.004301816945580241,0.059556718606815766,-6.516735621742465e-05,-0.0015591922962631087,175.03816412528977
432,OOF,0,49,0.05331724546433978,0.007177232134302898,0.0012821446068277224,0.10535234632185184,0.0019147718182380316,0.9939211493685519,0.006078850631448136,0.004418794504296635,0.7224940336274857,0.0010704007436250645,-2.591385702095012e-05,-0.004237039551784357,0.05860105819952626,-6.297083409048273e-05,-0.0015375690118341336,175.28661625040695
432,OOF,0,50,0.05252742219010155,0.006836060541771985,0.001222263954198709,0.10383258042600439,0.0018292071423533427,0.9940849691432205,0.005915030856779435,0.004262129021096996,0.7162969220296701,0.0009208068923698849,-2.350489403891143e-05,-0.003950251897436082,0.057725043306690794,-6.050438292730137e-05,-0.001525493896314157,175.5342505001463
432,OOF,0,51,0.051744238386229255,0.006086784872955237,0.0011650392004693855,0.10232343757198913,0.0017156666141342311,0.9945567800347869,0.00544321996521319,0.0038843755055029674,0.7097328456113056,0.0006649769777984076,-1.8625859696185885e-05,-0.0034032199990456967,0.056861301994193515,-5.692041727419199e-05,-0.0014998314479617348,175.7860669582151
432,OOF,0,52,0.05097500405984225,0.005220365407240585,0.0011117468447635215,0.10083826127492097,0.0016038070512719431,0.9950659038940639,0.004934096105936113,0.0034851261017069574,0.7028501431919072,0.0003257941187171634,-1.3693673393122048e-05,-0.002761621824950629,0.0559386073928298,-5.19871233992991e-05,-0.0014502651815551922,176.0282562081702
432,OOF,0,53,0.05023242139737303,0.004669912677893259,0.001063647358036202,0.09940119543670986,0.0015358391775844723,0.9951982551042406,0.004801744895759443,0.0033571415495051975,0.695793192836227,-5.406962320602713e-05,-1.0956653263456503e-05,-0.002270849961063896,0.05493219754262644,-4.647506640378105e-05,-0.0013850140573600056,176.2747290832922
432,OOF,0,54,0.04952457638040603,0.004522671784260975,0.001020885357298516,0.09802826740351354,0.0015163532068124563,0.9948924727266849,0.005107527273315093,0.003535613166394635,0.6887001747591799,-0.00042230399969515723,-1.0279784312816685e-05,-0.0020023936215688683,0.05388243261484092,-4.201210425081532e-05,-0.0013196604289115207,176.53142162505537
432,OOF,0,55,0.048850977497844464,0.004403818198630042,0.000982025395022775,0.09671992960066615,0.001500496715603206,0.9945844717942982,0.0054155282057017215,0.0037115913355990214,0.681649318001238,-0.0007296979406085678,-9.74960663300813e-06,-0.001790556155368801,0.05285372006937681,-3.942431033606221e-05,-0.0012589195611313294,176.78089387528598
432,OOF,0,56,0.04820858889787261,0.004026265414085397,0.0009452913320026493,0.09547188646374258,0.0014536494774223642,0.994622062238556,0.0053779377614440235,0.003648116431200304,0.6747004612252195,-0.000946077737403084,-8.14923265837037e-06,-0.0015071588686726926,0.05187470980132334,-3.783640160405448e-05,-0.0011985163697072552,177.0302600003779
432,OOF,0,57,0.04759700199604749,0.003486083959389187,0.0009100254672443329,0.09428397852485064,0.001383631778463407,0.9949278541208715,0.005072145879128481,0.003405154678426025,0.6679388404613813,-0.0010703356007882893,-6.107368148140205e-06,-0.0011979920985630975,0.05092574808680273,-3.5952602701023614e-05,-0.0011381752721711168,177.27939187502488
432,OOF,0,58,0.047016389582747876,0.0031742521308601194,0.000876667341186488,0.09315611182430926,0.0013297242861565965,0.9950903806637785,0.0049096193362213976,0.0032635544550297705,0.661463022400419,-0.0011275215650876106,-5.06279468983956e-06,-0.001026136233814894,0.04998748555423979,-3.34599974208396e-05,-0.0010900093710193687,177.5331155830063
432,OOF,0,59,0.046460785281147575,0.0033246762560815686,0.0008456395154035476,0.0920759310468916,0.0013172444111904397,0.9948306106681231,0.005169389331876883,0.0034052622769581258,0.6553306266915278,-0.0011568897441664484,-5.555454410640371e-06,-0.0010691274634308985,0.04908233277252089,-3.1106671334531e-05,-0.0010696363587300226,177.78412616625428
432,OOF,0,60,0.04591603572910137,0.0036400882933501954,0.0008165824899786162,0.09101548896822413,0.0013230261946256534,0.9943852567129604,0.005614743287039549,0.0036675817138702785,0.6495380104876677,-0.0011956203004976171,-6.6625297860836805e-06,-0.0011799508994445509,0.04825072197622081,-2.9602865589352245e-05,-0.0010763576412757435,178.02624520799145
432,OOF,0,61,0.04536817906620683,0.003718835339151452,0.000788651408489559,0.0899477067239241,0.0013116517275023182,0.9941340751406299,0.005865924859370076,0.0038004725095553645,0.6440892636647136,-0.0012620681098369749,-6.955669574934017e-06,-0.0011788197608455923,0.04750340664411937,-2.8913092167451106e-05,-0.0010919170684219079,178.2699093753472
432,OOF,0,62,0.044812546778996036,0.0034447136856442817,0.0007611930266917091,0.08886390053130036,0.00127128834011696,0.9942102197778818,0.005789780222118232,0.0037215795970990872,0.6390626806554466,-0.0013476138814073205,-5.967577148178995e-06,-0.0010247411750392607,0.04680642466825924,-2.8559347351754617e-05,-0.0010950299549933394,178.52388425031677
432,OOF,0,63,0.044255340947532494,0.0029660507960503875,0.0007340156705582879,0.0877766662245067,0.0012125039682232867,0.9945028294219002,0.005497170578099929,0.0035077470600932102,0.6345927103038561,-0.0014213871782075339,-4.423042883580864e-06,-0.0008001804928338186,0.04611406116664958,-2.816760526767395e-05,-0.0010737181085063757,178.78491445817053
432,OOF,0,64,0.043708850987972385,0.0025282657674639245,0.0007072049536567873,0.08671049702228799,0.001151403778435256,0.9948350950981738,0.005164904901826259,0.0032748581171033963,0.6307848543754614,-0.001443714227542566,-3.212656963161894e-06,-0.0006188040159916354,0.045410714698591516,-2.7660130601949807e-05,-0.0010285085826558717,179.0395006253384
432,OOF,0,65,0.04318506762640443,0.002290819876843038,0.0006808562210506405,0.08568927903175821,0.001094076526206739,0.9951390663243307,0.004860933675669252,0.003065740278818629,0.6276238521679531,-0.0013816958311652526,-2.6367448961293215e-06,-0.0005397991474772209,0.04471403745610836,-2.7114265421911834e-05,-0.0009675499985412319,179.2933452501893
432,OOF,0,66,0.04269181578146494,0.0022386304206353205,0.0006549828515584107,0.08472864871137148,0.0010357596108191468,0.9954709152340799,0.004529084765920097,0.0028432381049352997,0.6249299769891495,-0.0012210538512991982,-2.5171333905900455e-06,-0.0005532537388021018,0.044048410222677956,-2.6579948094721808e-05,-0.0009002525249484334,179.54965475015342
432,OOF,0,67,0.042232130423153734,0.00227199368775315,0.0006295730785971924,0.08383468776771028,0.0009720221815617013,0.9958842782172221,0.004115721782777813,0.0025721072807532797,0.6223747225842368,-0.0009711208389668698,-2.5916441448552673e-06,-0.0006271020722039932,0.04342912183967507,-2.603442964470829e-05,-0.0008349429488853667,179.79762670816854
432,OOF,0,68,0.04180486852391755,0.0023318911044923137,0.0006046521050582889,0.08300508494277681,0.0009060721308621497,0.9963420091931133,0.0036579908068867188,0.002274563459940718,0.6195322097168835,-0.00066317106957908,-2.728840133727832e-06,-0.0007432654167655451,0.04286624852682106,-2.543249249792385e-05,-0.0007792302266337009,180.05185675015673
432,OOF,0,69,0.0414052129659919,0.0024144885495031,0.0005802901997584681,0.08223013573222533,0.0008464489316622708,0.9967402420645368,0.003259757935463193,0.00201438014334047,0.61593952417141,-0.00034361134397520234,-2.9244103476781865e-06,-0.0008942005926665856,0.042369263947785195,-2.4740505950997265e-05,-0.0007394561011674276,180.3059069160372
432,OOF,0,70,0.04102549588854144,0.002521946308814799,0.0005565919395696319,0.08149439983751325,0.000799732077916382,0.9969959633864395,0.003004036613560516,0.0018414169275153655,0.6111394366356632,-6.356168574903447e-05,-3.18968853341252e-06,-0.0010586111294106674,0.041938840528443606,-2.392948386271278e-05,-0.0007176628683833998,180.56142779113725
432,OOF,0,71,0.04065756111093923,0.002617980991087524,0.0005336958644037715,0.08078142635747469,0.0007651765576172373,0.9971154238033753,0.0028845761966246925,0.0017495147601142612,0.6047571749093795,0.00013341760299660728,-3.4368260213810226e-06,-0.0011880123807641875,0.04155211981197486,-2.2969369225675885e-05,-0.0007080053460933937,180.82762745814398
432,OOF,0,72,0.04029585292338144,0.00262671310589976,0.0005117705412528918,0.08007993530550998,0.0007358235722388488,0.9971841372532623,0.0028158627467376757,0.0016852066152906768,0.5967838122468953,0.0002228901208153037,-3.4595524953448064e-06,-0.0012251345966168162,0.04115811521093367,-2.1840121121304756e-05,-0.0007020469202499619,181.0799726662226
432,OOF,0,73,0.03993786790726096,0.0024674104783044505,0.0004909982760906569,0.07938473753843127,0.0007031385599751719,0.9973110631354524,0.0026889368645476104,0.0015837610744297917,0.5874077825021224,0.00020480588643954727,-3.0522645809754358e-06,-0.0011320672026025546,0.04068710968147227,-2.0519991152300527e-05,-0.0006898028810993378,181.3203743752092
432,OOF,0,74,0.03958961933278277,0.0021191377924301906,0.0004715788775502694,0.07870765978801528,0.0006633381895212443,0.9975489657746222,0.0024510342253777793,0.0014165317790522922,0.5765157403963643,0.00010168987769844602,-2.250889498852181e-06,-0.0009160918555949052,0.040068188202169515,-1.8976848107861408e-05,-0.0006482952852586701,181.56093341624364
432,OOF,0,75,0.03927011500271959,0.0017317278073498339,0.0004537218490242062,0.07808650815641498,0.0006277919740596729,0.9977577756343019,0.0022422243656981173,0.0012685637252641709,0.564492715418272,-4.586310860008321e-05,-1.5028102371049893e-06,-0.0006687290631183021,0.03926616603545058,-1.7291781546427782e-05,-0.0005670153718311643,181.81086908327416
432,OOF,0,76,0.03899086463206648,0.0016033999925306745,0.0004374954774796796,0.07754423378665329,0.0006215494345111233,0.9976129977604105,0.0023870022395895613,0.0013233959394642117,0.5530941565517166,-0.00019215516137635123,-1.2885214716623009e-06,-0.0005385188780739111,0.03832332535852812,-1.577621313826692e-05,-0.0004988968308736142,182.0535128330812
432,OOF,0,77,0.03874392145570312,0.0017649272387595704,0.00042263124372238643,0.07706521166768386,0.0006425037273733164,0.9971311967520579,0.0028688032479421742,0.0015625954874669756,0.543122889161173,-0.0003042156475392819,-1.561965049464817e-06,-0.0005429037631545288,0.03732907236363366,-1.4752191047215239e-05,-0.0004606855692897905,182.29543775040656
432,OOF,0,78,0.0385136814018904,0.00193542982372729,0.0004086207108915706,0.07661874209288923,0.0006578030474547762,0.9967303248958994,0.00326967510410064,0.0017550063615496205,0.5349975166486393,-0.00036422220176068296,-1.8790883095506684e-06,-0.0005728227550613773,0.036371449942333114,-1.4176636953496053e-05,-0.00045654220360317804,182.54336816631258
432,OOF,0,79,0.038282601351043166,0.0019577163245521573,0.00039510267970172165,0.07617010002238461,0.0006492643949475529,0.9966458366986617,0.003354163301338263,0.0017798927119901796,0.5288718830319123,-0.0003680846748489892,-1.9227759080966387e-06,-0.0005713277594279376,0.03549627381896022,-1.3713174491184896e-05,-0.0004771486590051315,182.80310933338478
432,OOF,0,80,0.038039243267461414,0.0018858762477917412,0.0003820298008120068,0.07569645673411082,0.0006227048990690467,0.9968043958102452,0.0031956041897549118,0.0016819281368707618,0.5246436231510558,-0.00032415679464866786,-1.7839654584860443e-06,-0.0005564721115004276,0.03470640274913581,-1.3204727801680679e-05,-0.0005060457020652921,183.0490314164199
432,OOF,0,81,0.037780783916726894,0.0018111878247877974,0.000369439154250034,0.07519212867920376,0.0005906537490337554,0.9970434824491313,0.002956517550868648,0.0015478068455927361,0.5219758384437708,-0.0002514981702793222,-1.6450643298934146e-06,-0.0005547745413680608,0.03399251573652826,-1.2686333211663546e-05,-0.0005303786023851739,183.30069445818663
432,OOF,0,82,0.03751018065944313,0.0017595383111179263,0.00035735102118964525,0.07466301029769662,0.0005607540045311809,0.9972626178769959,0.002737382123003989,0.0014282400148916835,0.5203257390475347,-0.0001760985559203199,-1.5522365988622604e-06,-0.0005654992487665949,0.033340561435716835,-1.2109587519611746e-05,-0.0005439268251859223,183.54853550018743
432,OOF,0,83,0.03723300281362837,0.0017194193232836384,0.0003458313996753902,0.07412017422758134,0.0005363162627504007,0.9974180066433209,0.002581993356678976,0.0013437740312632555,0.5190967715600898,-0.00012356277983191735,-1.4820279910679322e-06,-0.0005725039535120578,0.03273588360184405,-1.1517778470599506e-05,-0.0005460298694888718,183.79812612524256
432,OOF,0,84,0.03695492444418849,0.0016369680817376279,0.0003348599119492358,0.07357498897642775,0.0005141049581303574,0.9975526388542637,0.0024473611457363673,0.0012704116913615608,0.5178240805844471,-0.00010904668041703395,-1.3431193484212974e-06,-0.0005474599662775773,0.03216584377527775,-1.101127875742816e-05,-0.0005380123023667862,184.07978641614318
432,OOF,0,85,0.03668097366036208,0.0016169152562564078,0.00032436469975844916,0.07303758262096571,0.0005039464928158316,0.9975302730618801,0.0024697269381198195,0.0012783004004221685,0.5163094461199793,-0.00012939581909668987,-1.3104439115867032e-06,-0.0005292923087086411,0.03162236281965934,-1.0476035181604979e-05,-0.0005277634546972662,184.36087545799091
432,OOF,0,86,0.036412342707472206,0.0018427343491015245,0.000314382001930219,0.07251030341301419,0.0005210429920565968,0.9971374977133451,0.002862502286654796,0.00147750734064533,0.5146818499928254,-0.0001656138660419573,-1.7027089489391555e-06,-0.0005931296364704217,0.031123698138620523,-9.940071266933325e-06,-0.0005297760521485521,184.64009187510237
432,OOF,0,87,0.03614294003594678,0.0020581510546333753,0.0003048600478602053,0.07198102002403335,0.0005361831161225944,0.9967726637652005,0.0032273362347994983,0.0016620457921887645,0.5133279246569302,-0.0001947830964536849,-2.1248504888203393e-06,-0.0006562665702465367,0.030679681254360835,-9.57535313916232e-06,-0.0005421268520384248,184.91851820843294
432,OOF,0,88,0.035867645450600776,0.0019920723378933497,0.00029564675781667844,0.07143964414338487,0.0005199971267954012,0.996846531299572,0.003153468700428028,0.00162154395275073,0.5125880794155211,-0.00019998933688227078,-1.9904529307166284e-06,-0.0006292043106153617,0.03025295852463247,-9.284749686686336e-06,-0.0005479390664043753,185.1967865000479
432,OOF,0,89,0.03558986675421858,0.0017494396962522455,0.00028670278247547705,0.07089303072596169,0.0004822584493434706,0.9972303379517977,0.0027696620482022183,0.0014234034712899545,0.5125033668413128,-0.0001754532348585638,-1.5345197264601691e-06,-0.0005525113168246895,0.029802631039123766,-9.014157979591894e-06,-0.0005381300312960107,185.44559270842
432,OOF,0,90,0.0353174212784152,0.0015327950609596145,0.00027800003563472784,0.07035684252119567,0.00044396005324605554,0.9976318099482662,0.0023681900517338325,0.0012174467585645964,0.5128657695243778,-0.00012716360991821312,-1.1775189380859978e-06,-0.000496045639829892,0.029330143862487543,-8.7633600066104e-06,-0.0005177420745824364,185.69604608323425
432,OOF,0,91,0.035055357641609525,0.0013974809966775035,0.00026955081709278457,0.06984116446612626,0.00041286510784628756,0.9979400464753271,0.002059953524672832,0.001059790588355665,0.5134132670132638,-6.910361014742894e-05,-9.784922165276757e-07,-0.0004740284459536343,0.028848388949655933,-8.421228437812106e-06,-0.0004959177030724891,185.9372701253742
432,OOF,0,92,0.034804196478514945,0.0013441094323892243,0.00026143688975741026,0.06934695606727248,0.00039150854695794296,0.998117237031015,0.0018827629689850615,0.0009693512129301027,0.5138863310467702,-1.7449690905984458e-05,-9.050190194148228e-07,-0.0004797816283829877,0.028376799885920942,-8.095348944186793e-06,-0.00047822672575980636,186.17791349999607
432,OOF,0,93,0.03456189872658415,0.0013065451305241092,0.0002536064163002606,0.06887019103686803,0.0003752612478669385,0.9982270345829745,0.0017729654170256083,0.0009129983246630074,0.514042519642905,1.2948926506753575e-05,-8.550460561356234e-07,-0.00048141383969014145,0.027932711131531583,-7.863328648045734e-06,-0.0004626160016391099,186.4191039581783
432,OOF,0,94,0.03432746191740943,0.0012812233752288154,0.0002459934504857745,0.06840893038433309,0.0003647184356749151,0.9982582178742626,0.001741782125737395,0.0008963222932190009,0.5137043731522788,1.1599868206941206e-05,-8.221987597198425e-07,-0.00047122235122770126,0.027520134836198723,-7.631358508149146e-06,-0.0004463521716698023,186.66045262524858
432,OOF,0,95,0.03410118135474157,0.0012562635773072182,0.00023859121387066577,0.06796377149561247,0.00035889764825844687,0.998223608502963,0.0017763914970369565,0.0009126042334187151,0.5128278831202702,-2.3003765934477982e-05,-7.905033312303414e-07,-0.00044421462788500816,0.027141788388489723,-7.455519055013332e-06,-0.0004285061730021473,186.92907687509432
432,OOF,0,96,0.033883819228143035,0.0011493915546456639,0.00023134336750269522,0.06753629508878338,0.00034890230487652653,0.9982533389540096,0.0017466610459904864,0.0008950914607672096,0.5115635007898125,-7.905544630248872e-05,-6.617062494752349e-07,-0.0003781789686451769,0.026783565912525724,-7.295387929194291e-06,-0.00040677920282864674,187.18600816605613
432,OOF,0,97,0.03367736276884675,0.0011042242608589458,0.000224254932049647,0.06713047060564385,0.00034520464291487856,0.9981922500077528,0.001807749992247232,0.0009240359191693498,0.5102284592445405,-0.00013361313090836264,-6.107597099957523e-07,-0.0003372455327060317,0.02643869839429106,-7.1155461319643864e-06,-0.00038579973149357604,187.4306352501735
432,OOF,0,98,0.03348151672219679,0.0011064422875895921,0.00021732874077995612,0.06674570470361363,0.000343052827195197,0.9981102186158056,0.001889781384194274,0.0009640276378491674,0.5091625118190889,-0.00016632972217856044,-6.132662069446843e-07,-0.0003239037451647999,0.02610807394588962,-6.945555137484659e-06,-0.0003679203727639586,187.68305133329704
432,OOF,0,99,0.033294820312435,0.0010320283908378867,0.0002105809214775984,0.06637905970339239,0.00032962642413032317,0.9982008729104219,0.001799127089578223,0.0009165265590469992,0.5085119425892134,-0.00016953137701844546,-5.335011360939863e-07,-0.0002959998228210575,0.025773449011360288,-6.68818691686179e-06,-0.0003495672616962829,187.93086929107085
432,OOF,0,100,0.033117505720600536,0.0009673898548447244,0.00020409557022054375,0.06603091587098053,0.0003135902595014771,0.9983366249686577,0.00166337503134219,0.0008466475532592271,0.50814713755608,-0.0001484443111053324,-4.6870119148732885e-07,-0.00028130851841071526,0.02542696894128202,-6.397526783351607e-06,-0.00033283551312687163,188.19368008337915
432,OOF,1,1,0.1218208399792756,0.01961752598419958,0.005981883076662483,0.23765979688188874,0.011971473346576637,0.9741469086477114,0.025853091352288582,0.020172012750661217,0.7600833337294237,-0.007691914924164192,-0.00019753043525795418,-0.007442965340132872,0.004123081267870276,-3.316853714850807e-05,-0.001313448341464728,188.8526330003515
432,OOF,1,2,0.12115000784675671,0.01878422614138517,0.005950405199191416,0.23634961049432202,0.01210846148860977,0.9732722329422527,0.02672776705774732,0.020772180664262826,0.756403878203019,-0.008930129528893658,-0.00018126847750707045,-0.006600760006781439,0.060941531287969065,-3.7699510355258196e-05,-0.0013678658240695992,189.12933595804498
432,OOF,1,3,0.12041225055355474,0.020094437406245273,0.005906585707608604,0.23491791539950088,0.012461812657764727,0.97137597096626,0.02862402903373997,0.02237348058440163,0.7592593411972337,-0.009726154572205051,-0.00020784249700548467,-0.007053277059591341,0.06850833687031387,-5.152741469340053e-05,-0.0015116239130731606,189.40741037530825
432,OOF,1,4,0.11959147135909808,0.021758159813932646,0.0058483303723376855,0.23333461234585848,0.012796064105669,0.9694586694500549,0.0305413305499451,0.02403824598680898,0.7630344045481295,-0.010347402497483131,-0.000244165911042494,-0.007750440304400631,0.07197847225194613,-6.614153692855818e-05,-0.0016703742843805793,189.68323695799336
432,OOF,1,5,0.11868179133453743,0.02355982235093682,0.005775444949959397,0.23158813771911546,0.01307395350177164,0.9676789268915306,0.03232107310846945,0.025632219108875462,0.76741753585606,-0.010797073187386168,-0.00028680237513838147,-0.008586738864531268,0.0742584712664205,-8.076885804895014e-05,-0.0018416960846578487,189.93902579136193
432,OOF,1,6,0.11767769060893551,0.02532972579443182,0.005688270504154387,0.22966711071371665,0.013267610356485228,0.9661604647776578,0.03383953522234221,0.02704805955127047,0.7722554584654978,-0.011076016376646652,-0.00033203335895593423,-0.009479961893765876,0.07598411885978847,-9.478721633945598e-05,-0.0020241429304195258,190.18481083307415
432,OOF,1,7,0.11657462551646859,0.026900798009240223,0.0055877613148043945,0.22756148971813278,0.013353796009870533,0.9650137214393445,0.03498627856065551,0.02818447869942031,0.7774021643771515,-0.01119377684608224,-0.0003749443751196586,-0.010341953521569174,0.07747227661979231,-0.00010753043806083614,-0.0022147967567833528,190.43718150025234
432,OOF,1,8,0.11537010678925376,0.028100785314012305,0.005475550640987101,0.22526466293752043,0.013313601721214912,0.964338310490772,0.03566168950922797,0.028944806399101134,0.7827050844904276,-0.011174356410106676,-0.00040942796043348016,-0.011071462767627365,0.07876730654468458,-0.00011832399750675113,-0.0024075891149615337,190.71757762506604
432,OOF,1,9,0.11406520170075186,0.02877080728479302,0.005353923360798543,0.2227764800407052,0.013136923025578588,0.9642033476947918,0.03579665230520822,0.029250680300796913,0.7878838397487525,-0.011054927119675683,-0.00042924521772181066,-0.011561965973257574,0.07994159723052828,-0.00012669501530267264,-0.002591909007860627,190.97956675011665
432,OOF,1,10,0.11266665090257827,0.028781065777357694,0.00522557379993294,0.2201077280052236,0.012822583862283781,0.9646456910744997,0.03535430892550031,0.029046141041102414,0.792526728684886,-0.010875512934115839,-0.00042935440180005764,-0.011714975804308815,0.08101612606638121,-0.0001321059239103844,-0.0027602172146156774,191.22042675036937
432,OOF,1,11,0.11118501596162635,0.028043338957255134,0.005093712357432528,0.21727631956582016,0.012379908563491119,0.9656607282664658,0.034339271733534266,0.028313677364915683,0.7962139242867454,-0.010685679981165675,-0.00040719728826670005,-0.011450866896275943,0.08191620774206117,-0.00013413282470142477,-0.0029038005215966164,191.4663162501529
432,OOF,1,12,0.10963519151389382,0.026535616342220257,0.004961923069175588,0.21430845995861206,0.01183100912374548,0.9671879642403748,0.032812035759625234,0.027091839184253712,0.7985758939220795,-0.010540988246882085,-0.0003640134910149211,-0.01072988795666162,0.08256654657814465,-0.000132616344906105,-0.0030092267769136517,191.721356541384
432,OOF,1,13,0.10803854891893486,0.024329477640589976,0.004833854434869897,0.21124324340299983,0.01121252332436121,0.9690970022178779,0.03090299778212218,0.0254891111991138,0.7993211993999314,-0.010491466689391661,-0.00030539950124151133,-0.009577120744680699,0.08284533905398372,-0.00012770442045339597,-0.0030619906376217563,191.96519654104486
432,OOF,1,14,0.10642339540209116,0.02163423761891393,0.004712823674232329,0.20813396712994997,0.01058080476639214,0.9711535340305606,0.028846465969439402,0.02370987548092264,0.7982235809792697,-0.010572200755428479,-0.00024097128875654285,-0.008112609666769634,0.08257440838602864,-0.00011989336871319488,-0.0030550653186920437,192.2070870413445
432,OOF,1,15,0.10482114336226958,0.01885092356610393,0.004601353912574348,0.2050409328119648,0.010017161695373856,0.9729803474316919,0.027019652568308086,0.022082788562161514,0.7952033888353554,-0.010801790830423194,-0.00018261279389306483,-0.006575904675249203,0.08163388433449632,-0.00011032193139016575,-0.002992962738302466,192.45636583305895
432,OOF,1,16,0.10325994572248065,0.016546948876820285,0.00450044433167408,0.20201944711328723,0.00961487106107605,0.9741066598282864,0.025893340171713675,0.021010102782784923,0.7903994196447895,-0.011178730162966728,-0.00014053980350589611,-0.005287103079717953,0.08015073713079233,-0.00010090590493592289,-0.002894571470462192,192.7099262913689
432,OOF,1,17,0.10175690060124312,0.01521055377007494,0.004408869138997828,0.19910493206348842,0.009432192216906537,0.9741991543000184,0.025800845699981697,0.020767461992435007,0.7841465409795583,-0.011682397017772704,-0.00011874417308367425,-0.00448359229543598,0.07848747041366173,-9.396748281166661e-05,-0.0027874614576279453,192.99005916621536
432,OOF,1,18,0.10031375486708109,0.014850223974150154,0.00432309239275216,0.19630441734141002,0.009440009258285746,0.9733467988779533,0.026653201122046725,0.021273347998349224,0.7768802359159128,-0.012276549037736133,-0.00011328395610723941,-0.004137010617835484,0.0771671347091446,-9.147247442088568e-05,-0.00268972655645105,193.2686519161798
432,OOF,1,19,0.09892246870020553,0.014946324774770078,0.004238058146810834,0.19360687925360023,0.009534186271295202,0.9720327343565297,0.027967265643470213,0.022125589258382004,0.7689989182441195,-0.012905821053468478,-0.00011491003151287293,-0.003993823120228122,0.07654827346135043,-9.39493947441588e-05,-0.0026054977853828005,193.5450468333438
432,OOF,1,20,0.09757321194468326,0.014908104340675942,0.00414883546486526,0.19099758842450126,0.009607414161005697,0.9707861111745304,0.029213888825469585,0.02289493196724419,0.7608053177332911,-0.013500247726610638,-0.0001144698984020198,-0.003803868364808642,0.07663327952132784,-0.00010019965204102544,-0.0025366388514303064,193.82405883306637
432,OOF,1,21,0.09625605937604856,0.014448938789944743,0.004052148142024031,0.18845997061007308,0.009600077958284062,0.9699148889563983,0.030085111043601623,0.023343039785064124,0.7525570308922095,-0.013989658009449771,-0.00010762378974314043,-0.003469686913453669,0.07723140361997434,-0.0001082300618154705,-0.0024815969825920303,194.09151366632432
432,OOF,1,22,0.09496289315571253,0.01363373570493534,0.003946831875372402,0.18597895443605267,0.00950273739474147,0.9694784335796721,0.03052156642032788,0.02343838261333875,0.7444901794583768,-0.01430874086664941,-9.58653348201341e-05,-0.0030450394765491177,0.07808173917031551,-0.00011623646365324198,-0.0024364197430481573,194.33575125038624
432,OOF,1,23,0.09368828072795092,0.012772071028524396,0.003833387088231724,0.18354317436767012,0.009334714297067705,0.9693877150926581,0.03061228490734193,0.02326870702389791,0.7368413956465902,-0.014396823427665848,-8.413857315185809e-05,-0.0026643845575628463,0.07892946502184375,-0.00012311763543682852,-0.002400742041522951,194.5920060831122
432,OOF,1,24,0.09242703726749579,0.012244337813013826,0.0037132113887292655,0.18114086314626232,0.009118830880675364,0.9695333876179951,0.030466612382004838,0.022935990777961726,0.7298878050014769,-0.014202921698252595,-7.731750674803552e-05,-0.0024604607594599687,0.07959782548611832,-0.00012849359299770566,-0.0023790959964658893,194.85106154112145
432,OOF,1,25,0.09117116115696937,0.012274011714353415,0.003587950668477157,0.17875437164546157,0.008861341686069097,0.9698949662373656,0.03010503376263436,0.022473169570630357,0.7240189203510062,-0.013691240309932923,-7.766375164752399e-05,-0.002502095907812428,0.07999228057683662,-0.0001323492159319157,-0.0023810857813077826,195.11086600041017
432,OOF,1,26,0.08990683124832008,0.012770306313771396,0.0034592367335611615,0.176354425763079,0.008545101343587887,0.9705841172413511,0.029415882758648836,0.021816701854324577,0.7198473179993732,-0.012848698498368774,-8.401163817262262e-05,-0.002771984180886103,0.08008206709530953,-0.0001346247063731552,-0.0024223090861913545,195.38584583299235
432,OOF,1,27,0.08861172466894873,0.013410226952111264,0.0033288320996691743,0.1738946172382283,0.008138663090901157,0.9718007278697499,0.028199272130250017,0.020844503099695082,0.7183413525995624,-0.011692310569100283,-9.252626683113291e-05,-0.0031886317149693207,0.07988528478264158,-0.00013492861931335012,-0.0025209945979070957,195.6400708751753
432,OOF,1,28,0.08725862206330008,0.013842476482703028,0.0031989698860727285,0.17131827424052742,0.007617128393429302,0.9737200999949325,0.026279900005067473,0.01944737348018021,0.7205620434670011,-0.010269005470958645,-9.83928313563536e-05,-0.0036456408726296165,0.07942444540905862,-0.00013265868799792327,-0.0026663110602650687,195.89587595826015
432,OOF,1,29,0.08584227439837885,0.013825445988784043,0.0030724197193608754,0.16861212907739684,0.006988005409258813,0.9763465472720557,0.02365345272794427,0.017592217293576403,0.7261561688687912,-0.00863632284289498,-9.788684014033978e-05,-0.004040487428775417,0.07868010752314741,-0.00012752215356525597,-0.0027648298245981744,196.14311508322135
432,OOF,1,30,0.08440153242813889,0.013318072138478078,0.002951989454213577,0.1658510754020642,0.006297109602040126,0.9794650772386934,0.020534922761306546,0.015365878653159823,0.7329144451527506,-0.00685256374304998,-9.054485433301525e-05,-0.004318765829982131,0.07758166385535223,-0.00012008302339294316,-0.002766339203509463,196.39134941622615
432,OOF,1,31,0.0829663786776301,0.01247904773301323,0.002839580239820518,0.1630931771154397,0.005607017506192688,0.9827308882900138,0.017269111709986247,0.012990093166264226,0.7392253875380743,-0.005014555085626605,-7.923157508246861e-05,-0.00450881999427829,0.07614717489877346,-0.00011183634714690927,-0.0027514916915964767,196.63919683312997
432,OOF,1,32,0.08153554296944178,0.011619081676941376,0.0027353406511844715,0.1603357452876991,0.00498735051099612,0.9857106340240329,0.014289365975967033,0.010797369920968636,0.7448253735323442,-0.003249775468031909,-6.84800662362253e-05,-0.004723899550284228,0.07452535370621864,-0.0001047370491202321,-0.002749110359023704,196.89016333315521
432,OOF,1,33,0.08010692007918208,0.011127239155975778,0.002637392375720579,0.15757644778264357,0.004507713658547092,0.9879286647390846,0.012071335260915389,0.009160616854915735,0.7497129175896136,-0.00167667833807089,-6.266416577100766e-05,-0.005128490285377568,0.07294427786389861,-0.0001005871727360953,-0.0027482591009808416,197.14197579119354
432,OOF,1,34,0.07868349703529726,0.01123638464107004,0.0025422305988696773,0.15482476347172483,0.004200877506137996,0.9891080948288851,0.010891905171114854,0.0082980253648955,0.7535544912087634,-0.0003933114539974931,-6.382332753222332e-05,-0.005795879500351524,0.0716320999861141,-0.00010038725047310317,-0.0027481748697914267,197.38564679119736
432,OOF,1,35,0.07726457210163189,0.011747302243747955,0.0024457613889220407,0.15208338281434172,0.0040238271326016525,0.9894540842827675,0.010545915717232447,0.00805480463179863,0.7557294743034823,0.0005252568270636639,-6.973497416304977e-05,-0.006542775122907047,0.07072055591246333,-0.00010386680362950487,-0.0027542818183312933,197.62844054121524
432,OOF,1,36,0.07584417786508657,0.01216754838522135,0.0023446681248856026,0.14934368760528755,0.0038916550108611006,0.9894762094914399,0.01052379050856012,0.008035227125655386,0.7554945218863076,0.0010382679220903733,-7.481192184640567e-05,-0.007034026075788874,0.07020797236438421,-0.00010947026468114779,-0.002758651323727473,197.87552583310753
432,OOF,1,37,0.074421623645015,0.01216969989586612,0.0022375495723366582,0.14660569771769336,0.0037497615815846653,0.9895253071492929,0.010474692850707209,0.007962550023127221,0.752207713355013,0.0011548389858970559,-7.483466793896727e-05,-0.007069495863329522,0.07000165614782457,-0.0001149776485870107,-0.002739047796493908,198.11627800017595
432,OOF,1,38,0.07300885944923349,0.011784930614103593,0.002125265902894637,0.14389245299557235,0.0035953244464095465,0.9896304739223337,0.010369526077666235,0.007814447221709743,0.7457828881994729,0.0009390553983792439,-7.016992364269886e-05,-0.006696766493425584,0.06997771794528695,-0.00011844789187785481,-0.002678871092354649,198.36232550023124
432,OOF,1,39,0.07162680742041981,0.011260963331348815,0.0020103642832097267,0.1412432505576299,0.0034534499840767436,0.9896354536670111,0.010364546332989003,0.007715776307930908,0.7367235903600144,0.0004971294389569092,-6.406869048602766e-05,-0.0061174551724644775,0.07002153294242139,-0.00011889530758089956,-0.0025796461755595557,198.6153915002942
432,OOF,1,40,0.07029627526082671,0.010784204430744881,0.001896015335392297,0.13869653518626113,0.0033395129703027897,0.9894481568017132,0.010551843198286831,0.007740186497013701,0.7257986229377565,-4.820580499658894e-05,-5.876966084813477e-05,-0.005510841234969238,0.07003572556559644,-0.00011632312165002402,-0.002456924664184336,198.87360391626135
432,OOF,1,41,0.06902986311121528,0.010302416565378902,0.001785141979158323,0.13627458424327224,0.0032358639881802697,0.9892131160290413,0.010786883970958703,0.007784251251994092,0.7138561476761361,-0.0005833330822877542,-5.364859470963461e-05,-0.004919853934294254,0.06994002167273614,-0.00011120824168348907,-0.002329933520937482,199.1191240833141
432,OOF,1,42,0.06783101218918154,0.009602260855454499,0.0016801338953979393,0.13398189048296513,0.0031027846594326234,0.9892469246007851,0.01075307539921488,0.007630128217409143,0.7019462426472688,-0.0010220326681238733,-4.6602830518478926e-05,-0.004287304334484898,0.0696760613645096,-0.00010399327748202967,-0.0022102323257353835,199.37676429143175
432,OOF,1,43,0.06669442937245618,0.008524907577272992,0.0015829353795958991,0.13180592336531646,0.0029096734522369282,0.9898117982610988,0.010188201738901205,0.007111711221151933,0.6909222896170499,-0.0013103499295418145,-3.6711044124105324e-05,-0.0035665788263476396,0.06920311696345904,-9.510020773649524e-05,-0.0021152080101250166,199.63236325001344
432,OOF,1,44,0.06560491976834103,0.007132607734997437,0.0014949844687376659,0.1297148550679444,0.0026596534205521284,0.9909166266790659,0.009083373320934144,0.006242377799489603,0.6809888499540815,-0.0014249229935516773,-2.5670218730633005e-05,-0.0028003964663710053,0.06849280209326206,-8.523697675046884e-05,-0.002050143268259036,199.88384358305484
432,OOF,1,45,0.06454828894092969,0.005811641288214329,0.0014168842674884793,0.1276796936143709,0.0024023848266627075,0.9921948468890252,0.007805153110974729,0.0052850232297209756,0.6718347147917881,-0.0013699957778030769,-1.7020434327379244e-05,-0.0021636458620771103,0.06754011983608779,-7.548077438520744e-05,-0.0020088210674934714,200.1303113331087
432,OOF,1,46,0.06351535244676261,0.005262107552307693,0.0013480782354668996,0.12568262665805832,0.0022304691559821297,0.9929030914439313,0.007096908556068724,0.004740562324495197,0.6632351185008463,-0.0011793299296266608,-1.3943846147052353e-05,-0.0019508336392735056,0.06641201977618182,-6.710996295101791e-05,-0.0020038264844350296,200.38509187521413
432,OOF,1,47,0.06248935680809392,0.005866996566618907,0.001286742164637923,0.12369197145154992,0.002202680995028892,0.9925171593098849,0.00748284069011506,0.004943652107824066,0.6557215033530829,-0.0009242795529179808,-1.7340581162673317e-05,-0.00230003885811638,0.06527022611060446,-6.130415501866989e-05,-0.002070149040391503,200.63522300031036
432,OOF,1,48,0.06143243509496687,0.006944021859779534,0.0012300899246498417,0.12163478026528389,0.00224488827933732,0.9915717705695971,0.008428229430402891,0.005523533907625085,0.6498375894737832,-0.0007044940093025137,-2.4314649236835826e-05,-0.0028605913013684432,0.06428673146273288,-5.8422603674815306e-05,-0.0022117374594874998,200.88534987531602
432,OOF,1,49,0.06030565903019512,0.007550428061550938,0.0011754473182935628,0.11943587074209668,0.0022424600046454177,0.9909774322173018,0.00902256778269821,0.005876386868205706,0.645422335372966,-0.000604744567516302,-2.876400716063679e-05,-0.0031592427613554176,0.06352313521112583,-5.728783188339878e-05,-0.0023779330812624916,201.1330729164183
432,OOF,1,50,0.05909287027149452,0.0072963176303438414,0.001121683205073575,0.11706405733791546,0.002147892428734887,0.9911489717945096,0.008851028205490472,0.005740618457606553,0.6428414811955762,-0.0006561034485702208,-2.6855827165153747e-05,-0.003007348396531085,0.0628769265073421,-5.5901117182939234e-05,-0.002526277394457952,201.37231295835227
432,OOF,1,51,0.05780502700635248,0.006358552212607494,0.0010695776635188266,0.11454047634918614,0.0019868402392727155,0.9919163187532791,0.008083681246720839,0.005228672840344343,0.6415896121415584,-0.0008334913564838847,-2.038034130302083e-05,-0.0025007904818647223,0.06214191817650851,-5.301291493382958e-05,-0.0026042033724643313,201.62303429143503
432,OOF,1,52,0.05648416184278113,0.00525227603737384,0.0010207333616418502,0.1119475903239204,0.0018223390025246193,0.9927735657275915,0.007226434272408536,0.004667136741368786,0.6411751369770154,-0.0010698436725026957,-1.389360299523775e-05,-0.0019087147639396597,0.06116317905363969,-4.894527638867515e-05,-0.0025766259619161287,201.87059558322653
432,OOF,1,53,0.055183906203694684,0.0044610277162915515,0.0009760035891257589,0.1093918088182636,0.001702498204133027,0.9932989971944421,0.006701002805557869,0.004327583318889311,0.6414837145513305,-0.0012811469994160958,-1.001751151553099e-05,-0.0014849097114998633,0.05996041204096387,-4.513792522412593e-05,-0.0024575809814691187,202.11652304138988
432,OOF,1,54,0.05395495961204258,0.0040586208428853195,0.0009347031017706633,0.10697521612231449,0.0016202148112245654,0.9935353791685155,0.006464620831484417,0.004177089952018105,0.641969074054163,-0.0013992302942125903,-8.28979193478183e-06,-0.0012740424825906395,0.058676066086143605,-4.27673993711731e-05,-0.002254612357756541,202.36408087518066
432,OOF,1,55,0.05283405756264419,0.003810777462174423,0.0008952586317707568,0.10477285649351763,0.0015386173962836517,0.9938065687139862,0.00619343128601372,0.004005281322511523,0.642692992630479,-0.0013944868444618315,-7.30626327264492e-06,-0.0011723731317574164,0.05744249062580655,-4.171643473053754e-05,-0.002019232537887,202.62135941628367
432,OOF,1,56,0.05182618965272939,0.003572581930780906,0.0008565376961262537,0.10279584160933253,0.0014440883798127967,0.9942362694158987,0.005763730584101287,0.0037311368700906483,0.6436164127157004,-0.001287790407373826,-6.41866628927173e-06,-0.0011072118540159312,0.056312966469533786,-4.096560534937089e-05,-0.0018109238589020266,202.8681352501735
432,OOF,1,57,0.05091473707881336,0.003380686938725173,0.0008184732389014439,0.10101100091872528,0.0013513945449791821,0.994681027433695,0.005318972566305011,0.0034462379267308644,0.64446797553666,-0.001140879123824939,-5.745080011807521e-06,-0.0010743657760211504,0.055272038427024994,-3.9646456427176496e-05,-0.0016544399916812453,203.1168837500736
432,OOF,1,58,0.050077434829028905,0.0032788206731326516,0.0007817278562825339,0.09937314180177528,0.0012777276356634643,0.9949691381882894,0.00503086181171059,0.003260901822327061,0.6449186635031398,-0.0010291424259160234,-5.402511793550517e-06,-0.0010684715073605471,0.05427456773968243,-3.748618512570547e-05,-0.0015459973308631445,203.35992550011724
432,OOF,1,59,0.049295761946895084,0.0032467141882670473,0.0007471102885029097,0.09784441360528726,0.0012296915306622626,0.9950299212678965,0.004970078732103503,0.003219884582180317,0.644633953503309,-0.0010098886537131823,-5.296902532771431e-06,-0.0010604613717892935,0.05328184986488143,-3.470019813487209e-05,-0.0014706586181943437,203.61083954107016
432,OOF,1,60,0.0485548679126578,0.003293722748188307,0.0007151345282264225,0.09639460129708917,0.0012101215858468834,0.9948266114524213,0.005173388547578592,0.0033465044962341746,0.6435224606814361,-0.0010995969657035492,-5.452512737920452e-06,-0.001048501329656636,0.052296737792311726,-3.182835172403189e-05,-0.0014232032718933616,203.85561708314344
432,OOF,1,61,0.04783878458695214,0.0034289077204715836,0.0006857450434537588,0.09499182413045053,0.0012144422628210041,0.9943938161305644,0.005606183869435662,0.0036183393654420195,0.6418009778939925,-0.0012677312521063354,-5.911846978926645e-06,-0.0010486106440077544,0.051368614151601995,-2.9465921990742874e-05,-0.0014025472992366095,204.1091221254319
432,OOF,1,62,0.04713337916854432,0.0035502640335899594,0.0006583644936060521,0.09360839384348259,0.0012217044790415084,0.9939393242866555,0.006060675713344512,0.003900912401675583,0.6397422366759891,-0.0014493888464023248,-6.340615770106761e-06,-0.0010398489627526095,0.05054414830361792,-2.7841669165942746e-05,-0.001393298354540304,204.35015629138798
432,OOF,1,63,0.046433353596102005,0.003520054209370456,0.0006323205970696371,0.09223438659513437,0.00120678365912952,0.9937287106376834,0.006271289362316559,0.004023410191886762,0.6375368750124544,-0.0015709404136784368,-6.23448910364852e-06,-0.000987897457846661,0.04981209861791495,-2.6718778345658475e-05,-0.0013745458459867778,204.6049055410549
432,OOF,1,64,0.045743310050924815,0.0032963197422485615,0.000607230723884439,0.09087938937796519,0.0011570864771243711,0.9939089109927353,0.006091089007264764,0.0038931140734648115,0.6352559886274716,-0.0015757218142345066,-5.46615676897631e-06,-0.0008919360585749288,0.04910139230476207,-2.575719622562992e-05,-0.0013331532722512117,204.85115229105577
432,OOF,1,65,0.04507435629044481,0.0029385565269345066,0.0005830184452327205,0.0895656941356569,0.0010748304969803019,0.9944729460208791,0.005527053979120875,0.0035173369815275344,0.6328681578616034,-0.0014405011082037696,-4.34155323005041e-06,-0.0007811679146440033,0.048322074745882626,-2.4719449553914177e-05,-0.0012654853945827103,205.1032089162618
432,OOF,1,66,0.04443948057136805,0.002543065333259837,0.0005598322011502146,0.08831912894158588,0.0009714996540285607,0.995309129993419,0.00469087000658094,0.002970540360834063,0.6302894640022407,-0.0011797143788643226,-3.2488304860976836e-06,-0.0006893370824767042,0.047399306136319784,-2.3351870341373987e-05,-0.0011766790813205255,205.35416516615078
432,OOF,1,67,0.043848997135332496,0.002217834981595025,0.0005380589378221457,0.08715993533284284,0.0008652408366932557,0.9962228721832455,0.0037771278167545836,0.002378905002614195,0.6274396020814851,-0.000839021872873415,-2.468720676331671e-06,-0.0006511286146801582,0.04629262430193001,-2.1516546191902896e-05,-0.0010788980645467865,205.59739354113117
432,OOF,1,68,0.04330720188014592,0.002094616929063785,0.0005181074764245598,0.08609629628386728,0.0007806455353719219,0.9969321849105957,0.00306781508940429,0.0019210366147207325,0.6242694470802272,-0.00048197155867765485,-2.200460646134152e-06,-0.0007150724459687944,0.04502808715714572,-1.9566780589907882e-05,-0.0009888456850515154,205.84792908327654
432,OOF,1,69,0.04281010205725112,0.0022380096896496035,0.0004999146580039989,0.08512028945649824,0.0007356324145053595,0.9972144089758209,0.002785591024179143,0.0017339642583224164,0.6207422870188658,-0.00017479865066660793,-2.5113392495549865e-06,-0.0008990349494038651,0.043709783627484164,-1.8177615781131275e-05,-0.0009219286542214589,206.09617579123005
432,OOF,1,70,0.04234597176124368,0.002475223494507424,0.00048281369493404413,0.08420912982755333,0.0007173462408967594,0.9971988192387299,0.002801180761270144,0.0017326327556067625,0.6168039428065972,2.797525419642553e-05,-3.0719708194393692e-06,-0.0010935979984710966,0.0424511011612164,-1.7595754375110363e-05,-0.0008799669036564061,206.34405191615224
432,OOF,1,71,0.04190224412259332,0.0025542503655566944,0.00046609935448836,0.08333838889069828,0.0006999125404440664,0.9971786324806009,0.0028213675193991695,0.0017327274301785136,0.6124118029312933,9.83400597644633e-05,-3.271327080944761e-06,-0.0011562114621876485,0.0412962199381556,-1.7356202714544943e-05,-0.0008501502282831883,206.59827920841053
432,OOF,1,72,0.04147297249752555,0.002456936069773439,0.00044960532045416055,0.08249633967459695,0.0006791913828988372,0.9972017647716032,0.0027982352283968037,0.001704963505368385,0.6075946007579305,4.5732604261067746e-05,-3.0267369474302657e-06,-0.001078632487664783,0.04022763544341488,-1.695055833592194e-05,-0.0008194826104310467,206.85010533314198
432,OOF,1,73,0.041058811079834445,0.0023844216348769026,0.00043353740338242925,0.08168408475628647,0.0006703276669132435,0.9970856779277765,0.0029143220722235644,0.0017608994624093383,0.6024617700882523,-8.258804478869755e-05,-2.851042121417808e-06,-0.0009754355201604662,0.03924195765300529,-1.646742947723731e-05,-0.0007862232261887003,207.10132745839655
432,OOF,1,74,0.04066113130165975,0.002466718651921978,0.0004178622282551476,0.08090440037506436,0.0006782656499011549,0.9967646338426058,0.0032353661573942425,0.001938289164025869,0.5971559306960729,-0.00021406671505594022,-3.05222552102535e-06,-0.0009403419291250153,0.038393130655012646,-1.6379370927790548e-05,-0.0007570883942578339,207.35486541641876
432,OOF,1,75,0.040277735894396746,0.002606741233193772,0.0004021036104549453,0.08015336817833854,0.0006837340863389463,0.9964686393700468,0.003531360629953141,0.002097266711441675,0.5918003640353519,-0.00027564572178337085,-3.40959042179609e-06,-0.0009621078911052416,0.03774230096542078,-1.6775112803070925e-05,-0.0007373026225238821,207.60936679132283
432,OOF,1,76,0.0399038710724987,0.00267142401469217,0.0003858903477248473,0.07942185179727256,0.0006675800197994691,0.9964359303422349,0.0035640696577650586,0.0020977019776811947,0.5864715963554531,-0.00022548781970759235,-3.5810161240487062e-06,-0.0010011737916970401,0.03727013799827603,-1.7029686520296448e-05,-0.0007282624675698932,207.85604125028476
432,OOF,1,77,0.039534416884439524,0.0026733098186786618,0.000369554903229357,0.07869927886564969,0.0006333356002689132,0.9966324316786038,0.0033675683213962087,0.0019637646378507624,0.5811764868527491,-7.661857847052828e-05,-3.5853666605083873e-06,-0.0010610898881007308,0.03687486252476565,-1.6564461384679177e-05,-0.0007312635612986063,208.10263562528417
432,OOF,1,78,0.03916377468728046,0.0027437961154949527,0.0003538086536638047,0.07797374072089712,0.0006033313086430756,0.9967853275784482,0.003214672421551951,0.001857094091173121,0.5758360104138793,0.00010534092866015625,-3.7763482843865884e-06,-0.0011709462328000889,0.036486890697555584,-1.5716540254127635e-05,-0.0007490557741179173,208.35069550015032
432,OOF,1,79,0.03878470623893749,0.0028834393544903483,0.00033883118454570835,0.07723058129332927,0.0005877542723242818,0.9967626814654836,0.0032373185345164644,0.0018522549870192823,0.5703049075752804,0.00023194228878958888,-4.1706128578167616e-06,-0.0012841217851096564,0.03613547359464152,-1.5260109873898726e-05,-0.0007783632386733813,208.6038307910785
432,OOF,1,80,0.03839128039496427,0.002883774527680311,0.00032416544616813386,0.07645839534376041,0.0005724778024212973,0.9967384925730888,0.00326150742691122,0.0018470036445987922,0.5644566721829861,0.00023651261711868404,-4.171683740752087e-06,-0.001274894464118013,0.035845939453866146,-1.5134796388009967e-05,-0.0008034082784544153,208.8515980001539
432,OOF,1,81,0.03798553078446227,0.002696782154115892,0.0003096801255192919,0.07566138144340524,0.0005538016435997245,0.9967602388026974,0.0032397611973027404,0.0018146219530980597,0.558295164721556,0.00011295625973249111,-3.6481360831034934e-06,-0.0011224027858616208,0.03553362459750844,-1.453553211084843e-05,-0.0008078031978923438,209.09129300015047
432,OOF,1,82,0.03757792333152668,0.0025164855065843506,0.0002959484297273044,0.07485989823332606,0.0005455187200512084,0.9966529362918505,0.0033470637081494674,0.0018537202688068749,0.5519810526676676,-7.40333004563616e-05,-3.1769832176537572e-06,-0.000946008181653395,0.03509715435597606,-1.3444903502962054e-05,-0.0007894744320871693,209.33068112516776
432,OOF,1,83,0.037179783948395814,0.002350813348419495,0.0002832476046265958,0.07407632029216503,0.0005368008593337654,0.9965639965179282,0.0034360034820719366,0.0018816421852021876,0.5457435843374272,-0.0002199425040252061,-2.772688667469767e-06,-0.0008041789579000749,0.034549165464355706,-1.2705635026446354e-05,-0.000755349046343371,209.58016012515873
432,OOF,1,84,0.03679867982948327,0.002021462506344969,0.00027113554475140104,0.07332622411421513,0.0004977031285068375,0.9968986748467218,0.00310132515327809,0.0016791665120176704,0.5397560036257529,-0.0002454899459285215,-2.049511533951419e-06,-0.0006588007484863797,0.033950559570559986,-1.2286428095979978e-05,-0.0007110137547308829,209.8324167081155
432,OOF,1,85,0.036439650395607884,0.0015878269812807512,0.00025952630010402935,0.07261977449111173,0.00043253716075062167,0.9976090344495516,0.002390965550448356,0.0012799396370266518,0.534043388959923,-0.00015504613031963924,-1.2636185296147884e-06,-0.0005272335525725928,0.03330183564411887,-1.1375015237836595e-05,-0.0006646402745249273,210.0835253330879
432,OOF,1,86,0.0361040215347671,0.0014146672270305422,0.00024896926856045917,0.07195907380097374,0.0003904360724785169,0.9980272403053866,0.0019727596946133882,0.0010446242687109763,0.5284797124071235,-4.3830731044662846e-05,-1.0026196091711437e-06,-0.0005072293824480446,0.032628193935561704,-1.0251825577123313e-05,-0.000632890865839541,210.32752383314073
432,OOF,1,87,0.03578448287672632,0.0014418375434865495,0.00023941529462438005,0.07132955045882827,0.0003825838088403539,0.9979860987198113,0.0020139012801886425,0.0010552399978875392,0.5229227763370018,-3.463108696094658e-05,-1.0415453203577069e-06,-0.0005161363971158996,0.03199923724765735,-9.643681351263645e-06,-0.0006183035973171899,210.58824295829982
432,OOF,1,88,0.03547216229207104,0.0014859508955106515,0.00023042732758767328,0.07071389725655441,0.0003972727268632481,0.9976328435668146,0.0023671564331852798,0.001227791168958388,0.517449872776662,-0.00016782080646009416,-1.1066446328964646e-06,-0.00046639293308083627,0.031373307979368034,-8.937166263762906e-06,-0.0006100120099180567,210.8630928331986
432,OOF,1,89,0.03516384040249329,0.0016940159025975636,0.00022219075145111074,0.07010549005353547,0.00044004209223951743,0.9968826408746574,0.003117359125342684,0.0016023790606241406,0.5124157356947604,-0.00035936912175557536,-1.4393318534143564e-06,-0.0004602757916026086,0.030702083483617665,-8.1828591314477e-06,-0.0006079674193714736,211.1259966660291
432,OOF,1,90,0.03485629901239369,0.0016415573515504644,0.0002145395464314984,0.06949805847835588,0.0004477335821338595,0.9966342062398492,0.0033657937601508027,0.0017163201220666761,0.5082139502310928,-0.00047059759657396575,-1.35190550432546e-06,-0.00040030832701832555,0.030043931892735198,-8.031207392087905e-06,-0.0005992235843977299,211.38414220837876
432,OOF,1,91,0.03455292288345517,0.0012111735112866758,0.00020698281911990586,0.06889886294779043,0.0003940128149897105,0.9972772619482904,0.0027227380517095834,0.0013785202956303128,0.5049207525135009,-0.00042592088435693993,-7.354731379198724e-07,-0.0002693871475299315,0.02940947740719487,-7.774144545585681e-06,-0.0005706206424167387,211.64215504098684
432,OOF,1,92,0.034263983647562626,0.0011505649998694062,0.00019975088558304895,0.0683282164095422,0.0003554544887796534,0.9977145587824542,0.0022854412175458035,0.0011502610810083427,0.5021490896866032,-0.0002873233286068292,-6.634161079798043e-07,-0.0002896158100154583,0.02879745398166416,-7.336835959864189e-06,-0.0005420810988198471,211.8950382079929
432,OOF,1,93,0.03398955751276083,0.0013354206276841396,0.0001927925244793628,0.0677863225010423,0.00035005318360905343,0.9976734362122496,0.0023265637877503726,0.001164468662171741,0.4993456262266093,-0.00019732060465166992,-8.937535009526424e-07,-0.00038325797518078727,0.02826942417385708,-7.375893482462871e-06,-0.0005254865374450411,212.14442475000396
432,OOF,1,94,0.03372368083996619,0.001054524649675794,0.00018577972882094,0.06726158195111144,0.00032330095281206915,0.9979497640067668,0.002050235993233166,0.0010195313287709015,0.4962555785297428,-0.00023419723963013085,-5.57153414370824e-07,-0.00027119371634389943,0.027731426091252093,-7.122577270760185e-06,-0.0004964957263111849,212.38472679117694
432,OOF,1,95,0.033472714730351634,0.001189525810913219,0.00017913800790307784,0.06676629145280019,0.00034732454037150295,0.9974741894829968,0.0025258105170031723,0.0012486367398910705,0.49310227813893165,-0.0003348938487976812,-7.092773275477678e-07,-0.0002801024948830265,0.027169737313773295,-6.551680732738765e-06,-0.0004767472094746178,212.62640225002542
432,OOF,1,96,0.03323167398124801,0.001517892283886204,0.00017293702069502817,0.06629041094180099,0.00037901207311606195,0.9968831983407754,0.0031168016592244712,0.0015331560715560496,0.490367272375191,-0.0003810447847549018,-1.15560026957826e-06,-0.00036960917590992326,0.026678666843573565,-6.396236283086734e-06,-0.00047987785421435553,212.8750451663509
432,OOF,1,97,0.03298882190047011,0.0013046229150690686,0.00016686566734730888,0.06581077813359291,0.0003432121179969714,0.9973135901864421,0.00268640981355797,0.0013153935087965739,0.4883319797839712,-0.0003247081170232838,-8.533128232039469e-07,-0.00031678728649912777,0.026190572120225773,-6.02647746617539e-06,-0.00048165073067106925,213.12158766621724
432,OOF,1,98,0.03274520277799853,0.0009573252925411751,0.00016124300365192716,0.06532916255234512,0.00028902011972773475,0.9980392635370179,0.0019607364629821134,0.0009563853871257691,0.4868120654893312,-0.00023141481876153407,-4.591361027676915e-07,-0.00023370599084620745,0.02561450396039661,-5.457155460927677e-06,-0.00047350780004516783,213.3712462913245
432,OOF,1,99,0.03250584611253573,0.0009071961948802587,0.0001560790149625547,0.06485561321010891,0.0002740370543295323,0.9981768332518254,0.0018231667481746195,0.0008866236416807501,0.4854230584367415,-0.00020426777328613218,-4.1225407592563725e-07,-0.0002257075324649335,0.02504216806182265,-5.22973208673006e-06,-0.00046584544903557836,213.62041612528265
432,OOF,1,100,0.03227041199348503,0.0008214363345949243,0.0001511225158953331,0.06438970147107473,0.00027342139606373637,0.9980961770612371,0.0019038229387629165,0.0009232321286498215,0.4840126880413886,-0.0002693068007694693,-3.3802236062033606e-07,-0.00017721124114388354,0.024489739551456093,-4.929670419653853e-06,-0.0004524086063113703,213.86919129127637
432,OOF,2,1,0.1218208399792756,0.021909195558787398,0.005981883076662483,0.23765979688188874,0.011232167665665177,0.9773380012674983,0.02266199873250178,0.01836062184169389,0.7918336623615407,-0.003702287087430064,-0.0002455715675695954,-0.01059069978114411,0.004123090393179448,-3.5657187543571806e-05,-0.0018270920586716955,214.48115808330476
432,OOF,2,2,0.12089307532107153,0.021193052578534828,0.005948240458040571,0.2358379101841025,0.011317853604035252,0.9766426514406099,0.02335734855939002,0.018820411079341133,0.7869393279375702,-0.00496592771450748,-0.00022994361189019525,-0.009614650319887834,0.060792940566669465,-3.931937235971209e-05,-0.0018589406504145528,214.74058225005865
432,OOF,2,3,0.11991656841743646,0.022808418605013564,0.005903389444574055,0.23392974739029887,0.011638875117338916,0.974847268866479,0.025152731133521105,0.020348392930013597,0.7886449852441461,-0.005439533090916236,-0.00026682331472622806,-0.010341301636390198,0.06846783184373867,-5.2174745351207795e-05,-0.0019724895178572315,215.0038038333878
432,OOF,2,4,0.11887236896006609,0.0246088503105721,0.005844931296772954,0.2318998066233592,0.011916182036738544,0.9731425799545605,0.02685742004543952,0.02183744865680218,0.791250652130833,-0.005693472722968758,-0.0003111545656734196,-0.01127426820192613,0.0720424230278089,-6.602044547825705e-05,-0.0021049969170582566,215.2482192083262
432,OOF,2,5,0.11775225231815566,0.026378046611381375,0.005772494922330696,0.2297320097139806,0.012117530907302825,0.9716688259890413,0.02833117401095877,0.02316403015379353,0.7944522869403537,-0.005764889148934547,-0.0003580444923320283,-0.012279783089170007,0.07439931162292056,-8.01048508857306e-05,-0.0022482652055863276,215.48743120813742
432,OOF,2,6,0.11655175793443126,0.027978849699496797,0.005686216037695756,0.22741729983116676,0.01222472350882222,0.97051154326555,0.029488456734449935,0.024244562700476775,0.7979267336411533,-0.005668821889584538,-0.0004033007314230568,-0.013273262103141977,0.0762378725881859,-9.372982514282201e-05,-0.0024009762413971015,215.7300010412
432,OOF,2,7,0.11526703164215085,0.029280060392338714,0.005586950474242737,0.22494711281005897,0.012223221249757884,0.9697471468618092,0.030252853138190823,0.02500298933703974,0.8014641614744743,-0.00542769203732466,-0.0004420337504231771,-0.014169274095617943,0.07772997073266612,-0.00010612078649440379,-0.002562118975899692,215.97501633316278
432,OOF,2,8,0.11389498233773136,0.03015778366798689,0.0054762731452390676,0.22231369153022365,0.012102721977998904,0.969440473502618,0.030559526497381966,0.025372455632036255,0.8048909201506321,-0.0050723171908537935,-0.0004690808464387063,-0.01488066112285825,0.07903395558996189,-0.00011671826751910924,-0.0027275074997035118,216.22095791622996
432,OOF,2,9,0.11243497439591144,0.030510015762216538,0.005356202691302775,0.2195137461005201,0.011859770786656147,0.969631851431326,0.03036814856867404,0.02530559101754106,0.8079882451317193,-0.004640339759491251,-0.00048000746903920674,-0.01532627284975354,0.08022415537057913,-0.00012502583863929092,-0.0028954535556064663,216.47226550010964
432,OOF,2,10,0.1108875032753037,0.03026264895952061,0.005229218368234285,0.2165457881823731,0.011498384332504618,0.9703328235462827,0.02966717645371733,0.024781625594582888,0.8105397145822887,-0.00417954058581871,-0.00047191432662253477,-0.015435036823877112,0.08131973709345804,-0.00013080105574502676,-0.0030557473979643786,216.71688079135492
432,OOF,2,11,0.10925887944714457,0.029378039379036987,0.005098015188818196,0.21341974370547095,0.011030244724688576,0.9715237120097332,0.028476287990266802,0.023807824994001685,0.8122500559397493,-0.003739550742859232,-0.00044418329016945353,-0.015154173150152946,0.08223452161575845,-0.00013401524000887445,-0.003191487071994342,216.95727687515318
432,OOF,2,12,0.10756417153883652,0.02788067231153438,0.004965231287006558,0.2101631117906665,0.010476806140303448,0.9731401959914562,0.02685980400854377,0.02243334598417645,0.8127680567155856,-0.0033635429187071084,-0.00039939357748510076,-0.014470170524995272,0.08282965353742976,-0.00013440561840114283,-0.0032977802808416335,217.21655050013214
432,OOF,2,13,0.10582067988901424,0.025890508648980973,0.004833677569943453,0.20680768220808501,0.009875703144237089,0.9750362647741377,0.024963735225862232,0.02078571538313052,0.8118507148253057,-0.003105313461747141,-0.00034374025988573586,-0.013425844170316989,0.08302378604597935,-0.00013225393032140204,-0.003363277452917059,217.45891050016508
432,OOF,2,14,0.10405092982375229,0.023651831471865052,0.004705674801641123,0.20339618484586344,0.009282599431262238,0.9769645534222926,0.023035446577707383,0.019081735046355425,0.8092822813396705,-0.003013855636169208,-0.0002862996052486778,-0.012142354828815772,0.08281484862952512,-0.00012841068033280046,-0.003380100260468542,217.71337200002745
432,OOF,2,15,0.10228038068246119,0.021509402872017993,0.00458247061360491,0.19997829075131746,0.008763493769263934,0.9786022896870963,0.021397710312903783,0.017600226469914673,0.8049282689878887,-0.0031196952918346697,-0.00023638531034845002,-0.010810839224040114,0.08224798783857132,-0.0001241095010787142,-0.003351261872340294,217.9641072503291
432,OOF,2,16,0.10053187465935982,0.019789773494105413,0.004463941568172787,0.19659980775054686,0.008374519803812586,0.9796468076817688,0.020353192318231225,0.016596182076609005,0.7988131068997987,-0.0034363862447754486,-0.00019988588329847187,-0.009620975639216873,0.08142055636363357,-0.00012065801125201368,-0.0032894943176685807,218.22135766642168
432,OOF,2,17,0.0988209220282691,0.01859985016874331,0.004348703861689017,0.1932931401948492,0.00812983011555027,0.9799881577502811,0.020011842249718872,0.01615508198660213,0.7911210190844564,-0.003960372841768635,-0.0001765094932850484,-0.00864374258957994,0.08051217702657142,-0.00011898078153449634,-0.0032090024180140395,218.47983562527224
432,OOF,2,18,0.0971552742111758,0.01774925111365159,0.004234690181833503,0.1900758582405181,0.007990705085296824,0.9797891126993065,0.02021088730069353,0.01613395768303226,0.782146565234862,-0.004664634310921482,-0.00016076720541808342,-0.0077937180690887285,0.07975659199850159,-0.00011920166089115249,-0.003118126226219043,218.73526329128072
432,OOF,2,19,0.09553824627868178,0.016936386788513964,0.0041200261070982475,0.1869564664502653,0.0078977203480545,0.9793383953774977,0.020661604622502338,0.01629211004374722,0.772228933767325,-0.0054933857496764806,-0.00014644641668500296,-0.006941406601541361,0.0793142983194053,-0.00012059112638300672,-0.0030205399301645843,218.99028341611847
432,OOF,2,20,0.09397147428820528,0.01600899315932389,0.00400378687156348,0.1839391617048471,0.007812880231131508,0.9788307698633619,0.021169230136638146,0.016473867731780438,0.7617248492479495,-0.006364328232920023,-0.00013091530725533652,-0.00605331087434575,0.0791871732101383,-0.00012204941227713174,-0.002918036164539795,219.2711253752932
432,OOF,2,21,0.09245637675483481,0.015056666898125617,0.0038862092131858737,0.18102654429648374,0.0077322931744707064,0.9782879265782338,0.021712073421766214,0.016667597631851678,0.7509973465711519,-0.007180782484295292,-0.00011586732899487657,-0.005220671781946056,0.07924273680037267,-0.00012266150209649606,-0.002809322735523966,219.52263708319515
432,OOF,2,22,0.09099598696834515,0.014307582737913405,0.003768395699953325,0.17822357823673698,0.007666698119147789,0.9776544189601676,0.022345581039832463,0.01692278384345728,0.7403984875654763,-0.007844431802904606,-0.00010469288525282976,-0.004580478874935815,0.07929700098436625,-0.00012196406923718779,-0.0026929450833425867,219.76928750006482
432,OOF,2,23,0.0895945734775383,0.013921134165966177,0.0036518269452863704,0.17553732000979022,0.007611545327810235,0.9769630449206211,0.02303695507937887,0.01721946544605082,0.7302519510982531,-0.00826912321430125,-9.918388288810704e-05,-0.00420624114165821,0.07919664237010714,-0.00011980333645051456,-0.002575635711824219,220.01982720801607
432,OOF,2,24,0.08825288974020891,0.013833159348977728,0.003538090577848952,0.17296768890256886,0.007534733838892875,0.9764111861176453,0.02358881388235464,0.01741455554429895,0.7208402643525896,-0.008399041833778766,-9.798960739843157e-05,-0.004056081380958114,0.078864819223996,-0.00011604204178453468,-0.0024737537484650295,220.26789079140872
432,OOF,2,25,0.08696330300449885,0.013787887313301689,0.003428840214659518,0.17049776579433817,0.007390768155432159,0.9762856681634484,0.023714331836551587,0.017304274777834604,0.712392640028891,-0.008221828410224504,-9.736178803173742e-05,-0.004008247794510704,0.07830357036878803,-0.00011071894683028007,-0.0024030267543506336,220.52084862533957
432,OOF,2,26,0.0857102842863579,0.013501626033767665,0.003325471254691852,0.16809509731802394,0.00714359983894438,0.9768274731485708,0.023172526851429297,0.016726419687083813,0.7050947176591058,-0.007766995150510473,-9.330916183598513e-05,-0.003933405854365614,0.07757382987749714,-0.00010450521519264212,-0.0023671390658173645,220.76548854121938
432,OOF,2,27,0.0844765236394579,0.012815622332251345,0.003228442907014752,0.16572460437190106,0.006783212686238062,0.9781239769162703,0.021876023083729632,0.015635737984781854,0.6991074273948061,-0.007093218237991519,-8.395672718334699e-05,-0.0037538855927852265,0.07675632222288446,-9.861593106399969e-05,-0.002355292248538318,221.00834379112348
432,OOF,2,28,0.0832504055061972,0.011785878762822274,0.003136902041613005,0.16336390897078137,0.0063350972936155395,0.9800395993578264,0.019960400642173654,0.014145770472497368,0.6945459399839176,-0.0062744565483017845,-7.086802324261398e-05,-0.0034795628780730317,0.07591969583605682,-9.424029113688435e-05,-0.0023498381764616677,221.26241945801303
432,OOF,2,29,0.08202954638739701,0.010700568313540498,0.0030488889261845757,0.16101020384860945,0.00586102552605851,0.9821973082380646,0.017802691761935382,0.012531612800041746,0.6913851301071218,-0.005390015407873688,-5.828877826907765e-05,-0.0032158665600661705,0.07514120780980786,-9.217651480337259e-05,-0.0023375687626413138,221.5034138332121
432,OOF,2,30,0.08081737550292635,0.009971603663854828,0.0029617987566928133,0.1586729522491599,0.005442278733208251,0.9840699916423428,0.015930008357657163,0.011158052376757476,0.6892842905422953,-0.004519619046092645,-5.0521243648054226e-05,-0.00312092992660635,0.07452365481432355,-9.277730991515374e-05,-0.002322779234108099,221.7522940831259
432,OOF,2,31,0.07961260070279899,0.009824583465253337,0.0028728645300267665,0.1563523368755712,0.005134158012873381,0.985266476042115,0.014733523957884914,0.010281269610709073,0.6875334310744494,-0.0037441276157513122,-4.8982911025993054e-05,-0.0032756060444749727,0.07416568940138522,-9.591693955724641e-05,-0.0023241325317720244,222.00404900033027
432,OOF,2,32,0.0784044985076791,0.010006486685414085,0.002779737459778427,0.15402925955557978,0.0049174183965068,0.9858665276616585,0.014133472338341458,0.009825550823372334,0.6853716794225495,-0.003141079512205786,-5.078262268568121e-05,-0.0035422921341748425,0.07409402786079987,-0.00010069348608196562,-0.0023443084140120783,222.26521129114553
432,OOF,2,33,0.07718338819248755,0.009979234785001942,0.0026813398483998474,0.15168543653657524,0.0047190748970110385,0.9863243018554342,0.013675698144565854,0.009460919598124572,0.6823443175541698,-0.0027641695588372225,-5.0482953074793533e-05,-0.003640952214705167,0.07422718083362383,-0.00010527791740087426,-0.0023613749799923003,222.5246940003708
432,OOF,2,34,0.07595214750523031,0.009416272330958715,0.0025786343603646073,0.14932566065009603,0.004490379641182107,0.9869725109315467,0.013027489068453265,0.008953859592473294,0.6783512339236307,-0.002625901449872867,-4.4918264505204786e-05,-0.0034030419885551244,0.0744049622764289,-0.00010756609079188305,-0.002349449762957329,222.76550483331084
432,OOF,2,35,0.07472720704460598,0.008472208687437626,0.00247455291082664,0.14697986117838532,0.004252369592324025,0.9876972223179119,0.012302777682088121,0.008390501746518782,0.6736100970885471,-0.0026984313876419774,-3.633619616497724e-05,-0.002917159112287188,0.07444529684083105,-0.00010626516850144774,-0.002295778269126472,223.00685616629198
432,OOF,2,36,0.07353094540814506,0.00772675927648749,0.002372882982491279,0.14468900783379884,0.0040823163291839135,0.9879884774232107,0.012011522576789226,0.008129602018270602,0.6686873432356181,-0.0029207169675770322,-3.021432449925801e-05,-0.0024852306830839966,0.07421412205917051,-0.00010163799239103509,-0.0022113070955002826,223.26024966640398
432,OOF,2,37,0.07237902454731258,0.007737566614356398,0.0022765974386883773,0.14248145165593679,0.004038306053074358,0.9874347530674209,0.012565246932579103,0.0084548172009854,0.6644183261881665,-0.003204857458923238,-3.0315895265798328e-05,-0.0023823621387166014,0.073681511173547,-9.551438331353982e-05,-0.0021283212631748377,223.52144866622984
432,OOF,2,38,0.07127027755612315,0.00841759833223569,0.002186461435786566,0.14035409367645973,0.004076688055785435,0.9863193239303233,0.013680676069676703,0.009177534217576711,0.6616616970334847,-0.003446866781936226,-3.591938227495508e-05,-0.0025896367007734985,0.07292300149286012,-9.036826941371786e-05,-0.0020722667951216267,223.8014802504331
432,OOF,2,39,0.07019233365258545,0.009141390805017658,0.002100853308042279,0.13828381399712864,0.004084550746949892,0.9854335856052029,0.014566414394797233,0.009769438575676071,0.6609130170302469,-0.0035459345847972104,-4.2400130800666814e-05,-0.0028684144081438726,0.07207769987452947,-8.768063315394983e-05,-0.0020315595262456795,224.0598534164019
432,OOF,2,40,0.06914055832856461,0.009348977996716594,0.0020172260932456026,0.13626389056388363,0.003971895727057563,0.9854397154557275,0.014560284544272455,0.00978226555349993,0.662063502553275,-0.003430702219328798,-4.434740563641195e-05,-0.0030014313702912045,0.07126203755702588,-8.69057673603434e-05,-0.0019694911605801393,224.30961891636252
432,OOF,2,41,0.06812603534024167,0.008818412216944637,0.0019341416726331654,0.13431792900785017,0.0037125080369339496,0.9865665849263121,0.0134334150736878,0.00905069299646762,0.6646940656386858,-0.003082091553817021,-3.941162979575613e-05,-0.0028944387410568644,0.07050447637457444,-8.608781556459598e-05,-0.001866145916136471,224.56100995838642
432,OOF,2,42,0.06716733769444898,0.007653980230421966,0.0018522556655766467,0.1324824197233213,0.0033396523472317818,0.9886136812857584,0.011386318714241497,0.007698644653639662,0.6684324954320969,-0.0025438598973145025,-2.9629072749376995e-05,-0.0025725352872134517,0.0697442005298612,-8.33932834475405e-05,-0.0017244014913752185,224.8025904162787
432,OOF,2,43,0.06628356849763056,0.006211646921413282,0.001773725813123919,0.13079341118213722,0.0029286361025815033,0.9910485730440717,0.008951426955928383,0.006077007662143291,0.6728100225357169,-0.0019139868802293015,-1.9466531977230983e-05,-0.0021552182499098194,0.06888454879377184,-7.834778732711057e-05,-0.0015571263752578368,225.0444107502699
432,OOF,2,44,0.0654869344890892,0.005002750572266724,0.0017006920814101841,0.1292731768967682,0.0025739129871737037,0.993155099965111,0.006844900034888994,0.004665386499657981,0.6769203891695468,-0.0013173083325570105,-1.2600002401031938e-05,-0.0018281869100167881,0.06786843429547243,-7.187490991268248e-05,-0.0013945858527968475,225.29927733307704
432,OOF,2,45,0.06477414535865002,0.004534083177112511,0.001634115760625831,0.1279141749566742,0.0023596198021899636,0.9942548012237007,0.005745198776299239,0.003928115523698707,0.6797933146039106,-0.0008708300285293696,-1.0338351010059285e-05,-0.0017891382924627912,0.06671975488337523,-6.543526213328403e-05,-0.0012767290984096278,225.55536587536335
432,OOF,2,46,0.06412168781767144,0.004887892650587732,0.0015734981659396344,0.12666987746940325,0.002302459899191968,0.9941727991064875,0.005827200893512593,0.003990353327523658,0.680790109959079,-0.0006545798119464211,-1.2015765561651876e-05,-0.0020499975031123352,0.06553225007278335,-6.049420872652569e-05,-0.0012399722952229973,225.80309991631657
432,OOF,2,47,0.06348581075625946,0.00545818738962741,0.001517040375005259,0.12545458113751368,0.0023201557612070587,0.9935199990151431,0.006480000984856923,0.004431376749473128,0.679422955962634,-0.0006970356404322614,-1.4993059832625274e-05,-0.0022987503898462347,0.06444039462868784,-5.78520830987499e-05,-0.0012820235594655283,226.04288087505847
432,OOF,2,48,0.06282634232529559,0.005666531806106157,0.0014625934402687237,0.12419009121032246,0.0023311514044792115,0.9929228740095569,0.007077125990443041,0.004816637931722012,0.6757757293973895,-0.0009702510117442189,-1.6169222983024786e-05,-0.0022685467768253325,0.06355615810563599,-5.66579444186526e-05,-0.0013559880272716264,226.2838761662133
432,OOF,2,49,0.06212811026227329,0.005488798117764966,0.001409209104584664,0.1228470114199619,0.002325835579455487,0.9924518851840688,0.007548114815931197,0.005097165707512309,0.6701927353886041,-0.0014052478514132995,-1.5178017809897472e-05,-0.0019956575590234665,0.06290100721314969,-5.540078805360662e-05,-0.0014196498774804488,226.5401207502
432,OOF,2,50,0.06139790812468754,0.005231588029140972,0.0013571018863123127,0.12143871436306276,0.002336132258664232,0.9918469584796634,0.008153041520336624,0.0054456727098511895,0.6624857607641129,-0.0019153985343345547,-1.3797246174250535e-05,-0.001678484847549328,0.0624413423825648,-5.416746400245669e-05,-0.0014528665179634314,226.7961124163121
432,OOF,2,51,0.060657115443090125,0.0049783234738076465,0.0013058552440318055,0.12000837564214845,0.0023617327648633446,0.9911048432898456,0.008895156710154336,0.00584843293343373,0.6516366596852725,-0.002405449164973116,-1.2503069063610817e-05,-0.0013931010670993687,0.062145605863970416,-5.428819880872002e-05,-0.0014284299468873985,227.04263949999586
432,OOF,2,52,0.059923521621649156,0.004594585010222978,0.0012539551379461497,0.11859308810535216,0.002360639804722524,0.9905684945952022,0.009431505404797773,0.006100875130316221,0.6407603488703325,-0.002779410615300344,-1.0655604095702849e-05,-0.00111913265751971,0.06199048911144728,-5.552421909564301e-05,-0.0014159000587165714,227.29531662538648
432,OOF,2,53,0.059195563614885,0.004137441135051887,0.0012006932973447843,0.1171904339324252,0.002321919136331602,0.9903334050680022,0.009666594931997882,0.006142463670733711,0.6292895280434565,-0.002971303265006786,-8.642755590398363e-06,-0.0008854420437829097,0.06188544789725293,-5.622536450003411e-05,-0.0013767285329294534,227.54362954106182
432,OOF,2,54,0.05849442973374157,0.003860105702179673,0.0011469068247982614,0.11584195264268488,0.002251151516268937,0.9903723418601358,0.00962765813986422,0.0060207548891199215,0.6193395146234028,-0.0029475349012499383,-7.522633358285123e-06,-0.0007738338760857873,0.06173629806798651,-5.553217258836062e-05,-0.001334842177063987,227.78494637506083
432,OOF,2,55,0.057805023370757457,0.003739518329281399,0.0010940057652978684,0.11451604097621705,0.002140578851656693,0.9907727534212146,0.00922724657878534,0.005704240772631159,0.6124910923558843,-0.002728983847946879,-7.057116420866303e-06,-0.000757755697522086,0.06149363261218545,-5.340840939747719e-05,-0.0013378238671668636,228.0261157504283
432,OOF,2,56,0.05711355391596812,0.003679874912225056,0.0010433493725377232,0.11318375845939851,0.00200156217571395,0.9914552407024481,0.008544759297551897,0.005235222874132234,0.6074470882159113,-0.002380906729505145,-6.829092637620838e-06,-0.0007923850689101938,0.06111969032269116,-5.028891617484343e-05,-0.0013502832126219006,228.26912508299574
432,OOF,2,57,0.05641693526105955,0.003768179640420241,0.0009957232377160621,0.11183814728440304,0.0018735114683538876,0.9920807557378203,0.007919244262179792,0.00481647159182668,0.6033819160786824,-0.0020025173115197008,-7.156261080741127e-06,-0.0008964982852144817,0.06063420315675537,-4.723812506602995e-05,-0.0013691118931756173,228.51683133328333
432,OOF,2,58,0.055711966057548745,0.003922681010135567,0.000950745351619405,0.11047318676347809,0.00177397428374213,0.9924834680316614,0.00751653196833858,0.004541817507202515,0.5997019383011584,-0.001692412582583914,-7.751981167905618e-06,-0.0010235721987276636,0.06010455079859114,-4.534099444680271e-05,-0.001393197725495939,228.77323775039986
432,OOF,2,59,0.05499552480846354,0.0038300977682925548,0.0009072802418270024,0.10908376937510009,0.0016772657265814346,0.9928821364889573,0.007117863511042705,0.004272951011152355,0.5960407533080254,-0.001508984343054031,-7.387407012152828e-06,-0.001030481189469355,0.05955923738609966,-4.4217039747794215e-05,-0.0014088790831238472,229.02363466611132
432,OOF,2,60,0.05427179759575882,0.0035413136798111465,0.0008649146771612709,0.10767868051435638,0.001585558860256074,0.9932532649003949,0.006746735099605089,0.004023442122820213,0.592330507368352,-0.0014474891806088852,-6.313043723080633e-06,-0.0009294052896453299,0.058970955254377164,-4.264262942993888e-05,-0.0014059802926713132,229.27812350029126
432,OOF,2,61,0.053550944128181614,0.003449629897308292,0.000824251437580647,0.10627763681878258,0.0015328914731309578,0.9932800636699461,0.0067199363300538715,0.003982860802300854,0.5887103741749604,-0.0014533401762712207,-5.99022715931476e-06,-0.0008854210697787835,0.05833223891990567,-4.0374010302734465e-05,-0.0013941126619574358,229.52607662510127
432,OOF,2,62,0.05283776445461439,0.0035293207569090743,0.0007858567163282459,0.10488967219290053,0.0015014726269557683,0.9931259396463853,0.0068740603536146675,0.004051627435646868,0.5853565574250451,-0.0014593531496618682,-6.271160840680684e-06,-0.0009060223771965648,0.05764710703299995,-3.7904614432366844e-05,-0.0013834564844685563,229.769564000424
432,OOF,2,63,0.05213169662212841,0.003468233714578688,0.000749862373040575,0.10351353087121624,0.001445591720848806,0.9932298120729255,0.00677018792707446,0.003970739054834349,0.5825327816162954,-0.0014186764926990016,-6.05531819158541e-06,-0.0008883538557945255,0.05688626937644941,-3.549759544675508e-05,-0.0013673064607404733,230.04563854122534
432,OOF,2,64,0.05143505989817101,0.0032656822402469935,0.0007161518090624451,0.10215396798727958,0.0013614858180332114,0.9936381318793676,0.006361868120632372,0.0037173066812549766,0.5805932465663459,-0.0013147045916094258,-5.366481092112196e-06,-0.0008381720818510576,0.05602348627500569,-3.3457842251227145e-05,-0.001342019807013342,230.35406229132786
432,OOF,2,65,0.05075102142643391,0.0030343192961516286,0.0006842927025991431,0.10081775015026867,0.0012630018888292525,0.9942206211492043,0.005779378850795671,0.0033705482535405424,0.5798319620087007,-0.0011531743153676889,-4.630307094393083e-06,-0.0007965469844333303,0.0550618570973671,-3.182295610754848e-05,-0.0013140895290770737,230.69308870797977
432,OOF,2,66,0.05008013660865984,0.0027803495544121977,0.0006540094581189068,0.09950626375920078,0.0011551110906132935,0.9949308021750506,0.005069197824949374,0.0029564839268473235,0.5802687183519472,-0.0009491883280620326,-3.884864971423414e-06,-0.0007624819460263724,0.053999380565995604,-2.9984446527239764e-05,-0.0012873836056265346,230.9814128750004
432,OOF,2,67,0.0494231997771983,0.002596368473298604,0.0006255870943820533,0.09822081246001454,0.0010541375713621663,0.9956088991508081,0.004391100849191995,0.0025642923146000224,0.5814105246317877,-0.0007199312180107151,-3.3854303908335305e-06,-0.0007675898915393116,0.05284417357165076,-2.7907139807368796e-05,-0.001260918017230818,231.26534416619688
432,OOF,2,68,0.048783054003889256,0.00255604311656301,0.0005991061933969857,0.09696700181438153,0.0009751265645232504,0.9960980742735615,0.0039019257264385518,0.002280928302343043,0.582283838496778,-0.0004876718036220162,-3.2794744726787176e-06,-0.0008371964091295512,0.051644232490200795,-2.6171613416866534e-05,-0.00123044542720374,231.54309550020844
432,OOF,2,69,0.0481625427890418,0.0027115639023570373,0.0005742094169543207,0.09575087616112928,0.0009302108722045771,0.9962595721469513,0.0037404278530488097,0.002186178528213702,0.5822866716650484,-0.0002864398847501993,-3.690091920884048e-06,-0.0009828526421880673,0.050466806439640126,-2.4701682301172155e-05,-0.0012016632780060834,231.82176204118878
432,OOF,2,70,0.047558656453082715,0.00308241908785752,0.0005506590965571295,0.0945666538096083,0.0009251532649110868,0.9960166972705341,0.003983302729465996,0.002325612261076241,0.5815145874487797,-0.00015496590663610193,-4.769652687161568e-06,-0.0011926418952423105,0.049393987213484904,-2.361517877464888e-05,-0.0011902854615702273,232.08078220812604
432,OOF,2,71,0.046960676647683025,0.003147532099622045,0.0005280400901015906,0.09339331320526446,0.0009004588548214571,0.9959896875093661,0.0040103124906339035,0.002335564388488477,0.5800540608447556,-0.00011459485328213269,-4.973424144041651e-06,-0.001235185330480965,0.04842555722370683,-2.2900120717761573e-05,-0.0011783597160792154,232.3212251663208
432,OOF,2,72,0.04636889561298746,0.0029060620069330406,0.0005061800288925807,0.09223161119708234,0.0008540433330988812,0.9962075588004764,0.0037924411995235085,0.0022003516145010227,0.5779936444789598,-0.00015412574668856834,-4.2386731126134344e-06,-0.0011134248289994277,0.04749386698720046,-2.196594403480344e-05,-0.0011484241813409595,232.5627782503143
432,OOF,2,73,0.04579128352046343,0.0028635545140516523,0.0004852294721356082,0.09109733756879125,0.0008386590935591603,0.9960995320730586,0.0039004679269413946,0.0022535380767022446,0.575507417509308,-0.0002416630401694243,-4.116026657436564e-06,-0.0010511488119549406,0.046606416716876126,-2.1142908178362176e-05,-0.001116284723130723,232.80465470813215
432,OOF,2,74,0.04522835453908418,0.002726700527051137,0.00046502880226036684,0.089991680275908,0.0008163254536936956,0.9960760662255225,0.003923933774477578,0.0022551541564232226,0.5724625363131282,-0.0003398813412660115,-3.732092365392507e-06,-0.0009473778345317271,0.045723377814378824,-2.0342000772377604e-05,-0.0010754645320340732,233.04568637534976
432,OOF,2,75,0.04468462966485816,0.002448791961021941,0.0004455512812243603,0.08892370804849195,0.0007753871562025422,0.9962721208597758,0.0037278791402241824,0.0021291294905394563,0.5690078120390127,-0.00040419311175875043,-3.00951012419713e-06,-0.0008042886910766464,0.04481308455517355,-1.981150243771804e-05,-0.0010247912586510645,233.28595095826313
432,OOF,2,76,0.04416491190664744,0.002047101051260675,0.00042659369977816376,0.08790323011351671,0.0007100151302001068,0.9967600328265773,0.0032399671734226693,0.0018387708602880574,0.5656888495956927,-0.0003913624621190917,-2.1021221638416524e-06,-0.0006467075883435,0.043858113092085996,-1.8879075096982896e-05,-0.0009786994819062603,233.5280702500604
432,OOF,2,77,0.04366755098377061,0.0019199691735671015,0.00040901212757225077,0.08692608983996898,0.0006618064477909569,0.9970780991810767,0.0029219008189233387,0.0016494670872895455,0.5628690397035538,-0.00029578343618700875,-1.8485420703130315e-06,-0.0006308019771879627,0.04285166218463582,-1.6946651829412752e-05,-0.0009697353836614687,233.77007454121485
432,OOF,2,78,0.043176331266029315,0.002244576565294513,0.0003935499605817654,0.08595911257147687,0.0006707821269860794,0.9967600029971753,0.003239997002824754,0.0018193765055346694,0.5597171014444348,-0.0002383199095910368,-2.5272502620089533e-06,-0.0007774889842609242,0.04190447269699653,-1.654139819564485e-05,-0.0010008871182552472,234.0209713750519
432,OOF,2,79,0.04267211870473358,0.0014612613011701578,0.00037886321671644504,0.08496537419275071,0.0006021465347474729,0.9973602963941344,0.002639703605865601,0.0014682082518537544,0.5547337261590004,-0.00040893879762250696,-1.0704680134237497e-06,-0.0004044553686922946,0.04073427647438069,-1.3665584928980738e-05,-0.0009583422671800136,234.2874563750811
432,OOF,2,80,0.04218969385673761,0.0019243460832898231,0.00036668566863991736,0.08401270204483531,0.0006600461830224036,0.9964928334056806,0.0035071665943194035,0.0019361083290412413,0.5501073367063835,-0.0005352749167204612,-1.8580704868779106e-06,-0.0005279344092565843,0.03966105933271022,-1.2765435129896233e-05,-0.0009526509169152004,234.56651583313942
432,OOF,2,81,0.041707099612739766,0.0016426220746374868,0.00035514206255140565,0.08305905716292812,0.0006108223660686931,0.9969084860951629,0.0030915139048371698,0.0016986336067280048,0.5477517842193798,-0.0004926869849214805,-1.3532873466927216e-06,-0.00043638931655209164,0.03859467340905048,-1.1200053583181531e-05,-0.0009536231061803062,234.8463575830683
432,OOF,2,82,0.041223139058026305,0.002030199163675066,0.00034527783089407843,0.08210100028515853,0.0006265259013507264,0.9965598974357546,0.0034401025642453713,0.001887041124971816,0.5466550705506321,-0.00043042493352579854,-2.067968345300917e-06,-0.0005990676974323128,0.0377257956845892,-1.1393366519650871e-05,-0.0009848434276942045,235.18673645798117
432,OOF,2,83,0.040724029322356026,0.0017262726421498102,0.0003350650640228172,0.08111299358068924,0.000598041594730585,0.9967444506743757,0.0032555493256243794,0.001780085750581532,0.5450049795440844,-0.0005109780190826783,-1.4948752576543925e-06,-0.00045768270374207145,0.03690357503047314,-1.0170062592641342e-05,-0.0010017708879340016,235.50948408339173
432,OOF,2,84,0.04021537945924583,0.0020925589919139394,0.0003256391686287781,0.08010511974986288,0.0006244561408559035,0.996254463302467,0.0037455366975328954,0.0020463960262505376,0.5443094913952916,-0.0005271390063144142,-2.1976328819269027e-06,-0.000584536141045435,0.036361064547437365,-1.0872227913214558e-05,-0.0010516264467598478,235.78849304141477
432,OOF,2,85,0.039691149177047434,0.0016283715867163992,0.000315732553942387,0.07906656580015248,0.0005412263934916441,0.997136616461641,0.0028633835383590563,0.001559524458999335,0.5430844039939333,-0.0003826061937392345,-1.3296041789311267e-06,-0.00046301761341144943,0.03579391387099513,-1.0002783998736975e-05,-0.0010124862952977198,236.06741916621104
432,OOF,2,86,0.03917771035648204,0.0018157577071520566,0.00030636724174943264,0.07804905347121466,0.0005262116347736553,0.9971721533730474,0.002827846626952537,0.0015425043796738025,0.5439270995839969,-0.0002544085971196393,-1.6531629167188936e-06,-0.0005829481732952256,0.03531218884090848,-1.0445361662354894e-05,-0.0010292598648134433,236.3451340002939
432,OOF,2,87,0.03865857222106039,0.0017074762666764254,0.0002972368032414203,0.07701990763887935,0.0005077049089046527,0.9972567677406053,0.002743232259394563,0.0014949095180075399,0.5434496582953898,-0.0002795521597894409,-1.4617475135659353e-06,-0.0005313941594407166,0.03479690579225885,-9.338143604791252e-06,-0.001024522858886,236.61450308328494
432,OOF,2,88,0.03813947336514268,0.0015092691987727957,0.0002884481326603542,0.07599049859762501,0.00046337248448464504,0.9976893049692855,0.0023106950307144832,0.001261138997502895,0.5445222641515236,-0.00019267443746534202,-1.141584611070078e-06,-0.0004929022402536468,0.034304057404693986,-9.136254996459161e-06,-0.0010118846898329236,236.85869275033474
432,OOF,2,89,0.037634863777774565,0.0022137736645457358,0.00028045186781913944,0.07498927568772999,0.0004984002138680378,0.9970826960604511,0.0029173039395490046,0.001593728392924746,0.5447080714706595,-2.5706590710108497e-05,-2.4575663870206864e-06,-0.0008399525622609427,0.033908105992851184,-9.393883701049387e-06,-0.0010439972593690363,237.09996758308262
432,OOF,2,90,0.03711059420787418,0.0017219812742706078,0.0002724410210863744,0.07394874739466198,0.0004517821247389342,0.9975658239062202,0.002434176093779878,0.0013280415379439134,0.5442534968468498,-0.000112224292536303,-1.4862274939048941e-06,-0.0006090807309536355,0.033348457783926526,-7.98861118909551e-06,-0.0010367128801695665,237.34075541608036
432,OOF,2,91,0.036590234739353376,0.0016092185104342215,0.0002648322178570819,0.07291563726084967,0.00043031423756823906,0.9977222273089303,0.0022777726910696984,0.0012421813959059692,0.5441069663817023,-0.00010613521815182648,-1.2977480823038267e-06,-0.000568446584788055,0.03286651998966396,-8.202629646630176e-06,-0.0010049310705104399,237.58094666618854
432,OOF,2,92,0.03609164100159274,0.002471585510004275,0.0002577541853622793,0.0719255278178232,0.00048760993266063954,0.9967927600419522,0.0032072399580478973,0.0017489060199992587,0.5435504924895339,4.7806540329159754e-06,-3.064195075516998e-06,-0.0009523351874459066,0.03256539972545783,-9.11587966374558e-06,-0.0010256122455260118,237.82052304130048
432,OOF,2,93,0.035578238842964474,0.002199745793700087,0.000250656677392797,0.07090582100853615,0.00047391433407953447,0.9968401792169022,0.0031598207830978043,0.001719033297363638,0.5423096997747517,-0.00016413207995949323,-2.4271100111065716e-06,-0.0007656892414254762,0.03213494640928321,-7.636090278272745e-06,-0.0010198905574221888,238.06178487511352
432,OOF,2,94,0.03506317942277805,0.0014580099642596714,0.0002435152378698187,0.06988284360768628,0.0003948629966926135,0.9978266912911756,0.002173308708824265,0.0011850159141627277,0.5440738832708535,-0.00015460263770127576,-1.0652115615036001e-06,-0.0004890683608934963,0.03155112862238043,-7.194366613977999e-06,-0.0009770728203847563,238.3014001250267
432,OOF,2,95,0.03457960678219026,0.003211710888967073,0.00023776451627682013,0.06892144904810371,0.0005323666496867409,0.9957107406887381,0.004289259311262006,0.0023408411773966787,0.5434040083472047,-6.441053959593758e-05,-5.179760754199895e-06,-0.0012024321783514079,0.031522446656103126,-1.0824154159877316e-05,-0.001010940532606435,238.54456400033087
432,OOF,2,96,0.03407495344631112,0.0028931926956225636,0.00023234525174326877,0.06791756164087896,0.0005345855413665889,0.9955346188466669,0.004465381153333114,0.0024289603795814357,0.5415246901992447,-0.000373864783819938,-4.2040546935982534e-06,-0.0009372731785455404,0.03123089010017901,-7.517386208720032e-06,-0.001029169244317592,238.80352158332244
432,OOF,2,97,0.03355264352547498,0.0018046549472199515,0.00022537539533139833,0.06687991165561857,0.0004249860204832679,0.9970052957180231,0.0029947042819769448,0.0016367931207682772,0.5449257274656562,-0.0003465409610986836,-1.6332809326654475e-06,-0.000543756440014086,0.030935070052175218,-8.318023665446248e-06,-0.0010203762392981854,239.0651908754371
432,OOF,2,98,0.03305987411491827,0.005532735563186207,0.00022301367399100926,0.06589673455584553,0.0007037871644019738,0.9926793627046674,0.007320637295332554,0.0040306274251876535,0.5465535994094727,-9.679107601740464e-05,-1.5418454317787886e-05,-0.0020907443967796537,0.031623495222248846,-1.661838038125332e-05,-0.001178763488363558,239.33038025023416
432,OOF,2,99,0.032469630644204175,0.002961846407194048,0.00021589891532524018,0.06472336237308311,0.0005275443310047394,0.9951688471538866,0.004831152846113339,0.0026510278752691265,0.5460850522514189,-0.0005353660117654482,-4.407560669175451e-06,-0.0009079131233516848,0.031198131344269575,-4.896540582779345e-06,-0.0012134286836350428,239.59612666629255
432,OOF,2,100,0.03186029241263205,0.0030165473782335847,0.00021120176242648788,0.06350938306283761,0.0005257971263328276,0.9950299462410573,0.00497005375894262,0.0027473231258599872,0.5500280107257562,-0.0005910935716056574,-4.572504636419979e-06,-0.0009154385974955578,0.03151815611335902,-1.0332864095209961e-05,-0.001241099404829832,239.8518439163454
612,IN,0,1,0.005428665798644936,0.008355534314904227,0.005249556016899529,0.005607775580390343,0.005389782120746802,0.6085470528723127,0.3914529471276873,0.007850157185004892,0.012203740078014726,5.0734855617750715e-05,-5.736200130952803e-05,-8.917413216558213e-05,0.004123061982489118,-2.226111862214087e-05,-3.952833309199548e-05,240.8129070410505
612,IN,0,2,0.00539936142847691,0.007730853888368952,0.005228812279812608,0.005569910577141212,0.005367222761870805,0.5942211288001356,0.4057788711998644,0.007701879924316215,0.01127860543595453,3.7066664360322385e-05,-5.0289445247420265e-05,-7.364368389436404e-05,0.05858054067500932,-2.397298710443287e-05,-4.0697903425240704e-05,241.2462197910063
612,IN,0,3,0.0053638142976304235,0.008028691584072564,0.005202376042693325,0.005525252552567523,0.005335687633911434,0.5871127593950652,0.4128872406049347,0.00807376809656628,0.011480646045021472,4.026350771048516e-05,-5.4895663158959606e-05,-7.805991831778975e-05,0.06711757775134074,-3.131629530082058e-05,-4.802858038702989e-05,241.7024862500839
612,IN,0,4,0.005321050660047651,0.00813876753603548,0.005168672069896937,0.005473429250198364,0.005291255181042398,0.5977679310977455,0.4022320689022546,0.007994880241324984,0.011881407253961225,4.275525190685992e-05,-5.54057298490254e-05,-8.233995015166447e-05,0.07120905890657153,-3.712957342822139e-05,-5.5656483009745255e-05,242.1469592913054
612,IN,0,5,0.005272273923410479,0.008095331347289037,0.005129813307578404,0.005414734539242554,0.005239470165281217,0.6151327261140329,0.38486727388596703,0.007687334860899197,0.012286654570004949,4.3955815413978637e-05,-5.3268495432197036e-05,-8.513894798160706e-05,0.0735973220345251,-4.0741472146492315e-05,-6.268759449523592e-05,242.6259615411982
612,IN,0,6,0.00521894268022027,0.007951322857125393,0.005088063577761541,0.005349821782678999,0.005184862282201433,0.6301980124351172,0.36980198756488286,0.007356921726850689,0.012537297272066658,4.340868560422561e-05,-5.0161642793783e-05,-8.548295750729568e-05,0.07501181311234167,-4.265257832955749e-05,-6.865982840441734e-05,243.11342150019482
612,IN,0,7,0.005162453732695969,0.007736201111931916,0.005045122662992654,0.005279784802399284,0.005129914013232829,0.6386662524488205,0.36133374755117964,0.007100311946812833,0.012549975342799214,4.056230583828737e-05,-4.6854524890566845e-05,-8.281652080640428e-05,0.07576614676166894,-4.330772973597967e-05,-7.280369136644828e-05,243.581125583034
612,IN,0,8,0.0051042541143516956,0.007539916953279842,0.005002126282169144,0.005206381946534247,0.005075756520231062,0.6395192354112356,0.3604807645887644,0.006986225464527154,0.012394074820002658,3.6713432596874296e-05,-4.4447723003827865e-05,-7.885351070980379e-05,0.07608191635829066,-4.324438975025882e-05,-7.510265631490685e-05,244.0130437500775
612,IN,0,9,0.005045322409502306,0.00746762730184778,0.004959475143557721,0.005131169675446891,0.005022388850235206,0.6335718675182012,0.3664281324817989,0.007061489354812374,0.012209654776467257,3.3883746852269354e-05,-4.4008786041703734e-05,-7.609330804052322e-05,0.07619237393052204,-4.336939049432179e-05,-7.635046596724176e-05,244.45292045827955
612,IN,0,10,0.004985688951395697,0.007535502232566846,0.004916578153738172,0.005054799749053223,0.004968437720613394,0.6248085058125836,0.3751914941874163,0.007272909038235955,0.012111616333234695,3.3027356554955355e-05,-4.544095780448025e-05,-7.567308264810393e-05,0.07648987039928644,-4.4551447168579144e-05,-7.780675007637823e-05,244.88710829103366
612,IN,0,11,0.004924416530612796,0.007674371758088704,0.004872080383773748,0.004976752677451843,0.004912145693333568,0.6172309963605491,0.3827690036394508,0.007516383826043234,0.012120482677189327,3.3541743781471224e-05,-4.770983815510297e-05,-7.693410558503132e-05,0.07714787167644409,-4.7129079265622734e-05,-8.035671642592724e-05,245.33146762521937
612,IN,0,12,0.0048601890195324165,0.0077934350835947705,0.004824519087500861,0.004895858951563973,0.004852212982888905,0.611803361952804,0.3881966380471959,0.0077201329827652175,0.012167038172556906,3.3937538440059266e-05,-4.963819601149174e-05,-7.823049512708752e-05,0.07806898682828013,-5.0883232023352775e-05,-8.405490895572161e-05,245.78857237519696
612,IN,0,13,0.004792004272898669,0.007814250449537085,0.004772881711394602,0.004811126834402736,0.00478789613844012,0.6074159039225381,0.3925840960774618,0.007853084374238019,0.01215048798822596,3.261533489881926e-05,-5.026416800561551e-05,-7.776997425290774e-05,0.07909415453262797,-5.514836596180937e-05,-8.821860051094758e-05,246.21599333314225
612,IN,0,14,0.004719691350479772,0.007693917950600484,0.004716983878313909,0.004722398822645636,0.004719137550716115,0.6022724758983137,0.3977275241016863,0.007919737886386544,0.011992733357021085,2.8583125849779976e-05,-4.914417958605743e-05,-7.44182509926541e-05,0.08008211498666624,-5.9056219041713416e-05,-9.173511623941168e-05,246.65187808312476
612,IN,0,15,0.0046440931628636975,0.007441523155899328,0.0046575337142926,0.004630652611434795,0.004646640768137023,0.5947730934553452,0.40522690654465476,0.007955635884612108,0.011676910118932751,2.1982666129963144e-05,-4.6552431077603454e-05,-6.832748021593132e-05,0.08089897132309166,-6.187038419491013e-05,-9.363616731207165e-05,247.1048546251841
612,IN,0,16,0.00456678954845716,0.0071114409198539804,0.00459585963405692,0.004537719462857399,0.00457169064040382,0.5842978588735374,0.41570214112646264,0.008007742383533405,0.011255430911254444,1.3973707054675608e-05,-4.327637966539196e-05,-6.0827918542267874e-05,0.08144475017106724,-6.325438676769165e-05,-9.35246605385072e-05,247.55160237522796
612,IN,0,17,0.004489553198047831,0.00677816133915696,0.0045334583158571865,0.0044456480802384755,0.004495873711245128,0.5719792305847061,0.42802076941529393,0.00810333907317593,0.01082877743193118,6.082254832416233e-06,-4.016183515324179e-05,-5.3669674958068085e-05,0.08165434727478631,-6.325893274172046e-05,-9.174012552595497e-05,248.02055520843714
612,IN,0,18,0.004413785960227755,0.006517982836273676,0.0044716188194103825,0.004355953101045127,0.004420758335918188,0.5602803993177591,0.4397196006822408,0.008244612192904045,0.010505091436664052,-3.889841778666576e-07,-3.7913248710547594e-05,-4.830817205787804e-05,0.0815133677133574,-6.228972900844453e-05,-8.92993311070313e-05,248.5117868334055
612,IN,0,19,0.004340018587727463,0.00639313336229752,0.00441109288601925,0.004268944289435676,0.0043473236486949556,0.5513903136792269,0.44860968632077314,0.008424053478822765,0.01035408202670273,-4.606277469148852e-06,-3.7062814828389513e-05,-4.555424841952301e-05,0.08110979772578797,-6.111279111723554e-05,-8.751897317790878e-05,249.000840541441
612,IN,0,20,0.0042676681276643275,0.006421587566515162,0.004351794268848747,0.004183541986479907,0.00427539936317071,0.5459502563503632,0.45404974364963685,0.008628788251523292,0.010375271044194787,-6.349962791329114e-06,-3.7766066042433035e-05,-4.540998805875563e-05,0.08061689372560704,-6.061407050406502e-05,-8.746721416894324e-05,249.4511399162002
612,IN,0,21,0.004195240818844259,0.006560163240527055,0.00429276904259123,0.004097712595097289,0.004203643970404505,0.5430806141924922,0.45691938580750785,0.008835936995568913,0.010502128470734893,-6.080909135183719e-06,-3.962187253392609e-05,-4.709336381767422e-05,0.08020253872779096,-6.147591228057467e-05,-8.957083638566479e-05,249.89616312505677
612,IN,0,22,0.004120832833126113,0.006726269590488129,0.004232471057193363,0.004009194609058864,0.004130130968244109,0.5416440479758768,0.4583559520241231,0.009006653727268303,0.010643257411649962,-4.742655360033539e-06,-4.1764238684978874e-05,-4.935323999190071e-05,0.0799846232984567,-6.397013117728927e-05,-9.355894056633586e-05,250.32082554139197
612,IN,0,23,0.004042689901539566,0.0068359307830033545,0.004169214150998255,0.003916165652080877,0.004053155259845899,0.5413571246267334,0.4586428753732666,0.00908769511404291,0.010726621431585074,-3.376541371553922e-06,-4.316000246808725e-05,-5.0943721334362464e-05,0.08002695453404776,-6.788000884345815e-05,-9.869679722104167e-05,250.79550791624933
612,IN,0,24,0.003959672071159952,0.006830529576625274,0.004101698867548771,0.0038176452747711335,0.003971891728930081,0.5430188460235176,0.4569811539764826,0.009023800714314967,0.010722748209624587,-2.7517803973689443e-06,-4.29599586080775e-05,-5.1048203947983464e-05,0.08032896360100845,-7.25614623717536e-05,-0.00010404512595146139,251.253182166256
612,IN,0,25,0.0038715402068968657,0.0066915557493317,0.004029407570094507,0.003713672843699224,0.0038867612891075416,0.5482084513935297,0.45179154860647025,0.008777586918368694,0.010650813071499968,-3.0942768671921086e-06,-4.0839317811128705e-05,-4.9554842808067585e-05,0.08082010447437302,-7.720324412529005e-05,-0.00010867286019653209,251.700530000031
612,IN,0,26,0.0037788854507537963,0.006453474102326907,0.003952560121939499,0.003605210779568094,0.003799219349352701,0.5585401960460944,0.4414598039539056,0.008356241409007089,0.010572416045567402,-3.893347821118016e-06,-3.728230151046021e-05,-4.7170011421643075e-05,0.08138180876920177,-8.141979970667051e-05,-0.00011209067438119907,252.16192254098132
612,IN,0,27,0.0036826327546293962,0.00620315927297512,0.0038716037801909235,0.0034936617290678685,0.00371077697642715,0.5744670293081261,0.4255329706918739,0.007828609967020686,0.010568577809738779,-4.033139399765714e-06,-3.34912040228319e-05,-4.521293015595704e-05,0.08193203217248302,-8.520597587806376e-05,-0.00011434509890017995,252.60845800023526
612,IN,0,28,0.003583933105484685,0.006025043604147761,0.0037872492182562463,0.0033806169927131234,0.003621960788899501,0.5935186171337593,0.4064813828662407,0.007305048235296313,0.01066637319558422,-2.6841568135450212e-06,-3.05813072951179e-05,-4.465290658075149e-05,0.08240999003101986,-8.769640113684752e-05,-0.00011494646125363817,253.04657029127702
612,IN,0,29,0.0034844879594891224,0.005950191853561504,0.0037010407890858115,0.003267935129892433,0.003531497596351107,0.6085408049147549,0.39145919508524496,0.0069159020842595245,0.01075107871754155,-4.195711796852254e-08,-2.908990063464128e-05,-4.5221549958074015e-05,0.08271299103447081,-8.854649622322029e-05,-0.00011422413316261666,253.5041212909855
612,IN,0,30,0.0033851030352304154,0.005948129825635216,0.003614010823043456,0.0031561952474173753,0.0034361818287078714,0.6115706764838726,0.3884293235161274,0.006758693996604388,0.010641367191937085,2.5466892679858297e-06,-2.892572337348177e-05,-4.5542710450312145e-05,0.08288217396362262,-8.929368048921756e-05,-0.00011335785294992085,253.99873916618526
612,IN,0,31,0.0032858479702586557,0.005996126880425306,0.0035261236576031923,0.003045572282914119,0.0033348241540500046,0.6019166448603699,0.39808335513963017,0.006831266873315105,0.010329126258216347,4.463162497276932e-06,-2.986587750410131e-05,-4.515830303121816e-05,0.08299309208017815,-9.012812558795268e-05,-0.0001113571769450408,254.4930199161172
612,IN,0,32,0.003187442062886835,0.0061161687620009,0.003437577116114219,0.0029373070096594513,0.0032306313166450508,0.5863318699257936,0.4136681300742064,0.007043036331440707,0.009982776921751611,6.804962508408078e-06,-3.1899613720477054e-05,-4.521440933649545e-05,0.08300353548067009,-9.07245986259594e-05,-0.00010803950452444378,254.97350362502038
612,IN,0,33,0.003090577325135405,0.006252693201166844,0.003348598295473333,0.002832556354797477,0.0031294277608535756,0.5752854228617317,0.42471457713826843,0.007195893159478228,0.009746998718554866,9.867850327874584e-06,-3.3979804384261904e-05,-4.6026407347904705e-05,0.08287395967910623,-9.104426213657937e-05,-0.00010441420737169242,255.41049383301288
612,IN,0,34,0.0029955714724506804,0.006319625355488809,0.003259504923885639,0.002731638021015722,0.003032979160951952,0.5708657585802275,0.4291342414197725,0.007195793406433052,0.009572370752702964,1.2631940467592871e-05,-3.4979909053456004e-05,-4.653283376036946e-05,0.08261694402518144,-9.086353471617367e-05,-0.00010027554416313806,255.85804216610268
612,IN,0,35,0.002903023061886433,0.0063092202059039015,0.003170966465986558,0.0026350796577863074,0.002940803253198676,0.5705003197207381,0.42949968027926183,0.007073667385665628,0.009395884771081754,1.4764052455548582e-05,-3.488714925354588e-05,-4.6340266866676056e-05,0.08226195122439257,-9.049012855460923e-05,-9.546788691990396e-05,256.2872384581715
612,IN,0,36,0.0028129674593545284,0.0062054256528130385,0.0030828456313254865,0.00254308928738357,0.002854115686433636,0.5762348188047152,0.4237651811952849,0.006797247566681872,0.009242880004699406,1.6021440474055807e-05,-3.3412860760883805e-05,-4.543472333424757e-05,0.0818873100473419,-9.071225166035086e-05,-9.161119696944257e-05,256.7396126249805
612,IN,0,37,0.002724500449754526,0.005969735293676143,0.0029944746340021433,0.002454526265506909,0.002773459561444979,0.5906736913140321,0.409326308685968,0.006332241180006999,0.009137668878632908,1.5837292551682665e-05,-3.0167027921356793e-05,-4.353218779287355e-05,0.08156279941825971,-9.050420713487548e-05,-8.918480584208094e-05,257.1830367501825
612,IN,0,38,0.0026374254972072924,0.005686960769755947,0.0029064997115812396,0.0023683512828333447,0.002696593271791166,0.609946942930855,0.39005305706914495,0.0058181213889602805,0.009098109322516744,1.5035697110131572e-05,-2.6511750875690063e-05,-4.1457850682875114e-05,0.08126669234941668,-8.907692802200653e-05,-8.760950539557578e-05,257.64213541615754
612,IN,0,39,0.0025517496116059645,0.0054551952789190904,0.0028198778592936373,0.002283621363918292,0.0026186577659932687,0.6247689397971253,0.37523106020287467,0.005435431625661732,0.009050127279624464,1.4279221668380263e-05,-2.3816129160329666e-05,-3.9654440539985375e-05,0.08100801207342152,-8.767343802439381e-05,-8.781631508760133e-05,258.0814945003949
612,IN,0,40,0.0024662321866974896,0.005172285699171743,0.0027342948686319164,0.0021981695047630628,0.002535422268842395,0.629055789574303,0.370944210425697,0.005170480310195556,0.008768220348488112,1.1988190660890692e-05,-2.1264043505553457e-05,-3.606005782265102e-05,0.08088475559309356,-8.711598521957055e-05,-9.001491842883947e-05,258.53582504112273
612,IN,0,41,0.0023797236858478076,0.004713219164118474,0.002649238491113381,0.002110208880582235,0.0024457896313032075,0.6225645941607918,0.3774354058392082,0.004926973626668135,0.008126845783075005,7.228441482861504e-06,-1.7841068298269025e-05,-2.942812802580218e-05,0.08093220641318519,-8.628847786175946e-05,-9.20523747544654e-05,259.0414365413599
612,IN,0,42,0.0022929095709332444,0.004164012751305128,0.0025654605182829724,0.0020203586235835167,0.002350564601174808,0.6057692714008118,0.39423072859918823,0.004730750946192104,0.007269203910198169,1.9136950066853694e-06,-1.4311556405738536e-05,-2.1990931877180166e-05,0.08105613558787281,-8.407019007081784e-05,-9.213122039494482e-05,259.53597879130393
612,IN,0,43,0.002207475486670393,0.003724222514029097,0.0024843177287377904,0.0019306332446029958,0.002252709391501517,0.5816961755787824,0.41830382442121766,0.004655588850848109,0.00647409387985552,-1.6401717796987505e-06,-1.1921888020151458e-05,-1.657865948654913e-05,0.08114200723398406,-8.100788661729361e-05,-9.066407877886747e-05,260.0286527504213
612,IN,0,44,0.002124311636477684,0.003449392938927007,0.0024062558961624497,0.0018423673767929188,0.0021578811347513073,0.5595321541767798,0.4404678458232202,0.004654275565383347,0.005912388061753059,-3.3790605722738526e-06,-1.0632375242692771e-05,-1.3506447473914846e-05,0.08114986344981878,-7.832383697976284e-05,-8.878343427836158e-05,260.4920861250721
612,IN,0,45,0.0020433617934138533,0.0032059864921674475,0.002330700579297835,0.0017560230075298717,0.0020699979944518716,0.5463498183095498,0.4536501816904502,0.004599846558622688,0.005539786895247302,-4.747291485117607e-06,-9.406381262981084e-06,-1.1328496937507678e-05,0.08107009253651991,-7.61676313293466e-05,-8.659066558372402e-05,260.92703687539324
612,IN,0,46,0.0019647035146226777,0.002912276774261198,0.0022572701095918252,0.0016721369196535303,0.001986356227330787,0.5370047590539044,0.46299524094609545,0.004483399627548457,0.00520006843226782,-6.2578494267717275e-06,-7.89690954028384e-06,-9.15922590540046e-06,0.08085350729606193,-7.385002396656176e-05,-8.382996259491789e-05,261.3560725003481
612,IN,0,47,0.0018887954973978243,0.0026722731345105947,0.0021862421120063466,0.0015913488827893022,0.0018970505655506332,0.5138765542241478,0.48612344577585215,0.004477415888132964,0.0047330345170866735,-6.8986674914759195e-06,-6.948209299224251e-06,-7.344887155185433e-06,0.08046209248490734,-7.12271019851257e-05,-8.065436151221413e-05,261.82282600039616
612,IN,0,48,0.0018159029594996957,0.002637664489407961,0.0021177049291206725,0.001514100989878719,0.0017976374791276062,0.4697392956132325,0.5302607043867673,0.004704696575567899,0.004167725115586374,-5.642180016850424e-06,-7.405463012841214e-06,-6.5602390495159015e-06,0.07992810288211541,-6.920249218898254e-05,-7.711329399644761e-05,262.26057608332485
612,IN,0,49,0.0017456575785818663,0.0027309865508537024,0.0020508073428781148,0.0014405078142856176,0.001704541565335773,0.43262978042778927,0.5673702195722107,0.004963128113005477,0.003784472557236974,-3.5904293828887667e-06,-8.619711215405657e-06,-6.5726815434261315e-06,0.07932594854852523,-6.868281209377346e-05,-7.352241969271742e-05,262.71958320820704
612,IN,0,50,0.0016773620709080441,0.0027598294810119036,0.001984341491895307,0.0013703826499207809,0.0016309203277387599,0.424356911254955,0.575643088745045,0.004983590651987222,0.003673840922240324,-2.718782373134493e-06,-8.9743545612791e-06,-6.615782342551398e-06,0.0786976907794731,-6.919672686945859e-05,-6.986882976997781e-05,263.17146154120564
612,IN,0,51,0.0016106933348842786,0.002721474360060404,0.0019175625980056372,0.00130382407176292,0.0015737380584423363,0.43978661129816793,0.560213388701832,0.004791868296011991,0.0037617799970358834,-2.995122649268511e-06,-8.420473136510237e-06,-6.610358518589583e-06,0.07803029528222594,-7.027898611662126e-05,-6.601833441581533e-05,263.6104729161598
612,IN,0,52,0.0015453701104937848,0.0026144259002676778,0.0018497938535014143,0.0012409463674861554,0.0015192230344372524,0.45705480164226703,0.5429451983577329,0.00457221765807476,0.003848922582053565,-3.826067641591385e-06,-7.477465244244748e-06,-6.294578908391876e-06,0.07732473003158791,-7.1391520752584e-05,-6.195366585926313e-05,264.04863641643897
612,IN,0,53,0.0014816462545476864,0.0023758827361933317,0.0017810935082446988,0.001182199000850674,0.0014544702574590897,0.45462306507560424,0.5453769349243958,0.004457787182820866,0.0037159856655648795,-5.181679069191831e-06,-6.2082406390916115e-06,-5.175153563217739e-06,0.07658479215010945,-7.116322170560817e-05,-5.738153401461215e-05,264.4946187082678
612,IN,0,54,0.0014203894041539343,0.0022287558241198256,0.0017126831476799932,0.0011280956606278753,0.0013800090402940083,0.43092502875223937,0.5690749712477605,0.004584627421378161,0.003471652775457507,-5.788232426814508e-06,-5.7635924953479854e-06,-4.36440958970359e-06,0.075793277021642,-6.970131813338304e-05,-5.320453132156265e-05,264.9449029164389
612,IN,0,55,0.001361712868242486,0.002247595276906125,0.00164549287349273,0.001077932862992242,0.00130904818440793,0.4072086072658379,0.592791392734162,0.004800595247736457,0.0032976924578161254,-5.367135954252943e-06,-6.202821402388519e-06,-4.260929384846985e-06,0.07497190152711214,-6.804593352586572e-05,-5.016323069937519e-05,265.3763177501969
612,IN,0,56,0.0013052192148882598,0.0022075650988507577,0.0015797963683968736,0.001030642061379646,0.0012517484985872414,0.4026307986339056,0.5973692013660945,0.004790135536606973,0.003228583081046308,-5.334469349389997e-06,-6.051876411589506e-06,-4.07900478842845e-06,0.0741449197822441,-6.641147097617254e-05,-4.727996552959804e-05,265.82170637510717
612,IN,0,57,0.0012509465269017709,0.002153775362141686,0.0015156523810475498,0.000986240672755992,0.001211436593245013,0.4253701173624236,0.5746298826375764,0.0045374010167508385,0.0033588138405830133,-5.7513905857375986e-06,-5.452602476323283e-06,-4.036292273277273e-06,0.0733085189436385,-6.508117995820286e-05,-4.381415990456901e-05,266.30844595842063
612,IN,0,58,0.0011990967038783174,0.0020554301616070654,0.0014528973858451213,0.0009452960219115135,0.0011779844167136267,0.4584077414586059,0.5415922585413941,0.004210300107549626,0.003563629525212713,-6.495487777616796e-06,-4.608117148939494e-06,-3.900344846713817e-06,0.07244661853245958,-6.33263999522787e-05,-3.9726535933342104e-05,266.77796825021505
612,IN,0,59,0.0011504019692001781,0.0018275676878460895,0.001392265463482881,0.0009085384749174751,0.0011376822169523212,0.473704687667769,0.526295312332231,0.004002667645019874,0.003602696779151809,-7.72186389573129e-06,-3.5254070105398666e-06,-3.1731269264570986e-06,0.07148680814836504,-5.9958037771765287e-05,-3.488070939317828e-05,267.23740087542683
612,IN,0,60,0.0011059353345021386,0.0016739726935608417,0.0013352303401959146,0.0008766403288083627,0.0010909840394379444,0.4673972509367219,0.5326027490632781,0.0040324964585363,0.003538805915753928,-8.641923004203903e-06,-2.9976476895953244e-06,-2.6306516289257955e-06,0.07034874831701945,-5.558928882407473e-05,-3.0199473183490674e-05,267.70911445841193
612,IN,0,61,0.0010658086081439227,0.0016277073350006994,0.00128244722855791,0.0008491699877299355,0.0010484624500923215,0.4599652222247965,0.5400347777752035,0.004123524478155623,0.003512140200966383,-9.149342834987001e-06,-2.8800342291098656e-06,-2.4530190253024208e-06,0.06905895269398045,-5.124716415978454e-05,-2.6696568357145076e-05,268.1934466250241
612,IN,0,62,0.001029344146556695,0.001582307480941144,0.0012338138311320393,0.0008248744619813505,0.0010156351068884985,0.4664765960375295,0.5335234039624706,0.004082411263921246,0.0035693828909391357,-9.541683736939122e-06,-2.6836254867981383e-06,-2.34637969548045e-06,0.06771129619452697,-4.72530450226706e-05,-2.4494740837672065e-05,268.645263875369
612,IN,0,63,0.0009956821077253943,0.0015663112318672185,0.0011889474436779543,0.0008024167717728341,0.0009878915701618928,0.47984496928768,0.52015503071232,0.003959160164061515,0.0036523401200743337,-9.545551942854418e-06,-2.5563786557096992e-06,-2.3582689104378356e-06,0.0663862451101656,-4.388150791384517e-05,-2.3452406546321244e-05,269.0809602914378
612,IN,0,64,0.0009639057331612272,0.0016016507160104892,0.0011471763242068347,0.0007806351421156195,0.0009563139454845844,0.4792880362492162,0.5207119637507838,0.003912799925690716,0.0036015269922201,-8.952665623212345e-06,-2.6761412992614707e-06,-2.463247625058098e-06,0.06513835884866415,-4.133345724460404e-05,-2.343240718896464e-05,269.51944183325395
612,IN,0,65,0.0009330865379852302,0.0016514526290716098,0.0011075880714877572,0.0007585850044827033,0.0009163107078246891,0.45193214115709124,0.5480678588429087,0.004024559538205505,0.003318617904642962,-7.850501763242911e-06,-3.01737311611073e-06,-2.4881004624367587e-06,0.06400689262775495,-3.9642560796857395e-05,-2.4106763162047316e-05,269.96809687511995
612,IN,0,66,0.0009025577748983486,0.0016755046953571785,0.0010693590599638104,0.0007357564898328868,0.000871095632359233,0.4056897477535378,0.5943102522464622,0.004225641050596906,0.00288451906295355,-6.3671855145504354e-06,-3.4599296626414097e-06,-2.3618269864539947e-06,0.06300397514090175,-3.835955654877351e-05,-2.486023392639767e-05,270.42901145806536
612,IN,0,67,0.0008722149785276991,0.0016580630606754542,0.0010322361790567254,0.0007121937779986729,0.0008288341792144762,0.36445296257681187,0.6355470374231881,0.004339331865765039,0.0024883797122147236,-4.863422124984732e-06,-3.7716432509408414e-06,-2.162840003411014e-06,0.06211711897670278,-3.698514954913391e-05,-2.5301732798121978e-05,270.9192557502538
612,IN,0,68,0.0008423648408052866,0.0015528879474355072,0.0009965033246703916,0.0006882263569401815,0.0007951635062279984,0.34688660030354085,0.6531133996964591,0.004193141400627125,0.0022270934354303327,-4.016526823449633e-06,-3.4758635461564798e-06,-1.8461273175617074e-06,0.06131079971805507,-3.51764125734436e-05,-2.5129689156723603e-05,271.37380170822144
612,IN,0,69,0.0008136503589565128,0.0013741709500023206,0.0009627658776583267,0.0006645348402546989,0.0007705781074904083,0.3555742157453244,0.6444257842546756,0.003788212676491833,0.0020902185859586154,-3.797707317356617e-06,-2.6553469236683694e-06,-1.4651383029422754e-06,0.06051505150006527,-3.293995708356931e-05,-2.3961460093521797e-05,271.8414687500335
612,IN,0,70,0.0007866815364744645,0.0012742209648320508,0.0009313449613672665,0.0006420181115816624,0.0007527780853666803,0.3828195477436432,0.6171804522563569,0.0033175782260967362,0.002057799775536279,-3.3909111472743784e-06,-2.12063239297383e-06,-1.315368188737704e-06,0.05967731123985655,-3.115547154315679e-05,-2.2299053900075566e-05,272.28128075040877
612,IN,0,71,0.0007612598723831459,0.0012511715635624974,0.0009015579222058003,0.0006209618225604915,0.0007345409671852259,0.4047780591686973,0.5952219408313026,0.0029444908152061115,0.0020023880096802123,-2.647326335298405e-06,-1.9336896430137385e-06,-1.3149971246700878e-06,0.05880117641601665,-3.0174766111468402e-05,-2.0953764246264578e-05,272.73715433338657
612,IN,0,72,0.0007368469416293353,0.0012066943507866314,0.0008725968365996103,0.0006010970466590603,0.0007115546838202086,0.4068424405975969,0.5931575594024031,0.002687470766112425,0.00184331658290157,-1.9369085240566276e-06,-1.7895272357543843e-06,-1.2274236694272086e-06,0.057898525085920166,-2.933261522756907e-05,-1.9933896773559048e-05,273.1799413333647
612,IN,0,73,0.0007132970959785915,0.0011805657881991203,0.0008444123888746273,0.0005821818030825557,0.0006880116396730584,0.40357548785105296,0.5964245121489471,0.002498914926104214,0.0016909110706518544,-1.3302991975744177e-06,-1.7267346781732624e-06,-1.168409037419096e-06,0.05698106285529756,-2.833661818668894e-05,-1.90419355273365e-05,273.64065545843914
612,IN,0,74,0.0006906484909208017,0.0011782947896431454,0.0008171989195173586,0.0005640980623242448,0.000667716567841809,0.4093961066220497,0.5906038933779504,0.002329372971845214,0.001614679883144277,-8.901605242590352e-07,-1.6956421773960854e-06,-1.1753889763233468e-06,0.056064112431081094,-2.739526264964582e-05,-1.8030412311447258e-05,274.0781633751467
612,IN,0,75,0.0006689562130403027,0.0011448673544022661,0.0007909212214629078,0.0005469912046176977,0.0006492124347705769,0.41905966094261127,0.5809403390573886,0.002174767433094271,0.0015687623011689143,-7.197061725960852e-07,-1.5638838348551316e-06,-1.128103155396964e-06,0.055129138277727724,-2.6567028883458042e-05,-1.6809657451321982e-05,274.51613100012764
612,IN,0,76,0.0006482421116894405,0.0011179308865877189,0.0007654296292047476,0.0005310545941741333,0.0006322301254343785,0.4316822021894506,0.5683177978105495,0.0020621590112353348,0.0015663724533428027,-6.83017759117936e-07,-1.4475573244021794e-06,-1.099533986091544e-06,0.05416077614816375,-2.5849306476136857e-05,-1.5598054827329192e-05,274.96440604142845
612,IN,0,77,0.0006284307014896259,0.0011428285191819362,0.0007406004397124378,0.000516260963266814,0.0006187390812789405,0.4567993098484627,0.5432006901515374,0.0019665544675172802,0.0016537547536817358,-6.204381347078416e-07,-1.4295742091738764e-06,-1.2021864551490395e-06,0.053198100599597266,-2.5171526181304155e-05,-1.4501343380865892e-05,275.4290320831351
612,IN,0,78,0.0006094806237156862,0.0011983906383669172,0.0007164565630704081,0.0005025046843609642,0.0006065509845540641,0.4863070182917131,0.5136929817082869,0.001883230662496273,0.0017828320044173103,-4.830478514055806e-07,-1.476577622887599e-06,-1.39785842250519e-06,0.05228376968962149,-2.430244901846633e-05,-1.3518912773847129e-05,275.8846387080848
612,IN,0,79,0.0005914314683913745,0.0012270242358337594,0.0006931917662482113,0.0004896711705345378,0.0005912192739267937,0.49895738087913555,0.5010426191208645,0.0018436530062475572,0.0018359800945901587,-3.7372017684264737e-07,-1.5087345462959751e-06,-1.5024554976631976e-06,0.051409973879199274,-2.318090188292033e-05,-1.2764367721925103e-05,276.3202254581265
612,IN,0,80,0.0005742572929389675,0.001263245837186315,0.0006709932589396165,0.0004775213269383184,0.0005724032729441604,0.49041711128002474,0.5095828887199753,0.0018854481460712357,0.0018145350908214035,-2.2845894821865697e-07,-1.626972232885007e-06,-1.5657806418667524e-06,0.05055593097745682,-2.2002227169424128e-05,-1.2326517472337463e-05,276.7740147910081
612,IN,0,81,0.0005577897672425789,0.0013516070342659726,0.0006498605334353066,0.0004657190010498512,0.0005528924106981488,0.47340438910772936,0.5265956108922707,0.0019969348145990992,0.0017952251907140217,7.910218532476421e-08,-1.929472578951455e-06,-1.734577289755447e-06,0.04974322009237259,-2.1044276268489514e-05,-1.2205215701462531e-05,277.2166437082924
612,IN,0,82,0.0005417742658767532,0.0013523730050937217,0.0006295762060718435,0.0004539723256816628,0.0005347617389002562,0.4600662185772001,0.5399337814228,0.0020291002768537203,0.0017289536672924698,1.7308755337690387e-07,-1.9876625049349588e-06,-1.6936454134123505e-06,0.04902080182305018,-2.026845531081938e-05,-1.217130564687529e-05,277.65408333344385
612,IN,0,83,0.0005261573034931687,0.0012455315830924793,0.0006100476858915844,0.0004422669210947532,0.0005182353982587613,0.4527841868881675,0.5472158131118325,0.0019510224237280457,0.0016143394992639757,-1.8997983952782854e-08,-1.7131218021799236e-06,-1.4174927764412155e-06,0.048394857821823824,-1.9384928139290412e-05,-1.1989147599086741e-05,278.086484500207
612,IN,0,84,0.000511072486898342,0.001136487951253007,0.0005913927838633237,0.00043075218993336034,0.0005029949107274302,0.4497164697085622,0.5502835302914377,0.0018563005004973042,0.0015170523227539781,-2.0650243411673585e-07,-1.436021304912714e-06,-1.1735812469793575e-06,0.04782689906058492,-1.8451450506342958e-05,-1.1711750869623726e-05,278.7045912081376
612,IN,0,85,0.0004965611362484744,0.0010196355775783732,0.0005736226369928508,0.000419499635504098,0.0004889270792370729,0.45046776316539167,0.5495322368346084,0.0017472464975896089,0.00143226942608763,-4.0260616902884465e-07,-1.1539745971587619e-06,-9.459469721486843e-07,0.04727369236982018,-1.7608142162080957e-05,-1.138101841031979e-05,279.3146852501668
612,IN,0,86,0.0004826120196199363,0.0009102060775882644,0.0005566617957039106,0.0004085622435359621,0.0004770595124749554,0.46250827862947025,0.5374917213705297,0.001619252344516765,0.0013933565574173802,-5.898767579650302e-07,-8.956327291411908e-07,-7.7068638523968e-07,0.04673017560604231,-1.6889516731847785e-05,-1.094472073799524e-05,279.8105259160511
612,IN,0,87,0.0004692129001747466,0.0008560567883953893,0.0005403998100982981,0.0003980259902511951,0.0004674673394686841,0.4877395949063028,0.5122604050936972,0.0015053924291688152,0.0014333325126768559,-6.911796714944419e-07,-7.512545963165131e-07,-7.152936452542984e-07,0.046234177609238675,-1.6328027227961097e-05,-1.0462676614036106e-05,280.3033826663159
612,IN,0,88,0.0004562882180028263,0.0008627367350675102,0.0005246684483958693,0.0003879079876097833,0.00045796623158760475,0.512269727486536,0.48773027251346407,0.0014421185279242389,0.0015146766705620893,-6.948169721792054e-07,-7.264870771175038e-07,-7.630392411354785e-07,0.04581470859609622,-1.5888372715047117e-05,-1.0128987160835687e-05,280.7657016250305
612,IN,0,89,0.0004436795391627611,0.0008692061277279878,0.0005093120066519708,0.00037804707167355143,0.00044611062991784184,0.5185204887769949,0.48147951122300514,0.0014345168433956045,0.0015448764847894123,-7.030367086911157e-07,-7.28533692334785e-07,-7.845809373703044e-07,0.04545328004368945,-1.5501566138345337e-05,-1.009349347934721e-05,281.1905516660772
612,IN,0,90,0.0004312282249196787,0.0008124734742694645,0.0004942710920765961,0.0003681853577627613,0.00043166216821945624,0.5034416526353205,0.49655834736467963,0.0014526084200613804,0.001472744517353976,-8.190322385823356e-07,-6.556004483697959e-07,-6.64688399555488e-07,0.04510037290453301,-1.5093187392118273e-05,-1.0209245833294437e-05,281.6171185830608
612,IN,0,91,0.00041890044853572467,0.0007725230978294619,0.00047958830668830635,0.000358212590383143,0.0004162738830480189,0.4783600413026434,0.5216399586973567,0.0015118738418739373,0.0013864352632210798,-9.002913756496793e-07,-6.237894944724873e-07,-5.720343377933909e-07,0.04472870404844045,-1.4726534942528651e-05,-1.0272843303985883e-05,282.05669875023887
612,IN,0,92,0.00040669386627029103,0.0007513965406104349,0.0004652267537727231,0.00034816097876785894,0.00040117668585231,0.4528711067111481,0.5471288932888518,0.0015930408646217973,0.001318596382400296,-9.61262112768256e-07,-6.233525973224011e-07,-5.159632110154847e-07,0.04435982269565071,-1.4505246206777646e-05,-1.029092243381475e-05,282.5210350831039
612,IN,0,93,0.0003945630530806422,0.0007080322864490075,0.0004510561308617258,0.0003380699752995587,0.0003859691981729094,0.42393886786417545,0.5760611321358245,0.001684023396675829,0.0012393180730603508,-1.0606697571367712e-06,-5.912523675640216e-07,-4.3511850625604247e-07,0.04401449681066509,-1.4257811272477107e-05,-1.0338555598872575e-05,282.98052470805123
612,IN,0,94,0.0003825334556787673,0.0006882953259754642,0.0004371291745339762,0.00032793773682355837,0.0003720443597152395,0.4039384755483713,0.5960615244516287,0.0017657870957348617,0.001196637122737166,-1.1291916298748776e-06,-5.864141254636925e-07,-3.9740063426801157e-07,0.04369204812839089,-1.3809884672097466e-05,-1.0388468899115781e-05,283.43486629100516
612,IN,0,95,0.00037071442116230725,0.000681161371590873,0.0004236606576059878,0.00031776818471862674,0.00036060657960457025,0.4045461751706485,0.5954538248293516,0.0017820582490665079,0.0012107149514032683,-1.1945034728595365e-06,-5.734584117027427e-07,-3.896026818540712e-07,0.04338074600436751,-1.3233548997014536e-05,-1.0389768919109865e-05,283.87811770802364
612,IN,0,96,0.0003591732179514918,0.0006832639165059554,0.00041075956872312796,0.0003075868671798557,0.0003506127943487099,0.41702821119604416,0.5829717888039558,0.0017490617726813487,0.001251189365147776,-1.2282687285734549e-06,-5.597338106457169e-07,-4.0040494974624854e-07,0.04307702334134139,-1.2746407199454236e-05,-1.0367614609970916e-05,284.351260333322
612,IN,0,97,0.00034786073355901287,0.000679985388460422,0.00039831342255460607,0.00029740804456341967,0.0003400613040883048,0.42270551257050615,0.5772944874294937,0.0017157411325204102,0.0012562968305650372,-1.208079136226794e-06,-5.469293808210594e-07,-4.004716298076053e-07,0.042787671768583564,-1.238980196360936e-05,-1.0333681449806645e-05,284.80480650020763
612,IN,0,98,0.0003367413903406747,0.0006679960540893932,0.00038620948133093696,0.0002872732993504125,0.00032853516493423703,0.41705536597265225,0.5829446340273476,0.001697018154881422,0.0012140956213229398,-1.1426506695644644e-06,-5.349634181523273e-07,-3.8272822343027707e-07,0.04250847686889645,-1.2046835649637594e-05,-1.0232305486860226e-05,285.2454117080197
612,IN,0,99,0.0003258440216492043,0.0006774629845969993,0.0003744424642325698,0.00027724557906583876,0.0003174338571279256,0.4134729008357419,0.5865270991642582,0.0016741016289889186,0.0011801597195051992,-1.029457046331735e-06,-5.550014215821621e-07,-3.9124884097686196e-07,0.04223188797366021,-1.1752134064400921e-05,-1.0083331002826803e-05,285.70282666618004
612,IN,0,100,0.0003151605425554795,0.0006783836969327051,0.0003629647731334574,0.0002673563119775016,0.00030730864362571897,0.4178744345968232,0.5821255654031767,0.0016210253777816778,0.00116364080787015,-9.403627286837383e-07,-5.506491928707033e-07,-3.952793586254448e-07,0.04195078432683972,-1.1521701158494074e-05,-9.889388702681087e-06,286.1501494999975
612,IN,1,1,0.005428665798644936,0.011939404808844332,0.005249556016899529,0.005607775580390343,0.005389242095840113,0.610054577758523,0.389945422241477,0.01044582288798406,0.016342087142962262,0.00012890796234373556,-0.0001168333067126662,-0.00018278120354645462,0.004123062115824472,-3.159454924723906e-05,-5.902217931656128e-05,287.20978237502277
612,IN,1,2,0.005385975259164184,0.011193889543404719,0.005220321782488258,0.0055516287358401105,0.005354382932839335,0.5953566654886904,0.4046433345113096,0.010158650185114014,0.014946545721257908,0.00010822858162811032,-0.00010523369466863376,-0.00015483161641754827,0.059822263582535895,-3.372042801207241e-05,-5.743158009624395e-05,287.71971408324316
612,IN,1,3,0.005337045670007388,0.011380519656551721,0.005184282857375744,0.005489808482639031,0.005306367453158789,0.6004112726130947,0.3995887273869052,0.010175185702143116,0.015288960317899399,0.00011435016237427321,-0.00010785625916838877,-0.00016206191363320784,0.06815509183831649,-4.047730175203752e-05,-6.665093964194578e-05,288.33816254138947
612,IN,1,4,0.0052804406643335786,0.011348230999647718,0.005141950105009298,0.005418931223657858,0.005248741870235506,0.6144438806974871,0.3855561193025129,0.009845212139024263,0.01568988287343375,0.00011733419517416669,-0.00010479585757708086,-0.00016700856292248465,0.07210000368742385,-4.487834458871205e-05,-7.58195845151386e-05,288.84326150035486
612,IN,1,5,0.00521784014847464,0.011140066607797025,0.0050960046332543365,0.005339675663694943,0.005186395964131963,0.6290435891612494,0.3709564108387506,0.00938995194391377,0.015922865598941547,0.00011639951945420444,-9.864267450180006e-05,-0.00016727178773586322,0.0743986625002736,-4.723835538382906e-05,-8.357998045317054e-05,289.3384530004114
612,IN,1,6,0.005151031527937999,0.010773704871392885,0.005048414860013618,0.005253648195862381,0.005122179528077921,0.6405814496010525,0.3594185503989476,0.008900872141887606,0.01586377100746518,0.00011087100891778478,-9.059949888352503e-05,-0.00016147290745989088,0.07569259580567406,-4.8234558553749516e-05,-8.953748064374465e-05,289.82998837530613
612,IN,1,7,0.005081507023226474,0.010272011894708576,0.0050003619731543904,0.005162652073298558,0.005057560848759873,0.647551664860204,0.352448335139796,0.00841898839494284,0.015468167694483744,0.00010093285497665874,-8.14716678921776e-05,-0.0001496875113953695,0.076164703323422,-4.859291633820725e-05,-9.339369292014599e-05,290.27828029124066
612,IN,1,8,0.005010377042534738,0.009743889667576047,0.00495220682746696,0.005068547257602515,0.004993020085537013,0.6491911021602829,0.3508088978397172,0.00802251686233341,0.014846107370792106,8.934189105180809e-05,-7.312437396165518e-05,-0.0001353206638123449,0.07617906281906206,-4.915278920378765e-05,-9.56960479575632e-05,290.71362662501633
612,IN,1,9,0.004937861450071711,0.00934455360391576,0.0049033291035138,0.004972393796629623,0.0049278472585144685,0.6449972642381671,0.35500273576183294,0.007812525382776872,0.014194418777839965,7.978240968120285e-05,-6.769073831622612e-05,-0.0001229859283606161,0.07615638982621852,-5.088219726247588e-05,-9.78190809880732e-05,291.1524206250906
612,IN,1,10,0.004863117001027141,0.009134305133415246,0.004852252073304244,0.004873981928750038,0.004860144900313749,0.6367749877953005,0.3632250122046995,0.007791655815970383,0.013659663763253168,7.393651911345482e-05,-6.5514139114677e-05,-0.00011485377860392927,0.07644555564367296,-5.416394770875647e-05,-0.0001006269522118691,291.6041244161315
612,IN,1,11,0.004785052556010455,0.009056149133229057,0.004797450078395856,0.004772655033625055,0.004788227668202063,0.6280543036303273,0.3719456963696726,0.00786247397581075,0.01327629453946285,7.115722089210198e-05,-6.52919951740023e-05,-0.00011024974602982472,0.07712575659768094,-5.848909860131808e-05,-0.00010377904893569569,292.0507560833357
612,IN,1,12,0.0047033120849799635,0.00902735779259506,0.004738180932661604,0.004668443237298323,0.004711773099365347,0.6213262689756064,0.37867373102439356,0.007927377744968937,0.01300720814120722,7.007041145547231e-05,-6.558002838821405e-05,-0.00010760343541004314,0.07800885510888458,-6.284285580678041e-05,-0.00010625058128563378,292.5203315410763
612,IN,1,13,0.00461865213232315,0.008988502693451705,0.004674815490359807,0.0045624887742864925,0.004631818549271123,0.6172153643250803,0.3827846356749196,0.007933362305514483,0.012792031469829993,6.949939679162878e-05,-6.544974845087922e-05,-0.00010553346861445382,0.07882848917999072,-6.621316701750512e-05,-0.00010700149166758775,292.97305491613224
612,IN,1,14,0.004532745532403794,0.008895044939654127,0.004608662655635569,0.00445682840917202,0.004550220798857495,0.6150943667896084,0.3849056332103917,0.007858617977137914,0.012558381149612585,6.840610646505802e-05,-6.431681767094602e-05,-0.00010278080866020739,0.07941093741104217,-6.801398304063305e-05,-0.00010551381138600539,293.4451412912458
612,IN,1,15,0.00444757743431428,0.008718476108695507,0.0045414021935916305,0.004353752675036931,0.004468927874509265,0.613778283895575,0.38622171610442496,0.007703600744089388,0.01224245723988612,6.601462912484046e-05,-6.1921240659947e-05,-9.840439116756267e-05,0.07964146072078372,-6.82632397894839e-05,-0.00010200195654771803,293.92517087515444
612,IN,1,16,0.004364775535233679,0.008471767994761025,0.004474457948591446,0.004255093121875912,0.004389353525986039,0.612041620894092,0.387958379105908,0.007501349628058407,0.011834099822333868,6.235874488778972e-05,-5.863233030803677e-05,-9.249813488042318e-05,0.07946669012790682,-6.760943645537147e-05,-9.729052099615373e-05,294.36665091617033
612,IN,1,17,0.004285015321847858,0.008203522330172075,0.004408409919251138,0.004161620724444578,0.0043120000318845626,0.6093431584711627,0.3906568415288373,0.007301685964826008,0.011389106538002887,5.819603174140729e-05,-5.522157563111195e-05,-8.613413547073913e-05,0.07899488069542523,-6.707527623264139e-05,-9.263222425080364e-05,294.8106522914022
612,IN,1,18,0.004207764246334143,0.007948635923329362,0.004342770297980831,0.0040727581946874555,0.0042365945635339805,0.6067741662251033,0.3932258337748968,0.007121653294732727,0.010989194678723509,5.413818792840784e-05,-5.206287327186814e-05,-8.033654914673032e-05,0.07845471934661666,-6.75009329256802e-05,-8.924267290815977e-05,295.2834166660905
612,IN,1,19,0.004131603983163347,0.007694085267894922,0.004276356861852629,0.003986851104474065,0.004162505613232121,0.606739259172544,0.393260740827456,0.006925103949303049,0.010684342482425698,5.006111324173977e-05,-4.878450439351143e-05,-7.526679116898088e-05,0.07804528513934461,-6.909437227892196e-05,-8.774831439270856e-05,295.7275320831686
612,IN,1,20,0.004054940976979598,0.007403961845264924,0.004208029918585744,0.003901852035373452,0.00408891560009104,0.6109636749558576,0.38903632504414254,0.006668967113185247,0.010473306458385593,4.547072262649774e-05,-4.486244702690341e-05,-7.045441193687853e-05,0.07787224176424543,-7.139453947621488e-05,-8.805343911713016e-05,296.1780046252534
612,IN,1,21,0.003976665988257742,0.007068037012017356,0.004137301716991191,0.0038160302595242925,0.004014777364101385,0.6186267094628871,0.3813732905371128,0.006363394694678629,0.010322080802875609,4.0190372722565675e-05,-4.037745738995148e-05,-6.549638955167696e-05,0.07796371929877947,-7.364917098706885e-05,-8.952343190866894e-05,296.6289539160207
612,IN,1,22,0.0038964468920267836,0.006720411726677479,0.004064471001368717,0.00372842278268485,0.003938863035252929,0.6262204078696454,0.37377959213035455,0.006080199002202247,0.010186604028825179,3.4539348131389265e-05,-3.6060732937232496e-05,-6.0415194846049e-05,0.07827702934437354,-7.526436657231547e-05,-9.133993755446706e-05,297.0709165413864
612,IN,1,23,0.003814614725718162,0.006413043611534888,0.003990320454434385,0.003638908997001938,0.0038601224046819673,0.6294997018489467,0.37050029815105334,0.005901546335792812,0.010027040942662617,2.8993625458311142e-05,-3.266651933483934e-05,-5.5502152857486866e-05,0.07872390400423195,-7.604510369778286e-05,-9.287163096897307e-05,297.50042454106733
612,IN,1,24,0.003731796636663842,0.006177262277988992,0.003915667375865197,0.0035479258974624875,0.0037782519086244255,0.6263258965574466,0.3736741034425534,0.005861864151516676,0.009825238854854347,2.392663788446035e-05,-3.0462231771671487e-05,-5.105862153614833e-05,0.07920941729071704,-7.618182055081631e-05,-9.389931272743077e-05,297.95192366605625
612,IN,1,25,0.0036484804452443023,0.006016059137767386,0.003841027892498403,0.0034559329979902014,0.003693713298126987,0.6174589783654512,0.38254102163454884,0.005942421901272732,0.009591655662177909,1.9616324212744854e-05,-2.9307993581148623e-05,-4.730599530798885e-05,0.07963661651900349,-7.610552126780327e-05,-9.47697782528076e-05,298.4041068330407
612,IN,1,26,0.003564684149191015,0.005904225820152491,0.003766442662408245,0.003362925635973785,0.0036072786415151667,0.605558104203244,0.394441895796756,0.00608597022187253,0.009343349753327181,1.610878875148518e-05,-2.8783268107047992e-05,-4.418886901572646e-05,0.07995844679456106,-7.633250188922113e-05,-9.597492540579975e-05,298.9191915830597
612,IN,1,27,0.0034799926402224726,0.005794049481778478,0.003691437441516303,0.003268547838928642,0.003519791470281638,0.5941116305901991,0.40588836940980083,0.006210589886396886,0.009090636644010124,1.3149878074345692e-05,-2.825311580245242e-05,-4.1354978274091465e-05,0.0802064613452325,-7.721888877835876e-05,-9.748591851047754e-05,299.41257262509316
612,IN,1,28,0.0033939951610596217,0.005648090804029158,0.0036153152456502805,0.0031726750764689625,0.0034323032734252744,0.5865445909179585,0.4134554090820415,0.00624205589832837,0.008855233340641935,1.0497529915123654e-05,-2.7193951000922965e-05,-3.8578440419228724e-05,0.08042858377983181,-7.85876467535104e-05,-9.862987315301008e-05,299.9022029163316
612,IN,1,29,0.0033068711918908407,0.005474001981161514,0.003537789330309526,0.0030759530534721553,0.003346419678148465,0.5856331307026168,0.4143668692973832,0.006148888284908343,0.008690348972005175,8.30438715748452e-06,-2.55831647142383e-05,-3.615720742897411e-05,0.08061592152675663,-7.971667593499375e-05,-9.858924112972239e-05,300.3895110832527
612,IN,1,30,0.003219655840645254,0.005318486895797513,0.003459487410843312,0.0029798242704471957,0.0032640280247375774,0.5925069707371717,0.4074930292628283,0.00595512185869161,0.008658924102940349,7.0127825332091046e-06,-2.387001694307264e-05,-3.4707713788308175e-05,0.08069333795695734,-7.973040866232043e-05,-9.699667081686125e-05,300.8724949164316
612,IN,1,31,0.003133792085339002,0.005221619977805734,0.0033816572988618855,0.002885926871816119,0.003185672774750844,0.604655043510275,0.395344956489725,0.005730671621898718,0.00876469888385265,6.801505451019141e-06,-2.254617362846543e-05,-3.4482942990735464e-05,0.08057670446827503,-7.893820801446473e-05,-9.47587180476594e-05,301.3188589583151
612,IN,1,32,0.0030492858247022653,0.00515555397029881,0.003304460081437434,0.002794111567967097,0.003108096872987863,0.6152370326028502,0.38476296739714977,0.005543309757994622,0.008863767397829615,7.007012323877383e-06,-2.16012165491846e-05,-3.454040408367628e-05,0.08040076083433775,-7.918409851645951e-05,-9.452592007809224e-05,301.8084743330255
612,IN,1,33,0.0029643512058617903,0.00504872810129668,0.0032265812268334015,0.002702121184890179,0.003025986694644347,0.6175218011922995,0.38247819880770056,0.005422684128067339,0.008755075924587883,6.484367459058395e-06,-2.063866845802677e-05,-3.3321710257318835e-05,0.08035180866404575,-8.012340175361808e-05,-9.511865054782659e-05,302.29483995819464
612,IN,1,34,0.0028787030143716773,0.004909919621351951,0.0031476414134898327,0.0026097646152535214,0.0029385032126432674,0.6111782446606253,0.3888217553393747,0.005383549209684358,0.00846225323258239,5.165505355078783e-06,-1.9721996732330664e-05,-3.100046532516595e-05,0.08035507781064204,-8.069225344720161e-05,-9.529068739503661e-05,302.78345458302647
612,IN,1,35,0.002792385671415519,0.0047751776678079064,0.0030679878385732546,0.002516783504257784,0.0028466455331979034,0.5984387429568542,0.4015612570431457,0.00543290392570516,0.00809654850630927,3.4558223181464387e-06,-1.905150863601034e-05,-2.8392083846725985e-05,0.08038981276565034,-8.12692422441733e-05,-9.724621198832725e-05,303.2254432081245
612,IN,1,36,0.002704251411442986,0.0047098854479118496,0.0029876010156659814,0.00242090180721999,0.0027496368308523814,0.5800873174569134,0.41991268254308656,0.0056065411374325,0.007745142130331679,2.110807068762201e-06,-1.9120415379620385e-05,-2.641384965810796e-05,0.0805317937967864,-8.22138340115295e-05,-0.00010189712636373662,303.6755749164149
612,IN,1,37,0.0026129144248891677,0.004781412747977214,0.002906274078645058,0.0023195547711332776,0.0026477492741225216,0.5593722565243083,0.4406277434756916,0.005912317912127398,0.007505625010600903,2.002112903315849e-06,-2.0435325134439798e-05,-2.5942428960763164e-05,0.08085002132404033,-8.354447685437188e-05,-0.00010840557371688509,304.1214149161242
612,IN,1,38,0.002517817151710381,0.004895424459383625,0.002823791699238375,0.002211842604182387,0.002544094432384403,0.542940304816723,0.45705969518327705,0.006205332239155811,0.007371301851643916,2.5451203028905312e-06,-2.2069811749950334e-05,-2.621668557749511e-05,0.08134129975521062,-8.508690331434267e-05,-0.00011341462635414384,304.57185795810074
612,IN,1,39,0.002420908791890091,0.004820451369727734,0.002740796045468766,0.002101021538311416,0.002443799670524558,0.5357796041861314,0.4642203958138686,0.0062633809530374856,0.0072288761936063215,1.4355000524542348e-06,-2.16849906438744e-05,-2.502771487147978e-05,0.08183229412921644,-8.520868799370343e-05,-0.00011209601598805107,305.041456958279
612,IN,1,40,0.0023262843425419745,0.004516775362557994,0.002659324501728832,0.0019932441833551175,0.002355511333061657,0.54387907841361,0.4561209215863899,0.006011711761320213,0.00716837158239369,-1.974985134647435e-06,-1.8755326767962304e-05,-2.2363871848779992e-05,0.0820412402904534,-8.392083228754194e-05,-0.00010451777957600995,305.54734620824456
612,IN,1,41,0.0022367602380926025,0.00437727982031277,0.0025791126728440775,0.0018944078033411274,0.0022863526299278297,0.5724288581023644,0.42757114189763556,0.005643146617161028,0.007554999993285494,-3.4914583588182705e-06,-1.67362095342606e-05,-2.240630476168176e-05,0.08186053102710955,-8.526746204720385e-05,-9.428722593278756e-05,306.03444341616705
612,IN,1,42,0.002150611015518474,0.004782613328882888,0.002496630297859702,0.0018045917331772454,0.0022204060692694915,0.6008542837248428,0.3991457162751572,0.005569588906969678,0.008384184564396345,9.905285422816622e-07,-1.9034057735105512e-05,-2.8652932151024432e-05,0.08156452902441462,-8.852321992102997e-05,-8.83548516050086e-05,306.52232979098335
612,IN,1,43,0.0020657452644695503,0.005316273947646364,0.0024108474277382943,0.0017206431012008068,0.0021462163440374637,0.6165902276672307,0.38340977233276935,0.005706865581311591,0.009177641786848247,7.400162600523513e-06,-2.2918599272446364e-05,-3.685713135904842e-05,0.08119615116451186,-9.024308678030631e-05,-8.338147517242304e-05,306.95586708327755
612,IN,1,44,0.0019826281527440186,0.005371082412067231,0.0023237233051780926,0.0016415330003099447,0.002069721088241506,0.6276666274439661,0.37233337255603405,0.005632968534594172,0.00949586210426145,8.231062131063194e-06,-2.2980771173622224e-05,-3.874018339959093e-05,0.08074091202538988,-8.987864891196967e-05,-7.970019538815589e-05,307.3844112083316
612,IN,1,45,0.001901485780756624,0.00493056952951044,0.0022374988672985946,0.0015654726942146535,0.001988178920392756,0.6290026238684953,0.37099737613150485,0.005418691697362656,0.009187049598882875,2.3065946273717354e-06,-1.9324653795418323e-05,-3.276373021667897e-05,0.08022487634700555,-8.768239217347922e-05,-7.717248543754324e-05,307.82033195812255
612,IN,1,46,0.0018229207271131822,0.004464190185070265,0.002153922914421998,0.0014919185398043664,0.001893070145718202,0.605965188894012,0.39403481110598804,0.005507116306732942,0.008469101406812247,-4.907950257657609e-06,-1.644400897422131e-05,-2.528836722895171e-05,0.07964064701319463,-8.41031516141286e-05,-7.395608105555534e-05,308.25696879113093
612,IN,1,47,0.0017480007871800715,0.004249204394059717,0.0020739926094191703,0.0014220089649409726,0.0017897430039697094,0.5640234109293428,0.43597658907065706,0.005940124270522224,0.007684745549172453,-8.934914622721452e-06,-1.6006195516553043e-05,-2.0707233410152422e-05,0.07896444538458164,-8.008634211900838e-05,-6.957965928060566e-05,308.7201796662994
612,IN,1,48,0.0016773473533838903,0.004047280643861399,0.0019979003022300864,0.001356794404537694,0.0016957892054324031,0.5287656877200673,0.4712343122799328,0.006218353078715556,0.0069775304057230645,-1.0518992198640238e-05,-1.5489356619190365e-05,-1.738039886242882e-05,0.07818393247513566,-7.60458360284766e-05,-6.470762313533636e-05,309.16916770813987
612,IN,1,49,0.001611252817801229,0.0036111176559366466,0.0019258443549317068,0.0012966612806707511,0.0016192624711948646,0.5127302429472436,0.48726975705275644,0.005999603955122368,0.006313091155304513,-1.1778788022900673e-05,-1.271640487799266e-05,-1.338085376351967e-05,0.07726731110908863,-7.142932708474388e-05,-5.9423617754337197e-05,309.62145420815796
612,IN,1,50,0.0015501973518731648,0.003080222041099656,0.0018584102738064404,0.0012419844299398895,0.0015592465271264612,0.5146800711607663,0.48531992883923375,0.005419400463684036,0.005747255059088156,-1.2154769722297692e-05,-9.217150958534505e-06,-9.77475605130058e-06,0.076174727626399,-6.692987183040605e-05,-5.375253699471931e-05,310.0676409583539
612,IN,1,51,0.001493876663505305,0.002812180119346096,0.0017949854255119165,0.0011927679014986936,0.0015097646280259865,0.5263824347302329,0.47361756526976706,0.004845226745249274,0.005385024623256219,-1.0230792526356392e-05,-7.511987959570117e-06,-8.34888484250042e-06,0.07496673645698079,-6.441378536714298e-05,-4.858633607005515e-05,310.5161397913471
612,IN,1,52,0.0014407375879116877,0.002860538818768864,0.0017333068034545425,0.0011481683723688332,0.0014603355896802492,0.5334929321463261,0.4665070678536738,0.004502048972083149,0.005148499288195893,-6.739667147190857e-06,-7.668969765694314e-06,-8.770159015307973e-06,0.07378514072572276,-6.4242496157736e-05,-4.464731328674281e-05,310.99813500000164
612,IN,1,53,0.0013891463359865237,0.002906205696618719,0.0016712410703932233,0.001107051601579824,0.0014036392362698261,0.5256880021418759,0.47431199785812406,0.004349146256808177,0.0048202322882167185,-4.02712761779146e-06,-8.033312075457665e-06,-8.90345551999453e-06,0.0727094015708341,-6.505307948619755e-05,-4.150947243563192e-05,311.441292708274
612,IN,1,54,0.0013384859951332706,0.0027688215536189878,0.001608141428813403,0.0010688305614531383,0.0013412394192278548,0.5051054489371988,0.49489455106280117,0.004262271481991046,0.004350212678195579,-3.2074430512076272e-06,-7.588883481574011e-06,-7.745460906087262e-06,0.07172470856546832,-6.560182841081274e-05,-3.879598073569723e-05,311.8858480830677
612,IN,1,55,0.001288659652293548,0.0025588758582544787,0.001544379621015156,0.00103293968357194,0.0012798264935648237,0.4827288444213357,0.5172711555786642,0.004202282240059442,0.003921662415927427,-3.3685969374830833e-06,-6.782115605508029e-06,-6.32921977896932e-06,0.07082121941064727,-6.578516330043797e-05,-3.7233556537163516e-05,312.37807483319193
612,IN,1,56,0.0012391915639922524,0.0024273310837071944,0.0014803737671422567,0.000998009360842248,0.0012235949782519195,0.46766638347143624,0.5323336165285637,0.004172191723143136,0.0036653590036937185,-3.459222778516115e-06,-6.299294110254351e-06,-5.534063608788638e-06,0.07005109456077628,-6.573507027386032e-05,-3.7235847786818034e-05,312.868620833382
612,IN,1,57,0.0011895956152001425,0.0023678740083098566,0.001416581512485861,0.0009626097179144239,0.0011709714438589685,0.45897504742831957,0.5410249525716805,0.004151399495043528,0.0035218131272403,-3.3307945066026293e-06,-6.107987079738831e-06,-5.181671651721588e-06,0.06944586456179933,-6.511747104661611e-05,-3.802346711053213e-05,313.33591695828363
612,IN,1,58,0.0011399930701709218,0.00230731659664026,0.00135372872537038,0.0009262574149714632,0.001120871430636545,0.4552680166616737,0.5447319833383263,0.004094035791677607,0.0034216525044047847,-3.2750406471161483e-06,-5.846786598549743e-06,-4.8865405740506176e-06,0.06896675983956449,-6.376109878949438e-05,-3.848001770199336e-05,313.7656822083518
612,IN,1,59,0.0010911139025162437,0.002188159530454109,0.001292561878746527,0.0008896659262859604,0.0010756501938458212,0.46161860506172264,0.5383813949382773,0.00392934854773684,0.0033690993270960555,-3.6055194917008945e-06,-5.186145097073094e-06,-4.446700959332065e-06,0.06852909048442683,-6.155770151970158e-05,-3.7320145214165605e-05,314.1918579582125
612,IN,1,60,0.0010443710531225737,0.0021117797564097988,0.0012340319269140503,0.0008547101793310971,0.0010391267837733887,0.48617461460461514,0.5138253853953849,0.003665414323394712,0.0034681653470106386,-3.786210911582667e-06,-4.586432122961666e-06,-4.339619904289653e-06,0.06802873068594117,-5.8609553309026656e-05,-3.4594782816169425e-05,314.6796894161962
612,IN,1,61,0.001000413525903591,0.002184803317958769,0.001178524819713363,0.0008223022320938188,0.0010049207565297476,0.5126528490410341,0.48734715095896586,0.00346557067966793,0.003645521840004412,-3.0809650870602646e-06,-4.655553506717732e-06,-4.897295007030376e-06,0.06745962443876882,-5.660180037854057e-05,-3.260376739412229e-05,315.16750891599804
612,IN,1,62,0.000958367190818165,0.0022191374329311128,0.001124944500477145,0.0007917898811591848,0.0009668984146285921,0.5256074006354542,0.4743925993645457,0.003324708729317571,0.003683639912231762,-2.3719860755653885e-06,-4.684647647923459e-06,-5.1903960483707035e-06,0.06682396073883402,-5.4273460291282025e-05,-3.0167324668175053e-05,315.65860462514684
612,IN,1,63,0.0009186461219972093,0.0022152781593623517,0.0010737031943289872,0.0007635890496654313,0.0009288788875343792,0.532996771392906,0.4670032286070939,0.003209212083675487,0.0036627148904643616,-1.896581859140978e-06,-4.603646388441487e-06,-5.2542006379539015e-06,0.06610210861695155,-5.1601056295808384e-05,-2.8274571499026492e-05,316.10459004109725
612,IN,1,64,0.0008811510439617114,0.0019917250553601116,0.001025081919524042,0.0007372201683993808,0.0008939234623657807,0.5443699739689903,0.4556300260310097,0.0029616554021436982,0.003538476794899284,-2.4828376186517076e-06,-3.643632902110812e-06,-4.353278394211064e-06,0.06531820652617501,-4.7685010505839717e-05,-2.6355720906679463e-05,316.55556225031614
612,IN,1,65,0.0008466361509142952,0.0017933897486379351,0.0009804342850776497,0.0007128380167509405,0.0008624643899990104,0.5591497003440661,0.4408502996559339,0.0027371309894204474,0.0034716228473279202,-2.9784940658096524e-06,-2.8760158402486465e-06,-3.6477765729430024e-06,0.06443589175594251,-4.3178337234207084e-05,-2.5075651983208432e-05,317.0110708330758
612,IN,1,66,0.0008147239723294137,0.0015238065799587218,0.0009399788742825401,0.0006894690703762873,0.0008318252962950664,0.5682660865921734,0.4317339134078267,0.0025318303030838272,0.0033325000736966434,-3.705138847024776e-06,-2.0430451050230564e-06,-2.689140719566417e-06,0.0634365466984055,-3.888966379021747e-05,-2.4049761007259867e-05,317.4663827084005
612,IN,1,67,0.0007855443569919968,0.0014146838181536862,0.0009037633368603712,0.0006673253771236224,0.0008018616594439036,0.569013040334448,0.4309869596655519,0.0024619184863593235,0.003250362201366785,-3.921729723919638e-06,-1.758597926129753e-06,-2.321799140859083e-06,0.06222469679326053,-3.478765896478015e-05,-2.2047125219836847e-05,317.9281352083199
612,IN,1,68,0.0007589849609828655,0.001589567399246762,0.0008711052271946365,0.0006468646947710945,0.0007745506873843289,0.5694153114659177,0.43058468853408216,0.0025248050210518523,0.0033388614963236387,-3.2772111807899214e-06,-2.2187008900790253e-06,-2.9340621996456765e-06,0.06089394241300919,-3.246535672916001e-05,-2.1055286314719784e-05,318.39082675008103
612,IN,1,69,0.0007337096622408582,0.0015451666709956212,0.0008403273519884315,0.0006270919724932848,0.0007499766785024477,0.5762866664064052,0.4237133335935948,0.002443267237851699,0.0033230541028761856,-3.230222593657859e-06,-2.071486449655218e-06,-2.8174001758529764e-06,0.05961699688520519,-3.089841821511541e-05,-2.0622153794629176e-05,318.8454591250047
612,IN,1,70,0.0007092971880962213,0.0014032895697112067,0.000810918791332118,0.0006076755848603246,0.0007261302353541867,0.5828221889930749,0.41717781100692514,0.0023064252013387967,0.0032222130447171764,-3.382238199924862e-06,-1.6893845615782324e-06,-2.360170608915217e-06,0.05843302219567648,-2.9563683050965278e-05,-2.0452921430887425e-05,319.338544041384
612,IN,1,71,0.0006854534391132223,0.0013074061089384636,0.0007826128040342318,0.0005882940741922127,0.0007001102336584729,0.5754265662253276,0.4245734337746724,0.0022459219390786552,0.0030439095963315428,-3.3381538294708938e-06,-1.4852553166795185e-06,-2.0129741968226524e-06,0.05730357170615398,-2.836950950058447e-05,-2.0388586091426824e-05,319.79875412536785
612,IN,1,72,0.0006623139698375641,0.001273850447445574,0.0007555081452947062,0.0005691197943804219,0.000671972090190839,0.5518171887132398,0.44818281128676013,0.002279162438629382,0.0028061785901480666,-3.115112734782277e-06,-1.4703193336920023e-06,-1.8103047702771481e-06,0.05614435218251028,-2.6702229670742558e-05,-1.9699348537806454e-05,320.24534383323044
612,IN,1,73,0.0006402380819878807,0.0013710290069706378,0.0007299409220128123,0.0005505352419629489,0.0006449835554894497,0.5264510772471092,0.4735489227528908,0.002391154926385613,0.0026582809639656255,-2.5863697043392982e-06,-1.785275611728473e-06,-1.984716306635731e-06,0.05497634087603768,-2.5347290210317362e-05,-1.9379236827734214e-05,320.686373332981
612,IN,1,74,0.0006188410658291181,0.00136319550955245,0.0007056054216516515,0.0005320767100065846,0.0006206608043235753,0.510486670921521,0.4895133290784789,0.002433516181893389,0.002537780894888042,-2.4574912960852365e-06,-1.8201278340033753e-06,-1.8981117437213244e-06,0.05387249948841556,-2.4240156051242984e-05,-1.9104352305563553e-05,321.12432829104364
612,IN,1,75,0.0005981380467036656,0.0012408422543784769,0.0006823477524381847,0.0005139283409691464,0.0005979273283455949,0.4987488475572226,0.5012511524427774,0.002412700532135922,0.0024006560464534007,-2.71266583850739e-06,-1.5435519378061405e-06,-1.5358463444399074e-06,0.05284158885706286,-2.3644351540682732e-05,-1.8335724115824048e-05,321.5949954162352
612,IN,1,76,0.0005780011469765768,0.0011062757206108185,0.0006594741213226912,0.0004965281726304624,0.0005755010304314514,0.48465677382475003,0.5153432261752501,0.002382819561801712,0.00224093299915928,-2.8897399850207e-06,-1.262590389849296e-06,-1.187408612213716e-06,0.05190383535572913,-2.3721713924081625e-05,-1.743102392476394e-05,322.04401045804843
612,IN,1,77,0.0005582881216719286,0.0011354741271882253,0.0006365587842409768,0.00048001745910288045,0.0005536344945858136,0.47027221353843973,0.5297277864615603,0.002423893601942574,0.0021518406976182135,-2.628082304153592e-06,-1.3708033947113854e-06,-1.216947200491455e-06,0.05105627020584372,-2.3431443758181724e-05,-1.660510335713514e-05,322.48868166608736
612,IN,1,78,0.0005390358513813608,0.00119161851732934,0.0006139129624815948,0.0004641587402811268,0.0005340948042864437,0.467005624133236,0.532994375866764,0.0024266082452164823,0.002126175714783645,-2.307065624257974e-06,-1.5202757926926632e-06,-1.3320541033224044e-06,0.05035941557189979,-2.293944477814253e-05,-1.6348420531394155e-05,322.9267718330957
612,IN,1,79,0.0005202057396608285,0.0011303378764388184,0.0005918821851718124,0.0004485292941498446,0.0005170130314039462,0.47772833017791627,0.5222716698220838,0.0023017227896197545,0.0021054141902663182,-2.285672265548238e-06,-1.3372283306250524e-06,-1.2231792271515165e-06,0.049818311751936524,-2.191401398802036e-05,-1.5969667835675886e-05,323.36166266631335
612,IN,1,80,0.0005020730419408096,0.0011510074079901318,0.000570954139775501,0.0004331919441061182,0.0005000941470436763,0.4856354285911456,0.5143645714088544,0.002232720982844862,0.00210801534883793,-2.054785275203203e-06,-1.364004740234387e-06,-1.2878200860718885e-06,0.04936207026453392,-2.0801154850874713e-05,-1.586845351729173e-05,323.80873654130846
612,IN,1,81,0.0004845825788361853,0.0010128203337219754,0.0005511705937702657,0.0004179945639021049,0.0004796504684990413,0.46296548003400767,0.5370345199659924,0.002207738933609408,0.001903242486633769,-2.1389348001049313e-06,-1.1078634073595966e-06,-9.550643303764278e-07,0.04884714184628353,-1.9103641661511746e-05,-1.550680897696815e-05,324.23676708340645
612,IN,1,82,0.0004681648774346386,0.0009586479040516694,0.0005330815823170591,0.0004032481725522181,0.00045999645253757236,0.43708533949881473,0.5629146605011852,0.0022582393822851102,0.0017534510936291431,-2.092131262195952e-06,-1.0512887540410759e-06,-8.162922983071991e-07,0.04819017388750503,-1.73875882029584e-05,-1.5096657065906232e-05,324.6859987913631
612,IN,1,83,0.0004526726238453895,0.0009125298520690194,0.0005165724048504598,0.0003887728428403193,0.00044239279483367826,0.41956287760285454,0.5804371223971454,0.0023072493255092853,0.0016677709419411898,-2.138294802722409e-06,-9.923551097689407e-07,-7.173134684064458e-07,0.04749169543949924,-1.6259995298256015e-05,-1.495248213841579e-05,325.11900991620496
612,IN,1,84,0.0004376615863687267,0.0008980318044274225,0.0005010328707943424,0.0003742903019431109,0.0004254672348005167,0.40378645723582063,0.5962135427641793,0.002387239695317554,0.0016167614285914685,-2.1846547457205816e-06,-9.986232912365616e-07,-6.763190232347276e-07,0.04686123522536996,-1.548021389746147e-05,-1.5160013684991793e-05,325.5544294160791
612,IN,1,85,0.00042290610837603397,0.000894501856515291,0.0004862069005354126,0.0003596053162166553,0.0004089998218298395,0.3901570890994442,0.6098429109005558,0.0024870146361929205,0.0015911087489266062,-2.2756953697224324e-06,-1.025399247718606e-06,-6.560161289140381e-07,0.046318102374435836,-1.4419799139373484e-05,-1.5414460354485708e-05,325.99623908335343
612,IN,1,86,0.0004085209212154577,0.0008189681622335382,0.0004723758709092028,0.0003446659715217126,0.0003927166280813775,0.37624848809779615,0.6237515119022038,0.0025777449139268737,0.0015549022456218646,-2.5791892687013313e-06,-8.913110244549943e-07,-5.376410621489102e-07,0.04584737301529623,-1.3471069190139709e-05,-1.5337655449355367e-05,326.41827737540007
612,IN,1,87,0.000394786657171778,0.0007208734019349908,0.0004595881758274892,0.00032998513851606676,0.00037738989066447214,0.3657688363776286,0.6342311636223714,0.0026457351370175928,0.0015258276759899593,-2.9168953891078723e-06,-7.103645936101824e-07,-4.0967591268247556e-07,0.04540548572870513,-1.29407880574216e-05,-1.4286132205099595e-05,326.8621328333393
612,IN,1,88,0.00038175545965690705,0.0007063864212614146,0.00044724322991567537,0.00031626768939813874,0.0003657325198234221,0.3776646405109537,0.6223353594890464,0.0026109803554621005,0.001584475222710067,-3.0755241770207523e-06,-6.606148982698262e-07,-4.008946049218431e-07,0.04499299976750911,-1.3150850268503149e-05,-1.3282931806378516e-05,327.3174262503162
612,IN,1,89,0.0003691797241040718,0.0007000319307761138,0.0004347823484364803,0.00030357709977166334,0.0003581053134218485,0.41559475863260226,0.5844052413673977,0.002398438564193306,0.001705628946531638,-3.0820079908260124e-06,-5.895703614242971e-07,-4.192678893155733e-07,0.04456183341225416,-1.2919311091462076e-05,-1.2329043840330051e-05,327.7698458330706
612,IN,1,90,0.00035711594963977467,0.0007888616203334945,0.0004225123779575429,0.0002917195213220064,0.0003515283111713475,0.45727871833247363,0.5427212816675264,0.0021767012045544256,0.0018340153051546648,-2.7383450351644914e-06,-6.804413053645858e-07,-5.733169833723344e-07,0.04409187148994668,-1.2799779828532203e-05,-1.1692834398746319e-05,328.212936041411
612,IN,1,91,0.0003453971277135139,0.0008828133133851322,0.0004102758572933631,0.00028051839813366476,0.0003425575992824938,0.4781166458606021,0.521883354139398,0.0020551293349842276,0.0018827800056445809,-2.307646233820596e-06,-8.150305506381206e-07,-7.466796364632316e-07,0.043563086879764935,-1.2923329399611921e-05,-1.093972818521726e-05,328.6784980832599
612,IN,1,92,0.00033398188309063394,0.0008019728917496523,0.0003978843216767194,0.0002700794445045485,0.0003306664389305839,0.4740585474247302,0.5259414525752698,0.001967113201131793,0.001773062043659871,-2.19802080341104e-06,-6.783555771699475e-07,-6.114373719280609e-07,0.04298123015239396,-1.2577742301499985e-05,-1.0278861677464914e-05,329.1177939581685
612,IN,1,93,0.0003231307566683003,0.0007160100085022702,0.0003859809966781828,0.00026028051665841787,0.0003152978939788515,0.43768629452952584,0.5623137054704741,0.002010596795861352,0.0015649817047180261,-2.105029695431662e-06,-5.856595679178126e-07,-4.558579377382256e-07,0.04233765135704334,-1.145560360130001e-05,-9.857062958482886e-06,329.5572725003585
612,IN,1,94,0.000313063037643039,0.001007952742699612,0.00037523563296771846,0.0002508904423183595,0.00030148470494094836,0.40688556073921417,0.5931144392607858,0.0022610244819562335,0.0015510973149337698,-1.4021297301351195e-06,-1.2484698764806213e-06,-8.564693963460907e-07,0.04164019918445309,-1.0658324577028202e-05,-9.32565134199215e-06,330.00814062543213
612,IN,1,95,0.0003034933279445202,0.0010988671010231162,0.00036506299714107423,0.00024192365874796615,0.0002917949574713797,0.40499891727698883,0.5950010827230111,0.002294331844372431,0.0015616810453394077,-1.077547312587229e-06,-1.4907557208172763e-06,-1.014711519670524e-06,0.040951246125864114,-1.0676877570141702e-05,-8.953811462938233e-06,330.45455112541094
612,IN,1,96,0.00029413575827958187,0.0008114848288912893,0.00035486294233884547,0.0002334085742203183,0.0002845906713344257,0.4214100975286364,0.5785899024713635,0.0019669842403448106,0.0014326330567132962,-1.4675896632366742e-06,-7.813144860345648e-07,-5.690624954808273e-07,0.04025048578594524,-1.015471373358067e-05,-8.49397756610993e-06,330.9441211251542
612,IN,1,97,0.00028523817492553667,0.0007102631221311646,0.0003451884516276882,0.00022528789822338506,0.0002786255054075024,0.44484871562071626,0.5551512843792837,0.001708274722865852,0.001368858971917686,-1.3170130674007496e-06,-5.670171509381522e-07,-4.5435696255621847e-07,0.03952778923667146,-9.508965357754927e-06,-8.22660185817369e-06,331.40348108299077
612,IN,1,98,0.0002767910993790012,0.0007632794665987338,0.00033616772513452497,0.00021741447362347744,0.00026846808466850426,0.42991337412161157,0.5700866258783884,0.0016534966414047576,0.001246933865725721,-8.732567109650733e-07,-6.77573180087259e-07,-5.109710679789983e-07,0.038814664522206443,-8.954469957250013e-06,-7.848289426302032e-06,331.8408256252296
612,IN,1,99,0.00026877933445196896,0.0008615060602343919,0.0003276244694789554,0.0002099341994249826,0.0002589649521622119,0.4166083799004266,0.5833916200995735,0.0016780645916799728,0.0011983301556315507,-4.8401796182095e-07,-8.907558364500191e-07,-6.361016050366869e-07,0.03816235288298101,-8.783383046988004e-06,-7.411253635279347e-06,332.2920879162848
612,IN,1,100,0.00026099210821648594,0.0008051984218504128,0.0003191701838974306,0.0002028140325355413,0.0002524123887184377,0.4262632925064378,0.5737367074935623,0.0015845893989418372,0.0011772861761182047,-5.399983150282059e-07,-7.60497689981836e-07,-5.650191891876382e-07,0.03760742830975481,-8.76649254804568e-06,-7.2198281862250264e-06,332.74325566599146
612,IN,2,1,0.005428665798644936,0.014321122056462627,0.005249556016899529,0.005607775580390343,0.005393152009164445,0.5991397263019714,0.4008602736980285,0.012524134966014266,0.018719008313004708,0.00019253611891948205,-0.00017115751798164934,-0.0002558179874798467,0.004123068422520392,-4.0641950765356106e-05,-6.296906619251887e-05,333.80172670818865
612,IN,2,2,0.005378947467703888,0.013534197632584137,0.005210724141424059,0.005547170793983716,0.005348969238237795,0.5891024750521981,0.41089752494780185,0.01215002138667311,0.017419447030583922,0.00016671808786118545,-0.00015546913594414595,-0.0002228956058826535,0.0596439537615033,-4.271660932971977e-05,-6.305927580487817e-05,334.24090654123574
612,IN,2,3,0.005322533258228871,0.013834182916412256,0.0051651821413734806,0.005479884375084263,0.005295732696305388,0.5851616514044643,0.41483834859553576,0.012480574794590775,0.017604818315387207,0.00017448688401990465,-0.00016353140752252358,-0.0002306737282277527,0.0679515382257928,-5.088881341931293e-05,-7.128875282893507e-05,334.6946427500807
612,IN,2,4,0.005258039693054424,0.013959914052699788,0.005111653577142411,0.0054044258089664355,0.005231589294942457,0.5903446271088496,0.4096553728911505,0.012433933579760295,0.017918246331875127,0.00018011866225820433,-0.00016505545355190689,-0.0002378574934626164,0.07193747515351155,-5.702991792839651e-05,-8.01818618894259e-05,335.1487862910144
612,IN,2,5,0.005186723881836195,0.013908538670378496,0.005052711331010409,0.005320736432661982,0.005160451306666432,0.5980228158029651,0.4019771841970348,0.012179209796816184,0.01811905158621388,0.00018168339140614009,-0.00016173918689512887,-0.00024061993509884503,0.07441483265001458,-6.0962582106796715e-05,-8.853571200686504e-05,335.60111641604453
612,IN,2,6,0.005110048118243727,0.013667935630228025,0.004990596502209511,0.0052294997342779434,0.005085155931071405,0.6041935973691293,0.39580640263087075,0.011816685769986492,0.018038025248942473,0.00017743654629524456,-0.00015459652767383145,-0.0002359896948992487,0.07613632220804493,-6.333255518609894e-05,-9.550612010456811e-05,336.0387040004134
612,IN,2,7,0.005029617731636042,0.013208981703642058,0.004926935627468011,0.0051322998358040725,0.005007483118639812,0.6077822332117818,0.3922177667882181,0.011354289142457168,0.017594652246493293,0.00016618506209646519,-0.00014353594767416806,-0.00022242388338996553,0.07725687116828626,-6.428340301096415e-05,-0.00010005939767198785,336.4726593750529
612,IN,2,8,0.00494737341801196,0.01256648197871369,0.0048631281134831825,0.005031618722540736,0.004928974915817378,0.6091960097805637,0.3908039902194363,0.010807714523576822,0.01684736268663358,0.00014956957419630729,-0.00012961055783853416,-0.00020204050275006907,0.0776602209107552,-6.41440576998812e-05,-0.00010207380157338179,336.91124133300036
612,IN,2,9,0.004864826028080874,0.011827251496850051,0.00479993764531829,0.004929714410843458,0.0048506314433952105,0.6093769337540678,0.39062306624593235,0.01021909246329739,0.01594191375046151,0.0001309165105589869,-0.00011477615103347192,-0.00017905225018339325,0.07766190994654824,-6.4042720236988e-05,-0.00010255894466682102,337.34591308329254
612,IN,2,10,0.004782238426920452,0.011068362348503762,0.004736835201733716,0.004827641652107189,0.00477224324946313,0.6100712274977624,0.38992877250223756,0.009610033571389686,0.015035579292007155,0.00011300383222887784,-0.00010040519824238475,-0.00015709105574797345,0.0776477635113288,-6.482163968769449e-05,-0.00010296740077836563,337.83406216604635
612,IN,2,11,0.0046988954438699606,0.01035572822713751,0.004672633127627895,0.004725157760112026,0.004693017531159144,0.6119077361006295,0.38809226389937057,0.00902299772805315,0.014226622445753631,9.742616064828497e-05,-8.762849428716534e-05,-0.00013816444836702466,0.07780294712400676,-6.672341620317551e-05,-0.00010389531403923111,338.2807988752611
612,IN,2,12,0.004613935438384875,0.009740306043246551,0.004606171324965673,0.004621699551804077,0.004612162366928385,0.6141837683685295,0.3858162316314705,0.008514541121826565,0.013554362215448283,8.477806014480025e-05,-7.723548447732519e-05,-0.00012295175013104164,0.07814378750931592,-6.946901889915512e-05,-0.00010507636849093138,338.73762683337554
612,IN,2,13,0.004527038303038713,0.009225598889928136,0.004536829168192347,0.004517247437885078,0.0045293065819998046,0.6158364927664296,0.3841635072335704,0.00810808855575603,0.012997738528507686,7.449100399919289e-05,-6.910249382551926e-05,-0.00011077532518737602,0.07858630865117955,-7.22492997249325e-05,-0.00010578719394333819,339.17618816625327
612,IN,2,14,0.004438807490160337,0.008767712600625312,0.004464965581980848,0.004412649398339827,0.00444484815864551,0.6154646242283777,0.3845353757716223,0.007796695329061922,0.01247893032284799,6.511201245667009e-05,-6.245101767103273e-05,-9.995541254547546e-05,0.0790023891871179,-7.402760200616687e-05,-0.0001051279255600797,339.6260061250068
612,IN,2,15,0.004350823820797673,0.008307666857835102,0.004392031287526181,0.004309616354069164,0.004359993167345137,0.6112583140317365,0.3887416859682635,0.007570105183516384,0.011903250663724553,5.511643190971342e-05,-5.6455124647342124e-05,-8.877016681252737e-05,0.07923616376745232,-7.391964932450208e-05,-0.00010230126816868848,340.06144200032577
612,IN,2,16,0.004265324814635006,0.007821785936486648,0.0043202124373070295,0.004210437191962982,0.004276464896269135,0.6014808174576599,0.39851918254234003,0.007441692021373017,0.011231667624451273,4.403506847904593e-05,-5.0858093442462094e-05,-7.675958638417649e-05,0.0791225989687223,-7.163725582182795e-05,-9.737014148078568e-05,340.50992466602474
612,IN,2,17,0.0041842458324500955,0.007339664547935602,0.004251546466122931,0.00411694519877726,0.00419581172222964,0.5859270496305293,0.41407295036947067,0.007436865083060144,0.01052341239081094,3.2759005159161885e-05,-4.5970463140583985e-05,-6.504974018244224e-05,0.07862268819193827,-6.804472639174037e-05,-9.178978630879478e-05,340.94961183331907
612,IN,2,18,0.004107872976234651,0.006912711425851398,0.0041866898721047655,0.004029056080364535,0.004118566943218881,0.5678405744489986,0.4321594255510014,0.007540386239369574,0.00990777245751784,2.2655129632432385e-05,-4.2076580476364324e-05,-5.528698025754045e-05,0.07788517835364338,-6.499403310281694e-05,-8.788522937057188e-05,341.3746323334053
612,IN,2,19,0.00403434933420156,0.006568398760990635,0.004124436606726365,0.003944262061676755,0.004043994238438887,0.5535308926944741,0.446469107305526,0.007665497310693936,0.00950365769972947,1.4437979576461846e-05,-3.8971503535573145e-05,-4.8316738579920675e-05,0.07718984908016811,-6.392024414760213e-05,-8.747466387163046e-05,341.818495250307
612,IN,2,20,0.003960569915528147,0.006280681515040325,0.0040625489587037,0.0038585908723525937,0.0039703532409572665,0.5479673329170116,0.45203266708298834,0.007698862032121955,0.009332787653294533,7.774917799503786e-06,-3.599389774147666e-05,-4.363286457583296e-05,0.07678446683562168,-6.503652248242346e-05,-9.088265819730752e-05,342.2597058331594
612,IN,2,21,0.003883634428660106,0.005977677491079143,0.003998996587283766,0.0037682722700364455,0.0038954811988931087,0.5513459975712223,0.44865400242877773,0.0075727503641329205,0.009306070114761767,1.7543902142460323e-06,-3.240490394848503e-05,-3.982203211596967e-05,0.0767839285617455,-6.74645571266954e-05,-9.686690005431429e-05,342.7185460412875
612,IN,2,22,0.003802057803614288,0.005591987205378631,0.0039328938148257735,0.0036712217924028028,0.003817799740700748,0.5601590377935558,0.43984096220644425,0.007298135667614097,0.009294533716799981,-4.373461421181391e-06,-2.791200248084086e-05,-3.5547304130397526e-05,0.07713912459806548,-6.98703372003312e-05,-0.00010328007294621492,343.16630404116586
612,IN,2,23,0.003716191572960009,0.005118908188252574,0.003864684328145286,0.0035676988177747323,0.0037368887428974318,0.5696908408480881,0.4303091591519119,0.006958663651667973,0.009212648307814066,-1.0662994605854906e-05,-2.299775523927241e-05,-3.044697107005889e-05,0.07768596913853937,-7.133036809744327e-05,-0.00010798710456589476,343.6086415410973
612,IN,2,24,0.0036277435225910626,0.00464301687219643,0.0037954528059358844,0.0034600342392462407,0.003653140666051734,0.5757177627682454,0.42428223723175473,0.00667700446581639,0.009060172064082092,-1.6367642081822106e-05,-1.8722373244004563e-05,-2.540479400711437e-05,0.07820636863398248,-7.19287158146432e-05,-0.00010967641654856117,344.0475151250139
612,IN,2,25,0.0035386593085081717,0.004304923124797897,0.003725813857934758,0.0033515047590815857,0.003567298333995228,0.5765117000222595,0.42348829997774046,0.00654798716676178,0.008914038979193037,-2.0415562517143942e-05,-1.6072842155418648e-05,-2.188060816720769e-05,0.07854560914205287,-7.267702101774509e-05,-0.00010855213907922572,344.492072916124
612,IN,2,26,0.0034499026547812426,0.004194484212438978,0.0036551718178484158,0.0032446334917140694,0.0034806608779560325,0.5749216850577902,0.4250783149422098,0.006562150626328444,0.00887535911166085,-2.2245837109400096e-05,-1.5300951647554693e-05,-2.069465459652033e-05,0.07869576390748109,-7.468421650651398e-05,-0.00010613554255282923,344.9334189579822
612,IN,2,27,0.0033611373319640927,0.004268587990799098,0.003581983254201487,0.0031402914097266987,0.0033949443999109047,0.5765399415219262,0.4234600584780738,0.00661104962778499,0.00900092957881426,-2.2189459521277407e-05,-1.580189170163619e-05,-2.1514240918825326e-05,0.07873361091685262,-7.833145557391168e-05,-0.00010364106709640103,345.3720215000212
612,IN,2,28,0.003271544892773574,0.004415001199020573,0.003504647001981025,0.003038442783566123,0.0033114719087055035,0.5856427598782388,0.41435724012176123,0.006575258191059125,0.009293314997445914,-2.0943148968103646e-05,-1.6641745550995735e-05,-2.3521051039949482e-05,0.07873474726525226,-8.315149687089819e-05,-0.00010108889601128904,345.8149921251461
612,IN,2,29,0.0031809006295789276,0.004564663475167202,0.003422295994540857,0.0029395052646169987,0.0032309019600394564,0.6035672960589245,0.39643270394107555,0.0063981108223671165,0.009741099587776317,-1.8784240135802117e-05,-1.7260836345489585e-05,-2.6279558213015806e-05,0.07872273977486488,-8.804404997643297e-05,-9.74269509709955e-05,346.2407879163511
612,IN,2,30,0.0030902362850103024,0.004747152151788979,0.0033352892567651534,0.0028451833132554514,0.003153136372974025,0.6283397779534934,0.3716602220465066,0.006121828949225768,0.010349745316959034,-1.5109553414522957e-05,-1.7932537731124436e-05,-3.0317279352826232e-05,0.07863888514400873,-9.187359264312845e-05,-9.203633385687828e-05,346.678092666436
612,IN,2,31,0.0030009627556131036,0.005051523840210026,0.003244787567873423,0.002757137943352784,0.0030758937382884643,0.6536574189901581,0.3463425810098419,0.005881184109183902,0.011099644791599677,-8.920644278316643e-06,-1.9519317280627753e-05,-3.683909300699748e-05,0.07843792171297138,-9.479399177339206e-05,-8.748961575280136e-05,347.1271590832621
612,IN,2,32,0.0029122731475287834,0.005451857006348359,0.003151172089873586,0.002673374205183981,0.0029943184886156156,0.6717155804072501,0.32828441959275,0.005776883671757888,0.011820307443569317,-8.90232220009379e-07,-2.2124501563332273e-05,-4.526980728257216e-05,0.07826577759131921,-9.832345070075459e-05,-8.828834230141183e-05,347.55818200018257
612,IN,2,33,0.002820644368773122,0.00572603768506901,0.0030535360764950862,0.002587752661051158,0.00290421049684749,0.6794098400749703,0.32059015992502954,0.005736394391759429,0.012156838491935105,5.529155487699513e-06,-2.412940292946927e-05,-5.113617270489193e-05,0.07833434104873926,-0.0001025895084633477,-9.352884218992941e-05,347.9902252503671
612,IN,2,34,0.0027244818951619836,0.005701921402693782,0.0029518376686470723,0.0024971261216768952,0.0028058523722102177,0.6789496607034051,0.32105033929659493,0.00562894166355396,0.011903952635473062,7.569802332356872e-06,-2.3942796914291452e-05,-5.0633660368852714e-05,0.07865903775735243,-0.0001054165270606798,-9.5902514436231e-05,348.44217183301225
612,IN,2,35,0.0026267548098624855,0.005470065383416124,0.002848180687495434,0.0024053289322295366,0.0027041978832249977,0.6748735834094509,0.3251264165905491,0.005454545793419791,0.011322146333350772,6.426501115253523e-06,-2.21683112470367e-05,-4.601535552327858e-05,0.079077064346993,-0.00010576957232016988,-9.287064980953104e-05,348.88807116635144
612,IN,2,36,0.002530686155568414,0.005213662689035723,0.002744755639450532,0.0023166166716862956,0.0026039928116741214,0.6712216397599087,0.3287783602400915,0.005275277982714087,0.010769810808597478,4.772919537373371e-06,-2.0248362854307053e-05,-4.13383025196568e-05,0.07946048547369546,-0.0001052255856779588,-8.856957108390416e-05,349.3776948750019
612,IN,2,37,0.002436800479245697,0.00497013029367048,0.0026420574412911106,0.002231543517200284,0.0025076941252737605,0.6726948633595629,0.32730513664043714,0.005054402628329861,0.010388076155259785,3.590832622761581e-06,-1.83606241711834e-05,-3.7735727874014e-05,0.07978363965270302,-0.00010440811304205397,-8.564685373216279e-05,349.8470387910493
612,IN,2,38,0.0023448936236579714,0.004687461288131695,0.0025406566742279353,0.002149130573088008,0.002417264847606195,0.6848439318285926,0.3151560681714074,0.004698222859361676,0.010209384303723,2.935247349974153e-06,-1.6041825229483544e-05,-3.485938483625029e-05,0.0800126784557933,-0.00010177830317365799,-8.358775355871182e-05,350.27226720843464
612,IN,2,39,0.0022559514432838853,0.004376849347322718,0.0024428465014328746,0.0020690563851348963,0.0023337691763242376,0.7081856358618037,0.29181436413819617,0.004218944322382329,0.010238686421196625,3.15245100401819e-06,-1.3525274475418465e-05,-3.282362447396027e-05,0.08003150585290604,-9.591316262046068e-05,-8.154693716854193e-05,350.72143091633916
612,IN,2,40,0.0021714829343123772,0.004155659256383294,0.0023517152649186,0.001991250603706154,0.002255188188005395,0.7322148679192862,0.2677851320807137,0.0038062285804060757,0.010407512678607633,4.424351392798124e-06,-1.1792647631041963e-05,-3.2245075970011125e-05,0.07973726898913079,-8.79394292944992e-05,-8.040089206311164e-05,351.1592497914098
612,IN,2,41,0.0020914173204287785,0.00407895700487884,0.002268593044451277,0.00191424159640628,0.002177936132503903,0.7441610230534118,0.2558389769465882,0.0036176946310509423,0.010522819352501349,5.626943373157447e-06,-1.1178958405656766e-05,-3.2516332042563765e-05,0.07918169225139338,-8.052622279472782e-05,-8.207403315691633e-05,351.6189980003983
612,IN,2,42,0.0020135813863222194,0.00394911564675329,0.0021922781029478557,0.0018348846696965833,0.0021007001130449727,0.7437614086252746,0.2562385913747254,0.003553308270152435,0.01031387797641902,4.267457534864502e-06,-1.0484218601942188e-05,-3.043162684387507e-05,0.07855466301660963,-7.53259056687663e-05,-8.596248808287867e-05,352.0590849160217
612,IN,2,43,0.0019360739918203233,0.003596004650717113,0.002120577617294964,0.0017515703663456823,0.002023218489005739,0.736159308418016,0.263840691581984,0.003468370458591963,0.009677329083793547,-2.7585664716447347e-07,-8.782915124559088e-06,-2.4505790540578803e-05,0.07799550507794728,-7.175586266564959e-05,-8.859918847003494e-05,352.5006284164265
612,IN,2,44,0.0018591345837689764,0.003174364752030115,0.0020521449084474545,0.0016661242590904986,0.0019439018856782621,0.7195926618187225,0.28040733818127755,0.003425389882741581,0.008790374173073311,-5.141090193799584e-06,-7.001594175142989e-06,-1.7967774389015642e-05,0.07752035500633099,-6.87852513378165e-05,-8.89962337828911e-05,352.9432512912899
612,IN,2,45,0.0017835561449984264,0.0028906388946886214,0.0019863571270059854,0.0015807551629908672,0.001861411731154912,0.6919507129250085,0.3080492870749916,0.0035019327480330935,0.007866159615643057,-7.94647999011619e-06,-6.0378528870684395e-06,-1.35624290820912e-05,0.07711228296648354,-6.648465216642925e-05,-8.819010363460107e-05,353.3867670833133
612,IN,2,46,0.0017095972680994422,0.0027887824211864044,0.0019224241643334351,0.0014967703718654492,0.0017766121417444832,0.6574398603533674,0.3425601396466325,0.003669542462947395,0.007042569187674614,-8.576423303223251e-06,-5.914843213596815e-06,-1.1351740165596872e-05,0.07675004287408686,-6.498567007036458e-05,-8.526270411332718e-05,353.82958008302376
612,IN,2,47,0.0016381210583123066,0.0028363850706555273,0.0018598310667241724,0.001416411049900441,0.001694509801257919,0.627167788566541,0.372832211433459,0.003839765105761504,0.0064591441301074665,-7.598634868873289e-06,-6.4138181326447365e-06,-1.078914324235287e-05,0.07632452436083842,-6.370326993656393e-05,-7.925714355920397e-05,354.265550208278
612,IN,2,48,0.0015703550775884333,0.0027965169947428846,0.0017985318267658764,0.0013421783284109905,0.0016211563248459838,0.6113199470162596,0.3886800529837403,0.0038633371622289843,0.0060762960465546925,-7.018028868104297e-06,-6.3964110283463146e-06,-1.0060340428909189e-05,0.07574022032662607,-6.256370001284523e-05,-7.159496312691475e-05,354.723612875212
612,IN,2,49,0.0015067370649528037,0.002508024953074898,0.001738450619115773,0.0012750235107898344,0.001552876226526978,0.5995607739496404,0.40043922605035964,0.0037960575699417134,0.005683676988990626,-8.475788570793507e-06,-5.245664358434733e-06,-7.85411212993315e-06,0.07503124829200328,-6.117061406136987e-05,-6.440604559777932e-05,355.1641133753583
612,IN,2,50,0.0014471064375889682,0.0022685762436188256,0.001679835374260317,0.0012143775009176194,0.0014777674548717389,0.5658728083437018,0.43412719165629826,0.004022878142212074,0.005243710589223613,-1.0620124237538575e-05,-4.547345355023529e-06,-5.927339120911566e-06,0.0742640597648341,-5.91927262369271e-05,-5.894353788583296e-05,355.5955947083421
612,IN,2,51,0.0013908366904942186,0.002256880258573716,0.0016229982451389843,0.001158675135849453,0.0013980144096491392,0.5154584577233373,0.4845415422766626,0.004583232928083727,0.004875673126800626,-1.214958198400211e-05,-4.940755579059302e-06,-5.256008058264158e-06,0.07346021726316697,-5.735613003971152e-05,-5.517208951597062e-05,356.0542545411736
612,IN,2,52,0.0013370584659618133,0.002228474645877155,0.0015676676058371955,0.0011064493260864309,0.001326490573985979,0.47708700535125154,0.5229129946487485,0.005108541318931863,0.0046608493277155326,-1.3857041154907977e-05,-5.2046054405328646e-06,-4.748494776509753e-06,0.07263402575903322,-5.631344843988136e-05,-5.1941142622842914e-05,356.48488112539053
612,IN,2,53,0.00128518115555693,0.00213455534649456,0.001513098455877427,0.0010572638552364332,0.0012667040566498174,0.4594653436111908,0.5405346563888093,0.0054614167660990524,0.004642314237173805,-1.6180673052181358e-05,-4.958291839203619e-06,-4.214647917016374e-06,0.0717980641522089,-5.634713361706893e-05,-4.8685609970833336e-05,356.9274455830455
612,IN,2,54,0.0012346608617676788,0.002046101237043294,0.0014581867287967304,0.0010111349947386269,0.001213649030822421,0.45299910649149444,0.5470008935085057,0.0057336941585254845,0.004748362135293583,-1.877794891320505e-05,-4.6209034545951195e-06,-3.826803869896237e-06,0.0709617887084361,-5.749271278284966e-05,-4.5349483336104954e-05,357.35516245802864
612,IN,2,55,0.0011850917624637088,0.00197966511876767,0.0014018149998999414,0.0009683685250274762,0.0011628279543243899,0.4486353923033531,0.5513646076966469,0.005991164103827228,0.004874901690376746,-2.1284587529615916e-05,-4.367771747057643e-06,-3.5539767403982805e-06,0.07009668409761037,-5.935047852098494e-05,-4.136799165287244e-05,357.77800241624936
612,IN,2,56,0.0011366535953254366,0.001992440523520918,0.001343517711979419,0.0009297894786714542,0.0011167446348996205,0.4518791350867355,0.5481208649132646,0.0061392207709870155,0.005061266501028245,-2.3058365746846582e-05,-4.39256753800585e-06,-3.621299145760943e-06,0.06915666550040099,-6.106078313155253e-05,-3.675239689789883e-05,358.2038103751838
612,IN,2,57,0.0010901364663132244,0.0020684086204227907,0.0012844924108480285,0.0008957805217784204,0.001080472425137182,0.47513829278756153,0.5248617072124385,0.005935213029345933,0.005372933379101516,-2.3311667758656964e-05,-4.502177877454496e-06,-4.075658561339527e-06,0.06815801420181569,-6.030015254133909e-05,-3.269229355536013e-05,358.64802070800215
612,IN,2,58,0.0010464943359459952,0.002126431806582913,0.001227479889066918,0.0008655087828250722,0.001052714793145964,0.5171849550770853,0.4828150449229146,0.005361594888971233,0.005743268029762494,-2.1738956510296686e-05,-4.371465356502413e-06,-4.682654647567375e-06,0.06717129493957329,-5.7054996451593316e-05,-2.983704518103807e-05,359.1081010410562
612,IN,2,59,0.0010058207372363511,0.002163686472416109,0.0011737329100570096,0.0008379085644156928,0.0010273070359421174,0.5639807654943366,0.4360192345056634,0.004658075198543267,0.006025112215939395,-1.8546482847747792e-05,-4.15044221128094e-06,-5.368500722478631e-06,0.06623132730410727,-5.3438247728008706e-05,-2.773890618268491e-05,359.5628998330794
612,IN,2,60,0.0009677707828661988,0.002211626552786016,0.0011232198712727102,0.0008123216944596874,0.0009979914254848658,0.5972043095538697,0.4027956904461304,0.004083360361085835,0.006054186931347129,-1.4554590260359087e-05,-4.09515799763912e-06,-6.071678676068552e-06,0.06531354806084527,-5.0000197111737254e-05,-2.673827480381862e-05,360.0217856252566
612,IN,2,61,0.000931614145805138,0.0021875767822002617,0.0010757004489251865,0.0007875278426850896,0.0009603478658135854,0.5997101021618528,0.4002898978381471,0.0037930009015129354,0.005682633937132415,-1.1586864718097135e-05,-3.989837890649807e-06,-5.97753303776431e-06,0.06439902999800162,-4.685415127963908e-05,-2.7464592814288455e-05,360.45077829109505
612,IN,2,62,0.0008964296560658566,0.002013677958177642,0.0010310300566212115,0.0007618292555105018,0.0009140929193077481,0.5656137097995761,0.4343862902004239,0.003790161523599762,0.0049351633982595315,-1.045316560885106e-05,-3.584512582525025e-06,-4.6673882333850395e-06,0.06345840773936058,-4.3505991297973616e-05,-2.9297197631247733e-05,360.9339870000258
612,IN,2,63,0.000861999341936604,0.0018153866683741874,0.0009896978294374752,0.0007343008544357328,0.0008629600289671007,0.503761544280194,0.49623845571980596,0.004030039903303838,0.004091136230573508,-9.89581168203908e-06,-3.2710205782179433e-06,-3.320609998806264e-06,0.0624492267578954,-3.948875717678359e-05,-3.103887733694739e-05,361.37174145830795
612,IN,2,64,0.0008288578168501034,0.001686966737061404,0.0009524768652738693,0.0007052387684263375,0.0008144914977944806,0.4418927776956548,0.5581072223043452,0.004343887020026291,0.0034393611559980232,-9.170559190707836e-06,-3.220076131128384e-06,-2.5495609608862107e-06,0.06139478506148054,-3.532778401327812e-05,-3.135728050105067e-05,361.8133603334427
612,IN,2,65,0.0007978204813880992,0.0015581063523685476,0.0009193845778154987,0.0006762563849606997,0.0007748995739807957,0.4057250122325704,0.5942749877674297,0.004500301668445701,0.003072458015337087,-8.792619832150912e-06,-2.9917990413413468e-06,-2.042569059158605e-06,0.060336336857287655,-3.225505514233747e-05,-2.938680892744983e-05,362.24570475006476
612,IN,2,66,0.0007692617552608478,0.001523896138561232,0.0008890790160479566,0.0006494444944737392,0.0007467788928682561,0.4061785328553818,0.5938214671446181,0.00442513525781539,0.0030268271629667145,-8.580099697227832e-06,-2.8586683604333487e-06,-1.955351540496156e-06,0.05929692008960931,-3.161148324648372e-05,-2.6183790613853248e-05,362.6854075412266
612,IN,2,67,0.0007422634762962845,0.0016199545812709197,0.0008590332212484032,0.0006254937313441656,0.0007276920959002084,0.4376063534177836,0.5623936465822165,0.004137633504540648,0.0032195504353667646,-7.989792214277529e-06,-2.9984172131925844e-06,-2.3331103234618435e-06,0.05834758703535143,-3.297933888808684e-05,-2.359840224684898e-05,363.112749833148
612,IN,2,68,0.0007157606382998597,0.0016581468799379711,0.0008277343232445792,0.0006037869533551401,0.0007120097658329864,0.48325109837760094,0.5167489016223991,0.0036645992323622407,0.003427044737962155,-7.053666099961783e-06,-2.844743741585532e-06,-2.660335674459855e-06,0.057507618658892194,-3.3193003157093685e-05,-2.153839776182756e-05,363.5411926661618
612,IN,2,69,0.0006904419714116763,0.0016672970746861443,0.0007967990865208625,0.0005840848563024901,0.0006958447630828993,0.525399295880095,0.4746007041199049,0.003185212920491959,0.0035261402082367222,-5.657364221023128e-06,-2.645492254229618e-06,-2.9286508754890673e-06,0.0566600458772005,-3.0599803878632155e-05,-1.9939042396638236e-05,363.9746763333678
612,IN,2,70,0.0006670968959324537,0.0017498428808665348,0.0007685066844433363,0.0005656871074215713,0.0006743875507106097,0.5359465042044421,0.4640534957955578,0.0029755973481472276,0.0034365886931322647,-4.07018752060547e-06,-2.8565818451082597e-06,-3.2991348362433827e-06,0.05575588829114478,-2.762368864664899e-05,-2.033446703071301e-05,364.42297116620466
612,IN,2,71,0.0006444559213746718,0.001743899418333918,0.0007424261583049117,0.0005464856844444318,0.0006451822863026244,0.5037070693646987,0.4962929306353013,0.003024075635131109,0.00306925241461566,-3.1989467196236654e-06,-3.0188033543990926e-06,-3.063901371083784e-06,0.05493960143284452,-2.6522970460877143e-05,-2.2354805910603134e-05,364.8525289581157
612,IN,2,72,0.0006212254631989265,0.001550607529573789,0.000717063455267411,0.000525387471130442,0.0006121459628803234,0.4526309967339725,0.5473690032660274,0.0030796824232532096,0.002546654480878078,-2.99056865720802e-06,-2.65600867828333e-06,-2.1963097073678937e-06,0.054274654682115044,-2.5527451208121506e-05,-2.331615783641698e-05,365.2988222502172
612,IN,2,73,0.0005983473735684075,0.0013852803071885437,0.0006929660513529548,0.00050372869578386,0.0005823879295242015,0.4156644099352846,0.5843355900647155,0.0030575756217370315,0.002174992227499062,-2.699811643506822e-06,-2.308354388319122e-06,-1.642037180442711e-06,0.053673774587476845,-2.349131181054417e-05,-2.247004490394104e-05,365.7291515832767
612,IN,2,74,0.0005768890991940192,0.0014044439284108647,0.0006709889562418729,0.0004827892421461657,0.000560338449984708,0.41205805338846235,0.5879419466115378,0.0029857888345560975,0.0020925847221597905,-2.17715802231402e-06,-2.3934282218610446e-06,-1.6774298546123113e-06,0.053128014504469794,-2.205197828037769e-05,-2.1735226950022975e-05,366.17028862517327
612,IN,2,75,0.0005561656139122566,0.001388508624337612,0.0006502022004014311,0.000462129027423082,0.0005407089719830589,0.41781580709027066,0.5821841929097292,0.002874859576814681,0.0020631988793008444,-1.9684269576908663e-06,-2.3071843706518575e-06,-1.655795728688625e-06,0.05267707948645205,-2.1893494367132208e-05,-2.1836364278464803e-05,366.62304308312014
612,IN,2,76,0.000535437278908773,0.0011726083454896186,0.0006295335263448474,0.00044134103147269857,0.0005201117564313746,0.41856464580157704,0.581435354198423,0.002709279045867049,0.001950360286870309,-2.459112307632161e-06,-1.6425304259497017e-06,-1.1824275235271117e-06,0.05226898659870262,-2.1451571839418643e-05,-2.1344586574909255e-05,367.0622863750905
612,IN,2,77,0.0005154166155295339,0.0010249163410852675,0.0006094584737660926,0.0004213747572929753,0.0005042250099644178,0.44049668001580716,0.5595033199841928,0.0025537135841683808,0.0020105374094459712,-3.003247966179196e-06,-1.192351218385933e-06,-9.387375094157526e-07,0.05175266634963958,-2.0210957512035004e-05,-1.9563749163396143e-05,367.5083228331059
612,IN,2,78,0.0004968856757254739,0.0011467625686664902,0.0005905301879129157,0.0004032411635380322,0.0004937629817308053,0.4833268713685099,0.5166731286314902,0.002457708691359313,0.0022990873469193474,-3.0174302893426204e-06,-1.3604296251634466e-06,-1.2726270402118378e-06,0.05113362244711616,-1.953561779781972e-05,-1.7922362814069775e-05,367.94598900014535
612,IN,2,79,0.0004792121304282983,0.0012256146172931748,0.0005720212964287472,0.00038640296442784926,0.0004815701998708747,0.5127038607510223,0.4872961392489777,0.0023576605642815955,0.002480589473806597,-2.842184936996854e-06,-1.4649111359551042e-06,-1.5412919056138888e-06,0.05058957507291906,-1.9531530725160942e-05,-1.7457867227449306e-05,368.3755245413631
612,IN,2,80,0.00046169099658252295,0.0011787948700256973,0.000553509076334705,0.0003698729168303408,0.0004632199155154718,0.5083258054245716,0.49167419457542827,0.002307302240493846,0.0023854440251226627,-2.724054856612101e-06,-1.3667979578946357e-06,-1.4130875292314397e-06,0.0501558936899149,-1.8892848069410983e-05,-1.7335092229958584e-05,368.8180677080527
612,IN,2,81,0.0004446321741803669,0.001130441638357914,0.0005356842718982175,0.0003535800764625163,0.00043856572357523025,0.466686925632756,0.533313074367244,0.002406389165125431,0.002105761916076772,-2.5000901841436068e-06,-1.3691173113545987e-06,-1.1980751636827054e-06,0.04973572743180041,-1.764439323143699e-05,-1.6882952141602824e-05,369.24706825008616
612,IN,2,82,0.00042840216142208906,0.0010419394506011696,0.0005190068752841655,0.0003377974475600126,0.0004132832338919857,0.41656655108961477,0.5834334489103852,0.0025249458353295245,0.001802789984488639,-2.3184815580537656e-06,-1.303078482753068e-06,-9.303870225015332e-07,0.049259417917991974,-1.6603044321501368e-05,-1.613921907364079e-05,369.69849241618067
612,IN,2,83,0.00041302023553175474,0.001105790737613773,0.0005033572751730659,0.00032268319589044356,0.0003921882478624651,0.38469852592024073,0.6153014740797593,0.002687793586801464,0.0016804611631506792,-1.9338337479372082e-06,-1.5892615554834861e-06,-9.936374337646302e-07,0.04869691339486616,-1.591015566910407e-05,-1.525593163499211e-05,370.1419170834124
612,IN,2,84,0.00039841511198883417,0.0011917093463459448,0.000488440129109595,0.0003083900948680733,0.00037430227436324845,0.3660770172737632,0.6339229827262367,0.0028607601722411,0.001652028053133173,-1.6661948083574731e-06,-1.939716369993029e-06,-1.120144879477882e-06,0.0480792844323518,-1.546906227177123e-05,-1.4278005866895216e-05,370.5797602501698
612,IN,2,85,0.00038450724660126336,0.001097900984460932,0.00047391946644725875,0.0002950950267552679,0.00035880556053346623,0.3562741976875983,0.6437258023124016,0.002877626114572717,0.0015926407354365023,-1.9551110747976923e-06,-1.6916557240236006e-06,-9.362577726030833e-07,0.047458520650240366,-1.5144822078548196e-05,-1.3470103981029809e-05,371.03435625042766
612,IN,2,86,0.00037108032170228523,0.0010393118521211295,0.0004596625653671506,0.0002824980780374199,0.00034639949598956154,0.36068976867362346,0.6393102313263765,0.00282459272627033,0.0015935951704103613,-2.1590988026039335e-06,-1.4973659080095273e-06,-8.447926163471733e-07,0.04684723844427543,-1.4434275565864441e-05,-1.3233038708636475e-05,371.47929345816374
612,IN,2,87,0.00035810812565830114,0.001107240962903873,0.00044613788327036883,0.0002700783680462335,0.00033271364222391586,0.35576193708101234,0.6442380629189877,0.0028814227630384677,0.0015911828293461037,-1.9103345254271193e-06,-1.7230378269122158e-06,-9.514980722944819e-07,0.04621534858472872,-1.3037008941342144e-05,-1.3296190581025407e-05,371.91420508315787
612,IN,2,88,0.00034572467361396766,0.0010459555452117218,0.0004339162726618996,0.00025753307456603575,0.0003156371577142086,0.32941960331501347,0.6705803966849865,0.002965920436490635,0.0014569950724515582,-1.8450719054028721e-06,-1.6605311152551095e-06,-8.157284405922478e-07,0.04557925123464187,-1.1613045384405732e-05,-1.3367993161654836e-05,372.34987458307296
612,IN,2,89,0.0003341135004007535,0.0010560241344626578,0.00042313361984155234,0.00024509338095995466,0.000301782013113129,0.3184034828827324,0.6815965171172675,0.0030667776727264008,0.0014326257069988606,-1.8242581227928465e-06,-1.7512166677183111e-06,-8.180697410868221e-07,0.04481116571406338,-1.0690759782878625e-05,-1.2364118684015182e-05,372.78233500011265
612,IN,2,90,0.0003233770516824222,0.0011615137916168728,0.00041314465779624613,0.00023360944556859823,0.00029587265878604023,0.3468022369811955,0.6531977630188045,0.0030665696888930957,0.0016281336039055574,-2.0150081860082662e-06,-1.9450772576610527e-06,-1.0326997155357416e-06,0.04392056127172563,-1.1004970745934215e-05,-1.15541964528128e-05,373.2181625412777
612,IN,2,91,0.000312896005252883,0.000810023591725638,0.00040290713627122085,0.00022288487423454507,0.00028370278827450214,0.33783551740710105,0.6621644825928988,0.0029053704058163124,0.001482316463825931,-2.8401375796696555e-06,-9.71091234260959e-07,-4.954495721235319e-07,0.043145058263963865,-1.0595320211487774e-05,-1.060795440317561e-05,373.6523430412635
612,IN,2,92,0.0003030648560951372,0.0007917770415707662,0.0003930382881845454,0.00021309142400572896,0.00027666159989784623,0.3532719293676962,0.6467280706323038,0.0028580778906593858,0.0015612105559748431,-3.0900902445273255e-06,-8.872922406835882e-07,-4.846788874848328e-07,0.042368105598349644,-1.0524751162275155e-05,-9.459906994302251e-06,374.07511920807883
612,IN,2,93,0.00029382880279675983,0.0008760225488192294,0.0003831711828830979,0.00020448642271042174,0.0002732773278735245,0.38498473566869995,0.6150152643312999,0.0028137216482278537,0.001761321950547187,-3.335287110970444e-06,-9.966830304411618e-07,-6.23899560341923e-07,0.04145485398054622,-1.0927074080619698e-05,-8.391962854304735e-06,374.5076609579846
612,IN,2,94,0.00028482984197987146,0.0008149278586353462,0.0003728603215294696,0.00019679936243027337,0.0002653552673284917,0.38938731930678927,0.6106126806932107,0.0026838588020945704,0.0017114950563409668,-3.1968474984060127e-06,-8.5275942724878e-07,-5.43804146047253e-07,0.040528968504491156,-1.0145148937609877e-05,-8.020101262487444e-06,374.96596383303404
612,IN,2,95,0.00027631556167221824,0.000832106884536956,0.00036327141679835817,0.00018935970654607826,0.0002539937102036304,0.37164837010568613,0.6283516298943138,0.0026514458847648192,0.001568239015568425,-2.6756058192588104e-06,-9.3152819033876e-07,-5.509668745589616e-07,0.039598995629257276,-9.230274267343752e-06,-8.158871326904146e-06,375.45643025031313
612,IN,2,96,0.00026840113951554867,0.0011044047592742399,0.00035475449383709,0.00018204778519400735,0.0002454143954226261,0.36690300409564763,0.6330969959043524,0.002808286060654727,0.0016275051037674146,-1.945042212443406e-06,-1.6621693726847035e-06,-9.632883114263462e-07,0.038517233698843266,-8.802274126653968e-06,-7.410731909388422e-06,375.94841058319435
612,IN,2,97,0.00026096610481884453,0.0009329536758142813,0.00034652262127235153,0.00017540958836533756,0.0002277558237583389,0.3059161216635512,0.6940838783364489,0.002779532246927762,0.0012250734407733101,-1.3554993697545968e-06,-1.4226163637309942e-06,-6.270153999985731e-07,0.03751777616249546,-8.759425094125877e-06,-6.792826316678068e-06,376.4436145410873
612,IN,2,98,0.00025382532475265094,0.0008465483322263128,0.0003382645256425116,0.00016938612386279024,0.0002278003006365916,0.3458948933564317,0.6541051066435684,0.0025882893427561916,0.0013687036794166032,-1.958868638903085e-06,-1.0359275209892686e-06,-5.478049869328278e-07,0.036544605938384885,-8.737003881661775e-06,-6.243159130400465e-06,376.9333380004391
612,IN,2,99,0.0002470004399964754,0.001032208891909029,0.00033007208906708904,0.0001639287909258617,0.00022254883601193002,0.3528282256455468,0.6471717743544533,0.0025169569895125525,0.0013722067367998158,-1.120744676559843e-06,-1.5098780640163803e-06,-8.231625966682846e-07,0.035668415040181596,-8.885146242762714e-06,-5.848682853307797e-06,377.3956695003435
612,IN,2,100,0.00024057995327429732,0.001131188021887945,0.0003220319265356894,0.00015912798001290528,0.00022976243861689053,0.4335957483639362,0.5664042516360639,0.002360300867966385,0.001806865711642851,-1.659624625774174e-06,-1.4755522231144525e-06,-1.1295698586006945e-06,0.034761563594905336,-9.437913362395408e-06,-6.2336776858978875e-06,377.82393895834684
612,OOF,0,1,0.3370661892000814,0.01046840282047782,0.005249556016899529,0.6688828223832632,0.009994577361113408,0.992849934467278,0.007150065532722033,0.007850157185004892,1.0900638617955083,-0.0008385959917021101,-5.518832897470454e-05,-0.007663388336111373,0.004122672283508403,-2.0697116910017242e-05,-0.001880826258015214,378.87095670821145
612,OOF,0,2,0.3361186160195831,0.00901713475669122,0.005231075348294654,0.6670061566908715,0.010067845438063956,0.9926912175660093,0.007308782433990565,0.007996589149385525,1.0861102913887755,-0.0030818257045867755,-4.095368115560172e-05,-0.005562398385413055,0.05928644251021278,-2.0328881983837946e-05,-0.0020310921647128223,379.3460852080025
612,OOF,0,3,0.3350196916536659,0.009244118795116307,0.005209059515903811,0.664830323791428,0.010745316880135792,0.9916069149615537,0.00839308503844637,0.009250245806584503,1.0928767747361268,-0.004975567874388598,-4.308851169192166e-05,-0.005090722416535935,0.0674849021680832,-2.4802132990552782e-05,-0.002299210352244446,380.23187633324414
612,OOF,0,4,0.3337748166107922,0.009860264924333697,0.0051828961980660325,0.6623667370235184,0.01156200108636695,0.9902932718487287,0.009706728151271153,0.01080493760591886,1.1023340560418933,-0.006853446654167,-4.908890484358301e-05,-0.005008115137401537,0.07110364718426841,-2.8430245557309147e-05,-0.0025969927112470324,380.7985879164189
612,OOF,0,5,0.33237323409095043,0.010648156822084243,0.005153874673713014,0.6595925935081879,0.012398896099025931,0.9889294120032874,0.01107058799671261,0.012475149231908433,1.1143980787856915,-0.008724033697412153,-5.732625722902573e-05,-0.005120922381962373,0.07319834311902389,-3.0769388851112317e-05,-0.0029076983309189587,381.2950417082757
612,OOF,0,6,0.33081131133820435,0.01147901489647245,0.005123424597204468,0.6564991980792042,0.013179088710273242,0.9876328465978919,0.0123671534021082,0.014138730560945357,1.1291098490624918,-0.01057014231958873,-6.670889057980306e-05,-0.005327328719435721,0.07449510078437795,-3.199809809818808e-05,-0.00320903705485278,381.7398082083091
612,OOF,0,7,0.32909743668812236,0.01226865566834349,0.0050925444491771105,0.6531023289270677,0.013844595926883911,0.9864939516542046,0.01350604834579533,0.015692639408778342,1.1462045348793424,-0.012338369105330189,-7.62903369331242e-05,-0.005572315012304705,0.07519787981143128,-3.286424619192116e-05,-0.0034739911586024116,382.16615666635334
612,OOF,0,8,0.32725361125588126,0.012959097848953237,0.005061264516959828,0.6494459579948026,0.014344929646031875,0.9855929769545476,0.014407023045452378,0.01703247249642119,1.1652015284270063,-0.013932720907488741,-8.519653700134332e-05,-0.005828345541230829,0.07558100289646344,-3.4235069794464994e-05,-0.003683316042325846,382.59186075022444
612,OOF,0,9,0.325309725970739,0.013514747228408877,0.005028723434996048,0.6455907285064819,0.014649545042212468,0.9849806552198755,0.015019344780124368,0.018075012828811344,1.185373812231164,-0.015252492016279214,-9.271674102422507e-05,-0.006080438105711857,0.07587359514872824,-3.649257251024618e-05,-0.0038430675375936254,383.01520091621205
612,OOF,0,10,0.3232906664241544,0.013935965587496072,0.004993725135556918,0.6415876077127518,0.014756686611986569,0.9846637522859863,0.015336247714013762,0.018783408429452576,1.2059886987848116,-0.016222191906587788,-9.861799848171313e-05,-0.006331768385509676,0.0762079321734936,-3.999777812324574e-05,-0.003963055836481752,383.4551211660728
612,OOF,0,11,0.3212159531598078,0.014253061813088348,0.0049546893340871355,0.6374772169855284,0.01467909411061752,0.984625994567123,0.015374005432877053,0.01914878458787199,1.2263811894631735,-0.016773624334708578,-0.00010316088147613307,-0.006606924003463826,0.07663611106784081,-4.532679223532083e-05,-0.004044848325854587,383.9176670834422
612,OOF,0,12,0.31910423150289485,0.014491241117762088,0.004909516850605961,0.6332989461551838,0.014425315790222364,0.9848568443454765,0.015143155654523488,0.01915834425979583,1.2459903933530905,-0.016830804629058532,-0.00010661248400658644,-0.006933695787191809,0.07719517336139738,-5.295131195075357e-05,-0.0040857275934419,384.39541504113004
612,OOF,0,13,0.31697557260939485,0.014653953197610248,0.004855822521192798,0.6290953226975969,0.01400009065690768,0.9853513465054186,0.014648653494581488,0.018795748323557324,1.264308417565126,-0.016325030042827104,-0.00010896536807877124,-0.007329627409003258,0.07796510049469137,-6.27532205051723e-05,-0.004085976214947338,384.8655187501572
612,OOF,0,14,0.3148503633828705,0.014724728706521884,0.004791640357177358,0.6249090864085636,0.013414949496802775,0.9860940710593864,0.013905928940613684,0.0180629927759478,1.2808788365032877,-0.015230697317421216,-0.00010993760222477397,-0.007795870250977319,0.07892970270829017,-7.373316346349283e-05,-0.00405032280899621,385.3024123334326
612,OOF,0,15,0.31274728934182155,0.014673384821362576,0.00471631829152562,0.6207782603921175,0.012693548152077955,0.9870512535909095,0.012948746409090463,0.016992599557331685,1.2953042839002282,-0.013587657046419654,-0.00010906638400614889,-0.008313863570787054,0.07995688126648028,-8.410949576275048e-05,-0.003991296955468812,385.752918000333
612,OOF,0,16,0.31067917921392807,0.014475080622317919,0.004631127171136623,0.6167272312567195,0.011876900848155372,0.9881623594258238,0.011837640574176321,0.015660914139301634,1.3073150658432078,-0.011517657319002707,-0.00010601899425938007,-0.008850072685923853,0.08084366455383063,-9.19727850387422e-05,-0.0039303368042676815,386.18001270806417
612,OOF,0,17,0.3086477522031525,0.014130717566517296,0.0045390979643439066,0.612756406441961,0.011022076119258595,0.98934101666534,0.010658983334660012,0.014187514515716648,1.3168507346560263,-0.009215310028885636,-0.00010091423259580896,-0.00936661465148306,0.08144615690274383,-9.61505414428551e-05,-0.003895031829961988,386.6150047914125
612,OOF,0,18,0.30663990153383314,0.013670460079802278,0.004444112421970761,0.6088356906456955,0.010189431496433308,0.9904940451166646,0.009505954883335303,0.012707722661614048,1.3241093375467927,-0.0069023709755262515,-9.433750748670881e-05,-0.009829705752185185,0.0816750371847531,-9.651246603921617e-05,-0.003913661930610515,387.0593236251734
612,OOF,0,19,0.3046274828544249,0.013139529092683162,0.004349893847450178,0.6049050718613996,0.009427275828373907,0.9915455196011884,0.008454480398811571,0.011336310484186544,1.3295279353871583,-0.004774483504888182,-8.705965654855056e-05,-0.010210398311511602,0.08143882420271503,-9.383692823871818e-05,-0.004011068154535834,387.50222425023094
612,OOF,0,20,0.3025686694304724,0.012581423103911879,0.004259122434318914,0.6008782164266259,0.008763033447312388,0.992450943896456,0.0075490561035439305,0.010145306175765615,1.3337718718940683,-0.0029675375120126832,-7.974812674275743e-05,-0.010484238370233913,0.08077102054048434,-8.97154582080973e-05,-0.004206949094990109,387.94609487522393
612,OOF,0,21,0.30041051413068376,0.012008541857295722,0.004172686500277186,0.5966483417610904,0.008193616984791988,0.9932133405840199,0.00678665941598014,0.009140399879381852,1.3376783100531517,-0.0015301619114500762,-7.25952177875648e-05,-0.010624157534623908,0.07988787667460362,-8.607928059427953e-05,-0.0045039634267471,388.38548695808277
612,OOF,0,22,0.29809858907978964,0.01137731417977264,0.004089596248808592,0.5921075819107707,0.007685369568038959,0.9938849263000307,0.006115073699969263,0.008257197972901089,1.3420450842289624,-0.00043246133109573056,-6.511985166488966e-05,-0.01058395076627664,0.07905670098484843,-8.422407536649989e-05,-0.004877423059849815,388.8242065003142
612,OOF,0,23,0.2955922992500804,0.010606892532638638,0.004007896651071291,0.5871767018490895,0.007192854506862507,0.9945385318497794,0.005461468150220665,0.007399200893439218,1.3474015028587674,0.00038686075394831534,-5.656199613990364e-05,-0.010299993161582349,0.07846856934396859,-8.413442388574023e-05,-0.005279530169972615,389.26765904109925
612,OOF,0,24,0.29287749460178486,0.009648882501480958,0.0039260421069505684,0.5818289470966191,0.00669114969984032,0.9952152730692033,0.004784726930796764,0.006509175808506379,1.3538977821330738,0.0009629859953310569,-4.6774268867611914e-05,-0.009728970417114489,0.07820279584393475,-8.469605756846126e-05,-0.005646629692851712,389.72553208330646
612,OOF,0,25,0.2899746318139922,0.008568848989248026,0.003843809086850911,0.5761054545411335,0.006202985575859728,0.9958774513236232,0.004122548676376896,0.005635236805950268,1.361295089145422,0.0012709574158577008,-3.6864562453416e-05,-0.00890531304351592,0.0781764091851966,-8.462098109072381e-05,-0.00590794741948676,390.1549055413343
612,OOF,0,26,0.28694149651955714,0.0075823410816774125,0.0037621146737460602,0.5701208783653682,0.005802046355907196,0.9963981634735118,0.0036018365264881154,0.004948753906461991,1.3690041920611205,0.0012348991780821985,-2.8849860621216085e-05,-0.007980914160886294,0.07820666416375101,-8.363621040857745e-05,-0.00600314464041933,390.6239161663689
612,OOF,0,27,0.2838659605271558,0.006923447083777779,0.003681662867585779,0.5640502581867258,0.005561141533024234,0.9966459957229258,0.003354004277074196,0.004631367084653207,1.3762157344859194,0.0007960922315899469,-2.404771590292781e-05,-0.007145804769766943,0.07816810779825639,-8.305419627327746e-05,-0.005912344768753606,391.11461654119194
612,OOF,0,28,0.2808437565253667,0.006579427219771593,0.0036014369495137883,0.5580860761012196,0.005465142846298889,0.9966388502670942,0.003361149732905756,0.004661362729070813,1.3821744224892827,1.8492594644056802e-05,-2.171742679340172e-05,-0.0064395915059171725,0.07808910897867745,-8.460061242591129e-05,-0.0056669825045785015,391.60485879098997
612,OOF,0,29,0.2779530313911424,0.0063596412180576,0.0035190115376887115,0.5523870512445961,0.005426523753518903,0.9965246433061601,0.003475356693839912,0.004835414703247859,1.3865080154024034,-0.0008652157771853406,-2.029304377673644e-05,-0.005818832422885712,0.07808324114500956,-8.810373200396708e-05,-0.005333628296737489,392.0670438334346
612,OOF,0,30,0.2752384385706265,0.006207168639383201,0.003432986602713117,0.54704389053854,0.005380549982854966,0.9964173577718158,0.003582642228184147,0.004995448658686191,1.3893521698078446,-0.0015439351059115842,-1.9333737121912726e-05,-0.005377168590075849,0.07820535816662101,-9.088817659437487e-05,-0.005004880192438875,392.5071158329956
612,OOF,0,31,0.2726982352688099,0.00622934652435301,0.0033450200881521425,0.5420514504494676,0.005316784244800272,0.9963398169289985,0.0036601830710014886,0.005111024099093241,1.3912738014541208,-0.0017904289563173143,-1.9473656207013883e-05,-0.005300931315144746,0.07836690727012442,-9.020474594292072e-05,-0.004811336836096763,392.936854083091
612,OOF,0,32,0.27026177942230206,0.006490451948519667,0.0032585936705049243,0.5372649651740992,0.005251453921625451,0.9962680964919778,0.0037319035080223073,0.005218547743177728,1.3931422973214516,-0.0016050055942564553,-2.1141882714289016e-05,-0.0056440321146415525,0.078429793283592,-8.714426364477938e-05,-0.0048858165705931685,393.3768182080239
612,OOF,0,33,0.2677856711270802,0.006765423875338796,0.0031750002281880794,0.5323963420259723,0.0051639894378604865,0.9962416685560795,0.003758331443920493,0.00526577889747958,1.3958290888788967,-0.001237889484155806,-2.2971815804162835e-05,-0.006089266060746675,0.07837386107378798,-8.517398506328308e-05,-0.005212169121096588,393.8306793333031
612,OOF,0,34,0.26513763511049204,0.006710110556347256,0.003092913014481796,0.5271823572065023,0.0050098226276837805,0.9963423998814607,0.0036576001185394036,0.005138191804664718,1.3996604844149112,-0.0010140566583871286,-2.2595436911928958e-05,-0.006155071935034689,0.07821848147704555,-8.426039854696692e-05,-0.005574951194328437,394.2588879582472
612,OOF,0,35,0.2623035725861646,0.006401391414261645,0.003012006628702365,0.5215951385436268,0.004840845691545096,0.9964733926919498,0.0035266073080501958,0.004969499916999603,1.404175177364112,-0.00114768052119722,-2.056141806650857e-05,-0.005809806488100129,0.07788446494811907,-8.260470313639368e-05,-0.005738978844495807,394.71232970803976
612,OOF,0,36,0.25938942157457606,0.00631664812163008,0.002932938605301119,0.515845904543851,0.004779072152879825,0.9964006884789888,0.003599311521011312,0.005087816531098433,1.4084648869228362,-0.0016032561251074775,-2.0022087476374823e-05,-0.005542732722573839,0.07738898043328388,-8.167404439668882e-05,-0.005658634234003011,395.15219941642135
612,OOF,0,37,0.2565199986022072,0.006529918215211593,0.0028541526335473634,0.510185844570867,0.004805425012353226,0.9961538527755784,0.0038461472244216525,0.00545059728188509,1.4117071358583744,-0.0021300571553563162,-2.1402232084203163e-05,-0.0055431876900869205,0.07696453471788109,-8.323216271906243e-05,-0.0054773706572157355,395.5958450413309
612,OOF,0,38,0.25374574954574597,0.006762348309767185,0.002773301482569561,0.5047181976089223,0.0048159370384721605,0.9959305581714921,0.004069441828507835,0.005775735293661361,1.4135184915460872,-0.002522523143005396,-2.295810400002649e-05,-0.00561862739286028,0.07681093758460739,-8.523769836484124e-05,-0.005376346766484756,396.04810916632414
612,OOF,0,39,0.251027686921035,0.007048406606771402,0.00269064700062109,0.49936472684144895,0.004824503087350355,0.9957037095887646,0.0042962904112353005,0.006101352437669579,1.414042970607586,-0.0028208911155974364,-2.4947198255843146e-05,-0.00578173621183285,0.07692919789662603,-8.545458269285408e-05,-0.0054633751837384085,396.50031275022775
612,OOF,0,40,0.24827471337993393,0.00745603832182185,0.0026084916966226555,0.4939409350632452,0.004869886988101211,0.9953974232273703,0.004602576772629579,0.006537148851776864,1.413786546920496,-0.003174927479870722,-2.792477967053038e-05,-0.006039280842317646,0.07719075533705994,-8.380485054415651e-05,-0.005720425791639712,396.94331545801833
612,OOF,0,41,0.24539799576122423,0.007825800738209852,0.00252764406762824,0.48826834745482023,0.004918418425595169,0.9950780851979348,0.004921914802065093,0.006990323307715894,1.4132543556093098,-0.0036268550524661126,-3.077304088250709e-05,-0.0062214767683981455,0.07759093055096093,-8.38526713502638e-05,-0.006025059433433254,397.3761718752794
612,OOF,0,42,0.24236505826885493,0.00783944241348125,0.0024459791834986404,0.4822841373542112,0.004864839534736591,0.9949590079278826,0.005040992072117345,0.0071571570856063405,1.41263422191574,-0.003983850341558724,-3.088411525731083e-05,-0.006095710573938202,0.07813853790290158,-8.550250198478541e-05,-0.006246715512548032,397.82027533324435
612,OOF,0,43,0.23921101106612788,0.00737709707696559,0.002362628624287086,0.47605939350796866,0.004648042372085075,0.9951753655139293,0.004824634486070815,0.006844573469782897,1.4118273465572866,-0.003996046020556336,-2.734269917084907e-05,-0.005639967280432801,0.07870620705313594,-8.676481680417322e-05,-0.006343112023233665,398.2737980000675
612,OOF,0,44,0.23599967105433223,0.0065398955079700154,0.002278365216831896,0.46972097689183256,0.004287242740449166,0.995702408224148,0.004297591775852015,0.006087994331705477,1.4105180141574343,-0.0035896784620349366,-2.1477417801694284e-05,-0.004976069795122296,0.07911548240755409,-8.643969072516572e-05,-0.006335050522852387,398.7642793334089
612,OOF,0,45,0.2327895501696926,0.005637554667267506,0.002194858189921913,0.4633842421494633,0.0038858468293614295,0.9963334181179073,0.003666581882092632,0.005182731471510396,1.4083221725980124,-0.00294899376253573,-1.594949142951889e-05,-0.004334012391984365,0.07924312922251489,-8.453755735133336e-05,-0.006291310476147949,399.2291640001349
612,OOF,0,46,0.22960276191404527,0.005087355986754682,0.002113152830374711,0.4570923709977158,0.0035936297775710207,0.9967460558898499,0.0032539441101500834,0.004586757144271396,1.4050124827332195,-0.0024545727699543194,-1.2982840906685681e-05,-0.003976895432106082,0.07915878992966634,-8.313236384425598e-05,-0.006272955599442111,399.6735901250504
612,OOF,0,47,0.2264280611726285,0.0049657464499920775,0.002032376554054683,0.4508237457912023,0.0034596729941708025,0.9968196883051867,0.003180311694813178,0.004468730850190656,1.400654816467131,-0.0023700164144020786,-1.2368655081208338e-05,-0.0038767643193315135,0.07904487149368972,-8.315227942361382e-05,-0.00625074190584052,400.1284608752467
612,OOF,0,48,0.22326753323446558,0.005015300000053889,0.0019514597229812506,0.4445836067459499,0.003408692808655283,0.996707801059017,0.0032921989409829626,0.004610188439643206,1.3957269486188866,-0.002601819394270776,-1.2618158533431185e-05,-0.003820126690617069,0.07897803227924002,-8.367057861534745e-05,-0.006140795408249878,400.5658307080157
612,OOF,0,49,0.22016194597317315,0.004937593148302547,0.0018701446392066685,0.43845374730713965,0.0033203824461230137,0.9966782128370053,0.0033217871629947614,0.0046368000044844015,1.391238304860479,-0.002768978080214529,-1.223054030084998e-05,-0.0036696851577005625,0.07892108571482948,-8.4123311116802e-05,-0.005920066154033817,401.0018987082876
612,OOF,0,50,0.2171621265130731,0.00452361968165469,0.0017885999408598792,0.4325356530852863,0.003102394637100414,0.9969499624277174,0.0030500375722826564,0.004247724468968112,1.3884316666209928,-0.002532841319313882,-1.0262869650159264e-05,-0.003354570974832126,0.0787795471530928,-8.366441103667653e-05,-0.005650908467109078,401.44887133315206
612,OOF,0,51,0.21429155350965082,0.004010460084692299,0.001707917109558033,0.4268751899097436,0.002814229871825517,0.9973979352762002,0.002602064723799694,0.003621243427606775,1.3880595224216046,-0.0019278562987849659,-8.062875168503446e-06,-0.0030905822487427652,0.07846785090088262,-8.160537629722647e-05,-0.005436537538346334,401.89804579131305
612,OOF,0,52,0.21152529215065802,0.003855480114490875,0.001629418084934545,0.4214211662163815,0.002608840889667512,0.9976668840940954,0.0023331159059045772,0.0032500946996050152,1.389777440443324,-0.0013238630800488688,-7.449744574178227e-06,-0.0031855954681924248,0.07801867792777198,-7.91915835689076e-05,-0.0053712651326364574,402.3335166252218
612,OOF,0,53,0.20879276878215816,0.0038141092490649228,0.001553105779872394,0.41603243178444393,0.00248248291292632,0.9977577237880287,0.0022422762119712458,0.0031286121551282876,1.392155402555013,-0.001104326537584815,-7.290061012292979e-06,-0.003243897715664019,0.07751691764016219,-7.757029093797052e-05,-0.0053871087795493355,402.813365790993
612,OOF,0,54,0.20606303379721336,0.0034881543090483566,0.0014783762980721503,0.4106476912963546,0.0023566886814109576,0.9978534255841192,0.0021465744158808537,0.0029980285323467216,1.393659133766157,-0.0013380314312069733,-6.0966972562178795e-06,-0.002834101718933363,0.07696169049911822,-7.60281506576286e-05,-0.005258785388333442,403.27449170826003
612,OOF,0,55,0.20341928936626968,0.003128465112501229,0.0014054450935968694,0.4054331336389425,0.0022443536778323893,0.9979236359090736,0.0020763640909263223,0.002900224491694664,1.3938800918163163,-0.0016808266320359159,-4.90382911475057e-06,-0.0023568347196206217,0.0762984450319076,-7.38850437499901e-05,-0.004879800461073643,403.7216397910379
612,OOF,0,56,0.2009879383823426,0.0030128778689709848,0.0013348645509908652,0.40064101221369436,0.002144877051666107,0.9979714499628504,0.0020285500371496025,0.002832684256125249,1.3935756883495454,-0.0017055929052249396,-4.547942255098104e-06,-0.0022374190646266266,0.07547711114190334,-7.123399020133838e-05,-0.00435660051793376,404.1603697910905
612,OOF,0,57,0.19883362237444696,0.0031707574699073736,0.0012671875137737416,0.3964000572351202,0.0020566159468435184,0.9980021190501652,0.0019978809498346563,0.0027894677827674697,1.3934237465222814,-0.0013657821386458147,-5.0369146222564535e-06,-0.002516091595398978,0.07445259191036273,-6.752966551168777e-05,-0.0038870388476186972,404.6041228333488
612,OOF,0,58,0.19691929800989375,0.003353968000474547,0.0012035755671277043,0.3926350204526598,0.001983375737168701,0.9980078244090251,0.0019921755909749076,0.0027810849874784216,1.3932228616914621,-0.001045714661516523,-5.6357781337377975e-06,-0.00282332074521159,0.07320791067753597,-6.266536945804036e-05,-0.0035746576979036383,405.0594326253049
612,OOF,0,59,0.19516117542262365,0.0031076596450973367,0.0011451245126764785,0.38917722633257085,0.0018794377050156976,0.9981075967970298,0.0018924032029701797,0.0026398499763501497,1.3923324118581422,-0.0011190482829819901,-4.8379295482561156e-06,-0.0025516624719850167,0.07175482057447136,-5.717666615272063e-05,-0.0033022425546733584,405.5172496251762
612,OOF,0,60,0.19354508403768322,0.002770995889184918,0.0010924454860703745,0.3859977225892961,0.0018017908578168871,0.9981570910716397,0.0018429089283602553,0.0025688544751218466,1.3913440164161748,-0.001487080781208566,-3.846297484915939e-06,-0.0020832332243112123,0.07012693293647858,-5.154132812604395e-05,-0.0029637930537810084,405.9540912080556
612,OOF,0,61,0.19210346679091195,0.002817913701859668,0.0010453116283852927,0.3831616219534386,0.001780929885076884,0.9980748839114828,0.0019251160885172007,0.002687016559360599,1.3930815687160572,-0.0016768763592362149,-3.977976882861174e-06,-0.0020623789075610104,0.0684057927546458,-4.677296643712848e-05,-0.0027202231494035957,406.38659570831805
612,OOF,0,62,0.1907672300444792,0.002970144073868765,0.001002678671425814,0.3805317814175326,0.0017354270302717013,0.9980693223430193,0.0019306776569808226,0.002702492804199074,1.3970613644236354,-0.0014865020779133542,-4.4194103666207355e-06,-0.00228462679609944,0.06668977937730697,-4.3018644460273714e-05,-0.002780924582807652,406.8611859581433
612,OOF,0,63,0.189379040202992,0.003173434111819599,0.0009630947421021826,0.37779498566388187,0.0017066658152964957,0.9980267830533784,0.001973216946621587,0.002762659566416818,1.3973163186457171,-0.0013034198935797045,-5.045297497553042e-06,-0.0025518441039396635,0.06517559449097515,-4.1551179862477494e-05,-0.003043141364870243,407.29647962516174
612,OOF,0,64,0.1878541436823012,0.0031751892021666,0.0009245187675361017,0.3747837685970663,0.0016777544084579524,0.9979852427316822,0.0020147572683177056,0.0028058692810936483,1.3898528520528712,-0.0013926990235264675,-5.0510899549774044e-06,-0.0025019953093341003,0.06399002698793817,-4.080802907714599e-05,-0.003194277207124341,407.7502383333631
612,OOF,0,65,0.186262467925318,0.0031482351560174955,0.0008865142634061618,0.3716384215872299,0.0016368943466201647,0.9979760587379565,0.002023941262043469,0.0027915652029643937,1.3764802819186732,-0.001389033082108109,-4.965742670279321e-06,-0.0024485356327923987,0.0630212425744062,-3.9880108536081345e-05,-0.003198835339302866,408.1809082082473
612,OOF,0,66,0.18468117994605945,0.0029991996865043097,0.0008494413476987172,0.3685129185444202,0.0015552615314637203,0.9980802548320911,0.0019197451679089355,0.002618790813955043,1.361515812950948,-0.0012182082271667682,-4.5062502318717984e-06,-0.0023428106266118343,0.062082522275292366,-3.810358823164741e-05,-0.0031369231148274303,408.6171495411545
612,OOF,0,67,0.18313669008001301,0.002686485898324255,0.000813935222582497,0.36545944493744353,0.0014698451863908168,0.998201239433001,0.0017987605669989373,0.0024284056478609014,1.3476154481111013,-0.0012627808910215235,-3.6151059509776815e-06,-0.0020061609683650968,0.061114636707058606,-3.6171406017967866e-05,-0.0029918858379333444,409.06388120818883
612,OOF,0,68,0.18166194349232864,0.0022982127011676877,0.0007803598565418533,0.36254352712811544,0.0014016173841258734,0.9982826954654628,0.00171730453453722,0.002297057375584932,1.3352976029703996,-0.0015267981876771336,-2.6454338254084324e-06,-0.0015378115860014937,0.060064487842744124,-3.387171171324719e-05,-0.002749231596347604,409.5059405830689
612,OOF,0,69,0.1803010793071651,0.0021414434426172877,0.0007488146640546793,0.3598533439502755,0.0013607214758972188,0.9982960203452214,0.0017039796547785259,0.0022611238267219507,1.3247053222696308,-0.0016474171694443023,-2.296803715766977e-06,-0.0013456087944091726,0.05893923669479468,-3.222328888268261e-05,-0.0025247101730732015,409.95352987525985
612,OOF,0,70,0.17904535089865134,0.0019873357323723145,0.000718722833254293,0.3573719789640484,0.001284894397445324,0.9984125434032672,0.0015874565967327133,0.0020918650298581455,1.3156544180266994,-0.0015062215145914628,-1.97789147344905e-06,-0.0012439720623835108,0.057751949658920484,-3.046699368443163e-05,-0.0023801596470455527,410.39823316643015
612,OOF,0,71,0.1778575243137352,0.0019593754446750773,0.000690352024458116,0.3550246966030123,0.0012288263694783656,0.9984803213313665,0.0015196786686334678,0.001989893609718526,1.3074274528270036,-0.0013365730128560636,-1.9224976452598274e-06,-0.0012631460230497005,0.05654257902948537,-2.856683608455302e-05,-0.002298954689316003,410.8472463754006
612,OOF,0,72,0.17670788848483385,0.002025343581600279,0.0006637267629079256,0.35275205020675976,0.0012114712056118754,0.9984442981881751,0.0015557018118247808,0.002024698023284937,1.2994445217817887,-0.0013105471640082178,-2.0542040407127177e-06,-0.0013183813865710976,0.055393585346387574,-2.6980585735515797e-05,-0.002228543284717745,411.2795799160376
612,OOF,0,73,0.17559146293972266,0.0019954258761652457,0.0006385113459006916,0.3505444145335446,0.0011776584533724679,0.9984591654425943,0.0015408345574057032,0.0019939978086457705,1.292108473519007,-0.0012824000567145664,-1.9939345368745395e-06,-0.0012920674734780905,0.05427670403425454,-2.5756750865602874e-05,-0.0021748807257968308,411.7234675004147
612,OOF,0,74,0.174500079732963,0.001762272703233366,0.0006143550636137764,0.3483858044023122,0.001090547427255656,0.998630731865576,0.001369268134423855,0.0017633940806097844,1.2860735432419441,-0.0011322612177142198,-1.5549316586521163e-06,-0.001134038324008824,0.0531236058205332,-2.4632959170632193e-05,-0.0021594972751002475,412.1706194584258
612,OOF,0,75,0.17341555623255073,0.0016997963328833304,0.0005911938061675083,0.34623991865893394,0.001042007388042308,0.9986957464342829,0.0013042535657171296,0.0016731191019242367,1.2811442301489406,-0.0010344123946472719,-1.4465404421714647e-06,-0.0011076479486927702,0.05202060308650915,-2.363001291824686e-05,-0.0021802457077159517,412.6179393334314
612,OOF,0,76,0.17232068688491772,0.0016732850836098333,0.0005689022092279313,0.3440724715606075,0.0010306883490642247,0.9986556583947344,0.0013443416052655894,0.0017185103738674395,1.2766101280735969,-0.0011511074760413213,-1.4018260185556718e-06,-0.0010413584464188397,0.051065690188869146,-2.2740011175933882e-05,-0.0021819619238001332,413.06237525027245
612,OOF,0,77,0.17122600650748052,0.0016501813127525083,0.0005474472705149224,0.3419045657444461,0.001025469409097675,0.9985996420970513,0.0014003579029486634,0.0017845526084883509,1.2725700996776936,-0.0012973182621743098,-1.3634585123819528e-06,-0.0009722865701774168,0.05022704482126652,-2.183072623289079e-05,-0.0021577353732697476,413.5143200000748
612,OOF,0,78,0.17014579560471543,0.001481317936521997,0.0005268466288913592,0.3397647445805395,0.0009591684610950561,0.998725608681064,0.0012743913189360583,0.0016201748545457075,1.2697121313779944,-0.0011951352015494216,-1.098551398897053e-06,-0.0008609219148219435,0.049389358618029844,-2.0745684242480616e-05,-0.002107397324515756,413.96139000030234
612,OOF,0,79,0.16909494692178012,0.0013818265952051472,0.0005073692000017349,0.3376825246435585,0.0008793302270277521,0.9988968314508917,0.0011031685491082498,0.0014005326249237366,1.2681539937943274,-0.000909698727312519,-9.557767524614093e-07,-0.0008654365376713084,0.048491478334118425,-1.9422406718238893e-05,-0.0020427150757778537,414.3993334583938
612,OOF,0,80,0.16808061183442688,0.0014869330464280883,0.0004890854717711574,0.3356721381970826,0.0008596403562278309,0.9988944701068752,0.0011055298931248474,0.001402771926335624,1.2674656097061177,-0.0007768991264495509,-1.1067084415450593e-06,-0.000999959340000511,0.047600719664446546,-1.8362674957582217e-05,-0.0019744745362440664,414.84976408304647
612,OOF,0,81,0.1671035549436269,0.0014707861362969544,0.0004718365769680307,0.33373527331028574,0.0008507654066297802,0.9988629750884883,0.0011370249115115916,0.00144353408055357,1.2681276652298439,-0.0008782430073186958,-1.0828371421674162e-06,-0.0009512596587912445,0.046723238418344006,-1.730725448640005e-05,-0.001859600921969097,415.28812108328566
612,OOF,0,82,0.1661846246217261,0.0015597362311000034,0.00045549534767843784,0.33191375389577377,0.0008485991165448767,0.9988140172744877,0.0011859827255123246,0.0015100945858693671,1.2717753870530235,-0.0008936456268786184,-1.2178328840660852e-06,-0.0010256376666680051,0.04589598642287951,-1.6663834955250552e-05,-0.0017622582653023715,415.73103200038895
612,OOF,0,83,0.1653096267330783,0.0014963101652447095,0.0004397101067200966,0.3301795433594365,0.0007927083683145859,0.9989294643048966,0.0010705356951034404,0.0013688950613659659,1.2773321026047573,-0.0007017009048380781,-1.1206717744443626e-06,-0.001045712030367335,0.04506178036595362,-1.60047546768497e-05,-0.0017371600270870186,416.1747863753699
612,OOF,0,84,0.1644408436960885,0.001408810737476517,0.00042456298158960275,0.3284571244105874,0.0007408909763545197,0.9990356811123051,0.0009643188876948905,0.0012356816679839427,1.280167891104212,-0.0005517936322165248,-9.933317355689197e-07,-0.001029093031027045,0.04417592877510982,-1.5202840362746614e-05,-0.0017521436812279333,416.62069450039417
612,OOF,0,85,0.1635633014762118,0.0012798551469988425,0.0004101879599408686,0.3267164149924827,0.0007031431966373695,0.9991022076429229,0.0008977923570771607,0.00114817966891546,1.2777440495470431,-0.0005540060674655474,-8.197505644411792e-07,-0.0009122539217376343,0.04326821756418006,-1.4380386963890023e-05,-0.0017256749818316854,417.0685015004128
612,OOF,0,86,0.1627025840506488,0.0010820035897492093,0.0003966058301094404,0.3250085622711882,0.0006545452236726705,0.9992053915807934,0.0007946084192066704,0.0010113335419040437,1.2717332252355498,-0.000548888496303179,-5.858313906703498e-07,-0.0007366721393406723,0.042363337140582095,-1.3375961293042712e-05,-0.001656916800533899,417.5143076661043
612,OOF,0,87,0.16188092749951763,0.0009859059285339943,0.0003840308306525868,0.3233778241683827,0.0006199778170713213,0.9992694999368857,0.0007305000631142861,0.0009246760519117328,1.2648877428678496,-0.0005038201730561152,-4.863605363617473e-07,-0.000665304870594109,0.04146615622075996,-1.2336770353973495e-05,-0.0015957685110686082,417.9565139161423
612,OOF,0,88,0.16109205630900159,0.0009691389964009381,0.00037234567946438444,0.3218117669385388,0.0006082354076056849,0.999266145617058,0.0007338543829419654,0.0009242579010583942,1.2585325533441314,-0.0005228090205441882,-4.699600794366111e-07,-0.0006399296755438838,0.04059346368781903,-1.1639462709268092e-05,-0.0015203154689003222,418.3898947080597
612,OOF,0,89,0.1603411119464876,0.0009577503484393971,0.00036130721870367177,0.3203209166742715,0.0005964205043831122,0.9992651782327165,0.0007348217672833801,0.0009218207150504395,1.2535602266232997,-0.0005309435528291325,-4.589801335607843e-07,-0.0006241552515019878,0.039717469400120615,-1.1023672253631538e-05,-0.0014211750371881725,418.82970416639
612,OOF,0,90,0.15963813343440802,0.0009713668944862037,0.0003508241640762168,0.3189254427047398,0.0005759446054826956,0.9992933509818274,0.0007066490181726257,0.0008842150270937726,1.250394714617962,-0.0004375203023918888,-4.721104382295298e-07,-0.0006676253836337128,0.03883418066044148,-1.0519721903742658e-05,-0.0013571733362470373,419.288018791005
612,OOF,0,91,0.15896457238756745,0.0010147494850673993,0.00034076865510454307,0.3175883761200304,0.0005667032984580317,0.9992878286926766,0.0007121713073233103,0.0008894930439226246,1.248097983390331,-0.00038671765713117843,-5.152251873174939e-07,-0.0007229415920410588,0.037982894331945766,-1.0165564558922108e-05,-0.0013329677746178213,419.86781054129824
612,OOF,0,92,0.15830092701296483,0.0009531777095455883,0.00033104574372225026,0.31627080828220744,0.0005578386095101239,0.9992821642202752,0.0007178357797247745,0.0008948205116751418,1.245658412065036,-0.000481347938898297,-4.546002012772339e-07,-0.0006328381585569058,0.037172140909520146,-9.772855683659216e-06,-0.0012822095835837355,420.35771008301526
612,OOF,0,93,0.15766137774307037,0.000891825346802675,0.0003217084878678356,0.3150010469982729,0.0005469577795408792,0.999284194212625,0.0007158057873748693,0.0008905765514099149,1.2432688967548846,-0.0005512637489462951,-3.979610874494021e-07,-0.0005555644165134302,0.036395787397024267,-9.326786857118545e-06,-0.0012247818211157926,420.8475646250881
612,OOF,0,94,0.15704981385336517,0.0008677740108102541,0.00031281860658251786,0.31378680910014783,0.0005265324190755027,0.9993182406867106,0.0006817593132894125,0.0008467198060287233,1.2411162274156158,-0.0004982299637649499,-3.7677273524010094e-07,-0.0005522709548362609,0.03560928089750892,-8.81690316770528e-06,-0.0012019286263580953,421.34032525029033
612,OOF,0,95,0.15644952877200347,0.0008745134572476259,0.00030439903613448593,0.31259465850787244,0.0005162650841075264,0.9993215733070527,0.0006784266929472204,0.0008409629492242887,1.2387372523049227,-0.00047771173843618565,-3.826464910470864e-07,-0.0005636377480851071,0.034811311749402316,-8.378030381127862e-06,-0.0011729111823322413,421.8064284999855
612,OOF,0,96,0.15586397241255523,0.0008571328747603663,0.0002963892309144416,0.311431555594196,0.0005111310867539349,0.9993098116861892,0.0006901883138107273,0.00085381961963028,1.2362282962975422,-0.0005229191694765437,-3.6759209026243334e-07,-0.0005322292121541505,0.03402934382533819,-8.017310579441542e-06,-0.001115869575708608,422.23395500006154
612,OOF,0,97,0.15530660599154625,0.0008032381086999146,0.00028871447792610665,0.3103244975051664,0.0004920264376805781,0.9993442306634115,0.0006557693365885063,0.0008097216103561825,1.2339561711783775,-0.0005069034130221297,-3.228074168394946e-07,-0.0004919347575965359,0.03325414359800123,-7.639252601582178e-06,-0.0010796095637734355,422.68743670824915
612,OOF,0,98,0.15476685090651104,0.0007325626185671311,0.00028139372563180096,0.3092523080873903,0.00046824227092848235,0.9993952552275587,0.0006047447724412979,0.0007451363122709959,1.2314049313318867,-0.0004735981273870023,-2.684863607841219e-07,-0.00044369791569717456,0.03247719638313872,-7.292946091172055e-06,-0.0010455457692358906,423.17578254127875
612,OOF,0,99,0.1542436697449696,0.0007204810653100839,0.0002743965490413664,0.30821294294089785,0.00045542237757907324,0.9994121365101615,0.0005878634898384845,0.0007225182008387606,1.228335270431812,-0.00044572680700798433,-2.5969915038402956e-07,-0.00044150808346081694,0.03172821228287439,-6.982091777348761e-06,-0.0009948066166654737,423.66335758334026
612,OOF,0,100,0.15374556339809967,0.0006955107370966156,0.0002676965655085048,0.3072234302306908,0.0004321349045478233,0.9994642929875398,0.0005357070124602482,0.0006566718163355024,1.2251473611003147,-0.0003527854428105024,-2.4199723232269e-07,-0.00045149230284956634,0.03100711270676502,-6.627261116209583e-06,-0.0009684659945629961,424.1104284161702
612,OOF,1,1,0.3370661892000814,0.014385812292469779,0.005249556016899529,0.6688828223832632,0.011576771634614708,0.9904657949828841,0.009534205017115872,0.01044582288798406,1.0851696866622769,-0.0003779062054584643,-0.00010447185372905828,-0.010853112291095778,0.004123088374966265,-3.1916852032742826e-05,-0.002215629584313857,425.15798454126343
612,OOF,1,2,0.33594653214414855,0.012476517297622933,0.00522019410619495,0.6666728701821022,0.01131694733914441,0.9907827824219888,0.00921721757801129,0.010048645945112226,1.080155188353473,-0.0023313723540720013,-7.855580791248799e-05,-0.008444168891555569,0.06028968425070637,-3.114422817028959e-05,-0.0023077573977865824,425.60252000018954
612,OOF,1,3,0.33471365115752716,0.012311410852962511,0.0051877369568173685,0.6642395653582369,0.011604233663847061,0.9902640483942009,0.009735951605799188,0.010670079154837373,1.0852761197233263,-0.0037193723649110184,-7.653051599531881e-05,-0.007784079221396316,0.06855704650769665,-3.461904352195799e-05,-0.0025683415344929833,426.0891537913121
612,OOF,1,4,0.3333401460142799,0.01229692840974819,0.00515230377395316,0.6615279882546067,0.011957370794753092,0.9896323596658151,0.010367640334185031,0.011443933388946101,1.0923687973837668,-0.0051319800268719105,-7.639930466983477e-05,-0.007292616421881239,0.07253889777679601,-3.6850082933915135e-05,-0.002845218015652281,426.55514325015247
612,OOF,1,5,0.33182325238456056,0.012247568590450064,0.005115689980256342,0.6585308147888648,0.01232224222645953,0.9889709436274313,0.01102905637256875,0.012277922116911876,1.100956220692375,-0.006641264605012398,-7.583788853673773e-05,-0.006800352238241491,0.07473724031860718,-3.712798891840004e-05,-0.003112732407354493,427.0054116663523
612,OOF,1,6,0.3301713797436374,0.0121057029342182,0.005080039333691573,0.6552627201535832,0.012689496092410896,0.9882964327054611,0.011703567294538923,0.013154638365393385,1.1108307273214906,-0.00827760676284026,-7.414174466377664e-05,-0.006260827995577078,0.07574422555849407,-3.548533137355789e-05,-0.0033470424560665584,427.44408241612837
612,OOF,1,7,0.3284043967771029,0.011896365525226417,0.005047121987680175,0.6517616715665256,0.013065620605147106,0.9876011779498562,0.012398822050143683,0.014082823300681946,1.1217366314610506,-0.0100184332279444,-7.165013361141479e-05,-0.005707135409212342,0.07588001730031076,-3.2864967444278174e-05,-0.003521128342685984,427.87650579120964
612,OOF,1,8,0.32655555926650637,0.011707433505451842,0.005017334799437436,0.6480937837335753,0.013450393094594705,0.9868863829345103,0.01311361706548977,0.015059275887861804,1.133310072756022,-0.011771368346252092,-6.944264388217421e-05,-0.0052260180619914,0.07571010430775126,-3.0927853892248024e-05,-0.0036179419399120553,428.3194473753683
612,OOF,1,9,0.3246657548836406,0.011614565221638892,0.004989255017788823,0.6443422547494924,0.013810210266529552,0.9862033098265868,0.01379669017341333,0.016018697244011577,1.1450349353786973,-0.013384789535039519,-6.839265491383524e-05,-0.004888785773694353,0.07555544402185242,-3.118303333476848e-05,-0.00363808624829167,428.7796702501364
612,OOF,1,10,0.32277406413012655,0.011650483008075755,0.00496006407536292,0.6405880641848902,0.014093259003048121,0.985631226242218,0.014368773757781955,0.016859259542778515,1.1564669982840414,-0.01470510118852998,-6.885625714140342e-05,-0.004723219831057267,0.07564791556853201,-3.4747947370600545e-05,-0.003586908104634991,429.2273318753578
612,OOF,1,11,0.32091579065683135,0.011803442318166197,0.004926057597798526,0.6369055237158642,0.014248465875225082,0.9852488747226402,0.014751125277359809,0.017475459288426597,1.1672110618984097,-0.015604451825701408,-7.070358268488114e-05,-0.004722393984820549,0.0761027869048095,-4.198774096139995e-05,-0.00347416486401885,429.65726920822635
612,OOF,1,12,0.3191206165231774,0.012022399133523876,0.004883507281281271,0.6333577257650735,0.014236646019980304,0.9851177049692449,0.014882295030755095,0.017780299529366307,1.1769480332057611,-0.01599708636550801,-7.336081779703067e-05,-0.004856041377591951,0.07693567759129541,-5.229081117250984e-05,-0.003317218888825882,430.09413220826536
612,OOF,1,13,0.31740927747514763,0.012246912480954603,0.004829641679856774,0.6299889132704385,0.01404293070294175,0.9852624931889057,0.014737506811094342,0.0177326538306604,1.1855002985240297,-0.015857340677967964,-7.611518065135793e-05,-0.005088610551251858,0.07802900190878181,-6.420994560011902e-05,-0.0031378833072759006,430.5347388749942
612,OOF,1,14,0.31579197373090945,0.0124291438227822,0.004763381784473785,0.6268205656773451,0.013679057443588393,0.9856674339755715,0.014332566024428452,0.01734473331126132,1.1928177234113468,-0.015221488463728275,-7.836497932386469e-05,-0.005389251858463545,0.07922584488304599,-7.592178238090748e-05,-0.002957229846823832,431.01949725020677
612,OOF,1,15,0.31426933266587714,0.0125394446364789,0.004685553452688478,0.6238531118790658,0.013177584781210096,0.986284760541873,0.013715239458127021,0.016672347521843253,1.1989351212900836,-0.0141771260818625,-7.971210652435296e-05,-0.005732224809904709,0.08033061298046508,-8.568905849886013e-05,-0.0027930805422699007,431.50750325014815
612,OOF,1,16,0.3128339065318927,0.012558586591962772,0.004598690576505939,0.6210691224872794,0.01258063047121119,0.9870521934523852,0.012947806547614824,0.01579279840649362,1.2039349097899874,-0.012843074403032369,-7.989349409993244e-05,-0.006090533427721054,0.08113148167717961,-9.207155678715296e-05,-0.002665096565802637,431.97083020815626
612,OOF,1,17,0.3114670694482669,0.012469269726691158,0.00450664406428159,0.6184274948322522,0.011930753731677629,0.9879070573053367,0.012092942694663348,0.014786348942563485,1.2079391129988666,-0.011353662307979294,-7.869297337599692e-05,-0.006428653944816573,0.08147778092498417,-9.415429019582963e-05,-0.002607062515575981,432.411732041277
612,OOF,1,18,0.31013161940757883,0.01225911552073684,0.004413807682855265,0.6158494311323024,0.011265737685473141,0.9887937016754725,0.011206298324527353,0.013726644719101256,1.21117780825781,-0.009843991127402916,-7.599457454882515e-05,-0.006705421763662956,0.08133375246660571,-9.227158810454637e-05,-0.0026539786340440946,432.85063925012946
612,OOF,1,19,0.3087723126552307,0.01192921327733357,0.00432370627356012,0.6132209190369012,0.010610613622315513,0.9896749283508398,0.010325071649160123,0.012665905952210437,1.214047707530629,-0.008413828530390972,-7.189538975855719e-05,-0.006891290164930098,0.08075890635218566,-8.818915884774623e-05,-0.002821487993050812,433.2775490414351
612,OOF,1,20,0.30732478433702554,0.011484467727397966,0.004237923551859402,0.6104116451221917,0.009969723150747446,0.990544295480115,0.009455704519884905,0.01161820736282695,1.2170800179671208,-0.007099456478179457,-6.657602268948361e-05,-0.006974255525026222,0.07994727996093919,-8.395456200920351e-05,-0.003101086532333194,433.7231049584225
612,OOF,1,21,0.3057302266627912,0.010917027551665083,0.004156227826141985,0.6073042254994404,0.00933010095091658,0.9914218846042211,0.008578115395778995,0.010562466497660117,1.2207646969090662,-0.005887345682297637,-6.010634444053663e-05,-0.0069468341858900445,0.07914190048144207,-8.081440961232805e-05,-0.003453226768950596,434.15380041627213
612,OOF,1,22,0.303952777806909,0.010212211078064321,0.00407741317689598,0.603828142436922,0.008677046993936038,0.9923307574419874,0.007669242558012559,0.009469920390850777,1.2253222144539302,-0.004751967468128029,-5.254762805688631e-05,-0.006799188727834785,0.0785125154628706,-7.908897723756133e-05,-0.003816856822361177,434.6066525410861
612,OOF,1,23,0.3019894807792349,0.009374542976228079,0.0040001369741397425,0.59997882458433,0.008011382001572262,0.9932694824314654,0.0067305175685345,0.008338981582146772,1.2306417501719638,-0.0036894347030787477,-4.4238777878293956e-05,-0.006528625407947833,0.07811156642884902,-7.848122756268114e-05,-0.004126323438628057,435.06959375040606
612,OOF,1,24,0.29986920185237426,0.008457311804549299,0.003923414540497064,0.5958149891642515,0.0073609574529011805,0.9941922759846865,0.005807724015313527,0.007222476249106419,1.2363759161783818,-0.0027358791965064167,-3.5971976793184544e-05,-0.006157844516265949,0.07790904502228896,-7.857169890157056e-05,-0.004345761690514314,435.51734987506643
612,OOF,1,25,0.2976361775933998,0.0075774228739590565,0.0038465400295975365,0.591425815157202,0.006783238501984555,0.9950020387091609,0.004997961290839021,0.006239098762867327,1.2420896496616634,-0.0019765912812328354,-2.8852874254050157e-05,-0.00574407584108751,0.07784416244667514,-7.924664151695691e-05,-0.004476316230222367,436.00294654117897
612,OOF,1,26,0.29533636445285183,0.006857165024378477,0.0037688629774899336,0.5869038659282138,0.006338564780462552,0.9955932986530226,0.004406701346977389,0.0055211746066095016,1.2473830210445305,-0.0015282678880676234,-2.3614417772385396e-05,-0.0053351371546668976,0.07789151185901995,-8.055281077268056e-05,-0.004514345304151395,436.4909687084146
612,OOF,1,27,0.2930190442202491,0.006315820271537793,0.0036897659737283677,0.5823483224667698,0.006044239756382723,0.9959311518749093,0.004068848125090618,0.005114809732886933,1.2519509680105425,-0.0014816369201286388,-2.002627672970808e-05,-0.004901827799419194,0.07806107310899174,-8.235519024496017e-05,-0.00445389288642977,436.9639737913385
612,OOF,1,28,0.29073527170710645,0.005897261181941338,0.0036088756363883423,0.5778616677778246,0.005879202987741557,0.9960464670221507,0.003953532977849312,0.004983794569396303,1.255608844297991,-0.0018419334570336679,-1.7457864968893435e-05,-0.004398305217495734,0.0783329104532351,-8.418834901129785e-05,-0.004301990297821369,437.3968962500803
612,OOF,1,29,0.28853171409086664,0.005635559141198623,0.0035263608048671223,0.5735370673768662,0.005837092077317505,0.9959461616320385,0.004053838367961447,0.005121697655443138,1.2582976078406183,-0.0025114587929770784,-1.5944399435158023e-05,-0.003917216715514768,0.07863823499010635,-8.544247134248056e-05,-0.004083868506204826,437.83454087516293
612,OOF,1,30,0.2864423022429605,0.005650083119283093,0.0034429514405441824,0.5694416530453769,0.005917885944692685,0.9956273141667444,0.004372685833255577,0.0055339913620684215,1.2600477524670377,-0.0033067376509209397,-1.6031821747239312e-05,-0.0036503239052781368,0.07888067935524154,-8.584337715059932e-05,-0.0038423639492919425,438.28232600027695
612,OOF,1,31,0.2844789238442623,0.005932550097281953,0.0033593485151480304,0.5655984991733766,0.006056580857713165,0.9952026956155446,0.004797304384455284,0.0060782234370869844,1.2609298606824584,-0.003978309477813,-1.768240319877324e-05,-0.0036682215507111717,0.07900844718721704,-8.600676698471595e-05,-0.0036279364740282594,438.7264391663484
612,OOF,1,32,0.28262662939359473,0.006262640027545496,0.0032753941490006253,0.5619778646381889,0.006119637463823159,0.9949091986073872,0.005090801392612733,0.0064525596894937235,1.2610413360372261,-0.004265123208633021,-1.971067317978049e-05,-0.0038521106098863135,0.07906487698957494,-8.684355921953005e-05,-0.003482273893461824,439.1748801660724
612,OOF,1,33,0.2808485427629961,0.006381211107544534,0.003190254683465897,0.5585068308425263,0.005994193073599281,0.9949507388928901,0.005049261107109915,0.0063969578967719475,1.260512746527966,-0.004010724902736161,-2.0463251901475987e-05,-0.004032258813246132,0.07912242470578512,-8.841515609942387e-05,-0.0034157099310211303,439.61669404106215
612,OOF,1,34,0.2791039458066752,0.006170328693473163,0.003103355781811149,0.5551045358315392,0.005655353897328526,0.9953768248914114,0.004623175108588491,0.005849665114171919,1.2594420395640638,-0.003230569309125417,-1.9124895835128424e-05,-0.00411761995719889,0.07919784779024669,-9.000791553736556e-05,-0.0033976474524978844,440.0919678332284
612,OOF,1,35,0.2773697352703162,0.005717095223888174,0.0030149071772850957,0.5517245633633473,0.0051722050326830585,0.9960684164547189,0.003931583545281085,0.004964923932789915,1.2578656570805795,-0.002072055552266164,-1.6407094763299744e-05,-0.004156744658044417,0.07924860251852854,-9.088869842199843e-05,-0.0033915523886927845,440.583573166281
612,OOF,1,36,0.27564073510135606,0.005308683771561948,0.0029258067176352377,0.5483556634850769,0.0046921234480400385,0.9967616060828186,0.0032383939171813907,0.004079948346904127,1.2557878908488915,-0.0007581628372307446,-1.4136842357521341e-05,-0.0043512500497428904,0.07921340158305679,-9.071417295056469e-05,-0.0034110514514745505,441.07246612524614
612,OOF,1,37,0.2739037792350681,0.005281407541307148,0.00283697451369324,0.5449705839564429,0.004380510354483527,0.9971528497516011,0.0028471502483988454,0.0035781005669656527,1.2531524035495178,0.0004285345266412566,-1.3986454345652448e-05,-0.004898453397930503,0.07910765622565859,-9.018500229204534e-05,-0.003517790591413145,441.54114708304405
612,OOF,1,38,0.27211595318572607,0.005526549742552912,0.002748466946387862,0.5414834394250643,0.004240512503099163,0.9972304646385837,0.002769535361416245,0.003471265374600012,1.2499033702989182,0.0011906245629395129,-1.5313788106133e-05,-0.005514057065747872,0.07902284169098658,-9.013127711129788e-05,-0.0037127359878585614,441.9759270832874
612,OOF,1,39,0.2702328968428703,0.005568960722975301,0.0026599223089493525,0.5378058713767911,0.004134573680244336,0.9972443940314533,0.002755605968546793,0.003443372378667561,1.2461447102322403,0.0013519238598647871,-1.5549510089832318e-05,-0.005627314624811342,0.07899552641200858,-9.024080837351352e-05,-0.00388882218435612,442.4178330004215
612,OOF,1,40,0.2682622558620982,0.005410653619460854,0.002571374086218794,0.5339531376379776,0.004044996670924267,0.9972268100153536,0.0027731899846463893,0.0034539114014338853,1.2420112101936505,0.0010031302631980834,-1.4678291987223102e-05,-0.005278248650807408,0.07898570959378581,-9.031717194437055e-05,-0.003945036284976274,442.853325500153
612,OOF,1,41,0.26626403087350264,0.005382987578574307,0.002482644083155182,0.5300454176638502,0.0040270310903403874,0.9970726004856197,0.002927399514380215,0.0036333774784045275,1.2375287736240839,0.0004673188933573643,-1.4530815136717417e-05,-0.004949197253183968,0.07899330363732476,-9.12143966373929e-05,-0.0038713204221262187,443.2936190413311
612,OOF,1,42,0.26430299892914844,0.005475220245350369,0.0023926872130509732,0.5262133106452459,0.004021028655685985,0.9968914140264931,0.003108585973506997,0.003843930763125095,1.232708892895314,9.84005145809354e-05,-1.5035758314946158e-05,-0.004821812391644164,0.07907226951490631,-9.319330910915266e-05,-0.0037253172616229006,443.74234675010666
612,OOF,1,43,0.2624138490493698,0.005500266256383553,0.002300672303052237,0.5225270257956874,0.003936009210861016,0.996856489686019,0.0031435103139809124,0.0038708703050291805,1.2275137661039242,7.559348102846288e-05,-1.5174164588445594e-05,-0.004811965902666232,0.07922532380269226,-9.491246008834161e-05,-0.0035892610576876405,444.18601466622204
612,OOF,1,44,0.26059054782230456,0.005451521893209145,0.0022073397876383656,0.5189737558569708,0.0037864923559669836,0.996944165643851,0.0030558343561489293,0.0037448040593432764,1.2217156178408186,0.00030249977232826424,-1.4905092971252457e-05,-0.004862680284410389,0.07936027541588993,-9.499710791685152e-05,-0.0035459977990475963,444.62794466642663
612,OOF,1,45,0.25878657351898415,0.005403182720856564,0.0021143778027048346,0.5154587692352635,0.003650827111932356,0.9970069814049398,0.0029930185950602212,0.0036473952746303158,1.2149869562292661,0.0004601835394755391,-1.4641012580385075e-05,-0.00487708020978325,0.07940687413806338,-9.392057299228187e-05,-0.0036373450061174357,445.0810921662487
612,OOF,1,46,0.25693498258459824,0.005368483205464541,0.00202273439828097,0.5118472307709155,0.0035842426294247385,0.9969371651573163,0.003062834842683688,0.003708955945205486,1.2072462981603864,0.0002417228561673652,-1.4454577948654842e-05,-0.00470489161310799,0.07939390103031885,-9.245973995300716e-05,-0.0038239748685007222,445.5218318752013
612,OOF,1,47,0.2549891190422921,0.005470579260328137,0.001932899341197327,0.5080453387433869,0.003636074437896172,0.9966347891019817,0.0033652108980182414,0.004047769358143246,1.1987800713953025,-0.0003908091489568821,-1.5014144484409531e-05,-0.004446561946705386,0.0793439249471956,-9.0238181191409e-05,-0.004027346661948161,445.96453920798376
612,OOF,1,48,0.2529418610225251,0.00566706892734875,0.0018458409251461783,0.504037881119904,0.00376295239333774,0.9961825132324915,0.0038174867675084545,0.004559979119074685,1.1899377092254562,-0.001203582535508561,-1.6119370597617826e-05,-0.004206389200961464,0.07926453624406961,-8.701599147970963e-05,-0.004138259752561244,446.3991915830411
612,OOF,1,49,0.2508410061349981,0.005753254161204319,0.0017623805796038441,0.49991963169039233,0.003837433046719384,0.995834543284297,0.00416545671570292,0.004939182372654728,1.1808089143570555,-0.0018424656140320502,-1.6619193251847885e-05,-0.003973145767982036,0.07916722105840351,-8.458149718160216e-05,-0.004071455624400403,446.82541916612536
612,OOF,1,50,0.24877775037361866,0.005559093315452783,0.0016810210476598186,0.4958744796995775,0.003732625428829497,0.9958485804592272,0.004151419540772825,0.004882616833488848,1.1712492545745028,-0.001981202826913461,-1.5516173390366692e-05,-0.0037220423262929046,0.07904137088430821,-8.35830644033102e-05,-0.003934251396467157,447.272912458051
612,OOF,1,51,0.246789528644683,0.00511138568319846,0.0016011466547555427,0.4919779106346105,0.0034635980048892106,0.9962019991832032,0.0037980008167968152,0.004427237249245249,1.1612484597294415,-0.0016885337272260189,-1.3112934738048807e-05,-0.003439475774578788,0.07872727295208601,-7.977319993660653e-05,-0.003928351744514185,447.7702448749915
612,OOF,1,52,0.24480788266437603,0.004804918632537316,0.0015258249400115515,0.4880899403887405,0.00323916244374015,0.996478701471545,0.00352129852845496,0.004067503849966678,1.1510472406392989,-0.001392076072622668,-1.1584413711607828e-05,-0.003278228596459594,0.07812516223120528,-7.399365191540913e-05,-0.004162712076421966,448.2561932913959
612,OOF,1,53,0.24270719551994324,0.00458080856970828,0.0014563845633312218,0.48395800647655524,0.003123836704732484,0.9965441522563397,0.0034558477436603236,0.003956457957817843,1.140902416417038,-0.0014674186752538579,-1.052828773557199e-05,-0.0030359854815373674,0.07733818647666141,-6.832150745124813e-05,-0.004438614311136826,448.7020858330652
612,OOF,1,54,0.240466495713962,0.004387727129786452,0.0013935240936505163,0.4795394673342735,0.0031024848686122767,0.9964258595118902,0.0035741404881097986,0.004056162299020962,1.130807537803065,-0.0018838224759956577,-9.66060303517962e-06,-0.0026932558232546765,0.07636089387675175,-6.187316918862709e-05,-0.004486965330097768,449.13360912539065
612,OOF,1,55,0.23820053552189518,0.004550984846303222,0.0013367369575666684,0.4750643340862237,0.003191320128070217,0.9960851274408657,0.003914872559134174,0.0044042348981302585,1.1205966001493108,-0.0022797459588375785,-1.0396432242941575e-05,-0.0026452282620231934,0.07531646637495107,-5.96621838234295e-05,-0.0043368259919996785,449.58733308315277
612,OOF,1,56,0.2360074929431767,0.004422578189882455,0.0012808473035291511,0.4707341385828242,0.0031388544282941735,0.9960421895867386,0.003957810413261381,0.0044117936971090335,1.1102938734380567,-0.0024176071077067055,-9.818458520185352e-06,-0.0024709619465459022,0.07445503336215212,-5.96574757078885e-05,-0.004237134017617565,450.0269956663251
612,OOF,1,57,0.23386549769620987,0.0038932352203255114,0.001225366838308636,0.4665056285541111,0.0029628316616215253,0.9962657671810412,0.0037342328189588,0.0041233582959503716,1.1000815737093523,-0.0024989194907119173,-7.607046723923344e-06,-0.0020295039457407576,0.0737032576724281,-5.6511491404086464e-05,-0.004315903992503533,450.46616558311507
612,OOF,1,58,0.23168583706705656,0.003540846308555711,0.001172950382743723,0.4621987237513694,0.0029058999808207857,0.9962411003935534,0.0037588996064465917,0.0041134134727858354,1.0901997907775338,-0.002810428930782892,-6.292448974379685e-06,-0.0016677211276553347,0.07301727617997408,-5.284352292727967e-05,-0.004452988713441374,450.9532237080857
612,OOF,1,59,0.2294408326505024,0.0033479293769374365,0.0011242719885483522,0.45775739331245646,0.002969469734596971,0.9959591241636199,0.0040408758363801355,0.004385493686494926,1.0808974657680335,-0.003347735806206617,-5.627053782138598e-06,-0.0013869061518853205,0.0723990349410423,-4.9147477443096684e-05,-0.00440304792594913,451.4071021252312
612,OOF,1,60,0.2272231193722576,0.003382600887482101,0.0010788784090500262,0.45336736033546515,0.003074361014687766,0.9955880313442022,0.004411968655797859,0.004753286399166349,1.0726084924339532,-0.0037959702296762672,-5.746347085222687e-06,-0.001296698781955142,0.07188313454216855,-4.791213376185963e-05,-0.004163149047850752,451.84370237542316
612,OOF,1,61,0.22512491898932396,0.0032120285013954673,0.0010340277486115413,0.44921581023003637,0.0029441045320541016,0.9957381650524322,0.004261834947567787,0.004561404579145713,1.065729828015136,-0.003645635235199014,-5.180642590531587e-06,-0.00121040903985087,0.07144881780204085,-4.7530466223071475e-05,-0.003925790077983317,452.283799208235
612,OOF,1,62,0.22314784742217827,0.0026681982665571835,0.0009898648468720348,0.4453058299974845,0.0025267634261609976,0.9965409782680936,0.003459021731906462,0.0036797864385169966,1.0601430871139017,-0.002868439221910725,-3.571996608725258e-06,-0.001029088936329827,0.07084656327066578,-4.4466427218369396e-05,-0.003796200886151293,452.72460995800793
612,OOF,1,63,0.22123788284488177,0.002347037957406341,0.0009488006548489899,0.44152696503491456,0.0021559346005431673,0.9972601139972682,0.0027398860027317215,0.0028991810364719225,1.0552401114674426,-0.0020513117981995057,-2.761860770419431e-06,-0.0010052584611210018,0.06993136309039912,-4.064016045672446e-05,-0.0037613436183246765,453.1676923329942
612,OOF,1,64,0.21934626217054815,0.0021490654648580543,0.000911271264719341,0.43778125307637694,0.0019627684948469943,0.9975931117405523,0.0024068882594478016,0.002534434237061083,1.0504576301484054,-0.0017005708104720612,-2.3148126815889204e-06,-0.0009594301592765169,0.06875546370031418,-3.70168850602472e-05,-0.0036781431719834557,453.6016800003126
612,OOF,1,65,0.2174969757208896,0.002141188482319882,0.0008771651814348073,0.4341167862603444,0.0019221453494956864,0.9975879856845536,0.0024120143154463427,0.0025288526610738756,1.0459113016445245,-0.001692271931778543,-2.2978865937691025e-06,-0.0009503857600386845,0.06742052695111302,-3.442862036146032e-05,-0.003486337069295592,454.0391601254232
612,OOF,1,66,0.21574321073780928,0.00226590936035642,0.0008448670838116322,0.4306415543918069,0.0018642294476570176,0.9976282684489028,0.0023717315510970965,0.0024775237929740637,1.0421279636316167,-0.0014969191713490619,-2.57327573392324e-06,-0.0010824043781379542,0.0661273504224717,-3.395706606073079e-05,-0.003299878436549744,454.5084966253489
612,OOF,1,67,0.2140825174252554,0.0021161246040460485,0.0008128779970640138,0.42735215685344674,0.0016411233399852541,0.998058220229701,0.0019417797702989822,0.002021870063741172,1.0392239471330555,-0.0009458708501888726,-2.2433477572172336e-06,-0.0011530615902851733,0.06486790432061036,-3.278883698252277e-05,-0.003228621847831439,454.9840914583765
612,OOF,1,68,0.2124571485337937,0.0022243013297824233,0.0007819620308024617,0.42413233503678494,0.0015255427170849827,0.9982435808878525,0.001756419112147595,0.0018239758302709915,1.036638779246901,-0.0004799159894134938,-2.478110804014118e-06,-0.0014084099778504655,0.063687004588638,-3.172144688029095e-05,-0.0033257497864451293,455.4288892080076
612,OOF,1,69,0.21078329241280191,0.002188220930403984,0.0007518478371759897,0.42081473698842786,0.0014975441681147456,0.9982247983571093,0.0017752016428907939,0.0018379352352909642,1.0335009191711375,-0.0005484425976995848,-2.398413086981379e-06,-0.001348666744263666,0.06260492362761122,-3.092503937022201e-05,-0.0033366270076870823,455.8792334580794
612,OOF,1,70,0.20910702142978255,0.002357073517426548,0.000722540794751384,0.4174915020648137,0.0015909815681238477,0.997916253718305,0.002083746281695201,0.002149999465039895,1.0296452262429552,-0.0008778262973178526,-2.783698304267658e-06,-0.001333126689981115,0.061675574057784247,-3.065077717155584e-05,-0.003189529863197049,456.32383329141885
612,OOF,1,71,0.20750380434552929,0.002283016181855438,0.0006932248091517975,0.4143143838819068,0.0015444161723494752,0.9979420990814255,0.002057900918574514,0.0021167895711353846,1.0264990937444045,-0.0009038926379171661,-2.6114555601028443e-06,-0.0012663784829408096,0.060862221807639505,-3.061256391720598e-05,-0.0030556737336778854,456.7712158751674
612,OOF,1,72,0.20596788202308383,0.00210100343550181,0.0006641111812196693,0.411271652864948,0.0014191499200990848,0.9981611668997036,0.001838833100296502,0.0018872645069112988,1.0244508553621445,-0.0007309223038285298,-2.2111736973804528e-06,-0.0012002762608739855,0.06003546099360772,-2.985987149217426e-05,-0.0030591164193829305,457.2211812082678
612,OOF,1,73,0.2044324078783881,0.0019882770840754373,0.0006355513922098867,0.4082292643645663,0.001386765067338089,0.9981569547046002,0.0018430452953997131,0.001887480507872297,1.0222221887354692,-0.0008549676216053972,-1.9802726136539653e-06,-0.0010724765617337033,0.05925207676401103,-2.926943083845136e-05,-0.003030706021624058,457.66907704109326
612,OOF,1,74,0.20291406436212261,0.002109069002466194,0.0006077851523208346,0.4052203435719244,0.0014602955274609312,0.997893020477491,0.0021069795225090384,0.002153479568056912,1.0199160493718828,-0.0011385593141544597,-2.2287820266722087e-06,-0.0010555802772745418,0.058559963822952164,-2.8320256546975395e-05,-0.0028688702359109803,458.1531071662903
612,OOF,1,75,0.20147680312932154,0.0018784797259276437,0.0005809053979437609,0.4023727008606993,0.0013482016034734572,0.9980903139033838,0.0019096860966162298,0.0019490961725449783,1.0186878430598132,-0.0010598612062724059,-1.7677188284299772e-06,-0.0009238916508251459,0.05781573894746673,-2.7113946258848915e-05,-0.002675850110302294,458.61541491607204
612,OOF,1,76,0.20013861054435153,0.0014639593585573393,0.0005555376621518104,0.39972168342655123,0.0011190688892627758,0.9985882289039522,0.0014117710960477583,0.0014393986846493805,1.0181300546629686,-0.0007053835382832814,-1.0731034782274384e-06,-0.0007590384197223697,0.05679781131941667,-2.478706124825864e-05,-0.0025972401299366953,459.0745841250755
612,OOF,1,77,0.19884244011268618,0.0014445311958063926,0.0005321901054642175,0.3971526901199081,0.0010801824597298647,0.9986183458640043,0.0013816541359957207,0.0014066108745668245,1.0166563311605745,-0.0006738602230542642,-1.044778710655701e-06,-0.0007551348493427555,0.055755526462445734,-2.3179302166335806e-05,-0.0025749523733827025,459.53820795798674
612,OOF,1,78,0.19756048498213105,0.001608758000141378,0.0005104253086861636,0.39461054465557593,0.001177727365455374,0.9983067702240865,0.0016932297759134813,0.0017203256630893208,1.0142821611590087,-0.0009793492110804442,-1.2962459938230933e-06,-0.0007642501743812737,0.054860689879094905,-2.1867800887133433e-05,-0.002443324785986056,459.98123816633597
612,OOF,1,79,0.19634468371071606,0.0015451274221831228,0.0004897911557910499,0.39219957626564106,0.0011589899828707171,0.9982915953276684,0.0017084046723315806,0.0017327110016070015,1.0124947900519041,-0.001054437580494521,-1.1957522040434698e-06,-0.0006987275290941411,0.05396891017573195,-2.065839331661085e-05,-0.0023244364983319755,460.43694358319044
612,OOF,1,80,0.195188753899661,0.0013671777129270716,0.0004704809472746069,0.3899070268520474,0.0010545850539552214,0.9985001302193568,0.0014998697806431422,0.001518928263636263,1.0111878301757187,-0.0009118733900128641,-9.359913144497368e-07,-0.0006231123937716109,0.05294627978530016,-1.9199204315115364e-05,-0.0023575575060533747,460.8749330411665
612,OOF,1,81,0.19401700217857487,0.0013700064062883116,0.000452295976014672,0.3875817083811351,0.0010778046822435662,0.998384238742433,0.0016157612575670595,0.0016327682089598478,1.008892890401271,-0.0010655330114480743,-9.399775559533991e-07,-0.0005808152486887796,0.052045440258514555,-1.8452977440165575e-05,-0.002304681244235441,461.3067105002701
612,OOF,1,82,0.19287161476136874,0.0015302403249215137,0.0004347828526036553,0.3853084466701338,0.0011396511609945987,0.9981685722493988,0.0018314277506011009,0.0018462951869541433,1.0062716534179867,-0.0012174092079390558,-1.1729659283596577e-06,-0.0006392923366066012,0.051302270660505515,-1.835747854146449e-05,-0.0021551681314186367,461.74660762539133
612,OOF,1,83,0.1917985648763655,0.001422201752225414,0.00041740073100919806,0.3831797290217218,0.001027316868831497,0.998406540840772,0.0015934591592280738,0.0016027720959354945,1.0042417057204474,-0.0009738825023599336,-1.012942995310172e-06,-0.0006346751381481539,0.05049990270535172,-1.7541060260439386e-05,-0.002164616070143688,462.1975470413454
612,OOF,1,84,0.19072096877192862,0.0013551017584681664,0.000400685844450875,0.3810412516994064,0.000984947868771242,0.9984650558118837,0.0015349441881163084,0.0015396863174390884,1.001549761077127,-0.0009429875773084477,-9.195618640405809e-07,-0.0005981653241923521,0.04969702734228699,-1.683094025136732e-05,-0.002116192165231289,462.6435751253739
612,OOF,1,85,0.1896677453884976,0.0013385477251969713,0.0003848041581253699,0.3789506866188698,0.0009942023222535984,0.9983902454173443,0.0016097545826555572,0.0016101212752607506,0.9986176728302161,-0.0010504817489404492,-8.972994381976464e-07,-0.0005565165124966638,0.04887602290520753,-1.6102473373211593e-05,-0.0019530860184640837,463.07509025000036
612,OOF,1,86,0.18869327527360544,0.0011618525097581247,0.0003696271170647807,0.3770169234301461,0.0008705499839778003,0.9986700478887902,0.001329952111209731,0.0013269669409706497,0.9964284633381196,-0.0008140518324666955,-6.758494746512988e-07,-0.0005074999479505231,0.04789870153466629,-1.4965279642024982e-05,-0.001893524574475213,463.51812862511724
612,OOF,1,87,0.18774873850189952,0.0011388129252237278,0.00035551805896057935,0.3751419589448385,0.0008038896516734292,0.9988036611152392,0.001196338884760718,0.0011906406180635994,0.9940462719577084,-0.0006408760926681044,-6.492241314016328e-07,-0.0005420265508280365,0.04680556958870357,-1.3917309904455362e-05,-0.001811961939456615,463.95813820837066
612,OOF,1,88,0.18684540818949716,0.0010833160668655768,0.00034246864078299705,0.3733483477382113,0.0007886750939831439,0.9988037549052046,0.001196245094795406,0.0011872180291931018,0.9912666146832009,-0.0006857381726915869,-5.874896319550208e-07,-0.0004905239343655655,0.045664155145814664,-1.3017180858924317e-05,-0.0016471181630711435,464.409631208051
612,OOF,1,89,0.18602259271236588,0.0010184610058058586,0.00033019255530798144,0.3717149928694238,0.0007214836353058446,0.9989463998535565,0.0010536001464435557,0.0010429239257771302,0.9888239902897693,-0.0005385021154078964,-5.191784166293315e-07,-0.0004922469040310874,0.04446293999656072,-1.2143463801844495e-05,-0.0016084786521715839,464.85288241598755
612,OOF,1,90,0.18521863520883938,0.0010072010687844802,0.0003187535390160186,0.37011851687866276,0.0006900477782333257,0.9989959586889289,0.0010040413110710613,0.0009914852831275126,0.9865030253459676,-0.00047241010941591446,-5.077367851877784e-07,-0.0005051853851901924,0.0432885513895232,-1.1327895023188352e-05,-0.0015723727689178496,465.29517750022933
612,OOF,1,91,0.18443202725523494,0.001078252260820066,0.00030811503480111666,0.3685559394756688,0.0007248632848816453,0.998868294060628,0.0011317059393719487,0.0011154129389064358,0.9844877372269795,-0.0005838667122150944,-5.819725908193739e-07,-0.0005136616754917783,0.04223578520236548,-1.0594068927867138e-05,-0.0015211291248476875,465.7459621662274
612,OOF,1,92,0.18366930280826804,0.0010991958990345758,0.0002981225834220031,0.3670404830331141,0.0006921161269802139,0.998925693931088,0.0010743060689119848,0.0010577187445499658,0.9835022452712746,-0.00047733280268649146,-6.047655154907751e-07,-0.0005623311919284227,0.041241584705397696,-9.900517590104848e-06,-0.0015633823974652988,466.17651804117486
612,OOF,1,93,0.18288454826234204,0.0010598430526950055,0.00028880585844638293,0.3654802906662377,0.0006643319407586583,0.9989717008804028,0.0010282991195972803,0.0010119975720213042,0.9831350786382934,-0.00044819078965677395,-5.622117700410946e-07,-0.0005461773111241117,0.0403121172416359,-9.446417945085698e-06,-0.0015092389280210584,466.6077556251548
612,OOF,1,94,0.18212620619276979,0.0010968314478995989,0.0002799155799602694,0.3639724968055793,0.000666598985745848,0.9989367850053953,0.0010632149946047346,0.0010465834995255691,0.9833107711619853,-0.0004627592794598682,-6.021598379195901e-07,-0.0005657553887061088,0.03950444610986218,-8.98475487354177e-06,-0.0015385612932874492,467.0507229161449
612,OOF,1,95,0.1813521740360064,0.0008993582660932985,0.00027144652550297783,0.3624329015465098,0.0006010021084957079,0.9990900313149735,0.0009099686850264464,0.0008963106376137255,0.9840943295487307,-0.00043721364160177463,-4.0479099252234834e-07,-0.00044443578339557744,0.038691240145310224,-8.571148782344787e-06,-0.001443205561319413,467.49036012543365
612,OOF,1,96,0.18062542896718028,0.0008160949649215196,0.0002633636317058005,0.36098749430265475,0.000548809887778127,0.99920868544186,0.0007913145581400244,0.0007803935762311728,0.9854185436270457,-0.0003478553409299294,-3.332692166680576e-07,-0.00042082569119902656,0.03788236437138536,-8.100655737801605e-06,-0.0014654004392998126,467.9358313754201
612,OOF,1,97,0.1798868660007041,0.0008813612120513747,0.0002557598877609894,0.3595179721136472,0.0005825587733750421,0.9990903610942289,0.0009096389057710799,0.0008987532539240834,0.9871342433803074,-0.0004598200712829079,-3.8875241737789355e-07,-0.0004269812895976537,0.03714537100768931,-7.888713460588922e-06,-0.0013574075433485583,468.362931041047
612,OOF,1,98,0.179200638427354,0.0008224350715936237,0.00024840737201302474,0.358152869482695,0.0005054024270205263,0.9992819450936937,0.0007180549063063255,0.0007117857928901548,0.9905575261202907,-0.0002337320933113109,-3.384427439664133e-07,-0.000470994238077564,0.03635096108046061,-7.5733286720281814e-06,-0.0014442907996113947,468.799750875216
612,OOF,1,99,0.17847019654497684,0.0008720590364113143,0.0002413472958513072,0.3566990457941024,0.0005486259936829925,0.9991379658817126,0.0008620341182873707,0.0008586080105564514,0.9951669463634095,-0.0004129774714071627,-3.8057154715140897e-07,-0.0004411002690343117,0.0356714908630468,-7.495912236960072e-06,-0.0013176251412683223,469.2378360000439
612,OOF,1,100,0.17780188375937753,0.000825043470470365,0.0002344012530172013,0.35536936626573784,0.000488019055808135,0.9992858551599338,0.0007141448400662247,0.0007163061369773688,1.0023101064195339,-0.00024103858576527865,-3.4059159581361223e-07,-0.00047658170302165956,0.03499620396204413,-7.136021779287921e-06,-0.0014549639610802686,469.6793284160085
612,OOF,2,1,0.3370661892000814,0.017862855199402613,0.005249556016899529,0.6688828223832632,0.013330807673619091,0.9878227146433339,0.012177285356666021,0.012524134966014266,1.0159591927370992,0.0005390051772158588,-0.00016150752110920705,-0.013101507705908984,0.00412306033023574,-4.0352258664822975e-05,-0.0015327437991964194,470.7217935412191
612,OOF,2,2,0.3362823616947385,0.016224978289341156,0.005211001553835342,0.6673537218356417,0.013027379146854198,0.9881953280560236,0.011804671943976405,0.012097071970667955,1.0126727842421304,-0.0009669352823720471,-0.00013319731080264094,-0.011150242960539064,0.05993750709653684,-4.115267596664224e-05,-0.001671995078990624,471.16549941617996
612,OOF,2,3,0.3353470398578347,0.01627953656553889,0.005167637369590439,0.6655264423460789,0.013282906252087896,0.9877108189951577,0.012289181004842354,0.012660265295974835,1.0175357494739485,-0.001965322375801721,-0.00013416037654540312,-0.010782789784131653,0.06815232912535378,-4.6394049305707246e-05,-0.0020071943104737144,471.6212971252389
612,OOF,2,4,0.33423250193885495,0.016479011339826887,0.005119410641011994,0.663345593236698,0.013588596099721528,0.9871333203044103,0.012866679695589855,0.013359761874933334,1.0249626484911603,-0.0030029540764770256,-0.00013754870246624878,-0.010552754135599625,0.07192581374268131,-5.0654982387643544e-05,-0.0023747825463346028,472.0589777911082
612,OOF,2,5,0.33292657807109244,0.016680824893073418,0.005067720694004459,0.6607854354481805,0.013891419940958225,0.9865434484254224,0.013456551574577648,0.01411408560016609,1.034749400854318,-0.004124691920186051,-0.0001410226379575476,-0.010338827060234824,0.07416472716945423,-5.3309874538851134e-05,-0.002757329668029273,472.4956869580783
612,OOF,2,6,0.33142450101164606,0.01681064213943946,0.005014442684043094,0.6578345593392491,0.01417317323776433,0.9859705142043614,0.014029485795638433,0.01489460548949309,1.0467697852413211,-0.005376350978183638,-0.0001433094017868996,-0.010071562609520348,0.07554887816845167,-5.395747933133817e-05,-0.0031485816032755195,472.9386414163746
612,OOF,2,7,0.3297235188746577,0.01684295402273888,0.004961724617517328,0.654485313131798,0.01443501600433585,0.9854150156293975,0.014584984370602634,0.01570492835822853,1.0610825373783304,-0.006795038031404034,-0.00014394194106678108,-0.009725245259223213,0.07651965374160877,-5.25458922498046e-05,-0.003537132814457135,473.3845587503165
612,OOF,2,8,0.32782693270004726,0.016794859297722474,0.00491163151717337,0.6507422338829212,0.014694231980627182,0.9848526836176249,0.015147316382375013,0.01657393726035169,1.0776091405841601,-0.008406222440807434,-0.0001432027873418525,-0.009310801059074083,0.0771903930386901,-4.943290114018167e-05,-0.003907963602048413,473.8374444162473
612,OOF,2,9,0.32574586668247224,0.016733395772957262,0.004865613997096575,0.6466261193678479,0.014974632153927216,0.9842479895970063,0.015752010402993812,0.017542244902181016,1.096108930623132,-0.010198005586288215,-0.00014224389435078794,-0.008887961819819717,0.07743275497710604,-4.5780893778152514e-05,-0.0042356299604103835,474.2621175413951
612,OOF,2,10,0.3235044492147676,0.01674948953081508,0.004823634829120577,0.6421852636004146,0.015284593573588495,0.9835870904801179,0.016412909519882075,0.01862452449090158,1.1161239774941014,-0.012098179054218611,-0.00014261340061200956,-0.008546485898890756,0.07737542202386283,-4.341363189605418e-05,-0.004496251129350639,474.7090864162892
612,OOF,2,11,0.32113786856728344,0.016911678313047376,0.004783613952214813,0.637492123182352,0.015596037663209907,0.9829108925306673,0.017089107469332697,0.01976887166241611,1.137042371867557,-0.013964510355137466,-0.00014548870377640734,-0.008368045665265075,0.07734083121973545,-4.409363566836857e-05,-0.004688443522523058,475.14397958340123
612,OOF,2,12,0.3186804720709972,0.017234105489907805,0.004741806124195619,0.6326191380177988,0.015849285212017707,0.9823094758743347,0.017690524125665207,0.02086036770542215,1.1583227676974555,-0.015617125908931493,-0.00015118167916119488,-0.008394731267638513,0.07748878440105013,-4.88037895191114e-05,-0.004822024097266153,475.5838894583285
612,OOF,2,13,0.31616094013952606,0.0176685216172336,0.004693841737296955,0.6276280385417552,0.015974822619274572,0.9818905737719217,0.018109426228078415,0.021754383433634956,1.1795196469884381,-0.01688157974904906,-0.00015896713161194122,-0.008619175787431228,0.07792898096506157,-5.759701670473464e-05,-0.004907647554965689,476.03256541630253
612,OOF,2,14,0.3136025346127726,0.01812790217871604,0.0046356967303365195,0.6225693724952087,0.01591503543920872,0.981746683905986,0.018253316094014045,0.022315471142222223,1.2002279301381793,-0.01761461137163677,-0.00016736539210585567,-0.00900167497534503,0.07868811513375841,-6.951857109987802e-05,-0.0049590919173250255,476.48587762517855
612,OOF,2,15,0.31102197349790583,0.018509920583345642,0.004564686941421747,0.6174792600543899,0.015635886008522636,0.9819367991025719,0.01806320089742804,0.022444141934604183,1.220089895197205,-0.01772556686645546,-0.00017445988393290332,-0.009483844030394048,0.07969777825470864,-8.271538048839136e-05,-0.00499279029140517,476.92236000020057
612,OOF,2,16,0.3084285687350281,0.018707331026490942,0.004480317897596927,0.6123768195724593,0.015127373851727237,0.9824854133478385,0.017514586652161653,0.022084163992346466,1.2388170739835345,-0.017189487246105674,-0.00017810149106550118,-0.009990650681200008,0.08078992119445505,-9.46902277333902e-05,-0.005025469897691451,477.3737260410562
612,OOF,2,17,0.3058243497195937,0.018604869094710125,0.004384844574626478,0.6072638548645609,0.014395468655586545,0.9833953016938742,0.01660469830612579,0.021211097888375722,1.2562043358235722,-0.01604649189822594,-0.0001759928857881872,-0.010422988350941673,0.08174347467367606,-0.00010270294143187425,-0.0050704909436026764,477.8170604580082
612,OOF,2,18,0.3032054967715238,0.01807012556790043,0.0042832948827585555,0.602127698660289,0.01344960151740258,0.984667738667911,0.015332261332088983,0.019808577777599645,1.272145514874223,-0.014385142929383902,-0.0001658069139552739,-0.010648443532471413,0.08234757137877234,-0.00010445457947504007,-0.005137536253191972,478.2518121660687
612,OOF,2,19,0.30056308407542043,0.01696923759604818,0.004182441043002263,0.5969437271078386,0.012301148216748745,0.9863035806072219,0.013696419392778053,0.017867444422720393,1.2866665297736062,-0.012331410960057293,-0.00014597687276662544,-0.010512054878480503,0.08244032117690543,-9.965018874925491e-05,-0.005229935981005228,478.70044854143634
612,OOF,2,20,0.29788471960938523,0.015217657371890401,0.004088442748531963,0.5916809964702385,0.010972041737865992,0.9882850813106214,0.011714918689378448,0.015409375396314602,1.2999540347045,-0.010030464467821604,-0.00011716108047545483,-0.009883854170418357,0.08195815342255301,-9.010725972318045e-05,-0.005350787199505822,479.1347049162723
612,OOF,2,21,0.2951535922076614,0.012840161698373693,0.004005620751945519,0.5863015636633773,0.00950988074813518,0.9905473152214168,0.009452684778583232,0.012523950854743502,1.3123854424129533,-0.0076322395224880085,-8.322154323518079e-05,-0.008720789717537447,0.08094019615509203,-7.839239360546545e-05,-0.005512055156441317,479.6298029581085
612,OOF,2,22,0.2923418972915084,0.01006874218026577,0.003934827690864427,0.5807489668921524,0.00801397848747592,0.9929281366052158,0.007071863394784107,0.009434053269912836,1.3245924604309847,-0.005277413413615629,-5.105080889301619e-05,-0.007167811610122174,0.07948675145496059,-6.877230307755262e-05,-0.005701192066651949,480.1162620000541
612,OOF,2,23,0.28942768770664484,0.007460928329917501,0.0038727257133488674,0.5749826496999408,0.006670961326594135,0.9951003554732294,0.004899644526770581,0.006583692276571611,1.337124456467641,-0.003094685973013077,-2.7969767691266323e-05,-0.005680560216156679,0.07775926345286181,-6.377446457047199e-05,-0.00587485438206547,480.60532808303833
612,OOF,2,24,0.28641724350711667,0.006135380635736876,0.0038141168823415585,0.5690203701318918,0.005835908086160843,0.9964229143039459,0.0035770856960540775,0.0048464240179428965,1.3500062213321644,-0.0012621426435561669,-1.888901539948556e-05,-0.005261670916480884,0.0761343829414067,-6.347590034060553e-05,-0.006047528747370155,481.0714827910997
612,OOF,2,25,0.28331549106116855,0.006850338393425529,0.003754319862955053,0.562876662259382,0.005750895730661427,0.9964290894562559,0.003570910543744232,0.004884082835950943,1.3628574990715592,-6.20091369979596e-05,-2.3547654620384314e-05,-0.006570752127444086,0.07515926070266576,-6.663529955378769e-05,-0.006308873690737885,481.52500504115596
612,OOF,2,26,0.2800861410448861,0.007893797500761857,0.003690575894465214,0.556481706195307,0.005908302348099864,0.9959881294541979,0.004011870545802194,0.005539402227349247,1.3752135817255802,0.00017937867105632856,-3.128151688774703e-05,-0.007765958331860196,0.07492110058135305,-7.046153430484887e-05,-0.006552101324459173,481.95259487535805
612,OOF,2,27,0.2767480734473894,0.007786845882000014,0.0036233450565689744,0.5498728018382097,0.005880868592340011,0.9958672296919584,0.004132770308041633,0.005753474930584563,1.3864059004378768,-0.0006103337733772829,-3.044329955950864e-05,-0.007335874518847051,0.0750871531343321,-7.223463361155645e-05,-0.006553854928175786,482.38439691625535
612,OOF,2,28,0.2734221463079506,0.006721820722051343,0.0035549013803148743,0.5432893912355863,0.005711249770763472,0.9960047978571337,0.00399520214286624,0.005598715724129896,1.3957610963511764,-0.002137145772698909,-2.2682056309672437e-05,-0.005654641768261533,0.0752765662490468,-7.280622850470677e-05,-0.006227052860163285,482.82873250031844
612,OOF,2,29,0.27026430001736196,0.005617608961721791,0.0034856339497216582,0.5370429660850022,0.005607226211816462,0.9960236845521282,0.003976315447871843,0.005600215365312792,1.4027929160976533,-0.0038719131943076865,-1.5841757046674616e-05,-0.003968187491727653,0.0754040918100092,-7.512256372064443e-05,-0.005695098640351941,483.26973195839673
612,OOF,2,30,0.26737333007436015,0.00513084838752263,0.0034130933812840172,0.5313335667674363,0.005638075436065506,0.9957853840361407,0.004214615963859399,0.005956891805686359,1.4074320994492908,-0.0052475700835473964,-1.3218513546081592e-05,-0.0031231321431759522,0.07563842661197194,-8.014412882428517e-05,-0.005147310766565188,483.7183170830831
612,OOF,2,31,0.26475654133521703,0.005148119247590503,0.0033347121529265816,0.5261783705175075,0.005650323724244163,0.995571120478805,0.004428879521195027,0.006273437989841534,1.4102107900906724,-0.005841478511880166,-1.3310516567950219e-05,-0.002992080915791155,0.07606256102499585,-8.585694568386883e-05,-0.004709479556611518,484.20979295810685
612,OOF,2,32,0.2623597372041076,0.00518368375913149,0.003250672955888733,0.5214688014523264,0.0054867826938948625,0.9956850028683982,0.004314997131601698,0.006118914719472827,1.411938741601964,-0.005512412911761193,-1.3493513127783412e-05,-0.0031136263240932206,0.07656156582476253,-8.919773348983032e-05,-0.0044194374655963575,484.6858844580129
612,OOF,2,33,0.2601099473113824,0.004935452844578326,0.00316408528218168,0.517055809340583,0.0051154408275545645,0.9962027885369271,0.0037972114630729532,0.00538717114296059,1.4133305366670061,-0.004394182587763898,-1.2225771229184506e-05,-0.0032074451236044177,0.07690862924121891,-8.866872201307201e-05,-0.00427274741914292,485.1196784162894
612,OOF,2,34,0.25793432874395034,0.0044886565059181725,0.0030787371314095675,0.5127899203564911,0.004634834610137927,0.9969470995929842,0.0030529004070158072,0.00433282446683838,1.4149157225480613,-0.002820657643883955,-1.0104867768985548e-05,-0.0032998189495176042,0.07692706731107415,-8.568674797747293e-05,-0.004250419858777543,485.5473956661299
612,OOF,2,35,0.2557681723597939,0.0042280376245721766,0.0029964133909306167,0.5085399313286572,0.004223902553499994,0.9975719416449513,0.0024280583550486366,0.003448590057730261,1.4168591428926098,-0.001196013588312814,-8.95990625263613e-06,-0.0036811928588182242,0.07665032598644668,-8.27591663917963e-05,-0.0043406470570823115,485.9886315003969
612,OOF,2,36,0.25355522093669763,0.0044979081294951595,0.002916556602232496,0.5041938852711628,0.004029400381987957,0.9977799838211107,0.002220016178889353,0.003156655248258319,1.4187497606939692,8.817252869019741e-05,-1.0138095506737405e-05,-0.004556538311243312,0.07629894506249686,-8.147006962127506e-05,-0.0045379907116771655,486.4211997082457
612,OOF,2,37,0.2512472437061838,0.004923220986962925,0.002837426961397327,0.4996570604509703,0.003969483341869144,0.9977213936322918,0.002278606367708245,0.0032428418416713,1.4199261124928395,0.0007261757671275851,-1.2146730059696958e-05,-0.005318624846741339,0.07605620653972493,-8.152105915942262e-05,-0.004732490167357264,486.87719337502494
612,OOF,2,38,0.24885126798642576,0.005109686518266353,0.0027582535349814324,0.4949442824378701,0.003934829872440692,0.9976094885503314,0.0023905114496685655,0.0034031186609543426,1.4201912596157824,0.000640949933482485,-1.3085729744257383e-05,-0.00546094358146095,0.07593924399321557,-8.08849477051476e-05,-0.004783232226441689,487.32218375010416
612,OOF,2,39,0.24643585740493215,0.005517168801663413,0.0026802748586893044,0.490191439951175,0.004018481706766205,0.9972550231791655,0.0027449768208345137,0.0039078970497241836,1.4197460369518478,1.1558993450145292e-05,-1.5261468169400964e-05,-0.005544518874442472,0.07587768924187657,-7.872470036293127e-05,-0.004706688627702625,487.75627537537366
612,OOF,2,40,0.24405689942502815,0.00647716975096229,0.0026046828483563024,0.4855091160017,0.004261849620607048,0.9965683339011209,0.0034316660988790754,0.004885071335015668,1.4186425080560374,-0.0007963861844173833,-2.1049097465575064e-05,-0.006112734568856323,0.0758397625680407,-7.705380199398504e-05,-0.004636210040653438,488.1838753754273
612,OOF,2,41,0.24170752320686437,0.007438941674901726,0.002530243982009104,0.4808848024317196,0.0044729683117901405,0.995938735618874,0.004061264381125941,0.0057779097212713754,1.416909504603012,-0.0013461085834904564,-2.7781755676067193e-05,-0.00681288486164103,0.07587183850794668,-7.710565227968564e-05,-0.00467469692568079,488.64410695806146
612,OOF,2,42,0.23933473260568774,0.00785826000608295,0.0024555293434553134,0.47621393586792016,0.004486532183601821,0.995712998836166,0.004287001163833969,0.0060910087350030334,1.4147177343061805,-0.0013837824476337474,-3.10090610423795e-05,-0.007202266568546519,0.07594958465957675,-7.677396831611629e-05,-0.004839368556219742,489.0708867912181
612,OOF,2,43,0.2368791833760888,0.007624015895006895,0.002381507154318668,0.4713768595978589,0.004286943348431115,0.9959371959995236,0.004062804000476385,0.0057607616623462105,1.4121667735253542,-0.000952587876099468,-2.9181367359707284e-05,-0.007153386966304829,0.07589917532827012,-7.434359403558426e-05,-0.005091315642958076,489.5495363753289
612,OOF,2,44,0.23430059512409165,0.006986424376020515,0.002310266362966651,0.46629092388521665,0.003976437450693308,0.9964089643378146,0.0035910356621854577,0.005078646419273349,1.4091781020593954,-0.0003361172539634494,-2.4493018082335038e-05,-0.006796107050096577,0.07552711159930851,-7.074254587282578e-05,-0.005352043481312743,490.016602165997
612,OOF,2,45,0.2315970771247366,0.006308352735264292,0.002242572659734518,0.46095158158973865,0.0036848851409457296,0.9968557136373328,0.0031442863626672283,0.004433586965460875,1.4056119540837844,0.00011625254129322812,-1.996041838758746e-05,-0.006328194961027498,0.07482572691153336,-6.76186073673412e-05,-0.005513096483225724,490.4472550409846
612,OOF,2,46,0.2288206915822722,0.005800316333392676,0.002177823628444463,0.4554635595360999,0.0034825019272629477,0.9971217309624667,0.0028782690375332644,0.0040450993959610234,1.401347983464617,0.00019270603461558187,-1.687039231155231e-05,-0.005844427523747949,0.07394860987929582,-6.528941262662305e-05,-0.005477167982420831,490.8984530409798
612,OOF,2,47,0.22606764194635617,0.005478790001110665,0.0021151854990773553,0.450020098393635,0.0033633372660202077,0.9972133554890552,0.0027866445109448546,0.003902893124893029,1.396667976092183,-5.0102053840281946e-05,-1.5050510360217325e-05,-0.005385893277447942,0.07305388997968526,-6.410696814997403e-05,-0.005247872448718763,491.33676133304834
612,OOF,2,48,0.2234260436308897,0.0051969100382365805,0.0020532636422963915,0.444798823619483,0.0032607736716545295,0.9972726772699418,0.0027273227300582247,0.0038077143660947034,1.3923286226098428,-0.0003366960545269909,-1.3540867287901063e-05,-0.004951352776821457,0.07225967173944907,-6.443494573188626e-05,-0.004946068690109452,491.76760541601107
612,OOF,2,49,0.22092972203706976,0.004828781797686934,0.001990829886631312,0.4398686141875082,0.003114054578664171,0.9974348443051838,0.002565155694816119,0.0035719957571526493,1.3889344179358782,-0.0004046049526786367,-1.1688549774855443e-05,-0.004544974345376748,0.07158086943006303,-6.42970043407452e-05,-0.004698820427243034,492.21017083339393
612,OOF,2,50,0.21855609665404846,0.004655206343043937,0.0019288669294952243,0.4351833263786017,0.002984350450418497,0.9975638253735106,0.0024361746264893506,0.00338629872961177,1.386620268448044,-0.00023690781493541243,-1.0861934617668405e-05,-0.004447740703946462,0.07094144322555195,-6.242281606049776e-05,-0.00460711478152337,492.6604621252045
612,OOF,2,51,0.21622782494146053,0.0048663555576113435,0.0018687058456278625,0.4305869440372932,0.00293650935048023,0.9975093116883565,0.0024906883116434823,0.00345854631059737,1.3851320269977287,-2.4682635038829175e-05,-1.1870273357655332e-05,-0.004753990353266768,0.07035501589656501,-6.07952217932358e-05,-0.00472035327455747,493.0942413331941
612,OOF,2,52,0.21383827409603293,0.004973025953109839,0.001809779830567966,0.4258667683614979,0.0028799932866644886,0.9974762508694784,0.002523749130521553,0.0035022911354785666,1.384231177743336,6.40686286777241e-05,-1.2396779927715848e-05,-0.004899652432013551,0.06989844606327818,-5.996871477093842e-05,-0.004928262439627941,493.5363415000029
612,OOF,2,53,0.21133852083819002,0.004713340350758985,0.0017517310524606292,0.4209253106239194,0.002758062319239282,0.9975992492947492,0.0024007507052507316,0.0033308061545863844,1.3840711207933092,2.785994126044119e-05,-1.1134519837398681e-05,-0.004626798028946671,0.06953000402404583,-5.867083381589412e-05,-0.0050556248584159936,493.97667575022206
612,OOF,2,54,0.20876972075264943,0.004390425838115687,0.0016949665284727675,0.4158444749768261,0.0026210452566853767,0.9977639023847156,0.0022360976152844964,0.003104105004075745,1.3850754551627613,2.039138087201572e-05,-9.659519147727947e-06,-0.004310151513117506,0.06916547237011095,-5.787510732718829e-05,-0.005070442524294531,494.41637916630134
612,OOF,2,55,0.2061902230039087,0.004122560097332096,0.0016386747925344692,0.41074177121528294,0.0024789196068892884,0.9979461294189605,0.002053870581039428,0.0028555257376263973,1.3874588222001416,0.000184023356218496,-8.51524007914646e-06,-0.004137432492828661,0.06879173080311725,-5.776065473732404e-05,-0.005083043019252095,494.8626304161735
612,OOF,2,56,0.2036042135539635,0.0040357560542297775,0.0015824320814131056,0.40562599502651386,0.002370413422738536,0.9980497614277486,0.0019502385722514211,0.0027177329623295347,1.3908209863504015,0.0004040063332215172,-8.15957658561666e-06,-0.004175726795940062,0.06845140405730153,-5.740215612850954e-05,-0.005206562460313339,495.3048640000634
612,OOF,2,57,0.20095784811065107,0.004111035143609679,0.0015263579117440107,0.40038933830955814,0.0023133506223868726,0.9980269096172878,0.001973090382712226,0.0027568005521295216,1.3944425250763302,0.00044704351337591827,-8.467011154275746e-06,-0.004282776425264954,0.06823231293832552,-5.727398144875752e-05,-0.0054303604471797745,495.7500927504152
612,OOF,2,58,0.19820351870014244,0.0041663162228439184,0.0014703863228862036,0.39493665107739867,0.002274768752546239,0.9979556508353724,0.0020443491646276136,0.002863629339643755,1.3978899156964735,0.00025106587610504834,-8.696874883268688e-06,-0.0042454075774023365,0.06814185794896654,-5.6989404563537353e-05,-0.005630225501326341,496.18748425040394
612,OOF,2,59,0.19535651203518323,0.004185821514872413,0.001414841239593219,0.3892981828307732,0.0022377520221987276,0.997878458045582,0.002121541954417928,0.002979343730604608,1.401350051877331,-3.699241158437566e-05,-8.779176267962107e-06,-0.00412933190359083,0.06811428697621008,-5.6692564121205246e-05,-0.005690147684952013,496.67233029101044
612,OOF,2,60,0.19248389902824536,0.004019601557794891,0.0013595974795001858,0.3836082005769905,0.0021489951371244584,0.9979348579661835,0.0020651420338165132,0.0029088633628169417,1.4056447930852958,-0.0001688482281450883,-8.095316319722458e-06,-0.003911885095275406,0.06807529613711627,-5.70197799197502e-05,-0.005581981319026574,497.1595685002394
612,OOF,2,61,0.18966238373656658,0.003699953308438577,0.001304132632887169,0.378020634840246,0.0020030446072381394,0.9981447269491628,0.0018552730508372135,0.002623812537366359,1.4116222124250148,-7.5837538175665174e-06,-6.857549869780963e-06,-0.003689390755298245,0.06798218966330903,-5.7064648732685174e-05,-0.005430025374006072,497.64604983339086
612,OOF,2,62,0.18691448711062547,0.0037000055628555253,0.0012487948898088597,0.3725801793314421,0.001912781540288317,0.9982118757576124,0.0017881242423876626,0.002541332579209283,1.4186868566968724,0.0002295474428379657,-6.857282255218368e-06,-0.003828045289202521,0.0678825452978443,-5.693062557501128e-05,-0.005390547858327253,498.07560633309186
612,OOF,2,63,0.18420515304465535,0.003630051477585473,0.0011933769088525964,0.3672169291804581,0.0018390478637010624,0.9982359852232423,0.0017640147767577254,0.0025113743985410043,1.4211583315644285,0.00017256325408034835,-6.600279856157235e-06,-0.003735023624388345,0.06780583623583712,-5.7419953139256744e-05,-0.005302877102128989,498.4988049999811
612,OOF,2,64,0.18155730410183862,0.0031301882751600027,0.0011378633724941135,0.36197674483118314,0.0017221215657738564,0.9983808335983143,0.0016191664016856576,0.0023007787921904338,1.4186642250487818,-0.00023347033071998905,-4.906984543480973e-06,-0.0030256552469680436,0.0676355323418169,-5.649473873530534e-05,-0.005014615355949878,498.93683916609734
612,OOF,2,65,0.17905529728687614,0.002779349643590469,0.001083847085090411,0.35702674748866187,0.0016370850149647945,0.9984457115755163,0.0015542884244835818,0.002202306175787099,1.4147201524205468,-0.0006267878619987228,-3.868404837523413e-06,-0.0024849906618499905,0.06731934611118044,-5.440145161216129e-05,-0.004629108416646373,499.37166762538254
612,OOF,2,66,0.17674550673632428,0.002425210812233556,0.001032355845113043,0.35245865762753553,0.0015213786451701956,0.9986084627201297,0.0013915372798701904,0.0019666637566969954,1.4113362963195546,-0.0006593157753682957,-2.9449217102333624e-06,-0.00211336324540411,0.0667575237256729,-5.0843028431261185e-05,-0.004254026314096279,499.83093579113483
612,OOF,2,67,0.17462712519986884,0.0025419569203069922,0.0009850653285623382,0.3482691850711753,0.0014714939457713696,0.9985993352717378,0.0014006647282621056,0.0019749999454078786,1.4080697492062233,-0.00047110292338392476,-3.2353040686424547e-06,-0.002306599450360209,0.0659084670193645,-4.576689373685308e-05,-0.004033010476350191,500.28352704131976
612,OOF,2,68,0.172621728284184,0.003037358442874108,0.000942723017512273,0.3443007335508558,0.0015160497941886385,0.9983302361992783,0.001669763800721608,0.0023470484633013678,1.4032699988622324,-0.0005263918690684716,-4.620488279319781e-06,-0.0027625303370787226,0.06492788081877855,-4.178629676797387e-05,-0.00398514945607972,500.724817416165
612,OOF,2,69,0.1706393829876679,0.0029448258665096707,0.0009041541360248569,0.34037461183931095,0.0015069628602695073,0.9982242675008512,0.001775732499148821,0.0024841231835231498,1.3964445919883222,-0.0010227876195532937,-4.343712964309916e-06,-0.0024418090529461133,0.06390003757390952,-3.873619427972734e-05,-0.0038800878926059604,501.1607840000652
612,OOF,2,70,0.16870793904357087,0.002757416510737402,0.0008682970537168344,0.3365475810334249,0.0015003984046729228,0.9981169485841899,0.0018830514158100357,0.002620657663962408,1.3890873126864247,-0.0016176238735442787,-3.8088451581111963e-06,-0.002018889593202235,0.06299082321257907,-3.727792124738486e-05,-0.0036897478890093103,501.6137022911571
612,OOF,2,71,0.16687115025337526,0.002738203067130649,0.0008333206034824353,0.33290897990326807,0.001485189616437288,0.9980369864676941,0.0019630135323058092,0.00272074090094129,1.383281370732713,-0.0018500373669557944,-3.756251591125971e-06,-0.001909756584315704,0.06232879258165876,-3.685167841356313e-05,-0.0035250084693249964,502.05104970838875
612,OOF,2,72,0.16511892265949682,0.0031303086108871348,0.0007986559367477773,0.32943918938224587,0.0014899214966606904,0.997896590683244,0.002103409316755971,0.002907058114790286,1.3791625617316028,-0.0016751222745232833,-4.909743199285328e-06,-0.0023292736989742467,0.06186728695900107,-3.574577866525267e-05,-0.0034915333945402436,502.4966637082398
612,OOF,2,73,0.16338077793948091,0.0037753058286476033,0.0007653529405607961,0.32599620293840104,0.0015335351638021382,0.9976380401082908,0.0023619598917090537,0.003254653274808685,1.3746913847731537,-0.0014498167082878414,-7.143339330902744e-06,-0.0030171837696844864,0.061510338481794546,-3.430913652743176e-05,-0.0035525892428029705,502.978242916055
612,OOF,2,74,0.16161043282719895,0.003492563519783163,0.0007332945334044283,0.32248757112099347,0.0014561754443045563,0.9977533137443682,0.0022466862556319214,0.003082841850385525,1.3690899938793721,-0.0014999104523257174,-6.1127333638930784e-06,-0.0027146647443857803,0.06116785884223578,-3.4894040488590435e-05,-0.003447621526995733,503.41020970838144
612,OOF,2,75,0.1598991570459141,0.0021041526726807785,0.0007013192928975744,0.3190969947989306,0.001218854390462073,0.998374553621867,0.0016254463781330225,0.0022220206580840455,1.3647997943809604,-0.0016684752018349884,-2.2173333915051675e-06,-0.0013619208020368577,0.060416278172062306,-3.2144256499946116e-05,-0.003103283180639301,503.844536583405
612,OOF,2,76,0.15836977343149253,0.0020619764240377425,0.0006716311488497727,0.3160679157141353,0.0011556478955999702,0.9984653695352901,0.0015346304647098922,0.002095316378999847,1.3632603358013753,-0.0014690652785434035,-2.129140831026689e-06,-0.0013852672910710233,0.05941331392563972,-3.1262035887995e-05,-0.0029211740952726824,504.3282912080176
612,OOF,2,77,0.1569184078424789,0.0019092698433577425,0.0006426519399419788,0.31319416374501585,0.0010533366321914162,0.9986860255774237,0.0013139744225763507,0.0017901926709276363,1.3606356203198227,-0.0010468430909079274,-1.8250537413135624e-06,-0.0013871317706503838,0.0583459242504003,-2.8823312025450486e-05,-0.002841568292133958,504.8193358751014
612,OOF,2,78,0.15550339587760315,0.0022862040522442935,0.0006161266317128663,0.31039066512349345,0.0010655104635173386,0.9985493196632867,0.0014506803367133289,0.0019714072879622423,1.3569822078335303,-0.0008710723670717167,-2.617161148465203e-06,-0.0018014750859379342,0.05735098518244167,-2.8311865965813052e-05,-0.00278079236416833,505.29313850030303
612,OOF,2,79,0.15411733763519492,0.002090844617044372,0.000589805061545146,0.3076448702088447,0.0010307473867911543,0.9985639633561021,0.0014360366438979947,0.0019455460942131256,1.352856994969163,-0.0011077398102890827,-2.1889590316932163e-06,-0.0015221168732703846,0.05642243342297933,-2.6368395452859314e-05,-0.002658438188230267,505.7403438752517
612,OOF,2,80,0.15279216961255515,0.0025277632040612034,0.0005653709248960318,0.30501896830021424,0.0010901488455594753,0.9982763287240238,0.001723671275976149,0.0023301834316719226,1.3495421046020737,-0.001287998502941812,-3.200309689789399e-06,-0.0018534818398558072,0.055594887729664005,-2.5578283789153636e-05,-0.002651586157947391,506.17237541638315
612,OOF,2,81,0.15146955095973919,0.00201389641588791,0.0005414196102009458,0.30239768230927744,0.0009753482155706986,0.9985624661171852,0.0014375338828147505,0.0019385996609733505,1.346620682418342,-0.0011978551796274165,-2.0308087433411533e-06,-0.0014106724100251423,0.0547072658158393,-2.3890555954724142e-05,-0.002560348517459825,506.6008168752305
612,OOF,2,82,0.15019211260356533,0.0019894137329070634,0.0005193940129643448,0.2998648311941663,0.0009307241003189354,0.9986259015964035,0.0013740984035965156,0.0018488342173342387,1.3436401151149455,-0.0010420539098606985,-1.9816064225614067e-06,-0.0014401323043241663,0.05372885380136998,-2.3079051757078045e-05,-0.0024945247971123853,507.0362916663289
612,OOF,2,83,0.1489455507456479,0.0017580443982371707,0.0004977008311685408,0.2973934006601272,0.0008859885792280429,0.9986921745640533,0.0013078254359466786,0.0017538633284772298,1.3392992162881334,-0.0011657747687639176,-1.5473837609282608e-06,-0.0011816256287812052,0.05285580162830644,-2.1944108872459064e-05,-0.002436086495316846,507.47551125008613
612,OOF,2,84,0.1477274091607642,0.0019469858120538587,0.0004773020324250109,0.2949775162891034,0.0009177845676841979,0.9985043048733565,0.001495695126643522,0.001997580166302786,1.333555455154164,-0.001394764309304143,-1.8982160286328554e-06,-0.0012672214025480659,0.052116703592908056,-2.1371148333418905e-05,-0.0023942373748766657,507.91163108311594
612,OOF,2,85,0.14652920584114698,0.0016513342096392174,0.00045715578884947136,0.2926012558934445,0.0008537585968904984,0.9986424411518183,0.001357558848181542,0.0018037978385511242,1.32690312412459,-0.0013877584421753432,-1.3653058189573886e-06,-0.001004341239268369,0.05138963267057692,-2.0510474873531182e-05,-0.002230048861198003,508.39913145825267
612,OOF,2,86,0.14541463047876668,0.0016060443700414138,0.0004380997145696975,0.29039116124296366,0.0007957222675986809,0.9987666191515829,0.0012333808484169529,0.0016300480253374089,1.3199795970648869,-0.0011046851443628214,-1.2912819016382486e-06,-0.0010456537094168281,0.05052423855101269,-1.958787216400568e-05,-0.0021230968191529296,508.8886463753879
612,OOF,2,87,0.14435740595819363,0.0013059604101112682,0.00041982848459426366,0.288294983431793,0.0007134870768960302,0.9989799099114489,0.0010200900885511588,0.001338802448135001,1.3110967002205671,-0.0009184742810679197,-8.536370831167028e-07,-0.0008359715538459805,0.04953757884740959,-1.791822675986533e-05,-0.0020624112585942047,509.37994341598824
612,OOF,2,88,0.14334951086405345,0.001220574675520579,0.0004032592618897496,0.28629576246621713,0.0006905370389612569,0.9989951545638599,0.0010048454361399953,0.0013085041960946714,1.3008859916272115,-0.0009601598257757539,-7.456505327959188e-07,-0.0007413093023764343,0.04849934391635134,-1.6717336798234266e-05,-0.0018948716193602558,509.8971767080948
612,OOF,2,89,0.14242804346989996,0.001138779933512137,0.0003877205795346165,0.2844683663602653,0.0006666968294197279,0.9990179681226843,0.0009820318773157144,0.0012728342976624904,1.2948503640058948,-0.0009872071581961007,-6.490472535778512e-07,-0.0006602737481977845,0.04743352890914664,-1.5499334913081543e-05,-0.0017188923895096505,510.389413791243
612,OOF,2,90,0.14157054391541077,0.0013327541352095421,0.0003733316683886138,0.28276775616243294,0.0006643632648775171,0.9989694145094743,0.0010305854905256504,0.0013306375244236744,1.2898165178124734,-0.0008536297684467906,-8.890330169869727e-07,-0.0008617594567589757,0.046321871668559375,-1.4672470930926679e-05,-0.001738425287629002,510.88483112538233
612,OOF,2,91,0.14069950224253236,0.0012550288927839638,0.00035966639893536973,0.28103933808612935,0.0006294138051219996,0.9990389492599691,0.0009610507400309782,0.0012385663200549233,1.2875241061013822,-0.0007744293181889975,-7.883063632750676e-07,-0.0008194663695237211,0.04519363876771929,-1.3553097684701228e-05,-0.0018123961303843164,511.3777192081325
612,OOF,2,92,0.13979334831680407,0.0011549211847075179,0.00034708683943648926,0.2792396097941716,0.0006136094265367206,0.999044353773717,0.0009556462262829777,0.001230397988102552,1.2862732349077566,-0.0008840855861212151,-6.675594220856441e-07,-0.0006978748548373643,0.04410407601935726,-1.2802585377288118e-05,-0.0018001248128228016,511.84109125006944
612,OOF,2,93,0.13889667461711616,0.0010278830469929714,0.0003352087527616001,0.2774581404814707,0.0005965017527797423,0.999057122417159,0.0009428775828408754,0.0012122805733034321,1.2845119697061969,-0.000996384032191574,-5.287703448524101e-07,-0.0005602761045141224,0.04300827062881883,-1.186958821067508e-05,-0.0016604404910487392,512.2648444999941
612,OOF,2,94,0.13807359562211774,0.0011267881953977983,0.000324199845467535,0.2758229913987679,0.000588948590888655,0.9990390203023091,0.0009609796976909765,0.0012340293705820245,1.2829027464084761,-0.0009219014950543967,-6.354364601813201e-07,-0.0006606027371538242,0.041896652164142824,-1.1219252463427648e-05,-0.0015533905352469752,512.6889393753372
612,OOF,2,95,0.13730603743299874,0.0010628860379369024,0.00031382186223847115,0.274298253003759,0.0005550999409274724,0.9991193730326802,0.0008806269673198126,0.0011297155410689593,1.2817239591621343,-0.000805984924819807,-5.653612371723341e-07,-0.0006414331899689202,0.04076484206766411,-1.0261307681070189e-05,-0.0015190883178035886,513.1173032079823
612,OOF,2,96,0.13655390332111786,0.0010485003394880286,0.0003042277958349613,0.2728035788464008,0.0005422893754132867,0.9991263774439809,0.0008736225560190414,0.001119038161674818,1.2797981656867428,-0.0008024006490369706,-5.501571106144426e-07,-0.0006291921804973119,0.03966994199303193,-9.8436235094388e-06,-0.0014754217542578005,513.5829197913408
612,OOF,2,97,0.1358241169137926,0.0009545612478668154,0.0002951418638278227,0.27135309196375734,0.0005193806272217094,0.9991727275908668,0.0008272724091332418,0.0010574171642160149,1.277139646513881,-0.0007992956768250291,-4.5597080002675837e-07,-0.0005507177356994959,0.03858098445213391,-9.183905046633057e-06,-0.0013400527252888398,514.0327580831945
612,OOF,2,98,0.135160924705726,0.0009113937095293693,0.00028649290593384374,0.27003535650551813,0.0004891356644245147,0.999248772522017,0.0007512274779829073,0.0009586509032294558,1.2751540197933926,-0.000669157747273049,-4.1563148067384927e-07,-0.0005528541740778841,0.0375212577031878,-8.768576908373927e-06,-0.0012437516143833987,514.4760359162465
612,OOF,2,99,0.13454494267992342,0.0009388029002546549,0.0002783902997143213,0.2688114950601325,0.00046689931282055684,0.9992980045671672,0.0007019954328328377,0.0008945278655335254,1.2733699811266987,-0.0005108770661993149,-4.409850122278073e-07,-0.0006277468800401888,0.036459807261031756,-8.174868023095203e-06,-0.0012421822733721423,514.9191550412215
612,OOF,2,100,0.13392910972282532,0.0007621234016270176,0.0002707279991299372,0.2675874914465207,0.00042699714182964853,0.9994154158509013,0.0005845841490986994,0.0007431620562396879,1.270523014738805,-0.0004471230887435527,-2.9058591157162437e-07,-0.0004967908214780133,0.03543563636302633,-7.5772108648748864e-06,-0.0011889913452197047,515.3596604582854
