model,horizon,point,n,mae,rmse,crps,coverage80,width80,interval_score80,coverage90,width90,interval_score90,coverage95,width95,interval_score95
B_ANCHOR,1,ATU1,293,0.263492418851,0.445628476368,0.218767021582,0.795221843003,1.04301444598,1.56821512092,0.880546075085,1.33869454851,1.84930835226,0.928327645051,1.59515294151,2.03003900297
B_ANCHOR,1,ATU5,293,0.179388767044,0.312176165065,0.156583743798,0.839590443686,0.834601471718,1.2250840988,0.890784982935,1.07119939199,1.49422016294,0.914675767918,1.27641280304,1.70740358953
B_ANCHOR,1,MJ3,293,0.14087902717,0.197800543982,0.106987937665,0.815699658703,0.537951104155,0.686377940142,0.928327645051,0.690452767241,0.808894646334,0.976109215017,0.822725216788,0.963142132731
B_ANCHOR,1,MJ1,293,0.191548084228,0.366993955837,0.156866292842,0.887372013652,0.707388680854,1.22256834585,0.918088737201,0.907923542564,1.75101193039,0.931740614334,1.08185762854,2.52803055522
B_ANCHOR,2,ATU1,292,0.521373980555,0.881398467659,0.435315201514,0.794520547945,2.04607055712,3.15849913952,0.876712328767,2.62610312948,3.76986902543,0.91095890411,3.12919488345,4.21718416163
B_ANCHOR,2,ATU5,292,0.354483690142,0.618220117997,0.312189632289,0.849315068493,1.67144361487,2.46531341134,0.883561643836,2.14527465464,3.02869268208,0.917808219178,2.55625241732,3.49568591238
B_ANCHOR,2,MJ3,292,0.272148870389,0.376315348607,0.206367214038,0.825342465753,1.06776055752,1.31218303126,0.921232876712,1.37045583883,1.53242451976,0.979452054795,1.63299885321,1.74887162703
B_ANCHOR,2,MJ1,292,0.344485411278,0.600464066209,0.278568785103,0.859589041096,1.27199738441,2.13050450212,0.900684931507,1.63259096822,2.94719629395,0.928082191781,1.94535212542,4.07936490032
B_ANCHOR,3,ATU1,291,0.772793004538,1.30627008408,0.650212985904,0.776632302405,2.98929444355,4.81331635686,0.876288659794,3.83671788143,5.81347577175,0.910652920962,4.57173133416,6.69547801091
B_ANCHOR,3,ATU5,291,0.525602595179,0.917499060068,0.466352299928,0.852233676976,2.50310321144,3.7095169435,0.879725085911,3.21269819075,4.60737434216,0.914089347079,3.82816601058,5.35522633794
B_ANCHOR,3,MJ3,291,0.399067935531,0.547556487255,0.303119915284,0.824742268041,1.58946522303,1.90663893519,0.920962199313,2.04005652781,2.2002449705,0.986254295533,2.43087728624,2.4958200697
B_ANCHOR,3,MJ1,291,0.480393565812,0.773220763569,0.379807240523,0.862542955326,1.74980804138,2.83861119481,0.903780068729,2.24585430717,3.91343493157,0.917525773196,2.67610046538,5.30428314612
B_ANCHOR,4,ATU1,290,1.01601762034,1.71880258642,0.8539960602,0.78275862069,3.99471861542,6.32120277796,0.865517241379,5.12716583545,7.56285247639,0.913793103448,6.10939491247,8.64272437479
B_ANCHOR,4,ATU5,290,0.693184292167,1.20916642097,0.6214572945,0.855172413793,3.30953953623,5.02577324606,0.879310344828,4.24774800801,6.40981526299,0.910344827586,5.06150393852,7.55339362426
B_ANCHOR,4,MJ3,290,0.521290406869,0.715526058892,0.39801223523,0.831034482759,2.11845747813,2.49029254174,0.920689655172,2.71901073678,2.86882434281,0.993103448276,3.23990112576,3.26679690951
B_ANCHOR,4,MJ1,290,0.603274785643,0.917405057098,0.467518067409,0.851724137931,2.16930593302,3.40713208235,0.896551724138,2.78427402208,4.56839777597,0.91724137931,3.3176671267,6.00066127468
B_ANCHOR,5,ATU1,289,1.25099639313,2.11755371412,1.05436790868,0.785467128028,4.92841153777,7.85619028385,0.861591695502,6.32554772743,9.44939023642,0.916955017301,7.53735501147,10.8682520434
B_ANCHOR,5,ATU5,289,0.856625123041,1.49233378415,0.770628259673,0.858131487889,4.13418055471,6.26095823007,0.875432525952,5.30616329668,8.03315503736,0.903114186851,6.32268354288,9.44844518892
B_ANCHOR,5,MJ3,289,0.640119194237,0.881619991632,0.492680295994,0.844290657439,2.65884922292,3.10219712971,0.920415224913,3.41259603236,3.60981413785,1,4.06635898028,4.06635898028
B_ANCHOR,5,MJ1,289,0.709404672688,1.04485160701,0.543283253302,0.81660899654,2.57169438512,3.87284897723,0.903114186851,3.30073400907,5.06949984999,0.934256055363,3.93306715827,6.55020984549
B_ANCHOR,6,ATU1,288,1.47754881161,2.50007474326,1.24735535712,0.791666666667,5.84451167046,9.31863139368,0.857638888889,7.50134951833,11.2393205257,0.923611111111,8.93840926054,12.9703189395
B_ANCHOR,6,ATU5,288,1.01576975051,1.76563624511,0.920279416493,0.864583333333,4.93242461067,7.55520721453,0.878472222222,6.33069845073,9.86160148375,0.895833333333,7.54349247684,11.812192866
B_ANCHOR,6,MJ3,288,0.754492165665,1.04385581738,0.588044864421,0.84375,3.16440982274,3.7328331215,0.923611111111,4.06147603735,4.33695263434,0.989583333333,4.83954719548,4.84295549103
B_ANCHOR,6,MJ1,288,0.80639546573,1.14647526103,0.609348998944,0.788194444444,2.91118734114,4.2847256147,0.90625,3.7364685008,5.53637605299,0.9375,4.45227682935,7.07907319031
B_ANCHOR,7,ATU1,287,1.69729357028,2.86651912436,1.43616017134,0.794425087108,6.74887444301,10.8058834661,0.850174216028,8.66208657059,13.1529303427,0.926829268293,10.3215127663,15.2257074951
B_ANCHOR,7,ATU5,287,1.17072389778,2.02941892138,1.06571488009,0.867595818815,5.73606549286,8.81767306425,0.878048780488,7.36216035626,11.6091371277,0.88850174216,8.77255514427,14.1599900229
B_ANCHOR,7,MJ3,287,0.867470460156,1.20236793561,0.679550581524,0.850174216028,3.74491763146,4.36340710121,0.919860627178,4.80654974358,5.15327798628,0.97212543554,5.72735727541,5.78295502546
B_ANCHOR,7,MJ1,287,0.89323933951,1.23092510865,0.666292288206,0.780487804878,3.17333657179,4.65193003618,0.912891986063,4.07293339573,5.85020924936,0.940766550523,4.85319948003,7.3905151527
B_ANCHOR,8,ATU1,286,1.91032707561,3.21936520012,1.62134356166,0.800699300699,7.60234506126,12.3046040451,0.846153846154,9.75750424997,15.1774466803,0.93006993007,11.6267834387,17.6391437834
B_ANCHOR,8,ATU5,286,1.32147805391,2.28483770556,1.21332828077,0.867132867133,6.50970411712,10.1549539508,0.884615384615,8.35511478063,13.6122397213,0.895104895105,9.95573331779,17.2130815081
B_ANCHOR,8,MJ3,286,0.97575020313,1.35638746201,0.771257374634,0.86013986014,4.31291549896,5.01044579183,0.923076923077,5.53556711405,5.99757257966,0.961538461538,6.59603505125,6.74410510056
B_ANCHOR,8,MJ1,286,0.970719908233,1.31012833415,0.715159234798,0.811188811189,3.63900901223,5.00189092947,0.891608391608,4.67061750241,6.15745507917,0.958041958042,5.56538401977,7.448812248
B_ANCHOR,9,ATU1,285,2.11962099876,3.56686976752,1.8033138163,0.80350877193,8.45168740714,13.7970364005,0.845614035088,10.8476233491,17.2441158315,0.933333333333,12.9257404633,20.0734954983
B_ANCHOR,9,ATU5,285,1.46984905315,2.53488702116,1.35260187773,0.870175438596,7.32283038007,11.3616416607,0.880701754386,9.39875104058,15.2528150103,0.898245614035,11.1993026233,19.3852829666
B_ANCHOR,9,MJ3,285,1.08377787579,1.51007221978,0.863873101377,0.873684210526,4.89005397586,5.68802181675,0.919298245614,6.2763163297,6.88563162793,0.957894736842,7.47869218283,7.74701558405
B_ANCHOR,9,MJ1,285,1.04471336765,1.38665409343,0.767213378173,0.810526315789,3.94514922059,5.36756908538,0.891228070175,5.06354420596,6.54953971215,0.954385964912,6.03358506507,7.70633227874
B_ANCHOR,10,ATU1,284,2.32394275505,3.90928078428,1.98466844247,0.795774647887,9.2697995323,15.3116251044,0.845070422535,11.8976588939,19.4084928581,0.915492957746,14.176934987,23.0319826636
B_ANCHOR,10,ATU5,284,1.61618781223,2.77950350795,1.49552932634,0.866197183099,8.10105745615,12.6610508651,0.883802816901,10.3975946791,17.186118791,0.908450704225,12.3894982283,22.3874533456
B_ANCHOR,10,MJ3,284,1.19143285905,1.66370824982,0.956617882036,0.883802816901,5.48378006533,6.3748731834,0.915492957746,7.03835551559,7.76167308574,0.961267605634,8.38671787867,8.7235942683
B_ANCHOR,10,MJ1,284,1.11787179698,1.46016639149,0.818497262115,0.816901408451,4.34910492169,5.73412943578,0.880281690141,5.58201573527,6.90321175204,0.950704225352,6.65138199716,7.82912240663
B_ANCHOR,11,ATU1,283,2.52272632568,4.24608338893,2.1692032484,0.798586572438,10.0114157949,16.9278349851,0.848056537102,12.8495130621,21.8831537274,0.901060070671,15.3111391846,26.9016649497
B_ANCHOR,11,ATU5,283,1.75943889983,3.01839460932,1.63618307241,0.86925795053,8.88741430721,13.9452992427,0.886925795053,11.4068727708,19.0912608008,0.908127208481,13.5921272512,25.3886545338
B_ANCHOR,11,MJ3,283,1.30030849442,1.81738228164,1.05154774035,0.876325088339,6.08130563184,7.11668906296,0.911660777385,7.80527127746,8.7033136833,0.943462897527,9.30055437318,9.78348145052
B_ANCHOR,11,MJ1,283,1.18724995718,1.53214418309,0.873103920077,0.819787985866,4.7387900504,6.16970284282,0.872791519435,6.08217118322,7.31762841332,0.939929328622,7.24735397217,8.21292448539
B_ANCHOR,12,ATU1,282,2.71435167216,4.5766154145,2.35196751676,0.797872340426,10.773504898,18.5387078781,0.851063829787,13.8276438365,24.4695150652,0.890070921986,16.4766538898,31.0106316996
B_ANCHOR,12,ATU5,282,1.89925037273,3.25124849885,1.77887935149,0.86524822695,9.64752155482,15.2932136974,0.893617021277,12.3824598613,21.2044396035,0.90780141844,14.7546109699,28.9020853608
B_ANCHOR,12,MJ3,282,1.4100822626,1.97169534637,1.14805437611,0.875886524823,6.68826133429,7.88662269078,0.90780141844,8.58429048778,9.67079737473,0.936170212766,10.2288130161,10.9018230373
B_ANCHOR,12,MJ1,282,1.25651042975,1.60830971669,0.925566717935,0.829787234043,5.06348672151,6.52543466738,0.879432624113,6.49891484886,7.76608962485,0.939716312057,7.74393467823,8.6378046338
B_ANCHOR,13,ATU1,281,2.90089373471,4.89906928022,2.52087171706,0.807829181495,11.6392020022,19.9333213966,0.846975088968,14.9387540407,26.4850232017,0.893238434164,17.8006233588,33.6680052066
B_ANCHOR,13,ATU5,281,2.03481549461,3.47731528113,1.92327722617,0.868327402135,10.3999080659,16.6885480818,0.903914590747,13.3481374937,23.5254821108,0.907473309609,15.9052868411,32.8243915928
B_ANCHOR,13,MJ3,281,1.5198974863,2.12536898945,1.2441336316,0.868327402135,7.31550072527,8.64685873453,0.903914590747,9.38934353049,10.6164243154,0.935943060498,11.1880928836,11.991752484
B_ANCHOR,13,MJ1,281,1.32496868737,1.68244298287,0.979366632631,0.82206405694,5.46105977957,6.88254795462,0.879003558719,7.00919434452,8.20471270388,0.935943060498,8.35197020014,9.10099581169
B_ANCHOR,14,ATU1,280,3.08132778324,5.21328513664,2.69264993033,0.807142857143,12.3831303018,21.4246009735,0.846428571429,15.8935756762,28.7611963561,0.889285714286,18.9383635119,37.0346464372
B_ANCHOR,14,ATU5,280,2.16714340482,3.69647844535,2.05679589929,0.871428571429,11.2219291883,17.9056307349,0.903571428571,14.4031901822,25.3688580879,0.907142857143,17.1624596602,35.5316663688
B_ANCHOR,14,MJ3,280,1.62893640194,2.27867839377,1.34265568217,0.867857142857,7.89205294463,9.40571554567,0.903571428571,10.1293402927,11.5692083915,0.932142857143,12.0698534116,13.0970489516
B_ANCHOR,14,MJ1,280,1.3946833413,1.75669771601,1.03114386392,0.825,5.79465505438,7.22414543211,0.885714285714,7.43735924437,8.59626798522,0.932142857143,8.86216014617,9.6591901788
B_ANCHOR,15,ATU1,279,3.25570809504,5.51872084314,2.8593084049,0.813620071685,13.1820395185,22.8897842666,0.845878136201,16.9189645549,30.8925328054,0.885304659498,20.1601897214,40.063548246
B_ANCHOR,15,ATU5,279,2.29453687514,3.90849069167,2.18886825944,0.867383512545,12.0704070842,19.1100525166,0.903225806452,15.4921997718,27.1820770501,0.910394265233,18.4600946227,38.1759355661
B_ANCHOR,15,MJ3,279,1.73779792271,2.43179053505,1.44178093356,0.863799283154,8.52161046018,10.2241407965,0.899641577061,10.9373686161,12.5996061472,0.931899641577,13.0326785447,14.2962410631
B_ANCHOR,15,MJ1,279,1.46421163692,1.82911975114,1.08101328804,0.824372759857,6.12047698804,7.54164428626,0.89247311828,7.85554716885,9.09676299611,0.924731182796,9.36046179278,10.28220246
B_ANCHOR,16,ATU1,278,3.42264817049,5.81451008654,3.01900900785,0.812949640288,14.0255133055,24.2821985526,0.841726618705,18.0015514401,32.7997167036,0.884892086331,21.4501715596,42.5755449379
B_ANCHOR,16,ATU5,278,2.41645761296,4.11289923585,2.3210504645,0.870503597122,12.9412004023,20.3342448411,0.906474820144,16.6098508957,29.0623837794,0.910071942446,19.7918580783,40.9501242692
B_ANCHOR,16,MJ3,278,1.84573130963,2.58401763869,1.54021909186,0.86690647482,9.17318982175,11.0214415165,0.895683453237,11.7736616728,13.5973480995,0.924460431655,14.0291831849,15.4512865564
B_ANCHOR,16,MJ1,278,1.53288123001,1.89784042374,1.13033117967,0.845323741007,6.47248956019,7.8958715148,0.895683453237,8.30735041392,9.64373622933,0.920863309353,9.89881856443,10.909793688
B_ANCHOR,17,ATU1,277,3.5845782626,6.10027718355,3.18278224439,0.808664259928,14.8017147678,25.7699840465,0.84476534296,18.9977952316,34.9906563156,0.880866425993,22.6372692558,45.8814218953
B_ANCHOR,17,ATU5,277,2.5351511256,4.30943423992,2.44994923228,0.895306859206,13.8490131238,21.5375022816,0.906137184116,17.7750159094,30.8065855876,0.909747292419,21.1802378256,43.3836698445
B_ANCHOR,17,MJ3,277,1.95285550709,2.73524990323,1.64092507527,0.862815884477,9.81726347247,11.8546346078,0.891696750903,12.600321254,14.669343272,0.924187725632,15.014208831,16.7014474479
B_ANCHOR,17,MJ1,277,1.60300116237,1.96257214337,1.18130718166,0.85559566787,6.91635587856,8.36466373443,0.888086642599,8.87704666594,10.336054973,0.920577617329,10.5776535184,11.7894657546
B_ANCHOR,18,ATU1,276,3.74077853817,6.37593662664,3.3409037148,0.811594202899,15.6252716903,27.178624482,0.844202898551,20.0548190981,36.9631493124,0.880434782609,23.8967908784,48.6523121469
B_ANCHOR,18,ATU5,276,2.64763268554,4.49792151967,2.57836084403,0.902173913043,14.7800312837,22.7902825938,0.909420289855,18.969964781,32.5853269959,0.913043478261,22.6041072285,45.9018670655
B_ANCHOR,18,MJ3,276,2.05964013444,2.88564032739,1.7422500772,0.86231884058,10.4099595103,12.6369841066,0.891304347826,13.3610383829,15.6839414417,0.923913043478,15.9206591988,17.8708228471
B_ANCHOR,18,MJ1,276,1.66542557867,2.0211628251,1.2276656043,0.869565217391,7.26412525588,8.80247351337,0.891304347826,9.3234038294,10.9479551256,0.920289855072,11.1095208835,12.5429625126
B_ANCHOR,19,ATU1,275,3.88705450162,6.64076528371,3.49137469415,0.810909090909,16.5905817683,28.4857894125,0.84,21.2937811701,38.5771159825,0.883636363636,25.3731052442,50.5562791909
B_ANCHOR,19,ATU5,275,2.75436505866,4.67780155027,2.7036388402,0.901818181818,15.7469613065,24.0097902518,0.909090909091,20.2110060295,34.2569480257,0.912727272727,24.0828990861,48.0957432733
B_ANCHOR,19,MJ3,275,2.16636990808,3.03510846767,1.84446609051,0.858181818182,11.0632845049,13.4774527979,0.887272727273,14.1995719354,16.781232175,0.92,16.9198335544,19.1298306139
B_ANCHOR,19,MJ1,275,1.71707658909,2.07237630519,1.27220976902,0.872727272727,7.63349162851,9.2490551423,0.890909090909,9.79748043624,11.6141534458,0.92,11.6744180027,13.2979972734
B_ANCHOR,20,ATU1,274,4.02608404525,6.8939202568,3.64566624789,0.810218978102,17.5209045692,29.8703578716,0.843065693431,22.487837558,40.4241766476,0.890510948905,26.7959111873,53.0595085269
B_ANCHOR,20,ATU5,274,2.85672003968,4.84839051644,2.82713153324,0.905109489051,16.7462155609,25.2274820984,0.908759124088,21.4935349803,35.8812206639,0.916058394161,25.6111265899,50.1964585874
B_ANCHOR,20,MJ3,274,2.27286352163,3.18371037333,1.94527999966,0.861313868613,11.6834951486,14.2438534095,0.886861313869,14.9956036786,17.7628360101,0.916058394161,17.8683638805,20.2516172258
B_ANCHOR,20,MJ1,274,1.76381700251,2.11877814973,1.31483394279,0.872262773723,8.00436332494,9.71396826281,0.890510948905,10.2734891053,12.2804848344,0.908759124088,12.2416173159,14.0773255707
B_ANCHOR,21,ATU1,273,4.15731212795,7.13463205213,3.80104511028,0.805860805861,18.4473099934,31.2870124622,0.846153846154,23.6768660474,42.3820968721,0.893772893773,28.2127260196,55.8589045511
B_ANCHOR,21,ATU5,273,2.95320209724,5.00904406933,2.94960247585,0.904761904762,17.7777325054,26.4478452546,0.912087912088,22.8174726454,37.5137073841,0.915750915751,27.1886956203,52.2623415431
B_ANCHOR,21,MJ3,273,2.37834608322,3.33195357147,2.04843573014,0.857142857143,12.281503359,15.029673246,0.886446886447,15.7631389072,18.7816815162,0.912087912088,18.7829385152,21.4620083572
B_ANCHOR,21,MJ1,273,1.80988169107,2.17346214075,1.35901493224,0.875457875458,8.34287008054,10.1558173435,0.893772893773,10.7079578225,12.8695008087,0.904761904762,12.7593187236,14.838071469
B_ANCHOR,22,ATU1,272,4.27881593618,7.36229631054,3.94762362078,0.808823529412,19.4948534994,32.5788225366,0.845588235294,25.0213735815,43.9638829757,0.919117647059,29.8148055608,57.8105241896
B_ANCHOR,22,ATU5,272,3.04621196519,5.15931180844,3.06927613271,0.908088235294,18.8443762928,27.6434296825,0.911764705882,24.1864951253,39.0538870155,0.919117647059,28.8199865211,54.1015127167
B_ANCHOR,22,MJ3,272,2.4829294178,3.47971121254,2.15080356845,0.849264705882,12.9671611308,15.8711041667,0.882352941176,16.64317113,19.8319099443,0.911764705882,19.8315615863,22.7037547554
B_ANCHOR,22,MJ1,272,1.85660600389,2.23465464465,1.40833171008,0.860294117647,8.72507813375,10.632563365,0.893382352941,11.1985165479,13.477390908,0.908088235294,13.3438554985,15.6298887817
B_ANCHOR,23,ATU1,271,4.39250476366,7.57619972341,4.09500433689,0.80442804428,20.4850487063,33.9186405199,0.848708487085,26.2922753706,45.7608511484,0.918819188192,31.329178447,60.3966342812
B_ANCHOR,23,ATU5,271,3.13342064525,5.2986901151,3.18682536461,0.907749077491,19.9360573301,28.8303975255,0.915129151292,25.5876525675,40.5572772414,0.918819188192,30.4895685911,55.857269017
B_ANCHOR,23,MJ3,271,2.58685261879,3.62671602793,2.25461381751,0.837638376384,13.5044935436,16.6358636067,0.885608856089,17.3328298155,20.7615661603,0.907749077491,20.6533405963,23.8268569749
B_ANCHOR,23,MJ1,271,1.90232642934,2.29956264273,1.45562186752,0.852398523985,9.03433606094,11.059062223,0.90036900369,11.5954448002,13.9848281178,0.90405904059,13.8168246833,16.3234641925
B_ANCHOR,24,ATU1,270,4.50082615455,7.77571320869,4.23730240787,0.811111111111,21.4863041228,35.2093121269,0.851851851852,27.577372785,47.4795549866,0.922222222222,32.8604664641,62.8392999541
B_ANCHOR,24,ATU5,270,3.21684149369,5.42674455322,3.3014934736,0.911111111111,21.0514234597,29.9886849717,0.914814814815,27.0192094967,41.9976565788,0.922222222222,32.1953738841,57.4329876107
B_ANCHOR,24,MJ3,270,2.69023383737,3.77301390037,2.35939213348,0.833333333333,14.1072100578,17.4777871161,0.885185185185,18.1064080866,21.7572642639,0.907407407407,21.5751159603,25.0242568419
B_ANCHOR,24,MJ1,270,1.95207612775,2.36695666013,1.51047937971,0.844444444444,9.47741242331,11.5801146941,0.896296296296,12.1641271547,14.6309883843,0.907407407407,14.4944515037,17.1310696927
B_ANCHOR,25,ATU1,269,4.60216449311,7.95988770044,4.37408105798,0.810408921933,22.4936967754,36.4494239506,0.85873605948,28.8703472567,49.1167273244,0.921933085502,34.4011405739,65.1506159693
B_ANCHOR,25,ATU5,269,3.29535004341,5.54286509085,3.41364585219,0.910780669145,22.1851728987,31.1360828309,0.918215613383,28.4743611479,43.3883747009,0.921933085502,33.9292940224,58.9354806889
B_ANCHOR,25,MJ3,269,2.79283656264,3.91840442705,2.46301489351,0.828996282528,14.8064322427,18.3644401827,0.881040892193,19.003850045,22.8091294704,0.907063197026,22.6444840109,26.2498720144
B_ANCHOR,25,MJ1,269,2.00782601245,2.43670068827,1.56317752898,0.836431226766,9.82896176332,12.0749433922,0.899628252788,12.6153358478,15.1654414202,0.910780669145,15.032099823,17.7846914893
B_ANCHOR,26,ATU1,268,4.69857539699,8.12864689214,4.50572018366,0.813432835821,23.503141103,37.6437024577,0.861940298507,30.1659550247,50.7020897403,0.921641791045,35.9449524498,67.3758861686
B_ANCHOR,26,ATU5,268,3.36910084497,5.64714240362,3.52329885694,0.914179104478,23.334779013,32.259046702,0.917910447761,29.9498646216,44.7523427178,0.925373134328,35.687464853,60.331000417
B_ANCHOR,26,MJ3,268,2.89397613742,4.06261997182,2.56870950569,0.824626865672,15.4795817483,19.2910128802,0.876865671642,19.867828082,23.8771103035,0.90671641791,23.6739773398,27.4833778912
B_ANCHOR,26,MJ1,268,2.06367962964,2.50889934802,1.62337473728,0.835820895522,10.30974749,12.6593386881,0.891791044776,13.2324176473,15.8278198544,0.914179104478,15.7673981394,18.566290854
B_ANCHOR,27,ATU1,267,4.79042631617,8.28203587134,4.62669658762,0.816479400749,24.5951193505,38.7045929684,0.865168539326,31.567493932,51.8920977422,0.921348314607,37.6149890636,68.7121968614
B_ANCHOR,27,ATU5,267,3.43960141743,5.73978609754,3.6305100783,0.913857677903,24.498020524,33.3668627442,0.921348314607,31.4428689375,46.0673579373,0.925093632959,37.4664892233,61.6808571716
B_ANCHOR,27,MJ3,267,2.99456675031,4.20550106523,2.67442895059,0.823970037453,16.3228060457,20.3305194251,0.865168539326,20.9500947509,25.136829492,0.910112359551,24.9635776167,28.8657797599
B_ANCHOR,27,MJ1,267,2.11427458574,2.57882259268,1.68710465633,0.835205992509,10.815290859,13.3369206479,0.880149812734,13.8812755369,16.5924152627,0.913857677903,16.5405600024,19.3778835508
B_ANCHOR,28,ATU1,266,4.8779227094,8.42036695012,4.74884317657,0.81954887218,25.6039246095,39.8155101091,0.868421052632,32.8622814644,53.3620090274,0.921052631579,39.1578235685,70.7822903943
B_ANCHOR,28,ATU5,266,3.5052931914,5.82117871447,3.73540212896,0.917293233083,25.6732919854,34.4570798827,0.921052631579,32.9513135275,47.3622972944,0.928571428571,39.263911815,62.9385143635
B_ANCHOR,28,MJ3,266,3.09375974158,4.34716971033,2.78019464394,0.815789473684,16.93723871,21.2099696085,0.864661654135,21.7387105379,26.1979992144,0.90977443609,25.9032712859,29.9450748354
B_ANCHOR,28,MJ1,266,2.16686643511,2.64988070236,1.74332116152,0.830827067669,11.2053407062,13.9053004006,0.87969924812,14.3818990958,17.2675161432,0.913533834586,17.1370897661,20.0228227966
B_ANCHOR,29,ATU1,265,4.9603863408,8.54420116287,4.86664993511,0.818867924528,26.6110933359,40.889609913,0.875471698113,34.1549685299,54.7566661977,0.924528301887,40.6981552127,72.7982350717
B_ANCHOR,29,ATU5,265,3.56666606231,5.89187847577,3.83813861885,0.916981132075,26.8594253722,35.529236122,0.924528301887,34.4736992479,48.6156606123,0.928301886792,41.0779462881,64.1694179203
B_ANCHOR,29,MJ3,265,3.19209120327,4.48744590159,2.88696771035,0.815094339623,17.6178729108,22.1558961813,0.860377358491,22.612295077,27.3444495394,0.905660377358,26.9442114681,31.0692728088
B_ANCHOR,29,MJ1,265,2.21922410512,2.7201091335,1.80403669227,0.82641509434,11.6648388209,14.5262008644,0.871698113208,14.9716585412,18.0263512406,0.909433962264,17.8398314895,20.8739102121
B_ANCHOR,30,ATU1,264,5.03790774841,8.65474826029,4.98049086943,0.82196969697,27.6159505529,41.9221585517,0.878787878788,35.4446888053,56.1191689448,0.924242424242,42.2349517084,74.6873778687
B_ANCHOR,30,ATU5,264,3.62534802083,5.95279852017,3.93897941853,0.920454545455,28.0555412463,36.5919293771,0.924242424242,36.0088973521,49.8377505807,0.931818181818,42.9072476582,65.3306676293
B_ANCHOR,30,MJ3,264,3.28992608292,4.62704143423,2.99293385837,0.810606060606,18.3425570582,23.0819501878,0.856060606061,23.5424171105,28.4670581261,0.901515151515,28.0525202301,32.2221523614
B_ANCHOR,30,MJ1,264,2.27207283258,2.78926537397,1.85916437777,0.814393939394,12.0508250617,15.0833956014,0.871212121212,15.4670665179,18.7313287402,0.905303030303,18.4301465036,21.5764075256
B_RAW,1,ATU1,293,5.43179412741,8.06824598916,,,,,,,,,,
B_RAW,1,ATU5,293,8.10803306979,9.11500670998,,,,,,,,,,
B_RAW,1,MJ3,293,8.77905889907,13.0162739489,,,,,,,,,,
B_RAW,1,MJ1,293,5.28787090517,6.29716622306,,,,,,,,,,
B_RAW,2,ATU1,292,5.45024158374,8.0820492391,,,,,,,,,,
B_RAW,2,ATU5,292,8.1357073451,9.13060111991,,,,,,,,,,
B_RAW,2,MJ3,292,8.8086715612,13.0385407457,,,,,,,,,,
B_RAW,2,MJ1,292,5.30563222749,6.30793702567,,,,,,,,,,
B_RAW,3,ATU1,291,5.46869331611,8.0959226268,,,,,,,,,,
B_RAW,3,ATU5,291,8.16342896356,9.1462750961,,,,,,,,,,
B_RAW,3,MJ3,291,8.83805919594,13.0609158429,,,,,,,,,,
B_RAW,3,MJ1,291,5.32321451249,6.31875637747,,,,,,,,,,
B_RAW,4,ATU1,290,5.48712362078,8.10986583772,,,,,,,,,,
B_RAW,4,ATU5,290,8.19121913636,9.16202891864,,,,,,,,,,
B_RAW,4,MJ3,290,8.86723315563,13.0833964933,,,,,,,,,,
B_RAW,4,MJ1,290,5.34057985845,6.3296189315,,,,,,,,,,
B_RAW,5,ATU1,289,5.50551818982,8.12387839686,,,,,,,,,,
B_RAW,5,ATU5,289,8.21909420135,9.17786303911,,,,,,,,,,
B_RAW,5,MJ3,289,8.89619024345,13.105979758,,,,,,,,,,
B_RAW,5,MJ1,289,5.35774575079,6.34052104629,,,,,,,,,,
B_RAW,6,ATU1,288,5.52386819245,8.13795973774,,,,,,,,,,
B_RAW,6,ATU5,288,8.24706776037,9.19377802238,,,,,,,,,,
B_RAW,6,MJ3,288,8.92493061433,13.1286628156,,,,,,,,,,
B_RAW,6,MJ1,288,5.37472009719,6.35145919813,,,,,,,,,,
B_RAW,7,ATU1,287,5.54188997424,8.15209861808,,,,,,,,,,
B_RAW,7,ATU5,287,8.27538593454,9.20977841669,,,,,,,,,,
B_RAW,7,MJ3,287,8.95365549905,13.1514537479,,,,,,,,,,
B_RAW,7,MJ1,287,5.39085619171,6.3623634052,,,,,,,,,,
B_RAW,8,ATU1,286,5.55938599311,8.16627613144,,,,,,,,,,
B_RAW,8,ATU5,286,8.30425518943,9.22586531132,,,,,,,,,,
B_RAW,8,MJ3,286,8.98235994089,13.1743522457,,,,,,,,,,
B_RAW,8,MJ1,286,5.40625883776,6.37321019475,,,,,,,,,,
B_RAW,9,ATU1,285,5.57666875959,8.18050423856,,,,,,,,,,
B_RAW,9,ATU5,285,8.33326288157,9.24203660603,,,,,,,,,,
B_RAW,9,MJ3,285,9.01068162648,13.1973346581,,,,,,,,,,
B_RAW,9,MJ1,285,5.42219113911,6.3841756009,,,,,,,,,,
B_RAW,10,ATU1,284,5.59385058465,8.1947894996,,,,,,,,,,
B_RAW,10,ATU5,284,8.36236032284,9.25829257827,,,,,,,,,,
B_RAW,10,MJ3,284,9.03872279534,13.2204030063,,,,,,,,,,
B_RAW,10,MJ1,284,5.43825378918,6.39520167666,,,,,,,,,,
B_RAW,11,ATU1,283,5.61096846203,8.20913426151,,,,,,,,,,
B_RAW,11,ATU5,283,8.39159900452,9.27463409217,,,,,,,,,,
B_RAW,11,MJ3,283,9.06655253583,13.2435595993,,,,,,,,,,
B_RAW,11,MJ1,283,5.45420804501,6.40625560461,,,,,,,,,,
B_RAW,12,ATU1,282,5.6280399488,8.22353969482,,,,,,,,,,
B_RAW,12,ATU5,282,8.42101694778,9.29106217711,,,,,,,,,,
B_RAW,12,MJ3,282,9.09419952709,13.2668047184,,,,,,,,,,
B_RAW,12,MJ1,282,5.46997976364,6.41732422712,,,,,,,,,,
B_RAW,13,ATU1,281,5.64507828342,8.23800683134,,,,,,,,,,
B_RAW,13,ATU5,281,8.45064414675,9.30757788045,,,,,,,,,,
B_RAW,13,MJ3,281,9.12167966147,13.2901380422,,,,,,,,,,
B_RAW,13,MJ1,281,5.48554942829,6.42840099326,,,,,,,,,,
B_RAW,14,ATU1,280,5.66209605371,8.25253684176,,,,,,,,,,
B_RAW,14,ATU5,280,8.48050495617,9.32418220368,,,,,,,,,,
B_RAW,14,MJ3,280,9.14900660528,13.3135593934,,,,,,,,,,
B_RAW,14,MJ1,280,5.50091116421,6.43948114371,,,,,,,,,,
B_RAW,15,ATU1,279,5.67878015554,8.26709318517,,,,,,,,,,
B_RAW,15,ATU5,279,8.51034848712,9.34087270175,,,,,,,,,,
B_RAW,15,MJ3,279,9.17643208033,13.3370962348,,,,,,,,,,
B_RAW,15,MJ1,279,5.51528548407,6.45039393467,,,,,,,,,,
B_RAW,16,ATU1,278,5.69534771139,8.28169867691,,,,,,,,,,
B_RAW,16,ATU5,278,8.54028884134,9.3576510355,,,,,,,,,,
B_RAW,16,MJ3,278,9.20362894013,13.3607108751,,,,,,,,,,
B_RAW,16,MJ1,278,5.52987957392,6.46139315413,,,,,,,,,,
B_RAW,17,ATU1,277,5.71188883249,8.29636438583,,,,,,,,,,
B_RAW,17,ATU5,277,8.57039009275,9.37451900955,,,,,,,,,,
B_RAW,17,MJ3,277,9.23066239239,13.3844091322,,,,,,,,,,
B_RAW,17,MJ1,277,5.54448046384,6.4724304809,,,,,,,,,,
B_RAW,18,ATU1,276,5.72844166629,8.31109552372,,,,,,,,,,
B_RAW,18,ATU5,276,8.60069472916,9.39147826816,,,,,,,,,,
B_RAW,18,MJ3,276,9.25759091657,13.4081973574,,,,,,,,,,
B_RAW,18,MJ1,276,5.55892746225,6.48346785989,,,,,,,,,,
B_RAW,19,ATU1,275,5.74503093651,8.32589580414,,,,,,,,,,
B_RAW,19,ATU5,275,8.63123588836,9.40853031263,,,,,,,,,,
B_RAW,19,MJ3,275,9.2844471714,13.4320793656,,,,,,,,,,
B_RAW,19,MJ1,275,5.57316797597,6.49448979558,,,,,,,,,,
B_RAW,20,ATU1,274,5.76167868185,8.34076874473,,,,,,,,,,
B_RAW,20,ATU5,274,8.66204128815,9.42567649711,,,,,,,,,,
B_RAW,20,MJ3,274,9.31125547639,13.4560582932,,,,,,,,,,
B_RAW,20,MJ1,274,5.58718746994,6.5054890202,,,,,,,,,,
B_RAW,21,ATU1,273,5.77840691277,8.35571797664,,,,,,,,,,
B_RAW,21,ATU5,273,8.69313494847,9.44291802442,,,,,,,,,,
B_RAW,21,MJ3,273,9.33803911151,13.4801374733,,,,,,,,,,
B_RAW,21,MJ1,273,5.60098113777,6.51646048341,,,,,,,,,,
B_RAW,22,ATU1,272,5.79518831099,8.3707400889,,,,,,,,,,
B_RAW,22,ATU5,272,8.72449433717,9.46025521771,,,,,,,,,,
B_RAW,22,MJ3,272,9.36485679968,13.5043259143,,,,,,,,,,
B_RAW,22,MJ1,272,5.6144324084,6.52736601949,,,,,,,,,,
B_RAW,23,ATU1,271,5.8120743278,8.38584306733,,,,,,,,,,
B_RAW,23,ATU5,271,8.7561525213,9.47768939091,,,,,,,,,,
B_RAW,23,MJ3,271,9.39168180236,13.5286199842,,,,,,,,,,
B_RAW,23,MJ1,271,5.62771614767,6.53825291722,,,,,,,,,,
B_RAW,24,ATU1,270,5.82899678645,8.40101747703,,,,,,,,,,
B_RAW,24,ATU5,270,8.78804587816,9.49522034895,,,,,,,,,,
B_RAW,24,MJ3,270,9.41861421927,13.5530357815,,,,,,,,,,
B_RAW,24,MJ1,270,5.64056959621,6.5490337707,,,,,,,,,,
B_RAW,25,ATU1,269,5.84571707513,8.41622688238,,,,,,,,,,
B_RAW,25,ATU5,269,8.81995784405,9.51284497561,,,,,,,,,,
B_RAW,25,MJ3,269,9.44581568227,13.5775994085,,,,,,,,,,
B_RAW,25,MJ1,269,5.65255665314,6.55954153218,,,,,,,,,,
B_RAW,26,ATU1,268,5.86247806172,8.43150865939,,,,,,,,,,
B_RAW,26,ATU5,268,8.85201327432,9.53056602084,,,,,,,,,,
B_RAW,26,MJ3,268,9.4729854178,13.6022646852,,,,,,,,,,
B_RAW,26,MJ1,268,5.6647996787,6.57017138254,,,,,,,,,,
B_RAW,27,ATU1,267,5.87928258753,8.44686369787,,,,,,,,,,
B_RAW,27,ATU5,267,8.88420242657,9.54838383767,,,,,,,,,,
B_RAW,27,MJ3,267,9.50027518733,13.6270562452,,,,,,,,,,
B_RAW,27,MJ1,267,5.6768073251,6.58074345594,,,,,,,,,,
B_RAW,28,ATU1,266,5.89613607585,8.46229333618,,,,,,,,,,
B_RAW,28,ATU5,266,8.91651974632,9.56629881607,,,,,,,,,,
B_RAW,28,MJ3,266,9.5277175985,13.6519802354,,,,,,,,,,
B_RAW,28,MJ1,266,5.68853316018,6.59123627383,,,,,,,,,,
B_RAW,29,ATU1,265,5.91304970789,8.47779991047,,,,,,,,,,
B_RAW,29,ATU5,265,8.94896246122,9.58431138251,,,,,,,,,,
B_RAW,29,MJ3,265,9.55532895495,13.6770402412,,,,,,,,,,
B_RAW,29,MJ1,265,5.699986509,6.60164894364,,,,,,,,,,
B_RAW,30,ATU1,264,5.92992516574,8.49336720799,,,,,,,,,,
B_RAW,30,ATU5,264,8.98144174939,9.60241867835,,,,,,,,,,
B_RAW,30,MJ3,264,9.58320992738,13.7022534572,,,,,,,,,,
B_RAW,30,MJ1,264,5.71089654937,6.61186313743,,,,,,,,,,
B_TREND14,1,ATU1,293,0.151936322796,0.223004864219,0.136675885385,0.890784982935,0.907891946519,1.04810427892,0.952218430034,1.16526669801,1.26505817618,0.9795221843,1.38850091161,1.46609921804
B_TREND14,1,ATU5,293,0.0956449230091,0.14353219538,0.0865575967287,0.887372013652,0.578589534542,0.67780413774,0.928327645051,0.742611627963,0.808529255111,0.9795221843,0.884876332738,0.916579241581
B_TREND14,1,MJ3,293,0.0606263335804,0.116471934298,0.0532079693992,0.887372013652,0.272579992138,0.429444981065,0.914675767918,0.349852632353,0.590151779075,0.945392491468,0.416875123764,0.8086148848
B_TREND14,1,MJ1,293,0.161540084838,0.376509113453,0.148820633069,0.880546075085,0.648618970033,1.25558981928,0.911262798635,0.832493435342,1.85240105653,0.921501706485,0.991977112068,2.78546852841
B_TREND14,2,ATU1,292,0.30906039361,0.454117645033,0.280168989325,0.897260273973,1.8892731996,2.15694519494,0.948630136986,2.42485589984,2.62572623939,0.979452054795,2.88939401872,3.05043774437
B_TREND14,2,ATU5,292,0.197225118243,0.296318176114,0.179537807838,0.897260273973,1.20194071825,1.41396845945,0.924657534247,1.54267421066,1.70175108869,0.979452054795,1.83820970038,1.91264019051
B_TREND14,2,MJ3,292,0.116329119009,0.20466259031,0.0998726234294,0.866438356164,0.513732226849,0.786051621246,0.904109589041,0.659368174744,1.04910604907,0.931506849315,0.785685640275,1.37758034165
B_TREND14,2,MJ1,292,0.30244681331,0.634596004409,0.272836618551,0.852739726027,1.19723800378,2.2804134104,0.890410958904,1.53663834198,3.31432729163,0.900684931507,1.83101751925,4.82433788791
B_TREND14,3,ATU1,291,0.47054951674,0.691320415536,0.42927531465,0.883161512027,2.85935059394,3.32362967741,0.948453608247,3.66993675605,4.03035984202,0.975945017182,4.37299936575,4.69878469303
B_TREND14,3,ATU5,291,0.30173037395,0.457217121286,0.276867653034,0.876288659794,1.83628492996,2.18916522504,0.920962199313,2.35684619204,2.65421297478,0.965635738832,2.80835545352,2.97281312797
B_TREND14,3,MJ3,291,0.170143501058,0.282187211688,0.143910177109,0.872852233677,0.750530040413,1.11265450708,0.903780068729,0.963294878099,1.47523135401,0.917525773196,1.14783664433,1.87989933758
B_TREND14,3,MJ1,291,0.434049543914,0.840932152758,0.383968696569,0.848797250859,1.7102463472,3.18175240155,0.876288659794,2.19507742241,4.55909391238,0.886597938144,2.61559607536,6.48894023985
B_TREND14,4,ATU1,290,0.634375044908,0.932059392146,0.580306205749,0.879310344828,3.86384484894,4.47837197346,0.944827586207,4.95919117469,5.42532001547,0.979310344828,5.90924075892,6.33348271608
B_TREND14,4,ATU5,290,0.410137861186,0.624775547518,0.3779980266,0.868965517241,2.46948145702,3.02201258385,0.924137931034,3.16954513613,3.66026973667,0.955172413793,3.77674597448,4.13736120898
B_TREND14,4,MJ3,290,0.223135684726,0.356297837774,0.185440377882,0.848275862069,0.964904930699,1.40637706129,0.9,1.238442071,1.81313086831,0.924137931034,1.47569474653,2.25080133336
B_TREND14,4,MJ1,290,0.557550017985,1.02728222696,0.484935525008,0.851724137931,2.20656710261,3.95286300319,0.865517241379,2.8320982155,5.54516194187,0.889655172414,3.37465316798,7.65797359508
B_TREND14,5,ATU1,289,0.800605031182,1.17497676168,0.735271432788,0.889273356401,4.89727404062,5.7051626358,0.937716262976,6.28558318249,6.8493536082,0.9723183391,7.489734319,7.94687176334
B_TREND14,5,ATU5,289,0.520315576359,0.798052992863,0.482146475022,0.868512110727,3.15770292125,3.86613577149,0.910034602076,4.05286782249,4.66709994191,0.958477508651,4.82928987481,5.21653935484
B_TREND14,5,MJ3,289,0.274758032055,0.429510097436,0.225858035039,0.847750865052,1.18478769382,1.67487906689,0.899653979239,1.52065854214,2.13306823514,0.934256055363,1.81197641331,2.63662352001
B_TREND14,5,MJ1,289,0.669103717085,1.20573301779,0.571651509641,0.844290657439,2.57025375708,4.55889492188,0.871972318339,3.29888498301,6.39340087633,0.885813148789,3.93086390782,8.9371873273
B_TREND14,6,ATU1,288,0.966287949678,1.41914317114,0.890610676734,0.892361111111,5.964121797,6.89989740188,0.930555555556,7.65486745374,8.23563359273,0.979166666667,9.12133716334,9.49063206379
B_TREND14,6,ATU5,288,0.631794676428,0.976344754668,0.588746037807,0.878472222222,3.84784509222,4.75317540907,0.902777777778,4.93865570926,5.74459923754,0.951388888889,5.88477124261,6.33169888227
B_TREND14,6,MJ3,288,0.32512611607,0.498457772069,0.26561087522,0.84375,1.42134761722,1.93619947166,0.899305555556,1.82427991679,2.43202728653,0.947916666667,2.17376359576,2.99729081565
B_TREND14,6,MJ1,288,0.769972181631,1.36324922206,0.648527822012,0.847222222222,2.90789764704,5.06129803867,0.871527777778,3.73224622413,7.16180637792,0.881944444444,4.44724567638,9.98650943698
B_TREND14,7,ATU1,287,1.12906105802,1.66547040919,1.04918204735,0.867595818815,7.01959793643,8.19650767792,0.923344947735,9.00955641263,9.65204651466,0.982578397213,10.7355486203,10.9599071021
B_TREND14,7,ATU5,287,0.744155400072,1.15998168254,0.69835481562,0.87456445993,4.54213139342,5.67433612136,0.898954703833,5.8297625296,6.92696337552,0.926829268293,6.94659051067,7.59561932194
B_TREND14,7,MJ3,287,0.375512697345,0.562867156151,0.305294075168,0.84668989547,1.64376231988,2.21368194405,0.905923344948,2.10974609714,2.77444325477,0.94425087108,2.51391752991,3.38160299846
B_TREND14,7,MJ1,287,0.858629914618,1.49964598901,0.713601963296,0.83275261324,3.16231259861,5.50935796772,0.871080139373,4.05878427933,7.74534511907,0.881533101045,4.83633976796,10.7168485031
B_TREND14,8,ATU1,286,1.29081663581,1.91744524417,1.21261333407,0.867132867133,8.07346076478,9.55587179672,0.912587412587,10.3621747092,11.2246923878,0.982517482517,12.3472927309,12.4694906014
B_TREND14,8,ATU5,286,0.857737155597,1.35019246147,0.811633098194,0.870629370629,5.2211794109,6.65342788369,0.898601398601,6.70131122451,8.21049165179,0.933566433566,7.98510483488,9.25409044169
B_TREND14,8,MJ3,286,0.424235230501,0.623986143115,0.344024479573,0.839160839161,1.85257827799,2.51594152571,0.909090909091,2.37775847784,3.18401951989,0.940559440559,2.833273979,3.92406225926
B_TREND14,8,MJ1,286,0.926740831015,1.62312460123,0.768208056578,0.828671328671,3.32093426533,5.94808048358,0.877622377622,4.26237298447,8.3873630696,0.891608391608,5.07893067283,11.7851819469
B_TREND14,9,ATU1,285,1.46194935159,2.18185263446,1.38272935732,0.870175438596,9.12027506293,10.9889909768,0.901754385965,11.7057463151,13.1311883375,0.957894736842,13.9482570448,14.2834348413
B_TREND14,9,ATU5,285,0.976253410474,1.54901994361,0.928695255508,0.870175438596,5.90032859938,7.66090659007,0.898245614035,7.57298977101,9.565164204,0.929824561404,9.02377388679,11.0952612297
B_TREND14,9,MJ3,285,0.474837818107,0.686546003311,0.384745722595,0.849122807018,2.10367615574,2.84127770855,0.908771929825,2.70003911487,3.59148499311,0.936842105263,3.21729504394,4.40786840934
B_TREND14,9,MJ1,285,1.00172509723,1.74147498452,0.826930852702,0.817543859649,3.54102937607,6.40172006037,0.873684210526,4.54486200085,8.99654234706,0.887719298246,5.41553709729,12.6899988475
B_TREND14,10,ATU1,284,1.63952914025,2.45994918153,1.55467367738,0.87323943662,10.1310519103,12.3859104834,0.901408450704,13.0030643539,15.0623790814,0.94014084507,15.494106834,16.398785616
B_TREND14,10,ATU5,284,1.09988885235,1.75688673823,1.05140740222,0.869718309859,6.54731805771,8.73871954076,0.901408450704,8.40339175072,11.1867299342,0.926056338028,10.0132588758,13.4675193376
B_TREND14,10,MJ3,284,0.526168309722,0.750944591863,0.427504572554,0.852112676056,2.39919089015,3.17985263591,0.897887323944,3.07932817025,4.00628664343,0.929577464789,3.66924582916,4.79479056715
B_TREND14,10,MJ1,284,1.07544525775,1.85504749652,0.88711276397,0.816901408451,3.78357122987,6.91193106957,0.866197183099,4.85616110003,9.63442534582,0.887323943662,5.7864728528,13.5169538417
B_TREND14,11,ATU1,283,1.82800176867,2.75239384781,1.73189464536,0.876325088339,11.1168942055,13.855129396,0.901060070671,14.2683792412,17.0527081907,0.929328621908,17.0018225161,19.0937284303
B_TREND14,11,ATU5,283,1.22702336785,1.97409514543,1.17427317805,0.86925795053,7.23245907272,9.77757553187,0.897526501767,9.28276072331,12.6701616074,0.925795053004,11.0610916356,15.5717092035
B_TREND14,11,MJ3,283,0.578583774869,0.817648862855,0.472052425333,0.851590106007,2.66203917208,3.53772760472,0.897526501767,3.41669028778,4.42051607641,0.922261484099,4.07123758652,5.22461049127
B_TREND14,11,MJ1,283,1.15103437259,1.96570292415,0.950430868956,0.816254416961,4.11251968958,7.40835880076,0.855123674912,5.27836187726,10.2418336688,0.893992932862,6.28955610839,14.212891907
B_TREND14,12,ATU1,282,2.02369375807,3.05959509358,1.91800950441,0.875886524823,12.0293590588,15.444256243,0.900709219858,15.4395152016,19.3489281322,0.925531914894,18.3973170853,22.5671315837
B_TREND14,12,ATU5,282,1.35739540922,2.20087040105,1.30477480873,0.875886524823,7.85088743066,10.9386026157,0.904255319149,10.0765049275,14.4748500116,0.921985815603,12.0068961909,18.4237590465
B_TREND14,12,MJ3,282,0.633424264861,0.888467880493,0.519179222697,0.847517730496,2.97772829016,3.91336775613,0.890070921986,3.82187288427,4.84023579361,0.914893617021,4.55404242901,5.57894707413
B_TREND14,12,MJ1,282,1.23456927956,2.08233227904,1.02229518703,0.81914893617,4.4222417811,7.96863931865,0.843971631206,5.67588587808,10.9749502489,0.897163120567,6.76323517127,15.1469101663
B_TREND14,13,ATU1,281,2.22366581275,3.38128431664,2.10618120777,0.868327402135,12.9782024472,17.0089349187,0.900355871886,16.6573425062,21.5519427615,0.925266903915,19.8484478225,25.7135874375
B_TREND14,13,ATU5,281,1.49539980736,2.43717225078,1.43832117724,0.871886120996,8.4953499758,12.1216954614,0.907473309609,10.9036636493,16.2831386806,0.921708185053,12.9925165996,21.2347635496
B_TREND14,13,MJ3,281,0.688792681375,0.962062230544,0.566876977004,0.843416370107,3.29740388061,4.28362695927,0.889679715302,4.23217206265,5.22802144129,0.925266903915,5.04294405487,6.00136932027
B_TREND14,13,MJ1,281,1.3228912781,2.19933334193,1.095023863,0.800711743772,4.62922975296,8.54783520473,0.843416370107,5.94155206382,11.8216499044,0.896797153025,7.07979595664,16.2906842641
B_TREND14,14,ATU1,280,2.42727050611,3.7175628831,2.30318450591,0.853571428571,13.8751477234,18.6687530806,0.903571428571,17.8085593049,24.006176075,0.921428571429,21.2202072466,29.4165625705
B_TREND14,14,ATU5,280,1.63975930022,2.68308497256,1.57446666156,0.875,9.19544808183,13.300177362,0.903571428571,11.8022298404,18.0360189066,0.917857142857,14.0632242562,23.8286185746
B_TREND14,14,MJ3,280,0.745443320738,1.03844726546,0.617188549674,0.842857142857,3.61988898048,4.68220358049,0.885714285714,4.64607720734,5.68635953324,0.932142857143,5.5361424546,6.62605113369
B_TREND14,14,MJ1,280,1.41138325552,2.31648424505,1.16467390391,0.782142857143,4.77905525288,9.08920444704,0.846428571429,6.13385101111,12.604038317,0.871428571429,7.30893428528,17.4195300769
B_TREND14,15,ATU1,279,2.64181166783,4.0683614803,2.50467385208,0.849462365591,14.8135776647,20.3224691331,0.903225806452,19.0130210949,26.3678894401,0.921146953405,22.6554119908,32.8750623658
B_TREND14,15,ATU5,279,1.78805259362,2.93854063111,1.72007207586,0.867383512545,9.8873729426,14.5880457311,0.906810035842,12.6903057847,20.0487995724,0.917562724014,15.1214320127,26.9737878699
B_TREND14,15,MJ3,279,0.801930209939,1.1175933015,0.667789904962,0.838709677419,3.91467851822,5.08080917057,0.888888888889,5.02443548287,6.23038177313,0.928315412186,5.98698414723,7.30621558486
B_TREND14,15,MJ1,279,1.49940072328,2.43340326714,1.23454640065,0.774193548387,5.04752044146,9.62911937557,0.84229390681,6.47842235027,13.334802509,0.878136200717,7.71951636006,18.4251006149
B_TREND14,16,ATU1,278,2.86261185685,4.43348827915,2.71396898735,0.845323741007,15.7622785984,22.015088192,0.902877697842,20.2306655609,28.7861204195,0.920863309353,24.1063248625,36.443954676
B_TREND14,16,ATU5,278,1.93813318249,3.20328336162,1.87262634121,0.874100719424,10.6147647854,15.9569033845,0.906474820144,13.6239031077,22.161785049,0.910071942446,16.2338818376,30.2770070637
B_TREND14,16,MJ3,278,0.859504799022,1.19856717424,0.719411704218,0.841726618705,4.26632587615,5.49867343795,0.888489208633,5.47576998056,6.79272181264,0.924460431655,6.52478237192,8.03299383988
B_TREND14,16,MJ1,278,1.58170121024,2.54543484427,1.30084763292,0.773381294964,5.29279310708,10.1267223934,0.841726618705,6.79322640847,13.9907227208,0.884892086331,8.09462853185,19.4463460641
B_TREND14,17,ATU1,277,3.09074841484,4.81300618823,2.93204858675,0.833935018051,16.7305949681,23.7545422327,0.902527075812,21.4734861664,31.2519188295,0.916967509025,25.5872369548,40.1051632261
B_TREND14,17,ATU5,277,2.09298761822,3.47713853436,2.02943691023,0.870036101083,11.4019329152,17.3506209926,0.906137184116,14.6342224645,24.2450533571,0.909747292419,17.4377516043,33.3975445213
B_TREND14,17,MJ3,277,0.916581068187,1.28155436728,0.773121514505,0.848375451264,4.6440658711,5.94382142118,0.884476534296,5.9605940153,7.39281506593,0.931407942238,7.10248584131,8.78653655399
B_TREND14,17,MJ1,277,1.6645237025,2.65307287416,1.36704103057,0.779783393502,5.50071331518,10.5932130111,0.84476534296,7.06008910648,14.8003957033,0.884476534296,8.41261504951,20.8288788722
B_TREND14,18,ATU1,276,3.32491703927,5.20658541508,3.16609392584,0.829710144928,17.6503352441,25.6867948868,0.905797101449,22.6539600307,34.1288476009,0.916666666667,26.9938583226,44.7925499168
B_TREND14,18,ATU5,276,2.25071983986,3.75955612338,2.19138233146,0.869565217391,12.236221638,18.7978568258,0.902173913043,15.7050204475,26.3581536691,0.909420289855,18.713686099,36.4927602821
B_TREND14,18,MJ3,276,0.973964161234,1.36591608751,0.826712221526,0.86231884058,5.05150847769,6.42417261968,0.898550724638,6.48354093936,8.00599208738,0.927536231884,7.72561553516,9.54031851225
B_TREND14,18,MJ1,276,1.74413341631,2.75146321262,1.42529908629,0.775362318841,5.60859982888,10.98816813,0.851449275362,7.1985599477,15.4653094998,0.884057971014,8.57761323371,21.9950632872
B_TREND14,19,ATU1,275,3.55886818037,5.6133138022,3.4086206517,0.821818181818,18.6394662749,27.696242929,0.905454545455,23.9234959646,37.0405890187,0.916363636364,28.506603692,49.1954361961
B_TREND14,19,ATU5,275,2.40921193955,4.04949935106,2.36055796819,0.869090909091,13.1002220185,20.3404966349,0.901818181818,16.8139529304,28.64242495,0.909090909091,20.0350606531,39.8370143973
B_TREND14,19,MJ3,275,1.03042807536,1.45086966816,0.882664616905,0.861818181818,5.42828240076,6.93698806726,0.898181818182,6.96712503426,8.66564093748,0.923636363636,8.3018415251,10.344937946
B_TREND14,19,MJ1,275,1.80281622206,2.8337508652,1.47466733389,0.778181818182,5.86240061111,11.3545575315,0.850909090909,7.52430972508,16.0420883881,0.876363636364,8.96576803434,22.845073743
B_TREND14,20,ATU1,274,3.79500647372,6.03169894281,3.65678561722,0.806569343066,19.7313790689,29.7219492721,0.901459854015,25.3249508633,39.8838505541,0.912408759124,30.1765402034,53.1534369667
B_TREND14,20,ATU5,274,2.56800533732,4.34542856165,2.53484066737,0.861313868613,14.0093795954,21.9737405731,0.897810218978,17.9808440475,31.0232935526,0.905109489051,21.4254971793,43.3133004922
B_TREND14,20,MJ3,274,1.09456745829,1.53715531915,0.93989835629,0.857664233577,5.81793756998,7.46368923584,0.897810218978,7.46724202961,9.3435958687,0.919708029197,8.89776768101,11.1756796337
B_TREND14,20,MJ1,274,1.85157501173,2.90173816102,1.51636031135,0.773722627737,6.10202085989,11.6726497656,0.846715328467,7.83185898482,16.3594164304,0.875912408759,9.33223558055,23.0760979607
B_TREND14,21,ATU1,273,4.03478919218,6.45929515391,3.91334247542,0.794871794872,20.8907563265,31.8602243822,0.901098901099,26.8129954637,42.8455339342,0.904761904762,31.9496547081,57.3381013342
B_TREND14,21,ATU5,273,2.7260854207,4.64516112676,2.71288292099,0.864468864469,14.9687579639,23.6895854588,0.897435897436,19.2121928526,33.4794101945,0.901098901099,22.8927397783,46.9248464281
B_TREND14,21,MJ3,273,1.16453561441,1.62842022305,1.00094037718,0.857142857143,6.25706039336,8.01185695573,0.893772893773,8.03085007173,10.0673371312,0.919413919414,9.5693480854,12.0732185097
B_TREND14,21,MJ1,273,1.89647300738,2.98095806141,1.56226846989,0.765567765568,6.32185830845,12.065060001,0.846153846154,8.11401729536,16.7984796941,0.871794871795,9.66844794471,23.5233705759
B_TREND14,22,ATU1,272,4.28301604475,6.893434419,4.17558024292,0.794117647059,22.1066618933,34.0975135898,0.900735294118,28.3735933634,45.885016479,0.904411764706,33.8092218012,61.7252228492
B_TREND14,22,ATU5,272,2.88230563409,4.94662691905,2.88408878761,0.863970588235,16.0191063063,25.2803397322,0.889705882353,20.5603003554,35.5623240978,0.900735294118,24.4991089466,49.5164502534
B_TREND14,22,MJ3,272,1.23700472234,1.72404321418,1.06435274879,0.856617647059,6.68949320918,8.55975251078,0.897058823529,8.58587158209,10.785004686,0.915441176471,10.2306970061,12.9486194044
B_TREND14,22,MJ1,272,1.95760455918,3.06980565926,1.61545875204,0.761029411765,6.65477607112,12.4616616798,0.841911764706,8.54131261779,17.1478533434,0.875,10.1776017253,23.7079238343
B_TREND14,23,ATU1,271,4.538198326,7.3308651147,4.43366921464,0.785977859779,23.4013841085,36.2563997644,0.89667896679,30.0353513362,48.6551220928,0.90405904059,35.7893285563,65.3256307787
B_TREND14,23,ATU5,271,3.03682918512,5.2474273067,3.05883709306,0.867158671587,17.0909269201,26.9147400511,0.885608856089,21.9359672199,37.8349018824,0.90036900369,26.1383171199,52.4874617771
B_TREND14,23,MJ3,271,1.31080982411,1.8228081855,1.13124815684,0.852398523985,7.16696094774,9.12725444092,0.892988929889,9.19869479001,11.56159662,0.915129151292,10.9609208976,13.9086068303
B_TREND14,23,MJ1,271,2.03713508895,3.16321901982,1.67559271074,0.760147601476,6.98525414476,12.8718242664,0.837638376384,8.96547663325,17.4667367156,0.878228782288,10.6830243235,23.7042973015
B_TREND14,24,ATU1,270,4.79278956617,7.76833847117,4.68382449165,0.788888888889,24.7745707683,38.2267286327,0.885185185185,31.7978173334,51.0863395953,0.903703703704,37.8894363238,67.8305240593
B_TREND14,24,ATU5,270,3.18847137426,5.54511735471,3.23361807986,0.862962962963,18.1954253256,28.5532265483,0.885185185185,23.3535755762,40.121024106,0.903703703704,27.8275016631,55.5279764691
B_TREND14,24,MJ3,270,1.38750480086,1.92416495912,1.19925985004,0.851851851852,7.62346907635,9.69619647957,0.896296296296,9.78461662981,12.3269773805,0.911111111111,11.6590898319,14.8503845429
B_TREND14,24,MJ1,270,2.11659497567,3.26055239747,1.73409311607,0.766666666667,7.46514978185,13.2224688172,0.822222222222,9.5814160152,17.5468659679,0.881481481481,11.4169613654,22.7178077793
B_TREND14,25,ATU1,269,5.04262324388,8.20254677688,4.94087275396,0.769516728625,26.1442805701,40.3273235308,0.884758364312,33.5558208315,53.92559253,0.903345724907,39.9842266958,71.3057068915
B_TREND14,25,ATU5,269,3.34249211044,5.83714201006,3.41149538969,0.869888475836,19.308578103,30.251807415,0.888475836431,24.7822916985,42.5524723925,0.903345724907,29.5299219259,58.9630049696
B_TREND14,25,MJ3,269,1.46367029507,2.02716726185,1.2690749712,0.851301115242,8.09575509446,10.2768890354,0.895910780669,10.3907891715,13.1092983349,0.910780669145,12.3813889658,15.8023489138
B_TREND14,25,MJ1,269,2.19347469386,3.36038624039,1.79800024561,0.758364312268,7.832837884,13.6999567846,0.817843866171,10.0533385852,17.9268369226,0.877323420074,11.9792917914,22.6135397431
B_TREND14,26,ATU1,268,5.29117336064,8.63204116893,5.19612817411,0.768656716418,27.5487269823,42.3883567509,0.884328358209,35.3584082865,56.6087685383,0.90671641791,42.1321421291,74.6034029088
B_TREND14,26,ATU5,268,3.49581489943,6.12234943249,3.58207110006,0.873134328358,20.4746058292,31.8094557244,0.884328358209,26.2788720829,44.5989983412,0.90671641791,31.3132074446,61.5762723087
B_TREND14,26,MJ3,268,1.54111359838,2.13130923607,1.34217939958,0.850746268657,8.63604387982,10.8908101663,0.891791044776,11.0842423201,13.9580187106,0.910447761194,13.2076893575,16.8411495983
B_TREND14,26,MJ1,268,2.26466516491,3.45888036326,1.86061367217,0.757462686567,8.17959288447,14.2368818748,0.817164179104,10.4983938101,18.3990854047,0.891791044776,12.509607801,23.0368105657
B_TREND14,27,ATU1,267,5.53825526866,9.05470135594,5.45625557442,0.767790262172,28.9518805702,44.533360537,0.887640449438,37.1593364194,59.5136571776,0.906367041199,44.2780803581,78.6387177962
B_TREND14,27,ATU5,267,3.64567043642,6.39883582887,3.76004450123,0.868913857678,21.6197939414,33.5082684685,0.89138576779,27.7487051123,47.0969891256,0.910112359551,33.0646215241,65.2939636313
B_TREND14,27,MJ3,267,1.61764673458,2.23493104174,1.41410589232,0.85393258427,9.13235802013,11.4978106116,0.89138576779,11.7212546228,14.7679117836,0.910112359551,13.9667363332,17.8043949088
B_TREND14,27,MJ1,267,2.3250832284,3.54346451578,1.91248864959,0.76404494382,8.62428259462,14.5449357183,0.816479400749,11.069146874,18.4850130274,0.89138576779,13.189702024,22.5923720915
B_TREND14,28,ATU1,266,5.78648780464,9.46844975358,5.70812625055,0.763157894737,30.4100590594,46.4970658962,0.883458646617,39.0308882486,61.9961204211,0.90977443609,46.5081719118,81.6332076533
B_TREND14,28,ATU5,266,3.79081100695,6.66469258643,3.92605368268,0.872180451128,22.8276020449,34.9975995575,0.890977443609,29.2989100304,48.9980656755,0.913533834586,34.9118046158,67.6022166908
B_TREND14,28,MJ3,266,1.69171656237,2.33894973026,1.48684676713,0.857142857143,9.63564245263,12.1116881219,0.890977443609,12.3672131987,15.5812270684,0.906015037594,14.7364434509,18.7742857314
B_TREND14,28,MJ1,266,2.38910192321,3.61928553459,1.96056128265,0.763157894737,9.11621094949,14.7757543332,0.812030075188,11.700530082,18.2381411673,0.898496240602,13.9420415197,21.6423136767
B_TREND14,29,ATU1,265,6.03215018823,9.86969019703,5.95746645821,0.762264150943,31.888450579,48.4232207994,0.883018867925,40.9283832215,64.4100759327,0.91320754717,48.7691766278,84.4753019254
B_TREND14,29,ATU5,265,3.93345199626,6.91727453476,4.09403072891,0.871698113208,24.0281946072,36.5299291384,0.894339622642,30.8398539017,51.0731614574,0.91320754717,36.7479524897,70.5151090731
B_TREND14,29,MJ3,265,1.76724205207,2.44429457639,1.5594146922,0.856603773585,10.1021235451,12.7202408406,0.894339622642,12.965935199,16.345657246,0.905660377358,15.4498647171,19.6935180197
B_TREND14,29,MJ1,265,2.47008074311,3.70956900444,2.0213368221,0.758490566038,9.50380163753,15.1399402559,0.82641509434,12.1979973445,18.531788496,0.894339622642,14.5348103241,21.7703307263
B_TREND14,30,ATU1,264,6.27542326378,10.263988302,6.20386441631,0.765151515152,33.3980568981,50.2875309912,0.882575757576,42.8659419558,66.6147231672,0.916666666667,51.07792026,86.9377896405
B_TREND14,30,ATU5,264,4.07178306049,7.16029999117,4.26002703776,0.875,25.2437856776,38.0262660005,0.893939393939,32.4000481496,53.0813295755,0.916666666667,38.6070386021,73.3500605664
B_TREND14,30,MJ3,264,1.84424028986,2.55216764915,1.63755753217,0.867424242424,10.6816093371,13.4016646188,0.890151515152,13.709697161,17.2353063194,0.905303030303,16.3361117574,20.7794162598
B_TREND14,30,MJ1,264,2.55974347092,3.80821048959,2.08898057363,0.757575757576,9.92189855733,15.5144084233,0.829545454545,12.7346189315,18.8849283076,0.897727272727,15.1742343839,21.9871700737
C8_ONLINE_DATA,1,ATU1,293,0.000506484664999,0.000875884626642,0.0032590612733,1,0.035573690194,0.035573690194,1,0.0456583370602,0.0456583370602,1,0.0544052642531,0.0544052642531
C8_ONLINE_DATA,1,ATU5,293,0.000307340768244,0.000583280959847,0.00289457333795,1,0.0316523820449,0.0316523820449,1,0.0406253925382,0.0406253925382,1,0.0484081409604,0.0484081409604
C8_ONLINE_DATA,1,MJ3,293,9.39199831995e-05,0.00014988625548,0.00234522353043,1,0.0257119658191,0.0257119658191,1,0.033000950856,0.033000950856,1,0.0393230583399,0.0393230583399
C8_ONLINE_DATA,1,MJ1,293,8.46687495209e-05,0.00013660326044,0.00233795475465,1,0.0256338898879,0.0256338898879,1,0.0329007414828,0.0329007414828,1,0.039203651507,0.039203651507
C8_ONLINE_DATA,2,ATU1,292,0.00190872785974,0.00329945665568,0.00533901576022,1,0.0571983714153,0.0571983714153,1,0.0734133149283,0.0734133149283,1,0.0874773602268,0.0874773602268
C8_ONLINE_DATA,2,ATU5,292,0.00117874260421,0.00221176591596,0.00403478268451,1,0.0434524981749,0.0434524981749,1,0.055770677626,0.055770677626,1,0.0664548612407,0.0664548612407
C8_ONLINE_DATA,2,MJ3,292,0.000355091616518,0.000562766089809,0.00265086305803,1,0.0289542073815,0.0289542073815,1,0.0371623228496,0.0371623228496,1,0.0442816389091,0.0442816389091
C8_ONLINE_DATA,2,MJ1,292,0.000319831874288,0.000512688615388,0.00235049495063,1,0.0256647865436,0.0256647865436,1,0.0329403969111,0.0329403969111,1,0.0392509038642,0.0392509038642
C8_ONLINE_DATA,3,ATU1,291,0.00463314590306,0.00799476186803,0.00793399735396,1,0.0814000492486,0.0814000492486,1,0.10447583214,0.10447583214,1,0.124490632415,0.124490632415
C8_ONLINE_DATA,3,ATU5,291,0.00289253845145,0.00539507536609,0.00559681916844,1,0.0580162745305,0.0580162745305,1,0.0744630822117,0.0744630822117,1,0.0887282350973,0.0887282350973
C8_ONLINE_DATA,3,MJ3,291,0.000872365063339,0.00136014781079,0.00315888557999,1,0.0340397050073,0.0340397050073,1,0.0436894883883,0.0436894883883,1,0.0520592363606,0.0520592363606
C8_ONLINE_DATA,3,MJ1,291,0.000783529072179,0.00123869436359,0.00242354210053,1,0.0259159645757,0.0259159645757,1,0.0332627804252,0.0332627804252,1,0.0396350475147,0.0396350475147
C8_ONLINE_DATA,4,ATU1,290,0.00917315328551,0.0157184615544,0.0113709489132,0.996551724138,0.10841116507,0.108447648176,1,0.139144223971,0.139144223971,1,0.165800569225,0.165800569225
C8_ONLINE_DATA,4,ATU5,290,0.00578187506564,0.0106767571924,0.00778856541951,1,0.0753658492371,0.0753658492371,1,0.0967310202717,0.0967310202717,1,0.115262119871,0.115262119871
C8_ONLINE_DATA,4,MJ3,290,0.00173409340232,0.00266852053244,0.00382519125297,1,0.0399079412126,0.0399079412126,1,0.0512212880174,0.0512212880174,1,0.061033929166,0.061033929166
C8_ONLINE_DATA,4,MJ1,290,0.00155464392934,0.0024295131277,0.00267445599758,1,0.0268379777571,0.0268379777571,1,0.0344461715319,0.0344461715319,1,0.0410451449914,0.0410451449914
C8_ONLINE_DATA,5,ATU1,289,0.0159983165663,0.0272494931719,0.0164135558255,0.989619377163,0.142918195335,0.143648246367,0.993079584775,0.183433517835,0.183714382777,1,0.218574517892,0.218574517892
C8_ONLINE_DATA,5,ATU5,289,0.01020638544,0.0186244554992,0.0108961164582,0.993079584775,0.0954790750275,0.0963827354707,1,0.122546066096,0.122546066096,1,0.14602264424,0.14602264424
C8_ONLINE_DATA,5,MJ3,289,0.00303074516054,0.0046172458908,0.00480095472557,0.989619377163,0.0474667347811,0.0479706846428,0.993079584775,0.0609228945315,0.0612213320364,1,0.0725941063443,0.0725941063443
C8_ONLINE_DATA,5,MJ1,289,0.00270746743215,0.00420265457753,0.00328745846544,0.9723183391,0.02900412902,0.0295578621334,0.993079584775,0.0372263965787,0.0373856971856,1,0.0443579874665,0.0443579874665
C8_ONLINE_DATA,6,ATU1,288,0.0255339921223,0.0433811761449,0.0232576764745,0.96875,0.181387551603,0.184172299975,0.989583333333,0.232808402065,0.235020992725,0.993055555556,0.277408321244,0.279131772728
C8_ONLINE_DATA,6,ATU5,288,0.0164697515848,0.029820319359,0.0156259528447,0.979166666667,0.12472704746,0.128119059374,0.986111111111,0.160085432306,0.162273591495,1,0.190753558024,0.190753558024
C8_ONLINE_DATA,6,MJ3,288,0.0048628513377,0.00733687271327,0.00618555698806,0.982638888889,0.0572532606938,0.0589253758951,0.986111111111,0.0734837645547,0.0754247749917,0.989583333333,0.0875613061343,0.0898042203062
C8_ONLINE_DATA,6,MJ1,288,0.00434182461912,0.00667683235291,0.00450977948398,0.930555555556,0.0340954703895,0.0378083344528,0.965277777778,0.0437610624813,0.047308980727,0.979166666667,0.0521445221527,0.0549245849339
C8_ONLINE_DATA,7,ATU1,287,0.0382464759464,0.0649136373608,0.0330706486417,0.919860627178,0.235573866318,0.249751454136,0.975609756098,0.302355784072,0.308521289285,0.989547038328,0.36027913827,0.367362430917
C8_ONLINE_DATA,7,ATU5,287,0.0249659354612,0.0448510187117,0.0218588309282,0.923344947735,0.157516616771,0.167134116032,0.979094076655,0.2021703889,0.209672263655,0.98606271777,0.240900876827,0.246826523572
C8_ONLINE_DATA,7,MJ3,287,0.0073442320688,0.0109576980412,0.00805409727757,0.975609756098,0.0692373578149,0.072591175698,0.982578397213,0.088865186688,0.093612730538,0.98606271777,0.105889401059,0.112369171634
C8_ONLINE_DATA,7,MJ1,287,0.00654982037668,0.00997079084783,0.00646659521849,0.909407665505,0.0466179856025,0.0531554079135,0.954703832753,0.0598335367542,0.0662986672136,0.975609756098,0.0712960564906,0.0776204852474
C8_ONLINE_DATA,8,ATU1,286,0.0545847062463,0.092645459006,0.0466499768687,0.863636363636,0.310157222608,0.35143799489,0.947552447552,0.398082485519,0.424752390758,0.979020979021,0.474344538449,0.49186199722
C8_ONLINE_DATA,8,ATU5,286,0.03606505297,0.0642973039459,0.0301755401376,0.881118881119,0.200400246765,0.224759998945,0.968531468531,0.25721093212,0.27254616603,0.982517482517,0.306485729262,0.321811206334
C8_ONLINE_DATA,8,MJ3,286,0.010570518634,0.0156085170392,0.0105752392699,0.972027972028,0.0847651501382,0.0906915237635,0.975524475524,0.108794892373,0.117701820672,0.982517482517,0.129637110111,0.143267684191
C8_ONLINE_DATA,8,MJ1,286,0.00940736591921,0.0142023149966,0.00893854273896,0.902097902098,0.0614841076783,0.0722366149371,0.947552447552,0.0789139978706,0.0897161158148,0.968531468531,0.0940318282236,0.105580940404
C8_ONLINE_DATA,9,ATU1,285,0.07502918388,0.127364179844,0.0654014728101,0.870175438596,0.445936622931,0.502701725438,0.915789473684,0.57235345915,0.607656404978,0.978947368421,0.682001211524,0.715756875533
C8_ONLINE_DATA,9,ATU5,285,0.0499794774244,0.0887233941895,0.041588255566,0.873684210526,0.27310302557,0.308021226737,0.936842105263,0.350523938496,0.372653663758,0.982456140351,0.417675034371,0.434585053201
C8_ONLINE_DATA,9,MJ3,285,0.0146025040418,0.0214155548806,0.013707063703,0.940350877193,0.10211906975,0.112259823068,0.975438596491,0.131068407059,0.146083639704,0.975438596491,0.156177639844,0.180265897844
C8_ONLINE_DATA,9,MJ1,285,0.0129871456289,0.0194874157592,0.0120288903308,0.891228070175,0.0800942885649,0.0959741756719,0.936842105263,0.102799906446,0.118786343471,0.968421052632,0.122493643779,0.140299729895
C8_ONLINE_DATA,10,ATU1,284,0.100230737267,0.1698358058,0.0875317571306,0.866197183099,0.587528633458,0.678398740737,0.897887323944,0.754084837211,0.829074517227,0.933098591549,0.898547504777,0.962728530391
C8_ONLINE_DATA,10,ATU5,284,0.0670208645254,0.118666604347,0.0550892048911,0.855633802817,0.347213181602,0.404121023628,0.922535211268,0.445643293986,0.485008379658,0.957746478873,0.531016737206,0.56164332651
C8_ONLINE_DATA,10,MJ3,284,0.0195690265598,0.0285015687716,0.0178881653039,0.922535211268,0.128783969379,0.144398627679,0.961267605634,0.165292435218,0.187745859378,0.975352112676,0.196958084681,0.233804630634
C8_ONLINE_DATA,10,MJ1,284,0.0174085668979,0.0259396707715,0.0157824584693,0.894366197183,0.102785806846,0.124243987508,0.929577464789,0.131924154857,0.153995208727,0.971830985915,0.157197326239,0.182114034426
C8_ONLINE_DATA,11,ATU1,283,0.130364482347,0.220793945087,0.11314814802,0.833922261484,0.729147685767,0.878032673,0.886925795053,0.935850923023,1.08676081059,0.908127208481,1.11513515487,1.25953493764
C8_ONLINE_DATA,11,ATU5,283,0.087488333579,0.154627429221,0.0724121976204,0.798586572438,0.445081087991,0.533620407462,0.901060070671,0.571255391942,0.639471601469,0.936395759717,0.680692783744,0.741298213487
C8_ONLINE_DATA,11,MJ3,283,0.0255493622851,0.0369850969137,0.0226679516468,0.890459363958,0.154599365085,0.179658019841,0.961130742049,0.198426136896,0.231911832768,0.971731448763,0.236439325381,0.291802213779
C8_ONLINE_DATA,11,MJ1,283,0.0227406311296,0.0336696847294,0.0202179644974,0.879858657244,0.127113571184,0.157241366491,0.925795053004,0.163148502345,0.195589620386,0.964664310954,0.194403431094,0.230832537209
C8_ONLINE_DATA,12,ATU1,282,0.166126665767,0.280929066826,0.143335307952,0.826241134752,0.899214218054,1.11305421229,0.879432624113,1.1541289541,1.3929025798,0.90780141844,1.37522947118,1.63654837443
C8_ONLINE_DATA,12,ATU5,282,0.111484140578,0.197059759432,0.0924377670545,0.776595744681,0.555601343508,0.682100315586,0.886524822695,0.713106604196,0.816749925427,0.929078014184,0.849718928457,0.949901333782
C8_ONLINE_DATA,12,MJ3,282,0.0326399897374,0.0469798095779,0.0295703538198,0.879432624113,0.202899294895,0.240506520213,0.929078014184,0.26041842567,0.310112203785,0.968085106383,0.31030769356,0.390251852233
C8_ONLINE_DATA,12,MJ1,282,0.0290844001995,0.0427846129053,0.025515813337,0.875886524823,0.157613383668,0.197435754755,0.914893617021,0.202294587867,0.244888931392,0.964539007092,0.241048869024,0.291384911024
C8_ONLINE_DATA,13,ATU1,281,0.207902538983,0.350877624832,0.180272626264,0.811387900356,1.14005205876,1.40786110723,0.864768683274,1.46324097616,1.76669666595,0.903914590747,1.74355916356,2.09637049279
C8_ONLINE_DATA,13,ATU5,281,0.139244336213,0.246360850289,0.115478690299,0.758007117438,0.675627784159,0.851168401625,0.875444839858,0.86715887298,1.02087305036,0.921708185053,1.03328352874,1.19489539928
C8_ONLINE_DATA,13,MJ3,281,0.0409052798605,0.0585939045885,0.0374699161745,0.871886120996,0.255371856016,0.308799039788,0.91103202847,0.327766228752,0.401515542995,0.946619217082,0.390557550639,0.499865915181
C8_ONLINE_DATA,13,MJ1,281,0.0364905684771,0.0533876509501,0.0316314919889,0.864768683274,0.19157679033,0.243666909692,0.91103202847,0.24588614839,0.302501550943,0.953736654804,0.292991417136,0.360702699922
C8_ONLINE_DATA,14,ATU1,280,0.255688757012,0.431210920458,0.22157406323,0.807142857143,1.40080686236,1.73388880227,0.857142857143,1.79791614334,2.18400833502,0.903571428571,2.1423492221,2.60911218934
C8_ONLINE_DATA,14,ATU5,280,0.171157042988,0.302861864409,0.142617774479,0.746428571429,0.821467308766,1.05226862925,0.860714285714,1.05434187634,1.26652608144,0.914285714286,1.2563258342,1.48773531983
C8_ONLINE_DATA,14,MJ3,280,0.0504073716825,0.0719295092246,0.0461918278633,0.860714285714,0.307585647504,0.382010451403,0.903571428571,0.394781904606,0.503338217755,0.925,0.470411653716,0.634848097154
C8_ONLINE_DATA,14,MJ1,280,0.045038850416,0.0655773979175,0.0386470142143,0.864285714286,0.228354807597,0.297083003312,0.907142857143,0.293090222514,0.371890032997,0.932142857143,0.349238540704,0.444974228326
C8_ONLINE_DATA,15,ATU1,279,0.309635927173,0.522423529617,0.266562258735,0.802867383513,1.64925005066,2.08166108759,0.853046594982,2.11678952335,2.64276312415,0.89247311828,2.52231028988,3.19083802113
C8_ONLINE_DATA,15,ATU5,279,0.20719382403,0.366818113672,0.173168164632,0.749103942652,0.995506056798,1.27734548807,0.845878136201,1.27771819114,1.53334303054,0.917562724014,1.52249513026,1.78933370438
C8_ONLINE_DATA,15,MJ3,279,0.0612402763797,0.0870820959264,0.0559887197216,0.856630824373,0.364199968868,0.46324129794,0.899641577061,0.467445599408,0.617517713672,0.910394265233,0.55699578647,0.792175685872
C8_ONLINE_DATA,15,MJ1,279,0.0548756587013,0.0794470165761,0.0466860290407,0.863799283154,0.270429687001,0.358377937819,0.903225806452,0.347092745589,0.453485658698,0.924731182796,0.413586515848,0.552849197398
C8_ONLINE_DATA,16,ATU1,278,0.369941274983,0.624911408773,0.318076040885,0.784172661871,1.95169109356,2.48522505634,0.845323741007,2.50496839943,3.17156305276,0.881294964029,2.98485394983,3.87378528669
C8_ONLINE_DATA,16,ATU5,278,0.247398623241,0.438376682334,0.205742039937,0.730215827338,1.15077817135,1.51275679951,0.838129496403,1.47700779262,1.82466089772,0.913669064748,1.75996333716,2.11393866102
C8_ONLINE_DATA,16,MJ3,278,0.0734026878634,0.104139886947,0.0668073374327,0.852517985612,0.422525521495,0.551630055976,0.89928057554,0.542305635759,0.744506431365,0.906474820144,0.646197021598,0.975852239677
C8_ONLINE_DATA,16,MJ1,278,0.0659624353411,0.09508304893,0.0559951783666,0.863309352518,0.323970804666,0.430340822533,0.895683453237,0.415812026147,0.554099743312,0.924460431655,0.495470589135,0.68198688915
C8_ONLINE_DATA,17,ATU1,277,0.436516305937,0.738953123535,0.374386767536,0.772563176895,2.28011034269,2.92286908832,0.841155234657,2.92648994224,3.74463032574,0.87725631769,3.48712784768,4.62227200053
C8_ONLINE_DATA,17,ATU5,277,0.291777154,0.517558220863,0.242737843031,0.740072202166,1.33718517151,1.77998371601,0.826714801444,1.71625858717,2.15867083475,0.909747292419,2.04504824253,2.49411908314
C8_ONLINE_DATA,17,MJ3,277,0.0870327915902,0.123183612261,0.0810169457224,0.848375451264,0.520974433713,0.677758039656,0.880866425993,0.668663446623,0.915529481644,0.909747292419,0.796761639872,1.20323401713
C8_ONLINE_DATA,17,MJ1,277,0.0783502976934,0.112563963817,0.066062683847,0.859205776173,0.371992506674,0.506120115037,0.895306859206,0.477447213404,0.660737783001,0.909747292419,0.568913444611,0.826611889993
C8_ONLINE_DATA,18,ATU1,276,0.509157746395,0.864736488222,0.43232452053,0.771739130435,2.55105949806,3.35197122153,0.840579710145,3.27424941826,4.32443002661,0.873188405797,3.90150882184,5.39610465633
C8_ONLINE_DATA,18,ATU5,276,0.340123417115,0.604302979728,0.281757059896,0.713768115942,1.48036836182,2.0670420118,0.81884057971,1.90003222238,2.53574286393,0.891304347826,2.26402803526,2.93730912903
C8_ONLINE_DATA,18,MJ3,276,0.102137825142,0.144287971152,0.0948338772193,0.833333333333,0.595934604761,0.793408998822,0.880434782609,0.764873784575,1.08394035506,0.905797101449,0.911403328493,1.44768615774
C8_ONLINE_DATA,18,MJ1,276,0.0921147317827,0.131960907472,0.0772424991785,0.855072463768,0.424027372948,0.59011518911,0.894927536232,0.54423324123,0.77970490488,0.898550724638,0.648493905186,0.994936137543
C8_ONLINE_DATA,19,ATU1,275,0.58828106577,1.00242058175,0.503267203685,0.774545454545,3.03448665797,3.91710830504,0.829090909091,3.89472146068,5.0484709929,0.88,4.6408468618,6.38446707718
C8_ONLINE_DATA,19,ATU5,275,0.392445803599,0.698539267877,0.322213770799,0.712727272727,1.60675676595,2.3550636782,0.814545454545,2.06224998288,2.91102297908,0.88,2.45732241905,3.39989762906
C8_ONLINE_DATA,19,MJ3,275,0.118740635115,0.167524118122,0.109502517434,0.825454545455,0.667606276379,0.915744801866,0.883636363636,0.856863379205,1.26384001699,0.905454545455,1.02101569124,1.72189670121
C8_ONLINE_DATA,19,MJ1,275,0.107306363403,0.153342161836,0.0897154788407,0.850909090909,0.485310483718,0.684059526467,0.890909090909,0.622889262362,0.915760243386,0.898181818182,0.742218335166,1.18600444372
C8_ONLINE_DATA,20,ATU1,274,0.674241110025,1.15223556327,0.57830937935,0.78102189781,3.51488416874,4.51005915689,0.821167883212,4.51130499053,5.82780214945,0.875912408759,5.37555145324,7.48457720041
C8_ONLINE_DATA,20,ATU5,274,0.44881790014,0.800289656196,0.367424441156,0.697080291971,1.80751403773,2.66357109427,0.799270072993,2.31991915164,3.27769658003,0.886861313869,2.76435417095,3.79755335622
C8_ONLINE_DATA,20,MJ3,274,0.136949084115,0.192963199429,0.126795497113,0.813868613139,0.764195425698,1.06607745978,0.879562043796,0.980834210229,1.47879023159,0.905109489051,1.16873604761,2.03937190475
C8_ONLINE_DATA,20,MJ1,274,0.123881822596,0.176780815297,0.103262197191,0.850364963504,0.546271927362,0.785665761061,0.890510948905,0.701132428207,1.06288239187,0.894160583942,0.835450817728,1.39842510537
C8_ONLINE_DATA,21,ATU1,273,0.766786045954,1.3146121604,0.652759713509,0.772893772894,3.89968431427,5.06125475211,0.81684981685,5.00519063044,6.57959268214,0.871794871795,5.96405249116,8.51811362271
C8_ONLINE_DATA,21,ATU5,273,0.509110251038,0.909817154132,0.412934195958,0.681318681319,1.95004135864,2.96376117996,0.791208791209,2.50285098759,3.63686419832,0.886446886447,2.982330898,4.2035262992
C8_ONLINE_DATA,21,MJ3,273,0.156744377635,0.220680733597,0.144793682153,0.809523809524,0.853862529575,1.21960546344,0.879120879121,1.09592069211,1.70632861868,0.901098901099,1.30587004902,2.38301198682
C8_ONLINE_DATA,21,MJ1,273,0.142163470794,0.202363778492,0.118236584327,0.85347985348,0.618124699582,0.898483376892,0.886446886447,0.793354462942,1.22823885472,0.893772893773,0.945340149946,1.6354587859
C8_ONLINE_DATA,22,ATU1,272,0.866453132929,1.49030086325,0.74263101512,0.775735294118,4.53371451379,5.7878847584,0.808823529412,5.81895958154,7.55471327229,0.867647058824,6.93371800411,9.89679443216
C8_ONLINE_DATA,22,ATU5,272,0.573736812806,1.02778427073,0.459942502748,0.661764705882,2.03304863768,3.2779161663,0.790441176471,2.60938967682,4.01739226423,0.878676470588,3.10927957625,4.66247760598
C8_ONLINE_DATA,22,MJ3,272,0.178205355187,0.25076120587,0.162701908299,0.808823529412,0.926148927347,1.36660063319,0.886029411765,1.18869927922,1.92774372314,0.897058823529,1.41642255429,2.73834412341
C8_ONLINE_DATA,22,MJ1,272,0.162096605285,0.230197536357,0.1343304869,0.852941176471,0.688360020019,1.01848604826,0.886029411765,0.883500520789,1.40491327703,0.893382352941,1.05275580313,1.89206552266
C8_ONLINE_DATA,23,ATU1,271,0.974708205252,1.68039705804,0.820718561504,0.778597785978,4.80476993755,6.32073009075,0.808118081181,6.16685545156,8.2883049125,0.856088560886,7.34826150174,10.9341930498
C8_ONLINE_DATA,23,ATU5,271,0.643183890026,1.15535958714,0.515400540412,0.638376383764,2.15901245207,3.68919831512,0.774907749077,2.77106248231,4.52269457339,0.867158671587,3.30192460608,5.32227586515
C8_ONLINE_DATA,23,MJ3,271,0.20127858595,0.283301872085,0.188324237972,0.819188191882,1.10453975521,1.60485996114,0.870848708487,1.417661428,2.25969828428,0.89667896679,1.68924778207,3.18987937616
C8_ONLINE_DATA,23,MJ1,271,0.183958875987,0.26040254022,0.151764854624,0.852398523985,0.762923013919,1.14824932179,0.885608856089,0.979201087392,1.59526414096,0.885608856089,1.16679006172,2.17119738296
C8_ONLINE_DATA,24,ATU1,270,1.09181931429,1.88614219295,0.908163679553,0.766666666667,5.16581582196,6.93350105282,0.807407407407,6.6302528274,9.13759063801,0.844444444444,7.9004335323,12.1616715418
C8_ONLINE_DATA,24,ATU5,270,0.718060297374,1.29415730996,0.571289627993,0.62962962963,2.29757596892,4.0599843104,0.766666666667,2.94890683082,4.92652537405,0.87037037037,3.51383921795,5.75154896293
C8_ONLINE_DATA,24,MJ3,270,0.22632702786,0.318411333469,0.212659893529,0.818518518519,1.24123242949,1.82127062948,0.866666666667,1.59310457607,2.57160595933,0.892592592593,1.89830118713,3.64365109183
C8_ONLINE_DATA,24,MJ1,270,0.208078698156,0.293084213422,0.170867101634,0.848148148148,0.851080879345,1.29259547372,0.881481481481,1.09235048269,1.80747688704,0.885185185185,1.3016158821,2.4803000126
C8_ONLINE_DATA,25,ATU1,269,1.21954189278,2.10834190703,1.00871156359,0.776951672862,5.72111133838,7.68335065879,0.799256505576,7.34296690677,10.1894286399,0.832713754647,8.74968473859,13.7313002961
C8_ONLINE_DATA,25,ATU5,269,0.799997416357,1.44585929833,0.633439791785,0.617100371747,2.38816243035,4.51704420751,0.758364312268,3.06517329535,5.537196693,0.85873605948,3.6523792554,6.56757538938
C8_ONLINE_DATA,25,MJ3,269,0.25327749546,0.356199914795,0.239913336848,0.825278810409,1.39893077418,2.06913323574,0.85873605948,1.79550821023,2.93104631029,0.89219330855,2.13947999282,4.16788207569
C8_ONLINE_DATA,25,MJ1,269,0.234122362851,0.328272943928,0.191118901284,0.847583643123,0.935234328127,1.44284477086,0.881040892193,1.20036026488,2.02963529153,0.884758364312,1.43031747572,2.81001551172
C8_ONLINE_DATA,26,ATU1,268,1.35855023096,2.34629167306,1.10618455602,0.768656716418,6.10178714097,8.34532094222,0.798507462687,7.83155900984,11.1151505494,0.828358208955,9.33187813832,15.0936205892
C8_ONLINE_DATA,26,ATU5,268,0.890491781588,1.61148784629,0.698946325855,0.597014925373,2.445929227,4.98930121552,0.742537313433,3.13931617616,6.22525048007,0.84328358209,3.740725947,7.43918091677
C8_ONLINE_DATA,26,MJ3,268,0.282314471286,0.396766147765,0.268217762643,0.824626865672,1.55730550904,2.32247663614,0.85447761194,1.99877998177,3.29999309965,0.891791044776,2.38169324802,4.69499699658
C8_ONLINE_DATA,26,MJ1,268,0.261634271784,0.365839789267,0.212715410242,0.847014925373,1.02377757524,1.6034970908,0.880597014925,1.31400429222,2.26729441151,0.880597014925,1.56573268654,3.16469731753
C8_ONLINE_DATA,27,ATU1,267,1.49987624238,2.59613996749,1.2130146392,0.760299625468,6.59893939729,9.10191597481,0.797752808989,8.46964702279,12.1842156539,0.827715355805,10.0922069018,16.7093403118
C8_ONLINE_DATA,27,ATU5,267,0.9917817682,1.79034029858,0.764825621746,0.591760299625,2.51545640904,5.41767325866,0.737827715356,3.22855334822,6.7978434756,0.842696629213,3.84705859597,8.08478286815
C8_ONLINE_DATA,27,MJ3,267,0.313516420169,0.440177741626,0.296584594833,0.808988764045,1.69455482674,2.56971654285,0.85393258427,2.17493757393,3.66865045835,0.883895131086,2.59159796572,5.24227463824
C8_ONLINE_DATA,27,MJ1,267,0.290310739226,0.405379781729,0.236241354175,0.857677902622,1.13853960548,1.79120460909,0.87265917603,1.46129976339,2.54655279779,0.880149812734,1.74124606587,3.5728490652
C8_ONLINE_DATA,28,ATU1,266,1.64039309232,2.85071437656,1.31356427297,0.759398496241,6.85292488176,9.73585593017,0.796992481203,8.79563386292,13.0804646601,0.81954887218,10.4806441802,18.0854508396
C8_ONLINE_DATA,28,ATU5,266,1.09532134172,1.9792230842,0.839118655275,0.582706766917,2.52531614948,5.96669265714,0.736842105263,3.24120818806,7.73964859628,0.827067669173,3.86213776771,9.50820438414
C8_ONLINE_DATA,28,MJ3,266,0.346665311693,0.486452262634,0.328821867474,0.804511278195,1.87133286868,2.85899077762,0.84962406015,2.40182973439,4.08718755241,0.875939849624,2.86195665029,5.84733633847
C8_ONLINE_DATA,28,MJ1,266,0.320050843768,0.446259229844,0.259993197163,0.84962406015,1.23748222959,1.97719564435,0.872180451128,1.58829124661,2.8258840783,0.87969924812,1.89256575132,3.99004030218
C8_ONLINE_DATA,29,ATU1,265,1.78526069147,3.11390536254,1.42700950848,0.754716981132,7.35641149752,10.5220856183,0.796226415094,9.4418519382,14.1979221388,0.822641509434,11.2506605105,19.8098562152
C8_ONLINE_DATA,29,ATU5,265,1.20316255027,2.17854884175,0.916331752234,0.577358490566,2.5199887839,6.52484140373,0.735849056604,3.23437058837,8.64047222949,0.818867924528,3.85399026515,11.0303352016
C8_ONLINE_DATA,29,MJ3,265,0.381720341963,0.53563108532,0.362955305142,0.8,2.04906936435,3.16466074165,0.845283018868,2.6299520569,4.53728160256,0.867924528302,3.13378116334,6.51461658615
C8_ONLINE_DATA,29,MJ1,265,0.351149157702,0.488888119805,0.284890061155,0.841509433962,1.34053608987,2.17475611601,0.871698113208,1.72055944433,3.12311368025,0.875471698113,2.05017302992,4.43724228809
C8_ONLINE_DATA,30,ATU1,264,1.94375161996,3.40245678665,1.5417035081,0.757575757576,7.72553722997,11.2587460367,0.795454545455,9.91561968672,15.2649436273,0.814393939394,11.8151896022,21.4881470656
C8_ONLINE_DATA,30,ATU5,264,1.32242335841,2.39389994637,1.00085668429,0.564393939394,2.55430035859,7.13074573405,0.731060606061,3.27840901772,9.62423557143,0.814393939394,3.90646529031,12.6973350741
C8_ONLINE_DATA,30,MJ3,264,0.419161963596,0.58781057461,0.399368766636,0.791666666667,2.24495332163,3.49117541318,0.840909090909,2.88136639422,5.01073747944,0.856060606061,3.43335982388,7.20528860112
C8_ONLINE_DATA,30,MJ1,264,0.384722081221,0.534980847364,0.31226525564,0.840909090909,1.46353775149,2.39701146226,0.867424242424,1.87843036788,3.45356897281,0.871212121212,2.238287838,4.93752833148
C8_ONLINE_FULL,1,ATU1,293,0.000528748400409,0.000899921941332,0.00328153488713,1,0.0358130546272,0.0358130546272,1,0.0459655579842,0.0459655579842,1,0.0547713405632,0.0547713405632
C8_ONLINE_FULL,1,ATU5,293,0.000317449546842,0.00058456879169,0.00290482680519,1,0.0317669375241,0.0317669375241,1,0.040772422904,0.040772422904,1,0.0485833384471,0.0485833384471
C8_ONLINE_FULL,1,MJ3,293,9.88795374705e-05,0.000152097896141,0.00234265775133,1,0.0256835226606,0.0256835226606,1,0.0329644444572,0.0329644444572,1,0.0392795582828,0.0392795582828
C8_ONLINE_FULL,1,MJ1,293,9.0159230123e-05,0.000139473196325,0.0023379837529,1,0.0256338612504,0.0256338612504,1,0.0329007047271,0.0329007047271,1,0.0392036077098,0.0392036077098
C8_ONLINE_FULL,2,ATU1,292,0.00199122639929,0.00338446918713,0.00540922633034,1,0.0579072850217,0.0579072850217,1,0.0743231956915,0.0743231956915,1,0.0885615500276,0.0885615500276
C8_ONLINE_FULL,2,ATU5,292,0.00121191745616,0.00221341847512,0.00406805732249,1,0.0438384108832,0.0438384108832,1,0.0562659912248,0.0562659912248,1,0.0670450637966,0.0670450637966
C8_ONLINE_FULL,2,MJ3,292,0.000370598660635,0.000568180040201,0.00262781323326,1,0.0286972638364,0.0286972638364,1,0.0368325393798,0.0368325393798,1,0.0438886776675,0.0438886776675
C8_ONLINE_FULL,2,MJ1,292,0.000339986580303,0.000523404440738,0.00235089770012,1,0.0256643464282,0.0256643464282,1,0.0329398320291,0.0329398320291,1,0.0392502307658,0.0392502307658
C8_ONLINE_FULL,3,ATU1,291,0.00484056307814,0.00818537946222,0.00809723596347,1,0.0829275017923,0.0829275017923,1,0.106436296256,0.106436296256,1,0.126826669492,0.126826669492
C8_ONLINE_FULL,3,ATU5,291,0.00298940980456,0.00539372603761,0.0056881128161,1,0.0591115955079,0.0591115955079,1,0.0758689114665,0.0758689114665,1,0.0904033839753,0.0904033839753
C8_ONLINE_FULL,3,MJ3,291,0.000899374969861,0.00136878388673,0.00312127304357,1,0.0336078091205,0.0336078091205,1,0.0431351560188,0.0431351560188,1,0.0513987086019,0.0513987086019
C8_ONLINE_FULL,3,MJ1,291,0.000832285369108,0.00126630368769,0.00242593696383,1,0.025912072109,0.025912072109,1,0.0332577844982,0.0332577844982,1,0.0396290945006,0.0396290945006
C8_ONLINE_FULL,4,ATU1,290,0.00956417974422,0.0160419768956,0.0116940930219,0.996551724138,0.111234448705,0.111245629079,1,0.142767869287,0.142767869287,1,0.170118408937,0.170118408937
C8_ONLINE_FULL,4,ATU5,290,0.00599134107393,0.0106608641415,0.00800784325235,1,0.0780815076767,0.0780815076767,1,0.100216530144,0.100216530144,1,0.119415361051,0.119415361051
C8_ONLINE_FULL,4,MJ3,290,0.00177001486768,0.00268007098714,0.00377714463762,1,0.0393166816141,0.0393166816141,1,0.0504624145384,0.0504624145384,1,0.0601296756426,0.0601296756426
C8_ONLINE_FULL,4,MJ1,290,0.00165394717475,0.00249097902459,0.00268493172434,1,0.026822884028,0.026822884028,1,0.0344267989405,0.0344267989405,1,0.0410220611249,0.0410220611249
C8_ONLINE_FULL,5,ATU1,289,0.0165426836718,0.0276460250383,0.0168144186713,0.98615916955,0.145255685448,0.145884501527,0.996539792388,0.186433653914,0.186507978895,1,0.222149400525,0.222149400525
C8_ONLINE_FULL,5,ATU5,289,0.0105604856374,0.0185606218008,0.0112433419542,0.993079584775,0.100110398177,0.100646509332,1,0.128490305005,0.128490305005,1,0.15310564177,0.15310564177
C8_ONLINE_FULL,5,MJ3,289,0.00307077480668,0.00463093144595,0.004742619787,0.989619377163,0.0466724747854,0.0471736000304,0.993079584775,0.0599034728635,0.0601972183406,1,0.0713793905047,0.0713793905047
C8_ONLINE_FULL,5,MJ1,289,0.00288642206799,0.00432249079276,0.00332192964131,0.975778546713,0.0289696194303,0.0295281719919,0.993079584775,0.037182104,0.0374008363009,1,0.0443052096036,0.0443052096036
C8_ONLINE_FULL,6,ATU1,288,0.0262266669788,0.0437103033712,0.0242887173398,0.961805555556,0.192217397216,0.194525887096,0.986111111111,0.246708358427,0.248187821959,0.993055555556,0.293971140823,0.294402961692
C8_ONLINE_FULL,6,ATU5,288,0.0170378053361,0.0296653698221,0.0159196702602,0.982638888889,0.128530533818,0.131159792142,0.993055555556,0.164967154197,0.166414252701,1,0.196570488438,0.196570488438
C8_ONLINE_FULL,6,MJ3,288,0.00490154349063,0.00735110990888,0.00612423257686,0.982638888889,0.0562512297,0.0579554812176,0.986111111111,0.0721976716976,0.0742007318815,0.989583333333,0.086028831974,0.0883969743585
C8_ONLINE_FULL,6,MJ1,288,0.00463279667286,0.00688668589334,0.00459302948476,0.920138888889,0.0340570809966,0.03787707385,0.965277777778,0.043711790229,0.0471423705461,0.979166666667,0.0520858106428,0.0550769670194
C8_ONLINE_FULL,7,ATU1,287,0.0389994743999,0.0649927908023,0.034271761388,0.93031358885,0.250397351022,0.256953703502,0.975609756098,0.321381520713,0.325439617582,0.989547038328,0.382949701769,0.386270830974
C8_ONLINE_FULL,7,ATU5,287,0.0257507083752,0.0445430508647,0.0222755735669,0.95818815331,0.163815535307,0.170580365601,0.982578397213,0.210254963316,0.215268747179,0.993031358885,0.250534241417,0.253830931248
C8_ONLINE_FULL,7,MJ3,287,0.0073778049396,0.0109699213199,0.00799830275827,0.975609756098,0.0680861517475,0.0714881374747,0.982578397213,0.0873876296967,0.0922249563309,0.982578397213,0.104128783311,0.110824489068
C8_ONLINE_FULL,7,MJ1,287,0.00695900215251,0.0102787442423,0.00659277451825,0.909407665505,0.0466073868685,0.0533444897503,0.954703832753,0.0598199334264,0.0662518151631,0.975609756098,0.0712798471257,0.0779780296473
C8_ONLINE_FULL,8,ATU1,286,0.0554156907699,0.0924645983521,0.047739261046,0.888111888112,0.333495816001,0.350223626318,0.958041958042,0.428037245843,0.436738996725,0.98951048951,0.510037836892,0.517135381724
C8_ONLINE_FULL,8,ATU5,286,0.0369721429888,0.0637251691865,0.0305983524078,0.912587412587,0.205260558329,0.224849047339,0.972027972028,0.263449074477,0.276715443584,0.993006993007,0.31391893435,0.325884433185
C8_ONLINE_FULL,8,MJ3,286,0.0105965640888,0.0156148803185,0.0105291863404,0.961538461538,0.0834577328003,0.0895037017289,0.975524475524,0.107116840387,0.116155248472,0.982517482517,0.127637587841,0.141504599573
C8_ONLINE_FULL,8,MJ1,286,0.00999937194662,0.0146838836347,0.00917059861799,0.902097902098,0.0622809687414,0.0729510273416,0.944055944056,0.0799367579726,0.0903655073732,0.972027972028,0.0952505220526,0.106455359891
C8_ONLINE_FULL,9,ATU1,285,0.0760163472424,0.1266506318,0.0647149476282,0.849122807018,0.436364152674,0.472588617662,0.940350877193,0.560067326587,0.577686861135,0.975438596491,0.66736138161,0.681100465969
C8_ONLINE_FULL,9,ATU5,285,0.0510803385126,0.087724918181,0.0413278861434,0.856140350877,0.256581239456,0.302786245657,0.957894736842,0.329318455592,0.35835137458,0.982456140351,0.392407142999,0.418618441653
C8_ONLINE_FULL,9,MJ3,285,0.0146296879194,0.021415443473,0.0136705004339,0.915789473684,0.10086696251,0.111385000969,0.975438596491,0.129461344815,0.144612723703,0.975438596491,0.15426270707,0.178685003298
C8_ONLINE_FULL,9,MJ1,285,0.0138200757513,0.0201934630233,0.0123373473258,0.887719298246,0.0800913485321,0.0967671288646,0.940350877193,0.102796132955,0.119818014766,0.964912280702,0.122489147387,0.141639713935
C8_ONLINE_FULL,10,ATU1,284,0.101105122322,0.168196322974,0.0854217162929,0.80985915493,0.5564978541,0.626902294075,0.926056338028,0.714257263084,0.748662110258,0.961267605634,0.851090023089,0.882531383806
C8_ONLINE_FULL,10,ATU5,284,0.068202838365,0.117042495441,0.0554543987539,0.830985915493,0.336478224011,0.411631948259,0.926056338028,0.431865125083,0.480896888366,0.971830985915,0.514599036335,0.558689162599
C8_ONLINE_FULL,10,MJ3,284,0.019603083885,0.0284972344856,0.0178336359599,0.901408450704,0.127225130821,0.143397844041,0.961267605634,0.163291687589,0.18584065195,0.975352112676,0.194574046836,0.23176575612
C8_ONLINE_FULL,10,MJ1,284,0.0185635192485,0.0269319247684,0.0161920613938,0.890845070423,0.101941057507,0.12495036316,0.933098591549,0.130839930818,0.155453790418,0.961267605634,0.155905393612,0.184449451383
C8_ONLINE_FULL,11,ATU1,283,0.131017105426,0.217731930825,0.114170111626,0.833922261484,0.780593167147,0.863791743159,0.893992932862,1.00188048353,1.0627398212,0.943462897527,1.19381422903,1.25875151401
C8_ONLINE_FULL,11,ATU5,283,0.088628696224,0.15213729894,0.0725226481742,0.816254416961,0.429723005497,0.545360507186,0.901060070671,0.551543506465,0.639867329711,0.968197879859,0.657204623479,0.731373119214
C8_ONLINE_FULL,11,MJ3,283,0.0255726693823,0.0369793444838,0.0225988884615,0.876325088339,0.152711502038,0.17871532738,0.961130742049,0.196003090907,0.229538251138,0.971731448763,0.233552088005,0.289215505815
C8_ONLINE_FULL,11,MJ1,283,0.0242570571143,0.0350205410331,0.0208549046656,0.890459363958,0.128254602842,0.158999135309,0.922261484099,0.164613000623,0.198993808834,0.961130742049,0.196148488426,0.235704792135
C8_ONLINE_FULL,12,ATU1,282,0.165853834883,0.275834854901,0.144646089194,0.822695035461,0.974279926958,1.10273657168,0.882978723404,1.25047474843,1.36232575737,0.921985815603,1.49003256602,1.60645920007
C8_ONLINE_FULL,12,ATU5,282,0.112632102853,0.193456780017,0.0934508951008,0.815602836879,0.550579409519,0.711282303141,0.872340425532,0.706661021702,0.841520796764,0.957446808511,0.8420385432,0.950063672886
C8_ONLINE_FULL,12,MJ3,282,0.0326901568936,0.0469845742481,0.029455837647,0.875886524823,0.200036801251,0.238729646159,0.929078014184,0.256744454853,0.30772608472,0.968085106383,0.305929887315,0.386136911422
C8_ONLINE_FULL,12,MJ1,282,0.0310052869393,0.0446080465006,0.0263419823171,0.879432624113,0.157902554043,0.198806473395,0.914893617021,0.202665734026,0.249718234952,0.964539007092,0.241491116949,0.296263870165
C8_ONLINE_FULL,13,ATU1,281,0.206438322086,0.343127555743,0.180453492357,0.82206405694,1.20597988049,1.38632336794,0.871886120996,1.54785841926,1.72664151433,0.896797153025,1.84438706595,2.0535727497
C8_ONLINE_FULL,13,ATU5,281,0.14016711806,0.241286552032,0.117062145607,0.804270462633,0.67337962877,0.896994352788,0.85409252669,0.864273396777,1.07598083503,0.935943060498,1.02984527178,1.19637693265
C8_ONLINE_FULL,13,MJ3,281,0.0409965268875,0.0586117573205,0.0374877922962,0.871886120996,0.253990142826,0.308682859335,0.907473309609,0.325992819071,0.402759127326,0.946619217082,0.388444402669,0.502014478358
C8_ONLINE_FULL,13,MJ1,281,0.038916264025,0.0557722927919,0.0326310567758,0.843416370107,0.188804648148,0.24410745277,0.914590747331,0.242328142418,0.30663132585,0.950177935943,0.288751791526,0.36492163846
C8_ONLINE_FULL,14,ATU1,280,0.252750741885,0.420161386399,0.220259636533,0.814285714286,1.42833283514,1.69494600023,0.860714285714,1.83324534692,2.12013277278,0.885714285714,2.18444656467,2.54992489883
C8_ONLINE_FULL,14,ATU5,280,0.171348455071,0.295932022141,0.142942537581,0.796428571429,0.783485650205,1.10080015129,0.846428571429,1.00559294534,1.35315250345,0.9,1.19823790013,1.50977434076
C8_ONLINE_FULL,14,MJ3,280,0.0505346103642,0.0719645039544,0.045674799556,0.864285714286,0.298719776667,0.374480679906,0.907142857143,0.383402682579,0.4956179604,0.928571428571,0.456852474358,0.627417016403
C8_ONLINE_FULL,14,MJ1,280,0.0480061837147,0.0686163940348,0.0400569569502,0.85,0.228841568168,0.299968265856,0.907142857143,0.293714972943,0.377186307958,0.935714285714,0.349982976756,0.453000632245
C8_ONLINE_FULL,15,ATU1,279,0.304749889307,0.507474242717,0.265166272212,0.813620071685,1.68365759968,2.04448618112,0.853046594982,2.16095113442,2.57670968463,0.881720430108,2.57493209512,3.1354845611
C8_ONLINE_FULL,15,ATU5,279,0.206504347729,0.35770892399,0.172699779971,0.781362007168,0.912348992706,1.33694106038,0.835125448029,1.17098725486,1.67241120935,0.878136200717,1.39531737552,1.92193245759
C8_ONLINE_FULL,15,MJ3,279,0.0614322647547,0.0871411829295,0.0555681941363,0.863799283154,0.358000461021,0.456703241519,0.899641577061,0.459488617229,0.610238663576,0.917562724014,0.547514457408,0.784399214449
C8_ONLINE_FULL,15,MJ1,279,0.0584401917068,0.0832555444239,0.0485407468296,0.856630824373,0.273727214262,0.363654154586,0.903225806452,0.351325076009,0.460921230602,0.928315412186,0.418629648596,0.559547146586
C8_ONLINE_FULL,16,ATU1,278,0.362450684188,0.605564760629,0.314219050537,0.809352517986,1.94822386126,2.42234191526,0.848920863309,2.50051825495,3.0771724896,0.874100719424,2.97955127562,3.79448626575
C8_ONLINE_FULL,16,ATU5,278,0.245399735673,0.42679090149,0.205161153136,0.769784172662,1.03844684985,1.59312154397,0.827338129496,1.33283210234,2.0308119887,0.859712230216,1.58816740604,2.40352742924
C8_ONLINE_FULL,16,MJ3,278,0.0736695332715,0.10422202761,0.0659764950482,0.848920863309,0.409358695215,0.53969610936,0.902877697842,0.525406197184,0.732020733371,0.913669064748,0.626060098517,0.96544170974
C8_ONLINE_FULL,16,MJ1,278,0.0701202719909,0.0997312614752,0.0581786877532,0.863309352518,0.326584751909,0.436862220733,0.892086330935,0.419166991112,0.559891101791,0.924460431655,0.499468276463,0.685697209243
C8_ONLINE_FULL,17,ATU1,277,0.426458009198,0.714816468235,0.369170055266,0.808664259928,2.24558479321,2.84839321009,0.841155234657,2.88217687922,3.63986524535,0.870036101083,3.43432557632,4.54516880498
C8_ONLINE_FULL,17,ATU5,277,0.288006732716,0.503196389923,0.241040397275,0.758122743682,1.18358272377,1.87044931944,0.815884476534,1.51911197983,2.40744227959,0.851985559567,1.81013357064,2.89242214975
C8_ONLINE_FULL,17,MJ3,277,0.0873314227422,0.123278286255,0.0782975426052,0.851985559567,0.477163431093,0.641978559688,0.898916967509,0.612432633523,0.879034039524,0.913357400722,0.729758493397,1.17903502955
C8_ONLINE_FULL,17,MJ1,277,0.0831518729152,0.118037714733,0.0686939339637,0.85559566787,0.376717379189,0.514834802238,0.891696750903,0.483511521624,0.66737123856,0.909747292419,0.57613951355,0.828343197039
C8_ONLINE_FULL,18,ATU1,276,0.49677841318,0.835660565852,0.423968114456,0.804347826087,2.45764900786,3.24849120635,0.844202898551,3.15435835205,4.17588157682,0.869565217391,3.75864980509,5.25115192714
C8_ONLINE_FULL,18,ATU5,276,0.334741137508,0.587138457983,0.278863411704,0.746376811594,1.29180542823,2.16574175313,0.811594202899,1.65801431723,2.8397742248,0.844202898551,1.97564591425,3.52843122454
C8_ONLINE_FULL,18,MJ3,276,0.102507369647,0.144391971363,0.0920180626605,0.840579710145,0.550645746263,0.756380791604,0.894927536232,0.706746163992,1.04645659586,0.905797101449,0.842139996495,1.42648954797
C8_ONLINE_FULL,18,MJ1,276,0.0973672309705,0.138172639568,0.0802232728845,0.855072463768,0.429206441593,0.600017682464,0.891304347826,0.550880503872,0.785620595895,0.905797101449,0.656414607162,0.992429865863
C8_ONLINE_FULL,19,ATU1,275,0.573417122384,0.968615379776,0.487738170772,0.803636363636,2.77014345588,3.73055984259,0.836363636364,3.5554406339,4.82622431923,0.865454545455,4.23656882134,6.13624994058
C8_ONLINE_FULL,19,ATU5,275,0.385210232333,0.67888075317,0.31995003816,0.738181818182,1.38901109065,2.48747805189,0.807272727273,1.78277643426,3.33706943092,0.836363636364,2.12430914604,4.29432385594
C8_ONLINE_FULL,19,MJ3,275,0.119243879805,0.167639169596,0.106757507917,0.821818181818,0.625005390773,0.878673232812,0.894545454545,0.802185734478,1.22659383524,0.905454545455,0.955863259032,1.69812684643
C8_ONLINE_FULL,19,MJ1,275,0.11284602088,0.160212232057,0.0929842552106,0.850909090909,0.490806443239,0.695408072514,0.887272727273,0.62994325004,0.919869596581,0.898181818182,0.750623679914,1.18027057481
C8_ONLINE_FULL,20,ATU1,274,0.656820920651,1.11444580296,0.555478610254,0.799270072993,3.08246411686,4.23365205419,0.828467153285,3.95629986251,5.51491013653,0.857664233577,4.71422205326,7.09708051629
C8_ONLINE_FULL,20,ATU5,274,0.439921744726,0.778883496702,0.363557441437,0.737226277372,1.48198570116,2.82083205157,0.799270072993,1.90210805493,3.8490610463,0.832116788321,2.26650154232,5.08372667633
C8_ONLINE_FULL,20,MJ3,274,0.137518935568,0.193094747254,0.123501867531,0.810218978102,0.714453248512,1.02190712491,0.890510948905,0.916990816988,1.43531746351,0.905109489051,1.09266195241,2.0079838326
C8_ONLINE_FULL,20,MJ1,274,0.129697371571,0.184187134863,0.106776313129,0.846715328467,0.551769774396,0.798451666929,0.886861313869,0.708188838482,1.06624253431,0.894160583942,0.843859049179,1.38934433289
C8_ONLINE_FULL,21,ATU1,273,0.747616086927,1.27426828233,0.627572985087,0.791208791209,3.39991081505,4.75957504065,0.824175824176,4.36373828865,6.24301914017,0.85347985348,5.19971488257,8.10642261889
C8_ONLINE_FULL,21,ATU5,273,0.499336339301,0.887895752987,0.411084173016,0.728937728938,1.56544710373,3.18464616477,0.794871794872,2.00922960543,4.4206500684,0.820512820513,2.3941447426,5.99660360963
C8_ONLINE_FULL,21,MJ3,273,0.15737751327,0.220846548999,0.141145671701,0.805860805861,0.801102694604,1.17104730958,0.89010989011,1.02820417704,1.65499786289,0.897435897436,1.2251808445,2.34054797301
C8_ONLINE_FULL,21,MJ1,273,0.14803454996,0.210033514842,0.121895489798,0.846153846154,0.623504822332,0.911744941269,0.882783882784,0.800259775735,1.22903172845,0.893772893773,0.953568337642,1.62321712455
C8_ONLINE_FULL,22,ATU1,272,0.846062026731,1.44908797874,0.701279463448,0.779411764706,3.64871403264,5.27740962678,0.819852941176,4.68307376126,6.97160533048,0.845588235294,5.58022656765,9.11114021157
C8_ONLINE_FULL,22,ATU5,272,0.564241982136,1.00708595282,0.463656490348,0.705882352941,1.64163286271,3.59312127216,0.790441176471,2.10701296846,5.0907793903,0.819852941176,2.51066080621,7.09809709096
C8_ONLINE_FULL,22,MJ3,272,0.178847550126,0.251009341607,0.16102130353,0.805147058824,0.905519064372,1.34305077506,0.886029411765,1.16222113675,1.90233084758,0.897058823529,1.38487190153,2.71190413458
C8_ONLINE_FULL,22,MJ1,272,0.16799952144,0.238020168135,0.13811868286,0.838235294118,0.693444364073,1.03123167822,0.882352941176,0.890026205735,1.40331208257,0.893382352941,1.06053163634,1.87657425004
C8_ONLINE_FULL,23,ATU1,271,0.953206528724,1.63987512137,0.779238162151,0.763837638376,3.8399884924,5.82488510288,0.819188191882,4.92857187256,7.73673206234,0.837638376384,5.87275561008,10.1966343558
C8_ONLINE_FULL,23,ATU5,271,0.635004540217,1.13793034874,0.519973529864,0.693726937269,1.70235011912,4.02946869256,0.789667896679,2.18494272338,5.79346714089,0.815498154982,2.60351983663,8.252726782
C8_ONLINE_FULL,23,MJ3,271,0.202020657184,0.283681237858,0.183758880027,0.808118081181,1.03633875635,1.54460438498,0.878228782288,1.33012639363,2.19061129557,0.89667896679,1.58494335526,3.13246906444
C8_ONLINE_FULL,23,MJ1,271,0.189868913791,0.268229970886,0.155830896865,0.845018450185,0.774111531435,1.16356857291,0.878228782288,0.993561394156,1.59862160495,0.889298892989,1.18390142264,2.16184379414
C8_ONLINE_FULL,24,ATU1,270,1.07145271469,1.84773615638,0.869712570413,0.766666666667,4.29790787672,6.47010303101,0.811111111111,5.51630503945,8.61120155954,0.848148148148,6.5730828737,11.4323420714
C8_ONLINE_FULL,24,ATU5,270,0.713295959815,1.28237781741,0.583398691634,0.674074074074,1.77372606471,4.5255297108,0.785185185185,2.27655275777,6.6087412743,0.803703703704,2.71267992545,9.62048805844
C8_ONLINE_FULL,24,MJ3,270,0.227173560249,0.319005972987,0.208259951659,0.803703703704,1.17421864141,1.76177331098,0.87037037037,1.50709331024,2.50440831904,0.892592592593,1.79581244253,3.59134669051
C8_ONLINE_FULL,24,MJ1,270,0.213784385391,0.300829609823,0.174910345982,0.833333333333,0.862443228681,1.30812246662,0.877777777778,1.10693390018,1.81022737397,0.888888888889,1.31899309585,2.46760078261
C8_ONLINE_FULL,25,ATU1,269,1.20132362382,2.07326715918,0.965058962703,0.762081784387,4.73150863864,7.13281322282,0.806691449814,6.0728255924,9.5087614432,0.847583643123,7.23621801386,12.6915138861
C8_ONLINE_FULL,25,ATU5,269,0.799964433497,1.4416880845,0.653068952753,0.654275092937,1.82284266941,5.07651833615,0.780669144981,2.33959323741,7.52333131141,0.799256505576,2.78779729009,11.2318984826
C8_ONLINE_FULL,25,MJ3,269,0.254309302762,0.357097220019,0.235464972076,0.82156133829,1.33628565245,2.00665439141,0.862453531599,1.71510406696,2.85351337855,0.89219330855,2.04367254684,4.09310802719
C8_ONLINE_FULL,25,MJ1,269,0.239285815677,0.335895597893,0.195137854066,0.836431226766,0.94695969687,1.45829092058,0.877323420074,1.21540961273,2.03278166004,0.888475836431,1.44824987974,2.79383377305
C8_ONLINE_FULL,26,ATU1,268,1.33981141178,2.31584024587,1.06704246875,0.764925373134,5.19943802162,7.83385875906,0.798507462687,6.67340645348,10.453076726,0.85447761194,7.95185424934,14.0697051477
C8_ONLINE_FULL,26,ATU5,268,0.897415594094,1.61669488832,0.727775135119,0.638059701493,1.93385485879,5.63998552149,0.772388059701,2.48207583994,8.37072347387,0.798507462687,2.95757578271,12.5327664836
C8_ONLINE_FULL,26,MJ3,268,0.283698397508,0.398062096437,0.26198455532,0.817164179104,1.46623100281,2.23515321131,0.861940298507,1.88188711852,3.19469652264,0.891791044776,2.24240681045,4.60188488841
C8_ONLINE_FULL,26,MJ1,268,0.266595996103,0.373369352021,0.216726983477,0.835820895522,1.03616615419,1.61861737254,0.876865671642,1.32990486116,2.27194128611,0.884328358209,1.58467938303,3.14712273199
C8_ONLINE_FULL,27,ATU1,267,1.48310900204,2.57202579918,1.16968959647,0.752808988764,5.49552358402,8.52146406463,0.794007490637,7.05342815865,11.3905050907,0.842696629213,8.40467804063,15.3757343244
C8_ONLINE_FULL,27,ATU5,267,1.00646907436,1.80651662013,0.805068700703,0.625468164794,2.07625857537,6.1854932431,0.756554307116,2.66484903144,9.08879192919,0.797752808989,3.17536347325,13.4470009835
C8_ONLINE_FULL,27,MJ3,267,0.315434751869,0.441938745196,0.291984743581,0.816479400749,1.63148413249,2.50098711883,0.857677902622,2.09398721424,3.57994721336,0.883895131086,2.49513966273,5.15769104697
C8_ONLINE_FULL,27,MJ1,267,0.294581449539,0.412670187894,0.239804919159,0.831460674157,1.1423993557,1.79913340805,0.87265917603,1.46625369917,2.5415344829,0.883895131086,1.74714904444,3.54082337522
C8_ONLINE_FULL,28,ATU1,266,1.62976110026,2.83572349111,1.27558659205,0.751879699248,5.76914072388,9.22050435806,0.793233082707,7.4046119557,12.3551118006,0.834586466165,8.82313934496,16.7470244191
C8_ONLINE_FULL,28,ATU5,266,1.11981832495,2.00821101017,0.88735007874,0.624060150376,2.2306254324,6.75882854573,0.736842105263,2.86297674748,9.84349189155,0.796992481203,3.41144720825,14.427201422
C8_ONLINE_FULL,28,MJ3,266,0.348988775461,0.488731737151,0.323410955219,0.804511278195,1.79393773667,2.77587148515,0.853383458647,2.30249415787,3.97863481093,0.87969924812,2.74359101023,5.74055998886
C8_ONLINE_FULL,28,MJ1,266,0.323203500141,0.453073033048,0.263359118613,0.834586466165,1.2413954149,1.9848538213,0.872180451128,1.59331376557,2.82071555659,0.87969924812,1.8985504518,3.95884972581
C8_ONLINE_FULL,29,ATU1,265,1.78284861347,3.11254641777,1.38788285208,0.739622641509,6.06044170329,9.96101507518,0.792452830189,7.77849271508,13.3544611369,0.830188679245,9.26864574802,18.1440906178
C8_ONLINE_FULL,29,ATU5,265,1.24030327264,2.22300307359,0.97089874948,0.618867924528,2.39667323698,7.2916054099,0.716981132075,3.0760967974,10.4385424007,0.788679245283,3.66539541092,14.9131138797
C8_ONLINE_FULL,29,MJ3,265,0.384650483046,0.538474326979,0.357481278969,0.8,1.97275236226,3.07786850127,0.849056603774,2.53200024516,4.42275903978,0.879245283019,3.01706438071,6.39286934258
C8_ONLINE_FULL,29,MJ1,265,0.35408858087,0.495551271921,0.288215637155,0.833962264151,1.3444702572,2.18296405803,0.871698113208,1.72560889343,3.11779936834,0.875471698113,2.05618981963,4.41589948042
C8_ONLINE_FULL,30,ATU1,264,1.95243485126,3.41934372796,1.50982514487,0.742424242424,6.460813479,10.7473384539,0.791666666667,8.29236432596,14.4057874033,0.829545454545,9.88096153922,19.6719147908
C8_ONLINE_FULL,30,ATU5,264,1.37452316974,2.45593634425,1.06306813554,0.613636363636,2.53089926453,7.9060035261,0.708333333333,3.24837403865,11.2528985844,0.784090909091,3.87067640534,15.9183414448
C8_ONLINE_FULL,30,MJ3,264,0.422618875769,0.591210272756,0.391017861938,0.791666666667,2.1219432741,3.36443895227,0.848484848485,2.72348470747,4.85073302556,0.871212121212,3.24523219064,7.04186386633
C8_ONLINE_FULL,30,MJ1,264,0.387661278477,0.541281236805,0.315484254517,0.829545454545,1.46750616813,2.40687130854,0.867424242424,1.88352377549,3.45055942881,0.875,2.24435700751,4.9172472202
C8_STATIC_DATA,1,ATU1,293,0.000507786607424,0.00087777423894,0.00325915190251,1,0.0355737642826,0.0355737642826,1,0.0456584321519,0.0456584321519,1,0.0544053775618,0.0544053775618
C8_STATIC_DATA,1,ATU5,293,0.000308011429418,0.000584337873688,0.00289460933027,1,0.0316524154769,0.0316524154769,1,0.0406254354477,0.0406254354477,1,0.0484081920901,0.0484081920901
C8_STATIC_DATA,1,MJ3,293,9.43281027964e-05,0.000150239716861,0.00234522779205,1,0.0257119661237,0.0257119661237,1,0.033000951247,0.033000951247,1,0.0393230588058,0.0393230588058
C8_STATIC_DATA,1,MJ1,293,8.51634821832e-05,0.000137120927787,0.00233796040789,1,0.0256338898879,0.0256338898879,1,0.0329007414828,0.0329007414828,1,0.039203651507,0.039203651507
C8_STATIC_DATA,2,ATU1,292,0.00191254010878,0.00330347178381,0.00533952330563,1,0.0571988647954,0.0571988647954,1,0.0734139481748,0.0734139481748,1,0.0874781147865,0.0874781147865
C8_STATIC_DATA,2,ATU5,292,0.00118069938486,0.00221429044991,0.00403499714968,1,0.0434527235595,0.0434527235595,1,0.055770966904,0.055770966904,1,0.0664552059367,0.0664552059367
C8_STATIC_DATA,2,MJ3,292,0.000356181501203,0.000563339905669,0.00265090775634,1,0.0289543018946,0.0289543018946,1,0.037162444156,0.037162444156,1,0.0442817834546,0.0442817834546
C8_STATIC_DATA,2,MJ1,292,0.000320933827282,0.000513754492303,0.00235053877817,1,0.0256647865436,0.0256647865436,1,0.0329403969111,0.0329403969111,1,0.0392509038642,0.0392509038642
C8_STATIC_DATA,3,ATU1,291,0.00463745487633,0.00799992316735,0.00793558847651,1,0.0814018178854,0.0814018178854,1,0.104478102161,0.104478102161,1,0.124493337312,0.124493337312
C8_STATIC_DATA,3,ATU5,291,0.00289640380596,0.00539910778214,0.00559751033925,1,0.0580170717396,0.0580170717396,1,0.0744641054186,0.0744641054186,1,0.0887294543235,0.0887294543235
C8_STATIC_DATA,3,MJ3,291,0.000873803425074,0.00136032328059,0.00315905600386,1,0.0340401085618,0.0340401085618,1,0.0436900063449,0.0436900063449,1,0.0520598535439,0.0520598535439
C8_STATIC_DATA,3,MJ1,291,0.000785455692803,0.00123984415197,0.00242366308969,1,0.0259159645787,0.0259159645787,1,0.0332627804291,0.0332627804291,1,0.0396350475194,0.0396350475194
C8_STATIC_DATA,4,ATU1,290,0.00917900659678,0.0157238836626,0.0113747248027,0.996551724138,0.108415866167,0.10845235022,1,0.139150257764,0.139150257764,1,0.165807758933,0.165807758933
C8_STATIC_DATA,4,ATU5,290,0.00578560361306,0.0106825628221,0.00779024151898,1,0.0753679162163,0.0753679162163,1,0.0967336732108,0.0967336732108,1,0.115265281043,0.115265281043
C8_STATIC_DATA,4,MJ3,290,0.00173587993928,0.00266742307657,0.00382562494369,1,0.0399090056628,0.0399090056628,1,0.0512226542244,0.0512226542244,1,0.0610355571021,0.0610355571021
C8_STATIC_DATA,4,MJ1,290,0.00155720425069,0.00243003169858,0.00267465278925,1,0.0268379777678,0.0268379777678,1,0.0344461715457,0.0344461715457,1,0.0410451450078,0.0410451450078
C8_STATIC_DATA,5,ATU1,289,0.0160060934568,0.0272551947469,0.0164208204544,0.989619377163,0.142928882604,0.14365894375,0.993079584775,0.183447234796,0.183728082617,1,0.218590862659,0.218590862659
C8_STATIC_DATA,5,ATU5,289,0.0102119916963,0.0186327365531,0.0108994483811,0.993079584775,0.0954834319054,0.0963857196029,1,0.122551658088,0.122551658088,1,0.14602930751,0.14602930751
C8_STATIC_DATA,5,MJ3,289,0.00303273331508,0.00461392145621,0.00480180764376,0.989619377163,0.0474692211437,0.047973784125,0.993079584775,0.0609260857434,0.0612246330901,1,0.0725979089078,0.0725979089078
C8_STATIC_DATA,5,MJ1,289,0.00271074832919,0.00420176640398,0.00328777643143,0.9723183391,0.029004128964,0.0295378860991,0.993079584775,0.037226396507,0.0373604958974,1,0.0443579873809,0.0443579873809
C8_STATIC_DATA,6,ATU1,288,0.025544583801,0.0433883067986,0.023269931782,0.96875,0.181408104381,0.18422702183,0.989583333333,0.23283478127,0.235047406972,0.993055555556,0.277439754006,0.279163162532
C8_STATIC_DATA,6,ATU5,288,0.0164787167565,0.0298320632163,0.015631403596,0.979166666667,0.124735513281,0.128125249899,0.986111111111,0.160096298071,0.162280059715,1,0.190766505381,0.190766505381
C8_STATIC_DATA,6,MJ3,288,0.00486258434948,0.0073303664878,0.00618684894808,0.982638888889,0.0572578965101,0.0589316918143,0.986111111111,0.0734897145605,0.0754319230857,0.989583333333,0.0875683960035,0.0898147597951
C8_STATIC_DATA,6,MJ1,288,0.00434352746337,0.00667378661776,0.00451017550749,0.927083333333,0.0340909881643,0.0377953606883,0.965277777778,0.0437553096075,0.0472372249732,0.982638888889,0.0521376671808,0.0548357410285
C8_STATIC_DATA,7,ATU1,287,0.0382608146515,0.0649243579691,0.0330893070201,0.919860627178,0.235611051694,0.249924481528,0.975609756098,0.302403510985,0.308616944832,0.989547038328,0.360336008394,0.367419417257
C8_STATIC_DATA,7,ATU5,287,0.0249811158005,0.0448672013853,0.0218669235401,0.923344947735,0.157530531414,0.167175467531,0.979094076655,0.202188248151,0.209683095299,0.98606271777,0.240922157437,0.246834515377
C8_STATIC_DATA,7,MJ3,287,0.00734269742598,0.0109470870507,0.00805584367136,0.975609756098,0.0692443923099,0.0726016622855,0.982578397213,0.0888742153647,0.0936264262484,0.982578397213,0.105900159391,0.112387389657
C8_STATIC_DATA,7,MJ1,287,0.00655086678343,0.00996489507562,0.00646634358331,0.909407665505,0.0466098751601,0.0531290531883,0.954703832753,0.0598231271141,0.0662041696907,0.975609756098,0.0712836526394,0.0774825414287
C8_STATIC_DATA,8,ATU1,286,0.05460196782,0.0926626604298,0.0466782335421,0.863636363636,0.310222795791,0.351775974431,0.947552447552,0.398166647787,0.425159914081,0.975524475524,0.474444823978,0.492047980819
C8_STATIC_DATA,8,ATU5,286,0.0360826522331,0.0643186219604,0.0301864395582,0.881118881119,0.200421189938,0.224847028319,0.968531468531,0.257237812391,0.272558204353,0.982517482517,0.30651775908,0.321824744962
C8_STATIC_DATA,8,MJ3,286,0.0105675809378,0.0155929327706,0.0105773980041,0.972027972028,0.0847744309386,0.0907069611939,0.975524475524,0.108806804151,0.117722932979,0.982517482517,0.12965130387,0.143294256545
C8_STATIC_DATA,8,MJ1,286,0.00940923592711,0.0141929562789,0.00893734773005,0.902097902098,0.0614709642878,0.0722072160652,0.947552447552,0.0788971285116,0.0895580341315,0.968531468531,0.0940117271425,0.105354108943
C8_STATIC_DATA,9,ATU1,285,0.0750528649684,0.12739118931,0.065439314206,0.870175438596,0.446046877887,0.503115690713,0.915789473684,0.572494969854,0.608116599071,0.978947368421,0.682169831928,0.715926608282
C8_STATIC_DATA,9,ATU5,285,0.0499989883523,0.0887500811571,0.0416017603865,0.873684210526,0.273135441642,0.308111764235,0.936842105263,0.350565544074,0.372685160706,0.982456140351,0.417724610474,0.434608926626
C8_STATIC_DATA,9,MJ3,285,0.0145990755284,0.0213941918512,0.0137092839382,0.940350877193,0.102129177351,0.11228705476,0.975438596491,0.131081380024,0.146108470523,0.975438596491,0.156193098086,0.180304939898
C8_STATIC_DATA,9,MJ1,285,0.0129886487361,0.0194740674587,0.0120257531185,0.891228070175,0.0803212552978,0.0957747624398,0.940350877193,0.103091215094,0.118435758399,0.968421052632,0.122840759443,0.139821847176
C8_STATIC_DATA,10,ATU1,284,0.100229702848,0.169876203549,0.087581669119,0.866197183099,0.587688185303,0.678944732208,0.897887323944,0.754289619787,0.829676316345,0.933098591549,0.898791518268,0.962974150512
C8_STATIC_DATA,10,ATU5,284,0.0670413557508,0.118698234391,0.0551053568061,0.855633802817,0.347255604666,0.404227983203,0.922535211268,0.4456977434,0.485050169956,0.957746478873,0.531081617684,0.56169070077
C8_STATIC_DATA,10,MJ3,284,0.0195627133452,0.0284736545733,0.0178901336713,0.922535211268,0.128794349516,0.144430155935,0.961267605634,0.165305757979,0.187778083383,0.975352112676,0.19697395973,0.233849890141
C8_STATIC_DATA,10,MJ1,284,0.0174096075373,0.0259218664617,0.0157781526236,0.894366197183,0.1027564781,0.124174036104,0.929577464789,0.131886511819,0.153802691502,0.971830985915,0.157152471793,0.181832779651
C8_STATIC_DATA,11,ATU1,283,0.130362777408,0.220851392819,0.113212372218,0.833922261484,0.729357100009,0.878715651973,0.886925795053,0.936119703293,1.08765799387,0.908127208481,1.11545542631,1.26036182415
C8_STATIC_DATA,11,ATU5,283,0.0875095873687,0.154662558706,0.0724312987145,0.798586572438,0.44513525184,0.533733788997,0.901060070671,0.57132491049,0.639563160443,0.936395759717,0.680775620203,0.7413514531
C8_STATIC_DATA,11,MJ3,283,0.0255374831975,0.0369497995815,0.0226692046224,0.890459363958,0.15460719809,0.179697488458,0.961130742049,0.198436190449,0.231944871481,0.971731448763,0.236451304929,0.291846492628
C8_STATIC_DATA,11,MJ1,283,0.0227392372468,0.0336469436655,0.0202115680671,0.883392226148,0.127074692188,0.157154435669,0.925795053004,0.163098601694,0.195366402831,0.964664310954,0.194343970802,0.230373785977
C8_STATIC_DATA,12,ATU1,282,0.166120486046,0.281006923101,0.14341393619,0.826241134752,0.899473338362,1.11389414739,0.879432624113,1.15446153142,1.39398251837,0.904255319149,1.37562576149,1.63766465517
C8_STATIC_DATA,12,ATU5,282,0.111505759815,0.197095511893,0.09245888976,0.776595744681,0.555665804446,0.682215099447,0.886524822695,0.713189338915,0.816850032211,0.929078014184,0.849817512955,0.949962338829
C8_STATIC_DATA,12,MJ3,282,0.0326246486204,0.046936085935,0.0295707915246,0.879432624113,0.202903628837,0.240514109643,0.929078014184,0.260423988224,0.310118636755,0.968085106383,0.310314321752,0.390311863093
C8_STATIC_DATA,12,MJ1,282,0.0290812398236,0.0427563210131,0.0255066739481,0.875886524823,0.157561373007,0.197311524875,0.914893617021,0.202227832907,0.244638175028,0.960992907801,0.240969325583,0.290927310742
C8_STATIC_DATA,13,ATU1,281,0.207918366762,0.350978473422,0.180367003769,0.811387900356,1.14037478005,1.40886897624,0.864768683274,1.46365518444,1.76798555418,0.903914590747,1.74405272317,2.09755562108
C8_STATIC_DATA,13,ATU5,281,0.139264751992,0.24639250166,0.11550102244,0.758007117438,0.675701543439,0.851285284478,0.875444839858,0.867253541991,1.02095093964,0.921708185053,1.03339633382,1.19496093714
C8_STATIC_DATA,13,MJ3,281,0.0408866218167,0.0585403371263,0.0374686789064,0.871886120996,0.255368874054,0.308793401124,0.91103202847,0.327762401445,0.401505706259,0.946619217082,0.390552990122,0.499853947399
C8_STATIC_DATA,13,MJ1,281,0.0364956139041,0.0533529486168,0.0316867381947,0.864768683274,0.193122274861,0.244576029254,0.907473309609,0.247869756311,0.303661082931,0.950177935943,0.295355031758,0.362729177664
C8_STATIC_DATA,14,ATU1,280,0.255714355453,0.431335876708,0.221684021448,0.807142857143,1.40118452579,1.73495774497,0.857142857143,1.7984008691,2.18534172577,0.903571428571,2.14292680847,2.61048795744
C8_STATIC_DATA,14,ATU5,280,0.171159930306,0.302880807982,0.142640708959,0.746428571429,0.821552773349,1.05238399145,0.860714285714,1.05445156895,1.26658544853,0.914285714286,1.256456541,1.48781046712
C8_STATIC_DATA,14,MJ3,280,0.0503879683838,0.0718642041768,0.0461881252648,0.860714285714,0.307572707168,0.381986817324,0.903571428571,0.394765295864,0.503309142891,0.925,0.47039186318,0.634802076228
C8_STATIC_DATA,14,MJ1,280,0.0450359056759,0.0655351469577,0.0386536905751,0.864285714286,0.229272742552,0.29710061861,0.907142857143,0.294268379273,0.371422978937,0.935714285714,0.350642401071,0.444345125851
C8_STATIC_DATA,15,ATU1,279,0.309660312108,0.522570370899,0.266687764117,0.802867383513,1.64966913458,2.08288702856,0.853046594982,2.11732741174,2.64429986936,0.89247311828,2.52295122344,3.19241290109
C8_STATIC_DATA,15,ATU5,279,0.207181045786,0.366806132791,0.173190400458,0.749103942652,0.995606118426,1.27744570253,0.845878136201,1.27784661885,1.53339604936,0.917562724014,1.52264816131,1.7894081792
C8_STATIC_DATA,15,MJ3,279,0.0612158401413,0.0870026935746,0.0559819631596,0.856630824373,0.36417616094,0.463200214984,0.899641577061,0.467415042262,0.617467068013,0.910394265233,0.556959375385,0.792125865236
C8_STATIC_DATA,15,MJ1,279,0.0548616114991,0.0793958897666,0.0466657165915,0.863799283154,0.270328911248,0.358171261636,0.903225806452,0.346963401311,0.453134700345,0.924731182796,0.413432392634,0.552347157457
C8_STATIC_DATA,16,ATU1,278,0.369960072997,0.625078807264,0.318217135142,0.784172661871,1.95215301303,2.48662450975,0.845323741007,2.50556126665,3.17333594921,0.877697841727,2.9855603947,3.87550815451
C8_STATIC_DATA,16,ATU5,278,0.247359280373,0.438314974898,0.205762541543,0.730215827338,1.15089300305,1.51288914423,0.838129496403,1.47715517752,1.82472382997,0.913669064748,1.7601389571,2.11397640248
C8_STATIC_DATA,16,MJ3,278,0.0733677958038,0.104043742307,0.0667968938929,0.852517985612,0.422491723475,0.551572591214,0.89928057554,0.54226225647,0.744445521946,0.906474820144,0.646145331987,0.975805872628
C8_STATIC_DATA,16,MJ1,278,0.065946253453,0.0950217796419,0.0559696850141,0.863309352518,0.323844494078,0.430112823242,0.895683453237,0.415649908263,0.553857839612,0.924460431655,0.495277413762,0.681657167009
C8_STATIC_DATA,17,ATU1,277,0.43653120937,0.739148798862,0.374543676821,0.772563176895,2.28060160655,2.92432536746,0.841155234657,2.92712047258,3.74646559584,0.87725631769,3.48787917092,4.62405537197
C8_STATIC_DATA,17,ATU5,277,0.291709831174,0.517440514407,0.242757697947,0.740072202166,1.33732274322,1.78014098957,0.826714801444,1.71643515855,2.15882556612,0.913357400722,2.0452586403,2.49416042157
C8_STATIC_DATA,17,MJ3,277,0.0869680602054,0.123068127455,0.0810027483895,0.848375451264,0.520929011906,0.67768902079,0.880866425993,0.668605148364,0.915470254541,0.909747292419,0.796692173212,1.20321932874
C8_STATIC_DATA,17,MJ1,277,0.07832873721,0.112491820386,0.0660312839343,0.859205776173,0.371847135002,0.505879362537,0.895306859206,0.477260630882,0.660507867153,0.909747292419,0.568691117823,0.826199694163
C8_STATIC_DATA,18,ATU1,276,0.509178485465,0.864979516668,0.432499773527,0.771739130435,2.55155275796,3.35360208612,0.840579710145,3.27488251049,4.32652803513,0.873188405797,3.90226319776,5.39815105239
C8_STATIC_DATA,18,ATU5,276,0.340032757547,0.604136446264,0.281777547463,0.713768115942,1.48052681655,2.0672407798,0.81884057971,1.90023559681,2.53596084755,0.891304347826,2.26427037085,2.93757532524
C8_STATIC_DATA,18,MJ3,276,0.10205478677,0.144151052821,0.0948153713354,0.833333333333,0.595882828961,0.79333990287,0.880434782609,0.764807331055,1.08390525633,0.905797101449,0.911324144239,1.44773431265
C8_STATIC_DATA,18,MJ1,276,0.0920734250999,0.131878303495,0.0772049513165,0.855072463768,0.423863622113,0.589845359155,0.894927536232,0.544023069309,0.77951343443,0.898550724638,0.648243469895,0.994729622736
C8_STATIC_DATA,19,ATU1,275,0.588322122709,1.00274065571,0.503462720217,0.774545454545,3.03499642157,3.91896333689,0.829090909091,3.89537573518,5.05064551646,0.88,4.64162647795,6.38523933806
C8_STATIC_DATA,19,ATU5,275,0.392339453218,0.698343383568,0.322236245261,0.712727272727,1.60693221147,2.35535236583,0.814545454545,2.06247516476,2.91140094765,0.88,2.45759073981,3.40022328653
C8_STATIC_DATA,19,MJ3,275,0.118624569548,0.167364710007,0.109479362927,0.825454545455,0.667551881323,0.915687345731,0.883636363636,0.856793563906,1.26384664106,0.905454545455,1.02093250118,1.72195889547
C8_STATIC_DATA,19,MJ1,275,0.107260534115,0.153251233546,0.0896725753811,0.850909090909,0.485127242532,0.683803328429,0.890909090909,0.622654074846,0.915631732592,0.898181818182,0.741938091955,1.18597825788
C8_STATIC_DATA,20,ATU1,274,0.674327160955,1.15267007015,0.578527260943,0.78102189781,3.51537126716,4.51199572747,0.821167883212,4.51193017458,5.82990215389,0.875912408759,5.37629640598,7.48532222334
C8_STATIC_DATA,20,ATU5,274,0.448709881713,0.8000937354,0.367452432595,0.697080291971,1.80770596653,2.66397610426,0.799270072993,2.32016548959,3.27817081711,0.886861313869,2.76464770072,3.79800404694
C8_STATIC_DATA,20,MJ3,274,0.136808989124,0.19278178097,0.126768428744,0.813868613139,0.764140039962,1.06604409863,0.879562043796,0.980763123407,1.4788496533,0.905109489051,1.16865134243,2.03955020649
C8_STATIC_DATA,20,MJ1,274,0.123833169682,0.176685755095,0.103215760029,0.850364963504,0.546077398769,0.785450351977,0.890510948905,0.700882753462,1.06287302917,0.894160583942,0.835153311919,1.39864969885
C8_STATIC_DATA,21,ATU1,273,0.766933129978,1.31520160278,0.653004341144,0.772893772894,3.90010199297,5.0633737213,0.81684981685,5.00572671525,6.58183863208,0.871794871795,5.96469127561,8.51876296896
C8_STATIC_DATA,21,ATU5,273,0.509014694836,0.909656084536,0.412968578585,0.681318681319,1.95022570641,2.96423990839,0.791208791209,2.50308759539,3.63743551463,0.886446886447,2.98261283358,4.20408224339
C8_STATIC_DATA,21,MJ3,273,0.156569688597,0.220479658021,0.144762735179,0.809523809524,0.853809970472,1.21956766735,0.879120879121,1.09585323323,1.70640449954,0.901098901099,1.30578966681,2.38330621064
C8_STATIC_DATA,21,MJ1,273,0.142067470558,0.202270662068,0.118190056993,0.85347985348,0.617921954946,0.898444536163,0.886446886447,0.79309424302,1.22838660587,0.893772893773,0.945030078783,1.63601943707
C8_STATIC_DATA,22,ATU1,272,0.86668430728,1.49108310213,0.742901151321,0.775735294118,4.53406685452,5.78997034889,0.808823529412,5.81941180598,7.55633997806,0.867647058824,6.93425686276,9.89735275823
C8_STATIC_DATA,22,ATU5,272,0.573668587717,1.02769203513,0.459985315393,0.661764705882,2.03320984993,3.27851285115,0.790441176471,2.60959659052,4.01802982067,0.878676470588,3.10952612912,4.66320490216
C8_STATIC_DATA,22,MJ3,272,0.178005533415,0.250544722872,0.162667516481,0.808823529412,0.92610172396,1.36661380268,0.886029411765,1.18863869433,1.92788208331,0.897058823529,1.41635036294,2.73869836052
C8_STATIC_DATA,22,MJ1,272,0.161993067462,0.230113389913,0.134287457739,0.852941176471,0.688161165096,1.01853568582,0.886029411765,0.883245293258,1.4052799363,0.893382352941,1.05245168077,1.89303507007
C8_STATIC_DATA,23,ATU1,271,0.975044101283,1.68140198092,0.821029865191,0.778597785978,4.80503986079,6.32296787241,0.808118081181,6.1672018943,8.29034438929,0.856088560886,7.34867431373,10.9346218803
C8_STATIC_DATA,23,ATU5,271,0.643160783565,1.15536193091,0.515456905219,0.638376383764,2.15915380088,3.68995096926,0.774907749077,2.77124390154,4.52354000223,0.867158671587,3.30214078043,5.32309039924
C8_STATIC_DATA,23,MJ3,271,0.201059202123,0.283075701684,0.188291666274,0.819188191882,1.10449206241,1.60491875943,0.870848708487,1.41760021496,2.25989666139,0.89667896679,1.68917484223,3.19036648849
C8_STATIC_DATA,23,MJ1,271,0.183853337251,0.260333520588,0.15172886355,0.852398523985,0.762736139351,1.14852553435,0.885608856089,0.97896123648,1.59589048948,0.885608856089,1.16650426173,2.17264694444
C8_STATIC_DATA,24,ATU1,270,1.09228149698,1.8873894003,0.908521722916,0.766666666667,5.16603467717,6.93606364944,0.807407407407,6.63053372503,9.13975606534,0.844444444444,7.90076824247,12.1620304743
C8_STATIC_DATA,24,ATU5,270,0.718095608503,1.29426756516,0.571361134227,0.62962962963,2.29769977343,4.06081425711,0.766666666667,2.94906573218,4.92747229001,0.87037037037,3.51402856061,5.75244112514
C8_STATIC_DATA,24,MJ3,270,0.226071462828,0.318181728148,0.212629031211,0.818518518519,1.24118445689,1.82135446216,0.866666666667,1.5930430039,2.57185121069,0.892592592593,1.89822781937,3.64423551893
C8_STATIC_DATA,24,MJ1,270,0.20795158656,0.293032943308,0.170840370142,0.848148148148,0.85090907235,1.29306111458,0.881481481481,1.0921299708,1.80838312006,0.885185185185,1.30135312598,2.48231944242
C8_STATIC_DATA,25,ATU1,269,1.22015347963,2.10984097776,1.00911431213,0.776951672862,5.72131078947,7.68563380767,0.799256505576,7.34322289948,10.1917519409,0.832713754647,8.74998977271,13.7316372294
C8_STATIC_DATA,25,ATU5,269,0.800105066117,1.44607974116,0.633528416169,0.617100371747,2.38826830947,4.51796127259,0.758364312268,3.06530918972,5.53833721091,0.85873605948,3.65254118353,6.5688346502
C8_STATIC_DATA,25,MJ3,269,0.253014579874,0.355971726986,0.239885380509,0.825278810409,1.39887799643,2.0692290461,0.85873605948,1.79544047072,2.93130851486,0.89219330855,2.13939927622,4.16852945162
C8_STATIC_DATA,25,MJ1,269,0.233976512637,0.328235652468,0.191098880986,0.843866171004,0.935084257964,1.44338829833,0.881040892193,1.20016765191,2.03086687299,0.884758364312,1.43008796321,2.81266635953
C8_STATIC_DATA,26,ATU1,268,1.35925726309,2.3480406913,1.10664222508,0.768656716418,6.10197370404,8.34795384097,0.798507462687,7.83179846094,11.1176548661,0.828358208955,9.33216346191,15.0939421073
C8_STATIC_DATA,26,ATU5,268,0.890645858338,1.61181008598,0.699052780829,0.597014925373,2.4460213764,4.99026647852,0.742537313433,3.13943444863,6.2268554624,0.84328358209,3.74086687734,7.44069535737
C8_STATIC_DATA,26,MJ3,268,0.282051999328,0.396540310975,0.268192296138,0.824626865672,1.55724135786,2.32257734953,0.85447761194,1.99869764462,3.30027601841,0.891791044776,2.38159513725,4.69567420246
C8_STATIC_DATA,26,MJ1,268,0.261457689786,0.365805248161,0.212695994408,0.847014925373,1.02364648849,1.60419008199,0.880597014925,1.31383604419,2.26886137461,0.880597014925,1.56553220664,3.16797108959
C8_STATIC_DATA,27,ATU1,267,1.50069912878,2.59812491908,1.21352234818,0.760299625468,6.59912370942,9.10475915925,0.797752808989,8.46988358484,12.1862064398,0.827715355805,10.0924887829,16.7096616659
C8_STATIC_DATA,27,ATU5,267,0.991941806141,1.79073931449,0.764947785957,0.591760299625,2.51554132067,5.41869316979,0.737827715356,3.22866233111,6.7994851442,0.842696629213,3.8471884571,8.08631678411
C8_STATIC_DATA,27,MJ3,267,0.31325651942,0.439949433258,0.296558840913,0.808988764045,1.69447045529,2.56979985469,0.85393258427,2.17482928434,3.66892852531,0.883895131086,2.59146893073,5.24292617222
C8_STATIC_DATA,27,MJ1,267,0.290066843281,0.405333785249,0.236216496133,0.857677902622,1.13841243968,1.79222711873,0.87265917603,1.46113654785,2.54857272408,0.880149812734,1.74105158256,3.57672738681
C8_STATIC_DATA,28,ATU1,266,1.64133563624,2.85292913386,1.31413360738,0.759398496241,6.85310293133,9.73892214485,0.796992481203,8.79586238707,13.083360448,0.81954887218,10.4809164835,18.0857587514
C8_STATIC_DATA,28,ATU5,266,1.09548614274,1.97966149031,0.839254018242,0.582706766917,2.52539712211,5.967820677,0.736842105263,3.24131211531,7.74131058373,0.827067669173,3.86226160466,9.51056336507
C8_STATIC_DATA,28,MJ3,266,0.346383353998,0.486211369943,0.32879256511,0.804511278195,1.87121216113,2.85904366167,0.84962406015,2.40167480793,4.08743981619,0.875939849624,2.86177204402,5.84795197358
C8_STATIC_DATA,28,MJ1,266,0.31975268106,0.446196907623,0.259959581618,0.84962406015,1.23735004002,1.97832069028,0.872180451128,1.58812158313,2.82810920393,0.87969924812,1.89236358482,3.99440003781
C8_STATIC_DATA,29,ATU1,265,1.78625624135,3.11634117052,1.42762764263,0.754716981132,7.35659304016,10.5253849433,0.796226415094,9.44208494566,14.2001967082,0.822641509434,11.250938156,19.8101712174
C8_STATIC_DATA,29,ATU5,265,1.20332915048,2.17899730713,0.916476554651,0.577358490566,2.52007297336,6.52601578135,0.735849056604,3.23447864437,8.64234822149,0.818867924528,3.85411902181,11.0329530642
C8_STATIC_DATA,29,MJ3,265,0.381420335214,0.535364208073,0.36291670066,0.8,2.04889366886,3.16468919861,0.845283018868,2.62972655418,4.53747799995,0.867924528302,3.13351246028,6.51531006265
C8_STATIC_DATA,29,MJ1,265,0.350745476143,0.488806825943,0.284844977241,0.841509433962,1.34038494798,2.17594664912,0.871698113208,1.72036545581,3.12543381345,0.875471698113,2.04994187834,4.4420906706
C8_STATIC_DATA,30,ATU1,264,1.94484250276,3.40510668846,1.5423782606,0.757575757576,7.72571904932,11.262286715,0.795454545455,9.91585304933,15.267367848,0.814393939394,11.8154676709,21.4884632624
C8_STATIC_DATA,30,ATU5,264,1.32257836011,2.39436809846,1.00101004021,0.564393939394,2.55439317452,7.13196799327,0.731060606061,3.27852814568,9.62607230588,0.814393939394,3.90660724002,12.700326369
C8_STATIC_DATA,30,MJ3,264,0.418830106877,0.587504539953,0.399314043265,0.791666666667,2.24469925144,3.49114623915,0.840909090909,2.88104029866,5.01088165942,0.856060606061,3.43297125705,7.20597437151
C8_STATIC_DATA,30,MJ1,264,0.38421651704,0.534860899329,0.312202441658,0.840909090909,1.46335812474,2.3981889363,0.867424242424,1.87819981944,3.45588853321,0.871212121212,2.2380131226,4.9424095134
C8_STATIC_FULL,1,ATU1,293,0.0005301286159,0.000902020348776,0.00328163647393,1,0.0358131391247,0.0358131391247,1,0.0459656664355,0.0459656664355,1,0.0547714697909,0.0547714697909
C8_STATIC_FULL,1,ATU5,293,0.000318144984047,0.000585549438229,0.00290486147745,1,0.0317669744856,0.0317669744856,1,0.0407724703436,0.0407724703436,1,0.0485833949749,0.0485833949749
C8_STATIC_FULL,1,MJ3,293,9.94356242427e-05,0.00015259562002,0.00234266382493,1,0.0256835229024,0.0256835229024,1,0.0329644447677,0.0329644447677,1,0.0392795586527,0.0392795586527
C8_STATIC_FULL,1,MJ1,293,9.16249630856e-05,0.000142331225645,0.00233801587971,1,0.0256338612504,0.0256338612504,1,0.0329007047271,0.0329007047271,1,0.0392036077098,0.0392036077098
C8_STATIC_FULL,2,ATU1,292,0.00199499971558,0.0033886045553,0.00540977773805,1,0.0579080022273,0.0579080022273,1,0.074324116215,0.074324116215,1,0.0885626468989,0.0885626468989
C8_STATIC_FULL,2,ATU5,292,0.00121381473469,0.00221535985218,0.00406825047492,1,0.0438386631003,0.0438386631003,1,0.0562663149419,0.0562663149419,1,0.0670454495294,0.0670454495294
C8_STATIC_FULL,2,MJ3,292,0.000371775008681,0.000569029885809,0.00262787128326,1,0.0286973658353,0.0286973658353,1,0.0368326702939,0.0368326702939,1,0.0438888336613,0.0438888336613
C8_STATIC_FULL,2,MJ1,292,0.000343876201188,0.000532667934626,0.0023512874098,1,0.0256643464282,0.0256643464282,1,0.0329398320291,0.0329398320291,1,0.0392502307658,0.0392502307658
C8_STATIC_FULL,3,ATU1,291,0.00484432302452,0.00818938095398,0.00809886358697,1,0.0829303279362,0.0829303279362,1,0.106439923572,0.106439923572,1,0.126830991707,0.126830991707
C8_STATIC_FULL,3,ATU5,291,0.00299135303717,0.0053957692317,0.00568869062847,1,0.0591125130433,0.0591125130433,1,0.0758700891105,0.0758700891105,1,0.0904047872247,0.0904047872247
C8_STATIC_FULL,3,MJ3,291,0.000901070569155,0.00136931273609,0.00312148857876,1,0.0336082590495,0.0336082590495,1,0.0431357334965,0.0431357334965,1,0.0513993967089,0.0513993967089
C8_STATIC_FULL,3,MJ1,291,0.000840981809741,0.00128617676057,0.00242794396869,1,0.0259120721023,0.0259120721023,1,0.0332577844896,0.0332577844896,1,0.0396290944903,0.0396290944903
C8_STATIC_FULL,4,ATU1,290,0.00956799065517,0.0160429943153,0.0116976163552,0.996551724138,0.111241465313,0.111252552368,1,0.142776875006,0.142776875006,1,0.170129139913,0.170129139913
C8_STATIC_FULL,4,ATU5,290,0.00599389867637,0.0106620029214,0.00800914590602,1,0.0780839032942,0.0780839032942,1,0.100219604886,0.100219604886,1,0.119419024832,0.119419024832
C8_STATIC_FULL,4,MJ3,290,0.00177197368965,0.00267932864907,0.00377766754652,1,0.039317851802,0.039317851802,1,0.0504639164583,0.0504639164583,1,0.0601314652906,0.0601314652906
C8_STATIC_FULL,4,MJ1,290,0.00167390900796,0.00252824221376,0.0026921422205,1,0.0268228843812,0.0268228843812,1,0.0344267993937,0.0344267993937,1,0.041022061665,0.041022061665
C8_STATIC_FULL,5,ATU1,289,0.0165455306138,0.0276408051872,0.0168205343759,0.98615916955,0.145269670077,0.14589925724,0.996539792388,0.186451602992,0.18652552012,1,0.22217078817,0.22217078817
C8_STATIC_FULL,5,ATU5,289,0.0105635240621,0.0185601269893,0.0112457328045,0.993079584775,0.100115539785,0.100647938243,1,0.128496904188,0.128496904188,1,0.153113505182,0.153113505182
C8_STATIC_FULL,5,MJ3,289,0.00307267665128,0.00462782067046,0.00474360214977,0.989619377163,0.0466753008626,0.0471769617443,0.993079584775,0.0599071000943,0.0602008602288,1,0.0713837126168,0.0713837126168
C8_STATIC_FULL,5,MJ1,289,0.0029201429663,0.00438699030787,0.00334198959426,0.9723183391,0.028969797393,0.0295409131846,0.993079584775,0.0371823324125,0.0373994429736,1,0.044305481774,0.044305481774
C8_STATIC_FULL,6,ATU1,288,0.0262271338193,0.0436966524079,0.0242978049925,0.961805555556,0.192242553264,0.19455779028,0.986111111111,0.246740645865,0.248221886678,0.993055555556,0.294009613678,0.294438233606
C8_STATIC_FULL,6,ATU5,288,0.0170414933671,0.0296627944124,0.0159233453495,0.982638888889,0.128540151789,0.13116548902,0.993055555556,0.164979498729,0.166413152835,1,0.196585197855,0.196585197855
C8_STATIC_FULL,6,MJ3,288,0.00490067085784,0.00734433717238,0.00612546840869,0.982638888889,0.0562559613695,0.0579617178469,0.986111111111,0.0722037447297,0.0742076544511,0.989583333333,0.0860360684381,0.0884071179054
C8_STATIC_FULL,6,MJ1,288,0.00468194083703,0.00698340878215,0.00463504866484,0.916666666667,0.0341488987237,0.038102567196,0.961805555556,0.0438296370059,0.047394947426,0.979166666667,0.0522262337386,0.0552644151887
C8_STATIC_FULL,7,ATU1,287,0.0389986810796,0.0649706875693,0.0342844372161,0.93031358885,0.250438392551,0.257034825883,0.975609756098,0.321434196946,0.325500177435,0.989547038328,0.383012469372,0.386327295739
C8_STATIC_FULL,7,ATU5,287,0.0257559280484,0.0445376418693,0.0222804710872,0.95818815331,0.163830836651,0.170596017599,0.982578397213,0.210274602378,0.215271951084,0.993031358885,0.250557642803,0.253808622521
C8_STATIC_FULL,7,MJ3,287,0.0073744905961,0.0109584276321,0.00799947344564,0.975609756098,0.068092477425,0.0714977068865,0.982578397213,0.0873957486159,0.0922373165984,0.982578397213,0.1041384576,0.11084255284
C8_STATIC_FULL,7,MJ1,287,0.00700770996337,0.0103776429339,0.00662114250296,0.905923344948,0.0463528087857,0.0533663316856,0.95818815331,0.0594931859946,0.0663905871902,0.968641114983,0.0708905035465,0.078354684995
C8_STATIC_FULL,8,ATU1,286,0.0554149006565,0.0924380614173,0.04775708855,0.884615384615,0.333560853789,0.350469990056,0.958041958042,0.428120720941,0.43683942866,0.98951048951,0.510137303606,0.517226299947
C8_STATIC_FULL,8,ATU5,286,0.0369746779722,0.0637145196211,0.030603936243,0.909090909091,0.205281258276,0.224913805663,0.972027972028,0.263475642571,0.276715472971,0.98951048951,0.313950592188,0.325862705532
C8_STATIC_FULL,8,MJ3,286,0.0105915258336,0.0155972844615,0.0105294175638,0.965034965035,0.0834643943747,0.0895145936312,0.975524475524,0.107125390425,0.11617249489,0.982517482517,0.12764777584,0.141526230331
C8_STATIC_FULL,8,MJ1,286,0.0100698040075,0.0148237649419,0.00920980503778,0.898601398601,0.0619298335839,0.0730081589781,0.947552447552,0.0794860808771,0.0906345101192,0.968531468531,0.0947135071709,0.107312390995
C8_STATIC_FULL,9,ATU1,285,0.0760002563174,0.126622256027,0.0647398974601,0.849122807018,0.436461412671,0.473004348481,0.940350877193,0.560192158442,0.577879434895,0.975438596491,0.667510127939,0.681260322258
C8_STATIC_FULL,9,ATU5,285,0.0510846083671,0.0877067005209,0.041333875023,0.856140350877,0.256606320012,0.302904765722,0.957894736842,0.329350646138,0.358354980669,0.982456140351,0.392445500401,0.418562347309
C8_STATIC_FULL,9,MJ3,285,0.014622922921,0.021390914623,0.0136693185489,0.915789473684,0.100872496978,0.111396856945,0.975438596491,0.129468448227,0.144631069938,0.975438596491,0.154271171307,0.178715783954
C8_STATIC_FULL,9,MJ1,285,0.0139430200534,0.020392632744,0.0123944498281,0.884210526316,0.0796404872569,0.0970073777933,0.943859649123,0.102217458773,0.120261207805,0.961403508772,0.12179961457,0.143029482019
C8_STATIC_FULL,10,ATU1,284,0.101084654223,0.168168453767,0.0854555513522,0.80985915493,0.556633334546,0.627426438372,0.926056338028,0.714431150354,0.74896552174,0.961267605634,0.851297222552,0.882760610534
C8_STATIC_FULL,10,ATU5,284,0.0682028147306,0.117013869458,0.0554606500082,0.830985915493,0.336507290405,0.411751095662,0.926056338028,0.431902431396,0.480861112649,0.971830985915,0.514643489549,0.55855728277
C8_STATIC_FULL,10,MJ3,284,0.0195926858689,0.0284652103215,0.0178312005871,0.901408450704,0.127229152104,0.143407956419,0.961267605634,0.16329684885,0.185862225214,0.975352112676,0.194580196858,0.231799297433
C8_STATIC_FULL,10,MJ1,284,0.0187479330049,0.0272203606988,0.0162996793723,0.890845070423,0.102073672256,0.125753290413,0.933098591549,0.131010140005,0.156533129663,0.961267605634,0.156108210368,0.18663295482
C8_STATIC_FULL,11,ATU1,283,0.130991959579,0.217707163006,0.11353071086,0.833922261484,0.768097144614,0.854857472455,0.897526501767,0.985842012243,1.04763382625,0.943462897527,1.17470321175,1.23969907134
C8_STATIC_FULL,11,ATU5,283,0.0886069647715,0.152094728421,0.0725279588082,0.816254416961,0.429752145232,0.545481215949,0.901060070671,0.55158090691,0.639930156198,0.968197879859,0.657249188858,0.731159856717
C8_STATIC_FULL,11,MJ3,283,0.0255602502438,0.0369392272071,0.0225949473763,0.876325088339,0.152712380692,0.178713983235,0.961130742049,0.196004218647,0.229558736053,0.971731448763,0.23355343179,0.289245576613
C8_STATIC_FULL,11,MJ1,283,0.0244753512977,0.0354265423016,0.0210288428623,0.886925795053,0.129464635044,0.16063607896,0.922261484099,0.166166060141,0.200956674702,0.964664310954,0.197999072983,0.23919554265
C8_STATIC_FULL,12,ATU1,282,0.165837053415,0.275816134319,0.144701807843,0.822695035461,0.974532739265,1.10334306536,0.882978723404,1.25079922951,1.36271495154,0.921985815603,1.49041920908,1.60691407578
C8_STATIC_FULL,12,ATU5,282,0.112598843151,0.193396273608,0.0934542932621,0.815602836879,0.550603901935,0.711383078355,0.872340425532,0.706692457377,0.841655513115,0.957446808511,0.842076001117,0.949838529923
C8_STATIC_FULL,12,MJ3,282,0.0326722252659,0.0469355025586,0.0294507881322,0.875886524823,0.200033015867,0.238715696592,0.929078014184,0.256739596365,0.307712109483,0.968085106383,0.30592409807,0.386172733121
C8_STATIC_FULL,12,MJ1,282,0.0313357136947,0.0451744392866,0.0265384173908,0.868794326241,0.158113663255,0.200320614018,0.918439716312,0.202936689766,0.251821174768,0.964539007092,0.241813980628,0.300429398089
C8_STATIC_FULL,13,ATU1,281,0.206418151536,0.343120075717,0.180521781236,0.82206405694,1.2062892531,1.38706794896,0.871886120996,1.54825549471,1.72711615013,0.896797153025,1.84486021052,2.05408970967
C8_STATIC_FULL,13,ATU5,281,0.140122579229,0.241203269809,0.117062264389,0.804270462633,0.673394086531,0.897088167501,0.85409252669,0.864291953112,1.07611618404,0.935943060498,1.02986738301,1.19627819229
C8_STATIC_FULL,13,MJ3,281,0.040971240261,0.0585520126077,0.0374807354198,0.871886120996,0.253978900235,0.308656139405,0.907473309609,0.325978389362,0.402720217688,0.943060498221,0.38842720861,0.501960349287
C8_STATIC_FULL,13,MJ1,281,0.0393724767564,0.0565148753448,0.0328942156275,0.846975088968,0.189140583267,0.24628442596,0.914590747331,0.242759310475,0.309351423876,0.950177935943,0.289265559955,0.370667744671
C8_STATIC_FULL,14,ATU1,280,0.252744644249,0.420169212106,0.22034336587,0.814285714286,1.42869600909,1.69592200121,0.860714285714,1.83371147563,2.12097405864,0.885714285714,2.1850019913,2.55051909012
C8_STATIC_FULL,14,ATU5,280,0.171290093011,0.295819276305,0.142938195956,0.796428571429,0.783490198023,1.10089478748,0.846428571429,1.0055987824,1.35333484768,0.9,1.19824485542,1.50979650011
C8_STATIC_FULL,14,MJ3,280,0.0505070673502,0.0718918672699,0.0456647361749,0.864285714286,0.298699674893,0.37443383746,0.907142857143,0.383376882231,0.495551273564,0.928571428571,0.456821731348,0.627297471019
C8_STATIC_FULL,14,MJ1,280,0.0486023932735,0.0695627546561,0.0403903662745,0.85,0.229269502422,0.302550460646,0.907142857143,0.294264220611,0.380861203529,0.935714285714,0.350637445719,0.460072837841
C8_STATIC_FULL,15,ATU1,279,0.304752428741,0.507497816803,0.265264510385,0.813620071685,1.68407099823,2.04565145175,0.853046594982,2.16148172571,2.57784318268,0.881720430108,2.57556433364,3.13619578196
C8_STATIC_FULL,15,ATU5,279,0.206422266526,0.357553013049,0.172690726189,0.781362007168,0.912349301364,1.33702467974,0.835125448029,1.17098765102,1.6726552009,0.878136200717,1.39531784758,1.92231484232
C8_STATIC_FULL,15,MJ3,279,0.0614000792074,0.0870531464829,0.0555545483419,0.863799283154,0.357969662671,0.456641362934,0.899641577061,0.459449087976,0.61014190272,0.917562724014,0.547467355397,0.784255409747
C8_STATIC_FULL,15,MJ1,279,0.0592058440603,0.084444807023,0.049003042859,0.853046594982,0.275691480305,0.367569867086,0.899641577061,0.353846184181,0.466675133549,0.928315412186,0.421633734272,0.569270422557
C8_STATIC_FULL,16,ATU1,278,0.362453303496,0.60560814563,0.31433201986,0.809352517986,1.94867880444,2.42371811044,0.848920863309,2.50110216821,3.07852940504,0.874100719424,2.98024705118,3.79527746618
C8_STATIC_FULL,16,ATU5,278,0.24528850855,0.426582591725,0.205148788413,0.769784172662,1.03845320342,1.59326179122,0.827338129496,1.33284025706,2.03112897211,0.859712230216,1.58817712299,2.40434652719
C8_STATIC_FULL,16,MJ3,278,0.0736264001453,0.104115649593,0.0659579308442,0.848920863309,0.409318538946,0.53963266387,0.902877697842,0.525354657171,0.731903185591,0.913669064748,0.625998684803,0.965280409499
C8_STATIC_FULL,16,MJ1,278,0.0711129176186,0.101176561271,0.0586824169223,0.856115107914,0.327221349841,0.440150009815,0.892086330935,0.419984055712,0.564974191959,0.920863309353,0.500441868984,0.694713588989
C8_STATIC_FULL,17,ATU1,277,0.426456798157,0.714897633048,0.369303750812,0.808664259928,2.24608594987,2.85009713605,0.841155234657,2.88282010683,3.6417280207,0.870036101083,3.4350920293,4.5460780419
C8_STATIC_FULL,17,ATU5,277,0.287865916666,0.502946595579,0.240604592607,0.754512635379,1.16574741581,1.86979637298,0.819494584838,1.4962206099,2.42181396746,0.851985559567,1.78285682098,2.94019797506
C8_STATIC_FULL,17,MJ3,277,0.0872636068886,0.12315164402,0.0782741834111,0.851985559567,0.477115496731,0.641916833928,0.898916967509,0.612371110436,0.878909332453,0.913357400722,0.729685184117,1.17889265512
C8_STATIC_FULL,17,MJ1,277,0.084156762608,0.119754616838,0.0692924023217,0.848375451264,0.377433361152,0.519059422633,0.891696750903,0.484430474524,0.673386086285,0.906137184116,0.577234513469,0.838552492931
C8_STATIC_FULL,18,ATU1,276,0.496787900486,0.835813586224,0.424126746808,0.804347826087,2.45815943681,3.25054125051,0.844202898551,3.15501348051,4.17811361054,0.869565217391,3.75943043881,5.2521346747
C8_STATIC_FULL,18,ATU5,276,0.334585390703,0.586879474827,0.278859422937,0.746376811594,1.29185457779,2.16608451199,0.811594202899,1.65807740001,2.84055511792,0.844202898551,1.97572108201,3.52997982432
C8_STATIC_FULL,18,MJ3,276,0.102419729895,0.144241999316,0.0919891865747,0.840579710145,0.550592866863,0.75630486832,0.894927536232,0.706678294016,1.04630512552,0.905797101449,0.842059124431,1.42632270037
C8_STATIC_FULL,18,MJ1,276,0.0983698660626,0.140103189147,0.0809396109846,0.851449275362,0.434891232873,0.605297096184,0.88768115942,0.558176854489,0.791473264168,0.902173913043,0.665108745165,0.994467928527
C8_STATIC_FULL,19,ATU1,275,0.573444269962,0.968888075863,0.487933217281,0.803636363636,2.77066874188,3.73300425304,0.836363636364,3.55611483119,4.82921462067,0.861818181818,4.23737217696,6.13779603316
C8_STATIC_FULL,19,ATU5,275,0.385054469351,0.678658953744,0.319960649045,0.738181818182,1.38908369416,2.48804069065,0.807272727273,1.78286961985,3.33817779004,0.836363636364,2.12442018352,4.29664119659
C8_STATIC_FULL,19,MJ3,275,0.119118949382,0.167462642677,0.106721808354,0.821818181818,0.624951371394,0.878628617234,0.894545454545,0.802116401355,1.22647373253,0.905454545455,0.955780643521,1.69804792056
C8_STATIC_FULL,19,MJ1,275,0.113696684287,0.162199691838,0.0935493317816,0.847272727273,0.492714423767,0.698280134861,0.887272727273,0.632392116535,0.921339193338,0.894545454545,0.753541684322,1.17283570011
C8_STATIC_FULL,20,ATU1,274,0.656894611445,1.11489638276,0.555720144823,0.799270072993,3.08296737201,4.23656309122,0.828467153285,3.9569457835,5.51870062046,0.857664233577,4.71499171559,7.09893359923
C8_STATIC_FULL,20,ATU5,274,0.439784161814,0.778751208955,0.36359113525,0.737226277372,1.48206916842,2.82166714211,0.799270072993,1.90221518401,3.85069427942,0.832116788321,2.26662919449,5.08683252445
C8_STATIC_FULL,20,MJ3,274,0.137363396945,0.192890143186,0.123459544483,0.810218978102,0.714401373244,1.0219003127,0.890510948905,0.916924235803,1.43524959911,0.905109489051,1.09258261603,2.00802310438
C8_STATIC_FULL,20,MJ1,274,0.130470198125,0.185993748323,0.107470967605,0.850364963504,0.558786986753,0.803707580551,0.883211678832,0.717195333036,1.07213268595,0.894160583942,0.85459094937,1.38469249487
C8_STATIC_FULL,21,ATU1,273,0.747729992463,1.27496358029,0.627872137144,0.791208791209,3.40035072189,4.76300808218,0.820512820513,4.36430290297,6.24752073114,0.85347985348,5.20038766203,8.10934023029
C8_STATIC_FULL,21,ATU5,273,0.499247039844,0.887907551452,0.411151232068,0.728937728938,1.56552819843,3.18581615864,0.794871794872,2.00933368935,4.42290483944,0.820512820513,2.39426876624,6.00093125241
C8_STATIC_FULL,21,MJ3,273,0.157195624787,0.220622599581,0.141759728848,0.805860805861,0.812178353566,1.17970314329,0.886446886447,1.04241963142,1.66354240865,0.897435897436,1.24211960315,2.34381531653
C8_STATIC_FULL,21,MJ1,273,0.148765543944,0.211833844595,0.122611848084,0.849816849817,0.631348001772,0.917613943019,0.879120879121,0.810326387563,1.2359247326,0.89010989011,0.965563445478,1.61420497431
C8_STATIC_FULL,22,ATU1,272,0.84628938882,1.4500929422,0.701649942198,0.779411764706,3.64904823134,5.28127460527,0.819852941176,4.68350270064,6.97726535644,0.845588235294,5.58073768045,9.11532689252
C8_STATIC_FULL,22,ATU5,272,0.564217321426,1.00729434571,0.463769755048,0.705882352941,1.64171039764,3.59472770865,0.790441176471,2.10711248346,5.09371233631,0.819852941176,2.51077938565,7.10377625108
C8_STATIC_FULL,22,MJ3,272,0.178642458118,0.250771149941,0.160977176064,0.805147058824,0.905489104283,1.34314952388,0.886029411765,1.16218268339,1.90252010781,0.897058823529,1.38482608153,2.71212111566
C8_STATIC_FULL,22,MJ1,272,0.168691169197,0.239780437476,0.138838035914,0.841911764706,0.702021332873,1.0375470576,0.878676470588,0.90103462601,1.41112108346,0.893382352941,1.07364897816,1.86570864919
C8_STATIC_FULL,23,ATU1,271,0.953565186579,1.6412443654,0.779697291166,0.763837638376,3.84020598255,5.8297052543,0.819188191882,4.92885101814,7.74380253834,0.837638376384,5.87308823256,10.2040577514
C8_STATIC_FULL,23,ATU5,271,0.635086329555,1.1383819911,0.520146301681,0.693726937269,1.70242613858,4.03151995293,0.789667896679,2.1850402933,5.7973179674,0.815498154982,2.60363609835,8.25967771584
C8_STATIC_FULL,23,MJ3,271,0.201766435821,0.283435198831,0.18371853408,0.808118081181,1.03631895489,1.54475054334,0.878228782288,1.33010097873,2.19087203164,0.89667896679,1.58491307153,3.13280888074
C8_STATIC_FULL,23,MJ1,271,0.190537186746,0.269919029714,0.156552502841,0.845018450185,0.783596009872,1.17155634653,0.874538745387,1.00573459044,1.60721816124,0.889298892989,1.19840668068,2.15142370637
C8_STATIC_FULL,24,ATU1,270,1.07198189051,1.84951134641,0.870262152812,0.766666666667,4.29802328907,6.47526734887,0.811111111111,5.5164531696,8.61845552692,0.848148148148,6.57325938166,11.4376011748
C8_STATIC_FULL,24,ATU5,270,0.713495359422,1.28310770664,0.583645014108,0.674074074074,1.77380770379,4.5281296055,0.785185185185,2.27665754039,6.61346700448,0.803703703704,2.71280478164,9.62950519383
C8_STATIC_FULL,24,MJ3,270,0.226911436838,0.318760411404,0.20822603428,0.803703703704,1.17420421431,1.76199201089,0.87037037037,1.50707479326,2.50470138492,0.892592592593,1.79579037818,3.59176840923
C8_STATIC_FULL,24,MJ1,270,0.214304695516,0.302412871352,0.175637520954,0.833333333333,0.873018102119,1.31691440959,0.87037037037,1.1205066033,1.81648663572,0.888888888889,1.33516596913,2.45775085061
C8_STATIC_FULL,25,ATU1,269,1.20205887608,2.07546697406,0.965708005194,0.762081784387,4.73153549658,7.13875891068,0.806691449814,6.07286006419,9.51641450741,0.847583643123,7.23625908952,12.6954431391
C8_STATIC_FULL,25,ATU5,269,0.800309970976,1.44271060967,0.653402125807,0.650557620818,1.82295381921,5.07983210504,0.780669144981,2.33973589663,7.52932405567,0.799256505576,2.78796727903,11.2426424791
C8_STATIC_FULL,25,MJ3,269,0.254050756402,0.356860336329,0.235440001965,0.82156133829,1.33627014633,2.00686189542,0.862453531599,1.71508416506,2.85373796625,0.89219330855,2.04364883227,4.09359043962
C8_STATIC_FULL,25,MJ1,269,0.239782365908,0.337383544696,0.195847470431,0.840148698885,0.95836659023,1.46780179047,0.869888475836,1.23005020186,2.03682328003,0.888475836431,1.46569521769,2.78448023044
C8_STATIC_FULL,26,ATU1,268,1.3406798479,2.31845945793,1.06779439648,0.764925373134,5.19941142258,7.84003127129,0.798507462687,6.67337231399,10.4618549547,0.85447761194,7.95181356962,14.0697128215
C8_STATIC_FULL,26,ATU5,268,0.897931538878,1.61800413967,0.728204319764,0.638059701493,1.93404688542,5.64412913823,0.772388059701,2.48232230346,8.37754825208,0.798507462687,2.95786946211,12.5453021883
C8_STATIC_FULL,26,MJ3,268,0.283425863177,0.397836251149,0.261966486506,0.817164179104,1.46620626214,2.23537983704,0.861940298507,1.88185536422,3.19493531262,0.891791044776,2.24236897287,4.60237686354
C8_STATIC_FULL,26,MJ1,268,0.266956741017,0.374759367532,0.217810309349,0.84328358209,1.06042983959,1.63710258383,0.869402985075,1.36104696423,2.28621615932,0.884328358209,1.62178748762,3.14698972006
C8_STATIC_FULL,27,ATU1,267,1.48412944146,2.57506179487,1.17056085647,0.752808988764,5.49547039015,8.5283867215,0.794007490637,7.05335988505,11.4013884739,0.842696629213,8.40459668762,15.3805163481
C8_STATIC_FULL,27,ATU5,267,1.00709536181,1.8080956808,0.805597430889,0.625468164794,2.07658553994,6.19045973132,0.756554307116,2.66526868593,9.09682127795,0.797752808989,3.17586352241,13.46014162
C8_STATIC_FULL,27,MJ3,267,0.31514465888,0.441714177795,0.291969438206,0.816479400749,1.63143844563,2.50118396483,0.857677902622,2.0939285758,3.58018230024,0.883895131086,2.49506979072,5.15824376697
C8_STATIC_FULL,27,MJ1,267,0.294907045499,0.413944974521,0.240530270937,0.835205992509,1.15617503408,1.81215726197,0.868913857678,1.48393459096,2.54745305155,0.883895131086,1.76821712645,3.533870699
C8_STATIC_FULL,28,ATU1,266,1.63095497599,2.83922709285,1.27658802267,0.751879699248,5.76907157236,9.22829691592,0.793233082707,7.40452320068,12.3672945587,0.834586466165,8.82303358684,16.7522972622
C8_STATIC_FULL,28,ATU5,266,1.12053956078,2.01004553291,0.887980221324,0.624060150376,2.23112886925,6.76455702832,0.736842105263,2.86362290168,9.85253204798,0.796992481203,3.41221714847,14.4414615302
C8_STATIC_FULL,28,MJ3,266,0.348687564328,0.488499952063,0.323395386287,0.804511278195,1.79386141433,2.77606871435,0.853383458647,2.30239619921,3.9788528928,0.87969924812,2.74347428528,5.74112269246
C8_STATIC_FULL,28,MJ1,266,0.323412472348,0.454248962882,0.264095518164,0.834586466165,1.25629150045,1.99924981651,0.868421052632,1.6124326844,2.82762201794,0.87969924812,1.92133204872,3.95238227667
C8_STATIC_FULL,29,ATU1,265,1.78424975332,3.11658911341,1.38902960931,0.739622641509,6.06036365459,9.96988050733,0.792452830189,7.77839254066,13.3680275822,0.830188679245,9.26852638284,18.1525084893
C8_STATIC_FULL,29,ATU5,265,1.24116107672,2.22508956506,0.971630927459,0.618867924528,2.39740026353,7.29797167392,0.716981132075,3.07702992587,10.4487731535,0.788679245283,3.66650730207,14.9281067485
C8_STATIC_FULL,29,MJ3,265,0.384314475118,0.538217733827,0.3574574015,0.8,1.97262487992,3.07804546676,0.849056603774,2.53183662334,4.42296394567,0.879245283019,3.01686941329,6.39342000347
C8_STATIC_FULL,29,MJ1,265,0.35375566371,0.496650839256,0.288597765817,0.830188679245,1.34461016841,2.18886975878,0.871698113208,1.72578846751,3.12050558387,0.875471698113,2.05640379535,4.42092861519
C8_STATIC_FULL,30,ATU1,264,1.95421859985,3.42396930852,1.51112112939,0.742424242424,6.46073014651,10.7572074732,0.791666666667,8.29225736985,14.4185179683,0.829545454545,9.88083409317,19.6811321662
C8_STATIC_FULL,30,ATU5,264,1.37553962455,2.45828509501,1.06390969959,0.613636363636,2.53184098896,7.91313666776,0.708333333333,3.24958272888,11.2641692836,0.784090909091,3.87211664858,15.9340999782
C8_STATIC_FULL,30,MJ3,264,0.422278293658,0.590918407924,0.390978589905,0.791666666667,2.12174659466,3.36458754202,0.848484848485,2.72323227214,4.85089264583,0.871212121212,3.2449313954,7.04248528129
C8_STATIC_FULL,30,MJ1,264,0.387261318407,0.542244571363,0.315811771096,0.825757575758,1.46759444793,2.40986819018,0.867424242424,1.88363708138,3.45313969906,0.875,2.24449201982,4.92237987866
DRIFT1,1,ATU1,293,0.0117693283419,0.0201505152873,0.0110041122963,0.894197952218,0.0642653830519,0.0846433005314,0.924914675768,0.0824837261663,0.108560620193,0.938566552901,0.098285421844,0.130018490787
DRIFT1,1,ATU5,293,0.00702068687119,0.0135045449395,0.00736699637395,0.907849829352,0.0479011574822,0.0628279366999,0.924914675768,0.0614804700319,0.0808880606627,0.935153583618,0.0732584985318,0.0974241396393
DRIFT1,1,MJ3,293,0.00255167227998,0.0036427493072,0.00283894505411,1,0.0256310313107,0.0256310313107,1,0.0328970725391,0.0328970725391,1,0.0391992796908,0.0391992796908
DRIFT1,1,MJ1,293,0.00210411424167,0.00306880401997,0.00269880341058,1,0.0256310313109,0.0256310313109,1,0.0328970725391,0.0328970725391,1,0.0391992796908,0.0391992796908
DRIFT1,2,ATU1,292,0.0350867632777,0.0601465899489,0.0331370788562,0.897260273973,0.193553445877,0.257561156852,0.924657534247,0.248423158318,0.333393350178,0.934931506849,0.296014450921,0.405099553818
DRIFT1,2,ATU5,292,0.0210034141945,0.0404862650056,0.0222354532387,0.907534246575,0.144538862764,0.190551815376,0.924657534247,0.18551362196,0.246465841557,0.934931506849,0.221053114833,0.29912780224
DRIFT1,2,MJ3,292,0.00766628410931,0.010938526152,0.00606969942864,0.91095890411,0.0357219694156,0.0458589786426,0.931506849315,0.0458486513808,0.0593121830406,0.945205479452,0.0546320377532,0.0724384565366
DRIFT1,2,MJ1,292,0.00631480622883,0.00921055075307,0.00514586305502,0.873287671233,0.0293649549776,0.0381851434582,0.921232876712,0.0376895116816,0.0474616629197,0.948630136986,0.044909823148,0.0565025593932
DRIFT1,3,ATU1,291,0.0697483142261,0.119728195135,0.0664434454978,0.896907216495,0.389746357334,0.520723040514,0.920962199313,0.500234034032,0.676729640504,0.93470790378,0.5960656161,0.828091307449
DRIFT1,3,ATU5,291,0.0418846427792,0.0809189236827,0.0448326887068,0.907216494845,0.290706556581,0.387255717002,0.920962199313,0.373117825943,0.505089980798,0.93470790378,0.444597311795,0.621376546058
DRIFT1,3,MJ3,291,0.0153465614674,0.021890958761,0.0122731807785,0.907216494845,0.0716598777146,0.0937181901463,0.917525773196,0.0919744573178,0.122591863502,0.931271477663,0.10959432553,0.151799335933
DRIFT1,3,MJ1,291,0.0126276619045,0.0184255351493,0.0102036468123,0.838487972509,0.0530929097451,0.0738493498332,0.920962199313,0.0681440119208,0.0935742439494,0.931271477663,0.0811985984275,0.116009342857
DRIFT1,4,ATU1,290,0.115591039694,0.198673586309,0.111178677028,0.893103448276,0.651435741002,0.879234248744,0.920689655172,0.836108721741,1.1513234221,0.934482758621,0.996284991516,1.42640879094
DRIFT1,4,ATU5,290,0.0696656245603,0.134773479535,0.0752779255873,0.906896551724,0.486086390161,0.654353190453,0.920689655172,0.6238851275,0.859737022986,0.931034482759,0.743404981668,1.07129598529
DRIFT1,4,MJ3,290,0.0255998418265,0.0364971803771,0.0205921930036,0.906896551724,0.119984211166,0.158739614533,0.91724137931,0.153998067826,0.209404611581,0.927586206897,0.183500015856,0.262628676647
DRIFT1,4,MJ1,290,0.0210460517673,0.0307101206279,0.0171138589608,0.837931034483,0.0897711429786,0.124575356952,0.91724137931,0.115220014624,0.159568871357,0.931034482759,0.137293115486,0.199202329401
DRIFT1,5,ATU1,289,0.172424795811,0.29679227218,0.167419291086,0.896193771626,0.97950931931,1.33442337892,0.920415224913,1.25718660085,1.75938872354,0.930795847751,1.49803023147,2.20456252822
DRIFT1,5,ATU5,289,0.104293912247,0.202014089568,0.113530372017,0.903114186851,0.732241092728,0.990443968257,0.920415224913,0.939821267875,1.30608582005,0.930795847751,1.11986611256,1.63665798219
DRIFT1,5,MJ3,289,0.038415091676,0.0547479819442,0.0310797947876,0.899653979239,0.180750622285,0.241805738544,0.916955017301,0.231990912135,0.321309349672,0.927335640138,0.276434221912,0.407842337724
DRIFT1,5,MJ1,289,0.0315741468892,0.0460566530898,0.025810065978,0.833910034602,0.135033786916,0.188993731691,0.916955017301,0.173313989184,0.24468368766,0.927335640138,0.206516355773,0.309212109341
DRIFT1,6,ATU1,288,0.240115493932,0.413917557717,0.234932686294,0.892361111111,1.37614257729,1.88248945688,0.920138888889,1.76625987617,2.48983739204,0.930555555556,2.10462845319,3.13422766234
DRIFT1,6,ATU5,288,0.145708599094,0.282594004836,0.160101789797,0.902777777778,1.02869435909,1.40480084337,0.916666666667,1.32031491597,1.86444373745,0.927083333333,1.57325225853,2.35984844863
DRIFT1,6,MJ3,288,0.0537719842582,0.076627952192,0.0438430448149,0.902777777778,0.256604387801,0.344527456406,0.913194444444,0.329348166171,0.459487943203,0.927083333333,0.392442545339,0.586730676408
DRIFT1,6,MJ1,288,0.0441865896908,0.0644533652567,0.0363541766794,0.836805555556,0.191623284243,0.267608351018,0.913194444444,0.24594582268,0.349571963188,0.927083333333,0.293062523439,0.444427441849
DRIFT1,7,ATU1,287,0.318593081258,0.549898696922,0.31440734211,0.891986062718,1.8376269863,2.53557099,0.919860627178,2.3585687027,3.37315719736,0.93031358885,2.81040795157,4.28502478372
DRIFT1,7,ATU5,287,0.194049684683,0.37645135534,0.214819408559,0.90243902439,1.37386370632,1.89359589813,0.91637630662,1.76333497694,2.52779139014,0.926829268293,2.10114322081,3.23040360739
DRIFT1,7,MJ3,287,0.0716801836155,0.102115607495,0.0587653927611,0.898954703833,0.343360068302,0.465617388387,0.912891986063,0.440697876607,0.625048658179,0.923344947735,0.525123908936,0.805446738426
DRIFT1,7,MJ1,287,0.0589019611638,0.0858842722436,0.0487081609076,0.839721254355,0.256025998717,0.360369081609,0.912891986063,0.328605811819,0.475207646102,0.926829268293,0.391557975568,0.609953858768
DRIFT1,8,ATU1,286,0.407677243033,0.704592678533,0.405648569573,0.891608391608,2.36516690268,3.28920723525,0.91958041958,3.03565885511,4.39864714746,0.926573426573,3.6172106307,5.63599858841
DRIFT1,8,ATU5,286,0.249221221022,0.483504811829,0.277527146427,0.898601398601,1.7727061154,2.45328315197,0.912587412587,2.275243667,3.28435720371,0.926573426573,2.71112004758,4.21384864317
DRIFT1,8,MJ3,286,0.0920954995935,0.13118351237,0.0759137502301,0.895104895105,0.442900348676,0.606395185744,0.912587412587,0.568456443334,0.818471474538,0.91958041958,0.677357630769,1.06458574176
DRIFT1,8,MJ1,286,0.0757251085655,0.110329057822,0.0629068739145,0.842657342657,0.329758560136,0.467708409751,0.912587412587,0.423240529871,0.621813485367,0.923076923077,0.504322197278,0.805236860155
DRIFT1,9,ATU1,285,0.507307972907,0.877855662139,0.508282461211,0.891228070175,2.96523314549,4.13671587892,0.915789473684,3.8058355397,5.5458025086,0.926315789474,4.53493275431,7.12699374492
DRIFT1,9,ATU5,285,0.311153334137,0.603649107945,0.348765716,0.898245614035,2.21716669211,3.09522003571,0.912280701754,2.84570264134,4.16474271585,0.922807017544,3.39086384122,5.38396605103
DRIFT1,9,MJ3,285,0.114971919068,0.163798391382,0.0955050799102,0.894736842105,0.560687265995,0.769689303042,0.908771929825,0.719634315039,1.04158169525,0.919298245614,0.857497175679,1.36050652478
DRIFT1,9,MJ1,285,0.0945981805407,0.137762950763,0.0790583807459,0.845614035088,0.417280759089,0.591092559641,0.908771929825,0.535574056088,0.790570366514,0.922807017544,0.638175849685,1.02796159379
DRIFT1,10,ATU1,284,0.61754895878,1.06953407484,0.62307546191,0.890845070423,3.62415281962,5.09255828983,0.915492957746,4.65154978563,6.85827967867,0.926056338028,5.54266343385,8.87259242441
DRIFT1,10,ATU5,284,0.38019324596,0.736750401454,0.427898055447,0.897887323944,2.71589566952,3.80579895346,0.908450704225,3.4858143539,5.13197444803,0.922535211268,4.15360399156,6.66017122104
DRIFT1,10,MJ3,284,0.140331848568,0.199921233166,0.117571773295,0.894366197183,0.692628242306,0.956814177051,0.904929577465,0.888978724786,1.30073954262,0.915492957746,1.05928348581,1.71067992756
DRIFT1,10,MJ1,284,0.115568536337,0.16815659057,0.0969925810272,0.848591549296,0.510537028158,0.728546872837,0.908450704225,0.655267181623,0.981028436349,0.919014084507,0.78079900557,1.28503875984
DRIFT1,11,ATU1,283,0.738175508201,1.27945536974,0.749093514622,0.893992932862,4.35606037272,6.13706851733,0.911660777385,5.59094296003,8.28097004344,0.922261484099,6.66201944156,10.7432062667
DRIFT1,11,ATU5,283,0.456150140688,0.882641448149,0.515657688391,0.893992932862,3.25766736751,4.60176022794,0.908127208481,4.18117080023,6.23383449796,0.922261484099,4.98217230238,8.14053775652
DRIFT1,11,MJ3,283,0.168092788298,0.239507387194,0.141538889452,0.890459363958,0.83282657671,1.15991332588,0.904593639576,1.06892133891,1.58392210083,0.91519434629,1.27369833537,2.09711653449
DRIFT1,11,MJ1,283,0.138636765848,0.201475881825,0.116781002585,0.858657243816,0.613087597879,0.881593403582,0.908127208481,0.786889412899,1.19334470896,0.91519434629,0.937636567672,1.57457395554
DRIFT1,12,ATU1,282,0.869250860464,1.50741843723,0.887311004912,0.893617021277,5.14285816197,7.29404196574,0.91134751773,6.6007869898,9.88071903379,0.921985815603,7.86532282123,12.8906011904
DRIFT1,12,ATU5,282,0.538769437848,1.0411165561,0.611634198,0.893617021277,3.84686499562,5.47532462178,0.90780141844,4.93739776889,7.44641662206,0.918439716312,5.88327231421,9.78084507969
DRIFT1,12,MJ3,282,0.19818462976,0.282506653868,0.168160859082,0.890070921986,0.995387468933,1.38886247657,0.900709219858,1.27756598526,1.89994956582,0.914893617021,1.52231376577,2.52252020646
DRIFT1,12,MJ1,282,0.16371168144,0.237681836277,0.138626319082,0.858156028369,0.732526094887,1.05411394482,0.904255319149,0.940187064185,1.43024306005,0.914893617021,1.12030198574,1.89217253428
DRIFT1,13,ATU1,281,1.01089899916,1.75318364788,1.03715212779,0.896797153025,5.99170228462,8.55003444502,0.91103202847,7.69026662637,11.6210239452,0.918149466192,9.16351787917,15.2341555654
DRIFT1,13,ATU5,281,0.627866122873,1.21192628119,0.715214802128,0.893238434164,4.4911732766,6.41352756164,0.903914590747,5.76435849473,8.73793485735,0.918149466192,6.86865679628,11.5100876351
DRIFT1,13,MJ3,281,0.230638626583,0.328863368457,0.196628402298,0.889679715302,1.16259975287,1.63392794731,0.900355871886,1.49218062824,2.2444489148,0.91103202847,1.77804288592,2.9948577313
DRIFT1,13,MJ1,281,0.190865413177,0.276730401683,0.162131265707,0.85409252669,0.854564686564,1.23817586354,0.903914590747,1.09682190085,1.68792451036,0.914590747331,1.30694390546,2.2455351629
DRIFT1,14,ATU1,280,1.16289978369,2.01646249216,1.19789014659,0.892857142857,6.914362261,9.88863344748,0.907142857143,8.8744878855,13.45858943,0.917857142857,10.5746045434,17.6768934725
DRIFT1,14,ATU5,280,0.722843933713,1.39477181696,0.827595754995,0.889285714286,5.17707137975,7.44353392881,0.903571428571,6.64469917942,10.1768043966,0.917857142857,7.91764742247,13.46623304
DRIFT1,14,MJ3,280,0.265351075668,0.378516479379,0.227275685092,0.885714285714,1.34241481959,1.89983497724,0.9,1.72297076781,2.61848167578,0.907142857143,2.05304629907,3.51214162338
DRIFT1,14,MJ1,280,0.219970891818,0.318572276289,0.187884579581,0.853571428571,0.994066888252,1.44601161961,0.9,1.27587103831,1.9786999374,0.910714285714,1.5202941119,2.644475779
DRIFT1,15,ATU1,279,1.32539156841,2.29690676671,1.3709967847,0.89247311828,7.89006358602,11.3446411081,0.906810035842,10.1267869786,15.484515081,0.917562724014,12.0668109502,20.4167117694
DRIFT1,15,ATU5,279,0.823416514497,1.58929902255,0.948113153395,0.888888888889,5.91139494529,8.55188136436,0.903225806452,7.58719327222,11.727218418,0.913978494624,9.04069840235,15.589013
DRIFT1,15,MJ3,279,0.302226440588,0.431399621245,0.26081084117,0.885304659498,1.54905722099,2.19490261071,0.89605734767,1.98819341867,3.02899475914,0.906810035842,2.36907858003,4.07005117457
DRIFT1,15,MJ1,279,0.250885194488,0.363152707714,0.215425564612,0.853046594982,1.14685796555,1.66810571194,0.89605734767,1.47197626295,2.2869545832,0.910394265233,1.75396789976,3.06156998722
DRIFT1,16,ATU1,278,1.49872618068,2.59409723865,1.55568078461,0.895683453237,8.92937101749,12.8990164111,0.906474820144,11.4607236255,17.6478620475,0.913669064748,13.6562945022,23.3506170092
DRIFT1,16,ATU5,278,0.929698347645,1.79509202135,1.07574638427,0.888489208633,6.70177453767,9.72149629241,0.89928057554,8.60163449655,13.3501105722,0.913669064748,10.2494796772,17.7805369374
DRIFT1,16,MJ3,278,0.341313875509,0.487441183101,0.295830968875,0.881294964029,1.75499128293,2.50211599234,0.895683453237,2.25250692568,3.46399993703,0.902877697842,2.68402754927,4.67499254545
DRIFT1,16,MJ1,278,0.283675478707,0.410411274797,0.244372359704,0.852517985612,1.29792450888,1.89893435837,0.895683453237,1.66586807221,2.61355962266,0.906474820144,1.98500424052,3.51168586913
DRIFT1,17,ATU1,277,1.68257418161,2.90753169928,1.75080954492,0.891696750903,10.043453822,14.534913643,0.902527075812,12.8906334247,19.8979224111,0.913357400722,15.3601371188,26.3523562873
DRIFT1,17,ATU5,277,1.04068764615,2.01166628943,1.21203488607,0.888086642599,7.5332000569,10.9874614886,0.898916967509,9.66875759766,15.1277547003,0.909747292419,11.5210352801,20.215927398
DRIFT1,17,MJ3,277,0.382391601431,0.546564372233,0.332925416129,0.880866425993,1.97265983727,2.82948034441,0.895306859206,2.53188149062,3.92699376887,0.902527075812,3.01692287595,5.32252187455
DRIFT1,17,MJ1,277,0.318279663643,0.460281650838,0.27501981418,0.851985559567,1.45749251876,2.14419667253,0.895306859206,1.87067139567,2.96083127401,0.906137184116,2.22904245237,3.99398914872
DRIFT1,18,ATU1,276,1.87668793774,3.236612294,1.95816926553,0.891304347826,11.2097513797,16.2876631043,0.902173913043,14.387560134,22.3387399576,0.913043478261,17.1438353091,29.6557018469
DRIFT1,18,ATU5,276,1.1560911514,2.23846113644,1.35483760509,0.88768115942,8.42065676609,12.3118655795,0.894927536232,10.8077959525,16.9645494039,0.909420289855,12.8782831931,22.7170524946
DRIFT1,18,MJ3,276,0.425516690059,0.608687273885,0.3731701711,0.880434782609,2.22186838275,3.18937958509,0.891304347826,2.85173719594,4.43076062667,0.902173913043,3.39805445654,6.01088803441
DRIFT1,18,MJ1,276,0.35445410713,0.512691346388,0.30794596162,0.855072463768,1.64173734465,2.41387778281,0.891304347826,2.10714706958,3.3382506739,0.905797101449,2.51082059755,4.50701782485
DRIFT1,19,ATU1,275,2.07849939082,3.58063198698,2.17651105794,0.890909090909,12.43943645,18.1337284187,0.901818181818,15.9658438351,24.906666059,0.909090909091,19.0244763344,33.1483458153
DRIFT1,19,ATU5,275,1.27610435484,2.47483146086,1.50586354121,0.883636363636,9.34890247663,13.7319968372,0.894545454545,11.9991864238,18.9676135617,0.909090909091,14.2979125006,25.4653489555
DRIFT1,19,MJ3,275,0.470607464282,0.673722907245,0.414398411701,0.876363636364,2.46365274447,3.55575770505,0.890909090909,3.16206406457,4.95167702573,0.898181818182,3.76783172789,6.74055017091
DRIFT1,19,MJ1,275,0.392378154482,0.567561429557,0.341917236227,0.854545454545,1.81898188695,2.68795838399,0.890909090909,2.33463797677,3.72837472187,0.901818181818,2.78189273284,5.04757597148
DRIFT1,20,ATU1,274,2.28776748296,3.93875998448,2.40425267691,0.886861313869,13.7421266533,20.0549477999,0.897810218978,17.6378286098,27.553653899,0.912408759124,21.0167690755,36.6810074175
DRIFT1,20,ATU5,274,1.39921315865,2.7200386361,1.6636418429,0.883211678832,10.3254611275,15.2298968175,0.894160583942,13.2525858827,21.0753189312,0.905109489051,15.7914300741,28.3729274634
DRIFT1,20,MJ3,274,0.517464784594,0.741579277987,0.459006981408,0.875912408759,2.73525157899,3.95993783821,0.886861313869,3.51065739474,5.52323166429,0.897810218978,4.18320630056,7.53730745232
DRIFT1,20,MJ1,274,0.431757544931,0.624806221475,0.377426062832,0.857664233577,2.00389393601,2.9753284703,0.890510948905,2.57197002235,4.13695020672,0.897810218978,3.0646913078,5.61705387271
DRIFT1,21,ATU1,273,2.50403900678,4.31002589903,2.64321956276,0.886446886447,15.0965139219,22.0887009073,0.901098901099,19.3761658496,30.3820109385,0.908424908425,23.0881256554,40.50837692
DRIFT1,21,ATU5,273,1.52543285965,2.97324035102,1.82651969912,0.882783882784,11.3561669151,16.7793848316,0.89010989011,14.5754824393,23.2368302677,0.904761904762,17.3677585472,31.3224443909
DRIFT1,21,MJ3,273,0.566118940345,0.812159427692,0.50575540502,0.875457875458,3.02599835477,4.38297838039,0.882783882784,3.88382684147,6.11764394169,0.893772893773,4.62786512231,8.35138426805
DRIFT1,21,MJ1,273,0.47261423179,0.684332964241,0.41532181714,0.864468864469,2.21774466319,3.29043692489,0.886446886447,2.84644445918,4.57987741618,0.901098901099,3.3917477717,6.21948504095
DRIFT1,22,ATU1,272,2.72536189593,4.69330240646,2.89028612221,0.882352941176,16.5213130187,24.1843657801,0.897058823529,21.2048756924,33.2849931189,0.908088235294,25.2671678335,44.3940873848
DRIFT1,22,ATU5,272,1.65452122571,3.23347917025,1.99606733289,0.878676470588,12.4274342908,18.4275727798,0.889705882353,15.9504392305,25.5599435884,0.900735294118,19.0061206159,34.5174759941
DRIFT1,22,MJ3,272,0.616530289884,0.885361748863,0.552830393963,0.871323529412,3.30142612876,4.80518407074,0.882352941176,4.23733456227,6.72009952336,0.893382352941,5.04909555258,9.19709561713
DRIFT1,22,MJ1,272,0.514917007462,0.746041455303,0.453805539328,0.871323529412,2.41869611369,3.60535648016,0.886029411765,3.10436285363,5.02746404381,0.893382352941,3.69907649433,6.84193459877
DRIFT1,23,ATU1,271,2.95219006681,5.08728612039,3.14711352678,0.885608856089,17.9970437726,26.3972655924,0.89667896679,23.0989556095,36.36451762,0.907749077491,27.5241032596,48.5278435563
DRIFT1,23,ATU5,271,1.7848262663,3.49966951516,2.17038628991,0.881918819188,13.5455101274,20.1285497104,0.889298892989,17.3854740308,27.9771876155,0.90036900369,20.716070048,37.862164452
DRIFT1,23,MJ3,271,0.668465786545,0.961081188192,0.603625021883,0.870848708487,3.61771119002,5.2678094653,0.878228782288,4.64328204355,7.36846073879,0.892988929889,5.53281181152,10.0899089313
DRIFT1,23,MJ1,271,0.558423376009,0.809823638764,0.494768254956,0.874538745387,2.65177607548,3.95168052837,0.881918819188,3.4035177459,5.50996968226,0.89667896679,4.05554153476,7.50143322241
DRIFT1,24,ATU1,270,3.18268816674,5.49047613135,3.41131977972,0.885185185185,19.5324800185,28.6944759454,0.896296296296,25.0696666958,39.5441515314,0.903703703704,29.8723503558,52.8172143055
DRIFT1,24,ATU5,270,1.91688245304,3.77058282091,2.34784004179,0.881481481481,14.7135912516,21.8485572671,0.888888888889,18.884689923,30.4551185647,0.9,22.502495968,41.2281743148
DRIFT1,24,MJ3,270,0.722014679113,1.03920975038,0.65426603259,0.87037037037,3.91310889803,5.72306468844,0.877777777778,5.02242089717,8.02026614501,0.888888888889,5.9845836203,11.0010945438
DRIFT1,24,MJ1,270,0.603092696974,0.875563167261,0.535956137905,0.87037037037,2.86761149083,4.29138483911,0.881481481481,3.68053950242,5.99362075146,0.896296296296,4.38563331729,8.16938441791
DRIFT1,25,ATU1,269,3.41632850249,5.90114970954,3.68075889452,0.881040892193,21.1315041179,31.0542591378,0.89219330855,27.1219919088,42.7968173501,0.903345724907,32.317846682,57.1303475196
DRIFT1,25,ATU5,269,2.04939859415,4.04483039317,2.52936040996,0.884758364312,15.9216987421,23.6213857338,0.89219330855,20.4352791001,33.00399824,0.895910780669,24.3501369326,44.840065851
DRIFT1,25,MJ3,269,0.776876476111,1.11963674048,0.706501650737,0.866171003717,4.21680741591,6.19367668114,0.877323420074,5.41221372491,8.69123570984,0.888475836431,6.44905042226,11.9430054961
DRIFT1,25,MJ1,269,0.648840430141,0.943134923794,0.578328123467,0.869888475836,3.08962202107,4.64287272796,0.881040892193,3.9654869331,6.49087515718,0.888475836431,4.72516912307,8.86187877567
DRIFT1,26,ATU1,268,3.65137800876,6.31733451948,3.9561248016,0.884328358209,22.780685156,33.4798091723,0.891791044776,29.2386928554,46.1886673361,0.899253731343,34.8400514262,61.6577951465
DRIFT1,26,ATU5,268,2.18112678987,4.32084338592,2.71259709023,0.888059701493,17.1759987726,25.4018817161,0.891791044776,22.0451557605,35.5335352533,0.899253731343,26.2684232908,48.3769943197
DRIFT1,26,MJ3,268,0.833100080509,1.20224900453,0.76280520414,0.865671641791,4.56692111473,6.70903800841,0.873134328358,5.86157979243,9.41477425691,0.888059701493,6.98450311775,12.9380593672
DRIFT1,26,MJ1,268,0.695768472057,1.01240449513,0.623313687706,0.869402985075,3.34839259311,5.02904279128,0.876865671642,4.29761536665,7.0286470563,0.891791044776,5.12092456132,9.59413784852
DRIFT1,27,ATU1,267,3.8871626861,6.73677648261,4.2343928384,0.883895131086,24.4875239974,35.908196338,0.89138576779,31.4293967914,49.6186688715,0.898876404494,37.4504361711,66.2251285418
DRIFT1,27,ATU5,267,2.31263426056,4.59684916806,2.89784265093,0.887640449438,18.4695623229,27.2112700275,0.895131086142,23.705426603,38.0946766888,0.898876404494,28.2467580208,51.9367887087
DRIFT1,27,MJ3,267,0.890573003244,1.28693116879,0.818184322638,0.865168539326,4.88790903424,7.2077308298,0.87265917603,6.27356332694,10.1281346191,0.883895131086,7.47541177771,13.9360450807
DRIFT1,27,MJ1,267,0.743416076035,1.08322759046,0.667919052748,0.865168539326,3.58346283951,5.40142547973,0.876404494382,4.59932476155,7.55661228309,0.887640449438,5.48043347939,10.32088245
DRIFT1,28,ATU1,266,4.12292543013,7.15690216393,4.51533479073,0.887218045113,26.2436185796,38.3676076175,0.894736842105,33.6833197863,53.0644891929,0.898496240602,40.136151071,70.9353316976
DRIFT1,28,ATU5,266,2.44187209285,4.87084311137,3.08342921761,0.890977443609,19.8046187954,29.0236924422,0.898496240602,25.4189530346,40.6157919295,0.902255639098,30.2885506991,55.3977219613
DRIFT1,28,MJ3,266,0.949382239549,1.37356587914,0.874929173119,0.860902255639,5.21588405859,7.7200027803,0.872180451128,6.69451471341,10.8562419248,0.87969924812,7.97700629239,14.9554878407
DRIFT1,28,MJ1,266,0.791951638002,1.15544939787,0.713449260694,0.864661654135,3.82380581488,5.78368051782,0.875939849624,4.90780163082,8.09474635876,0.887218045113,5.84800634055,11.0655699455
DRIFT1,29,ATU1,265,4.35547069463,7.57477420272,4.79686100774,0.890566037736,28.0502617779,40.8150847979,0.894339622642,36.0021212277,56.4459469464,0.901886792453,42.899173408,75.5228923412
DRIFT1,29,ATU5,265,2.56885949774,5.14055450343,3.26893023344,0.890566037736,21.1773433082,30.8345194732,0.898113207547,27.1808258725,43.1343545354,0.905660377358,32.3879516738,58.7617794382
DRIFT1,29,MJ3,265,1.00905245977,1.46203404304,0.936100574458,0.860377358491,5.59580393491,8.28163095019,0.867924528302,7.1821365956,11.644512855,0.883018867925,8.55804360265,16.036233462
DRIFT1,29,MJ1,265,0.84093181694,1.22890387005,0.761744466206,0.864150943396,4.10553153233,6.20483688341,0.871698113208,5.26939267453,8.68061125025,0.88679245283,6.27886864415,11.8599102739
DRIFT1,30,ATU1,264,4.58637128886,7.98733699514,5.07838241372,0.890151515152,29.901553846,43.2639073969,0.897727272727,38.378228873,59.8181782898,0.905303030303,45.7304802987,79.9807152435
DRIFT1,30,ATU5,264,2.6922380644,5.40365491277,3.45370704624,0.893939393939,22.5851421545,32.6528491106,0.901515151515,28.98771613,45.6193878986,0.905303030303,34.5409942125,62.081266123
DRIFT1,30,MJ3,264,1.06994811218,1.55221907721,0.995514539419,0.859848484848,5.93837521485,8.81663113452,0.867424242424,7.62182207331,12.4074974877,0.878787878788,9.08196116389,17.1001542408
DRIFT1,30,MJ1,264,0.890758295447,1.30342652959,0.808977312834,0.859848484848,4.3570738712,6.60503303235,0.871212121212,5.59224377124,9.24413870376,0.882575757576,6.66356945372,12.6310006496
DRIFT14,1,ATU1,293,0.0817593852721,0.142054798698,0.0776566078918,0.901023890785,0.454840548955,0.604125640488,0.924914675768,0.58378152448,0.774885389709,0.938566552901,0.695618591267,0.925679372328
DRIFT14,1,ATU5,293,0.0501336653868,0.0975255378203,0.0526438873786,0.907849829352,0.340205522387,0.448866875533,0.921501706485,0.436649060757,0.575184495266,0.935153583618,0.520299447285,0.687750436232
DRIFT14,1,MJ3,293,0.0184893127329,0.0265112438872,0.0146708913847,0.904436860068,0.0842526489247,0.109072576784,0.921501706485,0.108137104187,0.140207705489,0.935153583618,0.128853307143,0.168952785179
DRIFT14,1,MJ1,293,0.015170079492,0.0222616229776,0.0121844855683,0.819112627986,0.0633385305611,0.0868458625745,0.921501706485,0.0812941238732,0.107002265099,0.935153583618,0.0968679232823,0.128000753194
DRIFT14,2,ATU1,292,0.173573260725,0.302046926601,0.166162890082,0.904109589041,0.974726102842,1.29947023769,0.921232876712,1.25104740898,1.67593175175,0.934931506849,1.49071493315,2.01713877819
DRIFT14,2,ATU5,292,0.106847164949,0.207842612264,0.113087448402,0.904109589041,0.726895231561,0.970477126792,0.921232876712,0.932959929348,1.25602919448,0.934931506849,1.11169032343,1.5239304399
DRIFT14,2,MJ3,292,0.0394216047478,0.0565103932619,0.0314786966166,0.900684931507,0.180392069422,0.236401507395,0.921232876712,0.231530714518,0.306986603586,0.931506849315,0.275885862629,0.375748999299
DRIFT14,2,MJ1,292,0.0323554170462,0.0474516151576,0.0261269695578,0.818493150685,0.135414864054,0.187332553451,0.921232876712,0.173803096396,0.234161715107,0.931506849315,0.207099162962,0.2845766775
DRIFT14,3,ATU1,291,0.275399802205,0.479864783861,0.266007199487,0.900343642612,1.55465678245,2.09675656894,0.920962199313,1.995380378,2.72708343909,0.93470790378,2.37764237027,3.32887227164
DRIFT14,3,ATU5,291,0.170113115005,0.33085169629,0.181422753057,0.903780068729,1.15975850765,1.56652786616,0.920962199313,1.48853392949,2.04479464507,0.931271477663,1.77369757634,2.51641295832
DRIFT14,3,MJ3,291,0.0627648271983,0.0899652374241,0.0505083793449,0.903780068729,0.291370283402,0.383441783163,0.917525773196,0.373969710096,0.500706752404,0.931271477663,0.445612394372,0.618095300522
DRIFT14,3,MJ1,291,0.0515460831509,0.0755453474991,0.0418426680937,0.817869415808,0.216224781519,0.301742343929,0.920962199313,0.277521502591,0.382014786321,0.931271477663,0.330687266697,0.471341337176
DRIFT14,4,ATU1,290,0.387089037451,0.675383403063,0.377170234701,0.903448275862,2.19552678137,2.99317551196,0.920689655172,2.81792811659,3.92262381188,0.931034482759,3.35776845371,4.84968680855
DRIFT14,4,ATU5,290,0.239971558046,0.466422513664,0.257313200727,0.903448275862,1.64272748347,2.23019788475,0.91724137931,2.108417899,2.92377337822,0.931034482759,2.5123348842,3.62276591117
DRIFT14,4,MJ3,290,0.0884915523511,0.126838369474,0.0718845041794,0.903448275862,0.416130732345,0.553022314044,0.913793103448,0.534098012742,0.728072030277,0.924137931034,0.636417035556,0.910023479526
DRIFT14,4,MJ1,290,0.0727176367859,0.106513563156,0.0593739453545,0.824137931034,0.309108631668,0.430042226095,0.91724137931,0.396736633618,0.550898807553,0.931034482759,0.472740856996,0.684350316088
DRIFT14,5,ATU1,289,0.508749544477,0.888454935097,0.49909786986,0.899653979239,2.9042872736,3.97643869571,0.916955017301,3.72761235999,5.22957643821,0.930795847751,4.44172408669,6.50473789594
DRIFT14,5,ATU5,289,0.316606283611,0.614389125152,0.341469624157,0.899653979239,2.16752455346,2.97596997446,0.916955017301,2.78198764617,3.93028162632,0.927335640138,3.31494274176,4.9259855429
DRIFT14,5,MJ3,289,0.116593837763,0.167087303961,0.0952892204414,0.899653979239,0.550469774609,0.73988320222,0.913494809689,0.706520306819,0.981516977037,0.923875432526,0.841870871074,1.24225697177
DRIFT14,5,MJ1,289,0.0959072305648,0.140322232299,0.0788497863365,0.823529411765,0.412157829768,0.575261704893,0.913494809689,0.528998847489,0.746981334282,0.923875432526,0.630341005396,0.939383548769
DRIFT14,6,ATU1,288,0.640394259185,1.11889879771,0.632902158297,0.902777777778,3.66585506608,5.06993031072,0.916666666667,4.70507403949,6.71224338214,0.930555555556,5.60644151607,8.43666048597
DRIFT14,6,ATU5,288,0.399396592172,0.774544784445,0.433586936998,0.899305555556,2.73679176985,3.79785679215,0.916666666667,3.51263420831,5.04848673361,0.923611111111,4.18556181921,6.40148822882
DRIFT14,6,MJ3,288,0.147035106061,0.210664589896,0.121087561049,0.899305555556,0.703836291438,0.949575590327,0.909722222222,0.903364100109,1.26432989759,0.923611111111,1.07642471776,1.6100126441
DRIFT14,6,MJ1,288,0.121079644563,0.176932394259,0.0998552555358,0.826388888889,0.521881826275,0.730597945272,0.913194444444,0.669828072368,0.954917800288,0.923611111111,0.798149377041,1.20870081104
DRIFT14,7,ATU1,287,0.781788947934,1.36649146168,0.778044824137,0.90243902439,4.4854161629,6.26138868859,0.91637630662,5.7569693193,8.33924044424,0.926829268293,6.85985205069,10.5856842324
DRIFT14,7,ATU5,287,0.488416285699,0.946636521035,0.532870362921,0.90243902439,3.3570758533,4.68064650332,0.912891986063,4.30876021045,6.24482079379,0.923344947735,5.1342044618,7.95612438257
DRIFT14,7,MJ3,287,0.179756858384,0.25751791987,0.148886064269,0.898954703833,0.863803640966,1.17734167525,0.909407665505,1.10867997045,1.57836746475,0.919860627178,1.32107366689,2.03001215762
DRIFT14,7,MJ1,287,0.148166951843,0.216299986074,0.123050869937,0.839721254355,0.645477836409,0.907285060959,0.909407665505,0.828461833982,1.19899424612,0.923344947735,0.987173162746,1.53254443969
DRIFT14,8,ATU1,286,0.933430848494,1.63095583361,0.933419581786,0.898601398601,5.37344664272,7.52942581518,0.912587412587,6.89674410078,10.0560554147,0.926573426573,8.21797747023,12.8203102762
DRIFT14,8,ATU5,286,0.583145278673,1.13035939818,0.640597812848,0.895104895105,4.01364371409,5.65240302165,0.912587412587,5.15145593662,7.585448094,0.91958041958,6.1383383532,9.75729345084
DRIFT14,8,MJ3,286,0.214761416964,0.30759023589,0.178828035937,0.895104895105,1.03581060459,1.42555960239,0.909090909091,1.32944851818,1.92248263094,0.91958041958,1.58413561684,2.49551369819
DRIFT14,8,MJ1,286,0.177146137728,0.258375656298,0.14779880186,0.853146853147,0.772871142715,1.09630706005,0.909090909091,0.99196937247,1.45931705067,0.91958041958,1.18200441179,1.88348685597
DRIFT14,9,ATU1,285,1.09517130326,1.91195017728,1.10075749747,0.898245614035,6.30611893569,8.91295275775,0.912280701754,8.09381602912,11.9661730112,0.926315789474,9.6443766513,15.3735749701
DRIFT14,9,ATU5,285,0.683155613074,1.32535038392,0.756001706781,0.894736842105,4.71210978768,6.69886392831,0.912280701754,6.04792743674,9.03617844022,0.919298245614,7.20655003151,11.7301520453
DRIFT14,9,MJ3,285,0.251988786159,0.360819832541,0.211338641923,0.894736842105,1.2315659134,1.6997871584,0.905263157895,1.58069773698,2.29851557505,0.919298245614,1.88351752652,2.9961733435
DRIFT14,9,MJ1,285,0.20794672437,0.303104562777,0.17451234773,0.852631578947,0.918502584841,1.30518494867,0.905263157895,1.17888530486,1.74287234017,0.919298245614,1.40472848256,2.25889763828
DRIFT14,10,ATU1,284,1.26662055259,2.20905649567,1.27896643446,0.897887323944,7.29275541054,10.3892431516,0.911971830986,9.36015023508,14.0129341023,0.922535211268,11.1533069266,18.1428159004
DRIFT14,10,ATU5,284,0.788642475571,1.53118176063,0.8777838323,0.894366197183,5.46074252913,7.79822734482,0.908450704225,7.00878715799,10.5503353593,0.919014084507,8.35148500747,13.7416524257
DRIFT14,10,MJ3,284,0.291388866686,0.417140458031,0.245564140964,0.894366197183,1.42893746745,1.98945733602,0.904929577465,1.83402138409,2.70469752719,0.911971830986,2.18537127,3.55260212952
DRIFT14,10,MJ1,284,0.240515786077,0.350426152932,0.202801500071,0.848591549296,1.06420677239,1.52518636488,0.904929577465,1.36589460498,2.04939161011,0.915492957746,1.62756380786,2.67576867901
DRIFT14,11,ATU1,283,1.44911923434,2.52176827314,1.46642871107,0.893992932862,8.34679944401,11.9295445482,0.908127208481,10.7130011059,16.1258875729,0.922261484099,12.7653281665,20.9406117178
DRIFT14,11,ATU5,283,0.898560751168,1.7473539837,1.00798054753,0.893992932862,6.24236011468,8.99274532064,0.908127208481,8.0119824683,12.2220749051,0.91519434629,9.54686594925,16.0400710154
DRIFT14,11,MJ3,283,0.332857995299,0.476481413704,0.281831761873,0.886925795053,1.63787171781,2.29985047767,0.904593639576,2.10218559124,3.14033554642,0.911660777385,2.50490863147,4.15656343645
DRIFT14,11,MJ1,283,0.274767694461,0.40027392488,0.23279313291,0.848056537102,1.21817214153,1.7601717949,0.904593639576,1.5635070169,2.37773126402,0.91519434629,1.86303352012,3.12708472159
DRIFT14,12,ATU1,282,1.63987798097,2.84947745047,1.66589010571,0.897163120567,9.44230469006,13.5925822911,0.90780141844,12.1190668669,18.4462291468,0.918439716312,14.4407588591,24.0957597887
DRIFT14,12,ATU5,282,1.01285713227,1.97328788109,1.1440097372,0.893617021277,7.07598558973,10.2367103586,0.904255319149,9.08192918213,13.9427018003,0.914893617021,10.8217860942,18.3582596859
DRIFT14,12,MJ3,282,0.376401203643,0.538767652568,0.320871359056,0.886524822695,1.8756909135,2.63906257342,0.900709219858,2.40742322437,3.61092844268,0.91134751773,2.86862170468,4.79302746805
DRIFT14,12,MJ1,282,0.310680630677,0.452575167518,0.264824810606,0.847517730496,1.39457829512,2.01694957633,0.900709219858,1.78992186384,2.73140074396,0.914893617021,2.13282345054,3.60194195607
DRIFT14,13,ATU1,281,1.83827314903,3.19146047393,1.87399721397,0.896797153025,10.6073347625,15.3144129514,0.903914590747,13.6143667766,20.8087646673,0.918149466192,16.2225185981,27.2614742127
DRIFT14,13,ATU5,281,1.13119026634,2.20831606235,1.28825695823,0.889679715302,7.94192138951,11.5779540585,0.903914590747,10.1933457488,15.8373342648,0.91103202847,12.1461206166,20.9751328029
DRIFT14,13,MJ3,281,0.421851174693,0.603919877418,0.362402835162,0.886120996441,2.12507409137,3.00604678806,0.896797153025,2.72750306793,4.12921641741,0.907473309609,3.25002036246,5.51076384803
DRIFT14,13,MJ1,281,0.348171308856,0.507250677421,0.298151424817,0.843416370107,1.56598532991,2.28128514082,0.900355871886,2.00992041125,3.10471170539,0.907473309609,2.3949678885,4.11781675247
DRIFT14,14,ATU1,280,2.04414380269,3.54686322093,2.09383197302,0.892857142857,11.8122985371,17.1605222843,0.903571428571,15.1609210381,23.397427898,0.917857142857,18.0653516642,30.7947510377
DRIFT14,14,ATU5,280,1.25238683653,2.45167337628,1.43904737985,0.889285714286,8.8499193828,12.9948437304,0.9,11.3587485564,17.8402188049,0.910714285714,13.5347837127,23.7674244528
DRIFT14,14,MJ3,280,0.469323093055,0.671854639108,0.404734791516,0.882142857143,2.37032409299,3.37798889343,0.896428571429,3.04227803721,4.65675735011,0.907142857143,3.62509787266,6.2480789236
DRIFT14,14,MJ1,280,0.38714361755,0.564214450101,0.33303619631,0.846428571429,1.74498949272,2.55958309165,0.9,2.23966976692,3.49811905608,0.907142857143,2.66873113115,4.66766789763
DRIFT14,15,ATU1,279,2.25555553508,3.91468455747,2.32325465484,0.89247311828,13.071781561,19.0952479122,0.903225806452,16.7774499985,26.1088850373,0.913978494624,19.9915647269,34.5214391496
DRIFT14,15,ATU5,279,1.37696187001,2.70248621883,1.59425163182,0.888888888889,9.80934977931,14.4522981874,0.899641577061,12.5901641388,19.8765419309,0.910394265233,15.0021058817,26.5393110517
DRIFT14,15,MJ3,279,0.518562250618,0.742484435568,0.450129003127,0.881720430108,2.65020205532,3.78227264642,0.89247311828,3.40149751289,5.22211746051,0.906810035842,4.05313427866,7.01845452757
DRIFT14,15,MJ1,279,0.427552269542,0.623373342842,0.370036342653,0.845878136201,1.95088914939,2.86226646006,0.89605734767,2.50393911523,3.91981808218,0.906810035842,2.98362748205,5.23801172104
DRIFT14,16,ATU1,278,2.47315309693,4.29375822328,2.55952762943,0.888489208633,14.3992496046,21.076095438,0.902877697842,18.4812367869,28.8456875388,0.913669064748,22.0217519046,38.2050471299
DRIFT14,16,ATU5,278,1.50351288784,2.95976044433,1.75653098843,0.884892086331,10.8006940448,16.0137669129,0.895683453237,13.8625407286,22.0949736059,0.906474820144,16.5182361014,29.6382612288
DRIFT14,16,MJ3,278,0.569619363607,0.815717812149,0.496213364772,0.877697841727,2.91747721905,4.19168569698,0.892086330935,3.7445414717,5.80682995348,0.902877697842,4.46189636749,7.83932836724
DRIFT14,16,MJ1,278,0.469150908029,0.684626705891,0.407931203183,0.845323741007,2.14586681846,3.16774148639,0.895683453237,2.75419024423,4.3550712294,0.902877697842,3.2818200944,5.8468557582
DRIFT14,17,ATU1,277,2.69507962078,4.68273784589,2.80603419183,0.888086642599,15.7659671386,23.1847603227,0.902527075812,20.235399751,31.8086189887,0.909747292419,24.111965998,42.2617349439
DRIFT14,17,ATU5,277,1.63164698657,3.22237346283,1.92186869424,0.884476534296,11.8422907262,17.610800222,0.895306859206,15.199415596,24.3296080549,0.906137184116,18.1112207591,32.7067384382
DRIFT14,17,MJ3,277,0.622324592724,0.891459596562,0.544014833302,0.87725631769,3.19406195675,4.61883700432,0.891696750903,4.09953413933,6.41573703909,0.898916967509,4.88489622106,8.69978356506
DRIFT14,17,MJ1,277,0.512157651963,0.747866298936,0.44718851219,0.848375451264,2.34754864126,3.48568045299,0.895306859206,3.01304606138,4.80775531896,0.902527075812,3.59026582506,6.48335174646
DRIFT14,18,ATU1,276,2.91996174602,5.08010560387,3.05751916261,0.88768115942,17.1983334452,25.3273412406,0.898550724638,22.0738220025,34.7783809368,0.909420289855,26.302581225,46.2669123929
DRIFT14,18,ATU5,276,1.76100473243,3.48908980059,2.09291087567,0.884057971014,12.9154726693,19.2886751783,0.894927536232,16.5768297079,26.757767338,0.902173913043,19.7525109061,36.0951812495
DRIFT14,18,MJ3,276,0.676531742692,0.969611638691,0.595195457677,0.876811594203,3.510917225,5.08196701215,0.88768115942,4.50621347336,7.06784171054,0.894927536232,5.36948453632,9.5934198074
DRIFT14,18,MJ1,276,0.556251490348,0.812977569077,0.488654442107,0.847826086957,2.58076933838,3.83084148986,0.891304347826,3.31238158549,5.29297864316,0.902173913043,3.9469461016,7.14103265002
DRIFT14,19,ATU1,275,3.14862945729,5.48418450457,3.31734677017,0.883636363636,18.6692618462,27.5950984859,0.898181818182,23.9617381664,37.9761012994,0.909090909091,28.5521720861,50.6331903431
DRIFT14,19,ATU5,275,1.89018099418,3.75857313844,2.2670481427,0.887272727273,14.0291572661,20.9993059296,0.894545454545,18.006228413,29.2774878068,0.901818181818,21.4557445165,39.6458438206
DRIFT14,19,MJ3,275,0.732473459248,1.05007336929,0.646416642396,0.872727272727,3.80690661815,5.54320498243,0.887272727273,4.88611174664,7.7280577661,0.894545454545,5.82216124945,10.5307082496
DRIFT14,19,MJ1,275,0.601412722392,0.879840829894,0.530515046759,0.847272727273,2.79661354408,4.17358434157,0.890909090909,3.5894146243,5.78293068459,0.898181818182,4.27705132782,7.83011504119
DRIFT14,20,ATU1,274,3.37789450248,5.89315287061,3.58199345066,0.886861313869,20.1914903775,29.9360928338,0.897810218978,25.9154973345,41.2675449067,0.905109489051,30.8802197259,55.1513886814
DRIFT14,20,ATU5,274,2.01998127108,4.0293972488,2.44201306972,0.890510948905,15.1891615922,22.7002539803,0.894160583942,19.495077847,31.7373242928,0.901459854015,23.2298180396,43.1245630617
DRIFT14,20,MJ3,274,0.789714934608,1.13274229051,0.70127787016,0.872262773723,4.14733906964,6.0439926065,0.883211678832,5.32305206774,8.43201706607,0.894160583942,6.34280775484,11.4991475118
DRIFT14,20,MJ1,274,0.647480043868,0.948332450145,0.574680390276,0.850364963504,3.04742675722,4.5460253204,0.886861313869,3.91132989826,6.30569821117,0.897810218978,4.66063703581,8.54267344139
DRIFT14,21,ATU1,273,3.60895874538,6.30506382231,3.84834165193,0.886446886447,21.7728024556,32.2561040052,0.893772893773,27.9450894142,44.5590952697,0.904761904762,33.298627853,59.562745177
DRIFT14,21,ATU5,273,2.14820664196,4.30005988248,2.61993153087,0.89010989011,16.3804636272,24.4469245743,0.897435897436,21.0240974556,34.2790801392,0.901098901099,25.0517572781,46.8200047521
DRIFT14,21,MJ3,273,0.848462536708,1.21751449514,0.755703751929,0.868131868132,4.46098305457,6.5359637613,0.882783882784,5.72560976426,9.13934033992,0.89010989011,6.8224848361,12.5017374942
DRIFT14,21,MJ1,273,0.694431764681,1.01832625914,0.61885650909,0.849816849817,3.27620649074,4.91082045351,0.886446886447,4.20496550729,6.82959472692,0.893772893773,5.01052544463,9.27467306881
DRIFT14,22,ATU1,272,3.8389441484,6.71786954931,4.11902642311,0.889705882353,23.3921897374,34.6346319592,0.897058823529,30.0235504887,47.9907867133,0.900735294118,35.7752669792,64.3110334516
DRIFT14,22,ATU5,272,2.27531494875,4.56899956884,2.7973781532,0.893382352941,17.6144218699,26.1789069089,0.897058823529,22.6078657139,36.7367578376,0.904411764706,26.9389335565,50.2868750265
DRIFT14,22,MJ3,272,0.908296122503,1.30428534776,0.811560939096,0.867647058824,4.78174584278,7.04279266168,0.882352941176,6.13730434586,9.86410115371,0.889705882353,7.31304918744,13.5317828966
DRIFT14,22,MJ1,272,0.742187269949,1.08969514898,0.665419932133,0.852941176471,3.5353915827,5.31122288312,0.882352941176,4.5376259714,7.39892124055,0.893382352941,5.40691483639,10.0675935387
DRIFT14,23,ATU1,271,4.06876520262,7.12945024837,4.38943802886,0.892988929889,25.0649235189,36.9791600099,0.89667896679,32.1704810542,51.2974653938,0.90405904059,38.333492536,68.9286119829
DRIFT14,23,ATU5,271,2.40012634313,4.83461531401,2.97595141342,0.892988929889,18.8790573656,27.9300616365,0.90036900369,24.2310078003,39.2414418852,0.90405904059,28.8730266448,53.7993798596
DRIFT14,23,MJ3,271,0.969333471187,1.39295068379,0.871469557044,0.867158671587,5.15290296802,7.59300723557,0.878228782288,6.61367935879,10.64069317,0.885608856089,7.8806850264,14.5979193051
DRIFT14,23,MJ1,271,0.790674112126,1.16231284873,0.711658908851,0.867158671587,3.78397591723,5.69545411045,0.881918819188,4.85668051063,7.94073889522,0.892988929889,5.7870917687,10.8099314814
DRIFT14,24,ATU1,270,4.29568934241,7.53764772424,4.66146439006,0.892592592593,26.7749832464,39.349950098,0.9,34.3653189528,54.6494004429,0.907407407407,40.9488032011,73.5638322608
DRIFT14,24,ATU5,270,2.52215169301,5.09528953432,3.15363885117,0.896296296296,20.1792354473,29.6775484,0.903703703704,25.8997683019,41.6855931044,0.907407407407,30.8614774275,57.1931652657
DRIFT14,24,MJ3,270,1.03149985887,1.48340770463,0.930201132105,0.862962962963,5.48873753888,8.12644245633,0.877777777778,7.044718364,11.405568122,0.885185185185,8.39429968019,15.6850542832
DRIFT14,24,MJ1,270,0.839803680192,1.23605587258,0.760276572265,0.866666666667,4.05686153722,6.12036638419,0.877777777778,5.20692541209,8.5415157171,0.888888888889,6.20443430994,11.6403995165
DRIFT14,25,ATU1,269,4.51962980736,7.94030365765,4.93234997916,0.895910780669,28.5288441861,41.696002364,0.903345724907,36.6163750986,57.9005940115,0.907063197026,43.6311020396,78.0103141707
DRIFT14,25,ATU5,269,2.64134009543,5.34941433013,3.32959410995,0.899628252788,21.5145673068,31.3996077056,0.903345724907,27.6136481889,44.0659286424,0.910780669145,32.9036912739,60.3697940233
DRIFT14,25,MJ3,269,1.09483268284,1.57555574874,0.993290402751,0.862453531599,5.87925300641,8.70796241101,0.873605947955,7.54593954028,12.2226673061,0.884758364312,8.99154154883,16.8123409219
DRIFT14,25,MJ1,269,0.889405535357,1.31080561281,0.808133630869,0.866171003717,4.30717053954,6.52609340938,0.877323420074,5.52819353847,9.11692429669,0.888475836431,6.58724889402,12.4444601531
DRIFT14,26,ATU1,268,4.74082350503,8.33530262793,5.20114129917,0.89552238806,30.324725829,44.010130332,0.902985074627,38.9213642332,61.0684087937,0.910447761194,46.3776659979,82.1741771079
DRIFT14,26,ATU5,268,2.75632018579,5.59542130856,3.50400144145,0.899253731343,22.880154453,33.1162648208,0.90671641791,29.366360316,46.4016699262,0.910447761194,34.9921765884,63.4521432517
DRIFT14,26,MJ3,268,1.15897146925,1.6692970632,1.05466625918,0.861940298507,6.22846966482,9.26457281202,0.873134328358,7.99415426891,13.0230932245,0.880597014925,9.52562233939,17.939839382
DRIFT14,26,MJ1,268,0.939660009285,1.38645054754,0.858767606815,0.861940298507,4.60274436356,6.97124465745,0.873134328358,5.90755843454,9.73782504099,0.888059701493,7.039290049,13.2835649649
DRIFT14,27,ATU1,267,4.95629059266,8.72062002406,5.46790230357,0.898876404494,32.1565514604,46.3062629262,0.906367041199,41.2724869775,64.1577114114,0.910112359551,49.1792015428,86.1754122227
DRIFT14,27,ATU5,267,2.86781475846,5.83181525723,3.67637920533,0.902621722846,24.2743443478,34.81429337,0.906367041199,31.1557836733,48.6817648085,0.913857677903,37.1244060318,66.4060115901
DRIFT14,27,MJ3,267,1.2241752166,1.76453756749,1.12023394479,0.857677902622,6.6213528843,9.87138318544,0.868913857678,8.49841442192,13.8848129343,0.880149812734,10.1264853722,19.1471870919
DRIFT14,27,MJ1,267,0.990247319413,1.46288853278,0.908082356252,0.861423220974,4.86229121762,7.39419544657,0.87265917603,6.24068321527,10.3363670709,0.883895131086,7.43623270815,14.1139412058
DRIFT14,28,ATU1,266,5.1672855953,9.09437498134,5.73229610864,0.898496240602,34.0205177814,48.5718817061,0.906015037594,43.6648618502,67.1899866826,0.913533834586,52.0298920306,90.0510914351
DRIFT14,28,ATU5,266,2.9740003782,6.05721201448,3.84651950215,0.902255639098,25.6944817239,36.4958773817,0.90977443609,32.9785102625,50.9310361043,0.913533834586,39.2963187236,69.2405754304
DRIFT14,28,MJ3,266,1.28982751187,1.86118760098,1.18769142933,0.857142857143,7.03769854219,10.4932594392,0.864661654135,9.03278828862,14.7577566328,0.87969924812,10.763231108,20.3481326792
DRIFT14,28,MJ1,266,1.04125839134,1.54002914148,0.958472945891,0.860902255639,5.13825451367,7.82654555493,0.872180451128,6.59487827119,10.9403831037,0.883458646617,7.85828214873,14.9389064507
DRIFT14,29,ATU1,265,5.37160461087,9.45488843028,5.99379068449,0.901886792453,35.9141396924,50.8235350321,0.909433962264,46.0952992608,70.1630619683,0.91320754717,54.9259368295,93.7487132212
DRIFT14,29,ATU5,265,3.07640011265,6.2703809013,4.01407772737,0.905660377358,27.138824409,38.1629761509,0.91320754717,34.8323040293,53.1175233214,0.916981132075,41.5052502408,71.9965580311
DRIFT14,29,MJ3,265,1.35657913137,1.95916264555,1.25252543669,0.852830188679,7.40366538329,11.0801164618,0.864150943396,9.50250164399,15.5998726933,0.875471698113,11.3229290923,21.5255995593
DRIFT14,29,MJ1,265,1.09266502204,1.61779600536,1.01093612314,0.856603773585,5.43816402607,8.29655801633,0.867924528302,6.97980796305,11.599685617,0.883018867925,8.31695416688,15.8347670897
DRIFT14,30,ATU1,264,5.57174635639,9.80074621538,6.25194832659,0.905303030303,37.834971644,53.0339399181,0.909090909091,48.5606603803,73.0529104719,0.916666666667,57.8635957943,97.353972374
DRIFT14,30,ATU5,264,3.17258001055,6.47029205693,4.17877323576,0.909090909091,28.6056809136,39.8008917367,0.912878787879,36.7149939707,55.266469696,0.920454545455,43.7486136736,74.6110860072
DRIFT14,30,MJ3,264,1.42369962407,2.05838401342,1.31827588935,0.852272727273,7.77346941266,11.6754794188,0.863636363636,9.97713997718,16.4478795496,0.875,11.8884955497,22.7154390963
DRIFT14,30,MJ1,264,1.14431200928,1.69612910594,1.06193244478,0.856060606061,5.70861058533,8.73910255726,0.867424242424,7.32692236394,12.2219937033,0.878787878788,8.73056648661,16.6921422796
DRIFT3,1,ATU1,293,0.0232996916408,0.0399891935427,0.0218664196895,0.897610921502,0.127629916201,0.168775348336,0.928327645051,0.163811224,0.216748651284,0.938566552901,0.195193112653,0.26029239653
DRIFT3,1,ATU5,293,0.0139578675942,0.0269195046203,0.0146588311781,0.907849829352,0.0954802597511,0.124943423685,0.924914675768,0.122547586673,0.160412098143,0.938566552901,0.146024456119,0.192411443646
DRIFT3,1,MJ3,293,0.00509280342622,0.00727362225462,0.00415512668818,0.921501706485,0.0269849559954,0.031814533882,0.945392491468,0.0346348160586,0.0394582483685,0.962457337884,0.0412699288094,0.0451169850447
DRIFT3,1,MJ1,293,0.00419517658765,0.00612419983421,0.00366180734957,0.935153583618,0.0257761483801,0.0282787717919,0.965870307167,0.0330833282809,0.0345209499579,0.993174061433,0.039421217096,0.0395437018221
DRIFT3,2,ATU1,292,0.0578934633883,0.0995028055055,0.0547971749599,0.897260273973,0.321339708377,0.426393745455,0.924657534247,0.41243505062,0.55069250836,0.934931506849,0.491446674605,0.665727614157
DRIFT3,2,ATU5,292,0.0347916410899,0.0672541660558,0.0369314797451,0.907534246575,0.239646779294,0.317066617477,0.924657534247,0.307583311282,0.410876098656,0.938356164384,0.366508121137,0.499725836118
DRIFT3,2,MJ3,292,0.012745256423,0.0181959287246,0.0101140271259,0.907534246575,0.0586590216573,0.0761840984985,0.921232876712,0.0752880392178,0.0989028250677,0.934931506849,0.0897112320001,0.120970145174
DRIFT3,2,MJ1,292,0.01048610166,0.0153142283192,0.00842331744515,0.828767123288,0.0439820334379,0.0604655451326,0.921232876712,0.0564503287781,0.0754467949635,0.934931506849,0.0672647155392,0.0917561973025
DRIFT3,3,ATU1,291,0.103615050183,0.178320253881,0.0990292362583,0.896907216495,0.580193334609,0.778148665646,0.92439862543,0.744670083063,1.01320409617,0.93470790378,0.887329133276,1.24200762497
DRIFT3,3,ATU5,291,0.0624946936755,0.120975473381,0.0669780061569,0.907216494845,0.432867601417,0.57883611429,0.92439862543,0.555579551633,0.756194451724,0.931271477663,0.662013867925,0.932530383487
DRIFT3,3,MJ3,291,0.0229643562537,0.0327643304246,0.0183291693346,0.907216494845,0.106090416487,0.139433171463,0.920962199313,0.136165575413,0.182673579619,0.931271477663,0.162251290553,0.226540715449
DRIFT3,3,MJ1,291,0.0188745383481,0.027566502299,0.0152488439183,0.828178694158,0.0794260641737,0.110193293844,0.920962199313,0.101942249725,0.139276274192,0.93470790378,0.121471682763,0.171861475313
DRIFT3,4,ATU1,290,0.160276821551,0.276252243786,0.154662006194,0.896551724138,0.904904061303,1.22570111717,0.924137931034,1.16143178885,1.6077086955,0.931034482759,1.3839313355,1.99614693252
DRIFT3,4,ATU5,290,0.0970193557477,0.188048134567,0.104811014521,0.903448275862,0.677347114092,0.909902807465,0.920689655172,0.869365609058,1.19380668392,0.934482758621,1.03591301696,1.48121308131
DRIFT3,4,MJ3,290,0.0357412067066,0.0509699681491,0.0287805029492,0.903448275862,0.167213421887,0.221888793828,0.91724137931,0.214616103527,0.292910584813,0.927586206897,0.255730860499,0.368137170366
DRIFT3,4,MJ1,290,0.0293644837455,0.0428734254829,0.0238503652747,0.831034482759,0.123916981623,0.173453939731,0.920689655172,0.159045724061,0.221735234562,0.927586206897,0.189514669237,0.277381438525
DRIFT3,5,ATU1,289,0.227742325804,0.393133316689,0.2215727926,0.892733564014,1.29934352926,1.76694417112,0.920415224913,1.66768936516,2.32589764376,0.930795847751,1.98717444492,2.90187726921
DRIFT3,5,ATU5,289,0.138305303235,0.268425978198,0.150775803022,0.903114186851,0.96991759854,1.31654373524,0.920415224913,1.24487576052,1.7391202859,0.927335640138,1.48336096043,2.18233689815
DRIFT3,5,MJ3,289,0.051056829438,0.0727978552659,0.0414332267858,0.903114186851,0.242258290419,0.322747147826,0.913494809689,0.310935149523,0.427789567365,0.927335640138,0.370502082743,0.54130960198
DRIFT3,5,MJ1,289,0.0419320288804,0.0612232936836,0.0342751093722,0.833910034602,0.179462705702,0.250542690231,0.916955017301,0.230337889097,0.323592048096,0.927335640138,0.274464523474,0.407507875441
DRIFT3,6,ATU1,288,0.30593746987,0.528814007185,0.300293753984,0.892361111111,1.7568372946,2.41113994704,0.920138888889,2.25487625601,3.1940936584,0.930555555556,2.68685078049,4.02594862277
DRIFT3,6,ATU5,288,0.186484076902,0.362047743177,0.204647203702,0.90625,1.31532747159,1.79328718375,0.916666666667,1.68820453303,2.37669891864,0.927083333333,2.0116197752,2.99851741976
DRIFT3,6,MJ3,288,0.0689205694248,0.0982270100947,0.0562430043953,0.902777777778,0.328230792945,0.44189049022,0.913194444444,0.42127966191,0.589977072726,0.923611111111,0.501985678989,0.754407955253
DRIFT3,6,MJ1,288,0.0565940743531,0.0826001908411,0.0466094063345,0.840277777778,0.24511138766,0.343222336958,0.913194444444,0.314597060187,0.448871847702,0.927083333333,0.374865518431,0.571422430686
DRIFT3,7,ATU1,287,0.394685036108,0.683152633508,0.390341935014,0.891986062718,2.28592189791,3.14776347541,0.91637630662,2.93394899261,4.18180376736,0.926829268293,3.49601585441,5.29375920619
DRIFT3,7,ATU5,287,0.241464671111,0.468832745961,0.266923757464,0.90243902439,1.70718681573,2.35004642525,0.91637630662,2.19115055628,3.13378147311,0.926829268293,2.61091692576,3.9922413742
DRIFT3,7,MJ3,287,0.0892905447818,0.127230579212,0.0732710401816,0.898954703833,0.426892853472,0.580520059431,0.912891986063,0.547911045666,0.779891881072,0.923344947735,0.65287627947,1.00706769035
DRIFT3,7,MJ1,287,0.0733552850269,0.106983875756,0.0607007404766,0.836236933798,0.31830652837,0.449258165457,0.912891986063,0.408542006227,0.59292780907,0.923344947735,0.486807826093,0.762476987635
DRIFT3,8,ATU1,286,0.493921433843,0.856006739408,0.492451903322,0.891608391608,2.87507408478,3.99248048921,0.916083916084,3.69011763807,5.33378991161,0.926573426573,4.39704636985,6.81053137839
DRIFT3,8,ATU5,286,0.303177801252,0.588676408747,0.337465855273,0.902097902098,2.14791294077,2.98382141269,0.916083916084,2.75681641379,4.00020870869,0.923076923077,3.28494936843,5.14160365179
DRIFT3,8,MJ3,286,0.112122229766,0.159775952472,0.0927207728671,0.898601398601,0.543584641137,0.741437725078,0.909090909091,0.697683333678,0.999000995561,0.923076923077,0.831340968107,1.29593341785
DRIFT3,8,MJ1,286,0.0921593826187,0.134349658924,0.0767270666076,0.842657342657,0.405131956289,0.570977793218,0.909090909091,0.519981236504,0.758743500224,0.923076923077,0.619595859161,0.980195943924
DRIFT3,9,ATU1,285,0.603706778038,1.04722419772,0.606319567687,0.891228070175,3.52860737935,4.9379332164,0.915789473684,4.52891854067,6.62979513769,0.922807017544,5.39653929272,8.52897835196
DRIFT3,9,ATU5,285,0.371963163713,0.721445627437,0.415855818299,0.901754385965,2.64277232845,3.68643739239,0.912280701754,3.3919615617,4.95440141814,0.922807017544,4.04177149197,6.39318214967
DRIFT3,9,MJ3,285,0.137437700366,0.195824870453,0.114249353169,0.898245614035,0.668836566762,0.920450632105,0.908771929825,0.858442439816,1.24717585272,0.919298245614,1.02289725801,1.6300846124
DRIFT3,9,MJ1,285,0.11305192427,0.164668268781,0.0945374795324,0.849122807018,0.497738111779,0.706847219068,0.908771929825,0.638839950294,0.946525903222,0.922807017544,0.761224752127,1.23232786291
DRIFT3,10,ATU1,284,0.723818783143,1.25663397709,0.731339863637,0.890845070423,4.25487527015,5.97101526061,0.911971830986,5.46107328686,8.03404748898,0.922535211268,6.50727018125,10.3681697642
DRIFT3,10,ATU5,284,0.447631875756,0.866973952977,0.502873945542,0.897887323944,3.18042018258,4.47402577179,0.911971830986,4.08202511175,6.04181469511,0.922535211268,4.86403292787,7.85299346532
DRIFT3,10,MJ3,284,0.165156960936,0.235333524989,0.137999194201,0.894366197183,0.806875532907,1.11994516789,0.908450704225,1.03561353478,1.52462676912,0.915492957746,1.2340096388,2.00862694762
DRIFT3,10,MJ1,284,0.136033326201,0.197905706589,0.114196764102,0.852112676056,0.599586807943,0.858053740667,0.908450704225,0.769561336612,1.15619271521,0.919014084507,0.916988891254,1.51654169386
DRIFT3,11,ATU1,283,0.854316908249,1.48403656287,0.868551515461,0.893992932862,5.03537300573,7.11687219126,0.911660777385,6.4628312853,9.61711144028,0.922261484099,7.70093846029,12.4896826704
DRIFT3,11,ATU5,283,0.529934236607,1.02505655381,0.598099601979,0.897526501767,3.76528966657,5.33898937012,0.911660777385,4.83269696756,7.23990845537,0.918727915194,5.75851361447,9.47528753183
DRIFT3,11,MJ3,283,0.195211530078,0.278252653374,0.164355702799,0.893992932862,0.966866844516,1.34490121747,0.904593639576,1.24096016012,1.8345926465,0.91519434629,1.47869523478,2.42471652323
DRIFT3,11,MJ1,283,0.161014104049,0.234023089091,0.135894429541,0.858657243816,0.718178311649,1.02874381331,0.904593639576,0.921771883765,1.38992613857,0.918727915194,1.09835894486,1.82870674689
DRIFT3,12,ATU1,282,0.995389244278,1.72919401133,1.01734624594,0.897163120567,5.87737607393,8.36141609285,0.91134751773,7.54353052354,11.3410294691,0.918439716312,8.98867102832,14.8111908697
DRIFT3,12,ATU5,282,0.618697143765,1.1954449204,0.700772316237,0.897163120567,4.40404099663,6.26791708107,0.90780141844,5.65252542411,8.51699148181,0.918439716312,6.7353994735,11.1781466104
DRIFT3,12,MJ3,282,0.227632703959,0.324527626792,0.192581575414,0.890070921986,1.13166955705,1.58620443508,0.904255319149,1.45248215169,2.17292757008,0.91134751773,1.73073923348,2.88989678159
DRIFT3,12,MJ1,282,0.188066816218,0.272976477948,0.159262607408,0.851063829787,0.83942929349,1.21128659208,0.904255319149,1.07739583415,1.64501841874,0.914893617021,1.28379631928,2.17693762676
DRIFT3,13,ATU1,281,1.1467883123,1.99181960241,1.1768380132,0.896797153025,6.79171664455,9.68800137638,0.907473309609,8.71707394096,13.1574096364,0.918149466192,10.3870342594,17.2188755895
DRIFT3,13,ATU5,281,0.713307545058,1.37784126499,0.812185680686,0.893238434164,5.08302346126,7.2873792954,0.907473309609,6.52398998287,9.93884794576,0.918149466192,7.77381354329,13.1139218065
DRIFT3,13,MJ3,281,0.262318323856,0.37409853348,0.223731219244,0.886120996441,1.31927629813,1.85876646327,0.900355871886,1.69327279703,2.5548216371,0.91103202847,2.01765898424,3.41511005754
DRIFT3,13,MJ1,281,0.217061817889,0.314716694858,0.184438451374,0.85409252669,0.969684139953,1.40907679411,0.903914590747,1.24457611967,1.92196387854,0.91103202847,1.48300391633,2.55935736618
DRIFT3,14,ATU1,280,1.30862107403,2.27156704087,1.34867477414,0.896428571429,7.75766113796,11.1319430835,0.907142857143,9.95685027626,15.1649033594,0.917857142857,11.8643188799,19.934455619
DRIFT3,14,ATU5,280,0.8134887623,1.57189256036,0.931685899747,0.892857142857,5.80964526449,8.38457496401,0.903571428571,7.45659897075,11.4725599525,0.914285714286,8.88508569417,15.2188661122
DRIFT3,14,MJ3,280,0.299179447657,0.42690025709,0.257075061617,0.885714285714,1.52455259832,2.15097829847,0.896428571429,1.95674207597,2.96090552812,0.910714285714,2.3316019937,3.96585144046
DRIFT3,14,MJ1,280,0.247859960408,0.359189121108,0.211751297005,0.853571428571,1.12031758433,1.62834490941,0.9,1.43791205244,2.22568808983,0.910714285714,1.7133778894,2.9692270263
DRIFT3,15,ATU1,279,1.4812847404,2.56801913769,1.53201527584,0.89605734767,8.78611463956,12.6733818202,0.906810035842,11.276856055,17.3097608582,0.913978494624,13.4372027787,22.8485289281
DRIFT3,15,ATU5,279,0.919365262614,1.7771841503,1.05820485603,0.888888888889,6.59192738884,9.54281759979,0.903225806452,8.46064720738,13.0789970017,0.913978494624,10.0814829603,17.3822282807
DRIFT3,15,MJ3,279,0.338258980615,0.482862550699,0.291925310049,0.881720430108,1.72926899351,2.45597756591,0.89605734767,2.21949272462,3.39268401114,0.906810035842,2.64468870234,4.56388744172
DRIFT3,15,MJ1,279,0.280539131764,0.406333480135,0.240509417187,0.853046594982,1.26944837385,1.85643782728,0.899641577061,1.62931934859,2.54790931017,0.906810035842,1.94145375018,3.41477019177
DRIFT3,16,ATU1,278,1.66448332902,2.88067588299,1.72564519164,0.892086330935,9.88892909331,14.293092297,0.902877697842,12.6923030825,19.5362985354,0.91726618705,15.1238119399,25.8221215657
DRIFT3,16,ATU5,278,1.0299138967,1.99323285112,1.19338409132,0.888489208633,7.41400542936,10.7968168074,0.902877697842,9.51577294944,14.8388064898,0.910071942446,11.3387428282,19.8011857714
DRIFT3,16,MJ3,278,0.379338209252,0.541910106878,0.328847106898,0.881294964029,1.94576563207,2.78124029347,0.895683453237,2.49736315195,3.8527881277,0.902877697842,2.9757917385,5.20497369685
DRIFT3,16,MJ1,278,0.315012031213,0.456083601528,0.270972048848,0.856115107914,1.42706192753,2.09910669871,0.89928057554,1.83161415466,2.89089516993,0.906474820144,2.18250287922,3.89274404499
DRIFT3,17,ATU1,277,1.85786379127,3.20894179767,1.93151653852,0.891696750903,11.0422700902,16.0306492318,0.902527075812,14.1726002261,21.9581657406,0.916967509025,16.8876947804,29.10734249
DRIFT3,17,ATU5,277,1.14488819457,2.21947944669,1.33498501346,0.888086642599,8.29182189541,12.1070812034,0.898916967509,10.6424381862,16.6599749527,0.909747292419,12.6812472617,22.2733069595
DRIFT3,17,MJ3,277,0.422499222903,0.603962624201,0.368885164691,0.880866425993,2.1937583502,3.13855499614,0.891696750903,2.81565835975,4.3526936666,0.902527075812,3.35506387162,5.88702330298
DRIFT3,17,MJ1,277,0.351054871686,0.508367164637,0.303663963756,0.85559566787,1.60901465496,2.36598436461,0.895306859206,2.06514795205,3.26398664035,0.906137184116,2.4607755623,4.39901368773
DRIFT3,18,ATU1,276,2.05888955206,3.55211242244,2.14703396116,0.891304347826,12.2695046693,17.8364118363,0.902173913043,15.7477387557,24.4458797772,0.913043478261,18.7645881028,32.4532287425
DRIFT3,18,ATU5,276,1.26441196177,2.4552804594,1.48485879896,0.884057971014,9.20916438732,13.5146479696,0.898550724638,11.8198345279,18.6454873602,0.909420289855,14.0842015352,25.0051270113
DRIFT3,18,MJ3,276,0.467626873107,0.6689348706,0.409937808061,0.876811594203,2.4344819909,3.50317482303,0.891304347826,3.12462380769,4.87134005385,0.898550724638,3.72321891016,6.61433938223
DRIFT3,18,MJ1,276,0.388854723417,0.563105419741,0.337457252026,0.855072463768,1.78428398502,2.63758715827,0.894927536232,2.29010370177,3.65011533928,0.902173913043,2.72882687115,4.93639754525
DRIFT3,19,ATU1,275,2.2674765381,3.90935976858,2.37436245637,0.887272727273,13.5466067186,19.7639693291,0.901818181818,17.3868814904,27.1402238795,0.912727272727,20.7177471395,36.1055556082
DRIFT3,19,ATU5,275,1.38701317182,2.69989905341,1.64149235413,0.883636363636,10.1740928083,14.9994093201,0.898181818182,13.0583067483,20.7361180024,0.905454545455,15.559932207,27.9000121833
DRIFT3,19,MJ3,275,0.514530402515,0.736736743894,0.452913272518,0.876363636364,2.68576551454,3.88642352229,0.890909090909,3.44714271864,5.41559661373,0.898181818182,4.10752389599,7.37973976457
DRIFT3,19,MJ1,275,0.428089740829,0.620212884455,0.373610220285,0.854545454545,1.98269945804,2.93783138642,0.890909090909,2.54476720438,4.07547499374,0.901818181818,3.03227715092,5.5263883906
DRIFT3,20,ATU1,274,2.48298507737,4.27971651264,2.61172282163,0.886861313869,14.8852432177,21.7812580957,0.901459854015,19.1050028363,29.9551149483,0.908759124088,22.765014996,39.9236854396
DRIFT3,20,ATU5,274,1.51283269164,2.9524948941,1.80314562211,0.883211678832,11.1931016728,16.5332235001,0.894160583942,14.3661904666,22.8836894892,0.905109489051,17.1183717799,30.8208793547
DRIFT3,20,MJ3,274,0.563279786361,0.807273329863,0.499303036457,0.875912408759,2.97365796428,4.30543039196,0.886861313869,3.81664867756,6.00501275045,0.894160583942,4.54781740278,8.18649287306
DRIFT3,20,MJ1,274,0.468808175616,0.67959701268,0.410459158289,0.861313868613,2.17873298094,3.23452932401,0.890510948905,2.79637350708,4.4940833406,0.901459854015,3.33208455233,6.09942047631
DRIFT3,21,ATU1,273,2.70361975742,4.6620586654,2.85703286886,0.886446886447,16.2943961658,23.8595970195,0.897435897436,20.9136310648,32.8329706889,0.908424908425,24.9201284548,43.7754114876
DRIFT3,21,ATU5,273,1.6413754809,3.21211274601,1.97159230762,0.879120879121,12.2514641526,18.1681787741,0.893772893773,15.7245840032,25.1913393043,0.901098901099,18.7369975135,34.0063673468
DRIFT3,21,MJ3,273,0.613776015543,0.880444958215,0.546103380861,0.871794871795,3.24675270077,4.72498365433,0.886446886447,4.16716197713,6.60310801828,0.893772893773,4.96547976008,9.02959873498
DRIFT3,21,MJ1,273,0.510966100809,0.741157833062,0.449751517238,0.860805860806,2.3958251277,3.56460835403,0.886446886447,3.07500826091,4.96237910265,0.897435897436,3.66409833969,6.7475133335
DRIFT3,22,ATU1,272,2.92968350435,5.0550863974,3.11226397133,0.886029411765,17.752844773,26.0605643586,0.897058823529,22.7855295867,35.895308915,0.908088235294,27.1506331183,47.8999868096
DRIFT3,22,ATU5,272,1.77113699641,3.47766951776,2.14374659744,0.882352941176,13.3617364676,19.8388948573,0.889705882353,17.149603092,27.5389405099,0.900735294118,20.4350124891,37.2190803779
DRIFT3,22,MJ3,272,0.665838456814,0.956147505176,0.596548993273,0.871323529412,3.56028467796,5.18381643618,0.882352941176,4.56957591327,7.24724926587,0.893382352941,5.44498554028,9.91563592778
DRIFT3,22,MJ1,272,0.554330490805,0.804787550346,0.489519720757,0.867647058824,2.6084423729,3.88887833622,0.886029411765,3.34789954077,5.4177279694,0.897058823529,3.9892683557,7.37433831551
DRIFT3,23,ATU1,271,3.15937714024,5.45730265297,3.37491298551,0.885608856089,19.2703114825,28.34090217,0.89667896679,24.7331770228,39.0585766344,0.90405904059,29.4713981802,52.1873886948
DRIFT3,23,ATU5,271,1.90276490234,3.7479393783,2.32113932011,0.881918819188,14.5108363697,21.5719730857,0.889298892989,18.6244568494,30.0548359436,0.90036900369,22.192409135,40.679758008
DRIFT3,23,MJ3,271,0.719517513292,1.03427352465,0.646940102531,0.870848708487,3.85349142909,5.63673923618,0.881918819188,4.94590270417,7.89553075017,0.889298892989,5.89340656967,10.8262230694
DRIFT3,23,MJ1,271,0.598850899377,0.870370099388,0.531689300146,0.870848708487,2.84307811163,4.24737240591,0.881918819188,3.64905125112,5.9256921544,0.89667896679,4.34811275164,8.07314576756
DRIFT3,24,ATU1,270,3.39237789114,5.86698891762,3.64263940652,0.881481481481,20.8517835018,30.6802910013,0.892592592593,26.7629743847,42.2856792133,0.903703703704,31.8900509162,56.4682577376
DRIFT3,24,ATU5,270,2.03471703646,4.0215366238,2.5016536514,0.885185185185,15.7045025265,23.3372957739,0.892592592593,20.1565107754,32.604558017,0.896296296296,24.0179639857,44.2882151317
DRIFT3,24,MJ3,270,0.774544484958,1.11471273976,0.698944458465,0.866666666667,4.15508143907,6.10538795437,0.881481481481,5.33298929133,8.56344108441,0.888888888889,6.35464868708,11.7679570644
DRIFT3,24,MJ1,270,0.644434786835,0.937780665435,0.573980265257,0.87037037037,3.0642427754,4.59806235356,0.881481481481,3.93291302394,6.42259296579,0.892592592593,4.6863549163,8.76639584373
DRIFT3,25,ATU1,269,3.62663857646,6.28217748602,3.91652766584,0.884758364312,22.4818342697,33.0963079588,0.89219330855,28.8551218954,45.6622149298,0.899628252788,34.382998437,60.9986084361
DRIFT3,25,ATU5,269,2.16600383042,4.29689568822,2.68374608022,0.888475836431,16.9446732968,25.107306426,0.89219330855,21.7482527266,35.1284971434,0.899628252788,25.9146415052,47.8312882227
DRIFT3,25,MJ3,269,0.830930924652,1.19735229412,0.75494271126,0.866171003717,4.50266689185,6.61746444595,0.877323420074,5.7791103902,9.2842708815,0.888475836431,6.88623476392,12.7578940698
DRIFT3,25,MJ1,269,0.6911929894,1.00688515917,0.617578279356,0.869888475836,3.29886600945,4.95946225198,0.881040892193,4.2340486847,6.92945799125,0.89219330855,5.04518018797,9.46186391187
DRIFT3,26,ATU1,268,3.86180421168,6.70061938416,4.19312433933,0.884328358209,24.1701539251,35.5114363744,0.891791044776,31.0220567136,49.0845347875,0.902985074627,36.9650605311,65.5410829857
DRIFT3,26,ATU5,268,2.29696310592,4.5722475461,2.86800796309,0.888059701493,18.2230035675,26.9097546555,0.89552238806,23.3889718665,37.6909104966,0.899253731343,27.8696789444,51.4234033099
DRIFT3,26,MJ3,268,0.88860213021,1.28207700328,0.810133884599,0.865671641791,4.82172827691,7.1145224739,0.876865671642,6.1886212445,9.99556744411,0.884328358209,7.37419704369,13.7582127196
DRIFT3,26,MJ1,268,0.738686308921,1.07753963715,0.662069282458,0.865671641791,3.53206012865,5.33030988321,0.880597014925,4.53335009642,7.45591014521,0.888059701493,5.4018198171,10.1900893286
DRIFT3,27,ATU1,267,4.09679924717,7.11974682242,4.47264126684,0.887640449438,25.9061528311,37.9612079812,0.895131086142,33.2501871873,52.5339778753,0.898876404494,39.6200417463,70.2922190141
DRIFT3,27,ATU5,267,2.42562484451,4.84559154023,3.05244187365,0.89138576779,19.543266623,28.711225837,0.895131086142,25.0835111529,40.2059896361,0.902621722846,29.8888470438,54.8901680431
DRIFT3,27,MJ3,267,0.947598132936,1.36876960618,0.866717742673,0.861423220974,5.14787677615,7.62569427723,0.876404494382,6.60722831137,10.7221300192,0.883895131086,7.87299812927,14.7797981565
DRIFT3,27,MJ1,267,0.787054782618,1.14958966023,0.707497183564,0.865168539326,3.77056106323,5.71105324003,0.880149812734,4.83946273192,7.99290929691,0.887640449438,5.76657551996,10.9362517859
DRIFT3,28,ATU1,266,4.32880857832,7.53671260086,4.75254721016,0.890977443609,27.6934820659,40.3946487295,0.894736842105,35.5441994249,55.9084875712,0.902255639098,42.3535259251,74.8903773448
DRIFT3,28,ATU5,266,2.55220773009,5.11473333043,3.23680753911,0.890977443609,20.9009243786,30.5120808689,0.898496240602,26.8260460172,42.7173827988,0.906015037594,31.9652054018,58.2603572653
DRIFT3,28,MJ3,266,1.00750407518,1.45731222252,0.927656152084,0.860902255639,5.52557541257,8.1846898925,0.872180451128,7.09199926302,11.5096136675,0.883458646617,8.45063834626,15.857654622
DRIFT3,28,MJ1,266,0.835879087165,1.22287351605,0.755612640914,0.864661654135,4.05007142266,6.12952529293,0.875939849624,5.19821039441,8.57790533809,0.887218045113,6.19404972586,11.7269857146
DRIFT3,29,ATU1,265,4.55920890094,7.94877068268,5.0323481411,0.890566037736,29.5264417059,42.8265136973,0.898113207547,37.8967776535,59.2597034577,0.905660377358,45.1567957866,79.3275834934
DRIFT3,29,ATU5,265,2.67523997624,5.3776002913,3.42036551059,0.894339622642,22.2942871336,32.3168772536,0.901886792453,28.6144077522,45.186566795,0.905660377358,34.0961698441,61.5697723464
DRIFT3,29,MJ3,265,1.06863542863,1.54759211013,0.986971371058,0.856603773585,5.8665529187,8.71901961077,0.871698113208,7.52963915418,12.2722563485,0.879245283019,8.9721184408,16.9275585774
DRIFT3,29,MJ1,265,0.885550167054,1.29724071406,0.802774083014,0.860377358491,4.29986377142,6.52864798322,0.875471698113,5.51881540311,9.14103858629,0.883018867925,6.5760741565,12.5014637945
DRIFT3,30,ATU1,264,4.78476572811,8.3535894735,5.31146818796,0.893939393939,31.401269584,45.2504209983,0.901515151515,40.3030931839,62.5543054372,0.905303030303,48.0240975924,83.6823193613
DRIFT3,30,ATU5,264,2.79463946131,5.63247346954,3.60275303616,0.897727272727,23.7206909967,34.1106594971,0.901515151515,30.4451772904,47.6311911976,0.909090909091,36.2776663007,64.7741436753
DRIFT3,30,MJ3,264,1.13038125225,1.63950515728,1.04744250197,0.856060606061,6.21336345609,9.26528108505,0.871212121212,7.97476565992,13.0457382967,0.878787878788,9.50251938682,18.0090820637
DRIFT3,30,MJ1,264,0.935468428704,1.37256539991,0.850619227209,0.859848484848,4.5540993097,6.93551785545,0.875,5.84512318385,9.71144549553,0.882575757576,6.96489385915,13.2868455185
DRIFT30,1,ATU1,293,0.149584601759,0.261660500875,0.141537531068,0.904436860068,0.805295113663,1.08552616593,0.921501706485,1.03358508864,1.39103682354,0.935153583618,1.23159259615,1.6632242066
DRIFT30,1,ATU5,293,0.0943195011606,0.182480483375,0.0962105893546,0.901023890785,0.601528597885,0.811916563396,0.918088737201,0.772053597021,1.0396033997,0.931740614334,0.919958602699,1.2473294444
DRIFT30,1,MJ3,293,0.0347766009597,0.0500162044141,0.0277770873052,0.897610921502,0.158275324963,0.204890189841,0.918088737201,0.203144180322,0.261326048231,0.935153583618,0.242061220875,0.312629628417
DRIFT30,1,MJ1,293,0.0284356754025,0.0418533926257,0.0229858675972,0.798634812287,0.117849840683,0.161395887238,0.921501706485,0.151258632969,0.199360981347,0.935153583618,0.180235777891,0.237563927589
DRIFT30,2,ATU1,292,0.308128633732,0.538557354957,0.292884633209,0.904109589041,1.66430845381,2.25388763115,0.917808219178,2.13611677455,2.90444407496,0.934931506849,2.54534013014,3.50122722698
DRIFT30,2,ATU5,292,0.193868389643,0.375510690355,0.199528602021,0.897260273973,1.2398216308,1.6953056513,0.917808219178,1.59129383556,2.19456374496,0.928082191781,1.89614355674,2.67342658641
DRIFT30,2,MJ3,292,0.0716051999118,0.102979492161,0.0575726709426,0.897260273973,0.327354280326,0.429074524536,0.917808219178,0.420154670143,0.553192503952,0.928082191781,0.500645168618,0.67161196261
DRIFT30,2,MJ1,292,0.0585940547363,0.0861976199378,0.0476374620838,0.804794520548,0.246160074505,0.335779372371,0.917808219178,0.315943035181,0.420716628861,0.931506849315,0.376469346558,0.505455192665
DRIFT30,3,ATU1,291,0.4759553245,0.830335230944,0.454751934155,0.903780068729,2.5683272523,3.52224443539,0.917525773196,3.29641234089,4.580445042,0.931271477663,3.92791757302,5.60038845967
DRIFT30,3,ATU5,291,0.298302837637,0.578671027905,0.309837148758,0.900343642612,1.91545597072,2.65202024148,0.914089347079,2.45846112276,3.46638355329,0.927835051546,2.92943711164,4.28663403938
DRIFT30,3,MJ3,291,0.110412897805,0.158827725052,0.0896243011679,0.896907216495,0.511505339588,0.677200725566,0.914089347079,0.656509995888,0.881631719048,0.927835051546,0.782279910107,1.08546695334
DRIFT30,3,MJ1,291,0.0904384289278,0.132976580202,0.0739438394302,0.807560137457,0.380922578892,0.524686822428,0.917525773196,0.488908837009,0.665723688895,0.927835051546,0.582570811506,0.812188262814
DRIFT30,4,ATU1,290,0.652068562888,1.13654070966,0.626761485202,0.903448275862,3.51828992919,4.88361223978,0.91724137931,4.51567623675,6.40131966494,0.927586206897,5.38076011437,7.93685997794
DRIFT30,4,ATU5,290,0.407303225743,0.791470360313,0.426237426677,0.9,2.6287711082,3.66393208772,0.913793103448,3.37399119005,4.81107304788,0.927586206897,4.02035847342,5.99173732609
DRIFT30,4,MJ3,290,0.151176663629,0.217495354225,0.123703274687,0.896551724138,0.710500505105,0.944903941337,0.910344827586,0.91191752575,1.23602632277,0.927586206897,1.08661675304,1.5326214089
DRIFT30,4,MJ1,290,0.123880687314,0.182128528944,0.101928648023,0.813793103448,0.529016513135,0.727347241956,0.913793103448,0.678985343815,0.932533179526,0.927586206897,0.809060938981,1.14595250827
DRIFT30,5,ATU1,289,0.836452899384,1.45661517129,0.807444939248,0.899653979239,4.52314492604,6.31187151098,0.913494809689,5.80539366253,8.30505280913,0.927335640138,6.91755321459,10.3569467106
DRIFT30,5,ATU5,289,0.520280523641,1.01334405514,0.549936681207,0.896193771626,3.37372615787,4.762331196,0.910034602076,4.330130645,6.30379558012,0.923875432526,5.15966890518,7.94969064762
DRIFT30,5,MJ3,289,0.193817947312,0.278913685618,0.159653892604,0.892733564014,0.914920385581,1.23145556692,0.910034602076,1.17428760188,1.62344982678,0.920415224913,1.39924998156,2.03701247806
DRIFT30,5,MJ1,289,0.158925872551,0.233586174452,0.131790544804,0.840830449827,0.686723148698,0.950976296796,0.910034602076,0.881399619193,1.23239880514,0.923875432526,1.05025242447,1.53240954053
DRIFT30,6,ATU1,288,1.02781431222,1.7898899273,0.998802004785,0.899305555556,5.56159617008,7.84923639653,0.913194444444,7.13823140477,10.4009813946,0.923611111111,8.50572734097,13.1204874132
DRIFT30,6,ATU5,288,0.637174830173,1.24365309111,0.678855954546,0.895833333333,4.15657648493,5.90527103338,0.909722222222,5.33490816192,7.8459152682,0.923611111111,6.35693516241,9.96065011076
DRIFT30,6,MJ3,288,0.238340529828,0.343011154354,0.197561115477,0.892361111111,1.12974755566,1.53811073815,0.909722222222,1.45001528962,2.04147692123,0.920138888889,1.72779978602,2.59127009602
DRIFT30,6,MJ1,288,0.195421573439,0.287276854447,0.163045003416,0.840277777778,0.846989286763,1.18635492344,0.909722222222,1.08709898047,1.54909169872,0.923611111111,1.29535833124,1.94793096204
DRIFT30,7,ATU1,287,1.22584843991,2.13558344061,1.19766830074,0.898954703833,6.65428861336,9.43797212867,0.909407665505,8.54068697252,12.5455122205,0.923344947735,10.176856223,15.91123492
DRIFT30,7,ATU5,287,0.757021274742,1.4816841604,0.81500856855,0.891986062718,4.9644925457,7.13759520115,0.905923344948,6.37185719975,9.55508340548,0.91637630662,7.59253615125,12.2580754593
DRIFT30,7,MJ3,287,0.284729045115,0.409713607031,0.237804908915,0.891986062718,1.36796800628,1.86897791822,0.905923344948,1.75576792786,2.49041499803,0.91637630662,2.09212652568,3.17739597688
DRIFT30,7,MJ1,287,0.233390882827,0.343122791085,0.196023259373,0.836236933798,1.02536301783,1.43959370074,0.905923344948,1.31603918576,1.88781886386,0.919860627178,1.56815741174,2.38558153825
DRIFT30,8,ATU1,286,1.43005073853,2.49280047553,1.40691822776,0.895104895105,7.77360494005,11.1409526143,0.909090909091,9.9773139247,14.9044128858,0.91958041958,11.888702821,19.0792157099
DRIFT30,8,ATU5,286,0.879931097745,1.72665070242,0.957000479135,0.891608391608,5.80303766841,8.43949100024,0.905594405594,7.44811821299,11.3714001838,0.916083916084,8.87498024801,14.7446107325
DRIFT30,8,MJ3,286,0.332769462793,0.478944591011,0.279594423493,0.888111888112,1.60500660187,2.21606953188,0.905594405594,2.0600036716,2.9705204819,0.916083916084,2.45464577406,3.82720031768
DRIFT30,8,MJ1,286,0.272645363028,0.401041421514,0.230408289325,0.835664335664,1.20172398936,1.70476979621,0.905594405594,1.54239604215,2.25084068325,0.916083916084,1.83787824215,2.87320407045
DRIFT30,9,ATU1,285,1.63908906914,2.8605330258,1.62463980057,0.894736842105,8.93312851572,12.9266936772,0.908771929825,11.4655463222,17.3902764217,0.919298245614,13.6620410999,22.4695044745
DRIFT30,9,ATU5,285,1.00500580299,1.97769481426,1.10268576538,0.891228070175,6.68342500045,9.77478701576,0.901754385965,8.5780831205,13.2161055941,0.915789473684,10.2214164817,17.2156230807
DRIFT30,9,MJ3,285,0.382658509747,0.550625649869,0.323850630471,0.887719298246,1.86954899307,2.58933472655,0.901754385965,2.39954015484,3.4814215474,0.915789473684,2.85922844798,4.50472481616
DRIFT30,9,MJ1,285,0.313300314808,0.460945801299,0.266551550616,0.838596491228,1.39957576324,1.98916093902,0.901754385965,1.79633604472,2.63537035275,0.915789473684,2.14046641847,3.37877965485
DRIFT30,10,ATU1,284,1.8529631055,3.237662884,1.84790200255,0.890845070423,10.1485972789,14.7465238694,0.904929577465,13.0255835906,19.8923049127,0.919014084507,15.5209401596,25.7946196207
DRIFT30,10,ATU5,284,1.1318469998,2.23388999264,1.2549694144,0.887323943662,7.58563182208,11.2112573254,0.901408450704,9.73605303971,15.2470736717,0.911971830986,11.6012227451,20.0415634085
DRIFT30,10,MJ3,284,0.434057944669,0.624676624235,0.370580080739,0.883802816901,2.14458851662,2.99220318361,0.897887323944,2.75254956158,4.0443273563,0.908450704225,3.27986510044,5.27296087817
DRIFT30,10,MJ1,284,0.355134620216,0.522745078227,0.303900355607,0.834507042254,1.59130444032,2.28288641665,0.901408450704,2.04241713765,3.04342065669,0.911971830986,2.43369012635,3.93309594386
DRIFT30,11,ATU1,283,2.07047062024,3.62296573402,2.08075555115,0.890459363958,11.3892147128,16.6924732037,0.904593639576,14.6178988283,22.6274959335,0.91519434629,17.4183007921,29.5615293366
DRIFT30,11,ATU5,283,1.2601907006,2.49424467414,1.40969735718,0.886925795053,8.52973069348,12.6723455881,0.897526501767,10.9477908227,17.2823559736,0.911660777385,13.0450973699,22.8141743621
DRIFT30,11,MJ3,283,0.487275083191,0.701015957248,0.417915416168,0.883392226148,2.41358273678,3.39855908078,0.897526501767,3.09779990542,4.61636793941,0.908127208481,3.69125625919,6.06560268009
DRIFT30,11,MJ1,283,0.398100043139,0.586345034049,0.342619155287,0.833922261484,1.78946268506,2.58986265293,0.901060070671,2.29675049132,3.4715016548,0.911660777385,2.7367470094,4.52166641855
DRIFT30,12,ATU1,282,2.29101634271,4.01511667061,2.31742997563,0.893617021277,12.6853923525,18.6621137716,0.904255319149,16.2815248183,25.3490261055,0.914893617021,19.4006334268,33.2198470819
DRIFT30,12,ATU5,282,1.38905439092,2.75770655235,1.57016893419,0.886524822695,9.49462611674,14.2288666534,0.897163120567,12.186220691,19.523036961,0.90780141844,14.520777576,25.9618696052
DRIFT30,12,MJ3,282,0.541983719466,0.779561003799,0.46797501717,0.882978723404,2.71660982434,3.83421969968,0.893617021277,3.48673096169,5.22117986302,0.904255319149,4.15469619711,6.87994376211
DRIFT30,12,MJ1,282,0.442187733485,0.65164869186,0.38316473603,0.829787234043,2.0141976578,2.91822597108,0.897163120567,2.58519470609,3.92320544416,0.91134751773,3.08044949042,5.12343781444
DRIFT30,13,ATU1,281,2.51354794525,4.4126970732,2.56249332209,0.889679715302,14.0053504355,20.7619728352,0.903914590747,17.9756726767,28.3184324296,0.91103202847,21.4193351111,37.3302219406
DRIFT30,13,ATU5,281,1.51860753927,3.02316766442,1.73376650464,0.889679715302,10.4907646157,15.8210178732,0.896797153025,13.4647506128,21.859590159,0.907473309609,16.044239943,29.2742658732
DRIFT30,13,MJ3,281,0.598239039473,0.860228342702,0.518647618173,0.879003558719,3.0046437033,4.27707340085,0.893238434164,3.85641844304,5.84948933525,0.903914590747,4.59520600121,7.7589837652
DRIFT30,13,MJ1,281,0.48725734615,0.718556986786,0.424522406354,0.829181494662,2.22620926374,3.25160660001,0.896797153025,2.85730865637,4.39246463238,0.907473309609,3.40469326111,5.7721724839
DRIFT30,14,ATU1,280,2.73743428856,4.81420278565,2.80942253443,0.889285714286,15.3795574012,22.8728783185,0.9,19.7394482222,31.2473819163,0.910714285714,23.5210033017,41.2975141622
DRIFT30,14,ATU5,280,1.64751163749,3.28947025279,1.89777230365,0.889285714286,11.52743481,17.3994605033,0.896428571429,14.7953024025,24.1692383011,0.903571428571,17.6296901889,32.4806680208
DRIFT30,14,MJ3,280,0.655960643059,0.942934090807,0.572242257169,0.878571428571,3.33116299948,4.75165548941,0.889285714286,4.27550142264,6.5106592837,0.903571428571,5.09457417177,8.65657287977
DRIFT30,14,MJ1,280,0.533311512099,0.786969497573,0.467789633138,0.832142857143,2.46844690581,3.60780949086,0.892857142857,3.16821730402,4.88512115471,0.907142857143,3.77516376493,6.43461092057
DRIFT30,15,ATU1,279,2.96241304163,5.21805357799,3.06299654674,0.888888888889,16.7768775806,25.0862479108,0.899641577061,21.5328892566,34.4358995975,0.910394265233,25.6580201025,45.7216994331
DRIFT30,15,ATU5,279,1.77636364858,3.55541342301,2.06549295428,0.89247311828,12.584761754,19.0400928362,0.899641577061,16.1523668434,26.6046965996,0.903225806452,19.2467322073,36.0999049006
DRIFT30,15,MJ3,279,0.715078195011,1.02759421796,0.626001521493,0.874551971326,3.63654843957,5.22804240053,0.888888888889,4.66745939159,7.19126598382,0.899641577061,5.56162089862,9.6129148105
DRIFT30,15,MJ1,279,0.58010488583,0.856785236527,0.511550064082,0.827956989247,2.69313329607,3.96509153172,0.89247311828,3.45659916386,5.39243014004,0.899641577061,4.11879194546,7.14066819575
DRIFT30,16,ATU1,278,3.1859370822,5.62260389088,3.31917471287,0.892086330935,18.2125493629,27.3176113236,0.89928057554,23.3755540401,37.7118520715,0.906474820144,27.8536906182,50.3133896409
DRIFT30,16,ATU5,278,1.90344417761,3.81976063379,2.23230418083,0.895683453237,13.6808443346,20.6528660993,0.89928057554,17.5591736052,28.9481062312,0.906474820144,20.9230458569,39.4713500429
DRIFT30,16,MJ3,278,0.775644736061,1.11412486162,0.68291918281,0.874100719424,3.98499063281,5.73941772071,0.884892086331,5.11468010494,7.90496759827,0.89928057554,6.09451724693,10.5892484642
DRIFT30,16,MJ1,278,0.62792576995,0.927903494904,0.557676020772,0.834532374101,2.94541109169,4.3551336694,0.888489208633,3.78039420908,5.94428636361,0.89928057554,4.50461753907,7.91042652955
DRIFT30,17,ATU1,277,3.40995660114,6.02615488784,3.57432126202,0.891696750903,19.6977754729,29.504730929,0.898916967509,25.2818211148,40.8656128338,0.906137184116,30.1251479382,54.6710326983
DRIFT30,17,ATU5,277,2.02948768935,4.08124807236,2.4012943349,0.895306859206,14.7974285828,22.3111623066,0.902527075812,18.9922939727,31.3788306307,0.906137184116,22.6307141015,43.0656886995
DRIFT30,17,MJ3,277,0.837593455373,1.20244263966,0.73952932277,0.870036101083,4.30599387006,6.24661738762,0.884476534296,5.52668329954,8.63350569613,0.891696750903,6.58544933334,11.6172849746
DRIFT30,17,MJ1,277,0.676354913259,1.00022474042,0.603251166657,0.830324909747,3.18790046609,4.72646346193,0.888086642599,4.09162595169,6.46473806739,0.898916967509,4.87547303427,8.61685848989
DRIFT30,18,ATU1,276,3.63128935165,6.42696786466,3.83267676649,0.884057971014,21.2061516361,31.7481777215,0.902173913043,27.217800961,44.1331062534,0.905797101449,32.4320102093,59.4528426959
DRIFT30,18,ATU5,276,2.15308382239,4.33859398598,2.56830396929,0.898550724638,15.9500085996,23.9331090898,0.902173913043,20.4716144089,33.6995347461,0.909420289855,24.3934331234,46.3507749955
DRIFT30,18,MJ3,276,0.900648264782,1.29246495982,0.797395755759,0.869565217391,4.63303536091,6.76788218779,0.884057971014,5.94643650875,9.38012702702,0.891304347826,7.08561613175,12.683240212
DRIFT30,18,MJ1,276,0.725650518006,1.07365156296,0.651618165927,0.829710144928,3.45400921249,5.1406888116,0.884057971014,4.43317283005,7.0539438631,0.894927536232,5.28245124172,9.43564249723
DRIFT30,19,ATU1,275,3.85051905087,6.82327908947,4.08839365422,0.88,22.7595031756,33.9354150315,0.901818181818,29.2115060779,47.2360965937,0.909090909091,34.8076563827,63.8047718236
DRIFT30,19,ATU5,275,2.27449406573,4.59050906038,2.73597902989,0.898181818182,17.122827566,25.5806909537,0.905454545455,21.9769112557,36.0705444909,0.909090909091,26.1871049477,49.7528258475
DRIFT30,19,MJ3,275,0.964813931827,1.38411032401,0.85882545984,0.865454545455,5.00971121846,7.32767775041,0.88,6.42989473792,10.1676565054,0.890909090909,7.66169214343,13.7614515583
DRIFT30,19,MJ1,275,0.775383438326,1.1480896636,0.700826417336,0.829090909091,3.73551489548,5.55924676536,0.88,4.79448146259,7.63869366535,0.894545454545,5.71297703166,10.2277045705
DRIFT30,20,ATU1,274,4.06597568539,7.21331617112,4.34503276969,0.879562043796,24.3356339722,36.1564054259,0.905109489051,31.2344480546,50.399462455,0.908759124088,37.2181404235,68.2835067852
DRIFT30,20,ATU5,274,2.39271920039,4.83570795789,2.90091184237,0.901459854015,18.3279629944,27.1890797769,0.905109489051,23.5236858325,38.3230883674,0.912408759124,28.0302005357,52.8633928237
DRIFT30,20,MJ3,274,1.02999629768,1.47729862541,0.92204678152,0.861313868613,5.38552807013,7.91266618536,0.875912408759,6.91225044498,11.0019898752,0.886861313869,8.23645441898,14.94107606
DRIFT30,20,MJ1,274,0.825965516736,1.22344888136,0.749542414142,0.832116788321,3.98673129162,5.96818163435,0.879562043796,5.11691421634,8.22568654956,0.890510948905,6.09717935485,11.0458459203
DRIFT30,21,ATU1,273,4.27831470133,7.59531607736,4.59788237509,0.882783882784,25.9509648935,38.3128255277,0.904761904762,33.3077028467,53.3911475935,0.912087912088,39.6885758816,72.3750343907
DRIFT30,21,ATU5,273,2.50819012897,5.07292215173,3.06508126156,0.901098901099,19.5530396346,28.8034405958,0.908424908425,25.0960546775,40.5908041636,0.912087912088,29.9037935753,55.9838381071
DRIFT30,21,MJ3,273,1.09606326675,1.57195143602,0.986527587141,0.860805860806,5.78217838999,8.5047754738,0.871794871795,7.42134561898,11.8341896728,0.886446886447,8.8430787346,16.085592631
DRIFT30,21,MJ1,273,0.876894033784,1.29964425032,0.798998821189,0.835164835165,4.24139605808,6.38387321909,0.879120879121,5.44377290547,8.82189475359,0.89010989011,6.48665550534,11.8846471996
DRIFT30,22,ATU1,272,4.48550573551,7.96754492166,4.84945523266,0.882352941176,27.5888491086,40.475944444,0.908088235294,35.4099044782,56.3906316219,0.911764705882,42.1935036261,76.4300443027
DRIFT30,22,ATU5,272,2.61944845532,5.30091416505,3.22602865075,0.904411764706,20.8060275064,30.3796159819,0.908088235294,26.7042472004,42.7400124294,0.915441176471,31.82007316,58.8563250597
DRIFT30,22,MJ3,272,1.16311900101,1.66799233722,1.04940991035,0.856617647059,6.1353569023,9.08008931344,0.871323529412,7.87464533204,12.6635234004,0.882352941176,9.38321865784,17.2605201588
DRIFT30,22,MJ1,272,0.928529929483,1.37659707607,0.851016455815,0.834558823529,4.54123861137,6.83453062192,0.875,5.82861665624,9.4528856698,0.889705882353,6.94522511835,12.7350120526
DRIFT30,23,ATU1,271,4.68690294498,8.32831964677,5.09652147082,0.881918819188,29.2592034147,42.5760498385,0.907749077491,37.5537810201,59.2234667579,0.915129151292,44.7480900894,80.1754745796
DRIFT30,23,ATU5,271,2.72781822251,5.51849329478,3.38486675535,0.90405904059,22.0788063492,31.9421131293,0.911439114391,28.3378411596,44.8704236902,0.915129151292,33.7666204228,61.6276880559
DRIFT30,23,MJ3,271,1.23108059948,1.76534748139,1.11331187966,0.856088560886,6.49270127684,9.66465665855,0.870848708487,8.3332918714,13.5040945858,0.881918819188,9.92972971757,18.4581934137
DRIFT30,23,MJ1,271,0.980531034021,1.45423601553,0.901928695414,0.841328413284,4.80374506237,7.26722804259,0.874538745387,6.16554003852,10.0729616522,0.885608856089,7.34669409042,13.6007381033
DRIFT30,24,ATU1,270,4.88365971806,8.67603194544,5.34021398971,0.881481481481,30.9522515076,44.6531308335,0.911111111111,39.726784722,62.0114015171,0.918518518519,47.3373837045,83.7362065805
DRIFT30,24,ATU5,270,2.83158821818,5.72453336387,3.54025473476,0.907407407407,23.374589704,33.4710039743,0.914814814815,30.0009610903,46.8933302753,0.918518518519,35.7483500508,64.2170162603
DRIFT30,24,MJ3,270,1.29973612356,1.86394609079,1.18166622677,0.851851851852,6.9114120028,10.2962448954,0.866666666667,8.87070127009,14.3943618099,0.881481481481,10.5700925129,19.6776364902
DRIFT30,24,MJ1,270,1.03331997533,1.53249816401,0.955640626622,0.848148148148,5.11521863892,7.73787326632,0.87037037037,6.56531204603,10.7291187403,0.885185185185,7.8230518185,14.4875054633
DRIFT30,25,ATU1,269,5.07326091037,9.00917455205,5.57906776685,0.884758364312,32.670345798,46.6748093981,0.914498141264,41.9319348705,64.6530849575,0.918215613383,49.9649821733,87.0512402041
DRIFT30,25,ATU5,269,2.93211032614,5.91799265108,3.69248078289,0.907063197026,24.6893938353,34.9702197655,0.914498141264,31.6884939234,48.8669077937,0.921933085502,37.7591694462,66.6297724453
DRIFT30,25,MJ3,269,1.36930142818,1.96372090059,1.24767049777,0.851301115242,7.27806715353,10.901201158,0.866171003717,9.3412980613,15.2642061591,0.873605947955,11.130843176,20.9130288896
DRIFT30,25,MJ1,269,1.08646359858,1.61133012903,1.00781602954,0.855018587361,5.38445768391,8.18845858443,0.869888475836,6.91087661914,11.3700131902,0.884758364312,8.23481740452,15.3752428049
DRIFT30,26,ATU1,268,5.25684552311,9.32637008043,5.81356339543,0.880597014925,34.4072798378,48.663771268,0.914179104478,44.1612655755,67.2408150904,0.921641791045,52.6213935523,90.1830280652
DRIFT30,26,ATU5,268,3.02695232607,6.09793623035,3.84151784368,0.910447761194,26.0209043884,36.4481785492,0.917910447761,33.3974692167,50.7708164081,0.921641791045,39.7955391087,68.9492024393
DRIFT30,26,MJ3,268,1.43928943927,2.06460858441,1.31847796573,0.850746268657,7.71049723659,11.5552067035,0.861940298507,9.89631606421,16.1837649827,0.876865671642,11.7921879173,22.1774425344
DRIFT30,26,MJ1,268,1.14047222506,1.69068907054,1.0630600142,0.850746268657,5.70633611606,8.67853900395,0.865671641791,7.32400311424,12.0481289339,0.880597014925,8.72708798604,16.2924981014
DRIFT30,27,ATU1,267,5.4312756295,9.62640259965,6.04334039819,0.883895131086,36.1610184098,50.6100867169,0.917602996255,46.4121646642,69.7267866131,0.921348314607,55.3035052456,93.165257869
DRIFT30,27,ATU5,267,3.11867333032,6.26356102975,3.98718441369,0.910112359551,27.3677762802,37.8938350244,0.917602996255,35.1261605747,52.6257665511,0.925093632959,41.8554019114,71.1288978661
DRIFT30,27,MJ3,267,1.51001324374,2.1665501567,1.3864029658,0.846441947566,8.08492512447,12.1771299185,0.861423220974,10.3768890555,17.0777420044,0.87265917603,12.364825956,23.4435839383
DRIFT30,27,MJ1,267,1.19543291312,1.77054368654,1.11633492892,0.850187265918,5.98119164456,9.14268900394,0.865168539326,7.67677636589,12.7069032187,0.880149812734,9.14744324235,17.2020560721
DRIFT30,28,ATU1,266,5.60153500357,9.90825210665,6.26810438168,0.883458646617,37.9296027001,52.51743132,0.917293233083,48.6821180259,72.1486171747,0.924812030075,58.0083215056,95.9876204846
DRIFT30,28,ATU5,266,3.20430819506,6.41422393343,4.12934874337,0.913533834586,28.7287379365,39.318710064,0.921052631579,36.8729359498,54.4159323388,0.924812030075,43.9368131496,73.1962344354
DRIFT30,28,MJ3,266,1.58127562253,2.26949134681,1.45512018934,0.845864661654,8.46184888395,12.8037755728,0.860902255639,10.8606654634,17.9757540684,0.868421052632,12.941281101,24.7244510817
DRIFT30,28,MJ1,266,1.25145981819,1.85087512021,1.17002971704,0.84962406015,6.25776917558,9.61005296255,0.864661654135,8.03175978385,13.3682560681,0.872180451128,9.57043207425,18.1173901099
DRIFT30,29,ATU1,265,5.7608169625,10.1711319879,6.48763117391,0.88679245283,39.7111723329,54.3823784711,0.920754716981,50.9687378943,74.4754478837,0.924528301887,60.7329971333,98.6429766421
DRIFT30,29,ATU5,265,3.28723896275,6.54947324029,4.267933184,0.91320754717,30.1026040723,40.7063511396,0.920754716981,38.6362740449,56.1482790785,0.928301886792,46.0379600859,75.1466437252
DRIFT30,29,MJ3,265,1.65280267451,2.37338293972,1.52911140759,0.841509433962,8.90989706055,13.485382923,0.856603773585,11.4357290723,18.9322710224,0.867924528302,13.6265116552,26.033278248
DRIFT30,29,MJ1,265,1.30797140924,1.93167776097,1.22722011501,0.845283018868,6.59150196983,10.1238717211,0.860377358491,8.46010118799,14.0775579598,0.871698113208,10.0808323381,19.0678219876
DRIFT30,30,ATU1,264,5.91421819131,10.4145294454,6.70177183966,0.886363636364,41.503983601,56.2034551083,0.920454545455,53.2697862454,76.7314481867,0.92803030303,63.4748653584,101.171803685
DRIFT30,30,ATU5,264,3.36415701722,6.66908374417,4.4029194841,0.916666666667,31.4882842171,42.0758125366,0.924242424242,40.4147752564,57.8251121011,0.92803030303,48.1571749899,76.9664990541
DRIFT30,30,MJ3,264,1.72527308877,2.47818107783,1.59943659396,0.840909090909,9.29230532255,14.1245191876,0.856060606061,11.926544763,19.8459424441,0.867424242424,14.2113546229,27.318423481
DRIFT30,30,MJ1,264,1.36499256647,2.01295990817,1.28183329932,0.844696969697,6.87204067035,10.6018980441,0.859848484848,8.82016871196,14.7522971237,0.871212121212,10.509879256,19.9971853504
DRIFT7,1,ATU1,293,0.0455828090124,0.078595232196,0.0430037454695,0.897610921502,0.252346956824,0.333604437476,0.924914675768,0.323883812671,0.428488510662,0.938566552901,0.385931366542,0.51308758951
DRIFT7,1,ATU5,293,0.027534522099,0.0533350575582,0.0289760467661,0.907849829352,0.188774533708,0.247162264594,0.921501706485,0.242289490953,0.317120865007,0.938566552901,0.288705735465,0.379676737325
DRIFT7,1,MJ3,293,0.0101030829728,0.0144500914024,0.00798209959826,0.907849829352,0.0459569092613,0.0595786552346,0.924914675768,0.0589850544561,0.0770254967453,0.935153583618,0.0702850274734,0.0937276952946
DRIFT7,1,MJ1,293,0.00830760096012,0.0121541174188,0.00666080161309,0.846416382253,0.0354742934746,0.047975929332,0.921501706485,0.045530762752,0.0599549569069,0.941979522184,0.0542532500889,0.072660591968
DRIFT7,2,ATU1,292,0.101975884373,0.176114179723,0.0970270408438,0.897260273973,0.571212805826,0.75817372995,0.921232876712,0.733143699157,0.978317431277,0.934931506849,0.873594599724,1.18012662998
DRIFT7,2,ATU5,292,0.0618223557689,0.119919200194,0.0656897418781,0.907534246575,0.425989005189,0.564299558756,0.921232876712,0.546750968954,0.730894460497,0.934931506849,0.651493962809,0.887831891689
DRIFT7,2,MJ3,292,0.0227496041194,0.0325159245026,0.0181025338455,0.904109589041,0.104384567002,0.136401088129,0.921232876712,0.133976141302,0.17753912019,0.931506849315,0.159642418898,0.217970408768
DRIFT7,2,MJ1,292,0.0186937503519,0.0273424790074,0.0150527837311,0.828767123288,0.0782875306713,0.108300070828,0.921232876712,0.100480957795,0.135506628507,0.931506849315,0.119730446031,0.165406637893
DRIFT7,3,ATU1,291,0.169029934026,0.292397775081,0.162405793158,0.893470790378,0.954014543809,1.28039155434,0.920962199313,1.22446441075,1.66602620608,0.93470790378,1.45903933705,2.03819247653
DRIFT7,3,ATU5,291,0.102808203044,0.19970988307,0.110281605538,0.907216494845,0.711733704912,0.953689656997,0.920962199313,0.913500320566,1.24525936993,0.931271477663,1.08850276939,1.53378268017
DRIFT7,3,MJ3,291,0.0379239145432,0.0541832911142,0.0304049411178,0.903780068729,0.176483758887,0.231579736502,0.917525773196,0.226514452253,0.303090509366,0.931271477663,0.269908617472,0.375222542611
DRIFT7,3,MJ1,291,0.03114181686,0.045553827758,0.0252379252059,0.831615120275,0.132303736971,0.182527797442,0.917525773196,0.169810008015,0.231091838783,0.931271477663,0.202341104686,0.284461478493
DRIFT7,4,ATU1,290,0.246661260547,0.427303213568,0.239204482066,0.893103448276,1.40153636018,1.90036243999,0.920689655172,1.79885244366,2.49155781753,0.931034482759,2.14346489274,3.08626518087
DRIFT7,4,ATU5,290,0.150588461225,0.292649536974,0.162650940276,0.906896551724,1.04894445236,1.41235423212,0.91724137931,1.3463056293,1.85129920621,0.931034482759,1.60422210364,2.2956068458
DRIFT7,4,MJ3,290,0.0556306834493,0.0794321274596,0.0448577818038,0.9,0.259832320325,0.34498856607,0.91724137931,0.333491172713,0.455228705914,0.927586206897,0.397379242122,0.570945027903
DRIFT7,4,MJ1,290,0.0456612368868,0.0667727018975,0.0372092250554,0.827586206897,0.194489678178,0.270680949185,0.91724137931,0.249624799467,0.346870656684,0.931034482759,0.297446294665,0.43267553318
DRIFT7,5,ATU1,289,0.334705304621,0.580695725824,0.327161466818,0.896193771626,1.9189605988,2.61194420918,0.916955017301,2.4629592642,3.43598471254,0.930795847751,2.93479697775,4.28167475165
DRIFT7,5,ATU5,289,0.205093829834,0.398661239069,0.223263007929,0.903114186851,1.43232017614,1.94947726119,0.916955017301,1.83836304369,2.57386920177,0.930795847751,2.1905446765,3.22790590466
DRIFT7,5,MJ3,289,0.0758357790838,0.108236643292,0.0615022191259,0.899653979239,0.35556791726,0.477480796753,0.916955017301,0.456366481113,0.634491037169,0.927335640138,0.543794202764,0.805301999035
DRIFT7,5,MJ1,289,0.062255629984,0.0909793232465,0.050989572934,0.83044982699,0.265743375957,0.37294343302,0.916955017301,0.341077930482,0.483130567266,0.927335640138,0.40641942159,0.610223874164
DRIFT7,6,ATU1,288,0.433088091122,0.752440002703,0.427009531986,0.895833333333,2.49608193119,3.43020306632,0.916666666667,3.20368647511,4.54223511833,0.930555555556,3.81742788908,5.71902250825
DRIFT7,6,ATU5,288,0.266262058771,0.517644245846,0.292024730058,0.902777777778,1.8637029846,2.56249254091,0.916666666667,2.39203688419,3.40512385693,0.927083333333,2.85028774955,4.3163299457
DRIFT7,6,MJ3,288,0.0984989275759,0.14056544304,0.0804952693522,0.899305555556,0.46833727928,0.631158393007,0.913194444444,0.601104390312,0.841997491433,0.927083333333,0.716260059045,1.07479507152
DRIFT7,6,MJ1,288,0.0808766848424,0.118149475507,0.0666498091956,0.836805555556,0.349858041276,0.489837505856,0.913194444444,0.449037934627,0.6404709422,0.927083333333,0.535061701018,0.813614870635
DRIFT7,7,ATU1,287,0.54186332247,0.942391284823,0.538496075617,0.895470383275,3.13651574417,4.34855502497,0.91637630662,4.0256743751,5.79236398781,0.926829268293,4.79688688368,7.36192653074
DRIFT7,7,ATU5,287,0.334407325465,0.649469367906,0.368525457018,0.90243902439,2.34821018965,3.243016535,0.912891986063,3.01389514955,4.32319457454,0.926829268293,3.59127757602,5.50697283185
DRIFT7,7,MJ3,287,0.123636548902,0.176381639927,0.101591590353,0.895470383275,0.590083473727,0.803308015273,0.912891986063,0.757363939197,1.07846701135,0.919860627178,0.90245479579,1.39038619368
DRIFT7,7,MJ1,287,0.10156610071,0.148254371998,0.0841000335642,0.83275261324,0.440132421553,0.621085927602,0.912891986063,0.564903847332,0.81975989652,0.923344947735,0.673124451537,1.05142223377
DRIFT7,8,ATU1,286,0.660841099409,1.15038611895,0.66078028883,0.891608391608,3.84583044656,5.35253021187,0.916083916084,4.93606993954,7.14663808627,0.926573426573,5.88169010796,9.12118968806
DRIFT7,8,ATU5,286,0.40934179998,0.793974160186,0.45356956173,0.898601398601,2.87492024277,4.00861944169,0.912587412587,3.68992018399,5.37432537143,0.923076923077,4.3968110888,6.90355162274
DRIFT7,8,MJ3,286,0.151176858437,0.215642963746,0.125308688633,0.895104895105,0.730369943137,1.00175001691,0.909090909091,0.937419673374,1.35167415038,0.91958041958,1.1170044362,1.75864790133
DRIFT7,8,MJ1,286,0.124315732315,0.181260512069,0.103382505197,0.832167832168,0.539475695327,0.767143658479,0.912587412587,0.692409558825,1.02077848573,0.91958041958,0.825056877774,1.32185608574
DRIFT7,9,ATU1,285,0.790012853051,1.37623277284,0.795442484095,0.894736842105,4.61166436605,6.47081028618,0.915789473684,5.91900713379,8.6834886699,0.926315789474,7.05293201558,11.1680107602
DRIFT7,9,ATU5,285,0.490848811393,0.950957895369,0.546750392326,0.898245614035,3.44796136418,4.85073110258,0.912280701754,4.42541050079,6.53645001572,0.922807017544,5.27320185592,8.46650003186
DRIFT7,9,MJ3,285,0.181063294188,0.25830186292,0.151229063182,0.894736842105,0.886850791466,1.21960676639,0.905263157895,1.13826066787,1.65027896367,0.919298245614,1.3563212419,2.15564099549
DRIFT7,9,MJ1,285,0.149049367612,0.21712952533,0.12464073533,0.852631578947,0.654773729367,0.9302801854,0.908771929825,0.840392983426,1.24511491352,0.919298245614,1.00139000418,1.61854804048
DRIFT7,10,ATU1,284,0.929633109255,1.61970128817,0.941643643411,0.901408450704,5.43816910796,7.68772263623,0.915492957746,6.97981448558,10.3624508814,0.922535211268,8.31696193895,13.424232331
DRIFT7,10,ATU5,284,0.578785967133,1.12017628144,0.647281296249,0.894366197183,4.07424362318,5.75529569934,0.908450704225,5.2292350779,7.77545721422,0.922535211268,6.23101791639,10.1070650208
DRIFT7,10,MJ3,284,0.213312542854,0.30430560145,0.179064699674,0.890845070423,1.04865710256,1.45457942082,0.904929577465,1.34593681983,1.97865404086,0.915492957746,1.60378264005,2.60356409961
DRIFT7,10,MJ1,284,0.175848546072,0.25581800273,0.14760488862,0.852112676056,0.773201844392,1.10774361108,0.908450704225,0.992393823477,1.49129126034,0.915492957746,1.18251017636,1.95379217735
DRIFT7,11,ATU1,283,1.07950825639,1.8805131372,1.09835736856,0.897526501767,6.33601554862,8.98537763482,0.911660777385,8.1321879164,12.1360240094,0.922261484099,9.69009957512,15.7616045483
DRIFT7,11,ATU5,283,0.672498689266,1.30133587649,0.756390025873,0.893992932862,4.73813165446,6.74958437795,0.908127208481,6.08132614117,9.15949621162,0.918727915194,7.24634704246,11.9833822358
DRIFT7,11,MJ3,283,0.24782657248,0.353596351285,0.20906298539,0.890459363958,1.22289441115,1.71035655522,0.904593639576,1.56956798434,2.33681439145,0.91519434629,1.87025560827,3.09551332493
DRIFT7,11,MJ1,283,0.204554678071,0.297277313369,0.172778314363,0.851590106007,0.908411199264,1.30838131139,0.904593639576,1.16593315169,1.76967546441,0.91519434629,1.38929504015,2.3345900971
DRIFT7,12,ATU1,282,1.23957851628,2.15833043338,1.26716101229,0.897163120567,7.28089951204,10.3969706427,0.91134751773,9.34493335409,14.0962550161,0.921985815603,11.1351748945,18.4093417478
DRIFT7,12,ATU5,282,0.771801391373,1.49408814462,0.873444627312,0.893617021277,5.44758712996,7.82000926205,0.90780141844,6.99190238595,10.6540836074,0.914893617021,8.33136556065,14.0283539486
DRIFT7,12,MJ3,282,0.284561275651,0.406111280651,0.241804826178,0.890070921986,1.42286532458,1.99377644253,0.900709219858,1.82622787309,2.72958370199,0.914893617021,2.17608472886,3.62496303698
DRIFT7,12,MJ1,282,0.235057514035,0.341453405826,0.199684982283,0.854609929078,1.05653508846,1.52276861601,0.900709219858,1.35604810526,2.0650595113,0.914893617021,1.61583097977,2.73097390873
DRIFT7,13,ATU1,281,1.41037948119,2.45274462794,1.44726130235,0.896797153025,8.28534469293,11.9042227779,0.91103202847,10.6341247868,16.1935607512,0.918149466192,12.6713412353,21.2662739174
DRIFT7,13,ATU5,281,0.876719901919,1.69802308555,0.997344470994,0.889679715302,6.21161198606,8.94879257274,0.903914590747,7.97251767247,12.2176371704,0.918149466192,9.49984074456,16.125309747
DRIFT7,13,MJ3,281,0.323504315922,0.461782638835,0.27613405386,0.886120996441,1.62308080017,2.2911348743,0.900355871886,2.08320165397,3.14938648258,0.907473309609,2.48228787499,4.2058534558
DRIFT7,13,MJ1,281,0.267466252098,0.388286592587,0.228085806574,0.850533807829,1.20362110944,1.74723296254,0.900355871886,1.5448309694,2.380824282,0.91103202847,1.84077963693,3.16572472422
DRIFT7,14,ATU1,280,1.5918413965,2.76326460389,1.63735612302,0.892857142857,9.36281552186,13.4858312645,0.907142857143,12.017043624,18.3735930499,0.917857142857,14.3191906671,24.1633423364
DRIFT7,14,ATU5,280,0.986236007236,1.9126623572,1.12987743084,0.889285714286,7.01300843153,10.1736410183,0.903571428571,9.00109887466,13.9376910773,0.910714285714,10.7254708422,18.4930456844
DRIFT7,14,MJ3,280,0.364448264437,0.520537837884,0.312525397349,0.885714285714,1.8350893359,2.60880224529,0.9,2.35531166368,3.5979358041,0.907142857143,2.8065269502,4.83226077058
DRIFT7,14,MJ1,280,0.301616125214,0.437711315989,0.258198198424,0.85,1.35917053521,1.98618294164,0.9,1.74447649598,2.71781393023,0.910714285714,2.07867195474,3.63296910591
DRIFT7,15,ATU1,279,1.78322736721,3.08930405486,1.83966093938,0.89247311828,10.4874293813,15.1861695032,0.906810035842,13.4604698858,20.7488512125,0.913978494624,16.0391391422,27.39649649
DRIFT7,15,ATU5,279,1.10038728995,2.13745179378,1.26865842337,0.888888888889,7.86915440956,11.4506638349,0.899641577061,10.0999503411,15.7126257656,0.913978494624,12.0348331243,20.8954460505
DRIFT7,15,MJ3,279,0.407575494392,0.582299531703,0.3519031956,0.885304659498,2.07773765757,2.95752419311,0.89605734767,2.66674741289,4.08510146575,0.906810035842,3.17762553427,5.49493194868
DRIFT7,15,MJ1,279,0.337376364141,0.489655893902,0.290489955882,0.853046594982,1.53859623818,2.24840647298,0.89605734767,1.9747668926,3.08314810948,0.910394265233,2.35307988743,4.12703568785
DRIFT7,16,ATU1,278,1.98230301806,3.43016800747,2.0512992956,0.888489208633,11.6849547694,16.9491999329,0.902877697842,14.9974770817,23.1852831477,0.913669064748,17.8705961779,30.6573369734
DRIFT7,16,ATU5,278,1.21879075731,2.37175320168,1.41577147384,0.884892086331,8.76223085637,12.827831967,0.89928057554,11.2462015511,17.6574497983,0.906474820144,13.4006756844,23.5764973475
DRIFT7,16,MJ3,278,0.452627523272,0.646985692988,0.39240595461,0.881294964029,2.31412410493,3.31516578262,0.895683453237,2.97014613344,4.59311782702,0.902877697842,3.539147408,6.2080576038
DRIFT7,16,MJ1,278,0.374849839104,0.544042243078,0.323953453382,0.848920863309,1.71185179862,2.51679419443,0.895683453237,2.19713799699,3.46414012304,0.906474820144,2.61805140141,4.65613638376
DRIFT7,17,ATU1,277,2.18921487473,3.78503831142,2.27481709012,0.891696750903,12.9288704318,18.8408888173,0.902527075812,16.5940255498,25.8307507415,0.913357400722,19.7730010156,34.2570496269
DRIFT7,17,ATU5,277,1.34026278646,2.61483528924,1.56965030661,0.884476534296,9.70118567197,14.2805742246,0.898916967509,12.45133701,19.7078440886,0.906137184116,14.8366831547,26.4309779281
DRIFT7,17,MJ3,277,0.499565965633,0.714509688446,0.436090432858,0.880866425993,2.5847248205,3.70698067348,0.891696750903,3.31745839182,5.14042554827,0.902527075812,3.95299548947,6.95844212662
DRIFT7,17,MJ1,277,0.413731147796,0.600785577867,0.358974547054,0.851985559567,1.89279617244,2.79841564042,0.895306859206,2.42937758654,3.86437458617,0.902527075812,2.89478194074,5.21470508959
DRIFT7,18,ATU1,276,2.40276244337,4.15295787983,2.50831487816,0.891304347826,14.2322283904,20.821649195,0.902173913043,18.2668673793,28.597706795,0.909420289855,21.7663150004,38.0390855476
DRIFT7,18,ATU5,276,1.46535108349,2.86586355435,1.72840973027,0.880434782609,10.6937533958,15.7779301568,0.894927536232,13.7252838916,21.8066320109,0.905797101449,16.3546844925,29.2801620294
DRIFT7,18,MJ3,276,0.548334855128,0.78478035274,0.480520349739,0.880434782609,2.84397492449,4.10273904396,0.891304347826,3.65020229797,5.70541561224,0.898550724638,4.34948430856,7.75072649849
DRIFT7,18,MJ1,276,0.454169823333,0.659794081647,0.39626862001,0.847826086957,2.10190890565,3.10614184446,0.891304347826,2.69777087394,4.29678967733,0.905797101449,3.21459226817,5.80104699304
DRIFT7,19,ATU1,275,2.62186856406,4.53281340976,2.74947792439,0.887272727273,15.6058857444,22.8619993284,0.898181818182,20.0299375059,31.4152214596,0.909090909091,23.8671426326,41.8039351435
DRIFT7,19,ATU5,275,1.59268268719,3.1238889116,1.89419094635,0.883636363636,11.7231422864,17.3803993746,0.894545454545,15.0464902291,24.0743577196,0.901818181818,17.9289989453,32.4329953522
DRIFT7,19,MJ3,275,0.598815730532,0.85770206161,0.528438495804,0.876363636364,3.13521455409,4.53852650494,0.887272727273,4.02400431571,6.32480591504,0.898181818182,4.79489688517,8.61646621939
DRIFT7,19,MJ1,275,0.495969399789,0.720968547913,0.434302738646,0.850909090909,2.29893330622,3.41503038842,0.890909090909,2.95064895438,4.73748086687,0.898181818182,3.51591508621,6.41840585455
DRIFT7,20,ATU1,274,2.84605607818,4.92331624711,3.0008496287,0.886861313869,17.0254323148,25.0214321863,0.897810218978,21.8519058042,34.4304897287,0.905109489051,26.038151765,45.8980822025
DRIFT7,20,ATU5,274,1.72141190194,3.38783478678,2.06353739267,0.883211678832,12.8043475404,19.0249705847,0.890510948905,16.434202149,26.372526588,0.901459854015,19.5825596873,35.5746370029
DRIFT7,20,MJ3,274,0.65104010711,0.933174804619,0.578343645688,0.875912408759,3.44582027129,4.99201908419,0.883211678832,4.42266243782,6.96093969988,0.897810218978,5.26992733692,9.49081131882
DRIFT7,20,MJ1,274,0.539033927517,0.784201987555,0.474693106553,0.85401459854,2.52733496395,3.75227784484,0.886861313869,3.24379930838,5.2107685576,0.897810218978,3.865225278,7.06320783734
DRIFT7,21,ATU1,273,3.07380079067,5.32298097586,3.25806183968,0.886446886447,18.5120787822,27.2267195886,0.893772893773,23.7599958878,37.4694520056,0.908424908425,28.3117813341,49.9802387657
DRIFT7,21,ATU5,273,1.852292771,3.65648233558,2.23843029607,0.882783882784,13.9219484737,20.7390744435,0.89010989011,17.8686274176,28.8496066483,0.897435897436,21.2917828175,39.0064089458
DRIFT7,21,MJ3,273,0.704833355177,1.01109425799,0.628305802754,0.875457875458,3.7366690006,5.44103693768,0.882783882784,4.79596274048,7.60559276645,0.893772893773,5.71474208313,10.3965432145
DRIFT7,21,MJ1,273,0.583226955686,0.849379198318,0.515476463295,0.85347985348,2.73927245569,4.08593652858,0.886446886447,3.51581813412,5.68911211521,0.893772893773,4.1893557008,7.73019797767
DRIFT7,22,ATU1,272,3.30542463725,5.7301012112,3.52340179638,0.882352941176,20.0438381838,29.5514939981,0.897058823529,25.7259877957,40.7164782118,0.908088235294,30.6544051823,54.3735843073
DRIFT7,22,ATU5,272,1.9830591278,3.9284533233,2.41653647754,0.886029411765,15.0830014192,22.4842642867,0.893382352941,19.3588227401,31.3927654248,0.897058823529,23.0674600657,42.5901726238
DRIFT7,22,MJ3,272,0.760101667773,1.09135206619,0.679898088704,0.871323529412,4.03596611532,5.90644044839,0.882352941176,5.18010642842,8.27073631362,0.893382352941,6.17247751985,11.3337562502
DRIFT7,22,MJ1,272,0.628486945052,0.916376288454,0.557471122581,0.860294117647,2.95737996556,4.43152655294,0.886029411765,3.79575609238,6.18200265654,0.893382352941,4.52292235204,8.42204346409
DRIFT7,23,ATU1,271,3.53767685675,6.14272195623,3.79371820945,0.885608856089,21.6306153469,31.9409002044,0.89667896679,27.7625942358,44.0608831613,0.90405904059,33.0811714356,58.9112610854
DRIFT7,23,ATU5,271,2.11377819194,4.20219005579,2.59598460839,0.889298892989,16.2910081053,24.2285975327,0.892988929889,20.9092825362,33.8996819609,0.90036900369,24.9149468633,46.1346380869
DRIFT7,23,MJ3,271,0.816667320623,1.17383683245,0.735404053258,0.870848708487,4.38101299048,6.41426979579,0.878228782288,5.62296929819,8.98564545306,0.892988929889,6.70018117725,12.3159674366
DRIFT7,23,MJ1,271,0.674849378988,0.985060142509,0.601948310031,0.870848708487,3.21157542484,4.81019066658,0.881918819188,4.12201243228,6.71276168073,0.892988929889,4.91168075914,9.14329505607
DRIFT7,24,ATU1,270,3.77167221347,6.55863213928,4.06641434418,0.885185185185,23.2766793294,34.3235879881,0.892592592593,29.875294485,47.4458233331,0.903703703704,35.5986090548,63.4226338721
DRIFT7,24,ATU5,270,2.24368105688,4.47595432838,2.77795217337,0.888888888889,17.5348821049,26.0130999507,0.896296296296,22.5057775308,36.4579715494,0.9,26.8172879834,49.7847397931
DRIFT7,24,MJ3,270,0.874644698476,1.25843500464,0.790235995196,0.866666666667,4.69795000884,6.90904745193,0.877777777778,6.02975355736,9.69573554248,0.885185185185,7.18489451854,13.3194531921
DRIFT7,24,MJ1,270,0.722062010898,1.05528908068,0.646232723544,0.866666666667,3.44276827435,5.17928160756,0.881481481481,4.41874524215,7.23801167236,0.888888888889,5.26525971039,9.87540044277
DRIFT7,25,ATU1,269,4.00485405499,6.97545890354,4.34266458636,0.888475836431,24.9671804197,36.7484205827,0.895910780669,32.0450291446,50.8944160344,0.899628252788,38.1840073656,68.1763738664
DRIFT7,25,ATU5,269,2.3715676844,4.74791324628,2.95985736366,0.89219330855,18.8214633858,27.7890468315,0.895910780669,24.1570867275,38.9587656181,0.903345724907,28.7849442537,53.2576895082
DRIFT7,25,MJ3,269,0.933863293945,1.3450330686,0.846497842054,0.866171003717,5.02202406548,7.41792298124,0.877323420074,6.44569810598,10.4219510592,0.884758364312,7.68052301793,14.3456739736
DRIFT7,25,MJ1,269,0.770014312406,1.12691844734,0.691477596877,0.866171003717,3.67922745936,5.55809865983,0.881040892193,4.72223732046,7.77433578744,0.888475836431,5.62689282675,10.6250534125
DRIFT7,26,ATU1,268,4.23622180282,7.39075001998,4.61914815064,0.891791044776,26.7104611337,39.150476443,0.89552238806,34.2825057177,54.2544382881,0.902985074627,40.8501251451,72.7938375508
DRIFT7,26,ATU5,268,2.49762126885,5.0162014259,3.14224537296,0.891791044776,20.1431702088,29.5750554008,0.899253731343,25.8534790695,41.4723557438,0.902985074627,30.8063204051,56.7023027639
DRIFT7,26,MJ3,268,0.994195038214,1.43351902385,0.907057895765,0.865671641791,5.39756567472,7.9738571976,0.873134328358,6.9277005432,11.2060676532,0.880597014925,8.25486434652,15.4208394864
DRIFT7,26,MJ1,268,0.818628445833,1.19980495599,0.739362961141,0.865671641791,3.95653266191,5.97291259313,0.876865671642,5.07815469472,8.35543346725,0.888059701493,6.05099453622,11.4101338232
DRIFT7,27,ATU1,267,4.46560723463,7.80205308268,4.89618513922,0.89138576779,28.4973837291,41.56259836,0.898876404494,36.5759960392,57.6059358202,0.906367041199,43.5829874227,77.3023963695
DRIFT7,27,ATU5,267,2.6201767444,5.27897565179,3.32353560268,0.895131086142,21.5025107901,31.3545118663,0.902621722846,27.5981738173,43.9194437308,0.906367041199,32.8852524228,60.010369795
DRIFT7,27,MJ3,267,1.05563520572,1.52378358325,0.96615032662,0.861423220974,5.73662994846,8.50783179454,0.87265917603,7.36288482718,11.9700587761,0.880149812734,8.77341840461,16.4990833144
DRIFT7,27,MJ1,267,0.867919585653,1.27381058524,0.786408966033,0.861423220974,4.20424586849,6.37109235943,0.876404494382,5.39609115334,8.91872418178,0.883895131086,6.42983919332,12.192160291
DRIFT7,28,ATU1,266,4.69135340136,8.20700769991,5.17202215652,0.894736842105,30.3294906101,43.950471159,0.902255639098,38.9274797636,60.8610615861,0.906015037594,46.3849531018,81.6423335822
DRIFT7,28,ATU5,266,2.7398661729,5.53447887477,3.50364483792,0.898496240602,22.8954039464,33.120640999,0.902255639098,29.3859328288,46.3409139356,0.90977443609,35.0154986758,63.1902544126
DRIFT7,28,MJ3,266,1.11789041058,1.61572141455,1.02982088388,0.860902255639,6.13126422091,9.09406757071,0.868421052632,7.86939243235,12.7912399012,0.87969924812,9.3769594418,17.6284826459
DRIFT7,28,MJ1,266,0.917685235042,1.34880685919,0.836258433267,0.864661654135,4.49622911101,6.80951608892,0.872180451128,5.77084758795,9.52706585791,0.883458646617,6.87638902777,13.0171573172
DRIFT7,29,ATU1,265,4.91327906891,8.60344960962,5.44668439596,0.894339622642,32.200531599,46.324546749,0.901886792453,41.3289348743,64.0917879803,0.909433962264,49.2464633604,85.8351266612
DRIFT7,29,ATU5,265,2.85484254819,5.781113471,3.68226374899,0.898113207547,24.3191709844,34.883835153,0.905660377358,31.2133180385,48.7243265014,0.909433962264,37.1929624564,66.3020572566
DRIFT7,29,MJ3,265,1.18110799192,1.70923239712,1.09145119271,0.860377358491,6.48354907437,9.65034009687,0.867924528302,8.32154514669,13.5881294533,0.875471698113,9.91573263176,18.7420739659
DRIFT7,29,MJ1,265,0.967982962673,1.42467938899,0.884812982075,0.860377358491,4.75396625183,7.2236477961,0.871698113208,6.10164962687,10.114073787,0.883018867925,7.27056396934,13.820954982
DRIFT7,30,ATU1,264,5.12910663433,8.98952544313,5.71957945066,0.897727272727,34.107908181,48.6876401723,0.905303030303,43.7770262138,67.2577917837,0.909090909091,52.1635441133,89.9112447462
DRIFT7,30,ATU5,264,2.96608536619,6.01752361002,3.85899470119,0.901515151515,25.7719606015,36.6332956534,0.905303030303,33.0779533253,51.0625029529,0.912878787879,39.4148124414,69.311582956
DRIFT7,30,MJ3,264,1.24525482113,1.80422286504,1.15414167721,0.856060606061,6.84088133107,10.2162086309,0.867424242424,8.78017613296,14.3940222578,0.875,10.4622251589,19.8727858346
DRIFT7,30,MJ1,264,1.01870239457,1.50133253222,0.93395313029,0.859848484848,5.01552564957,7.64583909638,0.871212121212,6.43735747946,10.7069894036,0.878787878788,7.67058454845,14.6378730785
EXPERT_INIT,1,ATU1,293,0.0815288324624,0.141826681582,0.0774458012365,0.897610921502,0.452910561108,0.602538345998,0.924914675768,0.581304411896,0.772978320511,0.938566552901,0.692666929569,0.92380060562
EXPERT_INIT,1,ATU5,293,0.0501152077234,0.097494250885,0.0525323639826,0.907849829352,0.338708453513,0.447600627467,0.921501706485,0.43472759366,0.573820592214,0.935153583618,0.518009878021,0.686632963652
EXPERT_INIT,1,MJ3,293,0.018546628724,0.0265508706781,0.01469264939,0.904436860068,0.0841066530197,0.10899693197,0.921501706485,0.107949720471,0.140087813015,0.935153583618,0.128630025674,0.168832733331
EXPERT_INIT,1,MJ1,293,0.0152181325979,0.022228520121,0.0121662616111,0.815699658703,0.0632420877247,0.086704365206,0.921501706485,0.0811703408327,0.106857670774,0.935153583618,0.0967204266922,0.127798098338
EXPERT_INIT,2,ATU1,292,0.173087012676,0.301580306229,0.165726653895,0.897260273973,0.970623265947,1.29600181806,0.921232876712,1.24578147483,1.67188142113,0.934931506849,1.4844401856,2.01335358082
EXPERT_INIT,2,ATU5,292,0.106790435325,0.207757695892,0.11284746132,0.904109589041,0.723738947557,0.967792816123,0.921232876712,0.928908882686,1.25311612646,0.934931506849,1.1068632036,1.52149723546
EXPERT_INIT,2,MJ3,292,0.0395062168966,0.0565787228255,0.0315146096459,0.900684931507,0.18006549974,0.23623244606,0.921232876712,0.231111566869,0.306714213399,0.931506849315,0.2753864174,0.375472992409
EXPERT_INIT,2,MJ1,292,0.0322912361927,0.0473244333606,0.0260530849265,0.815068493151,0.135138354155,0.186961459887,0.921232876712,0.173448199782,0.233798336164,0.931506849315,0.206676277564,0.284113774425
EXPERT_INIT,3,ATU1,291,0.274673217702,0.479146216968,0.265328224473,0.900343642612,1.54814657244,2.09112444907,0.920962199313,1.98702461391,2.72057897726,0.93470790378,2.36768586326,3.32266839477
EXPERT_INIT,3,ATU5,291,0.170068488935,0.330688683242,0.181035911896,0.903780068729,1.15477809418,1.56225659096,0.920962199313,1.482141638,2.04011210948,0.931271477663,1.76608069124,2.51258129568
EXPERT_INIT,3,MJ3,291,0.0628659089126,0.0900540934111,0.0505505192318,0.903780068729,0.290832097452,0.383100776196,0.917525773196,0.373278955907,0.50026870529,0.931271477663,0.444789309989,0.617675240649
EXPERT_INIT,3,MJ1,291,0.051315933386,0.0753011054702,0.0417181799185,0.821305841924,0.218130472636,0.300864678405,0.917525773196,0.27996743066,0.380946490672,0.931271477663,0.333601769754,0.467033422454
EXPERT_INIT,4,ATU1,290,0.3861925173,0.674396419349,0.376230035625,0.896551724138,2.18637081158,2.98508346718,0.920689655172,2.80617655659,3.91331094678,0.931034482759,3.34376560628,4.84110426993
EXPERT_INIT,4,ATU5,290,0.239905231713,0.466154864958,0.256758706817,0.903448275862,1.63574300823,2.22418830513,0.91724137931,2.09945342207,2.91718435083,0.931034482759,2.5016530511,3.61738198021
EXPERT_INIT,4,MJ3,290,0.0886217918193,0.126940783988,0.0719265801006,0.903448275862,0.415352433208,0.55251131522,0.913793103448,0.533099076615,0.727541465261,0.924137931034,0.635226729744,0.909615665838
EXPERT_INIT,4,MJ1,290,0.0722903980669,0.106140866712,0.0591528764629,0.81724137931,0.308365315041,0.429144266797,0.91724137931,0.395782597055,0.550073664113,0.931034482759,0.471604052315,0.683479841393
EXPERT_INIT,5,ATU1,289,0.507520363869,0.887180641089,0.497877411041,0.896193771626,2.89222783267,3.96589310279,0.916955017301,3.71213423513,5.21745170181,0.930795847751,4.42328076335,6.49339151304
EXPERT_INIT,5,ATU5,289,0.316457447704,0.613988324371,0.340727621356,0.899653979239,2.15837782648,2.96803506307,0.916955017301,2.77024794918,3.92148818099,0.927335640138,3.30095403,4.91887720065
EXPERT_INIT,5,MJ3,289,0.116712993486,0.167197244971,0.0953289294966,0.899653979239,0.549423434031,0.739183014843,0.913494809689,0.705177343226,0.980782971162,0.923875432526,0.840270631253,1.24167449521
EXPERT_INIT,5,MJ1,289,0.0952327470392,0.139812965689,0.0785476252204,0.83044982699,0.411139237097,0.574029569672,0.913494809689,0.52769149795,0.745984542524,0.923875432526,0.628783202336,0.938489523102
EXPERT_INIT,6,ATU1,288,0.638957281775,1.11731722019,0.631380487668,0.899305555556,3.65067858833,5.05630945974,0.916666666667,4.68559524119,6.69668162187,0.930555555556,5.5832310963,8.42194638596
EXPERT_INIT,6,ATU5,288,0.399172470198,0.773980229277,0.432635677679,0.899305555556,2.72531582333,3.7877829569,0.916666666667,3.49790499041,5.03724707171,0.923611111111,4.16801087356,6.39305557965
EXPERT_INIT,6,MJ3,288,0.147130666741,0.210774141675,0.12111541463,0.899305555556,0.702491190393,0.948664549829,0.909722222222,0.901637681608,1.26340958137,0.923611111111,1.07436756323,1.60926207347
EXPERT_INIT,6,MJ1,288,0.120105602861,0.176275846084,0.0996956399127,0.833333333333,0.525403108673,0.732448392054,0.909722222222,0.674347589397,0.959967275113,0.923611111111,0.803534713742,1.21504547049
EXPERT_INIT,7,ATU1,287,0.780191066006,1.36457740966,0.776199219079,0.90243902439,4.46689277796,6.24449949525,0.91637630662,5.73319481211,8.31988889868,0.926829268293,6.83152297808,10.5678226603
EXPERT_INIT,7,ATU5,287,0.487997480152,0.945875651663,0.5316860689,0.898954703833,3.34308317789,4.66815424263,0.912891986063,4.29080080598,6.23115415434,0.923344947735,5.11280451146,7.94569739613
EXPERT_INIT,7,MJ3,287,0.179839120298,0.257617685228,0.14889823328,0.898954703833,0.862135497193,1.17619058943,0.909407665505,1.1065389311,1.57718455222,0.919860627178,1.31852246115,2.02905072548
EXPERT_INIT,7,MJ1,287,0.147006396347,0.215487627443,0.122568441858,0.836236933798,0.643827326503,0.905387270913,0.909407665505,0.826343427452,1.19755485735,0.923344947735,0.984648925673,1.53123551765
EXPERT_INIT,8,ATU1,286,0.93139839563,1.6286772877,0.931224367535,0.898601398601,5.35131341705,7.50938384104,0.912587412587,6.86833641318,10.0332350068,0.926573426573,8.18412762264,12.7988773148
EXPERT_INIT,8,ATU5,286,0.582567296329,1.12936882347,0.639159200839,0.895104895105,3.9969897121,5.63757283891,0.912587412587,5.13008075648,7.56889209549,0.91958041958,6.11286825511,9.74462432307
EXPERT_INIT,8,MJ3,286,0.214806003526,0.30766731211,0.178814840753,0.891608391608,1.03379246872,1.4241630695,0.909090909091,1.32685826884,1.92100486389,0.91958041958,1.58104914438,2.49427655224
EXPERT_INIT,8,MJ1,286,0.175807026514,0.25740571664,0.147221635239,0.853146853147,0.770876647165,1.09405934502,0.909090909091,0.989409465145,1.45756137087,0.91958041958,1.17895409407,1.88199370357
EXPERT_INIT,9,ATU1,285,1.09300103813,1.9092661145,1.09818377979,0.898245614035,6.28018144595,8.88911832374,0.912280701754,8.06052562145,11.9389397079,0.922807017544,9.60470868389,15.3484874837
EXPERT_INIT,9,ATU5,285,0.682379796959,1.32409918108,0.754287621901,0.894736842105,4.69263335986,6.68130299723,0.912280701754,6.02292971227,9.016484476,0.919298245614,7.1767634056,11.7146926797
EXPERT_INIT,9,MJ3,285,0.251995850486,0.360869160201,0.211291859393,0.894736842105,1.22916257441,1.69808958524,0.905263157895,1.57761308479,2.29676532703,0.919298245614,1.87984193673,2.99467389475
EXPERT_INIT,9,MJ1,285,0.206419101725,0.301974234274,0.173843401216,0.852631578947,0.916130151943,1.30256749077,0.905263157895,1.1758403202,1.74088714108,0.919298245614,1.40110015955,2.25717474997
EXPERT_INIT,10,ATU1,284,1.26426457071,2.20592547146,1.27598532392,0.897887323944,7.26279029413,10.3613202215,0.911971830986,9.32169042454,13.9809157577,0.919014084507,11.1074792357,18.1149265159
EXPERT_INIT,10,ATU5,284,0.787654131358,1.52964051399,0.875773485079,0.894366197183,5.43825723424,7.77765354957,0.908450704225,6.97992759443,10.5276866143,0.919014084507,8.31709671647,13.7235374038
EXPERT_INIT,10,MJ3,284,0.291298514658,0.417157939833,0.245485709519,0.890845070423,1.42612859325,1.98759927083,0.904929577465,1.83041623308,2.70259371499,0.911971830986,2.18107546761,3.55150727113
EXPERT_INIT,10,MJ1,284,0.238865031724,0.349131385538,0.202034816978,0.848591549296,1.06146245995,1.5221659533,0.904929577465,1.36237231811,2.04707280095,0.915492957746,1.62336674417,2.67404912866
EXPERT_INIT,11,ATU1,283,1.44621843429,2.51814965872,1.46301058492,0.893992932862,8.31254046297,11.8978200527,0.908127208481,10.6690301798,16.08973127,0.922261484099,12.7129335764,20.9066548672
EXPERT_INIT,11,ATU5,283,0.897363003259,1.74549525496,1.00565335428,0.893992932862,6.21673250725,8.96909168363,0.908127208481,7.97908979026,12.1958138166,0.91519434629,9.50767190592,16.019208435
EXPERT_INIT,11,MJ3,283,0.332769103205,0.476463541483,0.281719636671,0.886925795053,1.63463069111,2.29769758807,0.904593639576,2.0980257785,3.13784447249,0.911660777385,2.49995190886,4.1551586256
EXPERT_INIT,11,MJ1,283,0.27291584002,0.398809734397,0.231926067571,0.851590106007,1.21504491994,1.75680086645,0.904593639576,1.55949327145,2.37506014836,0.91519434629,1.85825084742,3.1250533055
EXPERT_INIT,12,ATU1,282,1.63653990772,2.84533226274,1.66200564815,0.897163120567,9.40356179485,13.5558625993,0.90780141844,12.0693408992,18.4045732273,0.918439716312,14.3815067141,24.0579701506
EXPERT_INIT,12,ATU5,282,1.01141480564,1.9710865935,1.14134470734,0.893617021277,7.04702472143,10.2099246847,0.904255319149,9.04475831008,13.9131755551,0.914893617021,10.7774942683,18.3342179271
EXPERT_INIT,12,MJ3,282,0.376277537185,0.5387120769,0.32071839787,0.886524822695,1.87197791155,2.63654448267,0.900709219858,2.40265763796,3.60808811565,0.91134751773,2.86294315823,4.79135090097
EXPERT_INIT,12,MJ1,282,0.308653468657,0.45093485458,0.263859394965,0.851063829787,1.39102859753,2.01313388307,0.900709219858,1.7853658763,2.72844644471,0.914893617021,2.12739465654,3.59966484867
EXPERT_INIT,13,ATU1,281,1.83429071112,3.18675153686,1.86961680971,0.896797153025,10.5638437537,15.2729973403,0.903914590747,13.5585466711,20.7626348178,0.918149466192,16.15600484,27.2184004475
EXPERT_INIT,13,ATU5,281,1.12949624964,2.20574921243,1.28523381087,0.889679715302,7.90951705936,11.5480397321,0.903914590747,10.1517552413,15.8038213192,0.91103202847,12.0965624702,20.9481176233
EXPERT_INIT,13,MJ3,281,0.421669387979,0.603822666164,0.362208102444,0.886120996441,2.12086657524,3.00313370201,0.896797153025,2.72210277944,4.12637507658,0.907473309609,3.24358552183,5.50885345235
EXPERT_INIT,13,MJ1,281,0.345999001704,0.505430069439,0.297080170302,0.846975088968,1.56202960811,2.27692826915,0.900355871886,2.00484329728,3.10138522225,0.907473309609,2.38891813407,4.11621154649
EXPERT_INIT,14,ATU1,280,2.03963382281,3.54155651925,2.0889264069,0.892857142857,11.7638890619,17.1147986774,0.903571428571,15.0987881493,23.3453562227,0.917857142857,17.9913157609,30.7451528107
EXPERT_INIT,14,ATU5,280,1.25046465984,2.44872171489,1.43564908155,0.889285714286,8.81396755074,12.9615182878,0.9,11.3126048795,17.8035919477,0.910714285714,13.4798001304,23.7362722457
EXPERT_INIT,14,MJ3,280,0.469046451032,0.671712669474,0.404500799044,0.882142857143,2.36560869124,3.37469453624,0.896428571429,3.03622588458,4.65343192695,0.907142857143,3.61788628799,6.24584827693
EXPERT_INIT,14,MJ1,280,0.384797092648,0.562208036591,0.331856151301,0.85,1.74061619392,2.55483248684,0.9,2.23405669867,3.4944147537,0.907142857143,2.6620427478,4.66601374545
EXPERT_INIT,15,ATU1,279,2.25058010772,3.90875001356,2.31779573533,0.89247311828,13.0182570915,19.0445203502,0.903225806452,16.7087520856,26.0507731368,0.913978494624,19.9097061147,34.4675784189
EXPERT_INIT,15,ATU5,279,1.37474310283,2.69913441453,1.59046644223,0.888888888889,9.76974396077,14.415577582,0.899641577061,12.539330621,19.8355884599,0.910394265233,14.9415340093,26.5044390746
EXPERT_INIT,15,MJ3,279,0.518266897563,0.742295218172,0.449847303312,0.881720430108,2.64493460552,3.778560887,0.89247311828,3.39473681427,5.21838408694,0.906810035842,4.04507840937,7.01599053977
EXPERT_INIT,15,MJ1,279,0.425007284521,0.62117288952,0.368750385682,0.849462365591,1.94604257715,2.85709022338,0.89605734767,2.4977186071,3.91557555903,0.906810035842,2.97621528945,5.23650457704
EXPERT_INIT,16,ATU1,278,2.46746285125,4.28716994172,2.55349102134,0.888489208633,14.3404052237,21.0209457287,0.902877697842,18.4057108417,28.7818715106,0.913669064748,21.9317571901,38.1449802763
EXPERT_INIT,16,ATU5,278,1.50100201837,2.95599728213,1.75234522853,0.884892086331,10.7574032451,15.9737261319,0.895683453237,13.8069775887,22.0510105171,0.906474820144,16.4520285367,29.6007183315
EXPERT_INIT,16,MJ3,278,0.56928081739,0.815478124666,0.495889043285,0.877697841727,2.91165777623,4.18757408793,0.892086330935,3.73707229771,5.802637418,0.902877697842,4.45299629773,7.83655265066
EXPERT_INIT,16,MJ1,278,0.46649217149,0.68222830679,0.406531068043,0.848920863309,2.14057733554,3.16221749747,0.895683453237,2.7474012664,4.35045652942,0.902877697842,3.27373052835,5.84504840821
EXPERT_INIT,17,ATU1,277,2.6888897343,4.67547685152,2.7993968702,0.888086642599,15.7017184659,23.1244257914,0.902527075812,20.1529374724,31.7384827982,0.909747292419,24.0137061325,42.1985887313
EXPERT_INIT,17,ATU5,277,1.62886965178,3.21819435177,1.91727733021,0.884476534296,11.7952264496,17.5672297253,0.895306859206,15.1390092509,24.2811116036,0.906137184116,18.0392421595,32.6653877843
EXPERT_INIT,17,MJ3,277,0.621944220399,0.891166473771,0.54364657846,0.87725631769,3.18767220199,4.6142759703,0.891696750903,4.09133297789,6.41109335532,0.898916967509,4.87512393445,8.69781852613
EXPERT_INIT,17,MJ1,277,0.509336262444,0.745266175714,0.44567288226,0.848375451264,2.34180716941,3.47976041054,0.895306859206,3.00567696204,4.80287730948,0.902527075812,3.5814850016,6.48153329856
EXPERT_INIT,18,ATU1,276,2.91317154547,5.07216142488,3.05026812656,0.88768115942,17.1285460446,25.2618665737,0.898550724638,21.9842508436,34.7041929592,0.909420289855,26.1958506061,46.197996359
EXPERT_INIT,18,ATU5,276,1.75796108347,3.48449699902,2.08790552595,0.884057971014,12.8646067697,19.2408963943,0.894927536232,16.5115440325,26.7048146503,0.902173913043,19.6747182258,36.051463511
EXPERT_INIT,18,MJ3,276,0.676083121519,0.969263172293,0.594774021482,0.876811594203,3.50391033589,5.07695068896,0.88768115942,4.49722022855,7.06280546548,0.894927536232,5.35876842418,9.59138761988
EXPERT_INIT,18,MJ1,276,0.553234869162,0.810168680259,0.487029210022,0.851449275362,2.57451935074,3.82453817901,0.891304347826,3.30435981319,5.28776933856,0.902173913043,3.93738757036,7.13954555923
EXPERT_INIT,19,ATU1,275,3.14128980257,5.47555452661,3.30946998027,0.883636363636,18.5939368929,27.5248578375,0.898181818182,23.8650596354,37.8955485429,0.909090909091,28.436972511,50.5577102999
EXPERT_INIT,19,ATU5,275,1.88679379646,3.75357449273,2.2616274225,0.887272727273,13.9744393503,20.9470781331,0.894545454545,17.9359987284,29.219939856,0.901818181818,21.3720606857,39.5974971336
EXPERT_INIT,19,MJ3,275,0.731906077653,1.04966798974,0.645949813072,0.872727272727,3.79929833063,5.53777562201,0.887272727273,4.87634661532,7.72256566325,0.894545454545,5.8105253778,10.5284924596
EXPERT_INIT,19,MJ1,275,0.598318031857,0.87681512741,0.52993734805,0.847272727273,2.81120080632,4.18825687198,0.887272727273,3.60813717269,5.80523919867,0.898181818182,4.29936062023,7.86125947049
EXPERT_INIT,20,ATU1,274,3.37001163654,5.88384183401,3.57348961084,0.886861313869,20.1106500935,29.8593380764,0.897810218978,25.8117399534,41.1805734715,0.905109489051,30.7565851806,55.0743586502
EXPERT_INIT,20,ATU5,274,2.01636266497,4.02400516883,2.4361833194,0.890510948905,15.1305361092,22.64367479,0.894160583942,19.4198328542,31.6751008732,0.901459854015,23.1401581007,43.0720118592
EXPERT_INIT,20,MJ3,274,0.789121061122,1.13227880352,0.700755675776,0.872262773723,4.1390806746,6.03809667333,0.883211678832,5.31245253246,8.42616518602,0.894160583942,6.33017762954,11.4968539081
EXPERT_INIT,20,MJ1,274,0.644204177671,0.945081213798,0.572819532344,0.85401459854,3.04015447502,4.53910212587,0.886861313869,3.90199602511,6.30002719044,0.897810218978,4.64951503996,8.54176398306
EXPERT_INIT,21,ATU1,273,3.60057964262,6.29508205439,3.83922121313,0.886446886447,21.6865074715,32.1736054993,0.893772893773,27.8343310011,44.4681768955,0.904761904762,33.1666510637,59.4800005694
EXPERT_INIT,21,ATU5,273,2.14430760542,4.29428984089,2.6136938027,0.89010989011,16.3179419372,24.3862364278,0.897435897436,20.9438517352,34.2108954897,0.901098901099,24.9561386047,46.7624126558
EXPERT_INIT,21,MJ3,273,0.847838146004,1.21699043245,0.755134257677,0.868131868132,4.45210425328,6.52966921037,0.882783882784,5.71421394617,9.13305755791,0.89010989011,6.80890588131,12.4994498118
EXPERT_INIT,21,MJ1,273,0.691065593861,1.014848738,0.618222510721,0.849816849817,3.29252714486,4.92774159079,0.882783882784,4.22591284008,6.85516093201,0.893772893773,5.03548573116,9.31088893062
EXPERT_INIT,22,ATU1,272,3.82994561344,6.70723592062,4.10929378044,0.889705882353,23.3005204251,34.5458909426,0.897058823529,29.9058942,47.8913058962,0.900735294118,35.6350708641,64.2276514503
EXPERT_INIT,22,ATU5,272,2.27118488747,4.56287244231,2.79074302604,0.893382352941,17.5479647306,26.1139292795,0.897058823529,22.5225688991,36.6640356252,0.904411764706,26.8372961327,50.2220210712
EXPERT_INIT,22,MJ3,272,0.907618584363,1.30369848346,0.810943450158,0.867647058824,4.77224135324,7.03604392564,0.882352941176,6.12510546561,9.85740799575,0.889705882353,7.29851332507,13.5293036654
EXPERT_INIT,22,MJ1,272,0.73865129555,1.08599055186,0.663326157938,0.856617647059,3.52704741916,5.30385272634,0.882352941176,4.52691635344,7.39358721028,0.893382352941,5.39415353949,10.0671452298
EXPERT_INIT,23,ATU1,271,4.05932923073,7.11819099,4.37910588293,0.892988929889,24.9678331405,36.8843474967,0.89667896679,32.0458669026,51.1919280632,0.90405904059,38.1850056158,68.8346966594
EXPERT_INIT,23,ATU5,271,2.39576215557,4.82815619732,2.9689228278,0.892988929889,18.8086438024,27.8610924755,0.90036900369,24.1406329703,39.1629444086,0.90405904059,28.7653383928,53.7303070935
EXPERT_INIT,23,MJ3,271,0.968629489367,1.39229890758,0.870792776369,0.867158671587,5.1427204818,7.58579326624,0.878228782288,6.60061027922,10.6337004388,0.885608856089,7.86511225758,14.5956546249
EXPERT_INIT,23,MJ1,271,0.78698713336,1.15838168922,0.710975876892,0.870848708487,3.80184953278,5.71504664025,0.878228782288,4.87962104784,7.96925795299,0.892988929889,5.81442710479,10.8507025231
EXPERT_INIT,24,ATU1,270,4.28581348119,7.52579563918,4.65053795295,0.892592592593,26.6724297646,39.2495362971,0.9,34.2336929839,54.5356875014,0.907407407407,40.7919611854,73.4589417427
EXPERT_INIT,24,ATU5,270,2.51758720412,5.08852702735,3.14622519408,0.896296296296,20.1048122515,29.6043243146,0.903703703704,25.8042471643,41.6014034333,0.907407407407,30.7476569717,57.1167987893
EXPERT_INIT,24,MJ3,270,1.03061685717,1.48268905263,0.929475062975,0.862962962963,5.47791144842,8.11885213428,0.877777777778,7.03082322732,11.3981302587,0.885185185185,8.37774260362,15.6826043766
EXPERT_INIT,24,MJ1,270,0.836016253648,1.2318984513,0.757952579578,0.866666666667,4.04735413116,6.1128751944,0.877777777778,5.19472278852,8.53585127097,0.888888888889,6.18989398713,11.640729032
EXPERT_INIT,25,ATU1,269,4.50924019995,7.92789568266,4.9208392311,0.895910780669,28.4207352761,41.5895909171,0.903345724907,36.4776188149,57.7788506658,0.907063197026,43.4657637296,77.9011069532
EXPERT_INIT,25,ATU5,269,2.63657012572,5.34237858151,3.32180429798,0.899628252788,21.4360700225,31.3221710493,0.903345724907,27.5128980152,43.9775413712,0.910780669145,32.7836400373,60.2864100137
EXPERT_INIT,25,MJ3,269,1.09391480297,1.5747667164,0.992502094507,0.862453531599,5.86772252049,8.69990658954,0.873605947955,7.53114032182,12.2149895721,0.884758364312,8.97390719237,16.8097395602
EXPERT_INIT,25,MJ1,269,0.885547861394,1.30642965104,0.805933027872,0.866171003717,4.30742881498,6.51906104297,0.877323420074,5.52852503141,9.10302819975,0.888475836431,6.58764389223,12.4218884483
EXPERT_INIT,26,ATU1,268,4.72999817313,8.32238405773,5.18905931841,0.89552238806,30.210954487,43.8982297457,0.902985074627,38.7753402966,60.9410098798,0.910447761194,46.2036677454,82.0551242202
EXPERT_INIT,26,ATU5,268,2.75136764522,5.58814829183,3.49584343296,0.899253731343,22.7975239904,33.0350343288,0.90671641791,29.2603052653,46.3078324768,0.910447761194,34.8658042011,63.3657797222
EXPERT_INIT,26,MJ3,268,1.15800735575,1.66843621202,1.05678908327,0.861940298507,6.25383081523,9.29358863942,0.869402985075,8.02670495307,13.0631716814,0.880597014925,9.56440887188,17.9950630344
EXPERT_INIT,26,MJ1,268,0.935690489725,1.38186007638,0.856222701867,0.861940298507,4.59199061393,6.96308560548,0.873134328358,5.89375614631,9.73181786428,0.888059701493,7.02284360819,13.2842814534
EXPERT_INIT,27,ATU1,267,4.94520308441,8.70723928716,5.45526072621,0.898876404494,32.0370149672,46.188511137,0.906367041199,41.1190635494,64.0226983843,0.910112359551,48.9963862524,86.0531540032
EXPERT_INIT,27,ATU5,267,2.86279827255,5.82434202279,3.6678607954,0.902621722846,24.1875168999,34.7289049845,0.906367041199,31.0443418504,48.5840005237,0.913857677903,36.9916149095,66.3129790961
EXPERT_INIT,27,MJ3,267,1.22313291796,1.76360376858,1.11932885383,0.857677902622,6.60844264592,9.86244975064,0.868913857678,8.48184431035,13.8771459068,0.880149812734,10.1067408664,19.1447898147
EXPERT_INIT,27,MJ1,267,0.98633461903,1.45808421523,0.905421834686,0.861423220974,4.85092895821,7.38559937711,0.87265917603,6.2260999132,10.3300959866,0.883895131086,7.41885563193,14.1154826973
EXPERT_INIT,28,ATU1,266,5.15580097532,9.08057946996,5.71910493409,0.898496240602,33.8951144184,48.4488221621,0.906015037594,43.5039083764,67.0494527867,0.913533834586,51.8381041372,89.9195707077
EXPERT_INIT,28,ATU5,266,2.96883459954,6.04957409156,3.83764683432,0.902255639098,25.6033941587,36.4067817145,0.90977443609,32.8616006382,50.8279230524,0.913533834586,39.1570123139,69.1451418287
EXPERT_INIT,28,MJ3,266,1.28871737208,1.86018035746,1.18671783241,0.857142857143,7.02403115329,10.483803393,0.864661654135,9.01524638487,14.7499615791,0.87969924812,10.7423286404,20.3456454488
EXPERT_INIT,28,MJ1,266,1.0372334447,1.53500856963,0.955693856368,0.860902255639,5.1262466807,7.81751037996,0.872180451128,6.57946638442,10.93342528,0.883458646617,7.83991775296,14.9408249941
EXPERT_INIT,29,ATU1,265,5.35977353983,9.44071777473,5.98005650404,0.901886792453,35.7827681943,50.6946268584,0.909433962264,45.9266857684,70.014996334,0.91320754717,54.7250214612,93.6142541701
EXPERT_INIT,29,ATU5,265,3.07121238639,6.2626088205,4.00485491054,0.905660377358,27.0434134178,38.0697055285,0.91320754717,34.7098453479,53.0089784923,0.916981132075,41.3593317218,71.8945260767
EXPERT_INIT,29,MJ3,265,1.35540338665,1.95807577341,1.25149101663,0.852830188679,7.38927807443,11.0703442177,0.864150943396,9.48403573298,15.5916586459,0.875471698113,11.3009256022,21.5237211761
EXPERT_INIT,29,MJ1,265,1.08864968572,1.6125900972,1.00806407989,0.856603773585,5.42548388438,8.28717959537,0.867924528302,6.96353317738,11.5929821212,0.883018867925,8.29756156364,15.8369683194
EXPERT_INIT,30,ATU1,264,5.55956443186,9.78625998527,6.23768382775,0.905303030303,37.6975323455,52.8991945622,0.909090909091,48.3842589505,72.8993618506,0.916666666667,57.6534005262,97.2105874478
EXPERT_INIT,30,ATU5,264,3.16733955414,6.46243070534,4.16920789673,0.905303030303,28.5058838636,39.7034766783,0.912878787879,36.5869058438,55.154237675,0.920454545455,43.5959872566,74.5024595504
EXPERT_INIT,30,MJ3,264,1.4223693246,2.057217897,1.31717906972,0.852272727273,7.75834916811,11.6652117253,0.863636363636,9.95773335339,16.4392551205,0.875,11.8653711312,22.7135124756
EXPERT_INIT,30,MJ1,264,1.14030047957,1.69073262972,1.05895141707,0.856060606061,5.69529807092,8.72929128923,0.867424242424,7.30983593667,12.2150389083,0.878787878788,8.71020675276,16.6952471341
PERSIST,1,ATU1,293,0.243748829191,0.472587872709,0.227831068767,0.805460750853,1.10564502453,1.78617775151,0.894197952218,1.41908002582,2.2584197274,0.914675767918,1.69093814563,2.7614423969
PERSIST,1,ATU5,293,0.218343021835,0.393575395058,0.192464760702,0.873720136519,1.01724795747,1.54417844505,0.890784982935,1.30562361854,1.952900134,0.911262798635,1.55574649791,2.29665449123
PERSIST,1,MJ3,293,0.182224687752,0.222225334962,0.121445736073,0.788395904437,0.544393403547,0.647301423998,0.931740614334,0.698721368994,0.736426408596,1,0.832577863475,0.832577863475
PERSIST,1,MJ1,293,0.146928991351,0.181414503264,0.100017087617,0.836177474403,0.455321073018,0.541571129623,0.931740614334,0.584398270438,0.619051905533,1,0.696353489404,0.696353489404
PERSIST,2,ATU1,292,0.484580478677,0.940538192512,0.458198295798,0.804794520548,2.21282640192,3.64060773249,0.893835616438,2.84013193918,4.67955885399,0.907534246575,3.38422594018,5.83922755224
PERSIST,2,ATU5,292,0.433540270579,0.781518783613,0.385814540078,0.876712328767,2.04260508605,3.12493881718,0.88698630137,2.62165524552,4.00058153633,0.907534246575,3.12389490281,4.76160688358
PERSIST,2,MJ3,292,0.363615577347,0.443591588574,0.242441467804,0.801369863014,1.10153596547,1.29819094575,0.928082191781,1.41380610561,1.50217358626,1,1.68465388209,1.68465388209
PERSIST,2,MJ1,292,0.294147731894,0.363153487929,0.200572562894,0.83904109589,0.922896679059,1.09558043626,0.928082191781,1.18452506373,1.26567182014,1,1.41144866975,1.41144866975
PERSIST,3,ATU1,291,0.722243797885,1.40311772917,0.689121108764,0.807560137457,3.32984567292,5.52474322379,0.890034364261,4.2738106523,7.16855329563,0.907216494845,5.09255949465,9.03967135426
PERSIST,3,ATU5,291,0.645506981607,1.16341575611,0.581345303054,0.876288659794,3.06866228564,4.76884611696,0.886597938144,3.93858540392,6.22715917031,0.903780068729,4.69311397393,7.5646833061
PERSIST,3,MJ3,291,0.544172188082,0.664084030481,0.363391606323,0.817869415808,1.66938001928,1.96506002844,0.92439862543,2.14262605836,2.31574661867,0.969072164948,2.5530964202,2.57706926809
PERSIST,3,MJ1,291,0.441668261048,0.545214095191,0.301580933081,0.852233676976,1.41389659696,1.67561073086,0.920962199313,1.81471663581,1.97411173065,0.965635738832,2.16236824362,2.18240571383
PERSIST,4,ATU1,290,0.956374538092,1.85960530796,0.922858394638,0.806896551724,4.44358908787,7.48519285763,0.889655172414,5.70328484969,9.87110608713,0.903448275862,6.79588305963,12.6825893849
PERSIST,4,ATU5,290,0.854159083276,1.53886312831,0.7763109855,0.879310344828,4.10899452575,6.4194596785,0.886206896552,5.27383737847,8.47816452012,0.903448275862,6.28416483556,10.4256805738
PERSIST,4,MJ3,290,0.723895412434,0.883689244622,0.483893850261,0.834482758621,2.25083879714,2.64045736905,0.920689655172,2.88892032026,3.14631870898,0.962068965517,3.44236088193,3.50107370068
PERSIST,4,MJ1,290,0.589501664845,0.727592511027,0.40344654174,0.855172413793,1.90928874603,2.26537442143,0.91724137931,2.45054557557,2.68816268577,0.962068965517,2.92000515541,2.9709908612
PERSIST,5,ATU1,289,1.18678375991,2.30929394518,1.15524470011,0.809688581315,5.57331801074,9.43957985056,0.889273356401,7.15327622437,12.5773936829,0.899653979239,8.52365434924,16.3087346237
PERSIST,5,ATU5,289,1.05943443368,1.9074700844,0.973635182173,0.878892733564,5.14825915237,8.13458646074,0.889273356401,6.60771908593,10.9167731411,0.896193771626,7.87358292324,13.7411355409
PERSIST,5,MJ3,289,0.902787539817,1.10239520254,0.604824138869,0.854671280277,2.84089081333,3.35022331019,0.916955017301,3.64624388414,4.03690266105,0.951557093426,4.34476756757,4.50455167397
PERSIST,5,MJ1,289,0.737658059436,0.910284019592,0.506075853983,0.858131487889,2.41644157396,2.87309835075,0.913494809689,3.10146918323,3.42910922588,0.955017301038,3.69562847337,3.79454112374
PERSIST,6,ATU1,288,1.41312618881,2.75149297845,1.38749344119,0.809027777778,6.71087765887,11.4143714992,0.888888888889,8.61331822612,15.3431184832,0.899305555556,10.2634016997,20.1176460741
PERSIST,6,ATU5,288,1.26124963854,2.26885935535,1.16903952538,0.881944444444,6.20673827017,9.83128054601,0.888888888889,7.96626232584,13.3066116202,0.895833333333,9.49238703932,16.996898806
PERSIST,6,MJ3,288,1.08085228083,1.32019133416,0.725244506049,0.864583333333,3.44567848537,4.07363573779,0.913194444444,4.42248045756,4.93127832574,0.951388888889,5.26971049406,5.5103969386
PERSIST,6,MJ1,288,0.886146574254,1.09328305197,0.610220174201,0.857638888889,2.93071099437,3.51697632199,0.909722222222,3.76152683844,4.23295431985,0.947916666667,4.48213568029,4.70068380942
PERSIST,7,ATU1,287,1.63520332377,3.1855302087,1.62222307011,0.811846689895,7.84198704062,13.4617283273,0.891986062718,10.0650814006,18.3318042155,0.895470383275,11.993284219,24.5071759895
PERSIST,7,ATU5,287,1.45957738894,2.62266843975,1.3667061868,0.881533101045,7.26344690638,11.5897376292,0.891986062718,9.32253317724,15.8774439642,0.895470383275,11.1084834375,20.742985947
PERSIST,7,MJ3,287,1.25809479203,1.53706859599,0.846595386849,0.867595818815,4.05646350945,4.84194168396,0.909407665505,5.20641454897,5.89658422197,0.940766550523,6.20382557899,6.6195910699
PERSIST,7,MJ1,287,1.03497533482,1.27658323019,0.714669127785,0.864111498258,3.45970327305,4.16744112631,0.905923344948,4.44048107767,5.03362619114,0.94425087108,5.29115955587,5.60274013141
PERSIST,8,ATU1,286,1.85278404417,3.61075406982,1.85313387781,0.811188811189,8.99487612715,15.461812811,0.891608391608,11.5447985235,21.1907874878,0.898601398601,13.7564759223,28.6758341582
PERSIST,8,ATU5,286,1.65432852959,2.96855087401,1.56130160399,0.884615384615,8.34293000254,13.3099564714,0.891608391608,10.7080347315,18.3469220182,0.898601398601,12.7594103664,24.23627448
PERSIST,8,MJ3,286,1.43452170118,1.75301953644,0.967312398899,0.867132867133,4.68339756413,5.61338877812,0.905594405594,6.01107569678,6.85233513075,0.940559440559,7.16263847493,7.70891553209
PERSIST,8,MJ1,286,1.18415144519,1.46017740643,0.821033813782,0.86013986014,3.9930222002,4.86466005963,0.902097902098,5.12498851008,5.90682349602,0.940559440559,6.10680046926,6.60735076241
PERSIST,9,ATU1,285,2.06554496175,4.02653584251,2.08586219902,0.810526315789,10.1410495113,17.5250306559,0.894736842105,13.0158961358,24.250149898,0.898245614035,15.5093968452,33.3437254755
PERSIST,9,ATU5,285,1.84550632578,3.30617755917,1.75781807502,0.884210526316,9.42089307566,15.0858057409,0.894736842105,12.0915853573,20.9791890575,0.898245614035,14.4080126207,28.162769217
PERSIST,9,MJ3,285,1.6101411331,1.9680383583,1.08946839858,0.863157894737,5.31320333069,6.43507797913,0.901754385965,6.81942264688,7.88795043912,0.933333333333,8.1258432752,8.92086742094
PERSIST,9,MJ1,285,1.33368097006,1.64405769736,0.927478252199,0.859649122807,4.54242961784,5.55821443266,0.898245614035,5.83014529649,6.76462482199,0.933333333333,6.94704660556,7.5878113223
PERSIST,10,ATU1,284,2.27351999309,4.43227192856,2.3134537865,0.816901408451,11.3110720784,19.5206146625,0.894366197183,14.5176038429,27.1300061483,0.901408450704,17.2987919458,37.6082448368
PERSIST,10,ATU5,284,2.03303442776,3.63523815217,1.95036469306,0.887323943662,10.5239314258,16.8083989708,0.894366197183,13.5073197528,23.4730601672,0.901408450704,16.094964202,31.7375962153
PERSIST,10,MJ3,284,1.78496273599,2.18212097803,1.21081480453,0.859154929577,5.96090509541,7.24777663085,0.897887323944,7.65073886195,8.90145491444,0.933098591549,9.11641764279,10.0896380733
PERSIST,10,MJ1,284,1.48356891641,1.82821551339,1.03640756978,0.855633802817,5.04987496027,6.2567518197,0.897887323944,6.48144434245,7.64772730761,0.929577464789,7.72311728585,8.62332962843
PERSIST,11,ATU1,283,2.47623427944,4.82738620243,2.54197572997,0.812720848057,12.4750177082,21.5674957334,0.897526501767,16.0115118855,30.1760962416,0.901060070671,19.0788931728,42.2975808709
PERSIST,11,ATU5,283,2.21691437631,3.95544252919,2.14141716802,0.886925795053,11.6397046357,18.5252153731,0.893992932862,14.9393991638,25.951078981,0.901060070671,17.8013920704,35.3045319018
PERSIST,11,MJ3,283,1.95899770838,2.39526508177,1.33552297722,0.858657243816,6.55803054342,8.06419019154,0.897526501767,8.41714107728,9.93822430084,0.925795053004,10.0296422089,11.3225198645
PERSIST,11,MJ1,283,1.63381921489,2.01264158298,1.14483072588,0.855123674912,5.61377829219,6.98354589028,0.893992932862,7.20520643341,8.55321428567,0.925795053004,8.58553300991,9.67225979151
PERSIST,12,ATU1,282,2.67386445421,5.21133245711,2.7643681293,0.81914893617,13.6635650783,23.5302580692,0.897163120567,17.5369959199,33.0109364008,0.904255319149,20.8966195149,46.4982583948
PERSIST,12,ATU5,282,2.3971291427,4.26652232924,2.33368259533,0.890070921986,12.7551146826,20.2843709486,0.897163120567,16.3710124602,28.5718742469,0.904255319149,19.507264529,39.2263935676
PERSIST,12,MJ3,282,2.13225882657,2.60747017777,1.45635303424,0.854609929078,7.2746765307,8.96489399814,0.890070921986,9.33694624402,11.0689474868,0.925531914894,11.1256576658,12.6425210485
PERSIST,12,MJ1,282,1.78443470067,2.19732597166,1.25588733108,0.847517730496,6.17541313948,7.76338321727,0.890070921986,7.92605695587,9.54842298742,0.921985815603,9.44447938612,10.8576045
PERSIST,13,ATU1,281,2.86601639017,5.58359696181,2.98669216097,0.814946619217,14.8472629703,25.5319958868,0.900355871886,19.0562557165,35.9697131031,0.903914590747,22.7069292201,51.0378844771
PERSIST,13,ATU5,281,2.57363585726,4.56823258637,2.5210926713,0.889679715302,13.8972487517,21.9784726719,0.896797153025,17.8369256677,31.0041966182,0.903914590747,21.2540078526,42.7101777641
PERSIST,13,MJ3,281,2.30476047274,2.81873764517,1.5822176944,0.850533807829,7.87880150641,9.81574533253,0.889679715302,10.1123322559,12.1583658244,0.918149466192,12.0495870858,13.9504942459
PERSIST,13,MJ1,281,1.93541709399,2.38225809586,1.36646147968,0.846975088968,6.75635443699,8.52578882749,0.886120996441,8.67168703893,10.5039655673,0.918149466192,10.3329524299,11.9758130531
PERSIST,14,ATU1,280,3.05245105757,5.94370114962,3.20225020428,0.817857142857,16.0550719366,27.4403698854,0.9,20.606461742,38.703772389,0.907142857143,24.5541136314,55.0386256433
PERSIST,14,ATU5,280,2.74649562695,4.86035345893,2.70909075904,0.892857142857,15.0406125906,23.701927558,0.9,19.3044172676,33.5472082627,0.907142857143,23.0026319467,46.469949889
PERSIST,14,MJ3,280,2.47651866364,3.02907077878,1.70547018333,0.846428571429,8.55904033872,10.6986814434,0.885714285714,10.9854093451,13.2693006319,0.917857142857,13.0899226041,15.2570037863
PERSIST,14,MJ1,280,2.08676698025,2.56742673124,1.48003613505,0.839285714286,7.33068514782,9.34386514563,0.882142857143,9.40883252583,11.553631426,0.914285714286,11.2113154539,13.2421533891
PERSIST,15,ATU1,279,3.23352394152,6.29120445354,3.41673480771,0.817204301075,17.2595621498,29.3703696598,0.903225806452,22.1524081941,41.5146929354,0.906810035842,26.3962224479,59.2907914398
PERSIST,15,ATU5,279,2.9156607602,5.14269206431,2.89203718395,0.89247311828,16.2103361754,25.3598620368,0.899641577061,20.8057412351,35.8977702715,0.906810035842,24.7915697934,49.7826408267
PERSIST,15,MJ3,279,2.64755107982,3.23847482962,1.83152135252,0.84229390681,9.23014063422,11.6417595677,0.881720430108,11.8467572493,14.4830401569,0.913978494624,14.1162819364,16.7233828238
PERSIST,15,MJ1,279,2.23848378962,2.75282001573,1.59280989056,0.838709677419,7.92662689302,10.1395974768,0.878136200717,10.1737154751,12.5552764594,0.910394265233,12.1227297027,14.4226939131
PERSIST,16,ATU1,278,3.40855675768,6.62570731002,3.6241798794,0.81654676259,18.4864874848,31.207467266,0.902877697842,23.7271498132,44.1057308457,0.910071942446,28.2726428222,62.9876274698
PERSIST,16,ATU5,278,3.08115898429,5.41508442774,3.07494527983,0.892086330935,17.3831018513,27.0353034598,0.902877697842,22.3109696844,38.3237542457,0.910071942446,26.585160117,53.2863706212
PERSIST,16,MJ3,278,2.81787709563,3.44695704107,1.95939223967,0.838129496403,9.83833696239,12.5357822909,0.881294964029,12.6273687855,15.6338954223,0.910071942446,15.0464379526,18.1283815535
PERSIST,16,MJ1,278,2.39056577634,2.93842544678,1.70813886795,0.830935251799,8.44658659127,10.9288243264,0.877697841727,10.8410765228,13.5723593404,0.910071942446,12.9179394386,15.665422149
PERSIST,17,ATU1,277,3.57802832964,6.94685434921,3.82961373012,0.823104693141,19.7117129313,33.0459644687,0.906137184116,25.299709649,46.7244420988,0.909747292419,30.1464634414,66.8543970621
PERSIST,17,ATU5,277,3.24306925524,5.67739755308,3.25288441194,0.895306859206,18.5809087056,28.6451208264,0.902527075812,23.8483381381,40.5674932807,0.909747292419,28.417047618,56.366761375
PERSIST,17,MJ3,277,2.98751780975,3.65452668016,2.08449770618,0.837545126354,10.5367976277,13.4665192432,0.87725631769,13.5238333442,16.8116154812,0.909747292419,16.1146413597,19.5183677837
PERSIST,17,MJ1,277,2.54300999745,3.12422987301,1.82290675046,0.830324909747,9.05179850808,11.7520540732,0.873646209386,11.6178576085,14.611023181,0.906137184116,13.8435311915,16.8946583321
PERSIST,18,ATU1,276,3.74164668242,7.25433779144,4.02807682466,0.81884057971,20.9566222418,34.8001868527,0.905797101449,26.8975334508,49.1456882783,0.909420289855,32.0503879328,70.1878721812
PERSIST,18,ATU5,276,3.40135790546,5.9295316232,3.4301875753,0.894927536232,19.7837101257,30.263661116,0.905797101449,25.3921170475,42.8492718818,0.909420289855,30.2565736482,59.5520279061
PERSIST,18,MJ3,276,3.15649607642,3.86119506401,2.21295223831,0.829710144928,11.2187129412,14.4594332605,0.873188405797,14.3990621736,18.095364252,0.902173913043,17.1575408347,21.0888761235
PERSIST,18,MJ1,276,2.69581229108,3.31021948001,1.94134072568,0.826086956522,9.64096830251,12.6372991103,0.869565217391,12.374048853,15.7556184253,0.902173913043,14.7445886354,18.2979187486
PERSIST,19,ATU1,275,3.89911856856,7.54790106887,4.22192927341,0.821818181818,22.2094564673,36.5026084199,0.905454545455,28.5055287708,51.463870385,0.912727272727,33.9664325357,73.3721262483
PERSIST,19,ATU5,275,3.55609312298,6.17142233652,3.60284970588,0.898181818182,21.0094370971,31.8183055398,0.905454545455,26.9653205836,44.9717602904,0.912727272727,32.1311612836,62.3625324991
PERSIST,19,MJ3,275,3.3248365374,4.06697558081,2.33947717499,0.829090909091,11.9300669588,15.4203917433,0.869090909091,15.3120751708,19.3123194003,0.901818181818,18.2454629225,22.5311069056
PERSIST,19,MJ1,275,2.84896725435,3.49637977014,2.05831946575,0.821818181818,10.2569708751,13.4895299678,0.865454545455,13.1646795955,16.8331430312,0.898181818182,15.6866832722,19.5763478333
PERSIST,20,ATU1,274,4.0510749756,7.82734269081,4.41264877723,0.821167883212,23.4625963503,38.1972018937,0.908759124088,30.113916398,53.7811316367,0.912408759124,35.8829446015,76.5504037169
PERSIST,20,ATU5,274,3.7073820302,6.40304338483,3.77292785749,0.897810218978,22.2485523671,33.34963619,0.905109489051,28.555707815,47.0223948163,0.912408759124,34.0262245548,65.0168296206
PERSIST,20,MJ3,274,3.49256565455,4.27188370523,2.46970692943,0.821167883212,12.6184546871,16.4431461188,0.86496350365,16.1956112549,20.6363676947,0.894160583942,19.2982611018,24.149634477
PERSIST,20,MJ1,274,3.00246822067,3.68269553626,2.17931454194,0.817518248175,10.8508076279,14.4060003162,0.861313868613,13.9268608162,18.0178321476,0.894160583942,16.5948782129,21.033808713
PERSIST,21,ATU1,273,4.19713494927,8.09252036915,4.59689835964,0.824175824176,24.7304295585,39.8068406275,0.908424908425,31.7411627038,55.9123954423,0.915750915751,37.8219281689,79.3256293522
PERSIST,21,ATU5,273,3.85522939287,6.62440907546,3.94163246943,0.897435897436,23.4954524109,34.8718549114,0.908424908425,30.1560866952,49.0866084699,0.915750915751,35.9331936099,67.7121724934
PERSIST,21,MJ3,273,3.65971174319,4.47593700793,2.59773731573,0.820512820513,13.3404200181,17.4315396827,0.860805860806,17.1222437254,21.8877582296,0.893772893773,20.402411793,25.6369858894
PERSIST,21,MJ1,273,3.15630723661,3.86915082914,2.29850830039,0.813186813187,11.4751393268,15.2857139963,0.857142857143,14.7281818765,19.1305484409,0.89010989011,17.5497111492,22.3548128727
PERSIST,22,ATU1,272,4.33683397679,8.343355421,4.77723305444,0.827205882353,26.0007152441,41.3864873736,0.911764705882,33.3715567305,57.9895959231,0.915441176471,39.764662477,82.0176083945
PERSIST,22,ATU5,272,3.99970944897,6.83557717978,4.10644566343,0.900735294118,24.7615609775,36.3481293949,0.908088235294,31.7811194476,51.0083704856,0.915441176471,37.8695395658,70.0786175834
PERSIST,22,MJ3,272,3.82630464193,4.6791548725,2.72969944141,0.816176470588,13.9509381342,18.4000599969,0.860294117647,17.9058352441,23.1436696022,0.889705882353,21.3361186773,27.1738904788
PERSIST,22,MJ1,272,3.31047506027,4.05572892301,2.42206567251,0.808823529412,12.070420478,16.230075598,0.852941176471,15.4922169625,20.3507102062,0.889705882353,18.4601151067,23.8605252295
PERSIST,23,ATU1,271,4.47090912676,8.57983747936,4.95178759304,0.822878228782,27.2814410939,42.9029072349,0.911439114391,35.0153505628,59.9319261518,0.918819188192,41.7233636383,84.374063719
PERSIST,23,ATU5,271,4.14096235273,7.03665218506,4.26930315151,0.90036900369,26.0381614607,37.8048359748,0.911439114391,33.4196184292,52.8997034157,0.918819188192,39.8219315233,72.3847777675
PERSIST,23,MJ3,271,3.99237427852,4.88155736447,2.85907096988,0.815498154982,14.678886153,19.4101508788,0.856088560886,18.8401464112,24.4206267133,0.885608856089,22.4494190999,28.6889035814
PERSIST,23,MJ1,271,3.46496122588,4.24241228775,2.54346174166,0.80442804428,12.7004312059,17.135191871,0.848708487085,16.3008269776,21.4950737098,0.889298892989,19.4236333683,25.2165283072
PERSIST,24,ATU1,270,4.59908790476,8.80202951326,5.12166641446,0.825925925926,28.5672566954,44.3651799778,0.911111111111,36.6656770206,61.7676777637,0.918518518519,43.6898489031,86.5686751352
PERSIST,24,ATU5,270,4.27908724823,7.22778847188,4.42904285002,0.903703703704,27.330708893,39.2215797127,0.911111111111,35.0785850982,54.6928099512,0.918518518519,41.7987122347,74.461635135
PERSIST,24,MJ3,270,4.15795030457,5.08316497876,2.99274261387,0.807407407407,15.3704123891,20.4843061057,0.851851851852,19.7277107263,25.8141361014,0.885185185185,23.5070172126,30.3953608173
PERSIST,24,MJ1,270,3.61975404327,4.4291825412,2.66690598735,0.8,13.2124599888,18.0237578638,0.848148148148,16.9580088057,22.6455829781,0.881481481481,20.2067138158,26.6453596787
PERSIST,25,ATU1,269,4.72192106889,9.01007314185,5.28694245305,0.825278810409,29.8576578929,45.790471622,0.914498141264,38.3218890272,63.5321897888,0.918215613383,45.6633472317,88.5458161827
PERSIST,25,ATU5,269,4.41416198423,7.40919354132,4.58648894401,0.903345724907,28.6357355331,40.6174353326,0.914498141264,36.7535686573,56.4197516684,0.921933085502,43.7945782477,76.3997700551
PERSIST,25,MJ3,269,4.32306209041,5.28399867588,3.12737588226,0.802973977695,16.0589851543,21.5682222926,0.847583643123,20.6114843026,27.2133034366,0.881040892193,24.5600983814,32.1057337459
PERSIST,25,MJ1,269,3.77484057518,4.6160203902,2.79020747922,0.795539033457,13.8437126763,18.9506070969,0.843866171004,17.7682128587,23.8142677545,0.881040892193,21.1721314907,28.0325123985
PERSIST,26,ATU1,268,4.83843688129,9.20419422719,5.44801759485,0.828358208955,31.1508127642,47.1710231362,0.914179104478,39.9816353359,65.2158617082,0.921641791045,47.6410569411,90.4370179969
PERSIST,26,ATU5,268,4.54632264596,7.58113134503,4.74202718668,0.902985074627,29.9518697687,41.9896914367,0.914179104478,38.4428086607,58.1159779905,0.921641791045,45.8074318619,78.2632663128
PERSIST,26,MJ3,268,4.48773871985,5.48407991844,3.25920933456,0.798507462687,16.7928058543,22.6095542666,0.84328358209,21.5533329745,28.5325692853,0.876865671642,25.6823802949,33.6642041071
PERSIST,26,MJ1,268,3.93020661393,4.80290556442,2.91851905398,0.787313432836,14.4316848999,19.9449784344,0.839552238806,18.5228670378,25.0989672171,0.873134328358,22.0713574081,29.615207971
PERSIST,27,ATU1,267,4.95016344345,9.38470871506,5.60503904077,0.831460674157,32.4462194346,48.5095606288,0.917602996255,41.6442717974,66.8304010733,0.921348314607,49.6222104799,92.1644252244
PERSIST,27,ATU5,267,4.67572014378,7.74392568496,4.895809418,0.906367041199,31.2789097998,43.3474803269,0.913857677903,40.1460461011,59.760021758,0.925093632959,47.8369644511,80.0153845982
PERSIST,27,MJ3,267,4.65200898483,5.68343070688,3.39481948467,0.794007490637,17.3931312122,23.6270155752,0.842696629213,22.3238422297,29.8461292298,0.876404494382,26.6004987008,35.2669600887
PERSIST,27,MJ1,267,4.08583665767,4.98981674299,3.04391349582,0.786516853933,15.0633395591,20.8926179401,0.835205992509,19.3335870159,26.2930316565,0.87265917603,23.0373898457,31.0318283755
PERSIST,28,ATU1,266,5.05677570529,9.55202867315,5.75817776422,0.830827067669,33.7434472553,49.819574937,0.917293233083,43.30924568,68.3919449464,0.924812030075,51.6061492278,93.7898593207
PERSIST,28,ATU5,266,4.80252176525,7.89796363643,5.04800173239,0.906015037594,32.6166988981,44.6895543626,0.917293233083,41.8630798199,61.3774768567,0.924812030075,49.88293632,81.7272807673
PERSIST,28,MJ3,266,4.81590137991,5.88207361353,3.52805645086,0.789473684211,18.1275820329,24.6847377247,0.838345864662,23.2664996528,31.1802891549,0.868421052632,27.7237443007,36.8326618273
PERSIST,28,MJ1,266,4.24171388603,5.17673147347,3.17458550358,0.778195488722,15.6423895675,21.9097957861,0.830827067669,20.0767896556,27.6021913795,0.864661654135,23.9229704123,32.6379957841
PERSIST,29,ATU1,265,5.1587214956,9.70666845022,5.90762916367,0.830188679245,35.042140156,51.0869464267,0.916981132075,44.9760999724,69.8768191977,0.924528301887,53.5923286222,95.3029667233
PERSIST,29,ATU5,265,4.92691318881,8.04369893344,5.19878454085,0.905660377358,33.9651277928,46.0129600576,0.916981132075,43.5937695695,62.9583434745,0.924528301887,51.9451803532,83.3391647032
PERSIST,29,MJ3,265,4.97944409666,6.08003181446,3.66614678365,0.788679245283,18.8036153752,25.8009975085,0.833962264151,24.1341790539,32.621466559,0.867924528302,28.757648077,38.5884799537
PERSIST,29,MJ1,265,4.39782013525,5.36362608307,3.30193929474,0.77358490566,16.2711335742,22.876020832,0.82641509434,20.8837738517,28.8183206588,0.864150943396,24.884551391,34.0793449389
PERSIST,30,ATU1,264,5.25588089884,9.8492508465,6.05361409186,0.833333333333,36.3420181456,52.3228768732,0.920454545455,46.6444753101,71.3259965086,0.92803030303,55.5803204537,96.6933656463
PERSIST,30,ATU5,264,5.04907497531,8.1816552364,5.3483527694,0.909090909091,35.3241359939,47.3299233992,0.920454545455,45.3380377119,64.5041786461,0.92803030303,54.0236040393,84.911469125
PERSIST,30,MJ3,264,5.14266501793,6.27732911855,3.80097707916,0.784090909091,19.5362063084,26.8714076845,0.829545454545,25.0744493372,33.9677122058,0.867424242424,29.8780492244,40.1652451426
PERSIST,30,MJ1,264,4.55413587276,5.5504755818,3.43475333824,0.765151515152,16.8368807972,23.912438299,0.82196969697,21.6099025513,30.1483869989,0.859848484848,25.7497871032,35.7066549835
C13_INNOV_PHYS,1,ATU1,293,0.000395833975868,0.000661026924908,0.00325300290189,1,0.035573690194,0.035573690194,1,0.0456583370602,0.0456583370602,1,0.0544052642531,0.0544052642531
C13_INNOV_PHYS,1,ATU5,293,0.000259124883916,0.000482592396569,0.00289214088497,1,0.0316523820449,0.0316523820449,1,0.0406253925382,0.0406253925382,1,0.0484081409604,0.0484081409604
C13_INNOV_PHYS,1,MJ3,293,9.15224950202e-05,0.000147952446725,0.00234520014003,1,0.0257119658191,0.0257119658191,1,0.033000950856,0.033000950856,1,0.0393230583399,0.0393230583399
C13_INNOV_PHYS,1,MJ1,293,8.33452291918e-05,0.000134310433462,0.00233792998027,1,0.0256338898879,0.0256338898879,1,0.0329007414828,0.0329007414828,1,0.039203651507,0.039203651507
C13_INNOV_PHYS,2,ATU1,292,0.00130880783832,0.00255627506234,0.00528082785781,1,0.0571983714153,0.0571983714153,1,0.0734133149283,0.0734133149283,1,0.0874773602268,0.0874773602268
C13_INNOV_PHYS,2,ATU5,292,0.000860893965067,0.00176749091749,0.00400412990834,1,0.0434524981749,0.0434524981749,1,0.055770677626,0.055770677626,1,0.0664548612407,0.0664548612407
C13_INNOV_PHYS,2,MJ3,292,0.000323451423223,0.000532965216769,0.0026494799937,1,0.0289542073815,0.0289542073815,1,0.0371623228496,0.0371623228496,1,0.0442816389091,0.0442816389091
C13_INNOV_PHYS,2,MJ1,292,0.000283166919,0.000468905511782,0.00234878269635,1,0.0256647865436,0.0256647865436,1,0.0329403969111,0.0329403969111,1,0.0392509038642,0.0392509038642
C13_INNOV_PHYS,3,ATU1,291,0.0036385298129,0.00757495421793,0.00777291217957,1,0.0814000492486,0.0814000492486,1,0.10447583214,0.10447583214,1,0.124490632415,0.124490632415
C13_INNOV_PHYS,3,ATU5,291,0.00226450924214,0.00526353713251,0.00550612134733,1,0.0580162745305,0.0580162745305,1,0.0744630822117,0.0744630822117,1,0.0887282350973,0.0887282350973
C13_INNOV_PHYS,3,MJ3,291,0.000790904312938,0.00135496676115,0.0031539333169,1,0.0340397050073,0.0340397050073,1,0.0436894883883,0.0436894883883,1,0.0520592363606,0.0520592363606
C13_INNOV_PHYS,3,MJ1,291,0.000681679426527,0.00116293679253,0.00241618286596,1,0.0259159645757,0.0259159645757,1,0.0332627804252,0.0332627804252,1,0.0396350475147,0.0396350475147
C13_INNOV_PHYS,4,ATU1,290,0.00830480488057,0.0168492773967,0.0111130706208,0.993103448276,0.10841116507,0.108544864982,1,0.139144223971,0.139144223971,1,0.165800569225,0.165800569225
C13_INNOV_PHYS,4,ATU5,290,0.00523791105615,0.0124830691525,0.00767486736972,0.993103448276,0.0753658492371,0.0756434673259,1,0.0967310202717,0.0967310202717,1,0.115262119871,0.115262119871
C13_INNOV_PHYS,4,MJ3,290,0.00171573934742,0.00292823176487,0.00382980256392,1,0.0399079412126,0.0399079412126,1,0.0512212880174,0.0512212880174,1,0.061033929166,0.061033929166
C13_INNOV_PHYS,4,MJ1,290,0.00144542474314,0.00242920355959,0.00267109059017,0.996551724138,0.0268379777571,0.0268513459229,1,0.0344461715319,0.0344461715319,1,0.0410451449914,0.0410451449914
C13_INNOV_PHYS,5,ATU1,289,0.0161096810918,0.0318288819055,0.0162075771588,0.989619377163,0.142918195335,0.143962088479,0.993079584775,0.183433517835,0.184213365722,0.996539792388,0.218574517892,0.218623858878
C13_INNOV_PHYS,5,ATU5,289,0.0104944510759,0.024983690166,0.0109775960845,0.989619377163,0.0954790750275,0.0976216796576,0.993079584775,0.122546066096,0.124167837728,1,0.14602264424,0.14602264424
C13_INNOV_PHYS,5,MJ3,289,0.00328501963085,0.00553772461684,0.00486439441865,0.989619377163,0.0474667347811,0.047999710093,0.993079584775,0.0609228945315,0.0612823879573,1,0.0725941063443,0.0725941063443
C13_INNOV_PHYS,5,MJ1,289,0.00269051505119,0.00436935018407,0.00331895262691,0.9723183391,0.02900412902,0.0300362636137,0.989619377163,0.0372263965787,0.0380133497862,0.993079584775,0.0443579874665,0.0450354337699
C13_INNOV_PHYS,6,ATU1,288,0.0278156991989,0.0544121044924,0.0235413482123,0.975694444444,0.181387551603,0.185006982965,0.986111111111,0.232808402065,0.236346195524,0.989583333333,0.277408321244,0.281366621928
C13_INNOV_PHYS,6,ATU5,288,0.0191671934012,0.0465717117301,0.0166166567492,0.975694444444,0.12472704746,0.131217321247,0.982638888889,0.160085432306,0.166357233123,0.993055555556,0.190753558024,0.196522001432
C13_INNOV_PHYS,6,MJ3,288,0.00571503233732,0.009487472492,0.00643295472499,0.982638888889,0.0572532606938,0.0590034989135,0.986111111111,0.0734837645547,0.075621066597,0.989583333333,0.0875613061343,0.0900803340064
C13_INNOV_PHYS,6,MJ1,288,0.0045890365843,0.00714200449707,0.00465256484665,0.934027777778,0.0340954703895,0.0388707400806,0.954861111111,0.0437610624813,0.0489697843792,0.972222222222,0.0521445221527,0.0577328252314
C13_INNOV_PHYS,7,ATU1,287,0.045855901092,0.0884582219288,0.0350813660951,0.954703832753,0.235573866318,0.24467319493,0.982578397213,0.302355784072,0.311483075406,0.982578397213,0.36027913827,0.3724702345
C13_INNOV_PHYS,7,ATU5,287,0.0332572741066,0.0838002991158,0.0256451864605,0.951219512195,0.157516616771,0.176969711191,0.975609756098,0.2021703889,0.219605806253,0.975609756098,0.240900876827,0.260869470892
C13_INNOV_PHYS,7,MJ3,287,0.00921848743239,0.0152903030066,0.00871549351651,0.968641114983,0.0692373578149,0.0729264134873,0.982578397213,0.088865186688,0.0940102987875,0.98606271777,0.105889401059,0.113186793489
C13_INNOV_PHYS,7,MJ1,287,0.00715535094282,0.0108435631615,0.00680313487859,0.91637630662,0.0466179856025,0.0543168834075,0.947735191638,0.0598335367542,0.0686045917683,0.97212543554,0.0712960564906,0.081182136262
C13_INNOV_PHYS,8,ATU1,286,0.0740030999066,0.14504330365,0.0533642996703,0.902097902098,0.310157222608,0.338200516697,0.951048951049,0.398082485519,0.420269918068,0.972027972028,0.474344538449,0.501571695995
C13_INNOV_PHYS,8,ATU5,286,0.0564639883345,0.152661946102,0.0417678618463,0.923076923077,0.200400246765,0.275428898927,0.947552447552,0.25721093212,0.321004614462,0.972027972028,0.306485729262,0.352188195358
C13_INNOV_PHYS,8,MJ3,286,0.014028274997,0.023543192961,0.0119887359305,0.954545454545,0.0847651501382,0.0924494667836,0.965034965035,0.108794892373,0.119141914856,0.979020979021,0.129637110111,0.144944321728
C13_INNOV_PHYS,8,MJ1,286,0.0104503223257,0.015696697214,0.00958736557133,0.877622377622,0.0614841076783,0.0746329737275,0.947552447552,0.0789139978706,0.0928035641048,0.965034965035,0.0940318282236,0.110602563965
C13_INNOV_PHYS,9,ATU1,285,0.113682304156,0.2221266071,0.0803570015519,0.870175438596,0.445936622931,0.492554385447,0.940350877193,0.57235345915,0.625287018102,0.947368421053,0.682001211524,0.757273892587
C13_INNOV_PHYS,9,ATU5,285,0.0966570039483,0.281931015088,0.071043280456,0.887719298246,0.27310302557,0.467167513415,0.936842105263,0.350523938496,0.553171220957,0.957894736842,0.417675034371,0.598979578248
C13_INNOV_PHYS,9,MJ3,285,0.0202264393403,0.0344875280105,0.0163165050081,0.905263157895,0.10211906975,0.118034405562,0.950877192982,0.131068407059,0.151591916771,0.961403508772,0.156177639844,0.185941022628
C13_INNOV_PHYS,9,MJ1,285,0.0147830703224,0.0221005874403,0.0132240736564,0.856140350877,0.0800942885649,0.102195658206,0.922807017544,0.102799906446,0.124774482358,0.954385964912,0.122493643779,0.147894386078
C13_INNOV_PHYS,10,ATU1,284,0.169120107784,0.336535231008,0.118782202716,0.820422535211,0.587528633458,0.712634195839,0.926056338028,0.754084837211,0.866952321531,0.933098591549,0.898547504777,1.07420993417
C13_INNOV_PHYS,10,ATU5,284,0.15836401248,0.495218654454,0.120218078395,0.838028169014,0.347213181602,0.845226266567,0.908450704225,0.445643293986,1.09307073971,0.933098591549,0.531016737206,1.34119624661
C13_INNOV_PHYS,10,MJ3,284,0.027454286058,0.0462891867432,0.0217261654375,0.904929577465,0.128783969379,0.156256493929,0.929577464789,0.165292435218,0.203933142871,0.950704225352,0.196958084681,0.253517997634
C13_INNOV_PHYS,10,MJ1,284,0.0203112869675,0.0303302300765,0.0178113049599,0.852112676056,0.102785806846,0.136349977517,0.894366197183,0.131924154857,0.168437916228,0.93661971831,0.157197326239,0.19755750176
C13_INNOV_PHYS,11,ATU1,283,0.244461228708,0.501309687602,0.172643675542,0.770318021201,0.729147685767,1.05149733987,0.872791519435,0.935850923023,1.21848133887,0.918727915194,1.11513515487,1.47515275628
C13_INNOV_PHYS,11,ATU5,283,0.258128752012,0.866471195001,0.203266526615,0.795053003534,0.445081087991,1.54888942427,0.890459363958,0.571255391942,2.22852557944,0.911660777385,0.680692783744,3.14595334991
C13_INNOV_PHYS,11,MJ3,283,0.0353540312286,0.0583293767396,0.0278453879868,0.890459363958,0.154599365085,0.201305134864,0.922261484099,0.198426136896,0.26956081035,0.939929328622,0.236439325381,0.346233300057
C13_INNOV_PHYS,11,MJ1,283,0.0273535265939,0.0408174854184,0.0235429855573,0.840989399293,0.127113571184,0.17886144941,0.883392226148,0.163148502345,0.226691180774,0.91519434629,0.194403431094,0.271284229296
C13_INNOV_PHYS,12,ATU1,282,0.337055269346,0.702524941468,0.241433076563,0.748226950355,0.899214218054,1.52931483676,0.833333333333,1.1541289541,1.79439180064,0.882978723404,1.37522947118,2.19607418792
C13_INNOV_PHYS,12,ATU5,282,0.39088283527,1.39344875835,0.316929980432,0.748226950355,0.555601343508,2.53982997134,0.875886524823,0.713106604196,3.93576173462,0.904255319149,0.849718928457,6.15117361756
C13_INNOV_PHYS,12,MJ3,282,0.044269430669,0.0725239950385,0.0359793763337,0.854609929078,0.202899294895,0.27635822253,0.90780141844,0.26041842567,0.37492147286,0.921985815603,0.31030769356,0.495143590422
C13_INNOV_PHYS,12,MJ1,282,0.0366160969142,0.0544031208623,0.0308442208507,0.829787234043,0.157613383668,0.232610350633,0.886524822695,0.202294587867,0.299512693212,0.900709219858,0.241048869024,0.367821605786
C13_INNOV_PHYS,13,ATU1,281,0.432336747279,0.8901231518,0.311179026233,0.740213523132,1.14005205876,1.99720324819,0.818505338078,1.46324097616,2.41691272082,0.868327402135,1.74355916356,3.08481518647
C13_INNOV_PHYS,13,ATU5,281,0.5675295315,2.13891072423,0.471819303447,0.729537366548,0.675627784159,3.91202419605,0.814946619217,0.86715887298,6.36545302267,0.900355871886,1.03328352874,10.519272741
C13_INNOV_PHYS,13,MJ3,281,0.0542022034999,0.0871586811569,0.0451879452533,0.843416370107,0.255371856016,0.359839999179,0.903914590747,0.327766228752,0.492064978625,0.918149466192,0.390557550639,0.658905064263
C13_INNOV_PHYS,13,MJ1,281,0.048004520363,0.0711957497809,0.039769655334,0.814946619217,0.19157679033,0.296479455625,0.868327402135,0.24588614839,0.385971901842,0.900355871886,0.292991417136,0.484129481566
C13_INNOV_PHYS,14,ATU1,280,0.533738323922,1.07326169707,0.386788527505,0.728571428571,1.40080686236,2.50930928963,0.807142857143,1.79791614334,3.15980595922,0.853571428571,2.1423492221,4.18167388954
C13_INNOV_PHYS,14,ATU5,280,0.751904158681,2.96014060861,0.631135444832,0.703571428571,0.821467308766,5.28372123281,0.803571428571,1.05434187634,8.74128163814,0.875,1.2563258342,14.7095229094
C13_INNOV_PHYS,14,MJ3,280,0.0719676935363,0.120493714862,0.0585670730565,0.832142857143,0.307585647504,0.452818725323,0.882142857143,0.394781904606,0.625426094343,0.914285714286,0.470411653716,0.852598860233
C13_INNOV_PHYS,14,MJ1,280,0.061463118762,0.0914266478777,0.0505180360559,0.789285714286,0.228354807597,0.372787484748,0.853571428571,0.293090222514,0.486045088474,0.892857142857,0.349238540704,0.618719670298
C13_INNOV_PHYS,15,ATU1,279,0.655135850535,1.28142311058,0.481790765173,0.695340501792,1.64925005066,3.21259926022,0.806451612903,2.11678952335,4.25686709804,0.835125448029,2.52231028988,5.937372468
C13_INNOV_PHYS,15,ATU5,279,0.911927005264,3.70700154671,0.763194013982,0.698924731183,0.995506056798,6.3521389899,0.795698924731,1.27771819114,10.4884577513,0.874551971326,1.52249513026,17.6312915084
C13_INNOV_PHYS,15,MJ3,279,0.105864070784,0.19517243623,0.0815371552908,0.817204301075,0.364199968868,0.560268978249,0.860215053763,0.467445599408,0.77879734855,0.903225806452,0.55699578647,1.07292883821
C13_INNOV_PHYS,15,MJ1,279,0.077146349618,0.115427658013,0.0630807314493,0.763440860215,0.270429687001,0.467876401655,0.84229390681,0.347092745589,0.601154901399,0.885304659498,0.413586515848,0.769039937444
C13_INNOV_PHYS,16,ATU1,278,0.80984991543,1.55630571675,0.609267913599,0.672661870504,1.95169109356,4.2287436136,0.780575539568,2.50496839943,5.88606906676,0.812949640288,2.98485394983,8.54080164049
C13_INNOV_PHYS,16,ATU5,278,1.06637180942,4.42506612786,0.890082012021,0.690647482014,1.15077817135,7.37753310504,0.780575539568,1.47700779262,12.1441728025,0.859712230216,1.75996333716,20.4008765833
C13_INNOV_PHYS,16,MJ3,278,0.158928667067,0.321227055043,0.119682797705,0.769784172662,0.422525521495,0.844909817705,0.820143884892,0.542305635759,1.05688822114,0.874100719424,0.646197021598,1.334594959
C13_INNOV_PHYS,16,MJ1,278,0.0955958254745,0.144953122122,0.0777670468041,0.762589928058,0.323970804666,0.579563414265,0.812949640288,0.415812026147,0.751051855056,0.884892086331,0.495470589135,0.943942787076
C13_INNOV_PHYS,17,ATU1,277,1.03172043915,1.92850014155,0.789897498659,0.660649819495,2.28011034269,5.69444288829,0.754512635379,2.92648994224,8.30388102677,0.790613718412,3.48712784768,12.5172674133
C13_INNOV_PHYS,17,ATU5,277,1.22226823716,5.13111007457,1.01313172453,0.671480144404,1.33718517151,8.30995351704,0.772563176895,1.71625858717,13.5375244682,0.841155234657,2.04504824253,22.5963538498
C13_INNOV_PHYS,17,MJ3,277,0.237902386506,0.536027851053,0.182944451469,0.750902527076,0.520974433713,1.34134886847,0.805054151625,0.668663446623,1.81272044621,0.841155234657,0.796761639872,2.36468661076
C13_INNOV_PHYS,17,MJ1,277,0.113962413854,0.174738767963,0.0925604868885,0.776173285199,0.371992506674,0.697074278196,0.819494584838,0.477447213404,0.92975681368,0.84476534296,0.568913444611,1.18964502621
C13_INNOV_PHYS,18,ATU1,276,1.329024934,2.47740346723,1.04976210496,0.648550724638,2.55105949806,7.91616747309,0.713768115942,3.27424941826,12.1431643293,0.757246376812,3.90150882184,19.2409136412
C13_INNOV_PHYS,18,ATU5,276,1.374438365,5.89506417157,1.13930129216,0.644927536232,1.48036836182,9.33836077998,0.739130434783,1.90003222238,15.201602209,0.829710144928,2.26402803526,25.3005535486
C13_INNOV_PHYS,18,MJ3,276,0.335656414315,0.806021510592,0.267644350964,0.721014492754,0.595934604761,2.08195588605,0.778985507246,0.764873784575,3.10266340025,0.81884057971,0.911403328493,4.58476538062
C13_INNOV_PHYS,18,MJ1,276,0.137935067601,0.21053008774,0.110910271086,0.775362318841,0.424027372948,0.833169611535,0.807971014493,0.54423324123,1.13585353138,0.826086956522,0.648493905186,1.49552099043
C13_INNOV_PHYS,19,ATU1,275,1.68955148345,3.17893100502,1.36680165648,0.632727272727,3.03448665797,10.7339503135,0.694545454545,3.89472146068,16.9204057798,0.738181818182,4.6408468618,27.3543330037
C13_INNOV_PHYS,19,ATU5,275,1.45307616173,6.33609226072,1.19963187137,0.643636363636,1.60675676595,9.7767381843,0.727272727273,2.06224998288,15.7751878406,0.818181818182,2.45732241905,25.9727936204
C13_INNOV_PHYS,19,MJ3,275,0.465081086626,1.15782435727,0.383194362094,0.694545454545,0.667606276379,3.12658481628,0.767272727273,0.856863379205,4.97610312641,0.8,1.02101569124,8.04407071085
C13_INNOV_PHYS,19,MJ1,275,0.168994334387,0.258094709776,0.135590778869,0.738181818182,0.485310483718,1.02274511071,0.792727272727,0.622889262362,1.40737850975,0.810909090909,0.742218335166,1.88924935973
C13_INNOV_PHYS,20,ATU1,274,2.21251392381,4.29234080418,1.84305180775,0.627737226277,3.51488416874,15.129673624,0.667883211679,4.51130499053,24.9294081403,0.70802919708,5.37555145324,41.7116505803
C13_INNOV_PHYS,20,ATU5,274,1.51260639379,6.56621846289,1.22859049983,0.620437956204,1.80751403773,9.80842411446,0.715328467153,2.31991915164,15.4067938009,0.824817518248,2.76435417095,24.6040985905
C13_INNOV_PHYS,20,MJ3,274,0.631599192734,1.60815205598,0.532881718181,0.664233576642,0.764195425698,4.47778303436,0.744525547445,0.980834210229,7.42130062892,0.784671532847,1.16873604761,12.5022361249
C13_INNOV_PHYS,20,MJ1,274,0.205213456761,0.315881313044,0.165007097049,0.737226277372,0.546271927362,1.26137042353,0.78102189781,0.701132428207,1.77547471521,0.799270072993,0.835450817728,2.47433493217
C13_INNOV_PHYS,21,ATU1,273,2.84713155483,5.69055348485,2.4332593132,0.622710622711,3.89968431427,20.6451733151,0.655677655678,5.00519063044,35.2292452305,0.692307692308,5.96405249116,61.1436207947
C13_INNOV_PHYS,21,ATU5,273,1.48589981946,6.24465229264,1.18533779554,0.593406593407,1.95004135864,9.2383867209,0.717948717949,2.50285098759,13.9767697313,0.820512820513,2.982330898,21.4898617622
C13_INNOV_PHYS,21,MJ3,273,0.818354670066,2.10816765106,0.707508304946,0.626373626374,0.853862529575,6.1115046034,0.717948717949,1.09592069211,10.3786942959,0.761904761905,1.30587004902,18.0228287319
C13_INNOV_PHYS,21,MJ1,273,0.250612708355,0.393073893855,0.202361099881,0.728937728938,0.618124699582,1.56474682106,0.769230769231,0.793354462942,2.25597299368,0.791208791209,0.945340149946,3.25085140919
C13_INNOV_PHYS,22,ATU1,272,3.64044801973,7.44608548374,3.17034681636,0.625,4.53371451379,27.5529746047,0.654411764706,5.81895958154,47.9668722687,0.672794117647,6.93371800411,84.7300300024
C13_INNOV_PHYS,22,ATU5,272,1.4010287808,5.61068148476,1.09771542565,0.573529411765,2.03304863768,8.30037527482,0.716911764706,2.60938967682,12.104214386,0.819852941176,3.10927957625,17.7949063299
C13_INNOV_PHYS,22,MJ3,272,1.01110758818,2.58091361537,0.888744922862,0.617647058824,0.926148927347,7.84576987532,0.694852941176,1.18869927922,13.689842664,0.724264705882,1.41642255429,24.2199319646
C13_INNOV_PHYS,22,MJ1,272,0.303329582393,0.484885364784,0.245970549575,0.716911764706,0.688360020019,1.91952219837,0.75,0.883500520789,2.85441365333,0.779411764706,1.05275580313,4.23069681703
C13_INNOV_PHYS,23,ATU1,271,4.67358075835,9.80349224789,4.1646969452,0.612546125461,4.80476993755,37.1434644386,0.638376383764,6.16685545156,66.4202738633,0.660516605166,7.34826150174,120.530396904
C13_INNOV_PHYS,23,ATU5,271,1.35613920226,5.12781019283,1.04025044876,0.590405904059,2.15901245207,7.57829718756,0.719557195572,2.77106248231,10.6063993237,0.815498154982,3.30192460608,14.6199311187
C13_INNOV_PHYS,23,MJ3,271,1.25469477984,3.21835044113,1.11238767002,0.619926199262,1.10453975521,9.89468025274,0.686346863469,1.417661428,17.3892477254,0.723247232472,1.68924778207,30.9670117897
C13_INNOV_PHYS,23,MJ1,271,0.367903282232,0.60179954947,0.300476691339,0.69741697417,0.762923013919,2.37183025451,0.741697416974,0.979201087392,3.63257488861,0.756457564576,1.16679006172,5.57449250238
C13_INNOV_PHYS,24,ATU1,270,5.9600166278,12.735049626,5.40986980431,0.603703703704,5.16581582196,49.267835567,0.62962962963,6.6302528274,89.7917637083,0.640740740741,7.9004335323,165.799677906
C13_INNOV_PHYS,24,ATU5,270,1.25973990121,4.2147379029,0.936003942009,0.577777777778,2.29757596892,6.47139612308,0.722222222222,2.94890683082,8.27076872157,0.825925925926,3.51383921795,10.3075445139
C13_INNOV_PHYS,24,MJ3,270,1.4989608405,3.77702415011,1.3394076379,0.611111111111,1.24123242949,12.0169034467,0.674074074074,1.59310457607,21.2660761491,0.707407407407,1.89830118713,38.1817112463
C13_INNOV_PHYS,24,MJ1,270,0.455807904454,0.767522858729,0.375983997055,0.688888888889,0.851080879345,3.02524234432,0.733333333333,1.09235048269,4.76088579378,0.740740740741,1.3016158821,7.57478441754
C13_INNOV_PHYS,25,ATU1,269,7.68842212444,16.6453615269,7.08977115828,0.602230483271,5.72111133838,65.7425066042,0.620817843866,7.34296690677,121.49931832,0.631970260223,8.74968473859,227.130304456
C13_INNOV_PHYS,25,ATU5,269,1.16684380983,3.27039901293,0.846160836695,0.579925650558,2.38816243035,5.5723398965,0.724907063197,3.06517329535,6.58994124349,0.869888475836,3.6523792554,7.61585135891
C13_INNOV_PHYS,25,MJ3,269,1.82138189917,4.48454927124,1.6392063361,0.620817843866,1.39893077418,14.8181466297,0.661710037175,1.79550821023,26.5447765784,0.698884758364,2.13947999282,48.1631220324
C13_INNOV_PHYS,25,MJ1,269,0.563706016167,0.976516811168,0.471584454703,0.672862453532,0.935234328127,3.88427438073,0.71375464684,1.20036026488,6.28765775037,0.728624535316,1.43031747572,10.3271627259
C13_INNOV_PHYS,26,ATU1,268,9.39664936405,20.4553277249,8.75081949858,0.597014925373,6.10178714097,82.006577733,0.611940298507,7.83155900984,153.060239023,0.623134328358,9.33187813832,288.620067389
C13_INNOV_PHYS,26,ATU5,268,1.12172735197,2.65259001749,0.805707888382,0.589552238806,2.445929227,5.17393029984,0.720149253731,3.13931617616,6.22273961077,0.884328358209,3.740725947,7.47636542027
C13_INNOV_PHYS,26,MJ3,268,2.10980109066,5.04384618188,1.907171118,0.611940298507,1.55730550904,17.3227372232,0.649253731343,1.99877998177,31.1179818225,0.690298507463,2.38169324802,56.6687053989
C13_INNOV_PHYS,26,MJ1,268,0.695419501652,1.24015404681,0.591331134199,0.664179104478,1.02377757524,4.99169594181,0.686567164179,1.31400429222,8.3218750861,0.708955223881,1.56573268654,14.0417974998
C13_INNOV_PHYS,27,ATU1,267,11.7598304863,25.7241109633,11.0480435265,0.584269662921,6.59893939729,104.467435632,0.595505617978,8.46964702279,196.75539195,0.61797752809,10.0922069018,373.912583242
C13_INNOV_PHYS,27,ATU5,267,1.16284845172,2.62821016163,0.84389860552,0.584269662921,2.51545640904,5.59090789907,0.7265917603,3.22855334822,6.80803207206,0.887640449438,3.84705859597,8.304332402
C13_INNOV_PHYS,27,MJ3,267,2.45681704239,5.70002534918,2.23228190879,0.591760299625,1.69455482674,20.380452171,0.647940074906,2.17493757393,36.9287160689,0.674157303371,2.59159796572,67.7591695391
C13_INNOV_PHYS,27,MJ1,267,0.864503714981,1.5905038252,0.747164352298,0.659176029963,1.13853960548,6.4523337723,0.685393258427,1.46129976339,11.0274904654,0.696629213483,1.74124606587,19.10364744
C13_INNOV_PHYS,28,ATU1,266,14.1234943546,30.9598684235,13.3482654225,0.578947368421,6.85292488176,126.973985906,0.593984962406,8.79563386292,240.971673159,0.601503759398,10.4806441802,460.963219964
C13_INNOV_PHYS,28,ATU5,266,1.23202055551,2.7099171456,0.893419376048,0.605263157895,2.52531614948,5.93412574443,0.729323308271,3.24120818806,7.45758967024,0.864661654135,3.86213776771,9.46327252766
C13_INNOV_PHYS,28,MJ3,266,2.80485329035,6.38460131076,2.55716761196,0.582706766917,1.87133286868,23.428327521,0.635338345865,2.40182973439,42.5228774411,0.661654135338,2.86195665029,78.1748512336
C13_INNOV_PHYS,28,MJ1,266,1.03374308807,1.94338274863,0.905027459471,0.657894736842,1.23748222959,7.94002166067,0.684210526316,1.58829124661,13.8142778572,0.699248120301,1.89256575132,24.4021039979
C13_INNOV_PHYS,29,ATU1,265,16.7144041172,36.5906524843,15.8455154345,0.569811320755,7.35641149752,151.223829659,0.588679245283,9.4418519382,288.171937303,0.603773584906,11.2506605105,553.196463427
C13_INNOV_PHYS,29,ATU5,265,1.2992046682,2.82736384358,0.950266108633,0.584905660377,2.5199887839,6.3789294251,0.724528301887,3.23437058837,8.15797788898,0.849056603774,3.85399026515,10.5904409059
C13_INNOV_PHYS,29,MJ3,265,3.26817062434,7.33376240714,2.9916287253,0.57358490566,2.04906936435,27.5337606812,0.618867924528,2.6299520569,50.2406489404,0.645283018868,3.13378116334,92.781775029
C13_INNOV_PHYS,29,MJ1,265,1.2090745885,2.30808817995,1.06839524887,0.649056603774,1.34053608987,9.46995088947,0.690566037736,1.72055944433,16.694531309,0.701886792453,2.05017302992,29.8738859536
C13_INNOV_PHYS,30,ATU1,264,19.7886364417,43.4748127232,18.8387784303,0.568181818182,7.72553722997,180.384560762,0.579545454545,9.91561968672,345.394579953,0.594696969697,11.8151896022,665.796304288
C13_INNOV_PHYS,30,ATU5,264,1.39262920406,3.03977141334,1.03088762835,0.583333333333,2.55430035859,7.01975447189,0.719696969697,3.27840901772,9.05821766852,0.848484848485,3.90646529031,11.9977027844
C13_INNOV_PHYS,30,MJ3,264,3.64423438719,8.13948150971,3.33491163247,0.560606060606,2.24495332163,30.7129923577,0.609848484848,2.88136639422,56.1739412741,0.628787878788,3.43335982388,103.882212374
C13_INNOV_PHYS,30,MJ1,264,1.40823450008,2.71897559158,1.2526657686,0.659090909091,1.46353775149,11.1691562187,0.689393939394,1.87843036788,19.8730021239,0.704545454545,2.238287838,35.8878311302
C13_INNOV_TREND,1,ATU1,293,0.000356894770872,0.000761271870158,0.00325394731525,1,0.035573690194,0.035573690194,1,0.0456583370602,0.0456583370602,1,0.0544052642531,0.0544052642531
C13_INNOV_TREND,1,ATU5,293,0.00022252180879,0.000513360840848,0.00289244395947,1,0.0316523820449,0.0316523820449,1,0.0406253925382,0.0406253925382,1,0.0484081409604,0.0484081409604
C13_INNOV_TREND,1,MJ3,293,8.84098447133e-05,0.000150158931238,0.00234522644988,1,0.0257119658191,0.0257119658191,1,0.033000950856,0.033000950856,1,0.0393230583399,0.0393230583399
C13_INNOV_TREND,1,MJ1,293,8.03660410941e-05,0.000135703552996,0.002337944961,1,0.0256338898879,0.0256338898879,1,0.0329007414828,0.0329007414828,1,0.039203651507,0.039203651507
C13_INNOV_TREND,2,ATU1,292,0.00117894315768,0.00275850573008,0.00528818337359,1,0.0571983714153,0.0571983714153,1,0.0734133149283,0.0734133149283,1,0.0874773602268,0.0874773602268
C13_INNOV_TREND,2,ATU5,292,0.000754858216936,0.00191231146323,0.00401133486999,1,0.0434524981749,0.0434524981749,1,0.055770677626,0.055770677626,1,0.0664548612407,0.0664548612407
C13_INNOV_TREND,2,MJ3,292,0.000319235365376,0.000575624768183,0.00265071213013,1,0.0289542073815,0.0289542073815,1,0.0371623228496,0.0371623228496,1,0.0442816389091,0.0442816389091
C13_INNOV_TREND,2,MJ1,292,0.000284110428146,0.00048640058824,0.00234944353555,1,0.0256647865436,0.0256647865436,1,0.0329403969111,0.0329403969111,1,0.0392509038642,0.0392509038642
C13_INNOV_TREND,3,ATU1,291,0.00356886150508,0.00800360191411,0.00780973095959,1,0.0814000492486,0.0814000492486,1,0.10447583214,0.10447583214,1,0.124490632415,0.124490632415
C13_INNOV_TREND,3,ATU5,291,0.002222749636,0.00556723120904,0.00554269394668,1,0.0580162745305,0.0580162745305,1,0.0744630822117,0.0744630822117,1,0.0887282350973,0.0887282350973
C13_INNOV_TREND,3,MJ3,291,0.000815928360939,0.00150576390393,0.00316219842064,1,0.0340397050073,0.0340397050073,1,0.0436894883883,0.0436894883883,1,0.0520592363606,0.0520592363606
C13_INNOV_TREND,3,MJ1,291,0.000705727215918,0.001223821966,0.00242179165834,1,0.0259159645757,0.0259159645757,1,0.0332627804252,0.0332627804252,1,0.0396350475147,0.0396350475147
C13_INNOV_TREND,4,ATU1,290,0.00840807030115,0.0178656292043,0.0112597604854,0.993103448276,0.10841116507,0.108571760918,1,0.139144223971,0.139144223971,1,0.165800569225,0.165800569225
C13_INNOV_TREND,4,ATU5,290,0.00531666463399,0.012710246426,0.00778985816485,0.993103448276,0.0753658492371,0.0759429019351,1,0.0967310202717,0.0967310202717,1,0.115262119871,0.115262119871
C13_INNOV_TREND,4,MJ3,290,0.00183335359777,0.00325640800512,0.00386209259609,1,0.0399079412126,0.0399079412126,1,0.0512212880174,0.0512212880174,1,0.061033929166,0.061033929166
C13_INNOV_TREND,4,MJ1,290,0.00152810391708,0.00257853761883,0.00269842899892,0.993103448276,0.0268379777571,0.0269012246898,1,0.0344461715319,0.0344461715319,1,0.0410451449914,0.0410451449914
C13_INNOV_TREND,5,ATU1,289,0.0164424444325,0.0334434842792,0.0165759357824,0.989619377163,0.142918195335,0.144023233173,0.993079584775,0.183433517835,0.184312016657,0.993079584775,0.218574517892,0.218734007451
C13_INNOV_TREND,5,ATU5,289,0.0106929237618,0.0244914419505,0.011228839003,0.98615916955,0.0954790750275,0.0984400345415,0.993079584775,0.122546066096,0.125046295213,0.993079584775,0.14602264424,0.146986052866
C13_INNOV_TREND,5,MJ3,289,0.0035719825381,0.00605263802343,0.00495459549016,0.989619377163,0.0474667347811,0.0480441122371,0.993079584775,0.0609228945315,0.0613367921298,0.996539792388,0.0725941063443,0.0726429935505
C13_INNOV_TREND,5,MJ1,289,0.00287950437272,0.00466906800944,0.00340867274483,0.9723183391,0.02900412902,0.0302145205307,0.989619377163,0.0372263965787,0.0383270854604,0.993079584775,0.0443579874665,0.0454206387517
C13_INNOV_TREND,6,ATU1,288,0.0288945097852,0.0564494621503,0.0242932382572,0.972222222222,0.181387551603,0.185776664794,0.986111111111,0.232808402065,0.236642931982,0.989583333333,0.277408321244,0.281778795494
C13_INNOV_TREND,6,ATU5,288,0.0188705399911,0.0421014703133,0.0167890115494,0.972222222222,0.12472704746,0.132645349124,0.979166666667,0.160085432306,0.169035765981,0.993055555556,0.190753558024,0.199255622633
C13_INNOV_TREND,6,MJ3,288,0.0062458391731,0.0101895370704,0.00663249469561,0.982638888889,0.0572532606938,0.0591146042231,0.982638888889,0.0734837645547,0.0757733236206,0.989583333333,0.0875613061343,0.0903471671949
C13_INNOV_TREND,6,MJ1,288,0.00488589460218,0.00763848227678,0.00485023890773,0.916666666667,0.0340954703895,0.0396150987624,0.951388888889,0.0437610624813,0.0495953431489,0.96875,0.0521445221527,0.0586813361179
C13_INNOV_TREND,7,ATU1,287,0.0467313603879,0.0882551992506,0.0360165826805,0.93031358885,0.235573866318,0.247862539865,0.982578397213,0.302355784072,0.312041539873,0.982578397213,0.36027913827,0.373587163433
C13_INNOV_TREND,7,ATU5,287,0.0309634317755,0.068842589216,0.0248852126572,0.923344947735,0.157516616771,0.17591556228,0.97212543554,0.2021703889,0.223245513047,0.979094076655,0.240900876827,0.267853633596
C13_INNOV_TREND,7,MJ3,287,0.00995663819929,0.0161429213744,0.00907431348518,0.947735191638,0.0692373578149,0.0744489675849,0.982578397213,0.088865186688,0.0942856753722,0.982578397213,0.105889401059,0.113713251939
C13_INNOV_TREND,7,MJ1,287,0.00757603886641,0.0115139765681,0.00710177363183,0.885017421603,0.0466179856025,0.0560842432034,0.940766550523,0.0598335367542,0.0694874605959,0.97212543554,0.0712960564906,0.0819609052725
C13_INNOV_TREND,8,ATU1,286,0.0724948548361,0.135223514826,0.0536259927123,0.874125874126,0.310157222608,0.349247615367,0.954545454545,0.398082485519,0.41956922632,0.979020979021,0.474344538449,0.502976937411
C13_INNOV_TREND,8,ATU5,286,0.0488150497702,0.112049900862,0.0373294663492,0.902097902098,0.200400246765,0.247593394444,0.947552447552,0.25721093212,0.296138176401,0.975524475524,0.306485729262,0.35938377332
C13_INNOV_TREND,8,MJ3,286,0.0153517843692,0.0254089552823,0.0127466822977,0.923076923077,0.0847651501382,0.0973726848381,0.954545454545,0.108794892373,0.121870338695,0.982517482517,0.129637110111,0.145420864326
C13_INNOV_TREND,8,MJ1,286,0.0110618256523,0.0165337193835,0.0100024579016,0.86013986014,0.0614841076783,0.0771196871209,0.916083916084,0.0789139978706,0.0949427669396,0.954545454545,0.0940318282236,0.111308330452
C13_INNOV_TREND,9,ATU1,285,0.111729086691,0.198384393197,0.0808367274161,0.852631578947,0.445936622931,0.524350635958,0.919298245614,0.57235345915,0.626822061242,0.968421052632,0.682001211524,0.735136828115
C13_INNOV_TREND,9,ATU5,285,0.0832075424493,0.193860726344,0.0589443769967,0.852631578947,0.27310302557,0.357237663869,0.933333333333,0.350523938496,0.411047664163,0.971929824561,0.417675034371,0.491885890614
C13_INNOV_TREND,9,MJ3,285,0.0237665566245,0.0404026302456,0.0182794377297,0.884210526316,0.10211906975,0.128019515253,0.933333333333,0.131068407059,0.160281959638,0.954385964912,0.156177639844,0.189916443149
C13_INNOV_TREND,9,MJ1,285,0.0154699229798,0.0229390092795,0.0136831153993,0.842105263158,0.0800942885649,0.105060687144,0.898245614035,0.102799906446,0.127362078878,0.950877192982,0.122493643779,0.147583038004
C13_INNOV_TREND,10,ATU1,284,0.173148928842,0.305203156174,0.123799401902,0.781690140845,0.587528633458,0.79639835217,0.87676056338,0.754084837211,0.954827800749,0.908450704225,0.898547504777,1.09866283727
C13_INNOV_TREND,10,ATU5,284,0.140129101988,0.341769331134,0.0972804776202,0.816901408451,0.347213181602,0.5439583539,0.901408450704,0.445643293986,0.566299128547,0.957746478873,0.531016737206,0.646511203996
C13_INNOV_TREND,10,MJ3,284,0.0368267509119,0.0681463920166,0.0278801202526,0.841549295775,0.128783969379,0.189365209385,0.897887323944,0.165292435218,0.220186476436,0.919014084507,0.196958084681,0.257902039691
C13_INNOV_TREND,10,MJ1,284,0.0210266252821,0.0311017685913,0.0182549763744,0.841549295775,0.102785806846,0.139309417696,0.883802816901,0.131924154857,0.171421678427,0.929577464789,0.157197326239,0.194465321608
C13_INNOV_TREND,11,ATU1,283,0.261463079402,0.476350166482,0.1895300784,0.745583038869,0.729147685767,1.25693394527,0.819787985866,0.935850923023,1.60499806326,0.865724381625,1.11513515487,1.98315412328
C13_INNOV_TREND,11,ATU5,283,0.23999226706,0.645234281782,0.174270874029,0.759717314488,0.445081087991,1.14463123945,0.826855123675,0.571255391942,1.25678328668,0.91519434629,0.680692783744,1.08423554665
C13_INNOV_TREND,11,MJ3,283,0.0551872010489,0.112362777197,0.0426462846674,0.795053003534,0.154599365085,0.31221440497,0.848056537102,0.198426136896,0.400815702941,0.86925795053,0.236439325381,0.466240217229
C13_INNOV_TREND,11,MJ1,283,0.0280229959192,0.0416294439866,0.0239689723271,0.819787985866,0.127113571184,0.182929776535,0.883392226148,0.163148502345,0.230158922922,0.904593639576,0.194403431094,0.273044793836
C13_INNOV_TREND,12,ATU1,282,0.391972075503,0.744154992413,0.2904311292,0.730496453901,0.899214218054,1.98082950916,0.769503546099,1.1541289541,2.7735058688,0.826241134752,1.37522947118,3.8509527137
C13_INNOV_TREND,12,ATU5,282,0.381761038818,1.12087785435,0.293564028792,0.744680851064,0.555601343508,2.15551715277,0.790780141844,0.713106604196,2.90034334912,0.86170212766,0.849718928457,3.62021029392
C13_INNOV_TREND,12,MJ3,282,0.0895243527996,0.209387132054,0.0714444441359,0.776595744681,0.202899294895,0.556842166495,0.836879432624,0.26041842567,0.797071525977,0.854609929078,0.31030769356,1.1084847406
C13_INNOV_TREND,12,MJ1,282,0.0369781940872,0.0553627728731,0.031247077744,0.812056737589,0.157613383668,0.237843246071,0.872340425532,0.202294587867,0.304663095232,0.90780141844,0.241048869024,0.374854747861
C13_INNOV_TREND,13,ATU1,281,0.564692155147,1.11033987276,0.425397627832,0.722419928826,1.14005205876,2.95679767039,0.76512455516,1.46324097616,4.36782583666,0.811387900356,1.74355916356,6.54031058249
C13_INNOV_TREND,13,ATU5,281,0.592359455546,1.88960811139,0.481433620536,0.729537366548,0.675627784159,3.86572421459,0.775800711744,0.86715887298,5.93248764826,0.807829181495,1.03328352874,8.95690131643
C13_INNOV_TREND,13,MJ3,281,0.137996773511,0.353449125324,0.113512244544,0.761565836299,0.255371856016,0.923185039101,0.82206405694,0.327766228752,1.4202454164,0.836298932384,0.390557550639,2.18235105129
C13_INNOV_TREND,13,MJ1,281,0.0483545393784,0.0728729421506,0.0403656305957,0.800711743772,0.19157679033,0.306759661839,0.85409252669,0.24588614839,0.398775466763,0.900355871886,0.292991417136,0.503569392613
C13_INNOV_TREND,14,ATU1,280,0.791447202029,1.60458235973,0.606302677075,0.685714285714,1.40080686236,4.32223295979,0.757142857143,1.79791614334,6.60965844021,0.796428571429,2.1423492221,10.4587625404
C13_INNOV_TREND,14,ATU5,280,0.882680606338,3.03727218763,0.745419263845,0.714285714286,0.821467308766,6.28922487311,0.778571428571,1.05434187634,10.3791178011,0.803571428571,1.2563258342,17.1976707812
C13_INNOV_TREND,14,MJ3,280,0.203668542691,0.550480364784,0.171962994331,0.75,0.307585647504,1.44766111245,0.792857142857,0.394781904606,2.35409258247,0.825,0.470411653716,3.86814283854
C13_INNOV_TREND,14,MJ1,280,0.0628997491042,0.0955025310978,0.0518745178368,0.778571428571,0.228354807597,0.394641711835,0.835714285714,0.293090222514,0.522867533489,0.878571428571,0.349238540704,0.678750513061
C13_INNOV_TREND,15,ATU1,279,1.09393047522,2.29039850086,0.857898053151,0.663082437276,1.64925005066,6.44662081032,0.752688172043,2.11678952335,9.86989346615,0.781362007168,2.52231028988,16.4095584466
C13_INNOV_TREND,15,ATU5,279,1.20541753214,4.43622558529,1.03896217455,0.727598566308,0.995506056798,8.98326816603,0.792114695341,1.27771819114,15.3142903586,0.810035842294,1.52249513026,26.351437485
C13_INNOV_TREND,15,MJ3,279,0.288603305997,0.80297836537,0.248263427438,0.745519713262,0.364199968868,2.14169543658,0.774193548387,0.467445599408,3.61710192204,0.817204301075,0.55699578647,6.18606726963
C13_INNOV_TREND,15,MJ1,279,0.0807890267138,0.124128251067,0.0661573355967,0.770609318996,0.270429687001,0.504175523891,0.817204301075,0.347092745589,0.681390503844,0.863799283154,0.413586515848,0.912549410536
C13_INNOV_TREND,16,ATU1,278,1.47990247932,3.19763210721,1.18811974453,0.640287769784,1.95169109356,9.32307066302,0.723021582734,2.50496839943,14.8256739938,0.780575539568,2.98485394983,24.7562469714
C13_INNOV_TREND,16,ATU5,278,1.54400205962,6.03231205257,1.35150389039,0.726618705036,1.15077817135,11.8949322927,0.798561151079,1.47700779262,20.7514259539,0.820143884892,1.75996333716,36.6170736292
C13_INNOV_TREND,16,MJ3,278,0.396772387387,1.12291558568,0.347310207873,0.73381294964,0.422525521495,3.05527787699,0.76618705036,0.542305635759,5.31251160489,0.791366906475,0.646197021598,9.35986652195
C13_INNOV_TREND,16,MJ1,278,0.103889016727,0.163771250998,0.0848755298293,0.762589928058,0.323970804666,0.647992100258,0.805755395683,0.415812026147,0.898601859372,0.852517985612,0.495470589135,1.23910829384
C13_INNOV_TREND,17,ATU1,277,1.92828508725,4.27610427183,1.58245715836,0.631768953069,2.28011034269,12.8352277888,0.714801444043,2.92648994224,21.1883118205,0.754512635379,3.48712784768,36.1079633697
C13_INNOV_TREND,17,ATU5,277,1.87108301602,7.67194266522,1.6473232182,0.718411552347,1.33718517151,14.5964426107,0.790613718412,1.71625858717,25.6929896101,0.826714801444,2.04504824253,45.7635605037
C13_INNOV_TREND,17,MJ3,277,0.54304291089,1.56451377293,0.47997335783,0.72202166065,0.520974433713,4.26377894922,0.761732851986,0.668663446623,7.50284312301,0.783393501805,0.796761639872,13.3820933172
C13_INNOV_TREND,17,MJ1,277,0.129651371775,0.208320233178,0.106121937486,0.736462093863,0.371992506674,0.817479573511,0.794223826715,0.477447213404,1.15937840731,0.830324909747,0.568913444611,1.6472692767
C13_INNOV_TREND,18,ATU1,276,2.41585311929,5.4703200568,2.02536061777,0.623188405797,2.55105949806,16.8692561617,0.695652173913,3.27424941826,28.7267401712,0.75,3.90150882184,50.2453064743
C13_INNOV_TREND,18,ATU5,276,2.13835315622,9.13513610598,1.89139139814,0.702898550725,1.48036836182,16.8404101284,0.771739130435,1.90003222238,29.8368956802,0.822463768116,2.26402803526,53.5607103621
C13_INNOV_TREND,18,MJ3,276,0.7087048194,2.05182995022,0.634442228633,0.702898550725,0.595934604761,5.71082367139,0.753623188406,0.764873784575,10.2195634576,0.771739130435,0.911403328493,18.5256753294
C13_INNOV_TREND,18,MJ1,276,0.160130938789,0.260777335159,0.13140233083,0.702898550725,0.424027372948,1.0263586537,0.771739130435,0.54423324123,1.47419736702,0.804347826087,0.648493905186,2.13660517939
C13_INNOV_TREND,19,ATU1,275,2.93233269142,6.79363524349,2.48350735087,0.632727272727,3.03448665797,20.9896777317,0.694545454545,3.89472146068,36.2411889546,0.745454545455,4.6408468618,64.3334723762
C13_INNOV_TREND,19,ATU5,275,2.27144039123,9.96236502463,2.00632510879,0.694545454545,1.60675676595,17.8330075406,0.763636363636,2.06224998288,31.5845911791,0.829090909091,2.45732241905,56.6728632948
C13_INNOV_TREND,19,MJ3,275,0.908021678604,2.62542037779,0.823311490278,0.68,0.667606276379,7.51608280264,0.738181818182,0.856863379205,13.639913906,0.763636363636,1.02101569124,25.0869771753
C13_INNOV_TREND,19,MJ1,275,0.198315334959,0.328944616841,0.163692913746,0.690909090909,0.485310483718,1.29889686736,0.738181818182,0.622889262362,1.91079497706,0.770909090909,0.742218335166,2.8050600102
C13_INNOV_TREND,20,ATU1,274,3.5545441025,8.43449047039,3.05367976093,0.638686131387,3.51488416874,26.2848793651,0.689781021898,4.51130499053,46.1881127586,0.737226277372,5.37555145324,83.3863348875
C13_INNOV_TREND,20,ATU5,274,2.39944793429,10.7374725745,2.10396881546,0.671532846715,1.80751403773,18.5374376258,0.759124087591,2.31991915164,32.5731899251,0.832116788321,2.76435417095,58.0423879994
C13_INNOV_TREND,20,MJ3,274,1.14101305867,3.29755940302,1.04364617966,0.667883211679,0.764195425698,9.61573475373,0.726277372263,0.980834210229,17.6028722397,0.759124087591,1.16873604761,32.6274599443
C13_INNOV_TREND,20,MJ1,274,0.240508922049,0.404521641672,0.199826546696,0.675182481752,0.546271927362,1.60469998319,0.729927007299,0.701132428207,2.42292754221,0.751824817518,0.835450817728,3.67343179709
C13_INNOV_TREND,21,ATU1,273,4.17738003539,10.1081762395,3.64053433701,0.6336996337,3.89968431427,31.8730710216,0.681318681319,5.00519063044,56.9232659918,0.736263736264,5.96405249116,104.284694204
C13_INNOV_TREND,21,ATU5,273,2.40504518801,10.9270086685,2.09262876861,0.648351648352,1.95004135864,18.2540721723,0.758241758242,2.50285098759,31.7847325349,0.813186813187,2.982330898,56.2112930553
C13_INNOV_TREND,21,MJ3,273,1.39927672694,4.02882405942,1.29128007357,0.663003663004,0.853862529575,12.0001833983,0.725274725275,1.09592069211,22.1757951403,0.747252747253,1.30587004902,41.4410572748
C13_INNOV_TREND,21,MJ1,273,0.29147354199,0.501067009428,0.243995566317,0.67032967033,0.618124699582,1.98155280176,0.695970695971,0.793354462942,3.05839580194,0.747252747253,0.945340149946,4.76530817517
C13_INNOV_TREND,22,ATU1,272,4.91073166679,12.1511736326,4.33207359975,0.639705882353,4.53371451379,38.4984956516,0.680147058824,5.81895958154,69.7221221052,0.713235294118,6.93371800411,129.073609461
C13_INNOV_TREND,22,ATU5,272,2.27236373525,10.4493086376,1.9567905073,0.628676470588,2.03304863768,16.8361518968,0.753676470588,2.60938967682,28.925074104,0.805147058824,3.10927957625,50.6511998563
C13_INNOV_TREND,22,MJ3,272,1.65171509024,4.7105360532,1.5359467153,0.654411764706,0.926148927347,14.3763494163,0.720588235294,1.18869927922,26.7726089329,0.742647058824,1.41642255429,50.403200081
C13_INNOV_TREND,22,MJ1,272,0.346525169474,0.606579150576,0.29208431393,0.650735294118,0.688360020019,2.39365114704,0.6875,0.883500520789,3.77190903763,0.735294117647,1.05275580313,5.9901689698
C13_INNOV_TREND,23,ATU1,271,5.73729838682,14.3797129021,5.14178854919,0.634686346863,4.80476993755,46.4831137589,0.675276752768,6.16685545156,85.5392492595,0.70110701107,7.34826150174,159.948727174
C13_INNOV_TREND,23,ATU5,271,2.15343278885,10.0295248575,1.82686418826,0.612546125461,2.15901245207,15.398071563,0.752767527675,2.77106248231,25.9615985961,0.80442804428,3.30192460608,44.6597805888
C13_INNOV_TREND,23,MJ3,271,1.94107505455,5.50651053456,1.80717434932,0.649446494465,1.10453975521,16.9189904141,0.715867158672,1.417661428,31.4793584919,0.741697416974,1.68924778207,59.1884779006
C13_INNOV_TREND,23,MJ1,271,0.406734101785,0.722135327739,0.344459377457,0.645756457565,0.762923013919,2.8428389781,0.690036900369,0.979201087392,4.55105264278,0.723247232472,1.16679006172,7.38900209923
C13_INNOV_TREND,24,ATU1,270,6.72569585774,17.0133026676,6.10958149568,0.633333333333,5.16581582196,56.0913110076,0.67037037037,6.6302528274,104.391010991,0.685185185185,7.9004335323,196.637673327
C13_INNOV_TREND,24,ATU5,270,1.90665695273,8.65513200327,1.57139255036,0.603703703704,2.29757596892,12.7035804789,0.751851851852,2.94890683082,20.6470964878,0.811111111111,3.51383921795,34.0687130882
C13_INNOV_TREND,24,MJ3,270,2.2238469018,6.23283221857,2.07445727998,0.655555555556,1.24123242949,19.4561741163,0.707407407407,1.59310457607,36.2543563827,0.737037037037,1.89830118713,68.2736150711
C13_INNOV_TREND,24,MJ1,270,0.478931014398,0.86573898112,0.407543040362,0.651851851852,0.851080879345,3.39096221751,0.696296296296,1.09235048269,5.52658025019,0.718518518519,1.3016158821,9.12759116716
C13_INNOV_TREND,25,ATU1,269,8.02882612051,20.4372522844,7.3883098416,0.639405204461,5.72111133838,68.8269549296,0.669144981413,7.34296690677,129.045612953,0.676579925651,8.74968473859,244.508687991
C13_INNOV_TREND,25,ATU5,269,1.63832498786,6.86163191361,1.29985655111,0.594795539033,2.38816243035,9.94305932046,0.739776951673,3.06517329535,15.2638312678,0.825278810409,3.6523792554,23.7030340655
C13_INNOV_TREND,25,MJ3,269,2.5726724335,7.11968693233,2.40583141857,0.657992565056,1.39893077418,22.6158602163,0.698884758364,1.79550821023,42.235893774,0.732342007435,2.13947999282,79.6816941564
C13_INNOV_TREND,25,MJ1,269,0.553679715756,1.01154849973,0.473198238393,0.64312267658,0.935234328127,3.97653737781,0.684014869888,1.20036026488,6.55276365817,0.710037174721,1.43031747572,10.9507431178
C13_INNOV_TREND,26,ATU1,268,9.1921037448,23.4029630771,8.53038846634,0.630597014925,6.10178714097,80.112069036,0.660447761194,7.83155900984,150.913839183,0.671641791045,9.33187813832,287.17086338
C13_INNOV_TREND,26,ATU5,268,1.41869744356,5.07696698645,1.07795051422,0.59328358209,2.445929227,7.72589213013,0.727611940299,3.13931617616,11.0032151878,0.824626865672,3.740725947,15.8420233573
C13_INNOV_TREND,26,MJ3,268,2.84626573409,7.7402042291,2.66131631046,0.660447761194,1.55730550904,25.0114966215,0.690298507463,1.99877998177,46.6881543583,0.731343283582,2.38169324802,88.017988002
C13_INNOV_TREND,26,MJ1,268,0.632824587831,1.16450905803,0.543396451457,0.638059701493,1.02377757524,4.5974882905,0.675373134328,1.31400429222,7.63768960678,0.686567164179,1.56573268654,12.8595126861
C13_INNOV_TREND,27,ATU1,267,10.8527776441,27.6231929583,10.1546310285,0.625468164794,6.59893939729,96.0434293183,0.644194756554,8.46964702279,181.902881412,0.666666666667,10.0922069018,347.697233749
C13_INNOV_TREND,27,ATU5,267,1.25914811806,3.27961190341,0.922737242419,0.580524344569,2.51545640904,6.17864479311,0.722846441948,3.22855334822,8.16178331712,0.823970037453,3.84705859597,11.0900456452
C13_INNOV_TREND,27,MJ3,267,3.10726988316,8.26790883059,2.90507950165,0.644194756554,1.69455482674,27.3056972205,0.685393258427,2.17493757393,50.9701965449,0.719101123596,2.59159796572,96.1056276449
C13_INNOV_TREND,27,MJ1,267,0.732714949403,1.35719610483,0.62980473956,0.63670411985,1.13853960548,5.35901929432,0.65543071161,1.46129976339,8.96369344618,0.677902621723,1.74124606587,15.190725802
C13_INNOV_TREND,28,ATU1,266,12.4411336645,31.6356543798,11.7060010372,0.62030075188,6.85292488176,111.188715313,0.642857142857,8.79563386292,211.6159034,0.657894736842,10.4806441802,406.177753891
C13_INNOV_TREND,28,ATU5,266,1.21715985173,2.33838611317,0.894409876616,0.563909774436,2.52531614948,5.95261902424,0.714285714286,3.24120818806,8.1253808021,0.81954887218,3.86213776771,11.4217875744
C13_INNOV_TREND,28,MJ3,266,3.29631019094,8.57781669189,3.0727046524,0.639097744361,1.87133286868,28.8037694915,0.684210526316,2.40182973439,53.5812429279,0.706766917293,2.86195665029,100.709252914
C13_INNOV_TREND,28,MJ1,266,0.825954077262,1.52306112212,0.70920309799,0.624060150376,1.23748222959,6.04968827847,0.65037593985,1.58829124661,10.156865606,0.665413533835,1.89256575132,17.2925679661
C13_INNOV_TREND,29,ATU1,265,14.1720237027,35.9410673768,13.3705126944,0.611320754717,7.35641149752,127.256616334,0.637735849057,9.4418519382,242.788466291,0.652830188679,11.2506605105,466.91498916
C13_INNOV_TREND,29,ATU5,265,1.29717255345,2.30525815648,0.963606573451,0.539622641509,2.5199887839,6.60130265747,0.698113207547,3.23437058837,8.989912179,0.807547169811,3.85399026515,12.7491344865
C13_INNOV_TREND,29,MJ3,265,3.51026368134,8.92097269315,3.26432703289,0.633962264151,2.04906936435,30.5299103209,0.675471698113,2.6299520569,56.6332030556,0.698113207547,3.13378116334,106.157580661
C13_INNOV_TREND,29,MJ1,265,0.919904759102,1.68773034892,0.790365273262,0.6,1.34053608987,6.75133666928,0.645283018868,1.72055944433,11.3575265495,0.667924528302,2.05017302992,19.3834225696
C13_INNOV_TREND,30,ATU1,264,16.3036668278,41.5192632089,15.4297159747,0.613636363636,7.72553722997,147.231625946,0.628787878788,9.91561968672,281.949787724,0.643939393939,11.8151896022,543.889701083
C13_INNOV_TREND,30,ATU5,264,1.48120992174,2.6919147246,1.09349397304,0.526515151515,2.55430035859,7.42340419473,0.670454545455,3.27840901772,10.0719948667,0.780303030303,3.90646529031,14.3472975712
C13_INNOV_TREND,30,MJ3,264,3.56679367417,8.85205801577,3.29674687853,0.621212121212,2.24495332163,30.6535652322,0.670454545455,2.88136639422,56.4489649138,0.685606060606,3.43335982388,105.078488818
C13_INNOV_TREND,30,MJ1,264,1.02660489196,1.876053988,0.881840378935,0.594696969697,1.46353775149,7.5437619857,0.632575757576,1.87843036788,12.6841208648,0.666666666667,2.238287838,21.6764836725
C13_INNOV_CORE,1,ATU1,293,0.000393123260758,0.000653958337471,0.00325288847722,1,0.035573690194,0.035573690194,1,0.0456583370602,0.0456583370602,1,0.0544052642531,0.0544052642531
C13_INNOV_CORE,1,ATU5,293,0.000256975286382,0.000470881570465,0.00289198547749,1,0.0316523820449,0.0316523820449,1,0.0406253925382,0.0406253925382,1,0.0484081409604,0.0484081409604
C13_INNOV_CORE,1,MJ3,293,9.146494631e-05,0.000146455408113,0.00234518300645,1,0.0257119658191,0.0257119658191,1,0.033000950856,0.033000950856,1,0.0393230583399,0.0393230583399
C13_INNOV_CORE,1,MJ1,293,8.29527737201e-05,0.000133949628749,0.00233792611879,1,0.0256338898879,0.0256338898879,1,0.0329007414828,0.0329007414828,1,0.039203651507,0.039203651507
C13_INNOV_CORE,2,ATU1,292,0.00124942620481,0.00247423976566,0.00527834021522,1,0.0571983714153,0.0571983714153,1,0.0734133149283,0.0734133149283,1,0.0874773602268,0.0874773602268
C13_INNOV_CORE,2,ATU5,292,0.000812465614929,0.00166578584863,0.00400162123776,1,0.0434524981749,0.0434524981749,1,0.055770677626,0.055770677626,1,0.0664548612407,0.0664548612407
C13_INNOV_CORE,2,MJ3,292,0.00031146805122,0.000514304319029,0.00264902939007,1,0.0289542073815,0.0289542073815,1,0.0371623228496,0.0371623228496,1,0.0442816389091,0.0442816389091
C13_INNOV_CORE,2,MJ1,292,0.000281897354909,0.000467087105941,0.00234871504181,1,0.0256647865436,0.0256647865436,1,0.0329403969111,0.0329403969111,1,0.0392509038642,0.0392509038642
C13_INNOV_CORE,3,ATU1,291,0.00337594363944,0.00717405945049,0.00775063518375,1,0.0814000492486,0.0814000492486,1,0.10447583214,0.10447583214,1,0.124490632415,0.124490632415
C13_INNOV_CORE,3,ATU5,291,0.00203604850026,0.0047544464177,0.00548532186238,1,0.0580162745305,0.0580162745305,1,0.0744630822117,0.0744630822117,1,0.0887282350973,0.0887282350973
C13_INNOV_CORE,3,MJ3,291,0.000748593369163,0.00128751076591,0.00315091200156,1,0.0340397050073,0.0340397050073,1,0.0436894883883,0.0436894883883,1,0.0520592363606,0.0520592363606
C13_INNOV_CORE,3,MJ1,291,0.000677405618699,0.00115768471159,0.00241570211108,1,0.0259159645757,0.0259159645757,1,0.0332627804252,0.0332627804252,1,0.0396350475147,0.0396350475147
C13_INNOV_CORE,4,ATU1,290,0.00763283508978,0.015695551165,0.0110114315731,0.993103448276,0.10841116507,0.1085271064,1,0.139144223971,0.139144223971,1,0.165800569225,0.165800569225
C13_INNOV_CORE,4,ATU5,290,0.00450037387652,0.0105519881373,0.00755357789011,0.993103448276,0.0753658492371,0.0756523644257,1,0.0967310202717,0.0967310202717,1,0.115262119871,0.115262119871
C13_INNOV_CORE,4,MJ3,290,0.00159451549231,0.00271273586027,0.00381449312155,1,0.0399079412126,0.0399079412126,1,0.0512212880174,0.0512212880174,1,0.061033929166,0.061033929166
C13_INNOV_CORE,4,MJ1,290,0.00143145290151,0.00241449172487,0.00266831369784,0.996551724138,0.0268379777571,0.0268507769478,1,0.0344461715319,0.0344461715319,1,0.0410451449914,0.0410451449914
C13_INNOV_CORE,5,ATU1,289,0.0143674449814,0.0290116507608,0.015868708442,0.989619377163,0.142918195335,0.143906389243,0.993079584775,0.183433517835,0.184164055702,1,0.218574517892,0.218574517892
C13_INNOV_CORE,5,ATU5,289,0.00857742628425,0.0196944814264,0.0105079968638,0.989619377163,0.0954790750275,0.0976797703857,0.993079584775,0.122546066096,0.124227243623,1,0.14602264424,0.14602264424
C13_INNOV_CORE,5,MJ3,289,0.00298422540885,0.00490505523769,0.00480511963379,0.989619377163,0.0474667347811,0.0479980187583,0.993079584775,0.0609228945315,0.061277558126,1,0.0725941063443,0.0725941063443
C13_INNOV_CORE,5,MJ1,289,0.00266056202436,0.00433169390131,0.00330663870921,0.968858131488,0.02900412902,0.0300428056382,0.989619377163,0.0372263965787,0.0380136389831,0.993079584775,0.0443579874665,0.0450212174977
C13_INNOV_CORE,6,ATU1,288,0.0245562529391,0.0484543846708,0.0226122514632,0.975694444444,0.181387551603,0.184901538318,0.986111111111,0.232808402065,0.236222094191,0.989583333333,0.277408321244,0.281112384248
C13_INNOV_CORE,6,ATU5,288,0.0147550984642,0.0326519137328,0.015106420719,0.975694444444,0.12472704746,0.131386530511,0.979166666667,0.160085432306,0.166681146226,0.993055555556,0.190753558024,0.196832843798
C13_INNOV_CORE,6,MJ3,288,0.00510274035442,0.00801305592706,0.00626287559286,0.982638888889,0.0572532606938,0.0589892985116,0.986111111111,0.0734837645547,0.0755819051253,0.989583333333,0.0875613061343,0.0900374095185
C13_INNOV_CORE,6,MJ1,288,0.0044873240186,0.00704182653133,0.00460850231219,0.934027777778,0.0340954703895,0.0387933422816,0.961805555556,0.0437610624813,0.0489257190727,0.972222222222,0.0521445221527,0.0577381668663
C13_INNOV_CORE,7,ATU1,287,0.0386402837183,0.0748903594055,0.0326346814475,0.951219512195,0.235573866318,0.246492840879,0.982578397213,0.302355784072,0.311249377644,0.98606271777,0.36027913827,0.372064312757
C13_INNOV_CORE,7,ATU5,287,0.0233719579575,0.0506331378362,0.0213012237078,0.954703832753,0.157516616771,0.172067605491,0.975609756098,0.2021703889,0.220458195183,0.979094076655,0.240900876827,0.262584392188
C13_INNOV_CORE,7,MJ3,287,0.00798552549195,0.0122321901606,0.00829709645661,0.968641114983,0.0692373578149,0.0728972613276,0.982578397213,0.088865186688,0.0939086959346,0.982578397213,0.105889401059,0.112959293064
C13_INNOV_CORE,7,MJ1,287,0.0069089162015,0.0106136074149,0.00669729620777,0.923344947735,0.0466179856025,0.0541060314224,0.951219512195,0.0598335367542,0.0683799146852,0.97212543554,0.0712960564906,0.0811303039273
C13_INNOV_CORE,8,ATU1,286,0.0586006211607,0.113209732871,0.0472414860994,0.902097902098,0.310157222608,0.34116988812,0.965034965035,0.398082485519,0.416636409912,0.982517482517,0.474344538449,0.500741762781
C13_INNOV_CORE,8,ATU5,286,0.0350269035075,0.0744459383898,0.0298360735148,0.940559440559,0.200400246765,0.227324045057,0.961538461538,0.25721093212,0.292720612893,0.975524475524,0.306485729262,0.354688944795
C13_INNOV_CORE,8,MJ3,286,0.0117071341623,0.0176802123376,0.0110870879321,0.951048951049,0.0847651501382,0.0923936624777,0.965034965035,0.108794892373,0.118903689167,0.982517482517,0.129637110111,0.144473070451
C13_INNOV_CORE,8,MJ1,286,0.0100529026214,0.0153106749701,0.00939844844817,0.884615384615,0.0614841076783,0.0738668397162,0.944055944056,0.0789139978706,0.0926399813296,0.965034965035,0.0940318282236,0.110712211716
C13_INNOV_CORE,9,ATU1,285,0.0831298151202,0.156853704816,0.0673986876818,0.898245614035,0.445936622931,0.488933010187,0.947368421053,0.57235345915,0.613722130947,0.957894736842,0.682001211524,0.737926771794
C13_INNOV_CORE,9,ATU5,285,0.0504857511518,0.106432489964,0.0421130323655,0.912280701754,0.27310302557,0.317462163249,0.954385964912,0.350523938496,0.407858467707,0.971929824561,0.417675034371,0.492384181449
C13_INNOV_CORE,9,MJ3,285,0.0163778698692,0.0246056000263,0.0146045724358,0.919298245614,0.10211906975,0.117118943858,0.954385964912,0.131068407059,0.151047644409,0.961403508772,0.156177639844,0.184837425879
C13_INNOV_CORE,9,MJ1,285,0.0141219652419,0.0214073014055,0.0128757606904,0.859649122807,0.0800942885649,0.100966839415,0.929824561404,0.102799906446,0.124043260872,0.957894736842,0.122493643779,0.147844591216
C13_INNOV_CORE,10,ATU1,284,0.115213763434,0.213347305205,0.0924300685528,0.848591549296,0.587528633458,0.66646977073,0.933098591549,0.754084837211,0.843085417219,0.943661971831,0.898547504777,1.0316196036
C13_INNOV_CORE,10,ATU5,284,0.0697867365482,0.146287072996,0.0568928023709,0.883802816901,0.347213181602,0.420996675474,0.94014084507,0.445643293986,0.541008925121,0.957746478873,0.531016737206,0.662078328376
C13_INNOV_CORE,10,MJ3,284,0.0222046672914,0.0333607354616,0.0194292435866,0.915492957746,0.128783969379,0.154797024966,0.929577464789,0.165292435218,0.20212730508,0.950704225352,0.196958084681,0.250969228148
C13_INNOV_CORE,10,MJ1,284,0.0193095714881,0.0291132959823,0.0172036506549,0.862676056338,0.102785806846,0.134193531844,0.904929577465,0.131924154857,0.167512624477,0.943661971831,0.157197326239,0.19765047545
C13_INNOV_CORE,11,ATU1,283,0.155948587356,0.285525444686,0.123410069168,0.819787985866,0.729147685767,0.880143444652,0.897526501767,0.935850923023,1.11442522247,0.925795053004,1.11513515487,1.3871154216
C13_INNOV_CORE,11,ATU5,283,0.0946393135537,0.199200936291,0.0764084384255,0.844522968198,0.445081087991,0.564325710373,0.922261484099,0.571255391942,0.727548937507,0.946996466431,0.680692783744,0.900647150597
C13_INNOV_CORE,11,MJ3,283,0.0293620495022,0.0445508223097,0.025207440394,0.872791519435,0.154599365085,0.198884245104,0.922261484099,0.198426136896,0.265428228351,0.936395759717,0.236439325381,0.339905055957
C13_INNOV_CORE,11,MJ1,283,0.0256709516282,0.0386109753532,0.0224390586105,0.855123674912,0.127113571184,0.17428934899,0.901060070671,0.163148502345,0.222505859627,0.925795053004,0.194403431094,0.270421378224
C13_INNOV_CORE,12,ATU1,282,0.204255186604,0.365399984678,0.16071670936,0.815602836879,0.899214218054,1.14711347593,0.86170212766,1.1541289541,1.47729601261,0.90780141844,1.37522947118,1.87074264434
C13_INNOV_CORE,12,ATU5,282,0.123632872564,0.259230511475,0.0990215918128,0.833333333333,0.555601343508,0.733824608317,0.900709219858,0.713106604196,0.945859977168,0.943262411348,0.849718928457,1.18413556601
C13_INNOV_CORE,12,MJ3,282,0.0380307473122,0.0592529343159,0.0335378591787,0.858156028369,0.202899294895,0.272377784681,0.914893617021,0.26041842567,0.368337615732,0.932624113475,0.31030769356,0.484450550064
C13_INNOV_CORE,12,MJ1,282,0.0333776547226,0.0501088726512,0.0287651666496,0.847517730496,0.157613383668,0.222775250956,0.900709219858,0.202294587867,0.289515125948,0.925531914894,0.241048869024,0.362966996745
C13_INNOV_CORE,13,ATU1,281,0.257900357025,0.44930749407,0.204458340436,0.804270462633,1.14005205876,1.48614010953,0.85409252669,1.46324097616,1.94205960701,0.893238434164,1.74355916356,2.49742506826
C13_INNOV_CORE,13,ATU5,281,0.155466451222,0.325818054262,0.125017416692,0.807829181495,0.675627784159,0.934344085089,0.864768683274,0.86715887298,1.2249482663,0.918149466192,1.03328352874,1.54283497674
C13_INNOV_CORE,13,MJ3,281,0.0484930004426,0.0773431186293,0.0432469113749,0.843416370107,0.255371856016,0.354439468834,0.91103202847,0.327766228752,0.483569181417,0.925266903915,0.390557550639,0.645222466016
C13_INNOV_CORE,13,MJ1,281,0.0423138273023,0.0634126274973,0.0360178169652,0.846975088968,0.19157679033,0.278045694495,0.893238434164,0.24588614839,0.36610597385,0.921708185053,0.292991417136,0.46990044593
C13_INNOV_CORE,14,ATU1,280,0.313656363405,0.538631261743,0.253488069629,0.796428571429,1.40080686236,1.88481295849,0.842857142857,1.79791614334,2.48551953595,0.878571428571,2.1423492221,3.23875087268
C13_INNOV_CORE,14,ATU5,280,0.191315836888,0.401634258906,0.155883255102,0.789285714286,0.821467308766,1.17985566163,0.860714285714,1.05434187634,1.56807073003,0.878571428571,1.2563258342,2.01817725152
C13_INNOV_CORE,14,MJ3,280,0.0616430984516,0.0995629843852,0.0545073255201,0.835714285714,0.307585647504,0.4479035138,0.892857142857,0.394781904606,0.617681541663,0.917857142857,0.470411653716,0.840897540759
C13_INNOV_CORE,14,MJ1,280,0.0521302155382,0.0781069327774,0.0440724124542,0.839285714286,0.228354807597,0.340865937701,0.889285714286,0.293090222514,0.452504622959,0.910714285714,0.349238540704,0.590457363216
C13_INNOV_CORE,15,ATU1,279,0.380091993285,0.64692398649,0.311211260216,0.781362007168,1.64925005066,2.35608839644,0.835125448029,2.11678952335,3.15603760531,0.867383512545,2.52231028988,4.20492592946
C13_INNOV_CORE,15,ATU5,279,0.228973488875,0.476965782882,0.189438008243,0.792114695341,0.995506056798,1.44125489364,0.867383512545,1.27771819114,1.91835988152,0.878136200717,1.52249513026,2.46549908449
C13_INNOV_CORE,15,MJ3,279,0.0765639463346,0.125544852509,0.0674246498703,0.835125448029,0.364199968868,0.557109755385,0.870967741935,0.467445599408,0.777604615378,0.903225806452,0.55699578647,1.07275146092
C13_INNOV_CORE,15,MJ1,279,0.0622809583818,0.0935203616259,0.0526921262212,0.84229390681,0.270429687001,0.409415199535,0.885304659498,0.347092745589,0.545608754194,0.910394265233,0.413586515848,0.719686523547
C13_INNOV_CORE,16,ATU1,278,0.457736927846,0.782490955869,0.382796688725,0.758992805755,1.95169109356,2.96351378418,0.823741007194,2.50496839943,4.04372606732,0.863309352518,2.98485394983,5.52173270784
C13_INNOV_CORE,16,ATU5,278,0.269873963286,0.55385064153,0.224897509887,0.787769784173,1.15077817135,1.71556466638,0.859712230216,1.47700779262,2.30094128782,0.881294964029,1.75996333716,2.99051733744
C13_INNOV_CORE,16,MJ3,278,0.0927513338125,0.156191082322,0.0821364785821,0.827338129496,0.422525521495,0.681740175821,0.863309352518,0.542305635759,0.964346749649,0.881294964029,0.646197021598,1.35053341758
C13_INNOV_CORE,16,MJ1,278,0.0726325962576,0.108874732342,0.0618082748153,0.845323741007,0.323970804666,0.481674514044,0.881294964029,0.415812026147,0.646814786348,0.910071942446,0.495470589135,0.851054164364
C13_INNOV_CORE,17,ATU1,277,0.563983567981,0.990022184176,0.480898174835,0.740072202166,2.28011034269,3.79179234074,0.805054151625,2.92648994224,5.2762001561,0.851985559567,3.48712784768,7.43836249411
C13_INNOV_CORE,17,ATU5,277,0.313378215319,0.629144996932,0.264231881825,0.772563176895,1.33718517151,2.03850903953,0.841155234657,1.71625858717,2.73080795921,0.880866425993,2.04504824253,3.55724688471
C13_INNOV_CORE,17,MJ3,277,0.112246134703,0.195672867678,0.101561198313,0.819494584838,0.520974433713,0.841367335356,0.859205776173,0.668663446623,1.17736813905,0.888086642599,0.796761639872,1.64237262752
C13_INNOV_CORE,17,MJ1,277,0.0827098750769,0.123381528998,0.0704372487403,0.851985559567,0.371992506674,0.550471448207,0.891696750903,0.477447213404,0.744208498408,0.906137184116,0.568913444611,0.992229490585
C13_INNOV_CORE,18,ATU1,276,0.715680830335,1.33892948551,0.615829832661,0.731884057971,2.55105949806,4.93232036741,0.789855072464,3.27424941826,7.16594485555,0.829710144928,3.90150882184,10.5369708125
C13_INNOV_CORE,18,ATU5,276,0.358476279893,0.702022881357,0.306042901922,0.739130434783,1.48036836182,2.38467754489,0.822463768116,1.90003222238,3.20180687063,0.873188405797,2.26402803526,4.21368941082
C13_INNOV_CORE,18,MJ3,276,0.14530292223,0.269570984237,0.128881335084,0.79347826087,0.595934604761,1.04894420837,0.847826086957,0.764873784575,1.46496635558,0.880434782609,0.911403328493,2.04259698191
C13_INNOV_CORE,18,MJ1,276,0.092331980365,0.139227363597,0.079643787397,0.858695652174,0.424027372948,0.632923662681,0.88768115942,0.54423324123,0.868122081122,0.894927536232,0.648493905186,1.16897686319
C13_INNOV_CORE,19,ATU1,275,0.913327988908,1.83107414796,0.790804736761,0.727272727273,3.03448665797,6.43132345673,0.778181818182,3.89472146068,9.56410053917,0.829090909091,4.6408468618,14.5109046609
C13_INNOV_CORE,19,ATU5,275,0.403834180156,0.778668490861,0.350444183241,0.712727272727,1.60675676595,2.7582807087,0.792727272727,2.06224998288,3.65693047405,0.858181818182,2.45732241905,4.79991637032
C13_INNOV_CORE,19,MJ3,275,0.194129715376,0.401906184528,0.170511452425,0.774545454545,0.667606276379,1.39968033149,0.84,0.856863379205,2.04226033747,0.850909090909,1.02101569124,2.9477966424
C13_INNOV_CORE,19,MJ1,275,0.106651851255,0.159988387232,0.0919980314817,0.861818181818,0.485310483718,0.728830281354,0.890909090909,0.622889262362,1.00663339556,0.890909090909,0.742218335166,1.364818158
C13_INNOV_CORE,20,ATU1,274,1.21516611215,2.63390691288,1.04728091124,0.722627737226,3.51488416874,8.67310155715,0.762773722628,4.51130499053,13.38983941,0.817518248175,5.37555145324,21.2507091355
C13_INNOV_CORE,20,ATU5,274,0.452438318573,0.875671539806,0.40231412297,0.693430656934,1.80751403773,3.18648863748,0.777372262774,2.31991915164,4.19249451699,0.857664233577,2.76435417095,5.36751456646
C13_INNOV_CORE,20,MJ3,274,0.26085241694,0.601497195602,0.229046119221,0.759124087591,0.764195425698,1.90644356984,0.828467153285,0.980834210229,2.89260632627,0.843065693431,1.16873604761,4.39530807106
C13_INNOV_CORE,20,MJ1,274,0.128075321435,0.187989688988,0.108263171448,0.846715328467,0.546271927362,0.845771652553,0.875912408759,0.701132428207,1.1626218437,0.883211678832,0.835450817728,1.57297693348
C13_INNOV_CORE,21,ATU1,273,1.59039799026,3.68845020504,1.36969462677,0.710622710623,3.89968431427,11.5200699221,0.74358974359,5.00519063044,18.451518791,0.805860805861,5.96405249116,30.4348585521
C13_INNOV_CORE,21,ATU5,273,0.526812592887,0.997357759643,0.457219520615,0.655677655678,1.95004135864,3.6092113542,0.761904761905,2.50285098759,4.76738686007,0.827838827839,2.982330898,5.99695869919
C13_INNOV_CORE,21,MJ3,273,0.346208980279,0.871720848235,0.305811712705,0.750915750916,0.853862529575,2.597739141,0.824175824176,1.09592069211,4.11110853566,0.835164835165,1.30587004902,6.57677449483
C13_INNOV_CORE,21,MJ1,273,0.154204860893,0.226491182935,0.129062486657,0.842490842491,0.618124699582,1.00177916673,0.860805860806,0.793354462942,1.39691548377,0.868131868132,0.945340149946,1.90119289704
C13_INNOV_CORE,22,ATU1,272,2.06256613218,5.01762173958,1.78464045304,0.705882352941,4.53371451379,15.2140952862,0.738970588235,5.81895958154,24.956931192,0.786764705882,6.93371800411,42.2842383021
C13_INNOV_CORE,22,ATU5,272,0.609822124047,1.14413288485,0.51518244068,0.636029411765,2.03304863768,4.04399056106,0.753676470588,2.60938967682,5.39061672661,0.805147058824,3.10927957625,6.83459451323
C13_INNOV_CORE,22,MJ3,272,0.453847938824,1.21940770325,0.403513385078,0.746323529412,0.926148927347,3.49706367242,0.8125,1.18869927922,5.74763616641,0.827205882353,1.41642255429,9.60083642491
C13_INNOV_CORE,22,MJ1,272,0.184286199526,0.274262211748,0.153153656172,0.819852941176,0.688360020019,1.18063153441,0.856617647059,0.883500520789,1.67023062612,0.860294117647,1.05275580313,2.32202579566
C13_INNOV_CORE,23,ATU1,271,2.68922703397,6.89076761353,2.3547018831,0.69741697417,4.80476993755,20.4750420223,0.726937269373,6.16685545156,34.8316578173,0.771217712177,7.34826150174,61.180428879
C13_INNOV_CORE,23,ATU5,271,0.693262125605,1.30063349154,0.582607834734,0.616236162362,2.15901245207,4.57124079084,0.738007380074,2.77106248231,6.17904524672,0.79704797048,3.30192460608,8.01885804456
C13_INNOV_CORE,23,MJ3,271,0.579411304433,1.60418858641,0.516041090526,0.741697416974,1.10453975521,4.49861997031,0.79704797048,1.417661428,7.4454777475,0.819188191882,1.68924778207,12.5699596069
C13_INNOV_CORE,23,MJ1,271,0.218537657236,0.331555518697,0.18092291288,0.80442804428,0.762923013919,1.39040720806,0.845018450185,0.979201087392,1.9889929673,0.848708487085,1.16679006172,2.81170333393
C13_INNOV_CORE,24,ATU1,270,3.48807037093,9.26467835722,3.09605466137,0.688888888889,5.16581582196,27.4031733456,0.718518518519,6.6302528274,48.0318399958,0.751851851852,7.9004335323,86.4591183012
C13_INNOV_CORE,24,ATU5,270,0.77203149267,1.44424836338,0.648086698007,0.6,2.29757596892,5.05701087566,0.725925925926,2.94890683082,6.83107477417,0.785185185185,3.51383921795,8.8506569803
C13_INNOV_CORE,24,MJ3,270,0.739130366721,2.08676463356,0.659371632517,0.740740740741,1.24123242949,5.79656975365,0.785185185185,1.59310457607,9.7906186688,0.811111111111,1.89830118713,16.8025918622
C13_INNOV_CORE,24,MJ1,270,0.258438545383,0.401068960217,0.213669144988,0.785185185185,0.851080879345,1.64411043611,0.822222222222,1.09235048269,2.37095919855,0.851851851852,1.3016158821,3.42061945254
C13_INNOV_CORE,25,ATU1,269,4.54137406042,12.405492803,4.08920811814,0.68029739777,5.72111133838,36.8370225934,0.717472118959,7.34296690677,66.0580830572,0.736059479554,8.74968473859,121.190337496
C13_INNOV_CORE,25,ATU5,269,0.870604432465,1.61867159165,0.725742072645,0.587360594796,2.38816243035,5.64651990952,0.710037174721,3.06517329535,7.74809131865,0.802973977695,3.6523792554,10.3466279427
C13_INNOV_CORE,25,MJ3,269,0.955125659846,2.74602269351,0.858048898987,0.739776951673,1.39893077418,7.64615461921,0.769516728625,1.79550821023,13.1608412727,0.806691449814,2.13947999282,23.0384912532
C13_INNOV_CORE,25,MJ1,269,0.302872174881,0.47696637874,0.249553500171,0.758364312268,0.935234328127,1.923187963,0.817843866171,1.20036026488,2.81832446036,0.847583643123,1.43031747572,4.14528552997
C13_INNOV_CORE,26,ATU1,268,5.65473416338,15.6237051703,5.1354315837,0.671641791045,6.10178714097,46.7767874391,0.712686567164,7.83155900984,85.1298600495,0.731343283582,9.33187813832,158.375457893
C13_INNOV_CORE,26,ATU5,268,0.976944716899,1.80182057403,0.804749097418,0.578358208955,2.445929227,6.24467158575,0.69776119403,3.13931617616,8.67612693704,0.794776119403,3.740725947,11.8424940036
C13_INNOV_CORE,26,MJ3,268,1.18498578245,3.4183681585,1.06827132221,0.727611940299,1.55730550904,9.58787161837,0.764925373134,1.99877998177,16.7044966226,0.798507462687,2.38169324802,29.6287588203
C13_INNOV_CORE,26,MJ1,268,0.351897853464,0.560969042356,0.289617567166,0.772388059701,1.02377757524,2.25013917561,0.809701492537,1.31400429222,3.35148571728,0.828358208955,1.56573268654,5.02222407944
C13_INNOV_CORE,27,ATU1,267,7.18569547617,20.1100489124,6.59222179826,0.662921348315,6.59893939729,60.7801998996,0.696629213483,8.46964702279,112.339319375,0.719101123596,10.0922069018,211.339395585
C13_INNOV_CORE,27,ATU5,267,1.08632365643,1.99922736363,0.888768909118,0.569288389513,2.51545640904,6.85936331892,0.674157303371,3.22855334822,9.56666366713,0.786516853933,3.84705859597,13.1597190627
C13_INNOV_CORE,27,MJ3,267,1.46702296091,4.23949968328,1.32988455242,0.711610486891,1.69455482674,12.0371038804,0.756554307116,2.17493757393,21.3097255365,0.782771535581,2.59159796572,38.2765864937
C13_INNOV_CORE,27,MJ1,267,0.407527999804,0.659221387255,0.336519402723,0.767790262172,1.13853960548,2.65616541836,0.790262172285,1.46129976339,4.01237125231,0.808988764045,1.74124606587,6.08299965173
C13_INNOV_CORE,28,ATU1,266,8.78526511271,24.7231834491,8.1222883339,0.654135338346,6.85292488176,75.5468979849,0.691729323308,8.79563386292,141.148785794,0.710526315789,10.4806441802,268.15557602
C13_INNOV_CORE,28,ATU5,266,1.24150939596,2.23183098587,0.982589317775,0.552631578947,2.52531614948,7.52307922228,0.661654135338,3.24120818806,10.6720829094,0.778195488722,3.86213776771,15.0386234098
C13_INNOV_CORE,28,MJ3,266,1.74036209988,5.00421183152,1.58111205585,0.703007518797,1.87133286868,14.3816394494,0.744360902256,2.40182973439,25.5739820013,0.770676691729,2.86195665029,46.2165786175
C13_INNOV_CORE,28,MJ1,266,0.463903900427,0.756436339993,0.384486916108,0.744360902256,1.23748222959,3.07392489183,0.778195488722,1.58829124661,4.69300063745,0.793233082707,1.89256575132,7.18037702457
C13_INNOV_CORE,29,ATU1,265,10.4776121215,29.5254790671,9.73504370021,0.645283018868,7.35641149752,91.0682662011,0.690566037736,9.4418519382,171.395337593,0.701886792453,11.2506605105,327.13072816
C13_INNOV_CORE,29,ATU5,265,1.36552218124,2.44844003756,1.07706963283,0.535849056604,2.5199887839,8.22803657525,0.649056603774,3.23437058837,11.822737093,0.766037735849,3.85399026515,16.9318991848
C13_INNOV_CORE,29,MJ3,265,2.08096170506,5.9894382508,1.89963569662,0.698113207547,2.04906936435,17.3747402764,0.739622641509,2.6299520569,31.1965914029,0.758490566038,3.13378116334,56.7742366786
C13_INNOV_CORE,29,MJ1,265,0.524538718142,0.855837317088,0.435277993178,0.728301886792,1.34053608987,3.51890127037,0.758490566038,1.72055944433,5.39827967422,0.781132075472,2.05017302992,8.3316265838
C13_INNOV_CORE,30,ATU1,264,12.5304200494,35.5323145347,11.7051240481,0.643939393939,7.72553722997,110.116190325,0.681818181818,9.91561968672,208.813998092,0.700757575758,11.8151896022,400.955994293
C13_INNOV_CORE,30,ATU5,264,1.4792848594,2.66118491188,1.17816521852,0.530303030303,2.55430035859,9.01110447737,0.651515151515,3.27840901772,13.0875963057,0.75,3.90646529031,19.0191519021
C13_INNOV_CORE,30,MJ3,264,2.3335548971,6.66635793532,2.12996849188,0.681818181818,2.24495332163,19.4995293155,0.731060606061,2.88136639422,34.993753547,0.75,3.43335982388,63.7378131066
C13_INNOV_CORE,30,MJ1,264,0.591868648724,0.96806581937,0.492819502254,0.712121212121,1.46353775149,4.01229449568,0.742424242424,1.87843036788,6.18208577354,0.761363636364,2.238287838,9.56016582021
