model,horizon,point,n,crps,coverage80,width80,interval_score80,coverage90,width90,interval_score90,coverage95,width95,interval_score95,mae,rmse
B_ANCHOR,1,ATU1,376,0.242109443134,0.773936170213,1.10403403283,1.97278644667,0.845744680851,1.41701234036,2.76316086448,0.882978723404,1.68847434644,3.88813401451,0.265010890428,0.521885441099
B_ANCHOR,1,ATU5,376,0.21410031798,0.816489361702,1.05884710298,1.86551965912,0.856382978723,1.35901554378,2.69285401399,0.872340425532,1.61936690085,3.87233031434,0.218684496937,0.568615924845
B_ANCHOR,1,MJ3,376,0.209071240403,0.81914893617,0.916387169278,1.53736011031,0.904255319149,1.17617019838,2.07836257063,0.917553191489,1.40149323365,2.78306065894,0.265150899902,0.472188753227
B_ANCHOR,1,MJ1,376,0.164210981264,0.811170212766,0.673325788748,1.01176010656,0.896276595745,0.864204293857,1.31614069203,0.909574468085,1.02976293057,1.6780517485,0.240820093362,0.32078579677
B_ANCHOR,2,ATU1,375,0.469201305244,0.757333333333,2.06140798954,3.83042399991,0.834666666667,2.64578851088,5.40373131339,0.864,3.15265146215,7.66972268147,0.51677054046,0.983880873196
B_ANCHOR,2,ATU5,375,0.425073688224,0.808,2.05919546093,3.71010902966,0.848,2.64294876115,5.39342788421,0.864,3.14926769164,7.85450426713,0.4344113102,1.10629554594
B_ANCHOR,2,MJ3,375,0.421986023555,0.832,1.8397918684,3.13111224942,0.901333333333,2.3613472988,4.29408020404,0.914666666667,2.81371885304,5.84998540793,0.531118588475,0.945156218725
B_ANCHOR,2,MJ1,375,0.330104385941,0.805333333333,1.34431429482,2.0529053482,0.896,1.72540871788,2.69428974345,0.904,2.05595129575,3.49256861834,0.481731886133,0.641859549539
B_ANCHOR,3,ATU1,374,0.673509490866,0.737967914439,2.90177379689,5.46256130244,0.820855614973,3.72438634757,7.73623275575,0.868983957219,4.43788005579,11.0490020857,0.746000471858,1.39288145424
B_ANCHOR,3,ATU5,374,0.628134449963,0.799465240642,2.9885115274,5.48792494692,0.842245989305,3.83571301943,8.02464560489,0.877005347594,4.57053396724,11.899396396,0.643202919616,1.6001174807
B_ANCHOR,3,MJ3,374,0.638270694852,0.842245989305,2.76372021983,4.78126889635,0.898395721925,3.54719649969,6.63542190964,0.911764705882,4.22674532953,9.18380585227,0.797934369424,1.41864818542
B_ANCHOR,3,MJ1,374,0.497498474097,0.802139037433,2.00789430339,3.12148447076,0.893048128342,2.5771044383,4.12640992589,0.901069518717,3.07080934175,5.43375314903,0.722723139953,0.963098289817
B_ANCHOR,4,ATU1,373,0.859341674414,0.73726541555,3.64410179087,6.98875665776,0.812332439678,4.67715401304,9.93064574486,0.8418230563,5.57317275257,14.1409177307,0.954701874804,1.75495478099
B_ANCHOR,4,ATU5,373,0.82270342027,0.782841823056,3.84531002119,7.17722195567,0.839142091153,4.93540198082,10.6077369206,0.871313672922,5.88089418605,15.8378436368,0.84760483902,2.04726345129
B_ANCHOR,4,MJ3,373,0.857783744597,0.847184986595,3.68579275251,6.48338085865,0.895442359249,4.73066378299,9.09807642989,0.908847184987,5.63693357616,12.777874158,1.06550723559,1.89246659985
B_ANCHOR,4,MJ1,373,0.666393555436,0.801608579088,2.6633533891,4.22141715495,0.890080428954,3.41837706706,5.61098911951,0.900804289544,4.07324750801,7.50162155443,0.963751875097,1.28440224855
B_ANCHOR,5,ATU1,372,1.03050871719,0.733870967742,4.3037953336,8.37607623073,0.793010752688,5.52386150854,11.9341106337,0.838709677419,6.58208696199,16.9846867773,1.15199865683,2.076320812
B_ANCHOR,5,ATU5,372,1.00894708112,0.782258064516,4.63616723205,8.8026864636,0.838709677419,5.95045622183,13.043417483,0.870967741935,7.09040591531,19.5910491926,1.04703320784,2.45151556301
B_ANCHOR,5,MJ3,372,1.0802735983,0.852150537634,4.60305408576,8.23316513172,0.89247311828,5.90795595868,11.6762710057,0.908602150538,7.03976372823,16.6283559539,1.33383533731,2.36647259531
B_ANCHOR,5,MJ1,372,0.836776670377,0.798387096774,3.31037703187,5.34838752577,0.889784946237,4.24882292203,7.14968094932,0.897849462366,5.06278477758,9.69227673755,1.20486486498,1.60570243617
B_ANCHOR,6,ATU1,371,1.1901066528,0.730458221024,4.90053509769,9.64310729179,0.792452830189,6.28976870393,13.7229911562,0.838274932615,7.49472167541,19.6432587992,1.33639350503,2.36551301032
B_ANCHOR,6,ATU5,371,1.18799767062,0.77628032345,5.37375578656,10.3432119501,0.832884097035,6.8971408826,15.3813792746,0.878706199461,8.21845026493,23.1485567117,1.24082683422,2.82100799124
B_ANCHOR,6,MJ3,371,1.30560754588,0.857142857143,5.51437203247,10.0312023086,0.894878706199,7.07761988033,14.3683378078,0.902964959569,8.43350425498,20.7290684576,1.60291887223,2.84055961732
B_ANCHOR,6,MJ1,371,1.00868685862,0.797843665768,3.94951758894,6.49752594267,0.88409703504,5.06915094604,8.74250490224,0.894878706199,6.04026590795,12.0008450285,1.44616167809,1.92695144472
B_ANCHOR,7,ATU1,370,1.34204799777,0.710810810811,5.45522797048,10.8264419818,0.802702702703,7.00170929859,15.414298908,0.840540540541,8.34305121781,22.2239990456,1.51574129829,2.63261335327
B_ANCHOR,7,ATU5,370,1.36143812232,0.772972972973,6.07251554762,11.8256884863,0.827027027027,7.79398932651,17.6082654693,0.878378378378,9.28711109946,26.6626258788,1.43088922317,3.16513894392
B_ANCHOR,7,MJ3,370,1.53370749038,0.859459459459,6.4190032444,11.8764088486,0.889189189189,8.23870147081,17.1721722326,0.9,9.81701830338,25.0719737732,1.87272252532,3.3146273386
B_ANCHOR,7,MJ1,370,1.18195346227,0.797297297297,4.57885407585,7.66594916015,0.867567567568,5.87689558222,10.3957743704,0.891891891892,7.00275300691,14.4208523684,1.68743364745,2.24809009918
B_ANCHOR,8,ATU1,369,1.48913043666,0.691056910569,5.97924357835,11.9458876444,0.79945799458,7.67427604998,17.0503528714,0.842818428184,9.14446393219,24.672481545,1.69050854308,2.88474831465
B_ANCHOR,8,ATU5,369,1.53051867351,0.764227642276,6.74305373964,13.2601280948,0.837398373984,8.6546157787,19.7744530596,0.878048780488,10.3126107687,30.0587666723,1.61783756545,3.49142003118
B_ANCHOR,8,MJ3,369,1.76454462561,0.864498644986,7.31626255692,13.7677717845,0.886178861789,9.39032133082,20.0830034861,0.89701897019,11.1892580045,29.6476774375,2.14347167829,3.78858604268
B_ANCHOR,8,MJ1,369,1.35640543655,0.785907859079,5.19665744664,8.85377443421,0.864498644986,6.66983762412,12.0933116657,0.891598915989,7.94760172687,16.9572185664,1.92875797266,2.56906162235
B_ANCHOR,9,ATU1,368,1.63282818321,0.682065217391,6.48415853122,13.0585155419,0.79347826087,8.3223273761,18.6249437247,0.85597826087,9.91666471559,27.0425011795,1.85618211273,3.1281012807
B_ANCHOR,9,ATU5,368,1.69649009931,0.755434782609,7.39341375716,14.6514325766,0.839673913043,9.48934382429,21.8840411056,0.891304347826,11.3072505831,33.388983048,1.8029526294,3.80527872708
B_ANCHOR,9,MJ3,368,1.99811813539,0.869565217391,8.20553438762,15.705275165,0.883152173913,10.5316893689,23.0978204055,0.89402173913,12.5492819064,34.4492607022,2.4149999467,4.26235837344
B_ANCHOR,9,MJ1,368,1.53191579865,0.777173913043,5.80255246308,10.0667007614,0.864130434783,7.4474954587,13.8275582743,0.888586956522,8.8742381905,19.5981104576,2.16997695143,2.88981367247
B_ANCHOR,10,ATU1,367,1.77467236769,0.675749318801,6.98164492828,14.1867266555,0.798365122616,8.96084425405,20.2169613214,0.847411444142,10.6775045033,29.4453563488,2.019406819,3.36794896036
B_ANCHOR,10,ATU5,367,1.8605769193,0.754768392371,8.02936542496,16.0123392334,0.8310626703,10.3055789532,23.9806146235,0.885558583106,12.2798547282,36.691176968,1.98972419101,4.11056259353
B_ANCHOR,10,MJ3,367,2.2343950903,0.866485013624,9.08580334571,17.6855038678,0.880108991826,11.6615023451,26.2130819562,0.893732970027,13.8955371028,39.4765911027,2.68732156015,4.73588077418
B_ANCHOR,10,MJ1,367,1.7083932979,0.773841961853,6.39731136242,11.3061032356,0.866485013624,8.2108602417,15.5941367424,0.885558583106,9.78384343271,22.3390269743,2.41101441246,3.2102979567
B_ANCHOR,11,ATU1,366,1.91611113046,0.672131147541,7.47865391521,15.314439596,0.784153005464,9.59874838272,21.8848061391,0.852459016393,11.4376141552,31.8445880167,2.18556373151,3.60766904985
B_ANCHOR,11,ATU5,366,2.02359343159,0.765027322404,8.65375438932,17.3706354082,0.825136612022,11.106973513,26.057181665,0.887978142077,13.2347752444,39.95761681,2.17657889041,4.40973947395
B_ANCHOR,11,MJ3,366,2.47320733085,0.863387978142,9.95435557835,19.704722062,0.877049180328,12.776277067,29.4228763929,0.890710382514,15.223873114,44.7138298032,2.96037346817,5.20909216254
B_ANCHOR,11,MJ1,366,1.88586250861,0.767759562842,6.98088990124,12.5728165,0.868852459016,8.95987518733,17.4050366024,0.885245901639,10.6763497891,25.1855058223,2.65175575857,3.53046553706
B_ANCHOR,12,ATU1,365,2.05817548233,0.660273972603,7.9752814764,16.453481168,0.778082191781,10.2361629568,23.5336436437,0.852054794521,12.1971404667,34.3155916958,2.35160003237,3.84741701797
B_ANCHOR,12,ATU5,365,2.18574594642,0.769863013699,9.26761110955,18.728740395,0.827397260274,11.8948500837,28.1035701716,0.893150684932,14.1735880832,43.2285704621,2.36392733551,4.70392460715
B_ANCHOR,12,MJ3,365,2.71454368267,0.860273972603,10.8112742263,21.7625085677,0.876712328767,13.8761202445,32.7268222875,0.887671232877,16.5344170927,50.1520358074,3.23424272336,5.68192082017
B_ANCHOR,12,MJ1,365,2.06448855818,0.764383561644,7.55404971687,13.8675523747,0.860273972603,9.69551784652,19.2773915009,0.882191780822,11.5529220833,28.1321194425,2.89206602088,3.85026320559
B_ANCHOR,13,ATU1,364,2.20076835388,0.659340659341,8.46811373518,17.5850066354,0.78021978022,10.8687063129,25.1682547645,0.848901098901,12.9508623642,36.8266771295,2.51534516382,4.08537588457
B_ANCHOR,13,ATU5,364,2.34679387815,0.760989010989,9.87078515446,20.0816398934,0.840659340659,12.6690155891,30.1488998074,0.892857142857,15.09606318,46.4868774691,2.54905356501,4.99324805961
B_ANCHOR,13,MJ3,364,2.95850922542,0.857142857143,11.6586220156,23.8604466892,0.873626373626,14.9636793581,36.1247712287,0.884615384615,17.8303237063,55.7871644967,3.50874687115,6.15427855024
B_ANCHOR,13,MJ1,364,2.24456304044,0.760989010989,8.12003925523,15.1955436333,0.851648351648,10.4219575545,21.2238011093,0.879120879121,12.4185283848,31.1801461577,3.13198994526,4.16962969913
B_ANCHOR,14,ATU1,363,2.34288669803,0.64738292011,8.95351428299,18.7346220927,0.768595041322,11.4917111713,26.8005683283,0.851239669421,13.6932184405,39.3067211696,2.67827320668,4.31980292763
B_ANCHOR,14,ATU5,363,2.50653771738,0.757575757576,10.4636100538,21.421821318,0.834710743802,13.4298981101,32.1706622815,0.887052341598,16.0027106245,49.7176712416,2.73325725665,5.27743404756
B_ANCHOR,14,MJ3,363,3.20544970729,0.853994490358,12.5024264058,26.003814492,0.870523415978,16.0466905681,39.6206548028,0.878787878788,19.1208111586,61.6349126144,3.783794626,6.62607456143
B_ANCHOR,14,MJ1,363,2.42600381897,0.754820936639,8.68127727798,16.5599119266,0.837465564738,11.1422987581,23.2409325703,0.876033057851,13.2768678702,34.3481745439,3.37139923736,4.4885385717
B_ANCHOR,15,ATU1,362,2.48369364486,0.654696132597,9.42884844305,19.8718383459,0.754143646409,12.1017959609,28.4113906548,0.85635359116,14.4201793052,41.7726847166,2.83947036637,4.54964206286
B_ANCHOR,15,ATU5,362,2.66500959299,0.745856353591,11.0462272721,22.7363281049,0.828729281768,14.1776792141,34.1576629342,0.889502762431,16.8937467679,52.8657272734,2.91742591548,5.55629357428
B_ANCHOR,15,MJ3,362,3.45534869129,0.850828729282,13.343228965,28.1924351199,0.867403314917,17.1258489697,43.2123730172,0.875690607735,20.4067077065,67.6816162353,4.05934842411,7.09720581444
B_ANCHOR,15,MJ1,362,2.6088294943,0.75138121547,9.23866484603,17.9570767234,0.828729281768,11.8576979567,25.3290560763,0.872928176796,14.1293185934,37.6297746287,3.61050866966,4.80693743624
B_ANCHOR,16,ATU1,361,2.6224763044,0.637119113573,9.89267387992,20.9684041848,0.753462603878,12.6971094641,29.9761600305,0.85595567867,15.1295390968,44.1849046921,3.00098085154,4.77359495037
B_ANCHOR,16,ATU5,361,2.82194164951,0.736842105263,11.6191071311,24.0328355225,0.825484764543,14.9129625528,36.1094117209,0.8891966759,17.7698909054,55.9655560109,3.10032446523,5.82960406096
B_ANCHOR,16,MJ3,361,3.70827552081,0.847645429363,14.182432271,30.4270016562,0.864265927978,18.202954752,46.8989542315,0.875346260388,21.6901584077,73.9218335278,4.33544273698,7.56756954467
B_ANCHOR,16,MJ1,361,2.79326474029,0.747922437673,9.79722693507,19.3849585674,0.825484764543,12.5746046367,27.49221512,0.869806094183,14.9835655914,41.0258012351,3.84918645602,5.12477550302
B_ANCHOR,17,ATU1,360,2.75939385743,0.633333333333,10.3460451018,22.0337014285,0.75,13.2790051277,31.4728267509,0.858333333333,15.8229105462,46.482979119,3.16354668927,4.99148019944
B_ANCHOR,17,ATU5,360,2.97723595992,0.727777777778,12.1832483047,25.2995739544,0.827777777778,15.6370299104,38.0322689556,0.888888888889,18.632670377,59.0224714531,3.28350911906,6.09724418151
B_ANCHOR,17,MJ3,360,3.96430957225,0.847222222222,15.0214137846,32.7090313772,0.861111111111,19.2797758669,50.6796756366,0.872222222222,22.9732699068,80.354733227,4.61179029081,8.03706400055
B_ANCHOR,17,MJ1,360,2.97946233731,0.744444444444,10.3616482445,20.8402992221,0.816666666667,13.2990315446,29.7245302803,0.863888888889,15.8467734938,44.5537867923,4.08759071525,5.44201856259
B_ANCHOR,18,ATU1,359,2.89513171486,0.615598885794,10.7898223043,23.0661333824,0.760445682451,13.8485870008,32.9456480681,0.841225626741,16.5016092092,48.7192059909,3.32495309714,5.2031195697
B_ANCHOR,18,ATU5,359,3.1312213246,0.729805013928,12.7396472955,26.5640150961,0.83008356546,16.3511602837,39.9310764947,0.888579387187,19.4836092017,62.0683185026,3.46756155951,6.35915872882
B_ANCHOR,18,MJ3,359,4.22350384987,0.841225626741,15.861130428,35.0387559614,0.857938718663,20.3575405106,54.5533315214,0.869080779944,24.2575056898,86.9709193683,4.88853687194,8.50557839409
B_ANCHOR,18,MJ1,359,3.16744138396,0.740947075209,10.9349171568,22.3209506079,0.816155988858,14.0348142277,32.0104687927,0.863509749304,16.7235126369,48.2253796755,4.32550653123,5.75860848512
B_ANCHOR,19,ATU1,358,3.03114844714,0.608938547486,11.2235036526,24.0722219603,0.754189944134,14.4052109852,34.400448919,0.840782122905,17.1648675955,50.9027468726,3.48837199898,5.40836586521
B_ANCHOR,19,ATU5,358,3.28444252997,0.731843575419,13.2890714525,27.8216450399,0.832402234637,17.0563385549,41.8133122618,0.888268156425,20.3238809386,65.0796245129,3.65420624605,6.615434716
B_ANCHOR,19,MJ3,358,4.48590401191,0.837988826816,16.7024618993,37.415644488,0.851955307263,21.4373777636,58.5223632304,0.86312849162,25.544211139,93.7765339027,5.16548087267,8.97299657867
B_ANCHOR,19,MJ1,358,3.35708017803,0.740223463687,11.5173368819,23.8246263436,0.812849162011,14.7823418521,34.3427811226,0.857541899441,17.6142467406,52.038110829,4.56259666305,6.07447957157
B_ANCHOR,20,ATU1,357,3.16806700325,0.591036414566,11.6492561657,25.0670656559,0.745098039216,14.9516584198,35.844647266,0.84593837535,17.8159998749,53.190099377,3.65628878798,5.60856787439
B_ANCHOR,20,ATU5,357,3.43717810538,0.725490196078,13.8326834724,29.0757010833,0.840336134454,17.7540570288,43.7071883426,0.887955182073,21.1552637789,68.085807983,3.84230425116,6.86647801964
B_ANCHOR,20,MJ3,357,4.75153975299,0.834733893557,17.5460991134,39.8392869547,0.848739495798,22.5201744053,62.5903991992,0.859943977591,26.8344429174,100.780247981,5.44244090889,9.4392003854
B_ANCHOR,20,MJ1,357,3.54826721327,0.739495798319,12.1088640941,25.3523953619,0.809523809524,15.5415588096,36.7255919792,0.854341736695,18.5189095439,55.9822611213,4.79899276445,6.38953221141
B_ANCHOR,21,ATU1,356,3.30484385964,0.584269662921,12.0627276515,26.0456829381,0.741573033708,15.4823433265,37.2631628189,0.845505617978,18.4483499438,55.493774612,3.83222542181,5.80385316215
B_ANCHOR,21,ATU5,356,3.58900450153,0.719101123596,14.3704940354,30.3234326729,0.837078651685,18.4443294135,45.5911794749,0.890449438202,21.9777740566,71.0869225322,4.02998610117,7.11263717965
B_ANCHOR,21,MJ3,356,5.02075271346,0.831460674157,18.396348367,42.3132560471,0.848314606742,23.6114575079,66.7565296496,0.856741573034,28.1347869378,107.968992911,5.7197219615,9.90407825241
B_ANCHOR,21,MJ1,356,3.74112945044,0.73595505618,12.7127889511,26.9049094107,0.806179775281,16.3166879719,39.1655967864,0.851123595506,19.4425329086,60.0792252428,5.03436191235,6.70362994542
B_ANCHOR,22,ATU1,355,3.43989626664,0.577464788732,12.4635901233,26.9899661447,0.743661971831,15.9968447391,38.6998067686,0.845070422535,19.0614161899,57.736959183,4.00830916902,5.9943376004
B_ANCHOR,22,ATU5,355,3.73947632678,0.72676056338,14.9032185798,31.5555710911,0.830985915493,19.1280739639,47.472116767,0.898591549296,22.7925059401,74.1521468747,4.21703698942,7.35439238748
B_ANCHOR,22,MJ3,355,5.29341754294,0.828169014085,19.2520735831,44.8358174033,0.845070422535,24.7097689323,71.0146268691,0.853521126761,29.44350572,115.337283131,5.99701524615,10.3675340832
B_ANCHOR,22,MJ1,355,3.93572743396,0.732394366197,13.330134685,28.4829368477,0.805633802817,17.1090426432,41.6798699817,0.847887323944,20.3866817334,64.3106423588,5.26874139796,7.01666698901
B_ANCHOR,23,ATU1,354,3.57235428441,0.579096045198,12.854507414,27.9085753646,0.75988700565,16.4985816499,40.0750381766,0.838983050847,19.6592725942,59.9444225963,4.18039256399,6.18084826995
B_ANCHOR,23,ATU5,354,3.888344897,0.731638418079,15.4320062539,32.7674640586,0.830508474576,19.806765596,49.370260716,0.898305084746,23.6012169,77.3089948067,4.40283247377,7.59222134009
B_ANCHOR,23,MJ3,354,5.5693176917,0.824858757062,20.1111375893,47.404030736,0.841807909605,25.8123656475,75.3596305331,0.850282485876,30.7573307411,122.877477138,6.27434847076,10.8294871281
B_ANCHOR,23,MJ1,354,4.13193974035,0.734463276836,13.9587913374,30.0843454326,0.822033898305,17.9159147213,44.3254213019,0.841807909605,21.3481291152,68.6788866794,5.50215099452,7.32855082041
B_ANCHOR,24,ATU1,353,3.70225873028,0.586402266289,13.2378172096,28.8265893775,0.753541076487,16.9905544463,41.4598569898,0.841359773371,20.2454943385,62.1235908728,4.34906925917,6.36443322173
B_ANCHOR,24,ATU5,353,4.03573812994,0.71954674221,15.9578193604,33.9728698918,0.827195467422,20.4816394119,51.2855917349,0.895184135977,24.4053786512,80.471769955,4.59026322318,7.82655199186
B_ANCHOR,24,MJ3,353,5.84815112456,0.821529745042,20.9704084083,50.0137636548,0.838526912181,26.9152278039,79.785549588,0.847025495751,32.071472055,130.594183452,6.55182269643,11.2898777369
B_ANCHOR,24,MJ1,353,4.32931797285,0.733711048159,14.5916943146,31.6983615929,0.815864022663,18.7282368981,47.0684727911,0.838526912181,22.3160706903,73.1658634702,5.7345741057,7.63924005676
B_ANCHOR,25,ATU1,352,3.82967727752,0.585227272727,13.6116139751,29.769048849,0.75,17.4703174009,42.8409362679,0.852272727273,20.8171671589,64.3425958046,4.5136516534,6.5445170899
B_ANCHOR,25,ATU5,352,4.18169502526,0.724431818182,16.4802632548,35.2010004,0.821022727273,21.1521888909,53.1928570868,0.897727272727,25.2043876373,83.6487481732,4.77622449002,8.05752030757
B_ANCHOR,25,MJ3,352,6.12971801426,0.818181818182,21.8278613183,52.6620190569,0.832386363636,28.0157566994,84.3005770345,0.84375,33.382833117,138.490103255,6.82933576006,11.7486563578
B_ANCHOR,25,MJ1,352,4.52730402461,0.732954545455,15.220523694,33.3197947566,0.8125,19.535330669,49.8663700539,0.835227272727,23.2777822354,77.7896715493,5.96595882981,7.94869516672
B_ANCHOR,26,ATU1,351,3.95465958466,0.584045584046,13.9736962395,30.7249191355,0.74358974359,17.935044956,44.1708360629,0.849002849003,21.3709241958,66.5418511071,4.67599476893,6.72025933193
B_ANCHOR,26,ATU5,351,4.32614841896,0.723646723647,16.9986837868,36.4146886117,0.834757834758,21.8175744401,55.1172734489,0.897435897436,25.9972434215,86.8423903923,4.96053989615,8.28520548437
B_ANCHOR,26,MJ3,351,6.41388468264,0.811965811966,22.6821217404,55.3511161476,0.82905982906,29.112188081,88.8902571202,0.840455840456,34.6893116901,146.533198151,7.10661468479,12.205781942
B_ANCHOR,26,MJ1,351,4.72568338163,0.735042735043,15.8421741491,34.9559413254,0.809116809117,20.3332103901,52.7068186951,0.82905982906,24.228514563,82.5238951772,6.19653781279,8.25688117124
B_ANCHOR,27,ATU1,350,4.07757445019,0.582857142857,14.3253957218,31.6554951982,0.737142857143,18.3864463546,45.5300519465,0.842857142857,21.908802138,68.7308611495,4.83369466079,6.89205568423
B_ANCHOR,27,ATU5,350,4.46932097658,0.731428571429,17.5129573545,37.6180108967,0.834285714286,22.4776374184,57.0484273805,0.9,26.7837569713,90.0770434863,5.14099778066,8.5098374225
B_ANCHOR,27,MJ3,350,6.70055773014,0.808571428571,23.5321455955,58.0751300225,0.825714285714,30.2031818877,93.5512162894,0.837142857143,35.9893109931,154.715540811,7.38401426034,12.6612207592
B_ANCHOR,27,MJ1,350,4.92435197152,0.74,16.455708741,36.6150099107,0.805714285714,21.1206735135,55.5968890978,0.825714285714,25.166834749,87.3502860391,6.42581144959,8.56376931549
B_ANCHOR,28,ATU1,349,4.20149405095,0.578796561605,14.6880215687,32.5641824507,0.733524355301,18.8518715903,46.9383535129,0.85100286533,22.4633905126,70.844278864,4.99694581177,7.06534362135
B_ANCHOR,28,ATU5,349,4.61259940852,0.733524355301,18.0272694112,38.8303179662,0.830945558739,23.1377497966,59.0087681772,0.896848137536,27.5703293847,93.3576613024,5.32132694387,8.73273544453
B_ANCHOR,28,MJ3,349,6.98928092243,0.805157593123,24.3724358683,60.8270894117,0.822349570201,31.281682777,98.2743389831,0.833810888252,37.2744240667,163.022589591,7.66128005668,13.1149442848
B_ANCHOR,28,MJ1,349,5.12319471512,0.739255014327,17.0599199116,38.3002921871,0.80229226361,21.8961701554,58.5268785639,0.822349570201,26.0908959927,92.2985325904,6.65377737245,8.86936557871
B_ANCHOR,29,ATU1,348,4.32802911446,0.586206896552,15.0641889815,33.4880831626,0.727011494253,19.3346772377,48.309249991,0.853448275862,23.038688925,72.9791349189,5.16480336186,7.24129206759
B_ANCHOR,29,ATU5,348,4.7565731837,0.73275862069,18.5434376298,40.0385014216,0.824712643678,23.800244533,61.0102866483,0.89367816092,28.3597405529,96.6689241621,5.49964111979,8.95450426196
B_ANCHOR,29,MJ3,348,7.28005954424,0.801724137931,25.2032267573,63.6063296886,0.816091954023,32.3479913389,103.059463836,0.827586206897,38.5450090863,171.480783469,7.93822703013,13.5669282825
B_ANCHOR,29,MJ1,348,5.32216568938,0.747126436782,17.6556128794,40.0160431033,0.798850574713,22.6607338023,61.4907544955,0.818965517241,27.0019297693,97.3217132169,6.88063414905,9.17367974893
B_ANCHOR,30,ATU1,347,4.45801387251,0.590778097983,15.452326107,34.4214192419,0.720461095101,19.832845845,49.6864342223,0.847262247839,23.6322934334,75.1440060243,5.33662388716,7.42004945046
B_ANCHOR,30,ATU5,347,4.90160042516,0.740634005764,19.0619360929,41.2505545821,0.841498559078,24.4657301057,63.0425505758,0.890489913545,29.1527155225,100.027243954,5.6842389957,9.17556187161
B_ANCHOR,30,MJ3,347,7.57317674058,0.798270893372,26.0278759473,66.4151757148,0.812680115274,33.4064171156,107.92308039,0.824207492795,39.806201188,180.07825006,8.21518458524,14.0171518023
B_ANCHOR,30,MJ1,347,5.52142886724,0.763688760807,18.2468120146,41.7844817398,0.795389048991,23.4195296775,64.4923934176,0.812680115274,27.9060908221,102.444611096,7.106429535,9.4767221235
B_RAW,1,ATU1,376,,,,,,,,,,,35.9775672332,40.3284428141
B_RAW,1,ATU5,376,,,,,,,,,,,43.5549908491,48.5180203576
B_RAW,1,MJ3,376,,,,,,,,,,,20.5258863412,36.3771550925
B_RAW,1,MJ1,376,,,,,,,,,,,33.0021029845,40.2498692236
B_RAW,2,ATU1,375,,,,,,,,,,,36.0731549443,40.3821776945
B_RAW,2,ATU5,375,,,,,,,,,,,43.6709657843,48.5826678679
B_RAW,2,MJ3,375,,,,,,,,,,,20.5802730581,36.4256250469
B_RAW,2,MJ1,375,,,,,,,,,,,33.0899013783,40.3034997861
B_RAW,3,ATU1,374,,,,,,,,,,,36.1689382732,40.4361264543
B_RAW,3,ATU5,374,,,,,,,,,,,43.7873989834,48.6475741717
B_RAW,3,MJ3,374,,,,,,,,,,,20.634893114,36.4742890473
B_RAW,3,MJ1,374,,,,,,,,,,,33.1779075444,40.3573444798
B_RAW,4,ATU1,373,,,,,,,,,,,36.2649099427,40.4902895269
B_RAW,4,ATU5,373,,,,,,,,,,,43.9042834168,48.7127407601
B_RAW,4,MJ3,373,,,,,,,,,,,20.6897708295,36.5231484645
B_RAW,4,MJ1,373,,,,,,,,,,,33.2661192627,40.411404079
B_RAW,5,ATU1,372,,,,,,,,,,,36.3610681707,40.5446673423
B_RAW,5,ATU5,372,,,,,,,,,,,44.0216145142,48.77816911
B_RAW,5,MJ3,372,,,,,,,,,,,20.7449299588,36.572204702
B_RAW,5,MJ1,372,,,,,,,,,,,33.3545343788,40.4656793401
B_RAW,6,ATU1,371,,,,,,,,,,,36.4574025943,40.5992601782
B_RAW,6,ATU5,371,,,,,,,,,,,44.139384352,48.8438606569
B_RAW,6,MJ3,371,,,,,,,,,,,20.8003929624,36.6214591783
B_RAW,6,MJ1,371,,,,,,,,,,,33.4431493661,40.5201709849
B_RAW,7,ATU1,370,,,,,,,,,,,36.5535569343,40.6540612646
B_RAW,7,ATU5,370,,,,,,,,,,,44.2574307044,48.9098154328
B_RAW,7,MJ3,370,,,,,,,,,,,20.8561611655,36.6709132262
B_RAW,7,MJ1,370,,,,,,,,,,,33.5319190167,40.5748790995
B_RAW,8,ATU1,369,,,,,,,,,,,36.6494652944,40.7090657478
B_RAW,8,ATU5,369,,,,,,,,,,,44.3756905602,48.9760334359
B_RAW,8,MJ3,369,,,,,,,,,,,20.9122368978,36.7205681959
B_RAW,8,MJ1,369,,,,,,,,,,,33.6208013741,40.6298034281
B_RAW,9,ATU1,368,,,,,,,,,,,36.7451437955,40.7642703611
B_RAW,9,ATU5,368,,,,,,,,,,,44.4941386624,49.0425146647
B_RAW,9,MJ3,368,,,,,,,,,,,20.9686240671,36.7704254573
B_RAW,9,MJ1,368,,,,,,,,,,,33.7097590778,40.6849433951
B_RAW,10,ATU1,367,,,,,,,,,,,36.8405676444,40.8196704664
B_RAW,10,ATU5,367,,,,,,,,,,,44.6127403529,49.1092586686
B_RAW,10,MJ3,367,,,,,,,,,,,21.0253260813,36.8204863907
B_RAW,10,MJ1,367,,,,,,,,,,,33.7987551356,40.7402980236
B_RAW,11,ATU1,366,,,,,,,,,,,36.9357366272,40.8752621502
B_RAW,11,ATU5,366,,,,,,,,,,,44.7314753615,49.1762649504
B_RAW,11,MJ3,366,,,,,,,,,,,21.0823475495,36.8707523941
B_RAW,11,MJ1,366,,,,,,,,,,,33.887756432,40.7958660118
B_RAW,12,ATU1,365,,,,,,,,,,,37.0306759292,40.9310429416
B_RAW,12,ATU5,365,,,,,,,,,,,44.8503394287,49.2435332144
B_RAW,12,MJ3,365,,,,,,,,,,,21.1396947786,36.9212248854
B_RAW,12,MJ1,365,,,,,,,,,,,33.9767348231,40.8516458078
B_RAW,13,ATU1,364,,,,,,,,,,,37.1253646345,40.9870080198
B_RAW,13,ATU5,364,,,,,,,,,,,44.969314504,49.3110626794
B_RAW,13,MJ3,364,,,,,,,,,,,21.1973740149,36.9719052938
B_RAW,13,MJ1,364,,,,,,,,,,,34.0656635219,40.9076355366
B_RAW,14,ATU1,363,,,,,,,,,,,37.2197636187,41.0431509002
B_RAW,14,ATU5,363,,,,,,,,,,,45.088375937,49.3788521107
B_RAW,14,MJ3,363,,,,,,,,,,,21.2553913009,37.0227950594
B_RAW,14,MJ1,363,,,,,,,,,,,34.1545167876,40.9638329956
B_RAW,15,ATU1,362,,,,,,,,,,,37.3144393465,41.0995093432
B_RAW,15,ATU5,362,,,,,,,,,,,45.2077573119,49.4469099864
B_RAW,15,MJ3,362,,,,,,,,,,,21.313768029,37.0738956864
B_RAW,15,MJ1,362,,,,,,,,,,,34.2433028556,41.0202372819
B_RAW,16,ATU1,361,,,,,,,,,,,37.4094471538,41.1560882598
B_RAW,16,ATU5,361,,,,,,,,,,,45.3275216422,49.5152397799
B_RAW,16,MJ3,361,,,,,,,,,,,21.3725251398,37.1252086698
B_RAW,16,MJ1,361,,,,,,,,,,,34.3320307161,41.0768476613
B_RAW,17,ATU1,360,,,,,,,,,,,37.5047290886,41.2128843308
B_RAW,17,ATU5,360,,,,,,,,,,,45.4476816335,49.5838432396
B_RAW,17,MJ3,360,,,,,,,,,,,21.4316829317,37.1767354875
B_RAW,17,MJ1,360,,,,,,,,,,,34.4207095162,41.1336635433
B_RAW,18,ATU1,359,,,,,,,,,,,37.6002324466,41.2698942805
B_RAW,18,ATU5,359,,,,,,,,,,,45.5682413092,49.6527218032
B_RAW,18,MJ3,359,,,,,,,,,,,21.4912610449,37.2284775939
B_RAW,18,MJ1,359,,,,,,,,,,,34.5093485343,41.19068448
B_RAW,19,ATU1,358,,,,,,,,,,,37.695926736,41.3271162227
B_RAW,19,ATU5,358,,,,,,,,,,,45.689205139,49.7218769471
B_RAW,19,MJ3,358,,,,,,,,,,,21.5512784668,37.2804364146
B_RAW,19,MJ1,358,,,,,,,,,,,34.5979572294,41.2479101678
B_RAW,20,ATU1,357,,,,,,,,,,,37.7911139242,41.3844900205
B_RAW,20,ATU5,357,,,,,,,,,,,45.8102808543,49.7912957922
B_RAW,20,MJ3,357,,,,,,,,,,,21.6115672141,37.3326133682
B_RAW,20,MJ1,357,,,,,,,,,,,34.6864868881,41.3053362341
B_RAW,21,ATU1,356,,,,,,,,,,,37.8840185973,41.4418194624
B_RAW,21,ATU5,356,,,,,,,,,,,45.9306646335,49.8609326056
B_RAW,21,MJ3,356,,,,,,,,,,,21.6721451876,37.3850099655
B_RAW,21,MJ1,356,,,,,,,,,,,34.7748244945,41.3629525902
B_RAW,22,ATU1,355,,,,,,,,,,,37.9746437131,41.4990398128
B_RAW,22,ATU5,355,,,,,,,,,,,46.0501889471,49.9307644299
B_RAW,22,MJ3,355,,,,,,,,,,,21.7330274507,37.4376277496
B_RAW,22,MJ1,355,,,,,,,,,,,34.8629198348,41.4207525272
B_RAW,23,ATU1,354,,,,,,,,,,,38.0634715249,41.5561638455
B_RAW,23,ATU5,354,,,,,,,,,,,46.1689163834,50.0007817209
B_RAW,23,MJ3,354,,,,,,,,,,,21.7942201776,37.4904682755
B_RAW,23,MJ1,354,,,,,,,,,,,34.9507433055,41.4787303073
B_RAW,24,ATU1,353,,,,,,,,,,,38.150959027,41.6132287494
B_RAW,24,ATU5,353,,,,,,,,,,,46.2869555234,50.0709811532
B_RAW,24,MJ3,353,,,,,,,,,,,21.8557272694,37.5435331118
B_RAW,24,MJ1,353,,,,,,,,,,,35.0382729153,41.5368803982
B_RAW,25,ATU1,352,,,,,,,,,,,38.2369314408,41.6701752452
B_RAW,25,ATU5,352,,,,,,,,,,,46.404196426,50.1413408902
B_RAW,25,MJ3,352,,,,,,,,,,,21.9175545998,37.5968238488
B_RAW,25,MJ1,352,,,,,,,,,,,35.1254838245,41.595196573
B_RAW,26,ATU1,351,,,,,,,,,,,38.3214265107,41.7269796551
B_RAW,26,ATU5,351,,,,,,,,,,,46.5206081437,50.2118446345
B_RAW,26,MJ3,351,,,,,,,,,,,21.9797080887,37.6503420952
B_RAW,26,MJ1,351,,,,,,,,,,,35.2123532405,41.6536723713
B_RAW,27,ATU1,350,,,,,,,,,,,38.4047276444,41.7836747214
B_RAW,27,ATU5,350,,,,,,,,,,,46.6362706746,50.2824886511
B_RAW,27,MJ3,350,,,,,,,,,,,22.0421931814,37.7040894765
B_RAW,27,MJ1,350,,,,,,,,,,,35.2988623858,41.7123013808
B_RAW,28,ATU1,349,,,,,,,,,,,38.4903166653,41.8410001604
B_RAW,28,ATU5,349,,,,,,,,,,,46.7526256808,50.3534410932
B_RAW,28,MJ3,349,,,,,,,,,,,22.1049957662,37.7580675733
B_RAW,28,MJ1,349,,,,,,,,,,,35.385046397,41.7710835929
B_RAW,29,ATU1,348,,,,,,,,,,,38.5783789943,41.8989632273
B_RAW,29,ATU5,348,,,,,,,,,,,46.8700072719,50.4247429519
B_RAW,29,MJ3,348,,,,,,,,,,,22.1681016926,37.8122779642
B_RAW,29,MJ1,348,,,,,,,,,,,35.4709431991,41.830020106
B_RAW,30,ATU1,347,,,,,,,,,,,38.6683786661,41.9574384747
B_RAW,30,ATU5,347,,,,,,,,,,,46.9884225384,50.4963955359
B_RAW,30,MJ3,347,,,,,,,,,,,22.2314979905,37.8667222226
B_RAW,30,MJ1,347,,,,,,,,,,,35.5565895353,41.8891126045
B_TREND14,1,ATU1,376,0.230712510398,0.795212765957,1.04254668718,1.87054613507,0.867021276596,1.3380941866,2.63185289238,0.898936170213,1.59443756616,3.72531368518,0.250818922123,0.495050484672
B_TREND14,1,ATU5,376,0.206820125916,0.76329787234,0.948511926398,1.70796054748,0.848404255319,1.21740187776,2.37804141128,0.880319148936,1.45062380994,3.33578038702,0.207498231685,0.529540161015
B_TREND14,1,MJ3,376,0.0583421903281,0.877659574468,0.313121238412,0.469433270452,0.917553191489,0.401886758617,0.650854164071,0.938829787234,0.47887760944,0.88997084716,0.0695215655308,0.130580771668
B_TREND14,1,MJ1,376,0.0466819073905,0.896276595745,0.309292846201,0.384887637262,0.93085106383,0.39697307041,0.509411931852,0.952127659574,0.473022588812,0.649883593169,0.0495724488832,0.071594715796
B_TREND14,2,ATU1,375,0.453718738595,0.789333333333,1.9869992155,3.70201709888,0.84,2.55028588332,5.23587397458,0.877333333333,3.03885306248,7.49122917392,0.493432352234,0.955635324467
B_TREND14,2,ATU5,375,0.420527217014,0.733333333333,1.89173194516,3.5155803165,0.826666666667,2.42801166561,4.97166432534,0.877333333333,2.89315434557,7.11533168486,0.418261606035,1.06001886766
B_TREND14,2,MJ3,375,0.124436937758,0.874666666667,0.660477488922,1.00625214962,0.914666666667,0.847713679559,1.40901126355,0.936,1.01011315166,1.95830917282,0.147689888708,0.275450054175
B_TREND14,2,MJ1,375,0.098897582767,0.901333333333,0.655096005283,0.818536367651,0.930666666667,0.840806620086,1.08907480581,0.949333333333,1.00188288266,1.40350442193,0.10426041936,0.150269815781
B_TREND14,3,ATU1,374,0.663672991941,0.767379679144,2.8487279073,5.412967947,0.820855614973,3.65630268536,7.66537665956,0.868983957219,4.35675336848,10.9621164993,0.725438853878,1.38199899448
B_TREND14,3,ATU5,374,0.638772404722,0.735294117647,2.80551812483,5.35532113126,0.807486631016,3.60084352996,7.63358346941,0.855614973262,4.29066970887,11.0360137009,0.63770272462,1.57079616317
B_TREND14,3,MJ3,374,0.197766592305,0.871657754011,1.03460485106,1.60321195947,0.911764705882,1.32790095029,2.26479577664,0.941176470588,1.58229157596,3.18693935615,0.234219765334,0.433888922075
B_TREND14,3,MJ1,374,0.155323416752,0.895721925134,1.02227122608,1.28898892682,0.927807486631,1.312070914,1.71780686283,0.94385026738,1.56342892429,2.23010109084,0.163399078861,0.235506645933
B_TREND14,4,ATU1,373,0.864340022589,0.756032171582,3.63404898175,7.02197650923,0.812332439678,4.66425137221,9.99928466816,0.849865951743,5.55779830776,14.2280861494,0.948868597545,1.77489557949
B_TREND14,4,ATU5,373,0.856756316721,0.723860589812,3.67642957231,7.20677907591,0.796246648794,4.71864627131,10.3132359256,0.844504021448,5.62261382776,15.0039616868,0.858775777798,2.05219180865
B_TREND14,4,MJ3,373,0.277842165418,0.860589812332,1.42901158227,2.2614025286,0.908847184987,1.83411650943,3.20936210844,0.935656836461,2.18548461883,4.55682219479,0.328918716274,0.60539831857
B_TREND14,4,MJ1,373,0.214947308502,0.890080428954,1.40150258533,1.78220169121,0.927613941019,1.7988090941,2.38686557047,0.941018766756,2.14341323856,3.11106120911,0.226990112261,0.32690001116
B_TREND14,5,ATU1,372,1.05658881912,0.728494623656,4.34916506282,8.57206067156,0.787634408602,5.58209292558,12.1712964182,0.836021505376,6.65147397508,17.3981285504,1.16323957592,2.13668815878
B_TREND14,5,ATU5,372,1.07299367644,0.715053763441,4.50192499793,9.07705788651,0.784946236559,5.77815817966,13.1122197904,0.83064516129,6.88510013508,19.2168570234,1.07718272414,2.50289884079
B_TREND14,5,MJ3,372,0.364114664199,0.862903225806,1.83698032169,2.97573664924,0.897849462366,2.35773871766,4.24399891152,0.930107526882,2.8094189634,6.07152410154,0.431657086139,0.789727088867
B_TREND14,5,MJ1,372,0.277222867284,0.881720430108,1.78913619354,2.29273799597,0.924731182796,2.29633144399,3.07958877599,0.940860215054,2.73624768371,4.04204355502,0.294534237979,0.424211571035
B_TREND14,6,ATU1,371,1.24329114206,0.706199460916,5.00558394091,10.0036034692,0.787061994609,6.42459743453,14.2046620808,0.819407008086,7.65538001711,20.3062163675,1.37769702983,2.47239569417
B_TREND14,6,ATU5,371,1.2881897456,0.711590296496,5.28913346132,10.9643461164,0.787061994609,6.78852930399,16.0388414976,0.824797843666,8.08903158665,23.7107357244,1.29444303599,2.92802327755
B_TREND14,6,MJ3,371,0.456393172382,0.859838274933,2.25483734894,3.7399790217,0.894878706199,2.89405240594,5.39285380974,0.919137466307,3.44847613919,7.75605974009,0.542178944331,0.986760743208
B_TREND14,6,MJ1,371,0.342198024803,0.88409703504,2.18492245338,2.82735077821,0.924528301887,2.80431760896,3.80923135942,0.938005390836,3.34155053357,5.02005327719,0.366052480873,0.527306962831
B_TREND14,7,ATU1,370,1.42339586462,0.697297297297,5.62636973581,11.4788056139,0.756756756757,7.22136737634,16.2167557703,0.813513513514,8.60478996115,23.0655167274,1.57905834287,2.79079653905
B_TREND14,7,ATU5,370,1.50339909421,0.710810810811,6.05191054023,12.8596609874,0.783783783784,7.76754308583,18.9671749737,0.816216216216,9.25559846004,28.2803601704,1.51354060268,3.33586788982
B_TREND14,7,MJ3,370,0.554587504914,0.856756756757,2.6799281562,4.5510609724,0.891891891892,3.43965055032,6.63249275328,0.918918918919,4.0985964268,9.70197856722,0.660712200582,1.19640316128
B_TREND14,7,MJ1,370,0.409688650989,0.889189189189,2.58409586982,3.38681630936,0.913513513514,3.31665114237,4.58699830562,0.937837837838,3.95203359242,6.04131305293,0.44137052992,0.636067143215
B_TREND14,8,ATU1,369,1.59806146624,0.685636856369,6.22446936588,12.8896535538,0.775067750678,7.98901994081,18.2678130403,0.813008130081,9.51950441012,26.1651596066,1.77882675,3.09874245816
B_TREND14,8,ATU5,369,1.71858970349,0.688346883469,6.80111735532,14.7218667458,0.775067750678,8.72913962261,21.8311458938,0.821138211382,10.4014114059,32.8377301347,1.73303007581,3.7337094586
B_TREND14,8,MJ3,369,0.658550021726,0.853658536585,3.11056461522,5.4069262597,0.891598915989,3.9923664617,7.97117957769,0.915989159892,4.7571980569,11.8320994323,0.786773293322,1.41853886234
B_TREND14,8,MJ1,369,0.479353232106,0.888888888889,2.98212478067,3.96735946237,0.915989159892,3.82751571875,5.41210870268,0.926829268293,4.56076628102,7.16859352808,0.520018670438,0.750350294177
B_TREND14,9,ATU1,368,1.77021782252,0.692934782609,6.81391390288,14.2733443162,0.788043478261,8.7455638136,20.3525412654,0.826086956522,10.4209820365,29.4281012842,1.9751881072,3.40334483458
B_TREND14,9,ATU5,368,1.93391651021,0.676630434783,7.54594078923,16.5867850186,0.766304347826,9.68511015056,24.7039732935,0.828804347826,11.5405205487,37.4618382863,1.95407873567,4.12718205006
B_TREND14,9,MJ3,368,0.76810244169,0.85597826087,3.54531513528,6.31391293881,0.89402173913,4.55036271325,9.40662714808,0.915760869565,5.42209160039,14.1595130477,0.920285461709,1.65304231563
B_TREND14,9,MJ1,368,0.550988237943,0.885869565217,3.37755835784,4.5624193239,0.915760869565,4.33504922041,6.27122774564,0.923913043478,5.16552974927,8.40890099228,0.602253478136,0.870002316396
B_TREND14,10,ATU1,367,1.94340363543,0.702997275204,7.41277532229,15.6437164487,0.787465940054,9.51419412411,22.4209212117,0.825613079019,11.3368615417,32.6672369616,2.16974916241,3.71115349242
B_TREND14,10,ATU5,367,2.14930596307,0.681198910082,8.29427059837,18.4681172609,0.760217983651,10.6455810624,27.6965530015,0.83378746594,12.6849922297,42.2668035216,2.17054529492,4.52041865869
B_TREND14,10,MJ3,367,0.883169951417,0.850136239782,3.98382565051,7.26594410134,0.899182561308,5.11318486635,10.9342432863,0.91280653951,6.09273556025,16.6773672067,1.06109634098,1.89980767247
B_TREND14,10,MJ1,367,0.624865004235,0.882833787466,3.77434108165,5.17758390628,0.91280653951,4.84431433305,7.17137822767,0.923705722071,5.77235655926,9.72448586542,0.687663480922,0.994906813805
B_TREND14,11,ATU1,366,2.11765982261,0.688524590164,8.03341286605,17.089897265,0.781420765027,10.3107737876,24.501539146,0.822404371585,12.2860447552,35.8639090433,2.35913466162,4.02772887979
B_TREND14,11,ATU5,366,2.364752371,0.68306010929,9.05069598359,20.4084401688,0.75956284153,11.6164425336,30.7324410406,0.822404371585,13.8418450258,47.0777142365,2.38588220035,4.91616797593
B_TREND14,11,MJ3,366,1.00364882485,0.846994535519,4.42497157399,8.26200699517,0.896174863388,5.67938952932,12.5528917894,0.912568306011,6.76741002922,19.3869874481,1.20901499214,2.1587058883
B_TREND14,11,MJ1,366,0.70140882817,0.885245901639,4.17563799318,5.81683088021,0.912568306011,5.35937334289,8.11499401383,0.92349726776,6.38608722361,11.1288892863,0.776166040482,1.12494091305
B_TREND14,12,ATU1,365,2.29223204887,0.687671232877,8.67976020943,18.6009822006,0.780821917808,11.1403516217,26.6550048503,0.821917808219,13.2745477141,39.0049316105,2.54650898945,4.35461556331
B_TREND14,12,ATU5,365,2.58030368922,0.690410958904,9.81651016776,22.3607188418,0.756164383562,12.5993543979,33.7643620534,0.819178082192,15.0130567509,51.8189150481,2.60024924463,5.31545884338
B_TREND14,12,MJ3,365,1.12944495141,0.843835616438,4.8679312736,9.30022351646,0.895890410959,6.24792214875,14.2623969488,0.909589041096,7.44485842941,22.2718366712,1.36471711489,2.42953355344
B_TREND14,12,MJ1,365,0.780959259177,0.882191780822,4.58254322434,6.48064774764,0.912328767123,5.88163055305,9.10456144367,0.920547945205,7.00839507264,12.6162300691,0.868148161726,1.25995621636
B_TREND14,13,ATU1,364,2.46696807973,0.697802197802,9.34649807401,20.0961076046,0.769230769231,11.9961004065,28.9027791251,0.824175824176,14.2942352841,42.3107146234,2.73044027,4.68901576522
B_TREND14,13,ATU5,364,2.79606352735,0.686813186813,10.5900425535,24.2974722922,0.758241758242,13.5921724666,36.7782597494,0.813186813187,16.1960724466,56.5160064494,2.81420944554,5.71774624293
B_TREND14,13,MJ3,364,1.26049349174,0.848901098901,5.31389705017,10.3812959371,0.895604395604,6.82031302619,16.0586453368,0.906593406593,8.12690422758,25.3212762595,1.527258417,2.71198764314
B_TREND14,13,MJ1,364,0.863621897721,0.887362637363,4.99731156695,7.171481076,0.909340659341,6.4139799575,10.144640057,0.923076923077,7.64272851291,14.1857615293,0.962887678686,1.39975750782
B_TREND14,14,ATU1,363,2.6413826049,0.710743801653,10.0273774943,21.5964601573,0.774104683196,12.8699996814,31.1456482567,0.815426997245,15.3355504972,45.5920850084,2.90746982374,5.02669522705
B_TREND14,14,ATU5,363,3.01191422324,0.691460055096,11.3693854062,26.2089596342,0.763085399449,14.5924481889,39.7602390098,0.812672176309,17.3879744847,61.3066879269,3.0308085655,6.12152500588
B_TREND14,14,MJ3,363,1.39690145195,0.845730027548,5.7674640777,11.5118933556,0.892561983471,7.40246000361,17.9415685477,0.909090909091,8.8205751359,28.5334208623,1.69635282106,3.00566379471
B_TREND14,14,MJ1,363,0.94989282285,0.884297520661,5.44026925086,7.90883062239,0.906336088154,6.98250998981,11.2547754963,0.920110192837,8.32017383035,15.8798665952,1.0601012193,1.54403651062
B_TREND14,15,ATU1,362,2.81410557444,0.720994475138,10.7086356816,23.0570113454,0.773480662983,13.7443850986,33.3382996126,0.817679558011,16.3774449845,48.9469101566,3.08587118395,5.36276139176
B_TREND14,15,ATU5,362,3.22706862933,0.690607734807,12.1505611396,28.0755946191,0.765193370166,15.5950763881,42.7227062329,0.809392265193,18.5826796719,66.0934809402,3.24800162351,6.52503419396
B_TREND14,15,MJ3,362,1.53856391584,0.845303867403,6.22672367296,12.6872803567,0.889502762431,7.99191331262,19.9034905725,0.906077348066,9.52295207528,31.9135019445,1.87162515966,3.31013990209
B_TREND14,15,MJ1,362,1.03983574061,0.886740331492,5.91414374167,8.6959927246,0.908839779006,7.59072131417,12.4393805673,0.917127071823,9.04490232364,17.6848959446,1.16102812887,1.69259541757
B_TREND14,16,ATU1,361,2.98338916719,0.709141274238,11.3832012344,24.5009461941,0.781163434903,14.6101806124,35.4790130252,0.82271468144,17.4091039705,52.2041359134,3.25636671335,5.69208992166
B_TREND14,16,ATU5,361,3.44048225697,0.695290858726,12.9308658348,29.9241126797,0.764542936288,16.5965866219,45.6629516743,0.81163434903,19.7760527212,70.8201944644,3.46064733272,6.92635111639
B_TREND14,16,MJ3,361,1.68553753708,0.84487534626,6.69011605215,13.9009858387,0.886426592798,8.58667099238,21.9460392125,0.905817174515,10.2316495622,35.4294452303,2.05345998703,3.62498195255
B_TREND14,16,MJ1,361,1.13418116932,0.891966759003,6.4244183849,9.53591761167,0.905817174515,8.24565172839,13.707990096,0.919667590028,9.82530004609,19.6186662133,1.26551734958,1.84528001787
B_TREND14,17,ATU1,360,3.1494370923,0.716666666667,12.0499884656,25.8870763375,0.791666666667,15.4659927585,37.6187172817,0.822222222222,18.4288670403,55.51513139,3.43330006071,6.01180739422
B_TREND14,17,ATU5,360,3.65176865692,0.708333333333,13.7086907361,31.7745829395,0.769444444444,17.5949140747,48.646643815,0.805555555556,20.965633253,75.6337883051,3.66989292436,7.32354431705
B_TREND14,17,MJ3,360,1.83788865487,0.844444444444,7.15657884225,15.1508988839,0.883333333333,9.18536950188,24.05721654,0.908333333333,10.9450428375,39.0746166501,2.24203426343,3.94971518806
B_TREND14,17,MJ1,360,1.23451296174,0.891666666667,6.98345708182,10.4410612387,0.905555555556,8.96317012793,15.0671466301,0.916666666667,10.6802759529,21.6958935836,1.37294622829,2.00191450134
B_TREND14,18,ATU1,359,3.31264382678,0.721448467967,12.7112201799,27.287663603,0.788300835655,16.3146744759,39.8297737295,0.827298050139,19.4401336802,58.8556744609,3.60724795633,6.32136468278
B_TREND14,18,ATU5,359,3.8604186009,0.701949860724,14.4831577897,33.6664574897,0.763231197772,18.5889317765,51.6228814213,0.799442896936,22.1500783998,80.3310717293,3.87296616017,7.71511760067
B_TREND14,18,MJ3,359,1.99554156304,0.844011142061,7.62488638176,16.4365073573,0.883008356546,9.7864357216,26.2295076285,0.905292479109,11.6612574135,42.855275954,2.43658547791,4.28384403082
B_TREND14,18,MJ1,359,1.34223242273,0.888579387187,7.60364561086,11.4231436827,0.908077994429,9.7591734873,16.5466104009,0.91643454039,11.6287724577,23.92010576,1.48307681114,2.16237772367
B_TREND14,19,ATU1,358,3.47222017685,0.731843575419,13.3661615813,28.7081678569,0.790502793296,17.155282664,42.0620763995,0.837988826816,20.4417801165,62.2973563255,3.779672745,6.61877579414
B_TREND14,19,ATU5,358,4.06492906824,0.68156424581,15.2529723166,35.5818882697,0.765363128492,19.5769780251,54.5245887824,0.801675977654,23.3274081211,84.9583000271,4.06912520754,8.09987507479
B_TREND14,19,MJ3,358,2.15816566836,0.840782122905,8.092086416,17.7501220589,0.882681564246,10.3860804737,28.460668863,0.905027932961,12.3757782063,46.7371462167,2.63697553989,4.62683954984
B_TREND14,19,MJ1,358,1.45731655082,0.888268156425,8.28525265193,12.4792379862,0.90782122905,10.6340066534,18.1319749444,0.913407821229,12.6712004707,26.3022209221,1.59607703481,2.3265563661
B_TREND14,20,ATU1,357,3.62706470914,0.739495798319,14.0262223258,30.1577990327,0.789915966387,18.0024614579,44.3192516872,0.826330532213,21.4512559126,65.8174803312,3.94301613692,6.90433577011
B_TREND14,20,ATU5,357,4.26481382808,0.683473389356,16.0191546513,37.4590250353,0.756302521008,20.5603624055,57.3906396889,0.801120448179,24.4991828838,89.4622935289,4.26105390814,8.47772268961
B_TREND14,20,MJ3,357,2.32532751508,0.840336134454,8.55480090803,19.0863652575,0.882352941176,10.9799680947,30.7391328028,0.904761904762,13.0834389543,50.7053838846,2.84297022169,4.97817012417
B_TREND14,20,MJ1,357,1.57867311546,0.890756302521,9.01857852441,13.6043133709,0.90756302521,11.5752202211,19.8142805742,0.910364145658,13.7927256108,28.8010161376,1.71184968112,2.49433990425
B_TREND14,21,ATU1,356,3.77481732845,0.733146067416,14.6802996224,31.5615223034,0.789325842697,18.8419605796,46.57036944,0.823033707865,22.4515808148,69.3905282144,4.08606904404,7.17759299556
B_TREND14,21,ATU5,356,4.4602253181,0.679775280899,16.7830127181,39.2585961448,0.758426966292,21.5407636202,60.2077220703,0.792134831461,25.6674029855,93.884777187,4.44391743715,8.84946856392
B_TREND14,21,MJ3,356,2.49702124078,0.848314606742,9.01624253971,20.4472148557,0.88202247191,11.5722220172,33.0621079034,0.904494382022,13.7891530305,54.7820959843,3.05541691534,5.33735251777
B_TREND14,21,MJ1,356,1.70627889792,0.890449438202,9.8068524775,14.7999440574,0.904494382022,12.5869588866,21.5927858758,0.910112359551,14.9982865882,31.4358272364,1.83034075147,2.66565265637
B_TREND14,22,ATU1,355,3.91742301329,0.740845070423,15.3288595925,32.9267026673,0.788732394366,19.6743782893,48.6764740776,0.825352112676,23.4434676942,72.8808630411,4.22474183932,7.44021283083
B_TREND14,22,ATU5,355,4.65266093077,0.676056338028,17.5472234736,41.0313072162,0.749295774648,22.521617506,62.947239563,0.797183098592,26.836162478,98.2234152218,4.62230420869,9.21715388526
B_TREND14,22,MJ3,355,2.67378746043,0.850704225352,9.48829558051,21.8486007857,0.881690140845,12.1780955358,35.4438785137,0.901408450704,14.5110958564,58.956499994,3.27423131798,5.7040056439
B_TREND14,22,MJ1,355,1.84119836394,0.892957746479,10.665879222,16.0798901803,0.901408450704,13.6895077769,23.4828433346,0.907042253521,16.3120546224,34.2186001479,1.95124266754,2.84063486173
B_TREND14,23,ATU1,354,4.06015238786,0.734463276836,15.9826907803,34.2715649464,0.790960451977,20.5135615337,50.781317404,0.816384180791,24.4434162055,76.3034217532,4.36767602417,7.70245620428
B_TREND14,23,ATU5,354,4.84501189195,0.672316384181,18.3144406375,42.8150213843,0.731638418079,23.5063300753,65.7126668236,0.793785310734,28.0095198755,102.430654876,4.80042079428,9.58388508629
B_TREND14,23,MJ3,354,2.85550897286,0.844632768362,9.97203286032,23.2851073178,0.878531073446,12.7989656127,37.8905304691,0.898305084746,15.2509081838,63.2259226605,3.49868429287,6.07774977349
B_TREND14,23,MJ1,354,1.98288025712,0.895480225989,11.5885543608,17.4396196182,0.901129943503,14.8737484967,25.4801915446,0.901129943503,17.7231644755,37.1351955323,2.07465663063,3.01925450067
B_TREND14,24,ATU1,353,4.20227598506,0.733711048159,16.6531570753,35.6012559832,0.781869688385,21.3740957071,52.8336988368,0.818696883853,25.4688059178,79.5787019249,4.50882652911,7.96739971154
B_TREND14,24,ATU5,353,5.03816520695,0.665722379603,19.0860182274,44.5974922798,0.728045325779,24.4966391907,68.4419615823,0.793201133144,29.1895459689,106.629844908,4.98140546393,9.95069498083
B_TREND14,24,MJ3,353,3.04176253625,0.841359773371,10.4627057538,24.7519312922,0.878186968839,13.4287374535,40.3857472951,0.898016997167,16.0013276169,67.5891449971,3.72889556177,6.45822257004
B_TREND14,24,MJ1,353,2.12872924865,0.892351274788,12.5429787249,18.8474263016,0.898016997167,16.0987389061,27.5425212733,0.900849858357,19.1828305786,40.1550767654,2.20054194677,3.20138129557
B_TREND14,25,ATU1,352,4.34417494454,0.738636363636,17.3409435015,36.9102797813,0.789772727273,22.2568600281,54.8808703465,0.823863636364,26.5206844848,82.9575219476,4.64896688009,8.23531063346
B_TREND14,25,ATU5,352,5.23308544675,0.673295454545,19.8615992963,46.3676474995,0.730113636364,25.4920867157,71.1802848071,0.789772727273,30.3756948551,110.791467628,5.16608633404,10.3180493786
B_TREND14,25,MJ3,352,3.2323187868,0.838068181818,10.9556480172,26.2444862542,0.877840909091,14.0614219991,42.9236748697,0.894886363636,16.7552177519,72.0416071361,3.96452286333,6.84508141482
B_TREND14,25,MJ1,352,2.27549945059,0.883522727273,13.488915042,20.2584764229,0.894886363636,17.3128350251,29.6130267526,0.897727272727,20.6295153341,43.1986697412,2.32831316364,3.38684676362
B_TREND14,26,ATU1,351,4.48686722156,0.754985754986,18.0369301646,38.2503400268,0.794871794872,23.1501492394,57.0453554779,0.814814814815,27.5851042321,86.3651812673,4.78749045156,8.50428147537
B_TREND14,26,ATU5,351,5.43139230387,0.669515669516,20.6393134745,48.1431293202,0.732193732194,26.4902720569,73.8438851482,0.780626780627,31.5651060505,115.031140281,5.3535172625,10.6860525804
B_TREND14,26,MJ3,351,3.42727383793,0.834757834758,11.4490681789,27.7639472886,0.877492877493,14.6947199204,45.5006148879,0.891737891738,17.5098387692,76.562729934,4.206764705,7.2380085685
B_TREND14,26,MJ1,351,2.42246855473,0.883190883191,14.4151795434,21.6621828607,0.894586894587,18.501682642,31.6791346999,0.894586894587,22.0461146437,46.2432526679,2.45881320536,3.57548212415
B_TREND14,27,ATU1,350,4.63456565262,0.757142857143,18.7402315999,39.5769482997,0.8,24.0528268591,59.1847336692,0.82,28.660710958,89.5702688644,4.93161450682,8.77433341668
B_TREND14,27,ATU5,350,5.63434255882,0.662857142857,21.4188720524,49.9417840715,0.734285714286,27.4908246596,76.575491391,0.782857142857,32.7573380118,119.283335893,5.5425451684,11.0549574668
B_TREND14,27,MJ3,350,3.62687355349,0.828571428571,11.9430162736,29.306806244,0.877142857143,15.3286954365,48.1252159866,0.888571428571,18.2652671905,81.1507456507,4.45466807916,7.63671050529
B_TREND14,27,MJ1,350,2.57017744186,0.877142857143,15.326823969,23.0653188584,0.891428571429,19.6717655948,33.7526322287,0.894285714286,23.4403544767,49.314629496,2.59139806064,3.76713279549
B_TREND14,28,ATU1,349,4.791498198,0.759312320917,19.4618613455,40.9007019692,0.80229226361,24.9790286103,61.2679695763,0.822349570201,29.7643484154,92.5854360005,5.08924785496,9.04960583341
B_TREND14,28,ATU5,349,5.8423260874,0.650429799427,22.2036483483,51.7730903866,0.736389684814,28.4980741308,79.346330964,0.776504297994,33.9575497843,123.546307033,5.73573505678,11.4255844649
B_TREND14,28,MJ3,349,3.83151909273,0.825214899713,12.4401297094,30.8754728835,0.873925501433,15.9667336239,50.7919988968,0.885386819484,19.0255365832,85.8113133207,4.70793433957,8.04090287017
B_TREND14,28,MJ1,349,2.7212465546,0.873925501433,16.2550205306,24.4953332547,0.888252148997,20.8630929842,35.8648114674,0.89111747851,24.8599086175,52.4450151226,2.72557591825,3.96168385057
B_TREND14,29,ATU1,348,4.95984815383,0.755747126437,20.2090005859,42.2860588431,0.807471264368,25.9379714438,63.2626006405,0.830459770115,30.9069992787,95.5160992702,5.26828795334,9.33332025757
B_TREND14,29,ATU5,348,6.05476685409,0.652298850575,22.9949737572,53.6270082031,0.735632183908,29.5137292974,82.1958495244,0.775862068966,35.1677775606,127.880012164,5.93749492627,11.7986498257
B_TREND14,29,MJ3,348,4.0411043115,0.813218390805,12.935996001,32.504980397,0.876436781609,16.6031711189,53.497453972,0.885057471264,19.7838986333,90.5560814301,4.96607473844,8.45031350963
B_TREND14,29,MJ1,348,2.87628663107,0.870689655172,17.204764639,25.9573799826,0.887931034483,22.0820763504,38.0236835999,0.890804597701,26.3124168871,55.6393030006,2.86267864764,4.15901775872
B_TREND14,30,ATU1,347,5.13919211043,0.743515850144,20.9811951417,43.7540967054,0.809798270893,26.9290724263,65.2372157166,0.827089337176,32.0879689401,98.1881199625,5.46005607672,9.62717280784
B_TREND14,30,ATU5,347,6.27074144905,0.654178674352,23.7931907902,55.4843421737,0.731988472622,30.5382297679,85.0286976649,0.769452449568,36.3885451666,132.277855803,6.1480830631,12.1747939851
B_TREND14,30,MJ3,347,4.25554715172,0.801152737752,13.4276882757,34.196801498,0.873198847262,17.2342513213,56.2371456358,0.881844380403,20.5358770755,95.3626848531,5.2290461508,8.86467509641
B_TREND14,30,MJ1,347,3.03620786431,0.870317002882,18.1843061688,27.4626556204,0.884726224784,23.3393042929,40.2456036392,0.887608069164,27.8104963803,58.927483089,3.00100188926,4.35899767163
C7_MOMENT_DATA,1,ATU1,376,0.000114483589428,0.789893617021,0.000542632636908,0.000811375267691,0.885638297872,0.000696461449475,0.00100479154948,0.920212765957,0.000829885003278,0.00120975005888,0.000149914988074,0.000214153669467
C7_MOMENT_DATA,1,ATU5,376,7.45550914087e-05,0.864361702128,0.000378556057541,0.000507114462032,0.928191489362,0.000485871439748,0.000665906859614,0.938829787234,0.000578951529432,0.000850495005637,0.000101377379086,0.000135898686649
C7_MOMENT_DATA,1,MJ3,376,5.92829944094e-05,0.853723404255,0.000293949663036,0.000437644158229,0.904255319149,0.000377280308018,0.000578735838029,0.925531914894,0.000449557215112,0.000755611163446,7.54320244995e-05,0.000112533714797
C7_MOMENT_DATA,1,MJ1,376,8.89199696167e-05,0.827127659574,0.000430026657355,0.000684215835736,0.885638297872,0.000551933239409,0.000903645781062,0.925531914894,0.000657669018916,0.00117984886972,0.000107941658593,0.000173357695833
C7_MOMENT_DATA,2,ATU1,375,0.000434733759378,0.778666666667,0.00210950746125,0.00309803892516,0.877333333333,0.00270752351447,0.00381019826933,0.930666666667,0.00322621325613,0.00457107930132,0.000560258295091,0.000800216211008
C7_MOMENT_DATA,2,ATU5,375,0.000288350660167,0.869333333333,0.00149654356269,0.00199855684196,0.930666666667,0.00192079286794,0.0026792007882,0.938666666667,0.00228876587025,0.00350615028335,0.00038558973844,0.000514753781649
C7_MOMENT_DATA,2,MJ3,375,0.000231192668244,0.885333333333,0.00126242588253,0.00172969305409,0.917333333333,0.00162030607854,0.00233051050729,0.930666666667,0.00193071377651,0.00311373197391,0.000284004207263,0.000420892918216
C7_MOMENT_DATA,2,MJ1,375,0.000332589317845,0.824,0.00161430151083,0.00254738249988,0.885333333333,0.00207193355808,0.00338260550652,0.928,0.00246886111061,0.00445486944317,0.000405527748245,0.000646961749725
C7_MOMENT_DATA,3,ATU1,374,0.00105370633145,0.767379679144,0.0050809746944,0.0075215589795,0.855614973262,0.00652136041907,0.0091842628959,0.92513368984,0.00777068022477,0.0108703787818,0.00137112222879,0.00192162772335
C7_MOMENT_DATA,3,ATU5,374,0.000704467702453,0.844919786096,0.00358125442759,0.00486481930111,0.927807486631,0.00459649029553,0.00643846965002,0.935828877005,0.00547705600481,0.00844384785713,0.000945303851647,0.00125426118079
C7_MOMENT_DATA,3,MJ3,374,0.000570376410679,0.858288770053,0.00315830292404,0.00430212192167,0.914438502674,0.00405363791777,0.00579274636763,0.92513368984,0.00483020749991,0.00775065118299,0.0006916436144,0.00101357578912
C7_MOMENT_DATA,3,MJ1,374,0.000804586369061,0.836898395722,0.00390668320941,0.00613918370813,0.887700534759,0.00501417361512,0.00818411517164,0.922459893048,0.00597475637761,0.0107510737151,0.000985844140996,0.00155490547464
C7_MOMENT_DATA,4,ATU1,373,0.00206541140744,0.769436997319,0.00983229984328,0.0147095929825,0.847184986595,0.012619620227,0.0180114547191,0.914209115282,0.0150372049757,0.0209323904843,0.00270522184795,0.00374228591671
C7_MOMENT_DATA,4,ATU5,373,0.00139121545082,0.839142091153,0.00689244474045,0.00951271081422,0.914209115282,0.00884635705242,0.0123756261436,0.938337801609,0.0105410845883,0.0161232831482,0.00188539406235,0.00247978207292
C7_MOMENT_DATA,4,MJ3,373,0.0011342952735,0.839142091153,0.00623135082625,0.00862327971345,0.882037533512,0.00799785219961,0.0116383198003,0.908847184987,0.00953002869559,0.015333480779,0.00136381309792,0.00198206564461
C7_MOMENT_DATA,4,MJ1,373,0.00158378120411,0.833780160858,0.00767216003621,0.0121209386009,0.87399463807,0.00984711080021,0.0160116802083,0.916890080429,0.0117335562289,0.0209269502933,0.00193886875915,0.00303550049955
C7_MOMENT_DATA,5,ATU1,372,0.00356209613033,0.758064516129,0.0167388258696,0.0252527787623,0.846774193548,0.0214840504142,0.0310488605684,0.897849462366,0.0255998250324,0.0357877122857,0.0046802324074,0.00642189378491
C7_MOMENT_DATA,5,ATU5,372,0.00242261128862,0.822580645161,0.0117590123362,0.0164312678822,0.900537634409,0.0150925289397,0.021137513158,0.938172043011,0.0179838574525,0.0269798403717,0.003318051829,0.00432138064089
C7_MOMENT_DATA,5,MJ3,372,0.00198259968404,0.825268817204,0.0107666072309,0.0151387753065,0.873655913978,0.0138187907767,0.0204735688885,0.884408602151,0.0164661048183,0.026950339189,0.00236341761585,0.00341720659786
C7_MOMENT_DATA,5,MJ1,372,0.00274884994967,0.83064516129,0.0132781567303,0.0210077997306,0.879032258065,0.0170423296606,0.0276991368083,0.903225806452,0.0203071883115,0.0358732154764,0.0033638077053,0.00522854995856
C7_MOMENT_DATA,6,ATU1,371,0.00563076343321,0.760107816712,0.0261559649332,0.0397971558661,0.851752021563,0.0335708175491,0.0488609182096,0.894878706199,0.040002096387,0.0566420425861,0.00743110089769,0.0101109942019
C7_MOMENT_DATA,6,ATU5,371,0.00387386425008,0.816711590296,0.0185371241026,0.026112508189,0.902964959569,0.0237921412085,0.0332606743905,0.924528301887,0.0283500848463,0.041575429234,0.005351665388,0.00691057525431
C7_MOMENT_DATA,6,MJ3,371,0.00317176656864,0.811320754717,0.0170352569233,0.0243215329964,0.857142857143,0.0218645155527,0.0329395690485,0.878706199461,0.026053177207,0.0434567072812,0.00375726069423,0.00540355327504
C7_MOMENT_DATA,6,MJ1,371,0.00437827578794,0.822102425876,0.0210891861323,0.0333919269244,0.873315363881,0.0270676773622,0.0438603897812,0.902964959569,0.032253126908,0.0566166662753,0.00536164297403,0.0082728626821
C7_MOMENT_DATA,7,ATU1,370,0.00834869082526,0.754054054054,0.0384045685811,0.0586918867834,0.848648648649,0.0492917301344,0.0721195175157,0.894594594595,0.0587347191361,0.0839761790008,0.0110912243567,0.0149444347603
C7_MOMENT_DATA,7,ATU5,370,0.00581855736558,0.810810810811,0.0275961898118,0.0389548912883,0.897297297297,0.0354193261686,0.0493439914464,0.924324324324,0.0422047302628,0.0610215489898,0.00808233332633,0.0103761093547
C7_MOMENT_DATA,7,MJ3,370,0.00475406553514,0.794594594595,0.0252827224894,0.0365678544854,0.851351351351,0.0324500230065,0.0496866607584,0.867567567568,0.038666587317,0.065848245966,0.00561923029495,0.00801045318269
C7_MOMENT_DATA,7,MJ1,370,0.00655227720884,0.821621621622,0.031462880104,0.0497149874473,0.87027027027,0.0403821694303,0.0654212438088,0.9,0.0481183227517,0.0838964048585,0.00804310560949,0.0123041456884
C7_MOMENT_DATA,8,ATU1,369,0.0117772239807,0.756097560976,0.0537888032409,0.0822687440216,0.848238482385,0.0690371815532,0.101111335748,0.891598915989,0.0822628756877,0.118268386386,0.015760191048,0.0210303905203
C7_MOMENT_DATA,8,ATU5,369,0.00832476422994,0.815718157182,0.0393181334013,0.0554109632168,0.89701897019,0.050464277887,0.0698703925643,0.921409214092,0.0601318959594,0.0857865807658,0.0115984228444,0.0148369771896
C7_MOMENT_DATA,8,MJ3,369,0.00677143518766,0.783197831978,0.0357526329186,0.0521656411258,0.845528455285,0.0458880075608,0.0710130265942,0.869918699187,0.0546789335341,0.0944087037573,0.00797646149712,0.0112772221505
C7_MOMENT_DATA,8,MJ1,369,0.00935256564059,0.813008130081,0.0447624364519,0.0707007193381,0.864498644986,0.0574519652026,0.0929498077115,0.910569105691,0.068458238954,0.11892087077,0.0114770930337,0.017452943266
C7_MOMENT_DATA,9,ATU1,368,0.0159635383387,0.755434782609,0.0725848507284,0.110676582952,0.850543478261,0.0931616473283,0.135784705382,0.896739130435,0.111008949679,0.159205396721,0.0215107217544,0.0284450584953
C7_MOMENT_DATA,9,ATU5,368,0.0114539448345,0.817934782609,0.0540916310722,0.0758449761005,0.89402173913,0.0694258568667,0.0954467455837,0.915760869565,0.0827260108894,0.116365655825,0.0160012301206,0.0203977826941
C7_MOMENT_DATA,9,MJ3,368,0.00925703985877,0.779891304348,0.0486781442055,0.0714188972215,0.839673913043,0.0624777216948,0.0970592033354,0.861413043478,0.0744467971809,0.129263144623,0.0108777894636,0.0152079874117
C7_MOMENT_DATA,9,MJ1,368,0.0128582772973,0.807065217391,0.0613401294342,0.0970740178334,0.866847826087,0.078729203795,0.127052385995,0.907608695652,0.0938116325012,0.162735320069,0.0157606647897,0.0238433031742
C7_MOMENT_DATA,10,ATU1,367,0.0209813873073,0.760217983651,0.0950386274513,0.144245749174,0.850136239782,0.121980757752,0.176842097262,0.899182561308,0.145349037801,0.208110930849,0.0284532011266,0.0373133794198
C7_MOMENT_DATA,10,ATU5,367,0.0152875320765,0.817438692098,0.0723064191258,0.101038079737,0.891008174387,0.0928042842352,0.126664990088,0.920980926431,0.11058312529,0.154796249907,0.0213827643487,0.0271915045916
C7_MOMENT_DATA,10,MJ3,367,0.0122657252736,0.773841961853,0.0642788417738,0.0947009847724,0.839237057221,0.0825010002488,0.128509189631,0.861035422343,0.0983060051829,0.171164803234,0.0143685151988,0.0198858548021
C7_MOMENT_DATA,10,MJ1,367,0.0171475742699,0.801089918256,0.0815353466089,0.129314459473,0.855585831063,0.104649484422,0.168917393681,0.907356948229,0.124697551872,0.21575583319,0.0210089800939,0.0315977306269
C7_MOMENT_DATA,11,ATU1,366,0.0269508424029,0.75956284153,0.121369246386,0.184023450792,0.849726775956,0.155775741286,0.225732807857,0.898907103825,0.185618244434,0.265435177492,0.0367193842758,0.0478445219892
C7_MOMENT_DATA,11,ATU5,366,0.0199371133801,0.819672131148,0.0943480846152,0.131507259742,0.882513661202,0.121094455617,0.164561283201,0.92349726776,0.144292943669,0.201894385441,0.0278763088775,0.0353902933594
C7_MOMENT_DATA,11,MJ3,366,0.015894536743,0.762295081967,0.0827589961004,0.122966999685,0.833333333333,0.106220021541,0.166625021005,0.855191256831,0.126568962276,0.223040683278,0.0185803684242,0.0255368599876
C7_MOMENT_DATA,11,MJ1,366,0.0222986621567,0.792349726776,0.105674413669,0.168088600408,0.846994535519,0.135631641576,0.21908238444,0.904371584699,0.161615069145,0.279028643339,0.0273055903123,0.0408393591215
C7_MOMENT_DATA,12,ATU1,365,0.0339416155067,0.761643835616,0.15177319087,0.230038308741,0.849315068493,0.194798781562,0.281845979249,0.904109589041,0.232117064909,0.331647413566,0.0464401318806,0.0601398799972
C7_MOMENT_DATA,12,ATU5,365,0.0254768077007,0.827397260274,0.12059301408,0.167883995224,0.887671232877,0.154779457907,0.211766540517,0.920547945205,0.184431099566,0.258575117895,0.0355847036061,0.0450993425896
C7_MOMENT_DATA,12,MJ3,365,0.0202148948367,0.739726027397,0.104302423409,0.157007921373,0.827397260274,0.133870711141,0.212286800084,0.860273972603,0.159516791113,0.286310592768,0.0235828126653,0.0322563387486
C7_MOMENT_DATA,12,MJ1,365,0.0283836327553,0.791780821918,0.134069816526,0.213896087735,0.841095890411,0.172076746583,0.278585447932,0.898630136986,0.205042090283,0.354462331508,0.0346979868386,0.0516776777542
C7_MOMENT_DATA,13,ATU1,364,0.0419976437794,0.758241758242,0.186428424434,0.282534635202,0.854395604396,0.2392782923,0.345849777489,0.903846153846,0.285117670962,0.406787589565,0.0577498594546,0.0742683087828
C7_MOMENT_DATA,13,ATU5,364,0.0319640232649,0.82967032967,0.15140435987,0.210486529303,0.89010989011,0.194325392098,0.268265255111,0.903846153846,0.231552986572,0.330791486898,0.0446170628843,0.0564067590063
C7_MOMENT_DATA,13,MJ3,364,0.0252836973747,0.733516483516,0.129071180004,0.197367084638,0.807692307692,0.165661066064,0.26657396565,0.854395604396,0.197397335426,0.360419830986,0.0294016912675,0.0400995617586
C7_MOMENT_DATA,13,MJ1,364,0.0354755492391,0.788461538462,0.167019665234,0.26775929422,0.837912087912,0.214367419554,0.348524819885,0.892857142857,0.255434535269,0.443732187292,0.043348105448,0.0642133160197
C7_MOMENT_DATA,14,ATU1,363,0.0511600193636,0.763085399449,0.225496065847,0.341999606935,0.848484848485,0.289421067199,0.41898891557,0.903581267218,0.344866472483,0.492915233891,0.0706649114139,0.090294298363
C7_MOMENT_DATA,14,ATU5,363,0.0394523398446,0.820936639118,0.187128669936,0.259891481291,0.892561983471,0.240177047671,0.33431251562,0.903581267218,0.286188604041,0.417282014418,0.0550225828111,0.0693975219797
C7_MOMENT_DATA,14,MJ3,363,0.0311534159976,0.727272727273,0.15720536918,0.244330577509,0.796143250689,0.201770906942,0.330427049396,0.856749311295,0.240424864714,0.445820684886,0.0361034150816,0.0491233553612
C7_MOMENT_DATA,14,MJ1,363,0.0436454847815,0.790633608815,0.204807674707,0.330178768992,0.831955922865,0.262867804641,0.429028868477,0.892561983471,0.313226308621,0.54953711682,0.0532480691479,0.078539985257
C7_MOMENT_DATA,15,ATU1,362,0.0614667743091,0.759668508287,0.269120898505,0.408368834054,0.845303867403,0.34541293374,0.500581581195,0.906077348066,0.411584896572,0.592412490374,0.0852560080965,0.10827630918
C7_MOMENT_DATA,15,ATU5,362,0.0479923202225,0.82320441989,0.228093294926,0.317259214895,0.895027624309,0.292754574634,0.410767531287,0.903314917127,0.348838591587,0.518049896879,0.0668168125862,0.0841518836663
C7_MOMENT_DATA,15,MJ3,362,0.0378707802925,0.720994475138,0.188823800993,0.298210179839,0.790055248619,0.242352724829,0.404014400831,0.831491712707,0.288781083275,0.545358510713,0.043732270606,0.0593843057561
C7_MOMENT_DATA,15,MJ1,362,0.0529445502288,0.78453038674,0.247703846736,0.401613870195,0.834254143646,0.317924445389,0.523108891747,0.889502762431,0.378830342443,0.670632478014,0.0644496939209,0.0947445397819
C7_MOMENT_DATA,16,ATU1,361,0.0729492487342,0.759002770083,0.31743226677,0.482236462719,0.84487534626,0.407419903612,0.591254350683,0.905817174515,0.485470758358,0.703509799279,0.101504563077,0.128266026553
C7_MOMENT_DATA,16,ATU5,361,0.0576335692252,0.83379501385,0.274604767036,0.383523436355,0.891966759003,0.352451402801,0.498794612619,0.91135734072,0.419971749748,0.635163440789,0.0800362627437,0.100744785835
C7_MOMENT_DATA,16,MJ3,361,0.0454770413935,0.714681440443,0.22402603957,0.359384497514,0.778393351801,0.2875343089,0.48802149894,0.825484764543,0.342618261303,0.660622326176,0.0523845194112,0.0709378359951
C7_MOMENT_DATA,16,MJ1,361,0.0633977507471,0.781163434903,0.295965726827,0.482559615699,0.828254847645,0.379867897877,0.631434249261,0.883656509695,0.452640518598,0.809809852126,0.0770594971606,0.112907407701
C7_MOMENT_DATA,17,ATU1,360,0.0856355318173,0.747222222222,0.370545431773,0.56372727811,0.852777777778,0.475589912875,0.691519268309,0.902777777778,0.56670033453,0.827758610929,0.119483013066,0.150308236503
C7_MOMENT_DATA,17,ATU5,360,0.0684294810857,0.827777777778,0.326949050711,0.45900766213,0.897222222222,0.419634563563,0.598996432232,0.913888888889,0.500025423402,0.770456980437,0.0947357082135,0.119246028153
C7_MOMENT_DATA,17,MJ3,360,0.0540087612901,0.708333333333,0.262895212819,0.428122825174,0.769444444444,0.33742235267,0.584343726763,0.822222222222,0.402063531961,0.791898429812,0.0620923012633,0.0838379148329
C7_MOMENT_DATA,17,MJ1,360,0.0750538057478,0.777777777778,0.349838715565,0.573689234832,0.827777777778,0.449013130346,0.753052118903,0.869444444444,0.535032144894,0.971914952092,0.0910601398992,0.133103399086
C7_MOMENT_DATA,18,ATU1,359,0.0995559430244,0.743732590529,0.42856332843,0.652668357172,0.857938718663,0.550055077064,0.801683637252,0.905292479109,0.655431050456,0.964698608816,0.139160462015,0.174441194912
C7_MOMENT_DATA,18,ATU5,359,0.0804384285574,0.83008356546,0.385397121481,0.544586939452,0.896935933148,0.494651850248,0.71180033819,0.91364902507,0.589414033861,0.926288590986,0.110953651374,0.139721067537
C7_MOMENT_DATA,18,MJ3,359,0.0634981058716,0.707520891365,0.305500196211,0.504793160978,0.763231197772,0.392105256849,0.691808168933,0.807799442897,0.467222231194,0.939210556888,0.0728506100325,0.0981372211694
C7_MOMENT_DATA,18,MJ1,359,0.0880338841544,0.779944289694,0.409554236459,0.675190287813,0.83008356546,0.525657171653,0.889222672487,0.869080779944,0.626359153042,1.15419751429,0.106546484921,0.155402888997
C7_MOMENT_DATA,19,ATU1,358,0.11473254012,0.734636871508,0.49158385938,0.749152663607,0.871508379888,0.630941052855,0.921521043855,0.90782122905,0.751812635301,1.11663225828,0.160484182634,0.200697441978
C7_MOMENT_DATA,19,ATU5,358,0.0937164074798,0.826815642458,0.450222281245,0.640008153449,0.896648044693,0.577854042046,0.837801994189,0.913407821229,0.688555560308,1.10203855012,0.128725122637,0.162232372406
C7_MOMENT_DATA,19,MJ3,358,0.0739748454642,0.703910614525,0.35189953809,0.589549841283,0.756983240223,0.451658167422,0.810723505649,0.801675977654,0.538183900965,1.10435106837,0.0846596775695,0.113887634725
C7_MOMENT_DATA,19,MJ1,358,0.102427301247,0.776536312849,0.47532888946,0.787252698376,0.826815642458,0.610078024828,1.04080046965,0.860335195531,0.726952804085,1.35690912634,0.12359945642,0.179873334723
C7_MOMENT_DATA,20,ATU1,357,0.131178552848,0.750700280112,0.559725738444,0.853415697746,0.871148459384,0.718400207788,1.05243069204,0.910364145658,0.856026646189,1.27990990423,0.183564994684,0.229105002249
C7_MOMENT_DATA,20,ATU5,357,0.10832150228,0.820728291317,0.521736696982,0.745877195396,0.885154061625,0.669641800937,0.980090415218,0.913165266106,0.797927420941,1.29873311828,0.14814574818,0.186841195632
C7_MOMENT_DATA,20,MJ3,357,0.0854686017282,0.697478991597,0.40216006058,0.682762468941,0.750700280112,0.516166849656,0.941358865194,0.792717086835,0.615050736894,1.28535900076,0.0975325972805,0.131140925603
C7_MOMENT_DATA,20,MJ1,357,0.118255613496,0.775910364146,0.547382264931,0.910421032396,0.823529411765,0.702557531049,1.20787748662,0.854341736695,0.837148932501,1.57922123502,0.142160346023,0.20658099173
C7_MOMENT_DATA,21,ATU1,356,0.148910927078,0.752808988764,0.633154094736,0.966388064218,0.859550561798,0.812644482786,1.19497155693,0.907303370787,0.968325626304,1.45753030251,0.208522486886,0.259688824689
C7_MOMENT_DATA,21,ATU5,356,0.124316591193,0.825842696629,0.600335441885,0.863564069435,0.88202247191,0.770522197874,1.14038425644,0.915730337079,0.918133828066,1.51789375837,0.169234277559,0.213609527466
C7_MOMENT_DATA,21,MJ3,356,0.0980119401241,0.693820224719,0.456375007169,0.78456882185,0.741573033708,0.585750980276,1.0841447076,0.789325842697,0.697965342593,1.48180416124,0.111592713647,0.14994947802
C7_MOMENT_DATA,21,MJ1,356,0.135540469612,0.769662921348,0.625969012978,1.04504806501,0.828651685393,0.803422530188,1.3904581679,0.85393258427,0.957336992019,1.82054452381,0.162414665478,0.235592568475
C7_MOMENT_DATA,22,ATU1,355,0.167935863212,0.752112676056,0.711870019074,1.08708309187,0.853521126761,0.9136752779,1.35072569355,0.915492957746,1.08871124391,1.64981646996,0.235277109094,0.292472210204
C7_MOMENT_DATA,22,ATU5,355,0.141764712253,0.822535211268,0.68637753954,0.993381464216,0.884507042254,0.880956034642,1.31872988445,0.912676056338,1.04972386088,1.76140060451,0.192020765044,0.242601922189
C7_MOMENT_DATA,22,MJ3,355,0.111636407265,0.687323943662,0.514561303834,0.894798453821,0.740845070423,0.660432283535,1.23831846543,0.777464788732,0.786953604106,1.69449864733,0.126778049747,0.170366855631
C7_MOMENT_DATA,22,MJ1,355,0.15431248724,0.766197183099,0.711247321316,1.19193879966,0.819718309859,0.91287605398,1.58874055582,0.850704225352,1.08775890987,2.08026302811,0.184330652244,0.266976481031
C7_MOMENT_DATA,23,ATU1,354,0.188254168421,0.745762711864,0.795849145922,1.21493237442,0.85593220339,1.0214613203,1.5178928269,0.912429378531,1.21714623513,1.85730007139,0.263761644896,0.327477880067
C7_MOMENT_DATA,23,ATU5,354,0.16072867294,0.824858757062,0.780161866935,1.13556529743,0.887005649718,1.0013269157,1.5160141193,0.915254237288,1.19315461228,2.03106028024,0.216625877383,0.273886854675
C7_MOMENT_DATA,23,MJ3,354,0.126376177265,0.680790960452,0.576691973535,1.01393608767,0.731638418079,0.740176134777,1.40516899142,0.774011299435,0.881974263612,1.9252473974,0.143169264893,0.192448002538
C7_MOMENT_DATA,23,MJ1,354,0.174609803584,0.757062146893,0.803374228545,1.35038560668,0.822033898305,1.03111965929,1.80323993733,0.847457627119,1.22865485587,2.3613418908,0.207939407908,0.300803328918
C7_MOMENT_DATA,24,ATU1,353,0.209867965522,0.742209631728,0.885149313062,1.3501269458,0.85552407932,1.13607684398,1.695711419,0.912181303116,1.35371905523,2.07790914962,0.294089334268,0.364728289125
C7_MOMENT_DATA,24,ATU5,353,0.181272126299,0.824362606232,0.881970864225,1.29071890049,0.881019830028,1.13199734906,1.73319126773,0.906515580737,1.34885803722,2.32930331783,0.24312325319,0.307537250834
C7_MOMENT_DATA,24,MJ3,353,0.142272734413,0.677053824363,0.642751818675,1.14250796522,0.725212464589,0.8249630281,1.58524552554,0.770538243626,0.983004078393,2.17388339086,0.160876168352,0.2162488784
C7_MOMENT_DATA,24,MJ1,353,0.196482844166,0.750708215297,0.902611462213,1.52182593067,0.818696883853,1.15848926978,2.03493701552,0.844192634561,1.38042510776,2.66672915057,0.233398191476,0.337145206637
C7_MOMENT_DATA,25,ATU1,352,0.23277413881,0.747159090909,0.979766866177,1.49374783616,0.857954545455,1.25751715867,1.88431791646,0.903409090909,1.49842411541,2.3144392427,0.326197769728,0.404244805151
C7_MOMENT_DATA,25,ATU5,352,0.203457261126,0.818181818182,0.992019720619,1.45969242961,0.880681818182,1.27324352709,1.97087610534,0.903409090909,1.51716323919,2.65955434692,0.271596118136,0.343629860076
C7_MOMENT_DATA,25,MJ3,352,0.159373458743,0.667613636364,0.712695800039,1.28188421069,0.715909090909,0.914735156294,1.78097294943,0.767045454545,1.08997416691,2.44270067702,0.179905760048,0.241825357729
C7_MOMENT_DATA,25,MJ1,352,0.220002374834,0.752840909091,1.00927915561,1.70659315025,0.818181818182,1.29539577209,2.28498140416,0.84375,1.54355926717,2.99915344119,0.260625646875,0.376073505784
C7_MOMENT_DATA,26,ATU1,351,0.256969975649,0.754985754986,1.07958977834,1.64550332602,0.860398860399,1.38563847937,2.08464162138,0.900284900285,1.65109008526,2.56872386533,0.360068646782,0.446045411453
C7_MOMENT_DATA,26,ATU5,351,0.22733969654,0.811965811966,1.11039983916,1.64270140543,0.877492877493,1.42518276432,2.22995368228,0.897435897436,1.69821000707,3.02036741204,0.302259496808,0.382243201458
C7_MOMENT_DATA,26,MJ3,351,0.177730843326,0.666666666667,0.786429579638,1.43138775375,0.709401709402,1.00937143786,1.99406185632,0.757834757835,1.20274025167,2.74547421369,0.200432573809,0.269231252549
C7_MOMENT_DATA,26,MJ1,351,0.245275582776,0.760683760684,1.12380427518,1.90595532933,0.814814814815,1.4423871717,2.55500530201,0.840455840456,1.71871032289,3.35809681762,0.289863958381,0.417654940456
C7_MOMENT_DATA,27,ATU1,350,0.28245935759,0.762857142857,1.18433642243,1.80602497304,0.86,1.52007934158,2.29478401726,0.902857142857,1.81128625328,2.83761349979,0.396077486836,0.490140568052
C7_MOMENT_DATA,27,ATU5,350,0.252961203807,0.811428571429,1.23699022187,1.84023238007,0.877142857143,1.58765976153,2.51007846525,0.894285714286,1.89181329045,3.41110736056,0.335170883954,0.423453915058
C7_MOMENT_DATA,27,MJ3,350,0.197403011757,0.66,0.863786446323,1.59212066349,0.702857142857,1.10865790136,2.2253048257,0.748571428571,1.32104736996,3.08121421046,0.222439459983,0.298515323547
C7_MOMENT_DATA,27,MJ1,350,0.272434757754,0.757142857143,1.24679215057,2.12220386007,0.814285714286,1.60024040082,2.84648858673,0.842857142857,1.90680404677,3.7502210183,0.321016781498,0.461945594424
C7_MOMENT_DATA,28,ATU1,349,0.309245745404,0.76217765043,1.29346803037,1.97440573804,0.862464183381,1.66014824397,2.51468490433,0.899713467049,1.9781886448,3.12170935434,0.433829810879,0.536526962117
C7_MOMENT_DATA,28,ATU5,349,0.280340276757,0.808022922636,1.37133104207,2.05101241785,0.876790830946,1.76008433757,2.80910525487,0.89111747851,2.09726984509,3.8336231455,0.370223608835,0.467331503764
C7_MOMENT_DATA,28,MJ3,349,0.218456916418,0.659025787966,0.944493994004,1.76412629795,0.696275071633,1.21224491736,2.47677933461,0.747851002865,1.44447891262,3.45100335617,0.246051770449,0.329717321298
C7_MOMENT_DATA,28,MJ1,349,0.301599858609,0.756446991404,1.37909829589,2.35603014659,0.808022922636,1.77005349991,3.16494750499,0.839541547278,2.1091488347,4.18249545807,0.354213191303,0.508983195969
C7_MOMENT_DATA,29,ATU1,348,0.337307899481,0.770114942529,1.4062907035,2.15169241953,0.859195402299,1.80495457724,2.74551913234,0.899425287356,2.15073603339,3.42416081265,0.47352094919,0.585178749714
C7_MOMENT_DATA,29,ATU5,348,0.309472575391,0.810344827586,1.51271485099,2.27399083037,0.870689655172,1.94154849176,3.12939613861,0.885057471264,2.31349772145,4.28273263136,0.40756398814,0.513930533648
C7_MOMENT_DATA,29,MJ3,348,0.240960989328,0.646551724138,1.02822454952,1.94867895295,0.692528735632,1.31971192191,2.7507108148,0.744252873563,1.57253374679,3.86127896456,0.271429146186,0.362863124254
C7_MOMENT_DATA,29,MJ1,348,0.332871486262,0.747126436782,1.52201695742,2.60884996389,0.801724137931,1.9534876161,3.51379547577,0.83908045977,2.32772406558,4.65685474837,0.389446527614,0.558780155747
C7_MOMENT_DATA,30,ATU1,347,0.366605996381,0.766570605187,1.52319911695,2.33754628862,0.861671469741,1.95500490144,2.98895738441,0.899135446686,2.32953202256,3.74530427881,0.5149259395,0.636037375565
C7_MOMENT_DATA,30,ATU5,347,0.340409150454,0.809798270893,1.66171254301,2.51136990989,0.867435158501,2.13278495911,3.46960879966,0.881844380403,2.54137002717,4.76422697582,0.447041468128,0.563279129317
C7_MOMENT_DATA,30,MJ3,347,0.264900886018,0.64265129683,1.11515383655,2.14526358771,0.685878962536,1.43128445392,3.04506272048,0.743515850144,1.70548061867,4.31401888778,0.298602351566,0.397960336409
C7_MOMENT_DATA,30,MJ1,347,0.366376243695,0.749279538905,1.67788526122,2.88341332459,0.798270893372,2.15354241822,3.89405053542,0.832853025937,2.56610406527,5.17478702513,0.426934742159,0.611326277452
C7_MOMENT_FULL,1,ATU1,376,0.000334852441881,0.827127659574,0.00156743284896,0.00258555176378,0.890957446809,0.00201177828183,0.00356067339076,0.917553191489,0.00239718167784,0.00492547572466,0.000401185978563,0.000733494153514
C7_MOMENT_FULL,1,ATU5,376,0.00046745597294,0.859042553191,0.00229684656195,0.00393739696737,0.906914893617,0.00294797064711,0.0057503237456,0.93085106383,0.00351272368626,0.00859981201951,0.000479667080831,0.00143533628092
C7_MOMENT_FULL,1,MJ3,376,6.92195896072e-05,0.851063829787,0.000379544259848,0.000518418698483,0.909574468085,0.000487139783658,0.000679641469964,0.928191489362,0.000580462854427,0.000868205135924,8.59352921538e-05,0.000121041892698
C7_MOMENT_FULL,1,MJ1,376,8.90910287109e-05,0.829787234043,0.000435407001269,0.000687283705387,0.88829787234,0.000558838836063,0.000911564082458,0.93085106383,0.000665897544858,0.00119264158159,0.000107474523653,0.000173758075275
C7_MOMENT_FULL,2,ATU1,375,0.00122113997525,0.8,0.00555750426441,0.00934624848823,0.874666666667,0.00713297950069,0.0128802676136,0.909333333333,0.00849946931128,0.0179156435078,0.00148478771247,0.00260749480603
C7_MOMENT_FULL,2,ATU5,375,0.00175611561481,0.826666666667,0.00793143551624,0.0147196725144,0.901333333333,0.0101798872761,0.0216689795633,0.914666666667,0.0121300838573,0.0330844061775,0.00185028433806,0.00542849832757
C7_MOMENT_FULL,2,MJ3,375,0.000281160634671,0.890666666667,0.00172056440976,0.0022249699451,0.909333333333,0.00220832051235,0.00299271091271,0.92,0.00263137619031,0.00389913499543,0.000323852622493,0.000454580749432
C7_MOMENT_FULL,2,MJ1,375,0.000333770785235,0.837333333333,0.00163698264845,0.00256575407378,0.888,0.00210104448307,0.00342604344912,0.925333333333,0.00250354891721,0.00453480621874,0.000404321336493,0.000648560791164
C7_MOMENT_FULL,3,ATU1,374,0.0029449592538,0.799465240642,0.0129927325138,0.022630035275,0.860962566845,0.0166759916447,0.031438470609,0.903743315508,0.0198706696418,0.0441465212015,0.00359056745669,0.00615504732235
C7_MOMENT_FULL,3,ATU5,374,0.00442052211034,0.818181818182,0.019128640521,0.0371576818618,0.871657754011,0.0245513443123,0.0549598676131,0.895721925134,0.0292547311418,0.0847325898486,0.00465997661279,0.0133379924337
C7_MOMENT_FULL,3,MJ3,374,0.000688001672822,0.887700534759,0.00426370911913,0.00549665522956,0.903743315508,0.00547241140929,0.00745404244143,0.911764705882,0.0065207803874,0.0097818155466,0.000782858571326,0.00109079811054
C7_MOMENT_FULL,3,MJ1,374,0.000808677861029,0.839572192513,0.00396795214702,0.00620743330235,0.887700534759,0.00509281144518,0.00831728035467,0.917112299465,0.00606845913159,0.0109601799805,0.00098312178573,0.00155896497843
C7_MOMENT_FULL,4,ATU1,373,0.00580420390773,0.793565683646,0.0250031780235,0.0448641852123,0.855227882038,0.0320912315688,0.0629093568494,0.900804289544,0.0382390609497,0.089367024077,0.00704591190541,0.0119391459657
C7_MOMENT_FULL,4,ATU5,373,0.00902838112502,0.820375335121,0.0382727942713,0.0765155120999,0.860589812332,0.0491225996388,0.114490319224,0.890080428954,0.0585331877205,0.177916991622,0.00944298245184,0.0264264398274
C7_MOMENT_FULL,4,MJ3,373,0.00133394768358,0.88471849866,0.00811455218789,0.0105556820066,0.900804289544,0.0104149149798,0.0143626567233,0.914209115282,0.0124101366395,0.0189255051368,0.00152305106511,0.00211636664786
C7_MOMENT_FULL,4,MJ1,373,0.00159346591377,0.836461126005,0.0078045134203,0.0122660459269,0.879356568365,0.0100169845296,0.0162921555291,0.914209115282,0.0119359732623,0.021348101926,0.00193390979885,0.00304412322267
C7_MOMENT_FULL,5,ATU1,372,0.0100824301493,0.787634408602,0.0426965054722,0.0785653910216,0.846774193548,0.0548003714968,0.110565218552,0.89247311828,0.0652986701754,0.158160927145,0.0121597884607,0.0204621345936
C7_MOMENT_FULL,5,ATU5,372,0.0159786686178,0.811827956989,0.0671228261911,0.13637398682,0.85752688172,0.0861512147307,0.206733748267,0.881720430108,0.102655504009,0.323519630634,0.0165621228793,0.0453702156985
C7_MOMENT_FULL,5,MJ3,372,0.00226856036289,0.852150537634,0.0133843601074,0.0176943329553,0.889784946237,0.0171786402194,0.0240108915784,0.905913978495,0.0204696123604,0.031706427722,0.00261495951595,0.00361709318067
C7_MOMENT_FULL,5,MJ1,372,0.00276831941754,0.827956989247,0.013528198975,0.0212932573083,0.881720430108,0.0173632554073,0.028184846062,0.905913978495,0.020689594925,0.0366108477141,0.00335879558147,0.00524516971448
C7_MOMENT_FULL,6,ATU1,371,0.0159959116189,0.78167115903,0.0669444490351,0.125561828714,0.843665768194,0.0859222701295,0.177795653628,0.88409703504,0.102382699691,0.254809789259,0.0192072381832,0.0320933781734
C7_MOMENT_FULL,6,ATU5,371,0.0255941325946,0.803234501348,0.10619564094,0.219426010355,0.849056603774,0.136300629536,0.333760905022,0.88409703504,0.162412217467,0.524094815391,0.02630011875,0.0700065919417
C7_MOMENT_FULL,6,MJ3,371,0.00354628177273,0.819407008086,0.0202302015352,0.0274457989427,0.865229110512,0.0259651825676,0.037040994473,0.88948787062,0.0309394233326,0.0486101004333,0.00411682311358,0.00567909841222
C7_MOMENT_FULL,6,MJ1,371,0.0044146225753,0.824797843666,0.0215173400706,0.0338722118711,0.876010781671,0.0276172069927,0.0446357591291,0.902964959569,0.0329079318502,0.057666291325,0.00536438072292,0.0083030731813
C7_MOMENT_FULL,7,ATU1,370,0.02367755451,0.772972972973,0.0982366284923,0.186585532217,0.843243243243,0.126085347652,0.265202874489,0.872972972973,0.150239958332,0.379870922865,0.0284118622319,0.0470359384867
C7_MOMENT_FULL,7,ATU5,370,0.0376091937018,0.789189189189,0.155333230049,0.324508835353,0.854054054054,0.199368042381,0.495258694733,0.878378378378,0.237561674991,0.780235809464,0.0383622485178,0.0997936780616
C7_MOMENT_FULL,7,MJ3,370,0.00522478732538,0.789189189189,0.0288952010388,0.0403278547308,0.848648648649,0.0370865890285,0.0542631696008,0.867567567568,0.0441913964952,0.0712059739582,0.00611161733635,0.00838165481617
C7_MOMENT_FULL,7,MJ1,370,0.00661631479101,0.824324324324,0.0321493271263,0.0504875564192,0.87027027027,0.041263214645,0.0665682747823,0.905405405405,0.0491681528772,0.0852945575677,0.00806369785989,0.012357002943
C7_MOMENT_FULL,8,ATU1,369,0.0331854592163,0.766937669377,0.1366709868,0.261558696178,0.831978319783,0.175415312486,0.372000378278,0.872628726287,0.209020236924,0.533804090965,0.0398539247667,0.0652874467753
C7_MOMENT_FULL,8,ATU5,369,0.0518804166959,0.79945799458,0.214278102691,0.450924163065,0.845528455285,0.275022967365,0.691382321343,0.875338753388,0.327710078346,1.09049997461,0.0523793220329,0.134422266322
C7_MOMENT_FULL,8,MJ3,369,0.00735878774309,0.777777777778,0.0396914936278,0.0566901677063,0.842818428184,0.0509434805497,0.0761706746582,0.853658536585,0.0607029011509,0.0999767479991,0.00867458259953,0.0117820789593
C7_MOMENT_FULL,8,MJ1,369,0.00945932687914,0.813008130081,0.0458099453584,0.0718009743313,0.861788617886,0.0587964283288,0.0945879790619,0.910569105691,0.0700602655797,0.120759507353,0.0115321869388,0.017542792364
C7_MOMENT_FULL,9,ATU1,368,0.0445185642794,0.755434782609,0.182175007261,0.349636178639,0.826086956522,0.23381909046,0.496089684578,0.877717391304,0.278612630748,0.711176975756,0.0535300332905,0.0867478062777
C7_MOMENT_FULL,9,ATU5,368,0.0685101909837,0.804347826087,0.283427388071,0.600030280591,0.845108695652,0.363775114307,0.926353956069,0.861413043478,0.433464784241,1.46438588314,0.0684706471048,0.17415114063
C7_MOMENT_FULL,9,MJ3,368,0.010010117003,0.760869565217,0.0530459200895,0.0771603263224,0.834239130435,0.0680837013508,0.103017221649,0.858695652174,0.0811267339508,0.135856802989,0.0118591035067,0.0159223475158
C7_MOMENT_FULL,9,MJ1,368,0.0130291562347,0.801630434783,0.0628657332514,0.0985952167561,0.866847826087,0.0806872950958,0.129217617035,0.907608695652,0.0961448421953,0.164838852381,0.0158932686378,0.0239934411048
C7_MOMENT_FULL,10,ATU1,367,0.0576726770643,0.743869209809,0.234578436049,0.451709500191,0.820163487738,0.301078163153,0.638049807893,0.871934604905,0.358756759047,0.907596573617,0.0695122499659,0.111299310386
C7_MOMENT_FULL,10,ATU5,367,0.0877031499132,0.806539509537,0.363469878773,0.773076836053,0.841961852861,0.466508538916,1.19603497371,0.858310626703,0.555879210025,1.89200667877,0.0869114991247,0.219404718307
C7_MOMENT_FULL,10,MJ3,367,0.013294879283,0.757493188011,0.069593324267,0.102480607477,0.814713896458,0.089322064683,0.136546604142,0.858310626703,0.106433804768,0.180574119849,0.0158083653208,0.0209582227795
C7_MOMENT_FULL,10,MJ1,367,0.0174087467578,0.806539509537,0.0836019905502,0.131279980361,0.861035422343,0.107301993204,0.171313231367,0.907356948229,0.127858211031,0.217612309874,0.0212762097419,0.0318457570293
C7_MOMENT_FULL,11,ATU1,366,0.0725562260843,0.734972677596,0.293695626574,0.566592281735,0.814207650273,0.376954255747,0.794593927572,0.868852459016,0.449168699863,1.12344366969,0.0877177999499,0.1387578777
C7_MOMENT_FULL,11,ATU5,366,0.10951012575,0.808743169399,0.45487556744,0.967852277175,0.841530054645,0.583826470219,1.5004210518,0.857923497268,0.695672147419,2.37385689593,0.107930769894,0.270244090355
C7_MOMENT_FULL,11,MJ3,366,0.0173880431364,0.756830601093,0.089971913151,0.134120308766,0.819672131148,0.115477700351,0.179330494699,0.852459016393,0.137600166967,0.238728989757,0.0207026701926,0.027207794963
C7_MOMENT_FULL,11,MJ1,366,0.0226868084324,0.800546448087,0.108388682392,0.170443456976,0.849726775956,0.139115367768,0.221833246338,0.907103825137,0.165766184938,0.279926276176,0.0277949266038,0.0412370918327
C7_MOMENT_FULL,12,ATU1,365,0.0889544803648,0.731506849315,0.359241706562,0.691432225198,0.808219178082,0.461081738634,0.962633734047,0.871232876712,0.549412778647,1.3557153205,0.107914057295,0.168762149259
C7_MOMENT_FULL,12,ATU5,365,0.133785711181,0.8,0.557148806721,1.1872433009,0.846575342466,0.715092751728,1.84243705641,0.868493150685,0.852085569212,2.92804187767,0.130982038807,0.326165017426
C7_MOMENT_FULL,12,MJ3,365,0.0224288802331,0.756164383562,0.114602496987,0.17327641439,0.819178082192,0.147090712458,0.233166147203,0.846575342466,0.175269394281,0.313024731783,0.0266830985767,0.0348712365679
C7_MOMENT_FULL,12,MJ1,365,0.0289435346384,0.797260273973,0.137593320111,0.216815761912,0.846575342466,0.176599114475,0.281010160267,0.898630136986,0.210430823997,0.352971497998,0.0355649718835,0.0522852762124
C7_MOMENT_FULL,13,ATU1,364,0.106851697029,0.722527472527,0.430926481651,0.824277039358,0.802197802198,0.553088151387,1.13987263115,0.862637362637,0.659045181426,1.58880368224,0.130168853774,0.201190050151
C7_MOMENT_FULL,13,ATU5,364,0.1604619872,0.799450549451,0.669859108537,1.42923913021,0.851648351648,0.859754857976,2.22638463116,0.868131868132,1.02446110071,3.55454415287,0.155615882719,0.386727797155
C7_MOMENT_FULL,13,MJ3,364,0.0284100341282,0.739010989011,0.143019658875,0.219826721808,0.813186813187,0.183563744878,0.296799038657,0.843406593407,0.218729692985,0.401414515231,0.0338289756674,0.0439586841705
C7_MOMENT_FULL,13,MJ1,364,0.0362612112157,0.796703296703,0.171594646287,0.270906765258,0.837912087912,0.220239344167,0.350785839467,0.901098901099,0.262431364999,0.438188808067,0.0446673931766,0.0650994254642
C7_MOMENT_FULL,14,ATU1,363,0.126012308394,0.724517906336,0.508236312184,0.964824217104,0.801652892562,0.652314244639,1.32384133851,0.865013774105,0.777280364129,1.81931474792,0.154293769671,0.235704468127
C7_MOMENT_FULL,14,ATU5,363,0.189591812291,0.807162534435,0.792774579714,1.6947748823,0.845730027548,1.0175151573,2.64470117092,0.870523415978,1.21244409189,4.21491245766,0.182289998191,0.451700289189
C7_MOMENT_FULL,14,MJ3,363,0.0353743026794,0.735537190083,0.175255959398,0.273800807422,0.809917355372,0.22493858867,0.370367899044,0.851239669421,0.268030860195,0.505252760379,0.0421633535147,0.0545398640756
C7_MOMENT_FULL,14,MJ1,363,0.0447080688998,0.787878787879,0.210635554456,0.333594145667,0.834710743802,0.27034780732,0.431290149308,0.884297520661,0.322139281553,0.538411804622,0.0551595980521,0.0797882930705
C7_MOMENT_FULL,15,ATU1,362,0.1462564162,0.723756906077,0.591048344335,1.1119967079,0.78729281768,0.758602337214,1.51175831253,0.861878453039,0.903930438043,2.04544260657,0.180117573976,0.272030515353
C7_MOMENT_FULL,15,ATU5,362,0.221006275751,0.803867403315,0.925326684098,1.97745123548,0.842541436464,1.18764394143,3.08469595252,0.875690607735,1.41516504176,4.92683121462,0.211848201065,0.520651813701
C7_MOMENT_FULL,15,MJ3,362,0.0433228157708,0.723756906077,0.211167017854,0.335412235401,0.803867403315,0.271029933205,0.453598006327,0.850828729282,0.322952084679,0.623369205596,0.0517344035525,0.066632479324
C7_MOMENT_FULL,15,MJ1,362,0.0543446339104,0.78729281768,0.255161137174,0.405381143412,0.831491712707,0.327495774046,0.524080416882,0.875690607735,0.39023528398,0.654953957689,0.0671638353795,0.0964571300663
C7_MOMENT_FULL,16,ATU1,361,0.167360667395,0.720221606648,0.679173022902,1.26435499991,0.786703601108,0.871709137645,1.70228828595,0.861495844875,1.03870550351,2.2774757648,0.207310136771,0.309898202397
C7_MOMENT_FULL,16,ATU5,361,0.254087929213,0.806094182825,1.06639861432,2.27208107539,0.850415512465,1.36870780365,3.54735418333,0.872576177285,1.63091594082,5.66534475753,0.243302870433,0.592673459588
C7_MOMENT_FULL,16,MJ3,361,0.0522311361626,0.717451523546,0.250451143557,0.40413845821,0.783933518006,0.321450562685,0.546927354699,0.850415512465,0.383031970353,0.753086624872,0.0625985472927,0.0802070513818
C7_MOMENT_FULL,16,MJ1,361,0.0651972737641,0.775623268698,0.305519983603,0.486764755604,0.836565096953,0.392130653691,0.630103192716,0.875346260388,0.467252493399,0.791297567254,0.0806317491908,0.115184334992
C7_MOMENT_FULL,17,ATU1,360,0.189022199889,0.716666666667,0.771987428297,1.41929642495,0.780555555556,0.990835137294,1.90205238708,0.855555555556,1.18065288722,2.51686410092,0.235276565976,0.348798836753
C7_MOMENT_FULL,17,ATU5,360,0.288136177853,0.791666666667,1.21454656633,2.5733612703,0.852777777778,1.55885364151,4.01380433318,0.880555555556,1.85748868134,6.40586351376,0.276265416511,0.666677205891
C7_MOMENT_FULL,17,MJ3,360,0.0621129242269,0.711111111111,0.293022401695,0.479891397626,0.777777777778,0.376090180968,0.650254530196,0.847222222222,0.44813909126,0.893567458695,0.0746403353164,0.0952778635962
C7_MOMENT_FULL,17,MJ1,360,0.0773289507892,0.775,0.362138938145,0.578288882817,0.838888888889,0.464800295114,0.749393738889,0.875,0.553843711987,0.947116782098,0.0956057157392,0.136046060077
C7_MOMENT_FULL,18,ATU1,359,0.210803709689,0.724233983287,0.86829257796,1.57842418457,0.799442896936,1.11444145871,2.10522101201,0.863509749304,1.32793890359,2.77554652524,0.263384694934,0.387952883475
C7_MOMENT_FULL,18,ATU5,359,0.322515464971,0.796657381616,1.36839118466,2.87337971792,0.849582172702,1.75631107143,4.47599678993,0.883008356546,2.09277372117,7.13069655623,0.310175991568,0.741589732731
C7_MOMENT_FULL,18,MJ3,359,0.0729529681142,0.701949860724,0.338703078368,0.562659423857,0.768802228412,0.434720694735,0.762556063513,0.838440111421,0.518001657445,1.0445073617,0.0878647932056,0.111814985328
C7_MOMENT_FULL,18,MJ1,359,0.0908666160901,0.782729805014,0.425457023338,0.681161516714,0.838440111421,0.54606817764,0.883289262331,0.877437325905,0.650680366776,1.12185443621,0.112204423781,0.159096649476
C7_MOMENT_FULL,19,ATU1,358,0.232264884872,0.723463687151,0.966626509937,1.73270846232,0.793296089385,1.24065169403,2.31046502398,0.857541899441,1.47832767476,3.05191214992,0.291584455696,0.426336388843
C7_MOMENT_FULL,19,ATU5,358,0.356847489117,0.810055865922,1.52716274257,3.1715809297,0.849162011173,1.96009215984,4.93271831481,0.885474860335,2.33559386484,7.84310904756,0.344396398226,0.816841592329
C7_MOMENT_FULL,19,MJ3,358,0.0847222909772,0.703910614525,0.387280421034,0.651651783128,0.759776536313,0.497069039055,0.883372433623,0.835195530726,0.592294291975,1.20590724718,0.102213182266,0.129763873415
C7_MOMENT_FULL,19,MJ1,358,0.105933708687,0.782122905028,0.49598797467,0.795470194231,0.832402234637,0.636593673633,1.03315119578,0.871508379888,0.758548148396,1.31574982902,0.130449217953,0.184415777258
C7_MOMENT_FULL,20,ATU1,357,0.252646257448,0.731092436975,1.06316021975,1.87504675908,0.81512605042,1.36455136921,2.49293479544,0.871148459384,1.62596324372,3.2934188613,0.319359747326,0.461910818244
C7_MOMENT_FULL,20,ATU5,357,0.39128317308,0.806722689076,1.69171691772,3.4678021483,0.851540616246,2.17129515714,5.37756858795,0.890756302521,2.58725775842,8.55528024807,0.378780230416,0.892937491068
C7_MOMENT_FULL,20,MJ3,357,0.0974644578561,0.694677871148,0.438986351881,0.746934528077,0.759103641457,0.563432882832,1.01169021955,0.826330532213,0.671371689227,1.37487373008,0.117720418568,0.149183551579
C7_MOMENT_FULL,20,MJ1,357,0.122603689138,0.775910364146,0.574269916491,0.922182378751,0.823529411765,0.737067458217,1.19994538499,0.871148459384,0.878270047019,1.52758388129,0.15044098666,0.212104488105
C7_MOMENT_FULL,21,ATU1,356,0.270906343794,0.738764044944,1.15284724467,1.99524795749,0.817415730337,1.47966341948,2.63800586152,0.870786516854,1.76312771173,3.49926615357,0.345471963472,0.492483490356
C7_MOMENT_FULL,21,ATU5,356,0.427114845106,0.803370786517,1.86554043803,3.76498157009,0.865168539326,2.39439523014,5.82011602385,0.887640449438,2.85309789207,9.2437885906,0.414846540883,0.972519335529
C7_MOMENT_FULL,21,MJ3,356,0.111305634194,0.676966292135,0.494420694039,0.850316667634,0.747191011236,0.63458209072,1.14886972353,0.820224719101,0.756151199515,1.55627658809,0.134570912403,0.17026780102
C7_MOMENT_FULL,21,MJ1,356,0.140941676129,0.772471910112,0.660723236769,1.06148572281,0.823033707865,0.848029093507,1.38358824693,0.865168539326,1.01048899056,1.75616310014,0.172299687266,0.242278442646
C7_MOMENT_FULL,22,ATU1,355,0.288147359433,0.738028169014,1.23436256656,2.10239123729,0.828169014085,1.58428720245,2.77263234453,0.870422535211,1.88779463844,3.65189775474,0.371020562889,0.520256572717
C7_MOMENT_FULL,22,ATU5,355,0.467296783336,0.8,2.05398367752,4.07208854227,0.870422535211,2.63625950957,6.25735107247,0.884507042254,3.14129695676,9.88442121222,0.457603055172,1.05971182219
C7_MOMENT_FULL,22,MJ3,355,0.126938254467,0.661971830986,0.556788069063,0.968722667534,0.743661971831,0.714629749957,1.304778577,0.816901408451,0.851533868574,1.76489013574,0.15351866003,0.194117648392
C7_MOMENT_FULL,22,MJ1,355,0.160978668341,0.771830985915,0.755803092956,1.21425357143,0.819718309859,0.970062767769,1.58370680389,0.861971830986,1.15590108227,2.00187925994,0.196078758069,0.274955064259
C7_MOMENT_FULL,23,ATU1,354,0.303631782956,0.745762711864,1.30820005488,2.18873422851,0.833333333333,1.67905659273,2.87298675277,0.870056497175,2.000719332,3.75356079253,0.395198802311,0.544244064131
C7_MOMENT_FULL,23,ATU5,354,0.512562431681,0.779661016949,2.26421880389,4.41543212771,0.858757062147,2.906093373,6.69193123251,0.88418079096,3.4628238364,10.4641988609,0.507688194812,1.15774032131
C7_MOMENT_FULL,23,MJ3,354,0.144781100501,0.655367231638,0.6277152267,1.10369110704,0.737288135593,0.805663771236,1.48487275553,0.810734463277,0.960007595446,2.01216059203,0.175251387323,0.221463775375
C7_MOMENT_FULL,23,MJ1,354,0.182711976872,0.762711864407,0.859650386655,1.38106690959,0.819209039548,1.10334932625,1.80087445968,0.853107344633,1.31472181256,2.27307708662,0.221706438312,0.310138460588
C7_MOMENT_FULL,24,ATU1,353,0.317502864394,0.750708215297,1.37438030214,2.25066826446,0.832861189802,1.7639980205,2.93880198128,0.889518413598,2.10193328593,3.82710572674,0.418336707489,0.565046291315
C7_MOMENT_FULL,24,ATU5,353,0.564781776632,0.773371104816,2.50533992509,4.80310512986,0.849858356941,3.21556898163,7.19682129531,0.872521246459,3.8315867689,11.0423309935,0.568081476605,1.27203106027
C7_MOMENT_FULL,24,MJ3,353,0.165186244158,0.640226628895,0.708045722446,1.25892277085,0.736543909348,0.908766846317,1.6954160512,0.801699716714,1.08286248694,2.30825137285,0.20013230199,0.252948343112
C7_MOMENT_FULL,24,MJ1,353,0.206175532928,0.759206798867,0.972728843987,1.56220034241,0.818696883853,1.24848395499,2.03759668808,0.85835694051,1.48766038933,2.57430867752,0.24917541953,0.34785925268
C7_MOMENT_FULL,25,ATU1,352,0.330138473905,0.761363636364,1.43336804393,2.29706292398,0.84375,1.83970796743,2.99651112653,0.894886363636,2.19214725199,3.90109338382,0.440300309997,0.583528506638
C7_MOMENT_FULL,25,ATU5,352,0.625631224071,0.758522727273,2.7870312905,5.24712371242,0.84375,3.57711593498,7.79987765429,0.866477272727,4.26239653559,11.8230992184,0.638121587264,1.40851811906
C7_MOMENT_FULL,25,MJ3,352,0.188607203787,0.644886363636,0.798764179146,1.43753598492,0.744318181818,1.02520272494,1.94337850206,0.801136363636,1.22160439373,2.66325716885,0.228789620762,0.289427414266
C7_MOMENT_FULL,25,MJ1,352,0.231478016085,0.75,1.09585823737,1.75931633181,0.815340909091,1.40651882049,2.29697699622,0.855113636364,1.67597054629,2.90504313266,0.278737567512,0.388219936761
C7_MOMENT_FULL,26,ATU1,351,0.342351244459,0.769230769231,1.48712427992,2.34304283599,0.849002849003,1.90870334938,3.0549067301,0.891737891738,2.27436032037,3.93429016881,0.460928445218,0.601320319563
C7_MOMENT_FULL,26,ATU5,351,0.697005051956,0.74358974359,3.11770463362,5.80879500746,0.840455840456,4.0015305761,8.5605596837,0.868945868946,4.76811777272,12.8416942266,0.716715535803,1.57247066456
C7_MOMENT_FULL,26,MJ3,351,0.214908106086,0.643874643875,0.898107431795,1.63866567998,0.746438746439,1.15270840932,2.22622214671,0.794871794872,1.37353678767,3.07317623232,0.261008980582,0.330809675544
C7_MOMENT_FULL,26,MJ1,351,0.25876560544,0.752136752137,1.22989518033,1.97483252721,0.811965811966,1.57855337431,2.58046943636,0.851851851852,1.88096236079,3.26878417486,0.310505044257,0.431322918096
C7_MOMENT_FULL,27,ATU1,350,0.355232620928,0.782857142857,1.53955052685,2.40632165235,0.848571428571,1.97599170884,3.09833459837,0.897142857143,2.354539346,3.91265460359,0.482117245281,0.620680263632
C7_MOMENT_FULL,27,ATU5,350,0.78137642859,0.74,3.50363971741,6.50137276235,0.828571428571,4.4968728935,9.52998075071,0.862857142857,5.35835454894,14.1899081535,0.804514710162,1.76776789246
C7_MOMENT_FULL,27,MJ3,350,0.243825246633,0.64,1.00334578996,1.86083897854,0.737142857143,1.28778037972,2.54179436988,0.791428571429,1.53448496747,3.53932285543,0.296548341204,0.37666700214
C7_MOMENT_FULL,27,MJ1,350,0.288200593015,0.748571428571,1.37566033712,2.20978057342,0.811428571429,1.7656409276,2.8894588309,0.848571428571,2.10389093049,3.67222017213,0.344450533132,0.477265481407
C7_MOMENT_FULL,28,ATU1,349,0.370158563591,0.779369627507,1.59633949083,2.4781950469,0.842406876791,2.04887955502,3.15898982912,0.89111747851,2.44139057159,3.90449008369,0.50595245232,0.644511688114
C7_MOMENT_FULL,28,ATU5,349,0.881007036247,0.750716332378,3.94855899971,7.33762196108,0.822349570201,5.06792061008,10.7894476993,0.856733524355,6.03879987223,16.0967902535,0.904279489966,1.9967759984
C7_MOMENT_FULL,28,MJ3,349,0.275097071376,0.63323782235,1.11368148414,2.10150488959,0.736389684814,1.42939471005,2.88436284553,0.787965616046,1.70322884997,4.0464982673,0.335385287702,0.426648909283
C7_MOMENT_FULL,28,MJ1,349,0.319932739377,0.750716332378,1.53439184171,2.46594226987,0.813753581662,1.96937060814,3.22815729197,0.853868194842,2.34664981791,4.11279333171,0.380436598123,0.526057026144
C7_MOMENT_FULL,29,ATU1,348,0.388647171803,0.772988505747,1.66710766034,2.56919338797,0.853448275862,2.13970951724,3.24382524391,0.890804597701,2.5496211471,4.01986992982,0.535767877928,0.676323734228
C7_MOMENT_FULL,29,ATU5,348,0.996665103363,0.76724137931,4.45514769368,8.34646143022,0.833333333333,5.71812015964,12.4018964361,0.853448275862,6.81356042175,18.6868956301,1.01389614277,2.26054557648
C7_MOMENT_FULL,29,MJ3,348,0.307388253951,0.637931034483,1.22287448893,2.34965562346,0.718390804598,1.56954241445,3.23497320366,0.790229885057,1.87022513986,4.55851767581,0.375808886704,0.478153840844
C7_MOMENT_FULL,29,MJ1,348,0.354026012304,0.75,1.70687664131,2.74340168788,0.810344827586,2.19075245172,3.59956735287,0.850574712644,2.61044255492,4.60051698546,0.418636240311,0.577693336554
C7_MOMENT_FULL,30,ATU1,347,0.412353778208,0.772334293948,1.76558223153,2.71025593751,0.861671469741,2.26610026104,3.42855953048,0.896253602305,2.70022500739,4.24305918018,0.570984674899,0.720300056888
C7_MOMENT_FULL,30,ATU5,347,1.13107576261,0.749279538905,5.0259370895,9.60678309972,0.824207492795,6.45072041794,14.3180963421,0.841498559078,7.68650747175,21.65948457,1.13852802874,2.55902861693
C7_MOMENT_FULL,30,MJ3,347,0.340356740036,0.628242074928,1.33066289913,2.60228500644,0.703170028818,1.70788734119,3.59506236054,0.78674351585,2.0350732877,5.06647259358,0.417422424634,0.530448705703
C7_MOMENT_FULL,30,MJ1,347,0.390712504069,0.749279538905,1.8959500204,3.04398610282,0.809798270893,2.43342550656,4.00240274042,0.850144092219,2.89960533495,5.13382823206,0.459262590015,0.632263477174
DRIFT1,1,ATU1,376,0.00232384090371,0.747340425532,0.0100687205595,0.0149951644536,0.86170212766,0.0129230629312,0.0177601781775,0.920212765957,0.0153987792592,0.0200459065612,0.00324573014306,0.00413354186503
DRIFT1,1,ATU5,376,0.00169317655071,0.789893617021,0.00821179665829,0.0113336293625,0.877659574468,0.0105397269063,0.0140861757659,0.914893617021,0.0125588592229,0.0166480696077,0.00229559439073,0.00288925479422
DRIFT1,1,MJ3,376,0.00137873953566,0.776595744681,0.00611421740268,0.0094249061548,0.845744680851,0.00784751307803,0.0115978584303,0.896276595745,0.00935088858311,0.0138484764786,0.00187657270414,0.00245741291578
DRIFT1,1,MJ1,376,0.0018531593411,0.779255319149,0.0082674253982,0.0133989082107,0.829787234043,0.010611125621,0.0177864986275,0.853723404255,0.0126439360389,0.0227497547431,0.0023640212976,0.00338244502821
DRIFT1,2,ATU1,375,0.00698403630763,0.744,0.0301696796687,0.0452088787593,0.861333333333,0.0387223646409,0.0537387495687,0.917333333333,0.0461405433582,0.061151650181,0.00973656405922,0.01239767437
DRIFT1,2,ATU5,375,0.00511059567505,0.792,0.0248555542841,0.0345485029889,0.869333333333,0.0319017585506,0.0431841936576,0.912,0.0380132899232,0.0514639850754,0.00688362154967,0.00866601894377
DRIFT1,2,MJ3,375,0.0041486610333,0.776,0.0182488014819,0.0285581102957,0.842666666667,0.0234220831312,0.0353619976791,0.890666666667,0.0279091334498,0.0425155170549,0.00562405173791,0.00736012668047
DRIFT1,2,MJ1,375,0.00558119376223,0.781333333333,0.0250411422507,0.0409775296933,0.824,0.0321399581269,0.0549752758152,0.853333333333,0.0382971222249,0.0714486097969,0.00708298600744,0.0101339733666
DRIFT1,3,ATU1,374,0.0139859707464,0.74064171123,0.0602380320775,0.0908581951374,0.858288770053,0.0773146771515,0.108345458168,0.917112299465,0.0921261200452,0.124223927485,0.0194641215449,0.0247761924821
DRIFT1,3,ATU5,374,0.0102811145949,0.780748663102,0.0501432971995,0.07019210235,0.871657754011,0.064358225204,0.088226910325,0.906417112299,0.0766875553191,0.106102547246,0.0137502720261,0.017321037169
DRIFT1,3,MJ3,374,0.00831892552878,0.767379679144,0.036295906508,0.0576592704826,0.836898395722,0.0465852916638,0.0718417474053,0.887700534759,0.0555097987896,0.086827551458,0.0112334951795,0.0146905120255
DRIFT1,3,MJ1,374,0.0111834988446,0.780748663102,0.0499783374711,0.0829240833891,0.823529411765,0.0641465016848,0.112388935071,0.847593582888,0.0764352711855,0.148338636684,0.0141434880409,0.0202321431239
DRIFT1,4,ATU1,373,0.0233292627721,0.745308310992,0.100183162599,0.152047703905,0.860589812332,0.128583697131,0.181987197531,0.914209115282,0.153216925352,0.210187498007,0.0324165833216,0.041241191865
DRIFT1,4,ATU5,373,0.0172296043205,0.780160857909,0.0842807315487,0.118714935118,0.86327077748,0.108173147844,0.150105695071,0.903485254692,0.12889625581,0.182377426785,0.0228827997853,0.0288382880794
DRIFT1,4,MJ3,373,0.0138955217175,0.764075067024,0.0601388473412,0.0969478839494,0.825737265416,0.0771873749206,0.121563776482,0.887399463807,0.0919744300811,0.147321265068,0.0186996798085,0.0244269793399
DRIFT1,4,MJ1,373,0.0186748213744,0.780160857909,0.0831346885998,0.139819264491,0.823056300268,0.106702217644,0.191307092798,0.849865951743,0.127143534371,0.256092723396,0.0235345295559,0.0336476280763
DRIFT1,5,ATU1,372,0.035008070516,0.736559139785,0.149887713105,0.228871870256,0.85752688172,0.19237879705,0.274795806285,0.916666666667,0.229233475507,0.319854260256,0.0485494833673,0.0617536129767
DRIFT1,5,ATU5,372,0.0259744500498,0.787634408602,0.127468094023,0.180429509265,0.862903225806,0.163603527482,0.229664366825,0.897849462366,0.194945626988,0.281813523545,0.0342637326357,0.0431952227697
DRIFT1,5,MJ3,372,0.0208809422134,0.760752688172,0.0896546878497,0.146643850769,0.822580645161,0.115070546085,0.184993943111,0.876344086022,0.137115012735,0.224545761738,0.0280004669719,0.0365442537882
DRIFT1,5,MJ1,372,0.0280673307073,0.77688172043,0.12447324784,0.212039656511,0.822580645161,0.159759684021,0.29277280351,0.844086021505,0.190365405001,0.396900505381,0.0352130967402,0.0503449884266
DRIFT1,6,ATU1,371,0.0490104413453,0.735849056604,0.209204735806,0.321399369305,0.854447439353,0.268511371463,0.387272267949,0.916442048518,0.319951033262,0.454844120455,0.0678410007161,0.0862633823998
DRIFT1,6,ATU5,371,0.0365251311288,0.77897574124,0.179900729878,0.255817878946,0.867924528302,0.23090008704,0.327412256146,0.900269541779,0.275134423642,0.405643711688,0.0478498244545,0.0603627932968
DRIFT1,6,MJ3,371,0.0292737548249,0.757412398922,0.124716047571,0.206860713544,0.816711590296,0.160071314102,0.262461922768,0.865229110512,0.190736735146,0.319775561894,0.0391116289471,0.051013182932
DRIFT1,6,MJ1,371,0.0393730289346,0.77897574124,0.173959377206,0.299953205537,0.822102425876,0.223274443442,0.417616503362,0.843665768194,0.26604790885,0.57302751817,0.0491621219837,0.070282927612
DRIFT1,7,ATU1,370,0.0653168181514,0.735135135135,0.277953211535,0.429446178976,0.854054054054,0.356749084787,0.519149372745,0.910810810811,0.425092753691,0.614244021618,0.0902610558708,0.1147095133
DRIFT1,7,ATU5,370,0.0488802721487,0.781081081081,0.241768427627,0.344936451535,0.864864864865,0.310306417437,0.443825987501,0.9,0.369752902254,0.553917395724,0.0636226244911,0.0803054583837
DRIFT1,7,MJ3,370,0.0390680961836,0.754054054054,0.165191944009,0.277737258484,0.808108108108,0.212021564759,0.35431987756,0.856756756757,0.252639276873,0.43345549738,0.0520066714376,0.0678005255213
DRIFT1,7,MJ1,370,0.052601806368,0.775675675676,0.231557688094,0.40398600254,0.818918918919,0.297201075126,0.566935272984,0.843243243243,0.354136923717,0.785678791922,0.0653684807009,0.0934145390515
DRIFT1,8,ATU1,369,0.0838983333015,0.731707317073,0.355919301448,0.553166225703,0.850948509485,0.456817477837,0.66992735944,0.910569105691,0.544331598507,0.798978751876,0.115706635343,0.147020172703
DRIFT1,8,ATU5,369,0.0630263130435,0.777777777778,0.31325264874,0.447786476295,0.864498644986,0.402055421947,0.578734272373,0.89972899729,0.479078584193,0.726649738058,0.0815561562761,0.102981170709
DRIFT1,8,MJ3,369,0.0502530285167,0.750677506775,0.210946743354,0.359398304703,0.80216802168,0.270747213946,0.460908377637,0.853658536585,0.322615203902,0.566099554759,0.0666492415183,0.0868687242751
DRIFT1,8,MJ1,369,0.0677592363442,0.775067750678,0.297230190742,0.524254373238,0.818428184282,0.381490819742,0.741106793687,0.837398373984,0.454574349277,1.03695077808,0.0837365968117,0.119687549303
DRIFT1,9,ATU1,368,0.104715606895,0.728260869565,0.442869523578,0.692038351957,0.850543478261,0.568416879748,0.84004008345,0.910326086957,0.677310487849,1.00777891711,0.144158064612,0.183112717321
DRIFT1,9,ATU5,368,0.0789368601864,0.788043478261,0.394524763225,0.56448382975,0.866847826087,0.506367051596,0.731538635455,0.896739130435,0.603373557272,0.92278035302,0.101563452005,0.128341346437
DRIFT1,9,MJ3,368,0.0628120722629,0.747282608696,0.261840419276,0.451807347304,0.798913043478,0.336068539813,0.582196239262,0.847826086957,0.400450364445,0.718206998598,0.0829973303887,0.108175661907
DRIFT1,9,MJ1,368,0.0848447859835,0.779891304348,0.370937010169,0.661092439206,0.815217391304,0.476092498306,0.940489594715,0.834239130435,0.567299202007,1.32814985639,0.104259414146,0.149044560221
DRIFT1,10,ATU1,367,0.127717276585,0.730245231608,0.538556290114,0.845237107986,0.850136239782,0.69122951501,1.02834232791,0.907356948229,0.823650768842,1.23954071195,0.175562581451,0.222893698166
DRIFT1,10,ATU5,367,0.0965729331193,0.784741144414,0.485744534784,0.694508201697,0.863760217984,0.623446360874,0.901560457841,0.899182561308,0.742882158986,1.14125403094,0.123629565527,0.156330816762
DRIFT1,10,MJ3,367,0.0767228329305,0.743869209809,0.317729133063,0.554849217026,0.795640326975,0.407800927374,0.718236081624,0.83651226158,0.485924776174,0.890165009324,0.101007722931,0.131674398764
DRIFT1,10,MJ1,367,0.103850673973,0.776566757493,0.452636302414,0.814661511289,0.814713896458,0.580952404673,1.16599650003,0.8310626703,0.692247487091,1.65914368461,0.126926731882,0.181423291939
DRIFT1,11,ATU1,366,0.152840262908,0.72131147541,0.642720450419,1.01287382163,0.846994535519,0.824922767379,1.23428851167,0.904371584699,0.982956104785,1.49536522732,0.209750330088,0.266261047579
DRIFT1,11,ATU5,366,0.11588605082,0.795081967213,0.587058559956,0.837585390396,0.863387978142,0.753481504402,1.08811360431,0.901639344262,0.897828589394,1.38170545739,0.147731125286,0.18689029865
DRIFT1,11,MJ3,366,0.0919579045362,0.737704918033,0.378465790796,0.668506541072,0.789617486339,0.485755583626,0.869046078811,0.833333333333,0.578813478352,1.08157685933,0.120632103744,0.157314165425
DRIFT1,11,MJ1,366,0.124761726675,0.773224043716,0.542283738833,0.984920710129,0.81693989071,0.696013643647,1.41755232576,0.830601092896,0.829351409721,2.03165352877,0.151572133527,0.216756954121
DRIFT1,12,ATU1,365,0.180014544459,0.72602739726,0.755093376096,1.19376197263,0.849315068493,0.96915185604,1.45735059346,0.909589041096,1.154815664,1.77287465711,0.246735817803,0.313113089682
DRIFT1,12,ATU5,365,0.136827334648,0.794520547945,0.698598679312,0.993039215873,0.868493150685,0.896641697724,1.28999060457,0.904109589041,1.06841448125,1.64382959759,0.173721589587,0.219966224661
DRIFT1,12,MJ3,365,0.108489982514,0.731506849315,0.443900630386,0.792751026939,0.783561643836,0.569740291009,1.03457071339,0.824657534247,0.67888742963,1.29214191787,0.141822325593,0.185045911091
DRIFT1,12,MJ1,365,0.147556310807,0.769863013699,0.639831996992,1.17188835521,0.81095890411,0.821215477541,1.69519677338,0.830136986301,0.978538596477,2.44582571094,0.178215365989,0.254974961136
DRIFT1,13,ATU1,364,0.209162396922,0.717032967033,0.875398812546,1.38672012257,0.851648351648,1.12356221205,1.697389655,0.909340659341,1.33880695153,2.07069226121,0.286468212805,0.363345080387
DRIFT1,13,ATU5,364,0.159348812882,0.796703296703,0.820480392488,1.15997997788,0.868131868132,1.05307518301,1.50749021401,0.92032967033,1.25481647601,1.93307046617,0.201629310938,0.25550618506
DRIFT1,13,MJ3,364,0.126290188574,0.733516483516,0.513881841511,0.927343054302,0.777472527473,0.659560203084,1.21402526926,0.821428571429,0.785914456155,1.52164465688,0.164529617522,0.214820861705
DRIFT1,13,MJ1,364,0.172207551293,0.777472527473,0.745230309721,1.37535743881,0.81043956044,0.956492747397,1.99936790507,0.826923076923,1.13973140567,2.90078764903,0.206871307111,0.296002906937
DRIFT1,14,ATU1,363,0.240199714163,0.71349862259,1.00335454335,1.59158161,0.851239669421,1.28779161457,1.95308624205,0.903581267218,1.53449835462,2.38793460415,0.328692932676,0.416847230188
DRIFT1,14,ATU5,363,0.183407213983,0.793388429752,0.952801319664,1.33818666064,0.876033057851,1.22290725442,1.74124750331,0.925619834711,1.45718387084,2.26784816386,0.23145674307,0.293456583555
DRIFT1,14,MJ3,363,0.145326803916,0.727272727273,0.588256216002,1.07209273789,0.771349862259,0.755018679296,1.40720125688,0.815426997245,0.899660246255,1.7676075545,0.188728576171,0.246589296176
DRIFT1,14,MJ1,363,0.19868509849,0.774104683196,0.858424080332,1.59558996343,0.809917355372,1.10177537913,2.32921231985,0.826446280992,1.31284633888,3.39873105491,0.237280340731,0.339762668786
DRIFT1,15,ATU1,362,0.273038827235,0.723756906077,1.13867390174,1.80769400153,0.850828729282,1.46147213078,2.22347352666,0.903314917127,1.74145145428,2.72378818514,0.373518700437,0.473504761508
DRIFT1,15,ATU5,362,0.208969099957,0.795580110497,1.09563978539,1.52737781047,0.895027624309,1.4062384404,1.99710276117,0.922651933702,1.67563645281,2.63453249713,0.262968180166,0.333762612989
DRIFT1,15,MJ3,362,0.165565241154,0.726519337017,0.666869851782,1.2264463546,0.767955801105,0.855918188468,1.61356474238,0.809392265193,1.01988942701,2.03188679813,0.214359144254,0.280300495195
DRIFT1,15,MJ1,362,0.226957178396,0.776243093923,0.979354563578,1.83231061906,0.809392265193,1.25698797402,2.68573130088,0.828729281768,1.497793553,3.93810786727,0.269495692773,0.38617263817
DRIFT1,16,ATU1,361,0.307591102121,0.720221606648,1.28106715177,2.03382307368,0.858725761773,1.64423188861,2.50711309967,0.905817174515,1.95922313761,3.0744335723,0.42087556788,0.533198034244
DRIFT1,16,ATU5,361,0.236014658558,0.803324099723,1.24905358111,1.72740325755,0.894736842105,1.6031429155,2.28827370499,0.919667590028,1.91026260632,3.03424656904,0.296245984448,0.376368279678
DRIFT1,16,MJ3,361,0.186968257942,0.717451523546,0.74956891604,1.39012762855,0.764542936288,0.962061288321,1.83225047877,0.803324099723,1.14636673144,2.3111388595,0.241357025743,0.315902754698
DRIFT1,16,MJ1,361,0.256992568871,0.775623268698,1.10795861034,2.0849401278,0.806094182825,1.42204948105,3.06815235651,0.825484764543,1.69447646978,4.52069588289,0.303609622994,0.435147965143
DRIFT1,17,ATU1,360,0.343769043917,0.727777777778,1.43024263601,2.26928931361,0.863888888889,1.8356965498,2.80642633403,0.905555555556,2.18736735305,3.43768544078,0.470367055627,0.595802713306
DRIFT1,17,ATU5,360,0.264539254839,0.813888888889,1.41307895712,1.94230422631,0.894444444444,1.81366720643,2.60056397109,0.919444444444,2.1611177714,3.46570508723,0.331324671743,0.421216456741
DRIFT1,17,MJ3,360,0.20949649488,0.711111111111,0.8362004614,1.56301441937,0.758333333333,1.07325167303,2.06356902846,0.797222222222,1.27885824672,2.60547353422,0.269713178868,0.353343437706
DRIFT1,17,MJ1,360,0.288762315683,0.783333333333,1.24416845249,2.35466207472,0.808333333333,1.5968729208,3.47698107727,0.830555555556,1.90279144683,5.14789968356,0.339189714022,0.486600815865
DRIFT1,18,ATU1,359,0.381487875872,0.735376044568,1.58590765192,2.51669254004,0.863509749304,2.03549043472,3.11646570122,0.902506963788,2.42543645074,3.81566602762,0.522237842822,0.661189965181
DRIFT1,18,ATU5,359,0.294552294153,0.83008356546,1.58772988767,2.18387617979,0.894150417827,2.03782924899,2.93585110924,0.91643454039,2.42822331982,3.92904089273,0.367878411015,0.468248956309
DRIFT1,18,MJ3,359,0.233109439643,0.713091922006,0.926613292097,1.74420733747,0.754874651811,1.18929528492,2.304856353,0.793871866295,1.41713273889,2.91444036216,0.299363732504,0.392569050974
DRIFT1,18,MJ1,359,0.32224106777,0.785515320334,1.38791152122,2.64054969004,0.810584958217,1.78136515217,3.91253473217,0.8356545961,2.12262749971,5.82352720514,0.37639626076,0.540440644075
DRIFT1,19,ATU1,358,0.420666591264,0.734636871508,1.74776903582,2.77492609203,0.857541899441,2.24323727187,3.43693684075,0.902234636872,2.67298207548,4.20467359116,0.576426584152,0.729226677263
DRIFT1,19,ATU5,358,0.326073515407,0.824022346369,1.77299764398,2.44202235755,0.896648044693,2.27561783988,3.29305793454,0.916201117318,2.71156590208,4.42588681003,0.405996270883,0.517406615288
DRIFT1,19,MJ3,358,0.257766850606,0.703910614525,1.02065887884,1.93333631208,0.751396648045,1.31000148873,2.55701550181,0.796089385475,1.56096305199,3.23693005572,0.330260872352,0.433525339244
DRIFT1,19,MJ1,358,0.357407760791,0.782122905028,1.53911029812,2.94276445198,0.812849162011,1.97542668138,4.37646340742,0.835195530726,2.35386607425,6.54969578793,0.415315519077,0.59657447774
DRIFT1,20,ATU1,357,0.461228448706,0.731092436975,1.91553342637,3.04112618888,0.862745098039,2.45856053601,3.76880679995,0.910364145658,2.92955556983,4.60166067993,0.632378159596,0.799775697252
DRIFT1,20,ATU5,357,0.359127598976,0.826330532213,1.96885069891,2.71535081386,0.904761904762,2.52699251447,3.67330652962,0.915966386555,3.01109730155,4.95413280577,0.445777457317,0.568629391815
DRIFT1,20,MJ3,357,0.283430616108,0.703081232493,1.11819232241,2.13030162089,0.747899159664,1.4351843083,2.81964116811,0.789915966387,1.71012758179,3.57302733466,0.362328599035,0.476157393262
DRIFT1,20,MJ1,357,0.394245188965,0.787114845938,1.69768220027,3.26152409273,0.817927170868,2.1789515144,4.87161621387,0.831932773109,2.5963808708,7.31902992027,0.455488569255,0.654907222491
DRIFT1,21,ATU1,356,0.503101005477,0.73595505618,2.08890717239,3.31535543743,0.859550561798,2.68108332996,4.11147020537,0.910112359551,3.19470783307,5.01741199006,0.690343821853,0.87269609196
DRIFT1,21,ATU5,356,0.393738411015,0.828651685393,2.17523497546,3.00283752471,0.904494382022,2.79188386566,4.07861404796,0.912921348315,3.32673481461,5.51584917481,0.486843606395,0.621856470939
DRIFT1,21,MJ3,356,0.310066923312,0.696629213483,1.21907336841,2.334439404,0.744382022472,1.56466372908,3.09196774903,0.783707865169,1.8644118277,3.91958676372,0.39555481711,0.520409769513
DRIFT1,21,MJ1,356,0.432738427937,0.789325842697,1.86353950162,3.59650853459,0.814606741573,2.39182705606,5.39614495291,0.828651685393,2.85003772392,8.13502904877,0.497064111059,0.715341983684
DRIFT1,22,ATU1,355,0.546215685467,0.743661971831,2.26759497854,3.59805585618,0.856338028169,2.91042664626,4.46263440197,0.90985915493,3.46798724995,5.44354453916,0.750448385937,0.947843426074
DRIFT1,22,ATU5,355,0.429924004909,0.828169014085,2.39207393345,3.30484927188,0.904225352113,3.07019365522,4.50569450587,0.90985915493,3.65836138316,6.11067860147,0.529311150709,0.677026378821
DRIFT1,22,MJ3,355,0.337648306874,0.692957746479,1.32316705886,2.54605691536,0.743661971831,1.69826653436,3.37383808306,0.783098591549,2.02360938928,4.27525778585,0.429923976196,0.566226620711
DRIFT1,22,MJ1,355,0.47287227959,0.8,2.03658853269,3.95129007272,0.811267605634,2.61393308289,5.94657213785,0.825352112676,3.1146933785,8.99328446221,0.540089745582,0.777780409127
DRIFT1,23,ATU1,354,0.590506641677,0.742937853107,2.45129291332,3.88743460976,0.85593220339,3.14620039303,4.82446527516,0.906779661017,3.74892899735,5.88070149195,0.811963033547,1.02507006227
DRIFT1,23,ATU5,354,0.467693231588,0.827683615819,2.61926896793,3.62159279572,0.901129943503,3.36179532506,4.955119431,0.906779661017,4.00582620395,6.73735056012,0.573146096789,0.734077105222
DRIFT1,23,MJ3,354,0.366154795893,0.694915254237,1.43034161856,2.76450168256,0.737288135593,1.83582359253,3.66271170547,0.785310734463,2.18751873381,4.63922261067,0.465338448868,0.613551836681
DRIFT1,23,MJ1,354,0.514627882163,0.799435028249,2.21672481519,4.32357723464,0.810734463277,2.84513549845,6.52400628508,0.822033898305,3.39018804879,9.89681770161,0.584146415187,0.842123054719
DRIFT1,24,ATU1,353,0.635909529881,0.739376770538,2.63968448039,4.18280106241,0.85552407932,3.38799835162,5.19410919567,0.900849858357,4.03704903588,6.33107876256,0.875132284392,1.10422548466
DRIFT1,24,ATU5,353,0.507044541537,0.832861189802,2.85671852831,3.95207005325,0.900849858357,3.66655853639,5.42698454757,0.906515580737,4.36897396874,7.39860196416,0.618126860359,0.792946234345
DRIFT1,24,MJ3,353,0.395573172941,0.688385269122,1.54046628705,2.98984828678,0.736543909348,1.97716707433,3.95925317552,0.776203966006,2.35593988037,5.01023198064,0.501709508655,0.66232919568
DRIFT1,24,MJ1,353,0.557979642585,0.798866855524,2.40383160727,4.7120344176,0.807365439093,3.0852844662,7.12613358203,0.821529745042,3.67634319354,10.8410530291,0.629501781829,0.908269775403
DRIFT1,25,ATU1,352,0.682360612525,0.735795454545,2.83244293147,4.48229578357,0.855113636364,3.63540114516,5.57395877573,0.897727272727,4.33184764719,6.79156895506,0.940059168115,1.18515664803
DRIFT1,25,ATU5,352,0.547967417819,0.835227272727,3.10433352659,4.29714934977,0.900568181818,3.98436894602,5.91978793384,0.90625,4.74766842919,8.08985789129,0.664442678778,0.853571084283
DRIFT1,25,MJ3,352,0.425893804923,0.684659090909,1.65341075494,3.22169558606,0.735795454545,2.12212972948,4.26357849431,0.778409090909,2.52867353797,5.3889643691,0.539100278859,0.712502526443
DRIFT1,25,MJ1,352,0.602892751832,0.795454545455,2.59778221944,5.11547820609,0.803977272727,3.33421738193,7.75429591018,0.818181818182,3.97296505789,11.8239413494,0.675690848551,0.976120144041
DRIFT1,26,ATU1,351,0.729796064987,0.74358974359,3.02923435143,4.78982422164,0.85754985755,3.88798019822,5.96554518369,0.897435897436,4.63281415212,7.26721021504,1.00614761717,1.26770835584
DRIFT1,26,ATU5,351,0.590445314026,0.840455840456,3.36204202423,4.65731512974,0.897435897436,4.31513422182,6.43500873524,0.903133903134,5.14179956481,8.81231976416,0.711814930553,0.915888855447
DRIFT1,26,MJ3,351,0.457105473996,0.683760683761,1.76904502644,3.45957643143,0.732193732194,2.27054471019,4.57477525086,0.777777777778,2.7055208952,5.77126838421,0.577413998983,0.764015881406
DRIFT1,26,MJ1,351,0.649320894791,0.792022792023,2.79844247766,5.53397386539,0.803418803419,3.59176203514,8.40416889855,0.814814814815,4.27984844035,12.8481837616,0.722622618439,1.04557390098
DRIFT1,27,ATU1,350,0.778151563712,0.745714285714,3.22972122919,5.10100985635,0.854285714286,4.14530232002,6.36506922001,0.897142857143,4.93943237206,7.77006656838,1.0736130737,1.35172367018
DRIFT1,27,ATU5,350,0.634458953189,0.848571428571,3.62979314773,5.03378215173,0.894285714286,4.65878906838,6.97202023305,0.902857142857,5.55128957129,9.5671559736,0.760117045808,0.979836788463
DRIFT1,27,MJ3,350,0.489189714067,0.671428571429,1.88723962114,3.70524143737,0.728571428571,2.42224583015,4.89372559668,0.774285714286,2.88628392885,6.1599848259,0.616668329958,0.816813721712
DRIFT1,27,MJ1,350,0.697204154587,0.791428571429,3.00567378646,5.96667267424,0.8,3.85774054046,9.07682638686,0.811428571429,4.59678137745,13.9062538225,0.770783169838,1.11653143724
DRIFT1,28,ATU1,349,0.827362146574,0.739255014327,3.43356658629,5.41735401443,0.862464183381,4.40693500338,6.78011022144,0.893982808023,5.2511869429,8.2860330959,1.14258339599,1.43704435759
DRIFT1,28,ATU5,349,0.679989305269,0.845272206304,3.90756101754,5.42611241874,0.893982808023,5.01530026964,7.52933751777,0.902578796562,5.97609886927,10.3503175783,0.809617861043,1.04535233208
DRIFT1,28,MJ3,349,0.522116720416,0.667621776504,2.00786606064,3.96080677037,0.722063037249,2.57706818911,5.22216849042,0.767908309456,3.07076614818,6.55812969215,0.656603347112,0.870841114655
DRIFT1,28,MJ1,349,0.746467506697,0.790830945559,3.21933719523,6.41159202203,0.799426934097,4.13197455672,9.76973993015,0.810888252149,4.92355136257,14.9996358898,0.819371206208,1.18889431455
DRIFT1,29,ATU1,348,0.877362258605,0.744252873563,3.64043871087,5.73623153639,0.870689655172,4.67245250075,7.21124976573,0.887931034483,5.56757055514,8.81726945303,1.21214473244,1.52351137436
DRIFT1,29,ATU5,348,0.727019884247,0.847701149425,4.19534890856,5.83254381485,0.890804597701,5.3846720289,8.10964726382,0.896551724138,6.4162324673,11.1655460841,0.860022115969,1.11237332142
DRIFT1,29,MJ3,348,0.555844422624,0.666666666667,2.13079760333,4.22307049322,0.709770114943,2.734849116,5.56769441658,0.764367816092,3.25877371863,6.96456436532,0.697607660773,0.926043943792
DRIFT1,29,MJ1,348,0.797020988991,0.787356321839,3.43929949326,6.87000970662,0.793103448276,4.41429310982,10.4820208909,0.807471264368,5.25995466751,16.1186244843,0.868509728391,1.26256582432
DRIFT1,30,ATU1,347,0.928085873885,0.743515850144,3.8500165435,6.06127911718,0.870317002882,4.94144273681,7.65994301165,0.890489913545,5.88809219077,9.36794069654,1.2827751578,1.61096539217
DRIFT1,30,ATU5,347,0.775538289687,0.841498559078,4.49319373202,6.25258621394,0.890489913545,5.76695172119,8.70965220343,0.896253602305,6.8717468162,12.0128756507,0.911285953935,1.18083816516
DRIFT1,30,MJ3,347,0.590320976022,0.665706051873,2.25591019289,4.49127031032,0.706051873199,2.89542938623,5.93209889231,0.749279538905,3.45011691241,7.40485151587,0.739241749289,0.982369128505
DRIFT1,30,MJ1,347,0.84876295623,0.78674351585,3.66543941542,7.33930707451,0.792507204611,4.70454055765,11.2136410984,0.806916426513,5.60580583324,17.2701111837,0.918386054332,1.33745158104
DRIFT14,1,ATU1,376,0.0167157350816,0.739361702128,0.0721689056279,0.106170170562,0.856382978723,0.0926277875714,0.124335966813,0.925531914894,0.110372816543,0.136510130035,0.023504492101,0.0296062022622
DRIFT14,1,ATU5,376,0.0123640246793,0.797872340426,0.0610010595544,0.0840172994312,0.867021276596,0.0782940123157,0.104968285401,0.909574468085,0.0932930698693,0.124185601727,0.0165334881473,0.02086357235
DRIFT14,1,MJ3,376,0.010304348658,0.760638297872,0.0447077048126,0.0708398408557,0.835106382979,0.0573817179042,0.0876219165783,0.877659574468,0.0683745341351,0.105481658001,0.0139889023511,0.0182446320582
DRIFT14,1,MJ1,376,0.0135825767108,0.779255319149,0.0607274809944,0.0982683147961,0.821808510638,0.0779428780354,0.130767224615,0.851063829787,0.0928746675678,0.166851696053,0.0174608449837,0.024834566638
DRIFT14,2,ATU1,375,0.0356216224522,0.733333333333,0.153447512441,0.226919366588,0.858666666667,0.196947750033,0.266478005611,0.928,0.23467771878,0.295177089785,0.0500012293127,0.0629624605985
DRIFT14,2,ATU5,375,0.0264902686437,0.794666666667,0.131154163275,0.181998015236,0.861333333333,0.168334546149,0.228765306782,0.906666666667,0.200582983434,0.273189983836,0.0351591514488,0.0443975877193
DRIFT14,2,MJ3,375,0.0220192134967,0.757333333333,0.0948465282957,0.15249039648,0.834666666667,0.121734201155,0.189734440629,0.872,0.145055247495,0.230907899655,0.0297527574644,0.038811438459
DRIFT14,2,MJ1,375,0.028989686398,0.781333333333,0.12933635568,0.212179790558,0.821333333333,0.166001415359,0.285461870434,0.845333333333,0.197802886625,0.370382130017,0.0371329460853,0.05281688477
DRIFT14,3,ATU1,374,0.0566818525514,0.732620320856,0.243622691855,0.362079107143,0.855614973262,0.312686339808,0.426320960483,0.935828877005,0.372588754671,0.47927735784,0.079393945312,0.099982812362
DRIFT14,3,ATU5,374,0.0423899037004,0.794117647059,0.210617639122,0.294379044106,0.863636363636,0.270324813238,0.372238731682,0.906417112299,0.322111882415,0.449383312777,0.0558464608915,0.0705549018858
DRIFT14,3,MJ3,374,0.035134223246,0.756684491979,0.150273983214,0.245032988579,0.823529411765,0.192874569367,0.306692062851,0.871657754011,0.22982422466,0.376658281046,0.0472493962293,0.0616559069336
DRIFT14,3,MJ1,374,0.046223057223,0.780748663102,0.205782760519,0.342203731164,0.820855614973,0.264119313733,0.464955405873,0.844919786096,0.314717573683,0.613111807773,0.0589368526671,0.0838836114179
DRIFT14,4,ATU1,373,0.0798567732816,0.72654155496,0.342450941835,0.511444381372,0.860589812332,0.439531025418,0.604063702088,0.932975871314,0.523733519988,0.688825812171,0.111637491313,0.140572643747
DRIFT14,4,ATU5,373,0.0600640574361,0.793565683646,0.299543229647,0.421350771296,0.857908847185,0.384459573037,0.536207886913,0.903485254692,0.458111837015,0.654066891059,0.0785091476309,0.0992841730189
DRIFT14,4,MJ3,373,0.0496347132494,0.750670241287,0.210844114619,0.348584666959,0.815013404826,0.270615491391,0.439014060314,0.871313672922,0.322458246797,0.542609759309,0.0664365792523,0.0867297832644
DRIFT14,4,MJ1,373,0.0652872395864,0.780160857909,0.290017317771,0.488494944941,0.820375335121,0.372233197509,0.670357505372,0.8418230563,0.443543212,0.896477275257,0.0828495635479,0.117966326943
DRIFT14,5,ATU1,372,0.10510302297,0.728494623656,0.449660879622,0.674829815045,0.860215053763,0.577133490864,0.79951725952,0.932795698925,0.687696970618,0.92359192331,0.14666433427,0.184629809473
DRIFT14,5,ATU5,372,0.0795016965962,0.787634408602,0.398075329793,0.562956823858,0.85752688172,0.510924154451,0.720841771618,0.903225806452,0.608803680246,0.88849018061,0.103131524027,0.130530688761
DRIFT14,5,MJ3,372,0.0655020316379,0.747311827957,0.276408830346,0.463178640925,0.811827956989,0.354766892991,0.586714680555,0.865591397849,0.422730826486,0.729025797062,0.0872634601402,0.113981867092
DRIFT14,5,MJ1,372,0.0861874703677,0.77688172043,0.381984844254,0.651509307003,0.819892473118,0.490272239842,0.901981885071,0.838709677419,0.584195406184,1.22259173513,0.108825527554,0.154992277438
DRIFT14,6,ATU1,371,0.132372650664,0.730458221024,0.564957744862,0.852146282582,0.859838274933,0.725115415325,1.01381949609,0.929919137466,0.864028309501,1.18364560034,0.184297867118,0.232045517965
DRIFT14,6,ATU5,371,0.100678868561,0.789757412399,0.506349251287,0.719290204116,0.857142857143,0.649892228199,0.925897354345,0.902964959569,0.774394353535,1.15204073923,0.129672635019,0.164237115911
DRIFT14,6,MJ3,371,0.0827137803852,0.746630727763,0.346817756271,0.588739183171,0.808625336927,0.44513577107,0.749726040177,0.865229110512,0.53041198635,0.93601186345,0.109681659586,0.143358500781
DRIFT14,6,MJ1,371,0.108926612551,0.77897574124,0.481623942478,0.831217028821,0.814016172507,0.618157637905,1.16040723338,0.838274932615,0.736580256876,1.5918760345,0.136718503645,0.1948846886
DRIFT14,7,ATU1,370,0.161611525856,0.721621621622,0.688030318001,1.04309888902,0.864864864865,0.883077352831,1.245802251,0.927027027027,1.0522515674,1.46852531057,0.224559326033,0.282705218324
DRIFT14,7,ATU5,370,0.123559082047,0.786486486486,0.624488855044,0.890076313325,0.859459459459,0.801522768047,1.15110598456,0.9,0.955073285805,1.4439229055,0.157986703768,0.200344248802
DRIFT14,7,MJ3,370,0.101244144489,0.740540540541,0.421917706187,0.725152061301,0.802702702703,0.541525513257,0.928412285301,0.864864864865,0.645267448303,1.16226443329,0.133654972938,0.174804093418
DRIFT14,7,MJ1,370,0.133501990376,0.775675675676,0.588867466439,1.02777230535,0.816216216216,0.755803210739,1.44623447961,0.837837837838,0.900595073128,2.00557580892,0.166571741485,0.23756306596
DRIFT14,8,ATU1,369,0.192757470248,0.720867208672,0.818559562709,1.2472872828,0.864498644986,1.05060982468,1.49588440837,0.926829268293,1.25187882037,1.77615401614,0.267350034106,0.336489479507
DRIFT14,8,ATU5,369,0.148094612727,0.785907859079,0.752604461977,1.07457885845,0.859078590786,0.965957369352,1.39515766084,0.90243902439,1.15100919833,1.76179537269,0.188118753445,0.238791747393
DRIFT14,8,MJ3,369,0.121064301094,0.737127371274,0.501552685484,0.87253947972,0.79945799458,0.64373590264,1.12253168812,0.861788617886,0.767058639174,1.40760278487,0.15909268131,0.208261666406
DRIFT14,8,MJ1,369,0.159902832057,0.775067750678,0.703643649393,1.24144050604,0.818428184282,0.903116846722,1.75916114557,0.834688346883,1.07613009717,2.46386253298,0.198311350007,0.282943486221
DRIFT14,9,ATU1,368,0.225738560456,0.720108695652,0.956224517799,1.46396428899,0.872282608696,1.22730088166,1.76481605606,0.923913043478,1.46241920061,2.1061198906,0.312397947862,0.393274847688
DRIFT14,9,ATU5,368,0.174228676391,0.785326086957,0.890791357729,1.27271598785,0.85597826087,1.14331832991,1.65727532487,0.899456521739,1.36234781793,2.10361428593,0.219999705884,0.279518852991
DRIFT14,9,MJ3,368,0.142142859543,0.733695652174,0.585564555755,1.03043616774,0.796195652174,0.75156397077,1.33154834182,0.853260869565,0.895543707143,1.67165226595,0.185987738021,0.243673404266
DRIFT14,9,MJ1,368,0.188108847232,0.779891304348,0.825876899532,1.47179334504,0.8125,1.06000152482,2.09971504887,0.83152173913,1.26306972132,2.96679756616,0.231714968863,0.330938882677
DRIFT14,10,ATU1,367,0.26047216816,0.716621253406,1.10070420519,1.69202354619,0.869209809264,1.41273855284,2.05011580591,0.920980926431,1.68338181451,2.45756478612,0.359835755401,0.452934663914
DRIFT14,10,ATU5,367,0.201898449937,0.790190735695,1.03912839536,1.48299785206,0.858310626703,1.33370685654,1.93566405942,0.901907356948,1.58920973996,2.46918266245,0.253458897368,0.322465066801
DRIFT14,10,MJ3,367,0.164446290124,0.730245231608,0.673793706562,1.19855353174,0.787465940054,0.864804859869,1.55567179296,0.844686648501,1.03047854911,1.95651736769,0.214292021803,0.280981191761
DRIFT14,10,MJ1,367,0.218090216069,0.776566757493,0.95548791675,1.71880530621,0.811989100817,1.22635546445,2.46740590499,0.8310626703,1.46129266652,3.51515985885,0.266924327432,0.381459326415
DRIFT14,11,ATU1,366,0.296865274314,0.715846994536,1.25167886584,1.93158778791,0.866120218579,1.60651243197,2.35012410293,0.920765027322,1.91427763284,2.82722850127,0.409534696057,0.515339820614
DRIFT14,11,ATU5,366,0.231038846068,0.784153005464,1.19767667192,1.70528370179,0.857923497268,1.53720136644,2.22885143564,0.901639344262,1.83168840427,2.85675130483,0.288536952381,0.367570774042
DRIFT14,11,MJ3,366,0.187939322289,0.729508196721,0.766079745743,1.3769357767,0.784153005464,0.983252708823,1.7936746461,0.830601092896,1.17161786643,2.26105732967,0.243893554955,0.320127115978
DRIFT14,11,MJ1,366,0.249808976438,0.781420765027,1.09239372036,1.98272473506,0.814207650273,1.40207216104,2.86139766646,0.827868852459,1.67067202476,4.10758998328,0.303796837773,0.434412304218
DRIFT14,12,ATU1,365,0.334815900593,0.723287671233,1.40883105755,2.18064568438,0.865753424658,1.80821508637,2.66467158827,0.917808219178,2.15462116963,3.21274680294,0.46110269431,0.580359050501
DRIFT14,12,ATU5,365,0.261586717193,0.786301369863,1.36647834589,1.93833307855,0.86301369863,1.75385596945,2.53711227621,0.906849315068,2.08984828672,3.26791414027,0.325198069851,0.414777372772
DRIFT14,12,MJ3,365,0.212585056543,0.72602739726,0.86226222314,1.56506102506,0.780821917808,1.10670158209,2.04483024735,0.824657534247,1.31871627176,2.58393438928,0.274808582871,0.36105365546
DRIFT14,12,MJ1,365,0.283221457156,0.780821917808,1.23650771111,2.26280721736,0.81095890411,1.58704046568,3.28365414776,0.827397260274,1.89107535392,4.74552655147,0.34215493411,0.489702983463
DRIFT14,13,ATU1,364,0.374214938835,0.714285714286,1.57184661635,2.43840582567,0.862637362637,2.01744329095,2.99128056134,0.914835164835,2.40393195256,3.61524945903,0.514820083716,0.647857889762
DRIFT14,13,ATU5,364,0.293484830341,0.782967032967,1.54555566451,2.18111737577,0.868131868132,1.98369921958,2.85913968008,0.912087912088,2.36372341151,3.71152023256,0.363287228807,0.464025957181
DRIFT14,13,MJ3,364,0.23834422164,0.722527472527,0.962181383759,1.762418438,0.774725274725,1.23494643634,2.30912242548,0.821428571429,1.47152944092,2.92303497902,0.306980463517,0.403702949657
DRIFT14,13,MJ1,364,0.318281287355,0.782967032967,1.38773978505,2.5591630127,0.81043956044,1.78114473118,3.73129303615,0.826923076923,2.12236485191,5.42767967037,0.382082426196,0.547234457173
DRIFT14,14,ATU1,363,0.41494907786,0.719008264463,1.74041545889,2.70459210111,0.859504132231,2.23379905806,3.32820732791,0.914600550964,2.66173575007,4.0309355997,0.570490234204,0.717698586691
DRIFT14,14,ATU5,363,0.326686911892,0.790633608815,1.73491026696,2.43362015137,0.870523415978,2.2267332207,3.19805376331,0.920110192837,2.65331628556,4.21056491998,0.402784499214,0.515257027296
DRIFT14,14,MJ3,363,0.265175004048,0.719008264463,1.06567894876,1.96882420462,0.768595041322,1.3677841229,2.58490521639,0.815426997245,1.62981530732,3.27627259219,0.340300546127,0.448016655499
DRIFT14,14,MJ1,363,0.354942593,0.785123966942,1.54599650945,2.87174560596,0.809917355372,1.98426503794,4.20556513874,0.829201101928,2.36439762567,6.15395983935,0.423382307328,0.606908047533
DRIFT14,15,ATU1,362,0.456904052358,0.729281767956,1.91423221298,2.97676983648,0.859116022099,2.45689044671,3.67558247084,0.917127071823,2.92756553569,4.45669822978,0.62767465114,0.789740393829
DRIFT14,15,ATU5,362,0.361162700581,0.798342541436,1.9345228362,2.69571609604,0.889502762431,2.48293317966,3.5614932575,0.919889502762,2.958597366,4.75007947939,0.443632778002,0.568410598361
DRIFT14,15,MJ3,362,0.29303314567,0.71270718232,1.172598941,2.18301065485,0.770718232044,1.50501444726,2.87132228724,0.812154696133,1.7933353245,3.64429800904,0.374883544906,0.493936055191
DRIFT14,15,MJ1,362,0.393163012287,0.78453038674,1.71118136681,3.20014722001,0.812154696133,2.19627750709,4.70683095556,0.828729281768,2.61702606445,6.92832653442,0.466122966858,0.668623641483
DRIFT14,16,ATU1,361,0.499967683225,0.731301939058,2.09299657006,3.25513472238,0.861495844875,2.68633201505,4.03285829321,0.914127423823,3.2009620271,4.89125808743,0.686729326124,0.863839892469
DRIFT14,16,ATU5,361,0.396901701613,0.797783933518,2.14435315171,2.96863372035,0.90027700831,2.75224747399,3.96861535124,0.916897506925,3.27950514086,5.32412034697,0.48578165407,0.623426324612
DRIFT14,16,MJ3,361,0.321872107567,0.706371191136,1.28278854757,2.40543561788,0.761772853186,1.6464412762,3.1682724641,0.806094182825,1.9618557853,4.02227416321,0.410433390928,0.541402181866
DRIFT14,16,MJ1,361,0.432906187369,0.781163434903,1.88319494889,3.54417081035,0.81163434903,2.41705454952,5.23385335522,0.839335180055,2.88009813645,7.75558362384,0.510169255361,0.732280048682
DRIFT14,17,ATU1,360,0.544032473405,0.75,2.27641270611,3.54287139279,0.861111111111,2.92174407706,4.39634361928,0.911111111111,3.48147280053,5.33707615845,0.747339903916,0.939851347883
DRIFT14,17,ATU5,360,0.433914402842,0.808333333333,2.36434102012,3.25595083001,0.908333333333,3.03459884632,4.4026683941,0.913888888889,3.61594755233,5.93355290639,0.52914024739,0.680243634737
DRIFT14,17,MJ3,360,0.35164331596,0.705555555556,1.39609884856,2.63492435707,0.752777777778,1.79187347304,3.47331307102,0.797222222222,2.13514893633,4.40758912751,0.447106932345,0.590355959344
DRIFT14,17,MJ1,360,0.474143284925,0.786111111111,2.06193471479,3.90418484397,0.816666666667,2.64646455542,5.79126451494,0.833333333333,3.1534570189,8.6336897947,0.555198289395,0.797775383533
DRIFT14,18,ATU1,359,0.588997620584,0.743732590529,2.46418732348,3.8378670553,0.857938718663,3.16275018929,4.76678735768,0.910863509749,3.76864929592,5.78680901078,0.809171441182,1.01762709507
DRIFT14,18,ATU5,359,0.47223005141,0.83008356546,2.59441000233,3.57238181591,0.905292479109,3.32988918812,4.86142053114,0.91364902507,3.96780769686,6.57733974133,0.573673013473,0.738801877341
DRIFT14,18,MJ3,359,0.382296553847,0.701949860724,1.51238473776,2.87046135862,0.75208913649,1.94112479602,3.78527129003,0.793871866295,2.31299285685,4.80019246065,0.484871577124,0.640738353581
DRIFT14,18,MJ1,359,0.516852994322,0.785515320334,2.24729410096,4.27974790267,0.821727019499,2.88437075197,6.38078157665,0.83286908078,3.43693973694,9.56046108045,0.601478251516,0.86500747198
DRIFT14,19,ATU1,358,0.63477040391,0.748603351955,2.65602741228,4.1376663792,0.860335195531,3.40897427761,5.14293378377,0.913407821229,4.06204339332,6.23794582132,0.8726698149,1.09701795383
DRIFT14,19,ATU5,358,0.511891135157,0.826815642458,2.83447554217,3.91087126443,0.902234636872,3.63800997276,5.34289540676,0.91061452514,4.334956257,7.25375356935,0.619227407235,0.799040474681
DRIFT14,19,MJ3,358,0.413780640117,0.695530726257,1.63150308437,3.11227018087,0.745810055866,2.09401153872,4.10296064359,0.793296089385,2.49516864714,5.19429646268,0.523461318699,0.692490533829
DRIFT14,19,MJ1,358,0.56101950642,0.793296089385,2.43916075333,4.6728381626,0.81843575419,3.13062893426,6.99977701178,0.826815642458,3.73037445981,10.5310551983,0.648665156409,0.933874282507
DRIFT14,20,ATU1,357,0.681266865467,0.745098039216,2.85163853854,4.44182741759,0.857142857143,3.6600384401,5.52341708433,0.90756302521,4.36120479482,6.69739387057,0.937214447541,1.17787366676
DRIFT14,20,ATU5,357,0.552945717422,0.829131652661,3.08445406368,4.26336752664,0.901960784314,3.9588539316,5.84791113686,0.910364145658,4.71726541429,7.96660552531,0.665931142136,0.860899080987
DRIFT14,20,MJ3,357,0.446044268402,0.694677871148,1.75331141691,3.35841432541,0.739495798319,2.25035084097,4.42476324712,0.789915966387,2.68145841588,5.59180002786,0.56306516684,0.745554040755
DRIFT14,20,MJ1,357,0.606628657604,0.801120448179,2.63741596122,5.0847371384,0.81512605042,3.38508673878,7.64540136657,0.826330532213,4.0335796352,11.5508874856,0.696807929589,1.00427437738
DRIFT14,21,ATU1,356,0.728411767619,0.744382022472,3.05072351334,4.74886252746,0.85393258427,3.91556123893,5.90532857741,0.907303370787,4.66567898919,7.15828376005,1.00279030283,1.2600433482
DRIFT14,21,ATU5,356,0.595439600519,0.828651685393,3.34427217078,4.62987269971,0.901685393258,4.29232686184,6.37438960229,0.910112359551,5.11462291917,8.71089551796,0.71355194097,0.924317739544
DRIFT14,21,MJ3,356,0.4790372724,0.685393258427,1.87766679293,3.60907692432,0.73595505618,2.40995923816,4.74967462251,0.783707865169,2.8716435515,5.98066187749,0.603558617171,0.799870957292
DRIFT14,21,MJ1,356,0.653663429911,0.797752808989,2.84193630229,5.51505364686,0.811797752809,3.6475857547,8.31705218782,0.820224719101,4.34636650495,12.6103493894,0.745468685529,1.07610737671
DRIFT14,22,ATU1,355,0.776137974127,0.743661971831,3.25298244622,5.05683707414,0.859154929577,4.17515776886,6.29318804422,0.904225352113,4.97500733357,7.61794516113,1.06949676276,1.34337593198
DRIFT14,22,ATU5,355,0.639410414946,0.833802816901,3.61387675245,5.01067054004,0.898591549296,4.63836059621,6.923869699,0.904225352113,5.52694754531,9.49063150234,0.762075898705,0.989237032593
DRIFT14,22,MJ3,355,0.51271279146,0.684507042254,2.00442453219,3.8633777153,0.729577464789,2.57265103517,5.0735938342,0.783098591549,3.06550278463,6.37131557759,0.64496842974,0.855384077953
DRIFT14,22,MJ1,355,0.702100160833,0.797183098592,3.05259522175,5.95937965957,0.805633802817,3.91796355068,9.01394533079,0.816901408451,4.6685415202,13.7193425043,0.795114390089,1.14927442741
DRIFT14,23,ATU1,354,0.824385499755,0.748587570621,3.45811522153,5.37013318135,0.858757062147,4.4384428356,6.68535037375,0.90395480226,5.28873084066,8.08734341392,1.13707853447,1.42772060687
DRIFT14,23,ATU5,354,0.684884747415,0.83615819209,3.89324592911,5.40523193374,0.898305084746,4.99692705255,7.49524033671,0.90395480226,5.95420583077,10.3052551422,0.811577543921,1.0555982188
DRIFT14,23,MJ3,354,0.547030711539,0.683615819209,2.13343737294,4.1199573829,0.734463276836,2.73823722362,5.39971913457,0.779661016949,3.26281089787,6.7601893507,0.687046822079,0.912037072822
DRIFT14,23,MJ1,354,0.751906325973,0.793785310734,3.26926563217,6.41906405661,0.802259887006,4.19605701176,9.7356167503,0.816384180791,4.99991031747,14.8634143701,0.845269015349,1.22367867019
DRIFT14,24,ATU1,353,0.873100504982,0.747875354108,3.66582703181,5.68412301523,0.85269121813,4.70503805789,7.08096353057,0.903682719547,5.60639864135,8.56192291161,1.20571805418,1.51292723002
DRIFT14,24,ATU5,353,0.73187820052,0.841359773371,4.18239911111,5.81612175166,0.895184135977,5.36805114381,8.08730526749,0.903682719547,6.39642746117,11.1499161475,0.86165163148,1.12334335364
DRIFT14,24,MJ3,353,0.581962330999,0.677053824363,2.26455571837,4.37910868064,0.728045325779,2.90652579805,5.72889400097,0.781869688385,3.46333910263,7.14497362652,0.729966352382,0.969774642905
DRIFT14,24,MJ1,353,0.803039764477,0.790368271955,3.49182423369,6.89222184611,0.801699716714,4.48170788432,10.4812719833,0.810198300283,5.34028432595,16.0508296414,0.895722360408,1.29922569821
DRIFT14,25,ATU1,352,0.922234289378,0.747159090909,3.87583490749,6.00029169063,0.857954545455,4.97458024823,7.48268924597,0.900568181818,5.92757797106,9.04091431658,1.27475562359,1.59884670881
DRIFT14,25,ATU5,352,0.780397358781,0.849431818182,4.48140228759,6.24405618086,0.894886363636,5.75181756611,8.70290173704,0.900568181818,6.85371335814,12.0296672567,0.912680681336,1.19241538833
DRIFT14,25,MJ3,352,0.617495181463,0.676136363636,2.39762861782,4.6417065069,0.727272727273,3.07732301543,6.05928101601,0.775568181818,3.66685653982,7.52807454412,0.773700698608,1.02854266374
DRIFT14,25,MJ1,352,0.855448565538,0.786931818182,3.72015629369,7.37936322453,0.798295454545,4.77476891061,11.246076231,0.809659090909,5.68948807721,17.2717361244,0.946917548826,1.37582400154
DRIFT14,26,ATU1,351,0.971742374894,0.749287749288,4.08787466998,6.31601958405,0.863247863248,5.24673033706,7.8890417857,0.897435897436,6.25186480349,9.52784125683,1.34445037805,1.68533134214
DRIFT14,26,ATU5,351,0.83044267709,0.846153846154,4.79037079831,6.6859887156,0.894586894587,6.14837435643,9.3386550147,0.900284900285,7.32623991863,12.9395809619,0.964544913887,1.26275824341
DRIFT14,26,MJ3,351,0.653635705175,0.675213675214,2.53250525419,4.90718691463,0.720797720798,3.25043530407,6.39007543244,0.777777777778,3.87313255457,7.90724819761,0.818096507749,1.0882883144
DRIFT14,26,MJ1,351,0.909071079557,0.786324786325,3.9541606443,7.87834092307,0.797720797721,5.07511024307,12.0332276684,0.803418803419,6.04736684834,18.5305386203,0.998195611523,1.45338539172
DRIFT14,27,ATU1,350,1.02158374243,0.751428571429,4.30170849645,6.63524806538,0.865714285714,5.52118308206,8.30786537008,0.897142857143,6.57889541998,10.0292324775,1.41508284151,1.77223511164
DRIFT14,27,ATU5,350,0.882011534453,0.845714285714,5.10947105894,7.14282821074,0.888571428571,6.55793510698,9.99721062277,0.897142857143,7.81426165346,13.8787950746,1.01694478009,1.3343168528
DRIFT14,27,MJ3,350,0.690407019898,0.668571428571,2.66903691189,5.17616352881,0.722857142857,3.42567178959,6.72376607318,0.777142857143,4.08193970603,8.28835317127,0.863259229829,1.14896018893
DRIFT14,27,MJ1,350,0.963835997355,0.782857142857,4.19375507036,8.38868606321,0.794285714286,5.38262635971,12.8366500214,0.802857142857,6.41379490211,19.8156832685,1.04986781979,1.53182540058
DRIFT14,28,ATU1,349,1.07172020273,0.750716332378,4.51713310499,6.95586553801,0.87106017192,5.79767757376,8.74262938444,0.893982808023,6.90835892772,10.5439990284,1.48553202675,1.85941391306
DRIFT14,28,ATU5,349,0.935100987986,0.845272206304,5.43892114278,7.61354941714,0.888252148997,6.98077971181,10.6780238344,0.896848137536,8.31811207695,14.8525349157,1.07009917907,1.40703717479
DRIFT14,28,MJ3,349,0.727840329907,0.667621776504,2.80707940125,5.4495112809,0.719197707736,3.60284740655,7.06003796052,0.770773638968,4.2930574751,8.66317689443,0.909109752693,1.21050838762
DRIFT14,28,MJ1,349,1.01966284029,0.78223495702,4.43888229085,8.91014064986,0.790830945559,5.69724374111,13.6592033145,0.799426934097,6.78868463477,21.1285701567,1.10181413434,1.61106364742
DRIFT14,29,ATU1,348,1.12211580259,0.755747126437,4.73398860546,7.27965032048,0.867816091954,6.07600859536,9.18517443231,0.887931034483,7.24001079581,11.0707374295,1.55680228382,1.94672559652
DRIFT14,29,ATU5,348,0.989709997707,0.841954022989,5.77899003038,8.09924872344,0.887931034483,7.41725340373,11.3786129785,0.89367816092,8.83820255937,15.8573855934,1.12392619177,1.48086592595
DRIFT14,29,MJ3,348,0.765961553971,0.663793103448,2.94649593341,5.72656367389,0.715517241379,3.78178658835,7.39874957566,0.775862068966,4.5062766613,9.04008078333,0.955612614542,1.27288449962
DRIFT14,29,MJ1,348,1.07646352747,0.778735632184,4.689517188,9.44028866723,0.790229885057,6.01893014898,14.4947527423,0.798850574713,7.17199763199,22.4623242177,1.15377910867,1.6910243679
DRIFT14,30,ATU1,347,1.17273629118,0.760806916427,4.95216812994,7.60468081211,0.867435158501,6.35603898338,9.63505187176,0.890489913545,7.57368758389,11.6156437607,1.62861611589,2.03402983699
DRIFT14,30,ATU5,347,1.04584108639,0.844380403458,6.12999532013,8.59916357117,0.884726224784,7.86776381583,12.1028511472,0.890489913545,9.37501882552,16.8936803765,1.17828012603,1.5557496848
DRIFT14,30,MJ3,347,0.804777859798,0.654178674352,3.08716046541,6.0111189384,0.71181556196,3.96232756062,7.74421568856,0.772334293948,4.72140449856,9.41868001991,1.00270811779,1.33604136976
DRIFT14,30,MJ1,347,1.13414579696,0.775216138329,4.94567470575,9.98076316417,0.78674351585,6.34770476366,15.3407367191,0.795389048991,7.56375674857,23.8085485624,1.20564667024,1.77163771382
DRIFT3,1,ATU1,376,0.0046413161981,0.752659574468,0.020092228216,0.0298957657821,0.86170212766,0.0257880957296,0.0353777501581,0.914893617021,0.0307284113502,0.0398823721541,0.00648807688056,0.00825242558573
DRIFT3,1,ATU5,376,0.00338455390945,0.789893617021,0.0164536602051,0.0226783179729,0.872340425532,0.0211180442462,0.0282052516174,0.917553191489,0.0251637017838,0.0333240445444,0.00458374781588,0.00576770251481
DRIFT3,1,MJ3,376,0.0027664502845,0.773936170213,0.0122211484594,0.0189253050849,0.843085106383,0.0156856742322,0.0233201216255,0.890957446809,0.0186906336616,0.0279437565216,0.00376445067811,0.00492669490075
DRIFT3,1,MJ1,376,0.0037152251267,0.781914893617,0.0167082626182,0.0269529918603,0.827127659574,0.0214448229057,0.0357831992236,0.853723404255,0.0255530825731,0.0457582674939,0.00473900023874,0.00677303741741
DRIFT3,2,ATU1,375,0.0116190807125,0.744,0.0501516895546,0.075111772031,0.858666666667,0.0643689966752,0.0891759023136,0.917333333333,0.0767003903188,0.101232103129,0.0162136837406,0.0206164395952
DRIFT3,2,ATU5,375,0.0085103205503,0.786666666667,0.0414931886679,0.0576148938491,0.874666666667,0.0532559310987,0.0720502243501,0.912,0.0634583559329,0.0858110698719,0.0114462856534,0.014411013255
DRIFT3,2,MJ3,375,0.00693570942684,0.770666666667,0.0303942803056,0.0477823087313,0.837333333333,0.0390106364374,0.0592602811935,0.888,0.0464840403903,0.0715287452494,0.00939996105525,0.0122943453887
DRIFT3,2,MJ1,375,0.00930377727735,0.781333333333,0.0416851531173,0.0682080417279,0.826666666667,0.0535023148022,0.0915387921378,0.850666666667,0.0637519402235,0.118976784598,0.0118298314936,0.0169050956916
DRIFT3,3,ATU1,374,0.0209319620215,0.743315508021,0.0900886486122,0.135747026574,0.860962566845,0.115627528693,0.161743040048,0.914438502674,0.137778698449,0.184891619178,0.029163827689,0.0370635465888
DRIFT3,3,ATU5,374,0.0154033013609,0.786096256684,0.0753216671741,0.105300035532,0.868983957219,0.0966743132077,0.132450792886,0.909090909091,0.115194549237,0.159237169494,0.0205733242671,0.0259137860153
DRIFT3,3,MJ3,374,0.0125142717493,0.770053475936,0.0544038607268,0.0868034917207,0.828877005348,0.0698265992899,0.108347658566,0.885026737968,0.0832035249391,0.131443578658,0.0169004104795,0.0220809983084
DRIFT3,3,MJ1,374,0.0167741405963,0.780748663102,0.0748854346406,0.124245387036,0.823529411765,0.0961144148126,0.168432070317,0.850267379679,0.114527389149,0.222345328462,0.0212604821743,0.0303662051872
DRIFT3,4,ATU1,373,0.0325729518345,0.73726541555,0.139787024487,0.211859164993,0.857908847185,0.179414703559,0.253245679362,0.914209115282,0.213785805321,0.291788586852,0.0452948491574,0.0575537607202
DRIFT3,4,ATU5,373,0.0240846164606,0.788203753351,0.118136004702,0.166148172655,0.865951742627,0.151625920511,0.210345333127,0.903485254692,0.180673427991,0.255385316739,0.0319471134295,0.0402531565915
DRIFT3,4,MJ3,373,0.019505095309,0.766756032172,0.0841265181196,0.136203285733,0.825737265416,0.107975217051,0.171062252613,0.879356568365,0.128660406723,0.208281715614,0.026244447177,0.0342605730358
DRIFT3,4,MJ1,373,0.026136324896,0.777479892761,0.116268495011,0.195459272424,0.823056300268,0.149228997771,0.267553289053,0.8418230563,0.177817318385,0.358133537955,0.0329894524596,0.0471198000228
DRIFT3,5,ATU1,372,0.0465295242165,0.736559139785,0.19910283545,0.30349611897,0.854838709677,0.255545722725,0.364157557901,0.91935483871,0.304501509883,0.42327739507,0.0645823076457,0.0820361181969
DRIFT3,5,ATU5,372,0.0345677938959,0.779569892473,0.170127922339,0.240587598466,0.870967741935,0.21835682436,0.306385148755,0.900537634409,0.260188204295,0.375882432922,0.0455249542321,0.0573997624124
DRIFT3,5,MJ3,372,0.0279072987813,0.766129032258,0.119433788981,0.196123345771,0.822580645161,0.1532916086,0.247766474868,0.879032258065,0.182658217768,0.302417037281,0.0374074292554,0.0488031223801
DRIFT3,5,MJ1,372,0.0374013523149,0.779569892473,0.165796713121,0.282252663186,0.822580645161,0.212797777511,0.389837981538,0.841397849462,0.253564191413,0.528822010819,0.0469974818942,0.0671234788263
DRIFT3,6,ATU1,371,0.0627827746479,0.738544474394,0.26786053311,0.410703398158,0.854447439353,0.343795272269,0.494315159467,0.916442048518,0.40965733404,0.579688661802,0.0869946116882,0.110448800576
DRIFT3,6,ATU5,371,0.0468563482414,0.77897574124,0.231484195877,0.328750221111,0.865229110512,0.297106748888,0.421213016956,0.900269541779,0.354024527072,0.521478493589,0.0612866312053,0.0773177636296
DRIFT3,6,MJ3,371,0.0377156956255,0.760107816712,0.160193697289,0.266725801126,0.814016172507,0.205606384546,0.338921185735,0.867924528302,0.244995118166,0.414577861205,0.050362262187,0.0656746368162
DRIFT3,6,MJ1,371,0.0505796548244,0.77897574124,0.223432594027,0.385075991181,0.819407008086,0.286772629791,0.536377715958,0.843665768194,0.341710664665,0.735913986915,0.0632701720721,0.0903292650875
DRIFT3,7,ATU1,370,0.081305851116,0.735135135135,0.345850044801,0.533554558591,0.851351351351,0.443893726844,0.643538113412,0.913513513514,0.528931999372,0.761496896376,0.11242970612,0.142719210422
DRIFT3,7,ATU5,370,0.0609419976571,0.781081081081,0.302384844607,0.430791181705,0.864864864865,0.388106746353,0.554882410203,0.897297297297,0.462457712069,0.692474966498,0.0792059040842,0.0999648364533
DRIFT3,7,MJ3,370,0.0489201956896,0.754054054054,0.206270550621,0.348116906776,0.813513513514,0.26474538555,0.444796292094,0.859459459459,0.315463584266,0.546028387367,0.0650724129081,0.084836823918
DRIFT3,7,MJ1,370,0.0656788788665,0.775675675676,0.289136146698,0.504076184701,0.821621621622,0.37110222668,0.707665938895,0.837837837838,0.442195577136,0.981328727329,0.0817135994073,0.116683854034
DRIFT3,8,ATU1,369,0.10206249425,0.728997289973,0.432834734264,0.671627364478,0.850948509485,0.5555373671,0.811992797968,0.915989159892,0.661963601953,0.967817927529,0.140865243975,0.178764010335
DRIFT3,8,ATU5,369,0.0768035859538,0.785907859079,0.383000599977,0.546882632752,0.867208672087,0.491575948198,0.707250653624,0.89701897019,0.585748870505,0.887899335231,0.0991964462168,0.125292145273
DRIFT3,8,MJ3,369,0.0615052300948,0.747967479675,0.2575241988,0.440275729831,0.807588075881,0.330528730807,0.565455860614,0.850948509485,0.393849274867,0.696954967676,0.0814954935568,0.106246867789
DRIFT3,8,MJ1,369,0.0827016502224,0.780487804878,0.362864446336,0.639600295712,0.815718157182,0.465731474795,0.904180783256,0.837398373984,0.554953281014,1.26628121685,0.102318455176,0.146128854923
DRIFT3,9,ATU1,368,0.12500586945,0.73097826087,0.528562440741,0.824168057705,0.850543478261,0.678402548206,0.998844059857,0.913043478261,0.808366495181,1.19795833002,0.172247917481,0.218489685957
DRIFT3,9,ATU5,368,0.0944071698695,0.796195652174,0.47349129052,0.67673304764,0.864130434783,0.607719492123,0.877452255569,0.899456521739,0.724142439028,1.10701013182,0.121242099575,0.153244955624
DRIFT3,9,MJ3,368,0.0754496352154,0.747282608696,0.313810490157,0.543176183122,0.801630434783,0.402771403655,0.700904278917,0.842391304348,0.479931729019,0.868075467177,0.0995883229016,0.129857460569
DRIFT3,9,MJ1,368,0.101643809701,0.777173913043,0.444572382684,0.791829360244,0.817934782609,0.570602475749,1.12698746844,0.834239130435,0.679914786114,1.59105333131,0.125073415395,0.178601066111
DRIFT3,10,ATU1,367,0.150078679694,0.719346049046,0.632769442632,0.991372993772,0.850136239782,0.812150787156,1.20384242946,0.910081743869,0.967737351677,1.45260141312,0.206411237219,0.261795674032
DRIFT3,10,ATU5,367,0.113708901883,0.795640326975,0.574004327703,0.820129920568,0.863760217984,0.736726578697,1.06499345251,0.901907356948,0.877863864018,1.34855951359,0.145321115781,0.183766119613
DRIFT3,10,MJ3,367,0.0907281214977,0.738419618529,0.374981838937,0.656910731225,0.792915531335,0.481283979825,0.85149333056,0.83651226158,0.573485233784,1.05862493736,0.119304447795,0.155618409461
DRIFT3,10,MJ1,367,0.122493493069,0.773841961853,0.534212462402,0.96083390974,0.817438692098,0.6856542725,1.37568063731,0.83378746594,0.81700745764,1.95759185435,0.1498145244,0.214032890948
DRIFT3,11,ATU1,366,0.177213956035,0.72131147541,0.745182676048,1.17197892491,0.846994535519,0.95643161024,1.42652157516,0.909836065574,1.13965855626,1.72906362214,0.243364413486,0.308577651648
DRIFT3,11,ATU5,366,0.134658977033,0.795081967213,0.684673153204,0.976206091106,0.860655737705,0.878768478461,1.26848178538,0.904371584699,1.04711722691,1.6117510149,0.171285665603,0.216799391845
DRIFT3,11,MJ3,366,0.10731320083,0.737704918033,0.440887794275,0.781269388923,0.789617486339,0.565873357725,1.01684747137,0.830601092896,0.674279694423,1.26884083415,0.140593144861,0.183478818058
DRIFT3,11,MJ1,366,0.145231225703,0.773224043716,0.631734364973,1.14650243307,0.811475409836,0.810822279363,1.65058678191,0.83606557377,0.966154337003,2.36572359806,0.176558498024,0.25235272787
DRIFT3,12,ATU1,365,0.206336280294,0.720547945205,0.865521618248,1.3649370028,0.854794520548,1.11088497042,1.66609626283,0.906849315068,1.32370108641,2.02615533005,0.283054013491,0.35872951386
DRIFT3,12,ATU5,365,0.157205949932,0.794520547945,0.805615673486,1.14421265742,0.865753424658,1.03399652272,1.48771427668,0.906849315068,1.23208285009,1.89753258708,0.199161410455,0.252291184176
DRIFT3,12,MJ3,365,0.125176423391,0.73698630137,0.511375643026,0.915980001983,0.783561643836,0.656343532153,1.19644804254,0.827397260274,0.782081556333,1.49813669972,0.163404271431,0.213388657323
DRIFT3,12,MJ1,365,0.169830907004,0.778082191781,0.737084519357,1.34892444821,0.81095890411,0.946037738652,1.95207667837,0.830136986301,1.12727349437,2.81543832266,0.205318588469,0.293485263034
DRIFT3,13,ATU1,364,0.23736210761,0.717032967033,0.993499974301,1.57082948384,0.854395604396,1.27514341213,1.92172893653,0.903846153846,1.51942709183,2.34398811682,0.32522635154,0.412141036479
DRIFT3,13,ATU5,364,0.181299510354,0.791208791209,0.936932721291,1.32376202323,0.868131868132,1.2025401289,1.72202905281,0.917582417582,1.43291494392,2.21159251815,0.2289504258,0.29018769872
DRIFT3,13,MJ3,364,0.144286978921,0.730769230769,0.58629104676,1.06106115357,0.777472527473,0.75249641188,1.3902224023,0.821428571429,0.896654779255,1.7444929402,0.187712180076,0.245297480058
DRIFT3,13,MJ1,364,0.196261380386,0.774725274725,0.850205735985,1.56809409952,0.813186813187,1.09122724835,2.27968327039,0.82967032967,1.30027746583,3.30808515746,0.235837208883,0.337351542564
DRIFT3,14,ATU1,363,0.270201960905,0.724517906336,1.1288271911,1.78755823259,0.853994490358,1.4488340145,2.19221040905,0.906336088154,1.7263922099,2.68015898045,0.369987462716,0.468697100461
DRIFT3,14,ATU5,363,0.206895291322,0.793388429752,1.07870659253,1.51407613871,0.870523415978,1.38450492267,1.972333601,0.925619834711,1.64973936913,2.57202385906,0.26041846307,0.330433964389
DRIFT3,14,MJ3,363,0.164611102881,0.724517906336,0.665478709949,1.21587563135,0.776859504132,0.854132677255,1.59747845425,0.812672176309,1.01776185918,2.01135001876,0.213456465183,0.279153870085
DRIFT3,14,MJ1,363,0.224488504747,0.774104683196,0.971036899761,1.80368949303,0.809917355372,1.24631236808,2.63409149384,0.831955922865,1.48507278393,3.8422311197,0.268165169036,0.383869155693
DRIFT3,15,ATU1,362,0.304763336569,0.720994475138,1.27120982339,2.01410220778,0.864640883978,1.6315801446,2.47698091054,0.906077348066,1.94414765479,3.03186133185,0.417265875731,0.528277810654
DRIFT3,15,ATU5,362,0.233960018352,0.803867403315,1.2309997366,1.71476493973,0.889502762431,1.57997105693,2.2456002735,0.922651933702,1.88265163384,2.96675285741,0.293645007513,0.37297385538
DRIFT3,15,MJ3,362,0.186112096385,0.718232044199,0.748783100898,1.38032517623,0.767955801105,0.961052705506,1.81761233184,0.809392265193,1.14516493089,2.29319460894,0.240573545176,0.314905446711
DRIFT3,15,MJ1,362,0.254477379607,0.776243093923,1.09951272427,2.0553043154,0.809392265193,1.41120930364,3.01409246189,0.82320441989,1.68155960169,4.42009654841,0.302393085834,0.432952476908
DRIFT3,16,ATU1,361,0.340953316323,0.720221606648,1.42035276665,2.24990210073,0.864265927978,1.8230030399,2.77643320135,0.903047091413,2.17224210311,3.39736279167,0.466666935215,0.590758661262
DRIFT3,16,ATU5,361,0.26247525223,0.803324099723,1.39385365694,1.92746870253,0.897506925208,1.78899180079,2.55543038154,0.92243767313,2.13171521206,3.39298255111,0.32866386895,0.417750141836
DRIFT3,16,MJ3,361,0.208750539447,0.714681440443,0.836049230257,1.55413371169,0.764542936288,1.07305756996,2.05041846022,0.803324099723,1.27862695865,2.59034052582,0.269051429147,0.352498911568
DRIFT3,16,MJ1,361,0.286194418203,0.781163434903,1.23556356598,2.32372199385,0.81163434903,1.58582866852,3.42051018974,0.828254847645,1.88963140855,5.04173008355,0.338091127515,0.484512921657
DRIFT3,17,ATU1,360,0.378680687449,0.722222222222,1.57596025225,2.4953331251,0.861111111111,2.02272308547,3.0870380157,0.902777777778,2.41022321577,3.77711449721,0.51843054488,0.656010732921
DRIFT3,17,ATU5,360,0.292438792259,0.813888888889,1.56728807164,2.15402079469,0.894444444444,2.01159246215,2.88787739994,0.916666666667,2.39696026004,3.8517847192,0.365151993003,0.46470456103
DRIFT3,17,MJ3,360,0.23248478003,0.713888888889,0.927123480879,1.73639923832,0.761111111111,1.18995010513,2.29393179237,0.797222222222,1.4179130053,2.89880730191,0.298827495305,0.391880122228
DRIFT3,17,MJ1,360,0.319609104744,0.783333333333,1.37911527721,2.6085033357,0.811111111111,1.7700752952,3.85340046933,0.827777777778,2.10917480539,5.70727525268,0.37542020535,0.538459216207
DRIFT3,18,ATU1,359,0.417857563496,0.732590529248,1.73773656297,2.75222107199,0.857938718663,2.23036073236,3.40840944475,0.902506963788,2.6576387323,4.16777896425,0.572495434443,0.723900914119
DRIFT3,18,ATU5,359,0.323863235412,0.824512534819,1.75130037541,2.40809416973,0.896935933148,2.24776969715,3.24185121376,0.91643454039,2.67838279332,4.34485046612,0.403198927075,0.513777902966
DRIFT3,18,MJ3,359,0.257271808985,0.704735376045,1.02185448629,1.92699603918,0.75208913649,1.31153603427,2.54697003411,0.796657381616,1.56279157578,3.22038065609,0.329859462295,0.432994184467
DRIFT3,18,MJ1,359,0.354695295773,0.782729805014,1.5300890927,2.9093592858,0.810584958217,1.96384808958,4.31342037545,0.8356545961,2.34006933116,6.42703040134,0.414457479511,0.594697682835
DRIFT3,19,ATU1,358,0.458400489746,0.734636871508,1.90538644303,3.01891573339,0.860335195531,2.44553702389,3.7423528982,0.90782122905,2.91403709798,4.56833839063,0.628308524187,0.7942921438
DRIFT3,19,ATU5,358,0.356771844461,0.826815642458,1.9458654329,2.67998209471,0.899441340782,2.49749124493,3.61831957656,0.916201117318,2.97594437071,4.86958907774,0.44289437889,0.56491010721
DRIFT3,19,MJ3,358,0.283068605037,0.701117318436,1.12009405713,2.1254239406,0.751396648045,1.43762515839,2.80982627543,0.793296089385,1.71303603405,3.55563238785,0.362058885789,0.475785558834
DRIFT3,19,MJ1,358,0.391431760964,0.782122905028,1.68840155105,3.22672185449,0.81843575419,2.16703993008,4.80196621787,0.832402234637,2.58218734264,7.19134936076,0.454751929987,0.653132541931
DRIFT3,20,ATU1,357,0.500230967067,0.742296918768,2.0786151699,3.29385768138,0.857142857143,2.66787368778,4.08402004776,0.910364145658,3.17896757357,4.98521439472,0.686116157037,0.867043674221
DRIFT3,20,ATU5,357,0.391192660376,0.829131652661,2.15093572159,2.96621938328,0.904761904762,2.76069611097,4.01978414021,0.913165266106,3.28957231276,5.42853897849,0.483868559821,0.618040369259
DRIFT3,20,MJ3,357,0.309834010293,0.697478991597,1.22169815703,2.32994750899,0.747899159664,1.5680326088,3.08258910096,0.787114845938,1.86842609548,3.90161399647,0.395422015581,0.520198179278
DRIFT3,20,MJ1,357,0.429801469402,0.787114845938,1.85396445367,3.56002918466,0.820728291317,2.37953761507,5.32355342045,0.829131652661,2.83539395176,8.00357562519,0.49646910773,0.713666232815
DRIFT3,21,ATU1,356,0.543275429543,0.741573033708,2.25712797175,3.57613635952,0.85393258427,2.89699238848,4.43557911762,0.910112359551,3.45197934447,5.41127309018,0.746040780856,0.94201135456
DRIFT3,21,ATU5,356,0.427152261456,0.825842696629,2.36644167648,3.26683716247,0.904494382022,3.03729500956,4.4444225422,0.912921348315,3.61916022898,6.01969038409,0.526251245064,0.673107255655
DRIFT3,21,MJ3,356,0.337531119574,0.696629213483,1.32652780479,2.54234493686,0.744382022472,1.70258000507,3.36426787505,0.786516853933,2.02874920665,4.25687778108,0.429934511823,0.566175582698
DRIFT3,21,MJ1,356,0.469789607979,0.794943820225,2.02668460796,3.91119942926,0.817415730337,2.60122153311,5.87187751632,0.825842696629,3.0995466327,8.85827602745,0.539614490783,0.776199755327
DRIFT3,22,ATU1,355,0.587464575618,0.743661971831,2.44062604458,3.86572461475,0.856338028169,3.13250961521,4.79552836049,0.904225352113,3.73261542938,5.84428519705,0.807358669254,1.01904793659
DRIFT3,22,ATU5,355,0.464670466333,0.828169014085,2.5922917425,3.5823459352,0.901408450704,3.32717043107,4.89184544618,0.90985915493,3.96456809802,6.64259183061,0.569973411461,0.730048827579
DRIFT3,22,MJ3,355,0.366129854212,0.692957746479,1.43444853196,2.7612145582,0.740845070423,1.84109475881,3.65355435394,0.785915492958,2.19379971584,4.62028635484,0.46548762287,0.613661049025
DRIFT3,22,MJ1,355,0.511380481112,0.802816901408,2.20646114739,4.2815936149,0.816901408451,2.83196222344,6.44765736192,0.822535211268,3.37449112345,9.75923686932,0.583789355609,0.840633034408
DRIFT3,23,ATU1,354,0.632732138244,0.74011299435,2.62879984712,4.16034982593,0.858757062147,3.37402807606,5.16402719631,0.90395480226,4.02040242581,6.29009226665,0.870314607174,1.09800340442
DRIFT3,23,ATU5,354,0.503756934065,0.827683615819,2.82838133448,3.91135262206,0.901129943503,3.63018814186,5.36161843902,0.909604519774,4.32563597062,7.29962643926,0.614831013953,0.788802772922
DRIFT3,23,MJ3,354,0.395608892435,0.689265536723,1.54532786996,2.98672742761,0.737288135593,1.98340684844,3.94989037115,0.776836158192,2.36337502982,4.99171484441,0.502020620927,0.662597751808
DRIFT3,23,MJ1,354,0.554553970211,0.799435028249,2.39318167135,4.66917155752,0.813559322034,3.07161542142,7.04903369273,0.822033898305,3.66005552208,10.7018635539,0.629308434779,0.906865310089
DRIFT3,24,ATU1,353,0.679013782908,0.739376770538,2.82132838398,4.46012666115,0.85552407932,3.62113577789,5.54204944246,0.900849858357,4.31484941366,6.74476219762,0.934997179201,1.17872533085
DRIFT3,24,ATU5,353,0.544410527719,0.832861189802,3.07461240576,4.25509719712,0.900849858357,3.94622230041,5.85249452211,0.906515580737,4.70221389737,7.98853386773,0.661034389987,0.849306547099
DRIFT3,24,MJ3,353,0.425955793041,0.685552407932,1.65903392312,3.21840810106,0.739376770538,2.1293469877,4.25365004437,0.779036827195,2.53727343157,5.36860126414,0.539552540577,0.712928919578
DRIFT3,24,MJ1,353,0.599282620553,0.796033994334,2.586722991,5.07215410466,0.810198300283,3.32002301589,7.67662328142,0.815864022663,3.95605142754,11.6852139015,0.675616194919,0.974795555481
DRIFT3,25,ATU1,352,0.726246226073,0.741477272727,3.0178821097,4.76642893231,0.857954545455,3.8734097537,5.92856475772,0.900568181818,4.61545239663,7.21349633644,1.00081947134,1.26105926312
DRIFT3,25,ATU5,352,0.586621180633,0.835227272727,3.33090327024,4.61317944623,0.897727272727,4.27516806376,6.36633244705,0.903409090909,5.09417695018,8.71052015811,0.708261799459,0.911497522957
DRIFT3,25,MJ3,352,0.457164391481,0.681818181818,1.77543499194,3.4553595809,0.735795454545,2.27874614211,4.56344655734,0.778409090909,2.7152935041,5.74875060042,0.578033857562,0.764598008457
DRIFT3,25,MJ1,352,0.645529298525,0.792613636364,2.7869536868,5.49013119057,0.809659090909,3.57701633171,8.32663268516,0.815340909091,4.26227785099,12.710883065,0.722681843033,1.04432292556
DRIFT3,26,ATU1,351,0.774366559739,0.746438746439,3.21812629689,5.07628092162,0.854700854701,4.13042038553,6.32445530655,0.897435897436,4.92169945337,7.70245895194,1.06802508061,1.34484914175
DRIFT3,26,ATU5,351,0.630373012025,0.840455840456,3.59719290108,4.98600954741,0.897435897436,4.61694710479,6.9011121776,0.903133903134,5.50143179651,9.46442101015,0.756429484241,0.975313150273
DRIFT3,26,MJ3,351,0.489229450023,0.678062678063,1.89439957437,3.6992194559,0.729344729345,2.43143553063,4.87938097312,0.774928774929,2.89723413237,6.13336755381,0.617429002152,0.817548886561
DRIFT3,26,MJ1,351,0.693245159249,0.792022792023,2.9937370008,5.92258659529,0.803418803419,3.84241984192,9.0003332974,0.811965811966,4.57852563916,13.7713385271,0.770985578856,1.11534723966
DRIFT3,27,ATU1,350,0.823311863435,0.737142857143,3.42172494219,5.39110188717,0.86,4.39173641772,6.73103520297,0.897142857143,5.23307671107,8.20350801799,1.13667947844,1.42993775573
DRIFT3,27,ATU5,350,0.675647716095,0.848571428571,3.87344490424,5.37644840561,0.894285714286,4.97151271227,7.45644411617,0.902857142857,5.92392277651,10.2470468795,0.805758759068,1.04069112528
DRIFT3,27,MJ3,350,0.522139905895,0.68,2.01579668977,3.94900809691,0.728571428571,2.5872470414,5.20197466144,0.768571428571,3.08289499878,6.52339615258,0.657514655376,0.871726030727
DRIFT3,27,MJ1,350,0.742367857795,0.791428571429,3.20693438454,6.36756380283,0.802857142857,4.11605572154,9.69638245674,0.811428571429,4.90458290051,14.8688998894,0.819686203517,1.1877695006
DRIFT3,28,ATU1,349,0.873019078474,0.744985673352,3.62834526519,5.70789266865,0.862464183381,4.65693073126,7.14758823039,0.89111747851,5.54907522603,8.72040787601,1.20590031506,1.51616723723
DRIFT3,28,ATU5,349,0.722427582677,0.848137535817,4.15965161795,5.78146771195,0.893982808023,5.33885505242,8.03440920069,0.899713467049,6.36163817252,11.0629954758,0.856002207631,1.10756957003
DRIFT3,28,MJ3,349,0.555873101432,0.667621776504,2.13949647618,4.20693040517,0.724928366762,2.74601399843,5.53153121892,0.767908309456,3.27207749661,6.91602689635,0.698676250029,0.927074734806
DRIFT3,28,MJ1,349,0.792820333098,0.787965616046,3.42641004547,6.82659089073,0.799426934097,4.39774968269,10.411838932,0.808022922636,5.24024195822,15.994251901,0.868979977955,1.26149245049
DRIFT3,29,ATU1,348,0.923425124659,0.744252873563,3.83766501037,6.03080977426,0.870689655172,4.92558971566,7.58855654384,0.890804597701,5.86920215096,9.25649059389,1.27621506879,1.60337959514
DRIFT3,29,ATU5,348,0.770698235313,0.841954022989,4.45584525887,6.20017899539,0.890804597701,5.71901547487,8.63235945216,0.899425287356,6.81462725565,11.9078689194,0.907070905816,1.17588721967
DRIFT3,29,MJ3,348,0.590392493151,0.666666666667,2.26536869853,4.47642715472,0.712643678161,2.9075692468,5.8725359974,0.76724137931,3.4645824485,7.31919710562,0.740457524236,0.983541325887
DRIFT3,29,MJ1,348,0.844511018572,0.784482758621,3.6520357109,7.29738048151,0.798850574713,4.68733708915,11.1470739056,0.807471264368,5.58530663617,17.1537477281,0.918961260579,1.33642115778
DRIFT3,30,ATU1,347,0.974467443656,0.743515850144,4.04939078056,6.35697108842,0.867435158501,5.19733679972,8.04153370631,0.890489913545,6.19300877359,9.81456610367,1.34784765277,1.69141727603
DRIFT3,30,ATU5,347,0.820452213403,0.844380403458,4.76213536372,6.63368362978,0.887608069164,6.11213456847,9.25203950746,0.896253602305,7.28305754785,12.7804947224,0.959052909059,1.24558361143
DRIFT3,30,MJ3,347,0.625650110751,0.662824207493,2.39327568508,4.74955704282,0.708933717579,3.07173608674,6.24232294975,0.757925072046,3.66019930368,7.7397195947,0.78302309742,1.04107338229
DRIFT3,30,MJ1,347,0.897336512078,0.780979827089,3.8836908209,7.77896805349,0.798270893372,4.98466320393,11.896851729,0.804034582133,5.93959255382,18.3341875176,0.969356903552,1.41246362229
DRIFT30,1,ATU1,376,0.0297194487814,0.742021276596,0.129310926642,0.184606700762,0.856382978723,0.165968777543,0.211515952739,0.954787234043,0.197763996269,0.238054124582,0.0418970340236,0.0523724643803
DRIFT30,1,ATU5,376,0.0232632809337,0.789893617021,0.117686241489,0.16423247652,0.864361702128,0.151048655677,0.208281359899,0.890957446809,0.179985574515,0.249449216985,0.0297396298203,0.0384977958379
DRIFT30,1,MJ3,376,0.0198059591413,0.742021276596,0.0845563355298,0.136640707954,0.824468085106,0.108526881725,0.168670756739,0.859042553191,0.129317755726,0.200318255489,0.0264824568154,0.0348085841424
DRIFT30,1,MJ1,376,0.0252293778269,0.784574468085,0.112843767133,0.184583100735,0.816489361702,0.144833407127,0.246263095682,0.843085106383,0.17257964908,0.314950916839,0.0322289655796,0.0463296033306
DRIFT30,2,ATU1,375,0.0610985062811,0.738666666667,0.265520990903,0.380309566324,0.861333333333,0.340792502355,0.437330197953,0.954666666667,0.406079312999,0.498032259844,0.0859430748099,0.107469205871
DRIFT30,2,ATU5,375,0.0482154052757,0.784,0.244657779118,0.344202137038,0.864,0.314014859928,0.43968369544,0.890666666667,0.374171784033,0.533719509958,0.0610704526323,0.0791410323992
DRIFT30,2,MJ3,375,0.0409035559125,0.738666666667,0.173540433861,0.284170628255,0.826666666667,0.22273673548,0.352602663509,0.856,0.265407190294,0.424695602046,0.0544009562676,0.0715796527773
DRIFT30,2,MJ1,375,0.0520539338111,0.784,0.232584052958,0.385618002864,0.816,0.298518400167,0.52009590778,0.84,0.35570661332,0.677038327645,0.0661617549893,0.0952014617816
DRIFT30,3,ATU1,374,0.094075408978,0.737967914439,0.408314124917,0.586607753773,0.868983957219,0.524065505722,0.677913495677,0.954545454545,0.624462566106,0.780284287207,0.132126156006,0.165164640311
DRIFT30,3,ATU5,374,0.074847303725,0.780748663102,0.38101543242,0.539899639333,0.863636363636,0.489028013223,0.694596430075,0.885026737968,0.582712818723,0.854128195067,0.0939173821641,0.121871788383
DRIFT30,3,MJ3,374,0.0632678674053,0.735294117647,0.266803369597,0.442616064989,0.823529411765,0.342438417589,0.551546050297,0.855614973262,0.408040541967,0.672644975779,0.0837253490045,0.110254542846
DRIFT30,3,MJ1,374,0.0804704527715,0.783422459893,0.359156450552,0.603274457077,0.812834224599,0.46097231373,0.822183038139,0.836898395722,0.549282390833,1.08717009136,0.101750210282,0.146527893997
DRIFT30,4,ATU1,373,0.128588007001,0.734584450402,0.557357626227,0.80330955166,0.87399463807,0.715360768662,0.935016581059,0.951742627346,0.852404931087,1.08388270102,0.180200958098,0.225329215768
DRIFT30,4,ATU5,373,0.103132075027,0.774798927614,0.526850357478,0.751018879573,0.865951742627,0.676205113128,0.972322366348,0.887399463807,0.805748089786,1.21030259055,0.128233997966,0.166631213024
DRIFT30,4,MJ3,373,0.08687075482,0.731903485255,0.364194945412,0.611683851525,0.809651474531,0.467439151872,0.765690903203,0.857908847185,0.556988103756,0.943564587544,0.114393352044,0.150773139274
DRIFT30,4,MJ1,373,0.110479173028,0.782841823056,0.492486755971,0.837724612317,0.815013404826,0.632099908083,1.15278348375,0.836461126005,0.753193496475,1.5465674454,0.138930670289,0.20021858271
DRIFT30,5,ATU1,372,0.164572969712,0.733870967742,0.712308319194,1.03041653113,0.879032258065,0.914237830013,1.21169173125,0.94623655914,1.0893815661,1.40948807476,0.230144591707,0.287830313501
DRIFT30,5,ATU5,372,0.133027463115,0.779569892473,0.682242664268,0.977128119355,0.862903225806,0.875648979684,1.27277520582,0.884408602151,1.04340011485,1.60075649208,0.163998022646,0.213359998428
DRIFT30,5,MJ3,372,0.111681447787,0.731182795699,0.465564037626,0.791134585854,0.806451612903,0.597544973185,0.995569006241,0.852150537634,0.712018751939,1.23736113793,0.14635123989,0.193074543266
DRIFT30,5,MJ1,372,0.14208063167,0.787634408602,0.632492646016,1.0890765621,0.809139784946,0.811795522545,1.51170713832,0.83064516129,0.967314027782,2.05513137422,0.177569344803,0.25618131913
DRIFT30,6,ATU1,371,0.201964071783,0.727762803235,0.872819083073,1.2673014054,0.878706199461,1.12025116512,1.50500033451,0.940700808625,1.33486159577,1.75763975092,0.28187991051,0.352532966084
DRIFT30,6,ATU5,371,0.16447916811,0.77897574124,0.847259902674,1.21783066249,0.865229110512,1.08744631223,1.59376083509,0.88679245283,1.29577220256,2.02294102795,0.20109384297,0.261998847628
DRIFT30,6,MJ3,371,0.137667027593,0.727762803235,0.570758087781,0.981058364586,0.800539083558,0.732560074864,1.24033971612,0.849056603774,0.872899168485,1.55298837925,0.179547726109,0.237097445889
DRIFT30,6,MJ1,371,0.175271993355,0.784366576819,0.77908519645,1.35697330117,0.808625336927,0.999945024094,1.89952351828,0.830188679245,1.19150798687,2.61381496501,0.217725296916,0.314322387845
DRIFT30,7,ATU1,370,0.240690099542,0.72972972973,1.03854579539,1.51420344643,0.875675675676,1.33295909758,1.81370826439,0.935135135135,1.5883187302,2.12829080913,0.3351143791,0.419300529585
DRIFT30,7,ATU5,370,0.197424129092,0.781081081081,1.02195558199,1.4721697598,0.862162162162,1.3116657892,1.93495694072,0.886486486486,1.56294618832,2.47393914754,0.239484157192,0.312488904193
DRIFT30,7,MJ3,370,0.164792914458,0.721621621622,0.679622671791,1.18082252326,0.791891891892,0.872286255745,1.4999423001,0.848648648649,1.03939318214,1.88898351611,0.213947298881,0.28278047926
DRIFT30,7,MJ1,370,0.210044094796,0.781081081081,0.932170835749,1.64145571386,0.808108108108,1.19642831498,2.3147144311,0.82972972973,1.42563226844,3.22060980268,0.259265447771,0.37454693738
DRIFT30,8,ATU1,369,0.280672907209,0.731707317073,1.20915419862,1.77057897133,0.872628726287,1.55193261248,2.13633193119,0.932249322493,1.8492417666,2.51848788303,0.39007893682,0.487995303027
DRIFT30,8,ATU5,369,0.231793432402,0.775067750678,1.20636837662,1.73910439215,0.864498644986,1.54835704865,2.29437153351,0.886178861789,1.84498121951,2.95164982363,0.279127936232,0.364772138408
DRIFT30,8,MJ3,369,0.193023325922,0.720867208672,0.792001706241,1.3902798196,0.785907859079,1.01652318493,1.77364826142,0.848238482385,1.21126208392,2.24359338597,0.249522684189,0.330062540529
DRIFT30,8,MJ1,369,0.246379962173,0.780487804878,1.09165344542,1.94200320423,0.810298102981,1.40112202845,2.75920856397,0.829268292683,1.66953987194,3.8783758368,0.302075181923,0.436759336273
DRIFT30,9,ATU1,368,0.321825945764,0.728260869565,1.38432379261,2.03577235645,0.872282608696,1.77676035234,2.47224529108,0.926630434783,2.11714054229,2.92552340659,0.446350092973,0.558479086816
DRIFT30,9,ATU5,368,0.267514922229,0.777173913043,1.40052229172,2.01822626867,0.864130434783,1.79755090088,2.67017000779,0.883152173913,2.14191400886,3.45353393416,0.319960295651,0.41879168416
DRIFT30,9,MJ3,368,0.222321673914,0.717391304348,0.907738203137,1.60899082084,0.785326086957,1.16506937052,2.06044198499,0.842391304348,1.3882657814,2.61605781085,0.286157643837,0.378883082985
DRIFT30,9,MJ1,368,0.28425499005,0.779891304348,1.25743590663,2.2589761311,0.809782608696,1.61390151383,3.23098174881,0.826086956522,1.92308226693,4.58316087517,0.346047881556,0.500863514263
DRIFT30,10,ATU1,367,0.364053549217,0.724795640327,1.56374827873,2.30931702841,0.871934604905,2.00704918714,2.82072489581,0.926430517711,2.39154661396,3.35074212609,0.503821800909,0.630613670214
DRIFT30,10,ATU5,367,0.304515832492,0.782016348774,1.6044276446,2.30772926503,0.866485013624,2.05926058799,3.06148205181,0.885558583106,2.45376033534,3.97950951348,0.361891919633,0.474492119752
DRIFT30,10,MJ3,367,0.252650876121,0.716621253406,1.02667500293,1.83643796964,0.779291553134,1.31772310039,2.35967804333,0.839237057221,1.57016391979,3.00446283585,0.323875612521,0.429182367717
DRIFT30,10,MJ1,367,0.323638612741,0.779291553134,1.42942095204,2.59175561773,0.806539509537,1.83464192985,3.73030612655,0.825613079019,2.18611069588,5.33816560066,0.391162233456,0.566763287881
DRIFT30,11,ATU1,366,0.407251273172,0.724043715847,1.74713518616,2.590502338,0.871584699454,2.24242373463,3.17858702933,0.926229508197,2.67201268608,3.78763643377,0.562718485801,0.704261236112
DRIFT30,11,ATU5,366,0.3427258353,0.781420765027,1.81808284058,2.60731024392,0.868852459016,2.33348406324,3.46587109774,0.890710382514,2.78051776007,4.52468267921,0.404840321649,0.531819684997
DRIFT30,11,MJ3,366,0.283973568629,0.710382513661,1.14865542596,2.07255471891,0.773224043716,1.47428327841,2.67199817915,0.841530054645,1.75671687824,3.4077784216,0.362658576983,0.480901668375
DRIFT30,11,MJ1,366,0.364497149871,0.781420765027,1.60751178404,2.94007106088,0.808743169399,2.06321903811,4.25736909246,0.830601092896,2.45847711957,6.14178745589,0.43743027449,0.634362669452
DRIFT30,12,ATU1,365,0.451307193071,0.728767123288,1.93420515958,2.87654895267,0.865753424658,2.48252544614,3.54614526926,0.923287671233,2.95811152154,4.2335916729,0.622543511782,0.7792844557
DRIFT30,12,ATU5,365,0.382080735909,0.783561643836,2.04147690286,2.9157752343,0.871232876712,2.62020723808,3.88542397226,0.890410958904,3.12216949552,5.09569572124,0.448936612426,0.590722171824
DRIFT30,12,MJ3,365,0.316252059463,0.709589041096,1.27352380109,2.31634337157,0.772602739726,1.63455010283,2.99467623312,0.841095890411,1.94768657829,3.82312429735,0.402417323511,0.533983273259
DRIFT30,12,MJ1,365,0.406797352816,0.780821917808,1.79161256787,3.30442458271,0.805479452055,2.29950983603,4.81182511714,0.830136986301,2.74003497142,6.99716002228,0.484590085959,0.703566167159
DRIFT30,13,ATU1,364,0.496103795662,0.733516483516,2.12469095401,3.16676616483,0.865384615385,2.72701131645,3.92080617067,0.917582417582,3.24943440444,4.69222623082,0.683435098364,0.855545802996
DRIFT30,13,ATU5,364,0.422526730269,0.782967032967,2.27459269183,3.23202173411,0.876373626374,2.91940811402,4.31766504859,0.898351648352,3.47868932889,5.69539422633,0.493803045212,0.651147906752
DRIFT30,13,MJ3,364,0.349447687552,0.703296703297,1.40112583186,2.56727549711,0.769230769231,1.79832553626,3.32730608895,0.840659340659,2.14283704386,4.24755979112,0.443092762822,0.58836996359
DRIFT30,13,MJ1,364,0.450509972274,0.782967032967,1.98162883411,3.68384980561,0.81043956044,2.54339307344,5.39502347921,0.835164835165,3.03063977292,7.91291733635,0.53265677003,0.774279127067
DRIFT30,14,ATU1,363,0.541520838094,0.743801652893,2.31833619867,3.46304480212,0.867768595041,2.97555229723,4.29988088049,0.917355371901,3.54558924948,5.15580393782,0.745313629782,0.932907261357
DRIFT30,14,ATU5,363,0.464026034455,0.785123966942,2.51741070288,3.55657036152,0.878787878788,3.23106165721,4.76745485407,0.911845730028,3.85004743048,6.35000551863,0.539828038037,0.713045170477
DRIFT30,14,MJ3,363,0.383520461066,0.699724517906,1.53130878334,2.82499273099,0.760330578512,1.96541354557,3.66854662272,0.840220385675,2.34193468703,4.67985361328,0.484730916828,0.644004812784
DRIFT30,14,MJ1,363,0.495612293768,0.779614325069,2.17746783513,4.07967718932,0.818181818182,2.79474971002,6.00951736715,0.831955922865,3.33014967879,8.88021688834,0.581379225074,0.846408148151
DRIFT30,15,ATU1,362,0.587438888544,0.759668508287,2.51489402453,3.76280994691,0.861878453039,3.22783153551,4.68306852749,0.917127071823,3.84619850308,5.62092223521,0.808051467915,1.01123048357
DRIFT30,15,ATU5,362,0.506563146099,0.792817679558,2.7699133035,3.88893384718,0.883977900552,3.55514523652,5.2399185481,0.908839779006,4.23621683365,7.07601950561,0.586563038271,0.776362082681
DRIFT30,15,MJ3,362,0.418428909056,0.701657458564,1.66392149374,3.08938042087,0.762430939227,2.13562011668,4.01769316979,0.834254143646,2.54474832579,5.11986452655,0.527215151078,0.700831216344
DRIFT30,15,MJ1,362,0.542088345787,0.78453038674,2.37903891253,4.49094686802,0.814917127072,3.05346338699,6.65850648452,0.825966850829,3.63842603898,9.90201050494,0.630972404869,0.919861520361
DRIFT30,16,ATU1,361,0.633743007714,0.767313019391,2.71412567778,4.06717835847,0.858725761773,3.48354259409,5.06973687742,0.916897506925,4.15089702278,6.08937359472,0.871315461812,1.0903770866
DRIFT30,16,ATU5,361,0.550149911213,0.797783933518,3.03208924806,4.23195125811,0.897506925208,3.89164441838,5.76052185076,0.905817174515,4.63718033974,7.83962838789,0.634189062979,0.841046601618
DRIFT30,16,MJ3,361,0.454129984252,0.700831024931,1.79881422364,3.35888888153,0.759002770083,2.30875306115,4.37334413929,0.828254847645,2.75104895348,5.56654794086,0.570641348979,0.758792969142
DRIFT30,16,MJ1,361,0.589926148498,0.795013850416,2.58625394922,4.92149618708,0.81163434903,3.31942100728,7.33610431262,0.825484764543,3.95533409004,10.9715810467,0.681126708564,0.994549683824
DRIFT30,17,ATU1,360,0.680326162589,0.769444444444,2.91579925097,4.37625885613,0.861111111111,3.74238782299,5.45547806246,0.913888888889,4.45933013677,6.55938692964,0.935304219465,1.1702090074
DRIFT30,17,ATU5,360,0.594827225124,0.813888888889,3.30393832648,4.58924066926,0.897222222222,4.24055893312,6.32160773206,0.905555555556,5.05293762743,8.64188210481,0.682618056032,0.907046561877
DRIFT30,17,MJ3,360,0.490579014347,0.694444444444,1.93583837536,3.63416226297,0.752777777778,2.4846216559,4.73377624742,0.822222222222,2.96060930953,6.01889242761,0.614893618377,0.817834360979
DRIFT30,17,MJ1,360,0.639113048425,0.794444444444,2.79902800415,5.37080946102,0.808333333333,3.59251355025,8.04214237416,0.819444444444,4.28074392583,12.0972447133,0.732070708277,1.07038571476
DRIFT30,18,ATU1,359,0.727092069184,0.774373259053,3.11968877268,4.6867896134,0.863509749304,4.00407719101,5.84278368492,0.91364902507,4.77115225155,7.02627583641,0.99999050461,1.25058891702
DRIFT30,18,ATU5,359,0.640661774563,0.8356545961,3.58547602119,4.97828649534,0.894150417827,4.60190865227,6.90535302021,0.905292479109,5.48351237508,9.47828882033,0.731788281813,0.974309747857
DRIFT30,18,MJ3,359,0.527729729996,0.690807799443,2.07484614282,3.91280281102,0.74651810585,2.6630361939,5.09956001995,0.813370473538,3.17320334408,6.47369541734,0.65999828925,0.877900288512
DRIFT30,18,MJ1,359,0.689631589533,0.788300835655,3.01728026339,5.83703639222,0.805013927577,3.87263729232,8.77541975303,0.813370473538,4.61453195212,13.2655967281,0.783293575534,1.1472858352
DRIFT30,19,ATU1,358,0.773957254072,0.77094972067,3.32557397308,4.9982247607,0.860335195531,4.26832798491,6.23036975048,0.913407821229,5.08602649352,7.48832595718,1.06475114378,1.33138068946
DRIFT30,19,ATU5,358,0.687737968397,0.843575418994,3.87673807008,5.39771522617,0.893854748603,4.97573944487,7.51398979899,0.902234636872,5.92895923905,10.3535202432,0.781766557537,1.04278400028
DRIFT30,19,MJ3,358,0.565534400298,0.68156424581,2.21569018351,4.19561865586,0.748603351955,2.84380756306,5.46640164123,0.810055865922,3.38860571618,6.93103792554,0.705762724754,0.938936381889
DRIFT30,19,MJ1,358,0.741457766085,0.784916201117,3.24093547065,6.31757477012,0.804469273743,4.1596956431,9.53481215197,0.812849162011,4.95658307435,14.4874772636,0.835098355865,1.22516994249
DRIFT30,20,ATU1,357,0.820852234304,0.773109243697,3.53324110645,5.31132524633,0.859943977591,4.53486586501,6.61405145787,0.913165266106,5.40362596677,7.94777494045,1.13045871686,1.41244992119
DRIFT30,20,ATU5,357,0.736147090798,0.848739495798,4.17778485534,5.83402316418,0.893557422969,5.36212881065,8.14456944211,0.901960784314,6.38937056595,11.2622668259,0.832243071565,1.11241735274
DRIFT30,20,MJ3,357,0.603944092938,0.683473389356,2.35822343822,4.4816444604,0.745098039216,3.02674701495,5.83482853979,0.803921568627,3.60659151818,7.38513935373,0.752529541867,1.00088914437
DRIFT30,20,MJ1,357,0.794561389334,0.78431372549,3.46992602952,6.81337913122,0.798319327731,4.45360184355,10.320340277,0.809523809524,5.30679391273,15.7488097956,0.887114946023,1.3039621538
DRIFT30,21,ATU1,356,0.86772183962,0.769662921348,3.74248526943,5.62234768186,0.856741573034,4.80342784071,6.99413863161,0.910112359551,5.7236372987,8.40037459278,1.19588308445,1.49366449619
DRIFT30,21,ATU5,356,0.785976531703,0.851123595506,4.48870555858,6.28574011497,0.890449438202,5.76119121295,8.7991886547,0.898876404494,6.86488274726,12.2063601435,0.883578251218,1.18315819471
DRIFT30,21,MJ3,356,0.64290905212,0.676966292135,2.50229926289,4.76974741899,0.73595505618,3.21166633395,6.20379410111,0.803370786517,3.82693647736,7.83479553466,0.799981896579,1.06370610315
DRIFT30,21,MJ1,356,0.848907148249,0.77808988764,3.70419500034,7.32283534439,0.797752808989,4.75428281238,11.1293749308,0.808988764045,5.66507738555,17.0533072612,0.9395770088,1.38359135929
DRIFT30,22,ATU1,355,0.914524794091,0.769014084507,3.95311470718,5.93414805624,0.856338028169,5.07376779732,7.37404419669,0.90985915493,6.04576722556,8.84227420814,1.26177928273,1.57489519011
DRIFT30,22,ATU5,355,0.837301513201,0.845070422535,4.80962204027,6.75260200103,0.89014084507,6.173083058,9.47601793118,0.895774647887,7.3556821525,13.1886538811,0.935586290793,1.2549554572
DRIFT30,22,MJ3,355,0.682379202348,0.67323943662,2.64777207819,5.0590595764,0.735211267606,3.39837867102,6.57250196377,0.8,4.04941794935,8.27973763995,0.848241389288,1.12733596924
DRIFT30,22,MJ1,355,0.904455360471,0.777464788732,3.94370024874,7.84646118125,0.794366197183,5.06168447073,11.9607100405,0.802816901408,6.03136905386,18.3970921045,0.992222702109,1.46399177692
DRIFT30,23,ATU1,354,0.961232740369,0.768361581921,4.16495756554,6.24266538113,0.861581920904,5.34566516243,7.74923146659,0.906779661017,6.3697529191,9.2858877629,1.32809749483,1.65601630584
DRIFT30,23,ATU5,354,0.890180541656,0.844632768362,5.1406923863,7.23430322387,0.887005649718,6.59800724683,10.1754604866,0.892655367232,7.86201055318,14.2027576072,0.988034854418,1.32775881641
DRIFT30,23,MJ3,354,0.722304807253,0.672316384181,2.7944987753,5.34915843451,0.737288135593,3.58670034796,6.93799758101,0.799435028249,4.27381706807,8.71226455647,0.897320308783,1.19172880431
DRIFT30,23,MJ1,354,0.961162319358,0.774011299435,4.18841992985,8.3816439071,0.790960451977,5.375778781,12.8127156824,0.802259887006,6.40563550883,19.7764549778,1.0452430083,1.54510350009
DRIFT30,24,ATU1,353,1.00782883689,0.767705382436,4.37787038424,6.55259356415,0.8611898017,5.61893580676,8.13158759463,0.909348441926,6.69537497577,9.72637193948,1.39411307248,1.73690633117
DRIFT30,24,ATU5,353,0.94465445687,0.841359773371,5.48211266652,7.72998535437,0.886685552408,7.03621543238,10.8978403221,0.892351274788,8.38416781224,15.2539426302,1.04132137145,1.40151891041
DRIFT30,24,MJ3,353,0.762637352131,0.668555240793,2.94234086689,5.63939596668,0.725212464589,3.77645361821,7.29872523556,0.793201133144,4.49992203543,9.1384165343,0.94712988384,1.25683619167
DRIFT30,24,MJ1,353,1.01898057059,0.773371104816,4.4383586709,8.92926470147,0.784702549575,5.69657168219,13.6846859087,0.796033994334,6.78788382717,21.1878863377,1.09839423397,1.62687302831
DRIFT30,25,ATU1,352,1.05430595151,0.767045454545,4.59174608057,6.86154817396,0.866477272727,5.89344229115,8.51195561855,0.90625,7.02246962669,10.1610819537,1.45972307583,1.81744860717
DRIFT30,25,ATU5,352,1.00074804371,0.84375,5.83411429539,8.24125694934,0.883522727273,7.48800463191,11.6415310151,0.892045454545,8.92250784759,16.334542556,1.09522589319,1.47618756314
DRIFT30,25,MJ3,352,0.803330855458,0.661931818182,3.09116694045,5.9308685016,0.727272727273,3.96746981567,7.65700062229,0.792613636364,4.72753187338,9.54802126008,0.99755106559,1.32261140867
DRIFT30,25,MJ1,352,1.07785940565,0.772727272727,4.69355331143,9.48624637921,0.78125,6.02411045732,14.5744032185,0.795454545455,7.1781703501,22.6271706697,1.15200648084,1.7092537693
DRIFT30,26,ATU1,351,1.10066463831,0.760683760684,4.80652072167,7.16820574927,0.871794871795,6.16910255866,8.90096539739,0.900284900285,7.350939095,10.5953381285,1.52607407532,1.89753199405
DRIFT30,26,ATU5,351,1.05847333247,0.840455840456,6.19695913458,8.76664141179,0.880341880342,7.9537109412,12.4096901107,0.888888888889,9.47743114206,17.4496981566,1.14979371601,1.55171800947
DRIFT30,26,MJ3,351,0.84434419079,0.65811965812,3.24085509016,6.22045430512,0.723646723647,4.15959247586,8.00819370237,0.789173789174,4.956460143,9.94165639867,1.04894269803,1.3890095972
DRIFT30,26,MJ1,351,1.13774574841,0.766381766382,4.95407796166,10.0548870428,0.777777777778,6.35849022585,15.4790448007,0.789173789174,7.57660841945,24.0889232349,1.20558192587,1.7922064995
DRIFT30,27,ATU1,350,1.14691113976,0.765714285714,5.02217882155,7.47625894406,0.871428571429,6.44589673324,9.29888808269,0.902857142857,7.68075969692,11.036520399,1.59179345025,1.97705151852
DRIFT30,27,ATU5,350,1.11783382852,0.84,6.57093357057,9.30773380707,0.877142857143,8.43370193334,13.1989690031,0.888571428571,10.049375686,18.5952044087,1.20501871437,1.62806511435
DRIFT30,27,MJ3,350,0.885645520369,0.66,3.39129514227,6.50757421537,0.722857142857,4.35268019235,8.34926306677,0.788571428571,5.18653834812,10.3211862593,1.10094268423,1.4559879286
DRIFT30,27,MJ1,350,1.19858548698,0.762857142857,5.22004829625,10.6318691179,0.777142857143,6.69985945459,16.3972542049,0.788571428571,7.98337494431,25.5734087554,1.25962124882,1.87569976834
DRIFT30,28,ATU1,349,1.19305563667,0.767908309456,5.23875677332,7.7843155053,0.87106017192,6.72387152495,9.7034837679,0.899713467049,8.01198709091,11.4840444379,1.65667160221,2.05590898391
DRIFT30,28,ATU5,349,1.17882902487,0.836676217765,6.95634156672,9.86395357317,0.876790830946,8.92836774108,14.0127281581,0.885386819484,10.6388063512,19.772112925,1.26099392804,1.70518557824
DRIFT30,28,MJ3,349,0.927220036313,0.647564469914,3.54239053487,6.79308910226,0.719197707736,4.54660902925,8.6883963143,0.790830945559,5.41761881003,10.6955850855,1.15363331495,1.52350575896
DRIFT30,28,MJ1,349,1.26032523715,0.759312320917,5.49162500263,11.2170934864,0.776504297994,7.04842438361,17.3233078143,0.787965616046,8.39871567492,27.0653077675,1.31364099562,1.9597102296
DRIFT30,29,ATU1,348,1.23911092998,0.76724137931,5.45634408658,8.09625983809,0.864942528736,7.0031418181,10.1138278485,0.896551724138,8.34475817008,11.945007543,1.7211452672,2.13401352109
DRIFT30,29,ATU5,348,1.24145864552,0.836206896552,7.35349663912,10.4356110294,0.873563218391,9.43811075795,14.8467639864,0.882183908046,11.2462026192,20.983143483,1.31782845508,1.78303812053
DRIFT30,29,MJ3,348,0.969080644526,0.646551724138,3.69405974272,7.07927016829,0.715517241379,4.74127435006,9.02701291214,0.793103448276,5.64957684664,11.0704764172,1.20718952333,1.59152477038
DRIFT30,29,MJ1,348,1.32291450628,0.758620689655,5.76901661118,11.8100131307,0.772988505747,7.40445265877,18.2579320516,0.784482758621,8.82294953096,28.5641674284,1.36806848847,2.04422288179
DRIFT30,30,ATU1,347,1.28509165918,0.763688760807,5.67508212287,8.40798004376,0.864553314121,7.28388904826,10.5285476154,0.896253602305,8.67928912825,12.4184732989,1.78546131447,2.21128205456
DRIFT30,30,ATU5,347,1.30572612731,0.835734870317,7.76271270185,11.0232869901,0.873198847262,9.96333388832,15.7053177389,0.878962536023,11.8720445802,22.2253952107,1.37566833278,1.86158363149
DRIFT30,30,MJ3,347,1.01127711829,0.64553314121,3.84623715826,7.3664188418,0.71757925072,4.93659194836,9.36410163552,0.795389048991,5.88231211982,11.4389068049,1.26142191263,1.66000909306
DRIFT30,30,MJ1,347,1.38630814535,0.757925072046,6.05248131411,12.4080702674,0.772334293948,7.76827566617,19.1980912768,0.78386167147,9.25647138335,30.0655363774,1.42284927154,2.12923119747
DRIFT7,1,ATU1,376,0.00920552285328,0.742021276596,0.0397883173753,0.059062220212,0.864361702128,0.0510677524843,0.0697427512748,0.920212765957,0.0608509802943,0.0777590019923,0.012898973774,0.0163473993334
DRIFT7,1,ATU5,376,0.0067348474073,0.797872340426,0.0329019589679,0.0452898578783,0.875,0.0422292071557,0.0564149701691,0.917553191489,0.0503192039491,0.0666873623415,0.00908981184656,0.0114405788132
DRIFT7,1,MJ3,376,0.00554532148921,0.771276595745,0.0243200085528,0.0380055076814,0.843085106383,0.0312143930459,0.0469364800289,0.88829787234,0.0371942434067,0.0564529124933,0.00754490195918,0.00985561953733
DRIFT7,1,MJ1,376,0.00740115467935,0.779255319149,0.0331881443209,0.053575741029,0.824468085106,0.0425965220797,0.0711766550273,0.851063829787,0.0507568866766,0.0909296069085,0.00947796197664,0.0135082406313
DRIFT7,2,ATU1,375,0.0207223871206,0.738666666667,0.0893226998809,0.133307964883,0.861333333333,0.11464444414,0.157928097095,0.914666666667,0.136607280952,0.177515682709,0.0289797432494,0.0367222714019
DRIFT7,2,ATU5,375,0.0152317906064,0.789333333333,0.0746481280799,0.103477959703,0.869333333333,0.0958098351393,0.129672253092,0.914666666667,0.114164460084,0.1545283853,0.0204195021805,0.0257078819703
DRIFT7,2,MJ3,375,0.012507458282,0.768,0.0544281887691,0.0863212625746,0.832,0.0698578239942,0.107267771327,0.885333333333,0.083240731469,0.130154121216,0.0169502523649,0.0221268420925
DRIFT7,2,MJ1,375,0.016672542439,0.778666666667,0.0745355335938,0.121981050925,0.826666666667,0.0956653216809,0.163860488346,0.848,0.113992261677,0.212757401724,0.021275717245,0.0303268440043
DRIFT7,3,ATU1,374,0.0345358184789,0.737967914439,0.148466410794,0.222911377089,0.860962566845,0.190554575282,0.264794517352,0.914438502674,0.2270597812,0.299943188151,0.0482083975641,0.0610728270457
DRIFT7,3,ATU5,374,0.025510998793,0.788770053476,0.125424578913,0.175067187176,0.866310160428,0.160980704234,0.220648305064,0.911764705882,0.191820340323,0.265416982848,0.0339510593071,0.042772506846
DRIFT7,3,MJ3,374,0.0208869174112,0.764705882353,0.0901964094108,0.145151427236,0.831550802139,0.115765838181,0.181498978858,0.882352941176,0.137943504368,0.221805815087,0.0281907797245,0.0367830318199
DRIFT7,3,MJ1,374,0.0278198359786,0.77807486631,0.124000973853,0.205732919911,0.823529411765,0.159153526921,0.279177693471,0.844919786096,0.189643124268,0.368221395733,0.0353653164069,0.0504121634756
DRIFT7,4,ATU1,373,0.0506254678647,0.73726541555,0.217054050025,0.327650159989,0.86327077748,0.278585857195,0.390431840731,0.922252010724,0.331955523433,0.447108955588,0.0705493754472,0.089336061516
DRIFT7,4,ATU5,373,0.0375856235403,0.788203753351,0.18541162892,0.260401866444,0.86327077748,0.237973249386,0.330286400074,0.911528150134,0.283562616416,0.401222888375,0.0496571306808,0.0625983600942
DRIFT7,4,MJ3,373,0.0306799125831,0.758713136729,0.131490786754,0.214648915163,0.825737265416,0.168766597706,0.270120057077,0.882037533512,0.201097804618,0.331640053118,0.0412376079682,0.0537890503442
DRIFT7,4,MJ1,373,0.0408509404346,0.780160857909,0.181543613155,0.305156143007,0.820375335121,0.233008704898,0.418169056301,0.844504021448,0.277646996791,0.559200887774,0.0517280511718,0.0737144858755
DRIFT7,5,ATU1,372,0.0689654031667,0.728494623656,0.294889053934,0.44774388847,0.862903225806,0.37848600318,0.534866306079,0.916666666667,0.450993889505,0.620002129628,0.0959082268354,0.121438309549
DRIFT7,5,ATU5,372,0.0514589526405,0.790322580645,0.254784229038,0.359714725409,0.862903225806,0.327012017691,0.459141855622,0.908602150538,0.389658852729,0.563426802899,0.0675116401226,0.0851429746914
DRIFT7,5,MJ3,372,0.041878086787,0.758064516129,0.178174052566,0.294939605239,0.817204301075,0.228683920703,0.37335136132,0.876344086022,0.272493698575,0.45994671172,0.0560545850444,0.0731055223416
DRIFT7,5,MJ1,372,0.055774693223,0.77688172043,0.247121425852,0.420664886606,0.819892473118,0.317176916278,0.581536657475,0.836021505376,0.377939606568,0.788085327586,0.0702796258562,0.100178780295
DRIFT7,6,ATU1,371,0.0895235974379,0.730458221024,0.381742954413,0.582852588226,0.859838274933,0.489961777591,0.698729872285,0.919137466307,0.583825467595,0.817935867951,0.124254249538,0.157296071766
DRIFT7,6,ATU5,371,0.0671227443019,0.795148247978,0.333710908932,0.473320389379,0.859838274933,0.428313314632,0.607324844843,0.905660377358,0.510366793144,0.752376803529,0.0874336003479,0.110358405386
DRIFT7,6,MJ3,371,0.0544683275201,0.754716981132,0.230105983271,0.386071318932,0.814016172507,0.295337832158,0.491509182958,0.873315363881,0.351916732782,0.606920828089,0.0725996524412,0.0946889880991
DRIFT7,6,MJ1,371,0.0725985580081,0.77628032345,0.320689084753,0.552554167302,0.816711590296,0.411599984239,0.770244619688,0.838274932615,0.490451631639,1.05639719669,0.0910019871436,0.129745013625
DRIFT7,7,ATU1,370,0.112260996758,0.727027027027,0.477359790771,0.732620428139,0.859459459459,0.612684658442,0.881118230703,0.916216216216,0.73005879961,1.04046537866,0.155533918481,0.196817119669
DRIFT7,7,ATU5,370,0.084556625672,0.794594594595,0.422351516344,0.601267418427,0.859459459459,0.542082302565,0.775205089486,0.9,0.645930903684,0.967652144249,0.109401894294,0.1381923586
DRIFT7,7,MJ3,370,0.0684328807902,0.745945945946,0.287142797813,0.488106987122,0.805405405405,0.368543791084,0.624909862295,0.862162162162,0.439147013092,0.772795929925,0.0908305154991,0.118492355045
DRIFT7,7,MJ1,370,0.0913260227398,0.778378378378,0.402197067008,0.70094350139,0.816216216216,0.516214346893,0.984936293551,0.835135135135,0.615107333343,1.36518919325,0.113880154892,0.162348460188
DRIFT7,8,ATU1,369,0.137130334277,0.726287262873,0.581465773291,0.897525767333,0.856368563686,0.746303240431,1.08186500601,0.913279132791,0.889275160308,1.28785769916,0.18958854311,0.239901740831
DRIFT7,8,ATU5,369,0.103728381971,0.791327913279,0.52085497698,0.743209727525,0.861788617886,0.668510125566,0.961950101493,0.905149051491,0.796578946564,1.20862855278,0.133396383095,0.168589393563
DRIFT7,8,MJ3,369,0.0837497815675,0.745257452575,0.349136855974,0.601141958705,0.80216802168,0.448112303313,0.773352838168,0.853658536585,0.533958743278,0.959248165962,0.110702193013,0.144465570801
DRIFT7,8,MJ1,369,0.111954256637,0.772357723577,0.491592230605,0.86614508002,0.815718157182,0.630951797205,1.22554968195,0.831978319783,0.751825437985,1.71589483168,0.138760665435,0.197920003532
DRIFT7,9,ATU1,368,0.164074869283,0.725543478261,0.693777290222,1.07627544185,0.85597826087,0.890453511821,1.30112347582,0.913043478261,1.06104080295,1.55826681032,0.226418292098,0.286444108857
DRIFT7,9,ATU5,368,0.124595145913,0.790760869565,0.629357739342,0.898863487157,0.861413043478,0.807771913389,1.16655008083,0.904891304348,0.962519601759,1.47327250188,0.159273016519,0.201492207147
DRIFT7,9,MJ3,368,0.100393528877,0.741847826087,0.415937213493,0.724904049201,0.798913043478,0.533849633984,0.936612864926,0.845108695652,0.636121074012,1.16628717777,0.132162556349,0.17255647196
DRIFT7,9,MJ1,368,0.134472448837,0.774456521739,0.588818485553,1.04804002271,0.8125,0.755740344452,1.4929497063,0.834239130435,0.900520163326,2.10843037122,0.165651307386,0.236386433683
DRIFT7,10,ATU1,367,0.193027482883,0.719346049046,0.814003728363,1.26838385415,0.858310626703,1.0447624746,1.53720899213,0.910081743869,1.244911273,1.85097221592,0.265960995372,0.336333710815
DRIFT7,10,ATU5,367,0.147105646171,0.787465940054,0.747982276407,1.06747045741,0.861035422343,0.960024858399,1.3881624967,0.901907356948,1.14394017552,1.76114202495,0.187047384707,0.23684295187
DRIFT7,10,MJ3,367,0.118335853177,0.738419618529,0.487390213353,0.859293633022,0.787465940054,0.62555856645,1.11512051224,0.841961852861,0.745399007166,1.39299993283,0.15515873042,0.202711740811
DRIFT7,10,MJ1,367,0.158861143876,0.776566757493,0.693816657895,1.24689931064,0.811989100817,0.890504039681,1.78722913551,0.83378746594,1.06110101061,2.54440205085,0.194558590295,0.27767073769
DRIFT7,11,ATU1,366,0.22391082338,0.718579234973,0.941849239553,1.47347835185,0.857923497268,1.20885041178,1.79044990113,0.907103825137,1.44043410973,2.16560066017,0.30796584856,0.389456754314
DRIFT7,11,ATU5,366,0.171203639486,0.786885245902,0.876835572683,1.24876215877,0.863387978142,1.12540627373,1.62552792493,0.904371584699,1.34100428654,2.07040125621,0.216717851261,0.274584528531
DRIFT7,11,MJ3,366,0.137546493364,0.732240437158,0.563340091302,1.00427182893,0.786885245902,0.723039179459,1.30831168603,0.830601092896,0.861554321874,1.63979113617,0.179658178999,0.234877893433
DRIFT7,11,MJ1,366,0.185092750731,0.775956284153,0.806524208501,1.46259083001,0.811475409836,1.03516261479,2.10752375542,0.830601092896,1.23347233449,3.02328186014,0.225234970437,0.321692379757
DRIFT7,12,ATU1,365,0.256638460268,0.720547945205,1.07701429226,1.68984655739,0.860273972603,1.38233287878,2.05963763457,0.906849315068,1.64715121921,2.49937613916,0.352529654897,0.445696879142
DRIFT7,12,ATU5,365,0.196832125225,0.791780821918,1.01600764041,1.44163745035,0.86301369863,1.30403168883,1.87785330288,0.909589041096,1.55384959666,2.4021031934,0.248057479135,0.314661141214
DRIFT7,12,MJ3,365,0.157993566346,0.728767123288,0.643629617587,1.15937918108,0.783561643836,0.826089670806,1.51573596761,0.827397260274,0.984346555979,1.90623365403,0.205602139241,0.269001833
DRIFT7,12,MJ1,365,0.2131330707,0.775342465753,0.926874979649,1.69482511531,0.808219178082,1.18963115726,2.45533416911,0.827397260274,1.41753295546,3.54422583667,0.257729956401,0.368367541229
DRIFT7,13,ATU1,364,0.29111617113,0.708791208791,1.21919706637,1.91682241767,0.868131868132,1.56482249369,2.34423014002,0.909340659341,1.86460100739,2.85093000124,0.39957668631,0.504933651507
DRIFT7,13,ATU5,364,0.223937127782,0.788461538462,1.16557011828,1.645215823,0.868131868132,1.49599305097,2.14491711247,0.917582417582,1.78258566779,2.76394071366,0.281141188319,0.357016480723
DRIFT7,13,MJ3,364,0.179642573639,0.725274725275,0.728100772869,1.3243227002,0.774725274725,0.934507224866,1.73696834871,0.824175824176,1.11353403976,2.18919400118,0.232934474677,0.305029894425
DRIFT7,13,MJ1,364,0.242943501699,0.774725274725,1.05479899097,1.94370060853,0.81043956044,1.35381984826,2.82938334437,0.826923076923,1.61317584779,4.10863022694,0.292113532496,0.417609272259
DRIFT7,14,ATU1,363,0.327244583806,0.71349862259,1.36809469101,2.1537740025,0.865013774105,1.75593052595,2.64435104033,0.906336088154,2.09232027326,3.21998534923,0.448721993842,0.567042215081
DRIFT7,14,ATU5,363,0.252472811311,0.790633608815,1.32557501093,1.85949789337,0.873278236915,1.70135710739,2.42813002235,0.922865013774,2.02729203419,3.17649741975,0.315987573567,0.401593212812
DRIFT7,14,MJ3,363,0.202456080631,0.724517906336,0.816595455272,1.4990530989,0.771349862259,1.04808892008,1.97135557537,0.815426997245,1.24887497726,2.48907029773,0.261622637676,0.342907553137
DRIFT7,14,MJ1,363,0.274483605863,0.774104683196,1.19022229016,2.20875715353,0.804407713499,1.52763377104,3.22932768211,0.829201101928,1.82028791118,4.7169577846,0.32797490328,0.469327720942
DRIFT7,15,ATU1,362,0.364922176667,0.720994475138,1.5234043352,2.39948812388,0.861878453039,1.9552682962,2.95618195244,0.906077348066,2.32984587679,3.60348944757,0.500189060684,0.631893479031
DRIFT7,15,ATU5,362,0.282406597306,0.795580110497,1.49605364945,2.08367031751,0.886740331492,1.92016407109,2.7353364165,0.919889502762,2.28801661259,3.62523141027,0.352293193969,0.448333039949
DRIFT7,15,MJ3,362,0.226393781229,0.718232044199,0.908956237695,1.68292406783,0.767955801105,1.16663270095,2.2170375065,0.806629834254,1.3901286045,2.80419618253,0.291621942236,0.382579482554
DRIFT7,15,MJ1,362,0.307713650847,0.781767955801,1.33306686083,2.49008821546,0.806629834254,1.71097279264,3.6562841429,0.831491712707,2.03874982986,5.36716404629,0.365505282157,0.523430401027
DRIFT7,16,ATU1,361,0.404047974709,0.722991689751,1.68482415194,2.6544863693,0.864265927978,2.16244838803,3.27984107678,0.908587257618,2.57671618284,3.99959515363,0.553917909869,0.699354338614
DRIFT7,16,ATU5,361,0.313722851088,0.797783933518,1.6770159279,2.31888945858,0.894736842105,2.15242664097,3.08215688708,0.919667590028,2.56477453467,4.10702540423,0.390165184059,0.497176782922
DRIFT7,16,MJ3,361,0.251412685782,0.714681440443,1.005027179,1.87584057511,0.759002770083,1.28993841919,2.47442864084,0.803324099723,1.5370564301,3.13326345754,0.322895632399,0.423989637103
DRIFT7,16,MJ1,361,0.342596863484,0.783933518006,1.48325058823,2.7881755372,0.806094182825,1.90373151992,4.10887727576,0.831024930748,2.26843602017,6.06471243893,0.4046943753,0.579822475491
DRIFT7,17,ATU1,360,0.444523793996,0.733333333333,1.85205396729,2.91727833576,0.861111111111,2.37708553234,3.61437835347,0.905555555556,2.83247211498,4.40784793204,0.609366249618,0.769287921781
DRIFT7,17,ATU5,360,0.346424082381,0.813888888889,1.86844986099,2.5688229559,0.894444444444,2.39812943408,3.45248202421,0.916666666667,2.85754747052,4.62100443794,0.429624576835,0.54806447658
DRIFT7,17,MJ3,360,0.277467486546,0.711111111111,1.1046546834,2.07665983744,0.758333333333,1.41780893674,2.74279641509,0.8,1.68942354957,3.47381760944,0.355320057186,0.467081353168
DRIFT7,17,MJ1,360,0.379101224901,0.783333333333,1.64068726666,3.1020830991,0.808333333333,2.10579930907,4.58876606454,0.841666666667,2.50921464185,6.80923232037,0.445150788503,0.638407057358
DRIFT7,18,ATU1,359,0.486256002532,0.74651810585,2.02479566465,3.19133754522,0.860724233983,2.59879710062,3.95636842929,0.910863509749,3.0966577432,4.82454289032,0.666775870377,0.841553859222
DRIFT7,18,ATU5,359,0.380529047493,0.83008356546,2.07032149519,2.8471805033,0.899721448468,2.65722887153,3.84534730409,0.91643454039,3.16628349267,5.16998835742,0.470354596864,0.60093547679
DRIFT7,18,MJ3,359,0.304511194471,0.704735376045,1.20768840659,2.28442214801,0.75208913649,1.55005128878,3.01898418551,0.793871866295,1.84700003114,3.82315418959,0.388964465985,0.511797464078
DRIFT7,18,MJ1,359,0.417200602151,0.782729805014,1.80528664788,3.43172444707,0.813370473538,2.31706032772,5.09614884202,0.8356545961,2.76094767214,7.60878352874,0.487120780151,0.699085529513
DRIFT7,19,ATU1,358,0.529156754505,0.740223463687,2.2027531473,3.47291380856,0.854748603352,2.82720305684,4.30769774665,0.91061452514,3.36882022667,5.2509932268,0.726236049611,0.916008577515
DRIFT7,19,ATU5,358,0.416067910029,0.826815642458,2.28257515486,3.14446794512,0.90782122905,2.92965349441,4.26124204207,0.916201117318,3.49089745259,5.75088393337,0.512528376614,0.655728577165
DRIFT7,19,MJ3,358,0.332496179407,0.701117318436,1.31398217917,2.50034237351,0.751396648045,1.68647786891,3.30426363416,0.790502793296,2.00956232799,4.17897179641,0.423710059704,0.558080427162
DRIFT7,19,MJ1,358,0.456874808816,0.787709497207,1.97695444693,3.77785544446,0.81843575419,2.53739356245,5.63570308649,0.835195530726,3.02349091464,8.45083244139,0.530416971399,0.761757885515
DRIFT7,20,ATU1,357,0.573144536712,0.739495798319,2.38563091605,3.76164057439,0.859943977591,3.06192413192,4.66739528831,0.90756302521,3.64850763838,5.68460102524,0.787059280992,0.992505616336
DRIFT7,20,ATU5,357,0.453075452719,0.829131652661,2.50513396552,3.45601867953,0.904761904762,3.21530463539,4.70249206399,0.910364145658,3.83127178092,6.36615814143,0.555955227853,0.712382134937
DRIFT7,20,MJ3,357,0.361375790107,0.697478991597,1.42339454314,2.72181487171,0.745098039216,1.82690711776,3.5949843143,0.787114845938,2.17689409881,4.54219424628,0.45953369818,0.605872462002
DRIFT7,20,MJ1,357,0.498108003437,0.792717086835,2.15559149534,4.14017050897,0.817927170868,2.76667173187,6.20521879652,0.826330532213,3.29669270424,9.34118719563,0.574779353777,0.82632309364
DRIFT7,21,ATU1,356,0.618143940287,0.744382022472,2.5731302719,4.05587007956,0.856741573034,3.3025769498,5.0340980817,0.904494382022,3.9352631576,6.12476866565,0.849529511279,1.07089597156
DRIFT7,21,ATU5,356,0.4915839173,0.828651685393,2.73790359303,3.78168455045,0.904494382022,3.51406121791,5.16571314636,0.910112359551,4.18726220603,7.01636117075,0.600548776506,0.770834205827
DRIFT7,21,MJ3,356,0.391106741676,0.691011235955,1.5357882477,2.94862577601,0.744382022472,1.97116287582,3.8921772494,0.783707865169,2.34878543657,4.91272711264,0.496355369026,0.65511569961
DRIFT7,21,MJ1,356,0.540885578558,0.800561797753,2.3410917279,4.521654033,0.814606741573,3.00475870281,6.80126298835,0.825842696629,3.58039082824,10.2754241411,0.620569931845,0.892679486552
DRIFT7,22,ATU1,355,0.664084815557,0.740845070423,2.76494473785,4.35567074165,0.856338028169,3.54876815155,5.40974287732,0.90985915493,4.22861806823,6.57421240598,0.913610150891,1.15102846676
DRIFT7,22,ATU5,355,0.531617286017,0.830985915493,2.98078109938,4.12181770685,0.901408450704,3.82579112248,5.6508157181,0.90985915493,4.55871129781,7.69761199112,0.64644540448,0.831022688019
DRIFT7,22,MJ3,355,0.421652238963,0.687323943662,1.65102867741,3.18098345345,0.740845070423,2.11907236608,4.19707462316,0.783098591549,2.52503046477,5.28982262684,0.534126282653,0.705752342663
DRIFT7,22,MJ1,355,0.585190347709,0.8,2.5333401247,4.92185931723,0.811267605634,3.25150684877,7.42428742793,0.819718309859,3.87440937883,11.2540738706,0.667025606003,0.960725179214
DRIFT7,23,ATU1,354,0.710901142701,0.742937853107,2.96075756351,4.65968544631,0.85593220339,3.80009119242,5.79112238223,0.90395480226,4.52808794234,7.03531479345,0.978779904178,1.23275015592
DRIFT7,23,ATU5,354,0.573188348451,0.830508474576,3.23366723593,4.47606492704,0.901129943503,4.15036696484,6.15897605797,0.906779661017,4.9454672686,8.41425014711,0.693307108298,0.892885475539
DRIFT7,23,MJ3,354,0.452985304086,0.686440677966,1.76898198469,3.41825277746,0.737288135593,2.27046379698,4.50635940813,0.779661016949,2.70542448116,5.66747189833,0.572960648883,0.757724837096
DRIFT7,23,MJ1,354,0.630999019092,0.796610169492,2.73221213296,5.33722631201,0.80790960452,3.506756308,8.07137539871,0.819209039548,4.17855786899,12.2760605029,0.714396751832,1.03035851769
DRIFT7,24,ATU1,353,0.758530002477,0.745042492918,3.16024363153,4.96806420662,0.85269121813,4.05612878883,6.17742999876,0.900849858357,4.83317555586,7.50386158792,1.04542941366,1.31590676043
DRIFT7,24,ATU5,353,0.616298815021,0.832861189802,3.49647955618,4.84395767453,0.898016997167,4.48768292605,6.68832946664,0.906515580737,5.34740402731,9.16132915403,0.741191980534,0.956360621136
DRIFT7,24,MJ3,353,0.485091123827,0.682719546742,1.8895142865,3.66171028289,0.733711048159,2.42516533154,4.82108929494,0.781869688385,2.88976272933,6.05044131739,0.612588443121,0.810976054944
DRIFT7,24,MJ1,353,0.678279632022,0.796033994334,2.93757600712,5.76747512105,0.804532577904,3.77033798691,8.74453450961,0.815864022663,4.49263481128,13.3355641923,0.762879678469,1.10147856057
DRIFT7,25,ATU1,352,0.806910710531,0.741477272727,3.36307358457,5.27871476797,0.855113636364,4.31645821519,6.57249022357,0.900568181818,5.14337720021,7.98056533791,1.11333268411,1.40034314187
DRIFT7,25,ATU5,352,0.660941727174,0.840909090909,3.76916156899,5.22736106435,0.894886363636,4.83766650052,7.24021582151,0.903409090909,5.76443517823,9.93935729781,0.790099445449,1.02138650808
DRIFT7,25,MJ3,352,0.517966886833,0.681818181818,2.01249060119,3.90950746913,0.730113636364,2.58300372265,5.13977191843,0.775568181818,3.07783877263,6.43486988736,0.652985277533,0.86544948727
DRIFT7,25,MJ1,352,0.726989733945,0.789772727273,3.14929555942,6.21197602027,0.803977272727,4.0420770904,9.43995627477,0.8125,4.81643192446,14.4370578893,0.811792181278,1.17398559223
DRIFT7,26,ATU1,351,0.855984244972,0.746438746439,3.56892114623,5.59532177484,0.860398860399,4.58066070028,6.9756292669,0.894586894587,5.45819387868,8.46912258575,1.18178139315,1.48590380822
DRIFT7,26,ATU5,351,0.707105425778,0.846153846154,4.05169768274,5.62654630172,0.894586894587,5.20029767662,7.81395840391,0.903133903134,6.19653687602,10.7508520715,0.839994409123,1.08790202857
DRIFT7,26,MJ3,351,0.551618021845,0.675213675214,2.13777140399,4.16189290749,0.729344729345,2.74379989224,5.46307910273,0.774928774929,3.26943922636,6.81680513594,0.694433855554,0.921089444899
DRIFT7,26,MJ1,351,0.77707485811,0.789173789174,3.36723144733,6.67111474618,0.80056980057,4.32179477427,10.1569228162,0.809116809117,5.14973610256,15.5721043655,0.861366999672,1.24778166448
DRIFT7,27,ATU1,350,0.90569298268,0.737142857143,3.77747165441,5.91248718861,0.862857142857,4.84833237969,7.3902301466,0.897142857143,5.77714435714,8.97744490194,1.25146617154,1.57243343824
DRIFT7,27,ATU5,350,0.754777389657,0.842857142857,4.34412448698,6.04212692465,0.894285714286,5.57562341653,8.40772202454,0.9,6.64376507958,11.5925098924,0.890605370806,1.15584676177
DRIFT7,27,MJ3,350,0.58605053936,0.674285714286,2.26521281613,4.42021749296,0.722857142857,2.9073691739,5.79062235987,0.771428571429,3.46434404694,7.20313695487,0.73648314622,0.977841261911
DRIFT7,27,MJ1,350,0.828467546838,0.791428571429,3.59124624044,7.14201747575,0.8,4.6093146485,10.8948163373,0.808571428571,5.49233716389,16.7439386713,0.911493634217,1.32277115536
DRIFT7,28,ATU1,349,0.955980698628,0.739255014327,3.98843010629,6.23495365557,0.87106017192,5.11909462136,7.81967603346,0.893982808023,6.09977746768,9.49965233088,1.32213936526,1.65977739723
DRIFT7,28,ATU5,349,0.8039470694,0.845272206304,4.64653555792,6.47211372111,0.89111747851,5.96376382402,9.02393052727,0.896848137536,7.10626290136,12.4671087393,0.942191369415,1.22516113933
DRIFT7,28,MJ3,349,0.621261961034,0.670487106017,2.39466861112,4.68416410041,0.724928366762,3.07352388795,6.12298759822,0.767908309456,3.66232960022,7.59123787885,0.779388620631,1.03565149312
DRIFT7,28,MJ1,349,0.881087273649,0.787965616046,3.82121459958,7.62551901665,0.793696275072,4.90447584199,11.6507257799,0.808022922636,5.84404341872,17.9403737147,0.962207742634,1.39886132678
DRIFT7,29,ATU1,348,1.00679275036,0.75,4.20153055051,6.55630083344,0.867816091954,5.39260608044,8.26126589602,0.890804597701,6.42568647282,10.0385182008,1.39321417672,1.74778221489
DRIFT7,29,ATU5,348,0.854608016589,0.844827586207,4.9590858683,6.91541661233,0.890804597701,6.36491780443,9.6607458159,0.896551724138,7.58426735172,13.3729923121,0.994448972717,1.29578658619
DRIFT7,29,MJ3,348,0.657234396068,0.66091954023,2.52599260898,4.95682381454,0.718390804598,3.24207641443,6.46388517801,0.76724137931,3.86317232324,7.98409500347,0.822946764017,1.09446809617
DRIFT7,29,MJ1,348,0.934841433243,0.787356321839,4.05703160561,8.12008689302,0.793103448276,5.2071436925,12.4266740675,0.804597701149,6.20469440709,19.1682141549,1.01300884881,1.47596286093
DRIFT7,30,ATU1,347,1.05807629346,0.746397694524,4.41654628491,6.88512705165,0.867435158501,5.66857578786,8.71769849505,0.890489913545,6.75452466152,10.5976016408,1.4654124599,1.83629599852
DRIFT7,30,ATU5,347,0.906759332636,0.838616714697,5.28199488051,7.37375086989,0.887608069164,6.77936703471,10.3173005465,0.896253602305,8.07811406942,14.3060922964,1.04729304742,1.36766562498
DRIFT7,30,MJ3,347,0.693932442004,0.659942363112,2.65904155258,5.24091506564,0.706051873199,3.41284288481,6.81793550658,0.760806916427,4.06665312312,8.38314990365,0.867180312745,1.15424058986
DRIFT7,30,MJ1,347,0.989628365078,0.78386167147,4.29861984926,8.62408102493,0.792507204611,5.51721884631,13.2154577272,0.804034582133,6.57417174173,20.4150592688,1.06430241585,1.55399035761
EXPERT_INIT,1,ATU1,376,0.0167558635666,0.728723404255,0.0724519490197,0.106453003839,0.86170212766,0.0929910698319,0.123760426254,0.93085106383,0.110805694056,0.136397469606,0.0233750854881,0.0296435483499
EXPERT_INIT,1,ATU5,376,0.0126075529523,0.779255319149,0.0619685774619,0.0868413037927,0.859042553191,0.0795358081061,0.108103926824,0.901595744681,0.0947727608189,0.127278423741,0.0166678901005,0.0212061278881
EXPERT_INIT,1,MJ3,376,0.0102077465451,0.765957446809,0.0443454880633,0.0690815735086,0.840425531915,0.0569168177394,0.084801207484,0.885638297872,0.0678205714211,0.10112030585,0.0139888236955,0.0180741387593
EXPERT_INIT,1,MJ1,376,0.0135752718605,0.784574468085,0.0606003822266,0.098671773262,0.816489361702,0.077779748533,0.131713979295,0.845744680851,0.0926802867765,0.168291234995,0.0173667190451,0.0248730321281
EXPERT_INIT,2,ATU1,375,0.035682511094,0.728,0.153935107093,0.227375685712,0.861333333333,0.197573570993,0.265155253361,0.938666666667,0.235423430449,0.295926255808,0.0497171574063,0.0630009808108
EXPERT_INIT,2,ATU5,375,0.0269772621531,0.789333333333,0.133038989869,0.187813550222,0.850666666667,0.170753694892,0.234848866852,0.901333333333,0.203465576956,0.279220064824,0.035433522101,0.0450646249451
EXPERT_INIT,2,MJ3,375,0.0218244838982,0.765333333333,0.0941369347911,0.148964816972,0.84,0.120823447752,0.184013350078,0.882666666667,0.14397001788,0.221826501019,0.0297617414638,0.038469577208
EXPERT_INIT,2,MJ1,375,0.0289661140026,0.784,0.12904006526,0.212991552555,0.816,0.165621130723,0.287382977218,0.845333333333,0.197349749533,0.373527183428,0.036927979429,0.0528775490008
EXPERT_INIT,3,ATU1,374,0.0567490144783,0.724598930481,0.244254653969,0.362539465682,0.860962566845,0.313497454399,0.424196427622,0.935828877005,0.373555257319,0.480951898234,0.0789436067502,0.0999939209163
EXPERT_INIT,3,ATU5,374,0.0431149213302,0.780748663102,0.213356218987,0.302990252135,0.852941176471,0.273839742441,0.381163198748,0.901069518717,0.326300178889,0.457920929628,0.0562539934317,0.0715243554966
EXPERT_INIT,3,MJ3,374,0.0348398186546,0.762032085561,0.149231208369,0.239719018015,0.83422459893,0.191536182343,0.298006608207,0.879679144385,0.228229438156,0.362661183093,0.0472816558321,0.0611423333853
EXPERT_INIT,3,MJ1,374,0.0461738185797,0.786096256684,0.205279367613,0.343305155399,0.81550802139,0.263473215931,0.467915634315,0.839572192513,0.313947700668,0.617986611106,0.0586321002466,0.0839514587584
EXPERT_INIT,4,ATU1,373,0.0799198249501,0.721179624665,0.343181238765,0.511799252783,0.86327077748,0.44046835138,0.600857779462,0.932975871314,0.52485041276,0.691251409191,0.110963385659,0.14053329808
EXPERT_INIT,4,ATU5,373,0.0610197936851,0.782841823056,0.303077504152,0.43274469837,0.85254691689,0.388995765254,0.547040334741,0.903485254692,0.463517043428,0.664998339432,0.0790621058028,0.100536445085
EXPERT_INIT,4,MJ3,373,0.0492389363239,0.756032171582,0.209480754922,0.341426438692,0.823056300268,0.268865638164,0.427304411577,0.879356568365,0.320373168073,0.52355208461,0.0664980944542,0.0860445112407
EXPERT_INIT,4,MJ1,373,0.0652026613336,0.785522788204,0.289273534124,0.490034192092,0.815013404826,0.371278561532,0.674098396271,0.8418230563,0.442405693073,0.903573835106,0.0824035674571,0.118027574883
EXPERT_INIT,5,ATU1,372,0.105154670909,0.725806451613,0.450456590788,0.675163882885,0.860215053763,0.578154775089,0.795334347828,0.930107526882,0.688913905832,0.926925817716,0.145756140958,0.184521171988
EXPERT_INIT,5,ATU5,372,0.0806813169801,0.779569892473,0.402361691422,0.576994895525,0.846774193548,0.51642564004,0.733567827821,0.900537634409,0.615359104657,0.902106835583,0.103854530674,0.132051563435
EXPERT_INIT,5,MJ3,372,0.0650029425411,0.752688172043,0.27473517471,0.454176684863,0.819892473118,0.352618779239,0.571938318823,0.870967741935,0.420171191075,0.704805474234,0.0873543222249,0.113125136098
EXPERT_INIT,5,MJ1,372,0.086058038648,0.787634408602,0.380974599043,0.653363469856,0.817204301075,0.48897560415,0.906885881926,0.838709677419,0.582650369462,1.23117707342,0.108221418286,0.155034373517
EXPERT_INIT,6,ATU1,371,0.132408344506,0.722371967655,0.565798522444,0.852565619732,0.867924528302,0.726194541669,1.00866517856,0.929919137466,0.86531416785,1.18757559428,0.183233655857,0.231852311808
EXPERT_INIT,6,ATU5,371,0.102077340995,0.77628032345,0.511361287544,0.735821577727,0.846361185984,0.656325107092,0.941273754875,0.900269541779,0.782059601518,1.1688080277,0.130534243622,0.166018716802
EXPERT_INIT,6,MJ3,371,0.0821090176806,0.752021563342,0.344841715732,0.577818747118,0.811320754717,0.442599550494,0.731971640312,0.873315363881,0.527389893136,0.906568552474,0.109826254799,0.142330657322
EXPERT_INIT,6,MJ1,371,0.108743360795,0.789757412399,0.480325484054,0.833429784634,0.816711590296,0.616491084561,1.16634823863,0.835579514825,0.734594436083,1.60326923472,0.136018518136,0.194896301795
EXPERT_INIT,7,ATU1,370,0.161628021615,0.718918918919,0.688900911216,1.04356543719,0.867567567568,0.884194747124,1.23987622819,0.927027027027,1.05358302483,1.47230334636,0.223315606147,0.282413503845
EXPERT_INIT,7,ATU5,370,0.125173808303,0.778378378378,0.630214375859,0.9090518778,0.845945945946,0.808871394455,1.16997414579,0.897297297297,0.963829714255,1.46343044887,0.159022388744,0.202383752764
EXPERT_INIT,7,MJ3,370,0.100530710256,0.748648648649,0.419646447232,0.712433835785,0.805405405405,0.538610383947,0.907725621026,0.872972972973,0.641793857483,1.12746395548,0.133849419061,0.173605676011
EXPERT_INIT,7,MJ1,370,0.13325656415,0.786486486486,0.587254727061,1.03056439895,0.810810810811,0.753733282156,1.45293476268,0.835135135135,0.898128601092,2.01901868774,0.165687577513,0.237533719067
EXPERT_INIT,8,ATU1,369,0.192752677132,0.715447154472,0.819448234125,1.24802458113,0.867208672087,1.0517504221,1.48868032776,0.924119241192,1.25323792601,1.77981025317,0.26592610481,0.336086688392
EXPERT_INIT,8,ATU5,369,0.149925797195,0.777777777778,0.759040191648,1.09604868367,0.848238482385,0.974217538959,1.41892689608,0.89972899729,1.1608517975,1.78476690656,0.189354361792,0.241089887614
EXPERT_INIT,8,MJ3,369,0.120238338957,0.745257452575,0.498993458407,0.858018276259,0.80487804878,0.640451170248,1.09867383446,0.867208672087,0.763144639119,1.36715631155,0.159340888004,0.206893286126
EXPERT_INIT,8,MJ1,369,0.159587793225,0.788617886179,0.701686215676,1.24455643874,0.815718157182,0.900604507745,1.76732267133,0.831978319783,1.07313646064,2.47928640921,0.197225672742,0.282863588173
EXPERT_INIT,9,ATU1,368,0.225712675269,0.711956521739,0.957122195505,1.46585714143,0.872282608696,1.22845303852,1.75547097953,0.923913043478,1.46379208019,2.10925147282,0.310948914253,0.392752487506
EXPERT_INIT,9,ATU5,368,0.176279379869,0.779891304348,0.897937995681,1.29677365037,0.847826086957,1.15249094042,1.6866672071,0.89402173913,1.37327765749,2.13145439241,0.22141136602,0.282079955557
EXPERT_INIT,9,MJ3,368,0.141199432958,0.741847826087,0.582725206097,1.01404758248,0.801630434783,0.747919704938,1.30448148446,0.853260869565,0.89120129657,1.62685598536,0.186307346619,0.242135629903
EXPERT_INIT,9,MJ1,368,0.187717840122,0.785326086957,0.823539831957,1.47530113296,0.8125,1.05700193106,2.10869166659,0.828804347826,1.2594954849,2.98599244463,0.230543240167,0.330799778237
EXPERT_INIT,10,ATU1,367,0.260425433949,0.716621253406,1.1016024126,1.69509269357,0.874659400545,1.41389138958,2.03948015665,0.920980926431,1.68475550421,2.4593227854,0.358187788347,0.452286013491
EXPERT_INIT,10,ATU5,367,0.204170941041,0.784741144414,1.04698714261,1.50974591052,0.855585831063,1.34379344944,1.97098867599,0.891008174387,1.60122865671,2.50728868437,0.255073023782,0.325294678785
EXPERT_INIT,10,MJ3,367,0.163379104919,0.732970027248,0.670684466597,1.18032981483,0.790190735695,0.860814193577,1.52559741094,0.847411444142,1.02572337693,1.90690290601,0.214672682399,0.279274488329
EXPERT_INIT,10,MJ1,367,0.21761767227,0.784741144414,0.952727121667,1.72310631871,0.809264305177,1.22281202232,2.4772161828,0.8310626703,1.4570703948,3.53642131609,0.265539407799,0.381253300746
EXPERT_INIT,11,ATU1,366,0.29679651262,0.710382513661,1.25256581156,1.93549505395,0.871584699454,1.60765081447,2.33788272662,0.920765027322,1.91563409926,2.82746263429,0.407739115246,0.514559656025
EXPERT_INIT,11,ATU5,366,0.233530472391,0.77868852459,1.2062475849,1.73459223636,0.857923497268,1.54820201416,2.27037865011,0.893442622951,1.84479648451,2.90470203224,0.290377828744,0.370674856211
EXPERT_INIT,11,MJ3,366,0.186740044976,0.732240437158,0.762719365669,1.35691074571,0.789617486339,0.978939707692,1.76055374003,0.838797814208,1.1664786086,2.20542867258,0.244323655617,0.318251766945
EXPERT_INIT,11,MJ1,366,0.249248489362,0.786885245902,1.08913690254,1.98716145387,0.811475409836,1.39789208063,2.87283854581,0.825136612022,1.66569115173,4.13191151886,0.302176870788,0.434132624261
EXPERT_INIT,12,ATU1,365,0.334721009551,0.712328767123,1.40969292367,2.1855029637,0.868493150685,1.80932127956,2.65034399147,0.917808219178,2.15593928013,3.21232044209,0.45930016716,0.579442516855
EXPERT_INIT,12,ATU5,365,0.264286002005,0.786301369863,1.37575873195,1.9699996938,0.860273972603,1.76576721601,2.58369552516,0.895890410959,2.10404141241,3.32313011516,0.327255186109,0.418161410745
EXPERT_INIT,12,MJ3,365,0.211244287922,0.731506849315,0.858666827707,1.5430184298,0.786301369863,1.10208694201,2.00846823206,0.830136986301,1.31321758895,2.52306707784,0.275324297749,0.359009700907
EXPERT_INIT,12,MJ1,365,0.282567801602,0.780821917808,1.23268000448,2.26764071276,0.81095890411,1.5821276574,3.2953739656,0.827397260274,1.88522138179,4.77254953583,0.34044847901,0.48934394671
EXPERT_INIT,13,ATU1,364,0.374085125198,0.714285714286,1.57266643802,2.44260457253,0.868131868132,2.01849552068,2.97496093608,0.914835164835,2.40518576161,3.61313525824,0.512774189463,0.646797903498
EXPERT_INIT,13,ATU5,364,0.296367967012,0.785714285714,1.55553929438,2.21500076928,0.862637362637,1.9965130698,2.90980661984,0.901098901099,2.3789920558,3.76472595168,0.365551396978,0.46769360503
EXPERT_INIT,13,MJ3,364,0.236852290743,0.725274725275,0.95835893435,1.73839716802,0.777472527473,1.23004037564,2.26908338554,0.826923076923,1.46568350903,2.85716459025,0.307591651242,0.401490148762
EXPERT_INIT,13,MJ1,364,0.317531306137,0.782967032967,1.38328028416,2.5646277137,0.807692307692,1.77542102375,3.74397108349,0.82967032967,2.11554463384,5.45589122538,0.380109065018,0.546791402067
EXPERT_INIT,14,ATU1,363,0.414773277322,0.716253443526,1.74117429144,2.70715536893,0.870523415978,2.23477300908,3.30956523545,0.917355371901,2.6628962843,4.02846987482,0.568372888854,0.716490864094
EXPERT_INIT,14,ATU5,363,0.329716801372,0.787878787879,1.74558593362,2.46930515973,0.870523415978,2.24043529052,3.24919572533,0.909090909091,2.66964330878,4.23583922093,0.405234581039,0.51921293943
EXPERT_INIT,14,MJ3,363,0.263523722872,0.721763085399,1.06161130247,1.94294308182,0.768595041322,1.36256335542,2.54199667756,0.820936639118,1.62359437917,3.2052344065,0.340942541733,0.44563435913
EXPERT_INIT,14,MJ1,363,0.354097415947,0.782369146006,1.54087563204,2.87691200231,0.807162534435,1.97769246293,4.21928960224,0.829201101928,2.3565659195,6.18672277,0.421246796476,0.606377380089
EXPERT_INIT,15,ATU1,362,0.456669146706,0.720994475138,1.91491296406,2.97877696692,0.864640883978,2.45776418125,3.65470083804,0.917127071823,2.92860665461,4.45216058566,0.625563730354,0.788383031074
EXPERT_INIT,15,ATU5,362,0.364285367357,0.792817679558,1.94587735045,2.73163793821,0.875690607735,2.49750654093,3.60604310175,0.919889502762,2.97596259702,4.74777557711,0.446407474092,0.57265917033
EXPERT_INIT,15,MJ3,362,0.291214524255,0.71546961326,1.16826193773,2.15540490464,0.770718232044,1.49944796383,2.82563347333,0.817679558011,1.78670245039,3.56849167346,0.375601501929,0.491383125707
EXPERT_INIT,15,MJ1,362,0.392225290899,0.781767955801,1.7053729721,3.20584258719,0.812154696133,2.18882251317,4.72068880272,0.831491712707,2.60814289131,6.96245626521,0.463789606416,0.668003115551
EXPERT_INIT,16,ATU1,361,0.499657219128,0.720221606648,2.09357774431,3.25407405502,0.86703601108,2.68707794412,4.00963139168,0.91135734072,3.20185085642,4.88472913982,0.68441301865,0.862330213055
EXPERT_INIT,16,ATU5,361,0.40004795365,0.792243767313,2.15636970114,3.00355193836,0.8891966759,2.76767054821,3.98060635545,0.916897506925,3.29788286732,5.32071931334,0.488788668186,0.627970597316
EXPERT_INIT,16,MJ3,361,0.319879216744,0.709141274238,1.27815031414,2.37602408071,0.761772853186,1.64048816804,3.11952627685,0.81163434903,1.95476221941,3.94179685882,0.411266319635,0.538676987292
EXPERT_INIT,16,MJ1,361,0.431881279674,0.783933518006,1.87669752338,3.54970088546,0.808864265928,2.40871519415,5.2494460405,0.836565096953,2.87016118164,7.79169222491,0.507536703344,0.731568768384
EXPERT_INIT,17,ATU1,360,0.543629178814,0.725,2.27686655501,3.5357731141,0.866666666667,2.92232658582,4.37064307724,0.911111111111,3.48216690252,5.32872611395,0.745024728706,0.938188672781
EXPERT_INIT,17,ATU5,360,0.437010631484,0.802777777778,2.37699832068,3.28478088535,0.908333333333,3.0508443157,4.4061176894,0.913888888889,3.63530522306,5.92885859028,0.532334273446,0.685086802781
EXPERT_INIT,17,MJ3,360,0.349470537591,0.708333333333,1.39112184189,2.60381538079,0.755555555556,1.78548555413,3.42247666983,0.802777777778,2.12753726148,4.32529099102,0.447972274449,0.587456328652
EXPERT_INIT,17,MJ1,360,0.473038691814,0.783333333333,2.05476015388,3.90946477881,0.816666666667,2.63725610619,5.80697035343,0.833333333333,3.14248447488,8.67379781377,0.552525745056,0.79697379534
EXPERT_INIT,18,ATU1,359,0.588484628922,0.740947075209,2.46447894483,3.82143572614,0.863509749304,3.16312448124,4.7381844696,0.910863509749,3.76909529229,5.77659342527,0.806852969966,1.01581182948
EXPERT_INIT,18,ATU5,359,0.475210845639,0.813370473538,2.60768164678,3.57770959912,0.905292479109,3.34692315937,4.86473981112,0.91364902507,3.98810492551,6.57193132909,0.577211877904,0.743946357972
EXPERT_INIT,18,MJ3,359,0.37993973632,0.710306406685,1.50702891778,2.83783147347,0.754874651811,1.93425067549,3.73228574981,0.802228412256,2.30480183703,4.71543194111,0.485775450259,0.637661625054
EXPERT_INIT,18,MJ1,359,0.515677768236,0.788300835655,2.23945887669,4.28550993344,0.816155988858,2.87431435049,6.39736720626,0.83286908078,3.42495679549,9.60213840518,0.5985849529,0.864117347005
EXPERT_INIT,19,ATU1,358,0.634133307234,0.754189944134,2.65611400183,4.11581416978,0.86312849162,3.40908541409,5.1118889662,0.91061452514,4.0621758206,6.22605990703,0.870266626687,1.09505195574
EXPERT_INIT,19,ATU5,358,0.514709146628,0.829608938547,2.84832938713,3.9088677474,0.902234636872,3.65579119025,5.34600619534,0.91061452514,4.35614388447,7.24723814751,0.623084522975,0.804487875952
EXPERT_INIT,19,MJ3,358,0.411237322675,0.701117318436,1.62572707249,3.07838806578,0.748603351955,2.08659810772,4.04769470796,0.796089385475,2.48633499926,5.10907516001,0.524426690933,0.689233566805
EXPERT_INIT,19,MJ1,358,0.559783885027,0.793296089385,2.43068386089,4.67818680385,0.815642458101,3.1197489606,7.01818377487,0.826815642458,3.71741017157,10.5785607438,0.645580663742,0.932898702521
EXPERT_INIT,20,ATU1,357,0.680493691112,0.747899159664,2.85146508611,4.41796117937,0.862745098039,3.65981581632,5.4895684224,0.904761904762,4.36093952222,6.68246774278,0.934869232362,1.17575829768
EXPERT_INIT,20,ATU5,357,0.555575050866,0.834733893557,3.09885167061,4.26066784982,0.901960784314,3.97733306004,5.850934357,0.910364145658,4.73928465394,7.95947797056,0.670037582689,0.866649333867
EXPERT_INIT,20,MJ3,357,0.443313801792,0.697478991597,1.74707493801,3.32372583388,0.742296918768,2.24234640696,4.36897165183,0.789915966387,2.67192054448,5.5051641827,0.564068946326,0.742113527581
EXPERT_INIT,20,MJ1,357,0.605343068464,0.801120448179,2.62831335462,5.0908142576,0.812324929972,3.37340366969,7.66414950499,0.826330532213,4.01965839974,11.5997765956,0.693513983773,1.00321719451
EXPERT_INIT,21,ATU1,356,0.727491137946,0.744382022472,3.05022032381,4.7228141071,0.862359550562,3.91491540216,5.87068641109,0.904494382022,4.66490942721,7.13934936558,1.00036451279,1.25777526216
EXPERT_INIT,21,ATU5,356,0.597873095467,0.831460674157,3.35916680962,4.62671388876,0.901685393258,4.31144392382,6.37724761523,0.910112359551,5.13740230352,8.70319119947,0.718039702391,0.930367256178
EXPERT_INIT,21,MJ3,356,0.476120671589,0.688202247191,1.87093454615,3.57320266407,0.744382022472,2.40131849296,4.69282615263,0.786516853933,2.86134746856,5.89649179577,0.604621636811,0.796243766693
EXPERT_INIT,21,MJ1,356,0.652337704865,0.797752808989,2.83222173139,5.52077681466,0.808988764045,3.63511723793,8.33850946651,0.820224719101,4.33150935086,12.6651066456,0.742006821613,1.07497263531
EXPERT_INIT,22,ATU1,355,0.775060538949,0.746478873239,3.25207957842,5.02922853829,0.859154929577,4.17399895059,6.25693231265,0.907042253521,4.97362651643,7.59743753305,1.06721286903,1.34094844725
EXPERT_INIT,22,ATU5,355,0.641652809007,0.83661971831,3.62921582965,5.00802896625,0.898591549296,4.65804808864,6.92643869943,0.904225352113,5.55040663948,9.4817887508,0.766854993777,0.995576992655
EXPERT_INIT,22,MJ3,355,0.509611904714,0.687323943662,1.99716973845,3.82637322501,0.735211267606,2.56333960821,5.01709326128,0.785915492958,3.05440753507,6.28475416229,0.646044057053,0.851567025701
EXPERT_INIT,22,MJ1,355,0.700743238326,0.794366197183,3.04227873929,5.96582607961,0.808450704225,3.90472248878,9.03545320088,0.816901408451,4.6527638218,13.7752443883,0.791549562269,1.14806699003
EXPERT_INIT,23,ATU1,354,0.823141246657,0.745762711864,3.45674515641,5.34055838455,0.861581920904,4.43668437606,6.64810233517,0.90395480226,5.28663550687,8.06486726503,1.13482425391,1.42511914272
EXPERT_INIT,23,ATU5,354,0.686944422266,0.847457627119,3.90897157301,5.40397821901,0.898305084746,5.01711069799,7.49752075557,0.90395480226,5.97825612771,10.2956587133,0.816719118874,1.06221169559
EXPERT_INIT,23,MJ3,354,0.543748241406,0.683615819209,2.12563565273,4.08232719819,0.734463276836,2.72822382413,5.34230062461,0.782485875706,3.25087919645,6.67197542406,0.688141119354,0.908026717195
EXPERT_INIT,23,MJ1,354,0.750526568354,0.793785310734,3.25835849323,6.42522692825,0.802259887006,4.18205785049,9.75942059305,0.813559322034,4.98322928795,14.924467257,0.841527179409,1.22240437283
EXPERT_INIT,24,ATU1,353,0.871682826106,0.750708215297,3.66392377112,5.6517751961,0.85835694051,4.70259524925,7.04346440029,0.900849858357,5.60348785532,8.53595729308,1.20337121089,1.51013831462
EXPERT_INIT,24,ATU5,353,0.733765408442,0.847025495751,4.19844921395,5.81738600928,0.895184135977,5.38865122778,8.08928963256,0.903682719547,6.42097397521,11.1395135564,0.867149247542,1.13021224746
EXPERT_INIT,24,MJ3,353,0.578501729176,0.677053824363,2.25618455441,4.34048692704,0.733711048159,2.89578152543,5.67047548693,0.784702549575,3.45053651215,7.05941016825,0.731048863849,0.96556719573
EXPERT_INIT,24,MJ1,353,0.801644178378,0.787535410765,3.48032958567,6.89844803707,0.801699716714,4.4669546633,10.5047479186,0.807365439093,5.32270477882,16.112516678,0.891972609131,1.29789135711
EXPERT_INIT,25,ATU1,352,0.92063788194,0.75,3.87333030264,5.96593372125,0.860795454545,4.97136562272,7.44411184765,0.900568181818,5.9237475085,9.00738384232,1.27249867387,1.59585602046
EXPERT_INIT,25,ATU5,352,0.782120393686,0.849431818182,4.49770894823,6.24542839753,0.894886363636,5.77274693845,8.70448678777,0.900568181818,6.87865224348,12.0186489789,0.918606205515,1.19952032265
EXPERT_INIT,25,MJ3,352,0.613861400086,0.678977272727,2.38866605282,4.60196364169,0.727272727273,3.06581968778,6.00035717842,0.78125,3.6531494795,7.44640428786,0.774727369233,1.02413399284
EXPERT_INIT,25,MJ1,352,0.854042450068,0.786931818182,3.70806578553,7.38572243494,0.798295454545,4.75925091138,11.2717490167,0.803977272727,5.67099724064,17.3388003206,0.94284618796,1.37443733841
EXPERT_INIT,26,ATU1,351,0.969962644153,0.752136752137,4.08470078368,6.28030042484,0.868945868946,5.24265669809,7.85356386168,0.897435897436,6.24701076326,9.48571604305,1.34214130039,1.68212446114
EXPERT_INIT,26,ATU5,351,0.832006720719,0.846153846154,4.80686176922,6.68706470811,0.894586894587,6.16954028846,9.33971538239,0.900284900285,7.35146068222,12.9277756828,0.97073436801,1.27007901376
EXPERT_INIT,26,MJ3,351,0.649836661962,0.680911680912,2.52293001538,4.86711327703,0.723646723647,3.23814561811,6.33218785014,0.783475783476,3.85848849052,7.82613369112,0.8191801203,1.08367395029
EXPERT_INIT,26,MJ1,351,0.907658811597,0.786324786325,3.9414651535,7.88405841241,0.797720797721,5.05881575703,12.0582767526,0.803418803419,6.02795077066,18.5998769745,0.994072459245,1.45195501238
EXPERT_INIT,27,ATU1,350,1.01961633662,0.754285714286,4.29780128517,6.59684949635,0.871428571429,5.51616823067,8.27795305267,0.897142857143,6.57291985598,9.98210288521,1.41276522093,1.76879859104
EXPERT_INIT,27,ATU5,350,0.883419483918,0.845714285714,5.12607196476,7.14309929284,0.888571428571,6.57924213893,9.99718180928,0.897142857143,7.83965054798,13.866576056,1.02343809937,1.34183293121
EXPERT_INIT,27,MJ3,350,0.686455393804,0.671428571429,2.65882913847,5.13677876256,0.725714285714,3.41257025424,6.6665378711,0.777142857143,4.06632826376,8.20833520707,0.864413061827,1.14413533013
EXPERT_INIT,27,MJ1,350,0.962420993269,0.782857142857,4.18044118811,8.39518297057,0.791428571429,5.36553817684,12.8623226509,0.8,6.39343307634,19.8855235928,1.04559803136,1.53036078734
EXPERT_INIT,28,ATU1,349,1.06956662545,0.753581661891,4.51245722414,6.91501858888,0.87106017192,5.79167614565,8.71158470896,0.893982808023,6.90120778506,10.4928984816,1.48319164649,1.8557445778
EXPERT_INIT,28,ATU5,349,0.936356256618,0.845272206304,5.45556417407,7.61288066894,0.888252148997,7.00214081122,10.6771806765,0.896848137536,8.34356539682,14.8394318964,1.07706704537,1.41473073452
EXPERT_INIT,28,MJ3,349,0.723754058004,0.667621776504,2.79622237324,5.40974538387,0.722063037249,3.58891256196,7.00394461959,0.773638968481,4.27645308364,8.59185402394,0.910252207467,1.20546771691
EXPERT_INIT,28,MJ1,349,1.01824748291,0.78223495702,4.4249254845,8.91587888842,0.790830945559,5.6793303741,13.6851081922,0.799426934097,6.76733954144,21.2020071368,1.09742057808,1.60957559095
EXPERT_INIT,29,ATU1,348,1.11977598822,0.758620689655,4.72850952025,7.2361607555,0.867816091954,6.06897626561,9.15150451738,0.887931034483,7.23163125808,11.0137367583,1.55441434583,1.94282092691
EXPERT_INIT,29,ATU5,348,0.990817239081,0.841954022989,5.7956055413,8.09806763707,0.887931034483,7.43857918111,11.3768820519,0.89367816092,8.86361379046,15.8417960157,1.13131789448,1.48871956136
EXPERT_INIT,29,MJ3,348,0.761763178679,0.663793103448,2.93496978909,5.68706347465,0.718390804598,3.76699294229,7.34600381506,0.775862068966,4.48864894476,8.97582011102,0.956779552539,1.26762220693
EXPERT_INIT,29,MJ1,348,1.07505051391,0.778735632184,4.67489582774,9.44599644828,0.790229885057,6.00016383625,14.5195855883,0.798850574713,7.14963619115,22.5345553122,1.14947590511,1.68952492172
EXPERT_INIT,30,ATU1,347,1.1702074438,0.760806916427,4.94584840025,7.55730453062,0.864553314121,6.34792769813,9.59737662788,0.890489913545,7.56402239137,11.5549374128,1.62630706425,2.02988636371
EXPERT_INIT,30,ATU5,347,1.04680724424,0.844380403458,6.14651078277,8.59704628432,0.884726224784,7.88896118264,12.1002766603,0.890489913545,9.40027704597,16.8776049834,1.18600877499,1.56374610559
EXPERT_INIT,30,MJ3,347,0.800491306819,0.657060518732,3.07494287007,5.97260069316,0.71757925072,3.94664644677,7.6952303625,0.775216138329,4.70271929893,9.36295169582,1.00396686966,1.33055120397
EXPERT_INIT,30,MJ1,347,1.13273825427,0.775216138329,4.93036933538,9.98624679651,0.78674351585,6.32806053346,15.3675817822,0.795389048991,7.54034920454,23.8854608683,1.20125088399,1.77014005406
PERSIST,1,ATU1,376,0.0541557394965,0.765957446809,0.237308059083,0.348914469143,0.853723404255,0.304581596389,0.429103201292,0.88829787234,0.362931357231,0.487396328927,0.0741985997812,0.0933511552608
PERSIST,1,ATU5,376,0.0921393216057,0.787234042553,0.388352825951,0.493923255523,0.904255319149,0.498445455865,0.564377385597,0.960106382979,0.593934393764,0.607125532604,0.143741009328,0.159774279661
PERSIST,1,MJ3,376,0.0769641032864,0.63829787234,0.272324918815,0.437681435776,0.800531914894,0.349525249287,0.513198292245,0.845744680851,0.41648502278,0.602592372739,0.113677402977,0.125531729876
PERSIST,1,MJ1,376,0.0800480840763,0.808510638298,0.366602172776,0.444341410149,0.912234042553,0.470528794744,0.541843359255,0.936170212766,0.560669640312,0.625967428266,0.116037452633,0.142938821644
PERSIST,2,ATU1,375,0.108866319789,0.770666666667,0.476017000283,0.705928861179,0.850666666667,0.610961205508,0.875174122609,0.885333333333,0.728005178775,1.006455188,0.148673430224,0.186890560633
PERSIST,2,ATU5,375,0.184766955828,0.781333333333,0.779253329991,0.999805501379,0.901333333333,1.00016082116,1.14793307072,0.949333333333,1.19176512493,1.23648256594,0.287568983429,0.319682687621
PERSIST,2,MJ3,375,0.154417521805,0.637333333333,0.542546242462,0.886737289665,0.786666666667,0.696350563408,1.04818268696,0.84,0.829752874378,1.25082745677,0.227202640546,0.250894179886
PERSIST,2,MJ1,375,0.160781309962,0.8,0.735181328691,0.89904146942,0.912,0.943595019878,1.09713189388,0.933333333333,1.12436281542,1.27537411303,0.232252473713,0.286079067451
PERSIST,3,ATU1,374,0.164073585602,0.767379679144,0.716003243574,1.06993634027,0.847593582888,0.918980214113,1.33566096563,0.885026737968,1.09503246529,1.55359812083,0.223447241425,0.280578193092
PERSIST,3,ATU5,374,0.277875488449,0.775401069519,1.17280341051,1.51718120616,0.898395721925,1.50527688104,1.75104073399,0.94385026738,1.79364803363,1.89153565336,0.431485353262,0.479715488852
PERSIST,3,MJ3,374,0.232333036027,0.631016042781,0.810638687576,1.34691990971,0.772727272727,1.04044349151,1.60582290156,0.83422459893,1.23976488722,1.94404996359,0.340558119056,0.376061521255
PERSIST,3,MJ1,374,0.24220588805,0.79679144385,1.10565377796,1.36422006959,0.909090909091,1.41909126072,1.66535558785,0.930481283422,1.69095153284,1.94780837299,0.34866373716,0.429418136549
PERSIST,4,ATU1,373,0.219712151996,0.769436997319,0.957155728963,1.43978913032,0.855227882038,1.22849607825,1.80833275505,0.882037533512,1.46384336518,2.12426027468,0.29851576388,0.374373813003
PERSIST,4,ATU5,373,0.371451219452,0.769436997319,1.56910738223,2.04521249114,0.895442359249,2.01392752202,2.37400594596,0.938337801609,2.3997426555,2.5742501478,0.575490674775,0.639862187909
PERSIST,4,MJ3,373,0.310680831162,0.632707774799,1.07657707584,1.81772954676,0.764075067024,1.38177171758,2.18626071796,0.833780160858,1.64648255439,2.68126624086,0.453727241344,0.501008880792
PERSIST,4,MJ1,373,0.324326460521,0.790884718499,1.47794945657,1.83971045636,0.908847184987,1.89692759109,2.24646848635,0.930294906166,2.26032863891,2.64275479317,0.46528952661,0.572952673874
PERSIST,5,ATU1,372,0.275711375183,0.766129032258,1.19937800365,1.81447579261,0.852150537634,1.53938500208,2.29121946485,0.879032258065,1.83429036662,2.71224674557,0.37391343831,0.468237131295
PERSIST,5,ATU5,372,0.465475392124,0.763440860215,1.96827184775,2.58345675917,0.89247311828,2.52624956704,3.01651675196,0.932795698925,3.01021202508,3.28586697774,0.719584403617,0.800111368437
PERSIST,5,MJ3,372,0.389429220386,0.629032258065,1.34033594645,2.29879194711,0.760752688172,1.72030256302,2.78854359073,0.833333333333,2.04986693696,3.46011575647,0.566694614684,0.625712564876
PERSIST,5,MJ1,372,0.407146312463,0.787634408602,1.8520127413,2.32575452698,0.905913978495,2.37703261936,2.83966796688,0.927419354839,2.83240906527,3.36010400579,0.582147486899,0.716678492009
PERSIST,6,ATU1,371,0.331997153722,0.768194070081,1.44259038245,2.19244448934,0.849056603774,1.85154471079,2.78007292776,0.878706199461,2.20625160163,3.31190653133,0.449634905548,0.562128064586
PERSIST,6,ATU5,371,0.559925790166,0.762803234501,2.37040611623,3.1310685971,0.88948787062,3.04238331289,3.67890204062,0.932614555256,3.62522331636,4.0276422367,0.863764880307,0.960450726462
PERSIST,6,MJ3,371,0.468545106632,0.622641509434,1.60188860713,2.78954017961,0.754716981132,2.05600176867,3.41195960667,0.827493261456,2.44987721261,4.28037890965,0.679446067022,0.750150149833
PERSIST,6,MJ1,371,0.490667788612,0.78167115903,2.22780370518,2.82205262175,0.905660377358,2.8593550998,3.4449977485,0.924528301887,3.40713174886,4.09800264104,0.69925461546,0.860590701715
PERSIST,7,ATU1,370,0.388493523285,0.767567567568,1.68673178892,2.57264274814,0.848648648649,2.16489681359,3.27247634849,0.878378378378,2.57963366184,3.92043661865,0.525724645371,0.656006967106
PERSIST,7,ATU5,370,0.654778541691,0.762162162162,2.77562261823,3.68778097435,0.886486486486,3.56247306264,4.36135837801,0.927027027027,4.24494847704,4.80065946496,1.00802931516,1.120867099
PERSIST,7,MJ3,370,0.547994360881,0.605405405405,1.8612061945,3.29037324065,0.748648648649,2.3888322888,4.05525825141,0.824324324324,2.84646923862,5.14053011606,0.791968663465,0.874300568669
PERSIST,7,MJ1,370,0.574892752813,0.778378378378,2.60529919502,3.32902229023,0.902702702703,3.34386531563,4.06163983065,0.921621621622,3.98446127996,4.85723975338,0.816627253567,1.00468383629
PERSIST,8,ATU1,369,0.445124042057,0.766937669377,1.93176094076,2.95332248392,0.850948509485,2.47938832525,3.76515756465,0.875338753388,2.95437341144,4.52707127166,0.602176948505,0.74983483975
PERSIST,8,ATU5,369,0.75001003135,0.766937669377,3.18403706627,4.25304736051,0.886178861789,4.0866673317,5.0632194722,0.921409214092,4.86956447412,5.60354611186,1.152373773,1.28134648789
PERSIST,8,MJ3,369,0.627742105342,0.60162601626,2.11825730727,3.80073459714,0.739837398374,2.71875382026,4.71828401391,0.821138211382,3.23959499084,6.03817848448,0.90425072305,0.998144194038
PERSIST,8,MJ1,369,0.659823057674,0.769647696477,2.98449352901,3.84649272781,0.90243902439,3.83055597433,4.68967533551,0.918699186992,4.56438896898,5.63530666459,0.934281077452,1.14895196968
PERSIST,9,ATU1,368,0.501812860621,0.766304347826,2.17765514267,3.33384077308,0.850543478261,2.79499011665,4.25672356003,0.877717391304,3.33043614095,5.13185583814,0.679001705721,0.843573516482
PERSIST,9,ATU5,368,0.8455988424,0.763586956522,3.59576841892,4.82767367939,0.883152173913,4.61511880173,5.7849062109,0.921195652174,5.49925323904,6.43765129264,1.29679315754,1.44187407878
PERSIST,9,MJ3,368,0.707752904483,0.595108695652,2.37300835353,4.31934382608,0.739130434783,3.04572324831,5.39962183172,0.820652173913,3.62920309488,6.97103445984,1.01628183578,1.12166291739
PERSIST,9,MJ1,368,0.745460911019,0.760869565217,3.36539758511,4.37501983124,0.899456521739,4.31944103758,5.32827642196,0.91847826087,5.14693145231,6.43240331974,1.05223108926,1.29338882829
PERSIST,10,ATU1,367,0.558485604994,0.765667574932,2.42440739185,3.71232872402,0.847411444142,3.11169319979,4.74237208449,0.874659400545,3.70781114052,5.72317040625,0.756233411544,0.937185828251
PERSIST,10,ATU5,367,0.941527664199,0.771117166213,4.01093888459,5.41194582868,0.880108991826,5.14798432555,6.52516133471,0.91553133515,6.13420167346,7.30279104424,1.44128119562,1.60243425518
PERSIST,10,MJ3,367,0.787990913056,0.588555858311,2.62542409689,4.84600709607,0.732970027248,3.36969534755,6.09720087615,0.820163487738,4.01523966136,7.93611579412,1.12805287994,1.24484022417
PERSIST,10,MJ1,367,0.831809144131,0.75204359673,3.74803659638,4.91460482613,0.899182561308,4.81055289171,5.97761916818,0.91553133515,5.73212732062,7.24639363327,1.17049160788,1.43798789644
PERSIST,11,ATU1,366,0.615070332592,0.767759562842,2.67202390948,4.08813703423,0.852459016393,3.42950555949,5.22040550096,0.877049180328,4.08650792463,6.30223642785,0.833847292962,1.03063574439
PERSIST,11,ATU5,366,1.03778508397,0.781420765027,4.42967390857,6.00936664255,0.877049180328,5.68542491042,7.28552248141,0.912568306011,6.77460162937,8.19854911787,1.5858304211,1.76301060753
PERSIST,11,MJ3,366,0.868420002326,0.581967213115,2.87546821674,5.3799564012,0.729508196721,3.69062350096,6.8106296134,0.814207650273,4.39764914267,8.93370624309,1.2395560397,1.36766126494
PERSIST,11,MJ1,366,0.918871479705,0.732240437158,4.13244807641,5.4673078849,0.896174863388,5.30393968485,6.63682301749,0.915300546448,6.32003394596,8.07744097243,1.28907625959,1.5827425154
PERSIST,12,ATU1,365,0.671498633557,0.767123287671,2.92052221578,4.45901184153,0.849315068493,3.74844968269,5.68811081742,0.879452054795,4.46655328812,6.85993893624,0.911906460966,1.12388848919
PERSIST,12,ATU5,365,1.13436725178,0.783561643836,4.85210213334,6.62555587084,0.87397260274,6.22760566717,8.06432240957,0.912328767123,7.42064984846,9.12378101562,1.73043235046,1.92358607932
PERSIST,12,MJ3,365,0.949003704873,0.578082191781,3.12310386881,5.92111809508,0.72602739726,4.00846041945,7.53746443762,0.81095890411,4.77637519038,9.96160577007,1.35078462033,1.49011260577
PERSIST,12,MJ1,365,1.00665281725,0.728767123288,4.51867998508,6.03176792367,0.893150684932,5.79966297285,7.30649998366,0.912328767123,6.91072467665,8.92346628683,1.40799803051,1.72764599476
PERSIST,13,ATU1,364,0.727706934871,0.766483516484,3.16992963157,4.82466192539,0.851648351648,4.06856063529,6.14487398203,0.881868131868,4.8479890146,7.39434999823,0.99032881601,1.21691066312
PERSIST,13,ATU5,364,1.231279474,0.782967032967,5.27835533775,7.25375435149,0.873626373626,6.77469573216,8.86239420294,0.906593406593,8.07254786912,10.0795751488,1.87507823856,2.08414355364
PERSIST,13,MJ3,364,1.02970464414,0.571428571429,3.36829424173,6.46904690182,0.722527472527,4.32315885612,8.2780872352,0.81043956044,5.15136150634,11.0153928823,1.46173225075,1.61218102337
PERSIST,13,MJ1,364,1.09515955698,0.728021978022,4.90678907652,6.60783729113,0.89010989011,6.29779559885,7.98576459634,0.912087912088,7.50428631065,9.78489865468,1.52726950619,1.87269177515
PERSIST,14,ATU1,363,0.783638049535,0.765840220386,3.42028212617,5.18404112777,0.853994490358,4.38988458342,6.58710196153,0.881542699725,5.2308701144,7.90442480773,1.06910677894,1.3096704075
PERSIST,14,ATU5,363,1.32853714363,0.779614325069,5.70856836785,7.89313458376,0.870523415978,7.32686817839,9.67814903091,0.906336088154,8.73050192055,11.063921724,2.01975926807,2.24466603919
PERSIST,14,MJ3,363,1.11048443466,0.561983471074,3.61100309124,7.02313773851,0.721763085399,4.63467229197,9.02922467784,0.807162534435,5.52255265975,12.0937419368,1.57239268418,1.73385324144
PERSIST,14,MJ1,363,1.18439987468,0.724517906336,5.29683938704,7.19469209776,0.889807162534,6.79841975259,8.67488015017,0.909090909091,8.10081678304,10.6592665776,1.64690292837,2.01787352992
PERSIST,15,ATU1,362,0.839242926357,0.762430939227,3.67162344963,5.53521564727,0.850828729282,4.71247767962,7.01247336348,0.886740331492,5.61526349742,8.38911596189,1.14823220018,1.4021375643
PERSIST,15,ATU5,362,1.42616604909,0.779005524862,6.14287904658,8.54360606759,0.870165745856,7.8842998997,10.5123753323,0.900552486188,9.39472278477,12.0757889063,2.16446654845,2.40513671538
PERSIST,15,MJ3,362,1.1913037376,0.541436464088,3.8511952734,7.58450438104,0.718232044199,4.94295562025,9.78931459962,0.806629834254,5.88989490258,13.1933705366,1.6827597999,1.85511598163
PERSIST,15,MJ1,362,1.27438397344,0.723756906077,5.6889008421,7.79318637367,0.886740331492,7.30162518237,9.37297317894,0.908839779006,8.70042303557,11.5477812517,1.76691019021,2.16318524136
PERSIST,16,ATU1,361,0.894482525997,0.764542936288,3.92400451019,5.87779842493,0.853185595568,5.03640526397,7.42135481503,0.8891966759,6.00124702112,8.85304930346,1.22769635185,1.49428382024
PERSIST,16,ATU5,361,1.52420206774,0.772853185596,6.58142805409,9.20531937294,0.86703601108,8.44717145712,11.3639649213,0.90027700831,10.0654256135,13.117344476,2.30919111491,2.56553897459
PERSIST,16,MJ3,361,1.27212231105,0.542936288089,4.0888372799,8.15193674461,0.717451523546,5.24796583351,10.5574372911,0.803324099723,6.25333698831,14.3105931629,1.79282760496,1.97595601309
PERSIST,16,MJ1,361,1.36512431763,0.720221606648,6.08304799476,8.40263391881,0.886426592798,7.80750757605,10.0804626725,0.903047091413,9.30321908731,12.4473553535,1.88730283148,2.30862127019
PERSIST,17,ATU1,360,0.949329668824,0.766666666667,4.17748290455,6.21104730291,0.858333333333,5.361741261,7.81415567018,0.888888888889,6.38890877206,9.29780242772,1.30748991973,1.58608283348
PERSIST,17,ATU5,360,1.62269024321,0.772222222222,7.02435877968,9.8775793883,0.866666666667,9.0156668888,12.2331049325,0.897222222222,10.7428297018,14.1853513494,2.45392392741,2.72585646081
PERSIST,17,MJ3,360,1.35289905645,0.544444444444,4.3238977837,8.72246358891,0.711111111111,5.54966272393,11.3321569441,0.8,6.61283100637,15.4452391789,1.90259023597,2.09636020013
PERSIST,17,MJ1,360,1.4566358268,0.719444444444,6.47935883189,9.02367905848,0.880555555556,8.31616702869,10.7974141646,0.902777777778,9.9093242089,13.3623883612,2.00809203365,2.45417641781
PERSIST,18,ATU1,359,1.00377055183,0.766016713092,4.43212255576,6.53499221212,0.860724233983,5.68856771506,8.1920816753,0.896935933148,6.77834651208,9.74227526623,1.38760299507,1.6775103418
PERSIST,18,ATU5,359,1.72168327447,0.768802228412,7.47181714338,10.5614472754,0.863509749304,9.58997348108,13.1194296443,0.896935933148,11.427158215,15.2780473471,2.59865586963,2.8860731048
PERSIST,18,MJ3,359,1.43359206301,0.545961002786,4.55634820021,9.29519996445,0.707520891365,5.84800960357,12.1116298605,0.799442896936,6.96833324037,16.5948495141,2.01204196091,2.21631554763
PERSIST,18,MJ1,359,1.54893598272,0.715877437326,6.87791362129,9.65602757998,0.869080779944,8.82770656289,11.5256719397,0.899721448468,10.5188611593,14.2867076757,2.12928861487,2.59984598149
PERSIST,19,ATU1,358,1.05780548964,0.765363128492,4.68799342874,6.84899543029,0.865921787709,6.01697442515,8.55747583994,0.90782122905,7.1696672433,10.2133919797,1.46802506632,1.76854425132
PERSIST,19,ATU5,358,1.82123947869,0.768156424581,7.9239513837,11.2560519025,0.860335195531,10.170281496,14.0223919223,0.891061452514,12.1186378643,16.3978304394,2.74337774785,3.04617315521
PERSIST,19,MJ3,358,1.51415866186,0.54469273743,4.78616326793,9.86986421317,0.703910614525,6.14297404965,12.8952435515,0.796089385475,7.31980505621,17.7544756399,2.12117718093,2.33580924385
PERSIST,19,MJ1,358,1.64204466121,0.712290502793,7.27879379031,10.2999466856,0.854748603352,9.34223068951,12.2718410792,0.899441340782,11.131954471,15.2242446118,2.25090302497,2.74562580219
PERSIST,20,ATU1,357,1.11144870588,0.764705882353,4.94517129303,7.15134829089,0.868347338936,6.34705864042,8.91526950876,0.924369747899,7.56298684524,10.8018460019,1.54874501067,1.85916470478
PERSIST,20,ATU5,357,1.92142053325,0.761904761905,8.38091180712,11.9611871138,0.857142857143,10.7567838499,14.9430710081,0.890756302521,12.8174985238,17.5425910756,2.8880802899,3.20614120577
PERSIST,20,MJ3,357,1.59455550893,0.543417366947,5.01332165319,10.4456191753,0.700280112045,6.43452868072,13.6805998607,0.795518207283,7.66721382685,18.9207949256,2.22999043226,2.45482870055
PERSIST,20,MJ1,357,1.73598347468,0.708683473389,7.68208082795,10.9560782819,0.84593837535,9.85984399857,13.0340398068,0.896358543417,11.7487287706,16.1693437678,2.3729453402,2.89151230502
PERSIST,21,ATU1,356,1.16472714497,0.775280898876,5.20373750074,7.44489405699,0.876404494382,6.67892477519,9.27836487225,0.921348314607,7.95842973523,11.3996135783,1.62975108546,1.94935412871
PERSIST,21,ATU5,356,2.02228923987,0.761235955056,8.84285049456,12.6771970787,0.856741573034,11.3496757365,15.8788090288,0.887640449438,13.5239727811,18.7108158023,3.03275414407,3.36596221825
PERSIST,21,MJ3,356,1.67473867688,0.544943820225,5.23780658412,11.0213144463,0.699438202247,6.72265197031,14.4653084404,0.789325842697,8.01053390193,20.0927593302,2.33847638811,2.57336159032
PERSIST,21,MJ1,356,1.83077489771,0.705056179775,8.08785520385,11.6235372953,0.837078651685,10.3806497717,13.8126642053,0.893258426966,12.3693071258,17.1292777353,2.49542525807,3.03750253213
PERSIST,22,ATU1,355,1.21767840979,0.771830985915,5.46377874914,7.73052814695,0.901408450704,7.01268410419,9.67782504769,0.921126760563,8.35612850527,11.9944883582,1.71103091946,2.03909725831
PERSIST,22,ATU5,355,2.12390746171,0.757746478873,9.30992096408,13.4038411697,0.853521126761,11.9491541941,16.8323159998,0.887323943662,14.2382954218,19.9009388348,3.17738987794,3.52562154128
PERSIST,22,MJ3,355,1.75466374483,0.543661971831,5.4596065147,11.5957705348,0.698591549296,7.00732909926,15.247631497,0.788732394366,8.34974762333,21.2690181584,2.44662986053,2.69139588083
PERSIST,22,MJ1,355,1.92644137999,0.704225352113,8.49619529973,12.3034650361,0.828169014085,10.9047486108,14.6067300398,0.89014084507,12.993809411,18.0981420263,2.61835209197,3.18359416796
PERSIST,23,ATU1,354,1.27034809328,0.776836158192,5.725386911,8.00981247874,0.906779661017,7.34845454482,10.1516454981,0.918079096045,8.75622366263,12.5821486715,1.79257150399,2.12838113933
PERSIST,23,ATU5,354,2.2263343425,0.754237288136,9.78227796051,14.1413066749,0.850282485876,12.5554178355,17.8004332834,0.88418079096,14.9607031077,21.1131559949,3.32197797731,3.68510492468
PERSIST,23,MJ3,354,1.83428590589,0.545197740113,5.67871561095,12.1684911334,0.694915254237,7.28855257973,16.0267400377,0.78813559322,8.68484606874,22.4419285319,2.55444580246,2.80891986615
PERSIST,23,MJ1,354,2.02300451045,0.697740112994,8.90717640712,12.9957069716,0.816384180791,11.4322371515,15.4202320586,0.889830508475,13.6223507748,19.0803814388,2.74173476576,3.32978555668
PERSIST,24,ATU1,353,1.32278685953,0.784702549575,5.98865913544,8.2864268586,0.903682719547,7.68636078667,10.6240438923,0.917847025496,9.15886378411,13.1634313864,1.8743591839,2.21719510569
PERSIST,24,ATU5,353,2.32962486089,0.750708215297,10.2600773567,14.8891947205,0.849858356941,13.1686667214,18.7845525195,0.881019830028,15.6914342258,22.3483611812,3.46650884498,3.84439852949
PERSIST,24,MJ3,353,1.91356014148,0.546742209632,5.89513360704,12.7379689612,0.694050991501,7.56632207053,16.800485018,0.787535410765,9.01582883162,23.6079586255,2.66191930967,2.92592219476
PERSIST,24,MJ1,353,2.12048428001,0.696883852691,9.32087014492,13.7001451396,0.804532577904,11.9632073156,16.2518912763,0.883852691218,14.2550407489,20.0704908863,2.86558180824,3.47607571169
PERSIST,25,ATU1,352,1.37504758891,0.795454545455,6.25369803346,8.56787092255,0.903409090909,8.02653452951,11.0927137002,0.917613636364,9.56420579967,13.7429126806,1.95637964836,2.30553073186
PERSIST,25,ATU5,352,2.43382869554,0.744318181818,10.7434752763,15.6478657341,0.846590909091,13.7891012343,19.7843285147,0.877840909091,16.4307275466,23.6056367182,3.6109727996,4.0034889333
PERSIST,25,MJ3,352,1.99244144529,0.548295454545,6.10886527264,13.3041289477,0.693181818182,7.84064369348,17.5668776875,0.78125,9.34270320656,24.7654391121,2.7690456228,3.0423918944
PERSIST,25,MJ1,352,2.21889846215,0.690340909091,9.73734467658,14.4179099922,0.795454545455,12.49774659,17.108823396,0.883522727273,14.8919835801,21.0782742643,2.98990134756,3.62246431709
PERSIST,26,ATU1,351,1.42718282379,0.82905982906,6.52061168235,8.87725948259,0.903133903134,8.36911448904,11.5618072478,0.917378917379,9.97241499927,14.3147549116,2.03861792154,2.3933817588
PERSIST,26,ATU5,351,2.53898941209,0.749287749288,11.2326269528,16.417964599,0.843304843305,14.4169206142,20.7982732421,0.877492877493,17.1788204791,24.8809003531,3.75536007448,4.16236313098
PERSIST,26,MJ3,351,2.07088507549,0.54415954416,6.31991976684,13.8654118163,0.68660968661,8.11152920414,18.3253837862,0.780626780627,9.66548320116,25.9168582789,2.87582012942,3.15831839338
PERSIST,26,MJ1,351,2.31826203454,0.68660968661,10.1566651311,15.1484995053,0.777777777778,13.0359385668,17.9948076336,0.880341880342,15.5332788747,22.0930607655,3.11470110549,3.76895172084
PERSIST,27,ATU1,350,1.47924267206,0.831428571429,6.78951341284,9.23735244917,0.9,8.71424612368,12.028312479,0.914285714286,10.3836647073,14.8782959502,2.12105835313,2.48074399217
PERSIST,27,ATU5,350,2.64514395643,0.745714285714,11.7276856771,17.1992437301,0.842857142857,15.0523216079,21.8283783043,0.874285714286,17.9359474617,26.1775908789,3.89966081634,4.32100853061
PERSIST,27,MJ3,350,2.14884683481,0.542857142857,6.5283099238,14.4211891893,0.682857142857,8.37899507498,19.0749647159,0.78,9.98418844358,27.0515587517,2.98223836616,3.27369153851
PERSIST,27,MJ1,350,2.41858658512,0.682857142857,10.5788939362,15.892572714,0.748571428571,13.5778633711,18.931310146,0.877142857143,16.1790221077,23.1280877298,3.23998839162,3.91553891959
PERSIST,28,ATU1,349,1.53127323286,0.833810888252,7.06052142769,9.5960773415,0.899713467049,9.06208114503,12.4937376798,0.916905444126,10.7981356993,15.4307204148,2.20368460861,2.56761517156
PERSIST,28,ATU5,349,2.7523224086,0.739255014327,12.2288018392,17.991491938,0.839541547278,15.6954972389,22.8731247118,0.87106017192,18.7023384961,27.4892097353,4.0438650841,4.47941294451
PERSIST,28,MJ3,349,2.2262833827,0.54441260745,6.73405146386,14.9700730198,0.679083094556,8.64306148282,19.8138592083,0.779369627507,10.298842976,28.1658965434,3.0882960208,3.38850160929
PERSIST,28,MJ1,349,2.5198796841,0.676217765043,11.0040911552,16.6510929855,0.744985673352,14.1235980936,19.9153905244,0.87106017192,16.8293051382,24.1728848247,3.36577009748,4.06222753498
PERSIST,29,ATU1,348,1.58331552839,0.830459770115,7.33375830475,9.95462588195,0.896551724138,9.41277688005,12.9539428829,0.913793103448,11.2160154418,15.9827863128,2.2864796595,2.65399480948
PERSIST,29,ATU5,348,2.86054794305,0.735632183908,12.7361220567,18.7951143305,0.836206896552,16.3466356887,23.9319067278,0.870689655172,19.4782178142,28.8233696641,4.18796284759,4.63756457523
PERSIST,29,MJ3,348,2.30315258356,0.545977011494,6.93716212176,15.5108422535,0.67816091954,8.90375118997,20.5402426824,0.775862068966,10.6094739214,29.2590953587,3.19398893447,3.50273932842
PERSIST,29,MJ1,348,2.62214422937,0.669540229885,11.432315049,17.424049536,0.741379310345,14.6732175109,20.9183188126,0.870689655172,17.484217068,25.2398861521,3.49205269048,4.20901978119
PERSIST,30,ATU1,347,1.63540487054,0.832853025937,7.60935044391,10.3122415485,0.899135446686,9.76649556125,13.4129152938,0.913544668588,11.6374972469,16.5215177635,2.36942577332,2.73988399855
PERSIST,30,ATU5,347,2.96983694171,0.731988472622,13.2497883986,19.6102421106,0.835734870317,17.0059193011,25.0058829135,0.867435158501,20.2638026922,30.1717582155,4.33194398629,4.79545199641
PERSIST,30,MJ3,347,2.37941389249,0.544668587896,7.13766069332,16.0431860997,0.677233429395,9.16108832059,21.2517570856,0.772334293948,10.9161100254,30.3326585036,3.29931310386,3.61639586839
PERSIST,30,MJ1,347,2.72537775122,0.665706051873,11.8636224898,18.2124798558,0.740634005764,15.2267946181,21.9435414822,0.864553314121,18.1438448762,26.3240595471,3.61884220786,4.35591842364
