prefix,seed,epoch,total,data,rate_prior,gradient_norm,elapsed_seconds
342,0,1,0.011717580846588286,0.011717580846588286,0.0,0.03324597725063119,9.733035374898463
342,0,2,0.011620822144003562,0.011620811765173572,1.0378829989653022e-05,0.032902321443872534,9.912779790814966
342,0,3,0.011521522943901628,0.01152148178332609,4.116057553823262e-05,0.03263979057915506,10.046676790807396
342,0,4,0.011419050251724782,0.011418957497235517,9.275448926390555e-05,0.032374579077533994,10.245092040859163
342,0,5,0.011313253681345108,0.011313087856293532,0.0001658250515760423,0.03210037474307069,10.46814804058522
342,0,6,0.011204127625025566,0.011203865724737864,0.00026190028770171095,0.03181471988123153,10.63269329071045
342,0,7,0.01109179422083395,0.01109141104546006,0.0003831753738905023,0.031515840358224426,10.867788374889642
342,0,8,0.010976427610861478,0.010975895197799302,0.0005324130621761849,0.031202349370407455,11.002596207894385
342,0,9,0.010858212817733241,0.010857500025950812,0.0007127917824288774,0.030872993297194257,11.102799790911376
342,0,10,0.010737357065017954,0.010736429492042872,0.0009275729750814531,0.03052668569284882,11.210599957965314
342,0,11,0.01061410792518654,0.010612927914222824,0.0011800109637163884,0.0301626215212166,11.3713419996202
342,0,12,0.010488748514718154,0.01048727509428365,0.0014734204345054473,0.0297802920945326,11.575200457591563
342,0,13,0.010361586419602465,0.010359775231501694,0.0018111881007710272,0.029379451354306002,11.784437374677509
342,0,14,0.010232941633951814,0.010230744928803642,0.0021967051481715594,0.028960043309615775,11.999716457910836
342,0,15,0.010103138673384715,0.01010050535815964,0.002633315225075622,0.02852212871356906,12.20540349977091
342,0,16,0.009972506534007297,0.009969382234322711,0.0031242996845857133,0.02806592387698224,12.407879707869142
342,0,17,0.009841381709857213,0.009837708836874,0.0036728729832130437,0.027591889059801148,12.632596707902849
342,0,18,0.009710107283611635,0.009705825127222869,0.0042821563887652896,0.02710080000491538,12.850557082798332
342,0,19,0.009579025800797659,0.009574070702608751,0.004955098188908192,0.026593751556989058,13.055711707565933
342,0,20,0.009448469275706637,0.009442774931236868,0.005694344469769256,0.026072105198887755,13.284981915727258
342,0,21,0.009318751718539943,0.009312249647808496,0.006502070731446224,0.025537417523104535,13.601504290942103
342,0,22,0.009190164035491952,0.009182784292490816,0.007379743001135775,0.024991426606104383,13.836218415759504
342,0,23,0.009062970223924148,0.009054642372131036,0.008327851793111869,0.024436049534496213,14.014241874683648
342,0,24,0.008937403739425559,0.008928058046874583,0.009345692550975645,0.02387336853523814,14.215721874963492
342,0,25,0.008813663722710322,0.008803232469595605,0.010431253114716097,0.023305577105427633,14.43179633282125
342,0,26,0.008691912188428422,0.008680330986949722,0.011581201478699689,0.022734903141795867,14.649107082746923
342,0,27,0.008572272576960692,0.008559481595983463,0.012790980977229447,0.022163536401940978,14.835232624784112
342,0,28,0.008454829407976148,0.008440774378682365,0.014055029293783142,0.021593577139391775,15.096609874628484
342,0,29,0.008339628997720078,0.008324261883224363,0.015367114495715173,0.021027004967584223,15.285007374826819
342,0,30,0.008226681529926269,0.008209960871934,0.016720657992268812,0.020465657911695048,15.470138165634125
342,0,31,0.008115964493849439,0.008097855579362363,0.018108914487076255,0.019911218025537334,15.637516707647592
342,0,32,0.00800742698649477,0.007987901930219017,0.01952505627575269,0.019365191490990207,15.833576082717627
342,0,33,0.007900994285243483,0.007880032077821782,0.02096220742170004,0.018828888557061288,16.01385699957609
342,0,34,0.007796572507810391,0.007774159071183471,0.022413436626920257,0.018303402912264552,16.21343412483111
342,0,35,0.007694053402780103,0.007670181707651389,0.023871695128714055,0.017789603418386826,16.395488290581852
342,0,36,0.007593319252271677,0.007567989492513665,0.025329759758011446,0.017288137209861297,16.512436082586646
342,0,37,0.007494247446663829,0.007467467201139464,0.026780245524365663,0.016799443988113828,16.714691457804292
342,0,38,0.007396714252377246,0.007368498561723992,0.028215690653253734,0.01632378288219647,16.870693540666252
342,0,39,0.007300597177939129,0.0072709684874282445,0.029628690510884733,0.015861252726905434,17.09024354070425
342,0,40,0.007205776968747814,0.007174764885592114,0.031012083155700632,0.015411809351865823,17.244785874616355
342,0,41,0.007112139262358684,0.007079780029655157,0.032359232703527654,0.01497529067225736,17.414462707936764
342,0,42,0.007019576342421574,0.006985911904814515,0.033664437607058846,0.014551437764969137,17.55990016600117
342,0,43,0.006927988979545395,0.0068930656941708504,0.034923285374544234,0.014139927649660057,17.69592099962756
342,0,44,0.00683728826827324,0.0068011554854166215,0.036132782856618154,0.013740383975775707,18.000394915696234
342,0,45,0.006747397253534452,0.006710106075989761,0.03729117754469096,0.013352409795488074,18.155264832545072
342,0,46,0.00665825181725098,0.006619854153507352,0.03839766374362729,0.012975598837913814,18.32102729054168
342,0,47,0.006569801389673125,0.006530349292781468,0.03945209689165678,0.012609541076922871,18.50617045769468
342,0,48,0.006482009930013467,0.006441555123042182,0.040454806971284604,0.012253819148640443,18.628228874877095
342,0,49,0.006394855395238219,0.006353448803404214,0.04140659183400531,0.01190804243697301,18.740050040651113
342,0,50,0.006308330232058121,0.006266021410263873,0.04230882179424744,0.011571817111689529,18.897357374895364
342,0,51,0.006222441011888741,0.006179277441440726,0.043163570448014554,0.011244779312906409,19.0856838747859
342,0,52,0.006137207542922879,0.006093233832192876,0.04397371073000247,0.010926598093618229,19.197494082618505
342,0,53,0.006052661626647975,0.006007918637004352,0.04474298964362248,0.010616989427857753,19.312271249946207
342,0,54,0.005968845668495806,0.005923369561429722,0.04547610706608458,0.010315725983926688,19.422023290768266
342,0,55,0.00588581105194256,0.005839632300800999,0.046178751141561024,0.010022647882949752,19.52837041579187
342,0,56,0.005803616351507825,0.005756758770182314,0.04685758132551088,0.009737670614184044,19.651683415751904
342,0,57,0.005722325322423574,0.005674805172857847,0.047520149565727525,0.00946078964836707,19.743901874870062
342,0,58,0.005642004754579639,0.005593829981223362,0.04817477335627755,0.009192080511667075,19.841528207994998
342,0,59,0.005562722249462238,0.0055138918698792345,0.048830379583003874,0.008931693205571785,19.969434790778905
342,0,60,0.005484544036138381,0.005435047705447558,0.049496330690823064,0.008679839597436245,20.097759374883026
342,0,61,0.005407532885425732,0.00535735063972319,0.05018224570254277,0.008436791595815474,20.234152457676828
342,0,62,0.00533174618758919,0.005280848337274881,0.05089785031430879,0.008202855463993143,20.39678445784375
342,0,63,0.005257234393547636,0.005205581564294329,0.0516528292533068,0.00797835792412545,20.544273832812905
342,0,64,0.00518403971434143,0.005131583036860928,0.05245667748050224,0.007763629177328092,20.73932529054582
342,0,65,0.005112195244343399,0.005058876686348474,0.05331855799492493,0.007558981637430844,20.90998779097572
342,0,66,0.0050417245474319,0.0049874773845290715,0.054247162902828765,0.007364693367429943,21.19450254086405
342,0,67,0.004972641723529845,0.004917391134250392,0.055250589279452686,0.007180986250230987,21.28192791575566
342,0,68,0.004904952009215732,0.004848615782938969,0.05633622627676279,0.00700801034964911,21.377073374576867
342,0,69,0.0048386527371816245,0.004781142080650011,0.057510656531612706,0.0068458229942036765,21.5146342497319
342,0,70,0.004773734778150323,0.004714955212920079,0.05877956523024406,0.006694373179541951,21.73390704067424
342,0,71,0.0047101839987053785,0.004650036349379478,0.06014764932590074,0.0065534906124991195,22.097567790653557
342,0,72,0.00464798300986569,0.004586364473512064,0.061618536353626525,0.006422875011275923,22.30785920796916
342,0,73,0.004587112955249861,0.004523918227664318,0.06319472758554287,0.006302093083479029,22.818157165776938
342,0,74,0.004527555209335845,0.004462677648893983,0.06487756044186188,0.00619058566276284,23.37257304089144
342,0,75,0.004469292937847446,0.004402625729677835,0.06666720816961103,0.006087682438134049,23.661736832931638
342,0,76,0.004412312348492075,0.004343749628999067,0.06856271949300777,0.005992621582359413,24.072868874762207
342,0,77,0.004356603645783755,0.0042860415509146784,0.07056209486907658,0.005904575691425374,24.36167583288625
342,0,78,0.004302161583963773,0.004229499186280441,0.07266239768333174,0.005822677335111398,24.9625171655789
342,0,79,0.004248985650204687,0.004174125770841715,0.07485987936297202,0.005746045951728696,25.375544999726117
342,0,80,0.004197079835955927,0.004119929727328266,0.07715010862766103,0.0056738099491783975,25.645208249799907
342,0,81,0.004146452025592835,0.0040669239635296745,0.07952806206316054,0.005605124911705017,25.88929266575724
342,0,82,0.004097113049888802,0.004015124861521048,0.08198818836775383,0.0055391854252609994,26.13295591576025
342,0,83,0.004049075470904731,0.003964551050515574,0.08452442038915758,0.005475233753897469,26.421357582788914
342,0,84,0.004002352187309022,0.003915222010177489,0.08713017713153293,0.005412563747162469,26.581164832692593
342,0,85,0.003956954998110959,0.0038671566276957626,0.08979837041519625,0.0053505264207709576,27.289145457558334
342,0,86,0.003912893104587134,0.0038203716474908833,0.09252145709625056,0.005288530921669051,27.42371541587636
342,0,87,0.003870171826803208,0.0037748802812163315,0.09529154558687633,0.005226049971175514,27.523046624846756
342,0,88,0.0038287914129874344,0.0037306908502085226,0.09810056277891184,0.0051626213532102805,27.621743957977742
342,0,89,0.0037887462499214567,0.0036878058141186173,0.10094043580283932,0.005097853464080967,27.723474165890366
342,0,90,0.0037500243107877196,0.0036462210462529622,0.10380326453475752,0.0050314267673596735,27.813160665798932
342,0,91,0.0037126069615805676,0.0036059255540000223,0.10668140758054531,0.004963105731238678,27.909756207838655
342,0,92,0.0036764690499841535,0.003566901440447234,0.10956760953691924,0.004892711582585415,28.002858290914446
342,0,93,0.0036415796001483163,0.0035291247191901274,0.11245488095818874,0.004820141247656926,28.100492415949702
342,0,94,0.0036079023980779045,0.003492565931649314,0.11533646642859041,0.0047453585739620765,28.196070374920964
342,0,95,0.003575396946274746,0.00345719113971489,0.11820580655985571,0.004668403747824619,28.291596999857575
342,0,96,0.0035440194383949365,0.003422962774533701,0.12105666386123573,0.0045893733823441215,28.38726320769638
342,0,97,0.0035137239600865596,0.003389840840184405,0.12388311990215445,0.004508439755854394,28.481004332657903
342,0,98,0.0034844631412686644,0.00335778344310783,0.1266796981608344,0.004425866218755678,28.583416832610965
342,0,99,0.003456188999621945,0.0033267473792672844,0.12944162035466075,0.004341977960319666,28.677257999777794
342,0,100,0.003428853618897023,0.0032966887355032307,0.13216488339379207,0.00425716213951497,28.767883374821395
342,0,101,0.0034024096563968886,0.003267563432319628,0.1348462240772607,0.004171857051631045,28.904710665810853
342,0,102,0.0033768105923196873,0.0032393275399332545,0.13748305238643274,0.004086533943995109,29.010995749849826
342,0,103,0.0033520109319529084,0.0032119375852270003,0.14007334672590818,0.00400168134916788,29.107080707792193
342,0,104,0.0033279662546098366,0.003185350657882156,0.14261559672768095,0.003917788418162117,29.207554207649082
342,0,105,0.0033046332317804698,0.0031595244396098233,0.1451087921706463,0.0038353295689409605,29.301209207624197
342,0,106,0.0032819696235811165,0.003134417205724949,0.14755241785616752,0.003754753726740961,29.395040082745254
342,0,107,0.003259934342987925,0.003109987878683891,0.1499464643040339,0.0036764727768086336,29.484795624855906
342,0,108,0.0032384875141232786,0.0030861961501957537,0.15229136392752513,0.0036008523356361503,30.68801224976778
342,0,109,0.003217590449497938,0.0030630025617974658,0.15458788770047224,0.003528231884422979,30.9058133745566
342,0,110,0.0031972059404642554,0.0030403685209431674,0.1568374195210878,0.0034588320108526207,31.130443915724754
342,0,111,0.0031772988489778176,0.0030182575623324613,0.15904128664535624,0.0033928266720898593,31.33085904084146
342,0,112,0.003157836135344221,0.0029966355118665974,0.16120062347762337,0.0033303147394725522,31.531940707936883
342,0,113,0.003138787185291277,0.002975470943247042,0.16331624204423495,0.003271323391811802,31.683135874569416
342,0,114,0.0031201243354546343,0.002954735823221092,0.16538851223354226,0.0032158293216257377,31.831656540744007
342,0,115,0.003101822393556402,0.002934404910048544,0.16741748350785784,0.0031637940492105334,31.955513957887888
342,0,116,0.0030838588426983786,0.002914455298529939,0.16940354416843958,0.003115120844607051,32.07483674958348
342,0,117,0.0030662139593754115,0.0028948664047582728,0.17134755461713874,0.003069678914040762,32.197516499552876
342,0,118,0.003048870745772558,0.0028756199248611354,0.17325082091142222,0.0030273057432271596,32.40491220774129
342,0,119,0.003031814789789965,0.0028566997747307746,0.17511501505919042,0.0029878108179798506,32.59653458278626
342,0,120,0.003015034057896109,0.0028380919718394284,0.17694208605668052,0.002950979569774487,32.801147082820535
342,0,121,0.0029985186833418657,0.002819784464057176,0.17873421928468983,0.0029165804749748093,33.02969233272597
342,0,122,0.002982260704667802,0.0028017668995128707,0.18049380515493144,0.0028843710674861596,33.22927087498829
342,0,123,0.0029662538209273273,0.0027840304030549035,0.18222341787242372,0.0028541053843673925,33.42367166560143
342,0,124,0.0029504931769050212,0.0027665674585666752,0.1839257183383462,0.002825539637125375,33.56371495779604
342,0,125,0.002934975168350278,0.002749371881200214,0.18560328715006397,0.0027984352950890063,33.67054195795208
342,0,126,0.002919697294305452,0.0027324388440837064,0.18725845022174584,0.0027725615320387193,33.77921274956316
342,0,127,0.002904657990391565,0.002715764839235372,0.1888931511561928,0.0027476952009233926,33.946848957799375
342,0,128,0.00288985559223477,0.0026993466055295896,0.19050898670518066,0.0027235876403674955,34.04588004061952
342,0,129,0.0028752905664175318,0.0026831856430115787,0.19210492340595317,0.0027001322492087305,34.14713237481192
342,0,130,0.002860963822640781,0.002667280689636108,0.19368313300467271,0.0026771137496113206,34.26524816593155
342,0,131,0.002846875958940557,0.002651629520570493,0.19524643837006417,0.0026543656023604663,34.36743912473321
342,0,132,0.002833028786336557,0.002636232113452366,0.19679667288419117,0.0026318171909933425,34.47529241582379
342,0,133,0.002819424333729693,0.0026210867467513265,0.1983375869783664,0.002609357614326303,34.57566466554999
342,0,134,0.0028060641946045005,0.002606191344576305,0.19987285002819583,0.0025869110685194036,34.669412666000426
342,0,135,0.002792950532948172,0.002591545757548529,0.20140477539964285,0.0025644643909829993,34.76735754078254
342,0,136,0.002780085163192784,0.0025771491484194086,0.202936014773375,0.0025419862227921293,34.86212374968454
342,0,137,0.002767469299884316,0.0025630007481047103,0.2044685517796059,0.002519471288449315,34.950528165791184
342,0,138,0.002755104127631261,0.0025491009140796916,0.20600321355156917,0.002496957283138445,35.04822991555557
342,0,139,0.0027429901181878933,0.0025354492668230944,0.20754085136479875,0.002474471182483724,35.15263074962422
342,0,140,0.002731126975685532,0.0025220451005818247,0.2090818751037073,0.002452049706814411,35.25149912480265
342,0,141,0.002719513920011557,0.0025088878924484494,0.210626027563108,0.0024297413256394768,35.342046457808465
342,0,142,0.002708149374636574,0.002495976168123281,0.21217320651329313,0.002407573169157118,35.44902708288282
342,0,143,0.0026970310041113917,0.0024833077065196697,0.21372329759172173,0.002385564280811478,35.55207383260131
342,0,144,0.002686155905525128,0.002470879723419312,0.21527618210581598,0.0023637319189422855,35.654941332992166
342,0,145,0.0026755205600317677,0.0024586883236363734,0.21683223639539426,0.0023420764734659646,35.75272749969736
342,0,146,0.002665120889010566,0.0024467287988923694,0.21839209011819663,0.002320591605503107,35.84908141568303
342,0,147,0.0026549523991853214,0.0024349961185109767,0.21995628067434478,0.002299269471338846,35.936590790748596
342,0,148,0.002645010239817631,0.0024234850011356835,0.22152523868194748,0.002278090433995833,36.05759404087439
342,0,149,0.002635289273970524,0.0024121903189472027,0.22309895502332136,0.0022570299460543683,36.156620582565665
342,0,150,0.002625784162724225,0.0024011073640804867,0.22467679864373824,0.0022360643270694126,36.28441087482497
342,0,151,0.002616489476603607,0.002390231727708268,0.22625774889533928,0.002215165928253983,36.43507033260539
342,0,152,0.0026073997253288793,0.0023795592379186456,0.2278404874102335,0.0021943110547122387,36.56183804059401
342,0,153,0.0025985094043867573,0.002369085859422815,0.22942354496394216,0.0021734791997712294,36.66268504085019
342,0,154,0.0025898130622106783,0.0023588076544299916,0.23100540778068668,0.002152655960276119,36.75417233258486
342,0,155,0.002581305340565757,0.0023487206548962435,0.2325846856695133,0.0021318269657219923,36.867612457834184
342,0,156,0.002572980993618834,0.002338820841828647,0.23416015179018682,0.0021109807587060556,37.01058083260432
342,0,157,0.0025648349202463984,0.002329104136191866,0.23573078405453227,0.002090107988029256,37.118589874822646
342,0,158,0.002556862174369831,0.002319566380177337,0.23729579419249408,0.0020692054564169517,37.217115374747664
342,0,159,0.0025490579973227187,0.002310203337453437,0.23885465986928198,0.0020482739391992177,37.31559116579592
342,0,160,0.002541417807373423,0.0023010108007170934,0.24040700665632972,0.0020273202265117156,37.40974920755252
342,0,161,0.0025339371910872936,0.002291984768759901,0.2419524223273925,0.0020063573316825402,37.513781249988824
342,0,162,0.002526611921673165,0.0022831216264115025,0.24349029526166277,0.00198540282843976,37.620823457837105
342,0,163,0.0025194379354422157,0.0022744181529461525,0.24501978249606315,0.0019644765568130394,37.712043582927436
342,0,164,0.002512411324624673,0.0022658714931634593,0.2465398314612136,0.001943602683010046,37.804273624904454
342,0,165,0.002505528335181977,0.0022574789698714998,0.24804936531047747,0.0019228081136231088,37.90057499986142
342,0,166,0.0024987853425882233,0.0022492379080240954,0.24954743456412803,0.0019021203464950126,37.99414066597819
342,0,167,0.0024921788396571843,0.0022411455548227263,0.2510332848344581,0.0018815672509633792,38.099514124915004
342,0,168,0.0024857054265504932,0.0022331990674445018,0.2525063591059917,0.0018611759449452723,38.206185874994844
342,0,169,0.002479361809844619,0.002225395504069988,0.2539663057746312,0.001840969431973524,38.30529987486079
342,0,170,0.0024731447844018265,0.002217731850021382,0.2554129343804443,0.0018209676055507117,38.39898583292961
342,0,171,0.0024670512290305142,0.0022102050445869013,0.25684618444361285,0.001801187070725816,38.502039374783635
342,0,172,0.0024610781020240552,0.0022028120495811722,0.2582660524428831,0.0017816435375677183,38.59602820780128
342,0,173,0.0024552224386966397,0.0021955498921680796,0.25967254652855987,0.0017623506392578116,38.69334899960086
342,0,174,0.0024494813489780516,0.002188415749960153,0.2610655990178987,0.0017433193576713436,38.79049583291635
342,0,175,0.002443852011518563,0.002181407019578963,0.26244499193959986,0.0017245585237541802,38.887114790733904
342,0,176,0.0024383316735093097,0.002174521298257753,0.26381037525155643,0.0017060744315202927,38.98084083292633
342,0,177,0.0024329176487481257,0.002167756291143217,0.2651613576049086,0.0016878713046987643,39.08201974956319
342,0,178,0.0024276073161819452,0.002161109697387358,0.26649761879458733,0.0016699518839833338,39.18351887492463
342,0,179,0.0024223981189706607,0.002154579135093788,0.2678189838768728,0.0016523176512553567,39.279586541000754
342,0,180,0.0024172875622323876,0.0021481621304133675,0.2691254318190201,0.0016349682879441755,39.37884537456557
342,0,181,0.002412273217008689,0.002141856174917294,0.2704170420913951,0.001617902925437517,39.51059395773336
342,0,182,0.0024073527150535274,0.002135658734074413,0.2716939809791141,0.0016011181325991052,39.642572874668986
342,0,183,0.0024025237491403337,0.002129567300125151,0.27295644901518273,0.0015846102280700966,39.758603665977716
342,0,184,0.0023977840723490903,0.0021235794209043257,0.2742046514447644,0.0015683759243699507,39.87155024986714
342,0,185,0.002393131496839408,0.0021176927352058936,0.27543876163351444,0.0015524131851222954,39.993681540712714
342,0,186,0.0023885638926574686,0.0021119050088491717,0.2766588838082969,0.0015367197289238212,40.103234957903624
342,0,187,0.0023840791877548623,0.002106214157758432,0.27786502999643037,0.0015212945490558753,40.21018774993718
342,0,188,0.002379675363897537,0.0021006182124419857,0.2790571514555512,0.0015061361720698583,40.66500008292496
342,0,189,0.002375350455324205,0.0020951152468725955,0.28023520845160943,0.0014912429357752605,40.85296837473288
342,0,190,0.002371102546719685,0.0020897033024761527,0.2813992442435326,0.0014766130878960523,41.049734665546566
342,0,191,0.002366929771245012,0.0020843803512125354,0.2825494200324765,0.0014622446794992088,41.26389112463221
342,0,192,0.002362830307646785,0.00207914431219989,0.28368599544689505,0.0014481355153997712,41.3951527075842
342,0,193,0.0023588023805994306,0.0020739931016387414,0.2848092789606894,0.001434281118260909,41.510867457836866
342,0,194,0.0023548442565576987,0.002068924699908602,0.28591955664909635,0.0014206782817329667,41.62796337483451
342,0,195,0.0023509542448019055,0.002063937140022799,0.2870171047791064,0.0014073217864961189,41.72991087473929
342,0,196,0.002347130693693685,0.0020590285340867306,0.2881021596069543,0.0013942066391324803,41.83491541584954
342,0,197,0.002343371990442847,0.0020541970815520128,0.28917490889083436,0.0013813278537518421,41.94242224982008
342,0,198,0.00233967655930363,0.002049441071836561,0.29023548746706906,0.0013686805519623915,42.055500832851976
342,0,199,0.0023360428621167916,0.002044758869891431,0.29128399222536067,0.001356258333815171,42.21015316573903
342,0,200,0.002332469396449048,0.002040148885449918,0.29232051099912965,0.0013440569175049702,42.34773320797831
342,1,1,0.011717580846588286,0.011717580846588286,0.0,0.033429675094410485,44.90330358268693
342,1,2,0.01161723596950057,0.011617222267638961,1.3701861608961439e-05,0.033018553478113756,44.99676620773971
342,1,3,0.011515320546490805,0.011515265373616638,5.5172874167417286e-05,0.03270277869935264,45.08983391569927
342,1,4,0.0114113023154193,0.011411176493448414,0.00012582197088495484,0.0323846370848664,45.18877870775759
342,1,5,0.011305078939188556,0.011304852077133378,0.00022686205517829917,0.032057304305891515,45.283177457749844
342,1,6,0.011196732816703856,0.011196372928876456,0.00035988782740017824,0.03171753574714621,45.37654695799574
342,1,7,0.011086433247767409,0.01108590663895642,0.0005266088109885834,0.03136372377923165,45.46631479077041
342,1,8,0.010974370811686092,0.010973641663282368,0.0007291484037255159,0.03099503639410209,45.56083466578275
342,1,9,0.010860733766453377,0.01085976373420023,0.0009700322531478314,0.030611043361834674,45.65122229093686
342,1,10,0.010745702306905617,0.010744450394430357,0.001251912475259098,0.03021150481338944,45.74152495758608
342,1,11,0.01062946160389492,0.010627884145589519,0.0015774583054008397,0.029796358777280922,45.840057499706745
342,1,12,0.010512213207506088,0.010510263868377803,0.0019493391282855443,0.029365800861135237,45.941354957874864
342,1,13,0.010394169061435558,0.01039179890091849,0.002370160517067983,0.028920381386040406,46.04025249974802
342,1,14,0.010275536297211209,0.010272693904449688,0.0028423927615205294,0.028460954551435925,46.152324040886015
342,1,15,0.010156509305162018,0.010153140987116232,0.0033683180457868517,0.027988514926687975,46.24883687496185
342,1,16,0.010037272045163128,0.010033322047249863,0.003949997913266007,0.027504054086930727,46.54921716591343
342,1,17,0.009918006649516758,0.009913417392710202,0.004589256806556112,0.02700855842390586,46.7747258329764
342,1,18,0.009798899188419368,0.00979361155200159,0.005287636417778478,0.026503110499490067,46.90556229092181
342,1,19,0.009680137529542734,0.009674091244222029,0.006046285320704814,0.02598898131466181,47.08247641567141
342,1,20,0.009561902168370967,0.009555036362584965,0.006865805786002512,0.02546763866854328,47.212609249632806
342,1,21,0.009444356145383949,0.00943661002102517,0.007746124358780131,0.02494069952182635,47.33992854086682
342,1,22,0.009327638361598695,0.009318951949134556,0.00868641246413875,0.024409851490632697,47.5095807495527
342,1,23,0.009211862043101761,0.0092021769860421,0.009685057059662178,0.023876771953062162,47.69210233259946
342,1,24,0.009097117844478506,0.009086378157673746,0.01073968680476041,0.02334306924115484,47.8714757906273
342,1,25,0.008983478756820241,0.008971631560609938,0.011847196210304582,0.022810270989122767,48.0358424577862
342,1,26,0.008871002491019455,0.008857998774249495,0.013003716769961194,0.02227984210048711,48.25634074956179
342,1,27,0.008759730462603869,0.0087455258513148,0.014204611289069023,0.021753180220930125,48.45932158268988
342,1,28,0.00864968562360125,0.008634241093157852,0.015444530443397525,0.02123158493569292,48.5773772909306
342,1,29,0.008540871572077266,0.008524154043535053,0.016717528542213138,0.020716231405604565,48.715291124768555
342,1,30,0.008433274021305111,0.008415256790336821,0.018017230968290384,0.020208167311698538,49.02212816569954
342,1,31,0.008326863848081558,0.008307526824518888,0.019337023562671047,0.01970832523409418,49.14688045764342
342,1,32,0.008221600044470562,0.008200929827079524,0.020670217391037356,0.019217527707503915,49.259660915937275
342,1,33,0.008117431539095735,0.008095421377769715,0.022010161326019167,0.01873647459372812,49.402713040821254
342,1,34,0.008014298311008585,0.00799094800159543,0.02335030941315531,0.018265718402176768,49.533549290616065
342,1,35,0.007912133069404857,0.007887448797480335,0.024684271924521765,0.017805647303441807,49.65636062482372
342,1,36,0.007810864248697634,0.00778485838501797,0.026005863679664558,0.017356490641397188,49.83378233294934
342,1,37,0.007710419770841926,0.007683110620266381,0.027309150575545484,0.01691834614245732,49.9509506248869
342,1,38,0.007610730032244619,0.007582141538553236,0.028588493691382947,0.016491208155321013,50.0623895409517
342,1,39,0.007511729466160541,0.007481890861718628,0.029838604441913354,0.016074982478272666,50.17275241576135
342,1,40,0.007413357308739149,0.007382302670907506,0.03105463783164269,0.015669489165282185,50.275111249648035
342,1,41,0.007315558967825188,0.007283326618978716,0.03223234884647201,0.015274468975312965,50.3854965409264
342,1,42,0.00721828848979925,0.007184920196116424,0.033368293682825664,0.01488960517861219,50.482281082775444
342,1,43,0.0071215112986236055,0.007087051282750989,0.034460015872616365,0.014514553306333569,50.599426582921296
342,1,44,0.007025205978270873,0.006989699836074692,0.035506142196180014,0.014148964155196246,50.69528199965134
342,1,45,0.006929364408636739,0.0068928580511833345,0.03650635745340519,0.013792496273565444,50.791515124961734
342,1,46,0.006833991552884291,0.0067965302733851065,0.03746127949918446,0.013444789382231953,50.88614449976012
342,1,47,0.006739105847600692,0.006700733531289298,0.03837231631139429,0.013105493730317665,50.98625333281234
342,1,48,0.006644738516558731,0.0066054969517704,0.039241564788331185,0.012774275589045179,51.088922957889736
342,1,49,0.006550932776692348,0.0065108610183407705,0.04007175835157807,0.012450829699970465,51.20151220774278
342,1,50,0.006457742033697697,0.006416875776682704,0.04086625701499309,0.01213488387778329,51.340159790590405
342,1,51,0.00636522756781974,0.006323598487840146,0.04162907997959464,0.01182619864111157,51.45549487462267
342,1,52,0.006273456351827581,0.006231091386325011,0.04236496550256953,0.011524574551842016,51.560659707989544
342,1,53,0.006182499198156579,0.006139419769800772,0.043079428355807414,0.011229866593068391,51.661465249955654
342,1,54,0.006092428964129059,0.006048650204286014,0.043778759843044836,0.010941999243885652,51.75168262468651
342,1,55,0.006003318557233008,0.0059588486089822675,0.04446994825074039,0.010660969980376129,51.87520195776597
342,1,56,0.005915238894590569,0.005870078371941483,0.04516052264908634,0.010386842081488736,51.9684659158811
342,1,57,0.005828257259873981,0.005782398901782427,0.04585835809155388,0.010119730451581006,52.07007766561583
342,1,58,0.005742436231580678,0.005695864752542664,0.04657147903801492,0.00985979260127385,52.17020395770669
342,1,59,0.005657833165446784,0.005610525267363427,0.04730789808335638,0.00960722101206579,52.28836349956691
342,1,60,0.005574499912381077,0.005526424404266858,0.04807550811421874,0.009362237378314951,52.45963674969971
342,1,61,0.0054924826860225165,0.005443600658710087,0.04888202731242916,0.009125082349821801,52.56428345758468
342,1,62,0.005411822997696089,0.005362088015979319,0.04973498171677069,0.008896004104856154,52.664860957767814
342,1,63,0.005332567053431952,0.005281925608088503,0.05064144534344894,0.008675315346084674,52.77898516599089
342,1,64,0.0052547478094836725,0.005203140337643283,0.05160747184038903,0.00846316220742089,52.892188290599734
342,1,65,0.005178387284021585,0.005125748122631339,0.05263916139024576,0.008259634549782622,52.99186095781624
342,1,66,0.005103503508391326,0.005049760690311796,0.05374281807952976,0.008064895085450842,53.12839770782739
342,1,67,0.005030110725400477,0.004975185959540618,0.05492476585985836,0.007879149529353719,53.26926983287558
342,1,68,0.004958218370023465,0.004902027364508496,0.05619100551496912,0.007702547588366498,53.415299707558006
342,1,69,0.004887831025837077,0.00483028416615775,0.0575468596793274,0.007535096797584981,53.61391804087907
342,1,70,0.0048189502682828384,0.004759953556181682,0.05899671210115608,0.007376647968130168,53.812024540733546
342,1,71,0.00475157709233234,0.0046910332144942885,0.060543877838051215,0.007226926117816069,53.93912541586906
342,1,72,0.004685713359962424,0.004623522769468807,0.062190590493616964,0.007085550840670534,54.07003358285874
342,1,73,0.004621361859042522,0.004557423787360903,0.06393807168161905,0.006952021526514471,54.2286857906729
342,1,74,0.004558525902078193,0.0044927392530526595,0.06578664902553404,0.006825706826718192,54.39110016589984
342,1,75,0.004497209545619654,0.004429473653651717,0.06773589196793764,0.006705881068927781,54.57732924958691
342,1,76,0.004437418376827163,0.004367633650879455,0.06978472594770786,0.006591803019451404,54.79840145772323
342,1,77,0.004379159830745357,0.004307228344934182,0.07193148581117463,0.006482780573859603,54.98319716565311
342,1,78,0.004322442382357668,0.0042482684892214415,0.07417389313622652,0.006378175001485991,55.147652165964246
342,1,79,0.004267274039263108,0.004190765061973665,0.0765089772894435,0.006277359858079504,55.36969466554001
342,1,80,0.004213661189685204,0.004134728211519671,0.07893297816553234,0.006179691252867038,55.64976695785299
342,1,81,0.004161608017523097,0.004080166749287969,0.08144126823512861,0.006084512165836267,55.83665133267641
342,1,82,0.004111115849192673,0.004027087536497666,0.08402831269500688,0.0059911709862456985,56.03538620797917
342,1,83,0.004062181971886265,0.003975494291148393,0.08668768073787195,0.005899027490634169,56.23164695780724
342,1,84,0.004014798267980154,0.003925386146615281,0.08941212136487263,0.0058074577919145325,56.40939458273351
342,1,85,0.0039689504078700135,0.003876756686732471,0.09219372113754226,0.0057158835205683356,56.54759766580537
342,1,86,0.0039246178368225184,0.0038295937010578776,0.09502413576464096,0.005623823078719354,56.696967790834606
342,1,87,0.003881774124044585,0.003783879291392405,0.09789483265218028,0.0055309336796933,56.84504220774397
342,1,88,0.0038403872753913,0.0037395900111208435,0.10079726427045625,0.0054370094379757325,56.99159845756367
342,1,89,0.0038004201320775187,0.003696697213067983,0.10372291900953551,0.005341946519807413,57.368836749810725
342,1,90,0.0037618311803909238,0.0036551679016597147,0.10666327873120884,0.005245706674043573,57.499567040707916
342,1,91,0.0037245757644309907,0.0036149659962853888,0.10960976814560207,0.005148304243080356,57.64420749992132
342,1,92,0.0036886072638979786,0.0035760534479661278,0.1125538159318509,0.005049805130735743,57.81133841583505
342,1,93,0.0036538779482441965,0.003538390849115086,0.11548709912911055,0.004950328430783897,57.94956470793113
342,1,94,0.0036203394955100776,0.0035019375352321625,0.11840196027791515,0.004850061773079186,58.09582954086363
342,1,95,0.003587943524531818,0.00346665160374439,0.1212919207874279,0.004749240529170387,58.31157620763406
342,1,96,0.003556642297859833,0.003432490344295389,0.12415195356444426,0.004648182505369647,58.64962466573343
342,1,97,0.003526388858271557,0.0033994103418520027,0.12697851641955438,0.004547288009003525,59.11242799973115
342,1,98,0.0034971369981078824,0.0033673676550076636,0.12976934310021895,0.004447006909297531,59.273609082680196
342,1,99,0.0034688412787278722,0.003336318219448959,0.1325230592789131,0.00434778124127006,59.376196374651045
342,1,100,0.003441457041340792,0.0033062183610655517,0.1352386802752402,0.004250062893634101,59.48989833286032
342,1,101,0.0034149402237072485,0.003277024818803589,0.1379154049036595,0.004154248188445772,59.621476124972105
342,1,102,0.0033892476664470904,0.0032486951718714067,0.14055249457568364,0.0040606740454612236,59.747181040700525
342,1,103,0.003364337119648308,0.0032211878112126916,0.14314930843561624,0.003969618139823645,59.877248749602586
342,1,104,0.003340167381823502,0.003194461934934862,0.14570544688863962,0.003881307665379559,60.42333429073915
342,1,105,0.0033166985166796833,0.0031684776225348876,0.1482208941447955,0.003795940146172645,60.517915999982506
342,1,106,0.0032938921331593304,0.0031431960562034005,0.1506960769559298,0.0037137001003707017,60.600556790828705
342,1,107,0.0032717116079781527,0.0031185798074370753,0.15313180054107756,0.0036347552062040277,60.68314724974334
342,1,108,0.003250122217934479,0.003094593157662907,0.1555290602715718,0.0035592383655054355,60.76412224955857
342,1,109,0.0032290912991366594,0.003071202490293759,0.1578888088429004,0.003487227487162096,60.83453004062176
342,1,110,0.003208588386700262,0.0030483766049837903,0.1602117817164717,0.0034187334305721363,60.924455874599516
342,1,111,0.0031885852523513623,0.003026086819943028,0.16249843240833434,0.0033537212262368826,60.99962733266875
342,1,112,0.003169055579675555,0.003004306431555623,0.16474914811993216,0.0032920905150933943,61.07619058294222
342,1,113,0.003149975526795771,0.002983011077363122,0.16696444943264918,0.003233682121019267,61.226048207841814
342,1,114,0.0031313234732976863,0.0029621783899120555,0.16914508338563064,0.0031783360552407377,61.36079045757651
342,1,115,0.0031130799041869162,0.0029417878026884114,0.17129210149850485,0.0031258987106052103,61.50074733281508
342,1,116,0.003095227685618461,0.002921820916532045,0.17340676908641625,0.0030762134884959043,61.63893991569057
342,1,117,0.003077751208438163,0.002902260972241663,0.17549023619650023,0.0030291833578787184,61.711769540794194
342,1,118,0.0030606362917120233,0.0028830927085951538,0.17754358311686955,0.0029846611343948963,61.784193915780634
342,1,119,0.0030438701989630615,0.0028643025422112954,0.17956765675176595,0.002942471920040137,61.86435387469828
342,1,120,0.0030274414639860476,0.002845878423821022,0.18156304016502536,0.002902418058917137,61.94443979067728
342,1,121,0.0030113397196512132,0.002827809518161385,0.18353020148982835,0.002864288547729268,62.03033554088324
342,1,122,0.0029955555305958984,0.002810085808144073,0.1854697224518255,0.0028278769064435366,62.11619033291936
342,1,123,0.002980080261119766,0.002792697743193478,0.18738251792628827,0.002792997818629701,62.1935790409334
342,1,124,0.0029649059897019405,0.0027756360658446476,0.18926992385729277,0.0027594955928017784,62.26550737489015
342,1,125,0.0029500253942388362,0.00275889179656147,0.19113359767736618,0.0027272412275716204,62.330257499590516
342,1,126,0.0029354316547268817,0.002742456351145659,0.19297530358122306,0.0026961190460741786,62.391786915715784
342,1,127,0.0029211184122072977,0.002726321737732684,0.19479667447461396,0.002666014653876031,62.450078915804625
342,1,128,0.002907079717353238,0.0027104806709487873,0.19659904640445044,0.0026368115817054054,62.50680716568604
342,1,129,0.002893309995446874,0.0026949265363459315,0.19838345910094252,0.0026083926268072348,62.560562499798834
342,1,130,0.0028798040112725525,0.0026796532419969144,0.20015076927563816,0.0025806494658493447,62.62709058262408
342,1,131,0.0028665568207824907,0.0026646549871963843,0.2019018335861065,0.0025534935775434224,62.72906049992889
342,1,132,0.002853563750831868,0.002649926104523961,0.20363764630790684,0.002526864154121578,62.82922787498683
342,1,133,0.0028408203752099347,0.002635461028197386,0.20535934701254882,0.0025007286696799003,62.943133582826704
342,1,134,0.0028283224596691654,0.0026212543343175497,0.2070681253516159,0.0024750728223425964,63.062698165886104
342,1,135,0.0028160659292935887,0.00260730086183621,0.20876506745737866,0.0024498876704841547,63.19323137495667
342,1,136,0.0028040468405885624,0.002593595823050204,0.21045101753835838,0.0024251618751341656,63.24773274967447
342,1,137,0.002792261339606084,0.0025801347836275457,0.2121265559785385,0.002400878556169302,63.31294637499377
342,1,138,0.002780705638378947,0.002566913548908626,0.21379208947032094,0.002377017523439573,63.37769441585988
342,1,139,0.0027693759802877383,0.002553927992712447,0.2154479875752913,0.00235356231038866,63.44600916560739
342,1,140,0.0027582686145249677,0.0025411738980277614,0.21709471649720632,0.0023305052192532207,63.49973329063505
342,1,141,0.0027473798056781534,0.0025286469233069928,0.2187328823711607,0.0023078475775380764,63.55921733286232
342,1,142,0.002736705804411803,0.0025163426559229657,0.22036314848883726,0.002285596062072227,63.61635479098186
342,1,143,0.0027262428558228395,0.0025042567474359008,0.22198610838693875,0.0022637535822888836,63.673613915685564
342,1,144,0.0027159872032608604,0.0024923850587334783,0.2236021445273821,0.002242314819784857,63.728778624907136
342,1,145,0.0027059350863928465,0.0024807236978848035,0.22521138850804312,0.0022212631566129845,63.78551708254963
342,1,146,0.002696082761681964,0.002469269004301267,0.2268137573806969,0.002200574674092763,63.84218995785341
342,1,147,0.0026864264816617227,0.002458017404860259,0.22840907680146397,0.0021802230540954462,63.902171874884516
342,1,148,0.0026769625268510664,0.002446965322792273,0.2299972040587933,0.0021601844070177584,63.95930991554633
342,1,149,0.002667687181212188,0.002436109107767489,0.2315780734446987,0.0021404413152162505,64.01383166573942
342,1,150,0.0026585967609129876,0.0024254450809204635,0.23315167999252426,0.002120979284465843,64.07021924993023
342,1,151,0.0026496875856683345,0.0024149696038743176,0.23471798179401684,0.002101784298210754,64.12758462456986
342,1,152,0.002640956009197223,0.0024046791798616454,0.23627682933557786,0.002082837345739365,64.18487762473524
342,1,153,0.002632398393207535,0.0023945704623867456,0.23782793082078935,0.0020641142041911407,64.23735579056665
342,1,154,0.00262401112863541,0.0023846402385720136,0.23937089006339612,0.0020455884209760805,64.29216487472877
342,1,155,0.0026157906218734358,0.0023748853127166956,0.2409053091567403,0.002027233651049395,64.34700537472963
342,1,156,0.002607733300783033,0.002365302444648808,0.24243085613422516,0.002009030073215594,64.40303587494418
342,1,157,0.0025998356242559325,0.002355888320153472,0.2439473041024606,0.001990964134473039,64.46509554097429
342,1,158,0.0025920940719481836,0.0023466395890402304,0.24545448290795316,0.0019730279306870795,64.52593483263627
342,1,159,0.0025845051612845057,0.0023375529689970563,0.24695219228744955,0.001955216726519142,64.57864924985915
342,1,160,0.0025770653530010684,0.002328625205968056,0.2484401470330124,0.0019375401615091827,64.63132966589183
342,1,161,0.002569771155441698,0.002319852673565812,0.24991848187588578,0.0019199668301128723,64.69201670773327
342,1,162,0.0025626192155832313,0.002311232149409582,0.2513870661736494,0.001902492552558481,64.75465904083103
342,1,163,0.0025556062328504297,0.002302760489826692,0.2528457430237377,0.001885105787554686,64.81312649976462
342,1,164,0.0025487289603470247,0.002294434807351041,0.25429415299598335,0.0018678117585293355,64.86692554084584
342,1,165,0.0025419842046953507,0.00228625235786658,0.25573184682877054,0.0018506187518241453,64.92029154067859
342,1,166,0.002535368836487802,0.002278210559271451,0.25715827721635093,0.0018335384232067051,64.97449024999514
342,1,167,0.002528879781981724,0.0022703069522118893,0.2585728297698349,0.001816579509807815,65.02777879079804
342,1,168,0.002522514026678722,0.002262539149267976,0.25997487741074626,0.0017997453172302145,65.08006283268332
342,1,169,0.002516268616217,0.0022549048353671963,0.2613637808498038,0.001783045014486558,65.13216891558841
342,1,170,0.0025101406564816413,0.0022474014278443246,0.2627392286373168,0.0017664739694003531,65.1864677076228
342,1,171,0.002504127325977229,0.0022400263582100354,0.2641009677671936,0.0017500472703397213,65.23991066589952
342,1,172,0.0024982258671436505,0.002232776699437482,0.26544916770616844,0.0017337674492573598,65.29319191584364
342,1,173,0.0024924335884048926,0.0022256494872379064,0.2667841011669861,0.0017176458401102076,65.3456768328324
342,1,174,0.002486747892814925,0.0022186417483201723,0.2681061444947528,0.0017016822097021308,65.39685770776123
342,1,175,0.002481166231444151,0.0022117508924473853,0.26941533899676595,0.001685889238170129,65.44811737490818
342,1,176,0.002475686103814201,0.0022049743760951582,0.2707117277190427,0.0016702682388839054,65.50383462477475
342,1,177,0.0024703050752935235,0.0021983097029359957,0.2719953723575278,0.0016548172984694525,65.56067816587165
342,1,178,0.0024650207776695104,0.002191754402453284,0.2732663752162264,0.0016395360520008427,65.61360404081643
342,1,179,0.002459830908305105,0.0021853060038265135,0.2745249044785915,0.0016244246915566624,65.66755074961111
342,1,180,0.0024547332274500702,0.0021789620694942133,0.2757711579558569,0.0016094859946323616,65.72004345757887
342,1,181,0.002449725557522011,0.002172720251866572,0.27700530565543924,0.0015947231133918644,65.77140424959362
342,1,182,0.0024448057815608785,0.0021665783453599613,0.2782274362009172,0.0015801373722761126,65.82042824989185
342,1,183,0.00243997184152618,0.0021605343011019866,0.2794375404241931,0.001565727245989241,65.86948745790869
342,1,184,0.0024352217361714363,0.0021545861927805047,0.2806355433909315,0.0015514891695713815,65.91891933279112
342,1,185,0.0024305535187663587,0.0021487321521014,0.28182136666495844,0.0015374195650014614,65.96899183280766
342,1,186,0.0024259652949897553,0.0021429703094322816,0.2829949855574736,0.001523516652592902,66.01886808266863
342,1,187,0.0024214552208529226,0.0021372987686392344,0.284156452213688,0.001509780790446615,66.06773924967274
342,1,188,0.002417021500540129,0.0021317156212078366,0.2853058793322925,0.0014962132046339978,66.11831854097545
342,1,189,0.0024126623843413403,0.0021262189804567575,0.28644340388458306,0.0014828141573574613,66.171435915865
342,1,190,0.0024083761666903623,0.002120807007856206,0.2875691588341565,0.0014695819079183026,66.22277933266014
342,1,191,0.002404161184162726,0.002115477914910222,0.2886832692525042,0.001456513155012346,66.27407341590151
342,1,192,0.0024000158135430976,0.0021102299459006208,0.2897858676424767,0.0014436045953503294,66.3445097496733
342,1,193,0.0023959384701497458,0.002105061361830227,0.29087710831951863,0.001430854465864839,66.42966870777309
342,1,194,0.0023919276063415294,0.002099970443370473,0.2919571629710563,0.0014182629645669148,66.50236495770514
342,1,195,0.002387981710105176,0.0020949555138823736,0.29302619622280246,0.0014058313105407808,66.78310712473467
342,1,196,0.002384099303788684,0.0020900149661107095,0.29408433767797443,0.001393560232620833,66.8433566656895
342,1,197,0.002380278942974838,0.002085147271215619,0.29513167175921895,0.0013814490242089184,66.91477570775896
342,1,198,0.0023765192153943886,0.002080350960251646,0.29616825514274253,0.0013694957760362557,66.98533337470144
342,1,199,0.00237281873991445,0.0020756245874845123,0.29719415242993774,0.0013576984913276512,67.08694070763886
342,1,200,0.0023691761656804383,0.00207096669746443,0.2982094682160083,0.001346056155642187,67.15645608259365
342,2,1,0.011717580846588286,0.011717580846588286,0.0,0.03342397582765145,68.44126595789567
342,2,2,0.011618385380989764,0.011618372379983567,1.3001006197418453e-05,0.033018197008772544,68.49642233271152
342,2,3,0.011516711567910645,0.011516660586623003,5.098128764159361e-05,0.03271339403179325,68.55128508294001
342,2,4,0.011411927218706068,0.011411816573502823,0.00011064520324489503,0.03240733114863618,68.60596895776689
342,2,5,0.011303940520616226,0.011303750417323148,0.00019010329307732018,0.03209251359146626,68.65942399995402
342,2,6,0.011192768723031826,0.011192478735516445,0.0002899875153810538,0.031766431304015415,68.71351754060015
342,2,7,0.011078510540076232,0.011078097920152094,0.0004126199241386812,0.0314276786124661,68.76679920777678
342,2,8,0.010961295808362937,0.010960734926270251,0.0005608820926862067,0.03107542956308416,68.82247324986383
342,2,9,0.010841262780490087,0.01084052485117582,0.0007379293142664855,0.03070895107920641,68.87676612474024
342,2,10,0.01071855827466024,0.010717611296517307,0.0009469781429332454,0.030327444364965574,68.92964683286846
342,2,11,0.010593357429724056,0.010592166354408721,0.0011910753153341472,0.02993020245989259,68.98286687489599
342,2,12,0.010465876358114823,0.010464403343565335,0.0014730145494881723,0.029516706961505653,69.03691941592842
342,2,13,0.010336363444646408,0.01033456807418479,0.0017953704616172756,0.029086735619060385,69.0887193325907
342,2,14,0.010205085872801617,0.010202925344960954,0.0021605278406621915,0.028640355299576894,69.1441531246528
342,2,15,0.01007232203462396,0.01006975137471365,0.0025706599103096023,0.02817786848711085,69.2031677076593
342,2,16,0.009938356941402595,0.00993532927323634,0.003027668166256065,0.027699779287711272,69.25952608278021
342,2,17,0.009803478971271538,0.009799945844211174,0.0035331270603640567,0.027206777618529607,69.31361691560596
342,2,18,0.00966797723517973,0.009663888982575006,0.0040882526047237005,0.02669972196514089,69.36745087476447
342,2,19,0.009532141066357431,0.009527447193785251,0.004693872572179539,0.026179648114463376,69.42355724982917
342,2,20,0.009396256501696924,0.009390906154175592,0.005350347521332313,0.025647813311803703,69.47806349955499
342,2,21,0.009260597854117009,0.009254540397485432,0.00605745663157649,0.025105726572377095,69.5339705827646
342,2,22,0.00912541804307406,0.00911860373684786,0.006814306226199877,0.02455512984618366,69.59008249966428
342,2,23,0.008990941857408112,0.008983322585450319,0.007619271957794193,0.023997952330018318,69.64107345789671
342,2,24,0.008857356634899739,0.008848886675692521,0.008469959207218174,0.023436350586632793,69.69285170780495
342,2,25,0.008724799445174895,0.008715436216106591,0.009363229068304854,0.022872428636383488,69.74388695787638
342,2,26,0.008593414828607631,0.008583119744368846,0.01029508423878479,0.022308228557888672,69.79522262467071
342,2,27,0.008463315702336409,0.008452054867873433,0.011260834462975922,0.02174587444667943,69.8443223326467
342,2,28,0.008334582087362371,0.008322326766323768,0.012255321038603436,0.02118724426591507,69.89507845789194
342,2,29,0.008207268251307567,0.008193994970085413,0.013273281222153483,0.02063398856023792,69.94564354093745
342,2,30,0.008081409510981822,0.008067099750188763,0.014309760793058693,0.02008757188444639,69.99885933287442
342,2,31,0.007957027745102192,0.007941667309237826,0.0153604358643654,0.019549325053956665,70.05071145761758
342,2,32,0.007834134146281114,0.007817712432290904,0.01642171399020912,0.019020473144544543,70.10019049979746
342,2,33,0.00771272943522365,0.0076952388391393406,0.017490596084309393,0.018502126084494128,70.15221812482923
342,2,34,0.007592803999731269,0.0075742395817005705,0.018564418030698467,0.017995249109897377,70.2050760826096
342,2,35,0.007474340127119896,0.007454699487946872,0.019640639173024256,0.01750064075328064,70.27090291585773
342,2,36,0.00735731597219156,0.007336599183291615,0.02071678889994516,0.017018927938776345,70.3482685405761
342,2,37,0.007241709841324135,0.007219919283299716,0.021790558024418743,0.016550573703128967,70.42828241595998
342,2,38,0.007127503132484186,0.007104643176266335,0.022859956217851668,0.016095891572272886,70.5085294158198
342,2,39,0.007014682622238931,0.006990759148356962,0.023923473881968926,0.015655052758361158,70.60300333285704
342,2,40,0.006903242706365733,0.0068782625172669936,0.02498018909873898,0.015228099204187258,70.69419187493622
342,2,41,0.00679318531362804,0.006767155478487736,0.026029835140304818,0.014814981417187779,70.77721154084429
342,2,42,0.00668452117537949,0.0066574483493182296,0.027072826061260186,0.014415550603577342,70.87773829093203
342,2,43,0.006577270687370575,0.006549160414772504,0.028110272598071487,0.014029595555654029,70.99631083291024
342,2,44,0.0064714633965223195,0.006442319400030992,0.029143996491327914,0.013656855506150601,71.09132491564378
342,2,45,0.006367137190784567,0.006336960662439643,0.03017652834492408,0.013297034303235328,71.1597062908113
342,2,46,0.006264337196968613,0.006233126115779865,0.0312110811887482,0.012949813040523124,71.21860454091802
342,2,47,0.006163114457255556,0.006130862958638393,0.0322514986171637,0.012614860149621389,71.27556433295831
342,2,48,0.006063524492367963,0.006030222311039135,0.033302181328827736,0.012291841061842487,71.3401983329095
342,2,49,0.005965625766575405,0.005931257774309578,0.03436799226582732,0.011980425446896687,71.4262448749505
342,2,50,0.00586947805570142,0.0058340239088954665,0.035454146805953504,0.011680292740713085,71.51018320769072
342,2,51,0.005775140736962189,0.00573857465135253,0.036566085609658794,0.011391134732143883,71.6473241248168
342,2,52,0.005682671167005137,0.005644961826933857,0.0377093400712805,0.01111265337284974,71.72688937466592
342,2,53,0.005592123179055992,0.0055532337810420065,0.038889398013985686,0.010844554647399059,71.79872441571206
342,2,54,0.0055035456562032405,0.005463434085442577,0.04011157076066351,0.010586546387405988,71.8749517495744
342,2,55,0.0054169813047466224,0.005375600417191486,0.04138088755513687,0.01033832615753984,71.94628845760599
342,2,56,0.005332466035985932,0.005289764023387131,0.04270201259880063,0.010099578976879856,72.02920024981722
342,2,57,0.005250028649167465,0.0052059494622128735,0.0440791869545917,0.009869976627691053,72.11037612473592
342,2,58,0.005169690952016502,0.005124174755580537,0.045516196435965266,0.009649180907910644,72.18794354097918
342,2,59,0.005091468064990832,0.00504445171213086,0.04701635285997245,0.009436849657011824,72.26164545770735
342,2,60,0.0050153688983568395,0.004966786410342343,0.04858248801449653,0.009232633583754812,72.33487029094249
342,2,61,0.00494139652772892,0.004891179599258311,0.050216928470609365,0.009036179547250684,72.40956912469119
342,2,62,0.0048695484655049024,0.004817627001241159,0.05192146426374399,0.008847121925507344,72.47726658266038
342,2,63,0.00479981686297988,0.004746119556024537,0.05369730695534348,0.008665074141204867,72.54622866585851
342,2,64,0.00473218870728,0.004676643665457072,0.055545041822928735,0.008489622632323569,72.61296179099008
342,2,65,0.004666646040657447,0.004609181460660354,0.057464579997092806,0.00832032511362948,72.67598170787096
342,2,66,0.004603166114300386,0.00454371099412781,0.05945512017257606,0.008156713342718142,72.73853941587731
342,2,67,0.004541721493855062,0.0044802063690322315,0.06151512482283034,0.007998297748153149,72.7974782907404
342,2,68,0.004482280055538426,0.004418637737905477,0.06364231763294921,0.007844572740883805,72.8528508329764
342,2,69,0.004424804986620946,0.004358971279147445,0.0658337074734999,0.007695022399352049,72.91034795762971
342,2,70,0.004369254848169171,0.004301169207510807,0.06808564065836419,0.007549128663555093,72.96590416599065
342,2,71,0.004315583809208215,0.004245189935174203,0.07039387403401243,0.007406380553702791,73.0236073746346
342,2,72,0.00426374196532071,0.004190988305349462,0.07275365997124764,0.007266284968237561,73.08067962480709
342,2,73,0.004213675805125398,0.0041385159723897735,0.07515983273562453,0.007128376764357096,73.13759187469259
342,2,74,0.004165328640661049,0.0040877217567809,0.07760688388014907,0.006992225732778315,73.19182491581887
342,2,75,0.0041186412208727525,0.004038552202650292,0.08008901822246055,0.00685744289585436,73.24513658275828
342,2,76,0.004073552299991168,0.003990952104177002,0.08260019581416583,0.006723686835718161,73.29826141567901
342,2,77,0.004029999204994024,0.003944865017466295,0.0851341875277285,0.006590672572204638,73.35332095762715
342,2,78,0.003987918868338574,0.003900234223690792,0.08768464464778239,0.006458172300664109,73.40732845757157
342,2,79,0.00394724873418435,0.0038570035921727565,0.09024514201159353,0.006326034100931845,73.4586168746464
342,2,80,0.003907927442741041,0.003815118161407338,0.09280928133370263,0.006194185368636691,73.51199320796877
342,2,81,0.003869895759797044,0.0037745249047027585,0.09537085509428517,0.006062630757740678,73.56688849953935
342,2,82,0.0038330968108407056,0.0037351728452510633,0.09792396558964214,0.005931465762932372,73.62025083275512
342,2,83,0.003797476402974057,0.0036970130801932855,0.10046332278077173,0.005800861067392776,73.67559804068878
342,2,84,0.0037629834126965784,0.003659998990579747,0.10298442211683166,0.005671061267685322,73.73034670762718
342,2,85,0.003729569830899803,0.003624086161925425,0.1054836689743777,0.005542378232567318,73.7840537908487
342,2,86,0.0036971906002685423,0.0035892321899068528,0.1079584103616896,0.005415178038545964,73.83495824970305
342,2,87,0.0036658032450291433,0.0035553963552999225,0.11040688972922091,0.0052898659638228734,73.88549595791847
342,2,88,0.0036353674122859337,0.003522539276234755,0.11282813605117856,0.005166869443270615,73.937788374722
342,2,89,0.0036058443452899047,0.003490622536256713,0.11522180903319142,0.005046618380320216,73.98792516579852
342,2,90,0.0035771964039271304,0.0034596083551394563,0.11758804878767405,0.004929528806848856,74.04004733264446
342,2,91,0.0035493866397499473,0.0034294593080217194,0.11992733172822811,0.004815987682654039,74.09099937463179
342,2,92,0.0035223781986701334,0.003400137763686232,0.1222404349839014,0.0047063353439070485,74.14127499982715
342,2,93,0.0034961348233601072,0.003371606423874073,0.1245283994860343,0.00460084412718197,74.2111984998919
342,2,94,0.0034706207876672233,0.0033438284435817877,0.12679234408543572,0.004499723305014182,74.28682966576889
342,2,95,0.003445801084567484,0.003316767680560636,0.12903340400684826,0.004403104951169674,74.36513316584751
342,2,96,0.0034216422152666655,0.003290389640259965,0.1312525750067005,0.004311050570923116,74.64480962464586
342,2,97,0.0033981117907043975,0.003264661210499974,0.13345058020442352,0.004223565589209861,74.7186579159461
342,2,98,0.003375178930908886,0.003239550989886708,0.13562794102217804,0.0041405842164284395,74.7814154997468
342,2,99,0.0033528146088789433,0.0032150297094694393,0.13778489940950422,0.004061984346895416,74.8536859578453
342,2,100,0.0033309917823200227,0.0031910704120254874,0.13992137029453522,0.003987596709922149,74.92885779077187
342,2,101,0.003309685435560273,0.0031676484827663372,0.1420369527939355,0.003917216336049515,75.03460625000298
342,2,102,0.0032888724961228455,0.003144741498562497,0.14413099756034883,0.0038506107483149005,75.11946354061365
342,2,103,0.0032685316521150827,0.0031223289056400527,0.1462027464750302,0.003787528132084819,75.26226345775649
342,2,104,0.0032486431756691865,0.0031003916720130018,0.14825150365618495,0.0037277050012095533,75.3197193746455
342,2,105,0.0032291886685977705,0.003078911870105936,0.15027679849183465,0.0036708708515991615,75.37939924979582
342,2,106,0.003210150840701086,0.0030578723260727,0.152278514628386,0.0036167552500390577,75.43609904078767
342,2,107,0.003191513304054002,0.0030372563619773902,0.15425694207661184,0.003565092581480105,75.49159554066136
342,2,108,0.0031732604006703856,0.0030170476473414857,0.15621275332889994,0.0035156272262197343,75.5493421247229
342,2,109,0.003155377078731103,0.0029972301743157567,0.1581469044153461,0.003468115877431743,75.6083922078833
342,2,110,0.0031378488278311647,0.0029777883096572953,0.16006051817386924,0.003422332334334362,75.6672561657615
342,2,111,0.0031206616782267016,0.00295870691015566,0.16195476807104162,0.0033780707697490192,75.72188316565007
342,2,112,0.003103802237011223,0.0029399714407373364,0.16383079627388655,0.003335149710460293,75.77618583291769
342,2,113,0.0030872577571480885,0.0029215680998661577,0.16568965728193086,0.003293412884138284,75.83134429063648
342,2,114,0.0030710162008847587,0.0029034838945147324,0.1675323063700263,0.0032527318542982762,75.88880391558632
342,2,115,0.0030550663108014986,0.0028857067132907967,0.1693595975107018,0.0032130070297005497,75.94471395760775
342,2,116,0.003039397652226697,0.002868225374909318,0.17117227731737877,0.0031741676240170376,76.00095620797947
342,2,117,0.003024000635097783,0.002851029665739304,0.17297096935847894,0.0031361705799705843,76.05996583262458
342,2,118,0.003008866471582541,0.002834110339306646,0.17475613227589518,0.0030989957038895814,76.11099899979308
342,2,119,0.0029939871152307577,0.0028174590804076133,0.1765280348231443,0.003062641214700699,76.16644904064015
342,2,120,0.0029793551862534635,0.002801068432715547,0.17828675353791684,0.0030271188955709387,76.23171058297157
342,2,121,0.0029649638813553604,0.002784931685927921,0.18003219542743973,0.0029924479617856486,76.29572145780548
342,2,122,0.002950806876592529,0.002769042694001347,0.18176418259118182,0.002958650503254029,76.35635345755145
342,2,123,0.0029368782627881345,0.0027533956905224236,0.18348257226571094,0.0029257471812958453,76.41385591588914
342,2,124,0.0029231724813659713,0.002737985110146518,0.1851873712194535,0.0028937524056568435,76.4713966245763
342,2,125,0.002909684279367393,0.0027228054305899786,0.18687884877741426,0.002862672686115062,76.52502249972895
342,2,126,0.002896408708313155,0.002707851131999297,0.18855757631385803,0.002832504207793748,76.58434287458658
342,2,127,0.0028833410919326358,0.002693116672678315,0.1902244192543206,0.0028032325048903206,76.64410679088905
342,2,128,0.00287047703650516,0.0026785965651500406,0.19188047135511951,0.002774832623999536,76.69615870760754
342,2,129,0.0028578124147626144,0.0026642854770784208,0.19352693768419343,0.0027472691528131377,76.7484056246467
342,2,130,0.0028453433723819514,0.0026501783393476095,0.19516503303434213,0.002720497554897996,76.80337391560897
342,2,131,0.0028330663140229786,0.002636270434576148,0.19679587944683052,0.0026944651634383285,76.85633433284238
342,2,132,0.002820977884612036,0.0026225574276755783,0.19842045693645763,0.002669113485963884,76.90970566589385
342,2,133,0.002809074960465104,0.002609035407906614,0.20003955255849024,0.0026443794569545203,76.96183316595852
342,2,134,0.0027973545016301954,0.002595700744108697,0.20165375752149858,0.0026202061929797345,77.01363983284682
342,2,135,0.0027858135713183995,0.002582549714513576,0.2032638568048236,0.0025965239340470718,77.06756666582078
342,2,136,0.00277444960832598,0.00256957909995952,0.20487050836646004,0.0025732661300819646,77.12019529053941
342,2,137,0.002763260179730444,0.0025567862018264823,0.2064739779039619,0.0025503768421600657,77.17225954076275
342,2,138,0.0027522430002731376,0.0025441688268865734,0.2080741733865643,0.002527806222011025,77.22728316579014
342,2,139,0.002741395895972272,0.002531725171865232,0.20967072410703974,0.0025055056724670064,77.27915708255023
342,2,140,0.0027307191082527674,0.0025194562726598138,0.2112628355929534,0.0024834046208305374,77.33075599977747
342,2,141,0.002720209024057339,0.0025073591924997885,0.21284983155755036,0.002461522983934254,77.38281337497756
342,2,142,0.0027098629955526012,0.0024954326542495037,0.21443034130309768,0.002439801262805077,77.43321283254772
342,2,143,0.002699679587744754,0.002483676521606622,0.2160030661381321,0.0024182009483199045,77.48276695795357
342,2,144,0.002689657762450755,0.0024720912574539033,0.21756650499685176,0.0023967377825058625,77.53268274990842
342,2,145,0.0026797947228666312,0.0024606756337280187,0.21911908913861242,0.002375396770858688,77.58229149971157
342,2,146,0.002670088743995499,0.002449429102724001,0.22065964127149781,0.002354178611225845,77.63282762467861
342,2,147,0.0026605381419317763,0.002438350696225389,0.22218744570638732,0.002333085965536309,77.68225408298895
342,2,148,0.0026511415064402045,0.0024274392229112324,0.22370228352897217,0.002312120990340636,77.73228437500075
342,2,149,0.002641897281029097,0.0024166927391845693,0.22520454184452754,0.00229128909933245,77.78226912487298
342,2,150,0.002632803593077424,0.0024061086696277015,0.22669492344972247,0.0022705926954227113,77.83134462498128
342,2,151,0.0026238588799810908,0.0023956844212606712,0.22817445872041936,0.0022500375487731973,77.88228249968961
342,2,152,0.002615061574390877,0.002385417235482174,0.22964433890870306,0.002229628576942088,77.93249862454832
342,2,153,0.0026064100912535563,0.002375304375163603,0.23110571608995364,0.0022093709445750965,77.98237104061991
342,2,154,0.002597902835635291,0.002365343286173286,0.232559549462005,0.0021892671389964185,78.03217587480322
342,2,155,0.002589538192643358,0.002355531716494189,0.23400647614916903,0.002169317538165035,78.08126412471756
342,2,156,0.002581314527716456,0.002345867765351392,0.2354467623650642,0.0021495203559538404,78.13089983258396
342,2,157,0.002573230184371648,0.002336349854288623,0.23688033008302464,0.002129871606399939,78.1828809576109
342,2,158,0.002565283485602625,0.00232697666176801,0.23830682383461543,0.0021103672725001385,78.23767841560766
342,2,159,0.0025574727264900876,0.00231774700972644,0.23972571676364784,0.00209100382215544,78.29477533278987
342,2,160,0.0025497961897432797,0.0023086597786461174,0.24113641109716213,0.0020717826042448493,78.3505672076717
342,2,161,0.0025422520875845902,0.002299713729275336,0.24253835830925435,0.0020526939611843526,78.41694258293137
342,2,162,0.002534838630507264,0.00229090759982042,0.24393103068684435,0.002033741734575512,78.47696579061449
342,2,163,0.0025275540233884787,0.002282240022127322,0.24531400126115643,0.0020149227666935374,78.54732991568744
342,2,164,0.0025203964802172933,0.002273709548430543,0.24668693178675052,0.0019962473190454073,78.63231258280575
342,2,165,0.00251336415112527,0.0022653144875323205,0.24804966359294947,0.001977711447466792,78.71186562487856
342,2,166,0.0025064551841702046,0.0022570529943724727,0.2494021897977318,0.0019593150554256555,78.79853049991652
342,2,167,0.002499667710160294,0.002248923057614657,0.2507446525456371,0.0019410581055407748,78.87967179063708
342,2,168,0.0024929998428956726,0.0022409225486679164,0.25207729422775615,0.0019229428686282609,78.9451523325406
342,2,169,0.0024864496801929085,0.0022330492782998636,0.2534004018930449,0.0019049726021987095,79.03220537491143
342,2,170,0.0024800152954067133,0.002225301069341798,0.25471422606491506,0.0018871523790441502,79.10406204080209
342,2,171,0.002473694750103598,0.002217675845090025,0.2560189050135729,0.0018694861020820755,79.15799941588193
342,2,172,0.002467486093787373,0.002210171678503571,0.2573144152838021,0.0018519772717878636,79.21721216570586
342,2,173,0.0024613873682721938,0.002202786795402348,0.25860057286984556,0.0018346270577411334,79.29484741576016
342,2,174,0.002455396616074203,0.002195519559672578,0.25987705640162456,0.0018174377480927484,79.3605390409939
342,2,175,0.0024495118672865405,0.0021883683824952494,0.2611434847912912,0.0018004100426533833,79.42260891571641
342,2,176,0.0024437311550247905,0.002181331665959256,0.26239948906553473,0.0017835458008927062,79.48148145759478
342,2,177,0.002438052512873195,0.002174407737542078,0.263644775331117,0.0017668473233735712,79.54396091587842
342,2,178,0.0024324739801065923,0.002167594820002393,0.2648791601041996,0.001750318574839239,79.6045012907125
342,2,179,0.002426993594941397,0.002160891008162283,0.26610258677911364,0.001733961571560122,79.66617758292705
342,2,180,0.002421609407023593,0.0021542943047929276,0.2673151022306654,0.001717778763496561,79.73624320793897
342,2,181,0.002416319517439182,0.0021478026687625,0.2685168486766819,0.001701765226000648,79.83645279100165
342,2,182,0.0024111221493749637,0.002141414128025458,0.2697080213495055,0.001685936767285392,79.92976791597903
342,2,183,0.002406015199198047,0.002135126290020606,0.2708889091774411,0.001670287117481982,79.99893316579983
342,2,184,0.002400996759812914,0.0021289369100359287,0.272059849776985,0.0016548150822259615,80.07313495781273
342,2,185,0.002396064945380831,0.002122843767877489,0.27322117750334185,0.0016395214933948641,80.14147429075092
342,2,186,0.0023912178922314447,0.002116844707964215,0.27437318426722956,0.001624407392610595,80.21158191561699
342,2,187,0.002386453752099065,0.0021109376865696126,0.2755160655294524,0.0016094751265181488,80.28479829058051
342,2,188,0.002381770701516218,0.0021051208168713044,0.27664988464491364,0.0015947256433364366,80.34362404095009
342,2,189,0.0023771669429317912,0.0020993923772188736,0.2777745657129175,0.0015801591406269418,80.41894804080948
342,2,190,0.0023726407041184095,0.0020937507836710683,0.2788899204473411,0.0015657748772648496,80.5127122909762
342,2,191,0.002368190243424946,0.002088194534284942,0.2799957091400038,0.0015515716809814148,80.58152058254927
342,2,192,0.0023638138409575213,0.0020827221557067664,0.2810916852507549,0.0015375486598611598,80.63967379089445
342,2,193,0.002359509807466939,0.0020773321530277848,0.282177654439154,0.0015237055599451165,80.69937770767137
342,2,194,0.0023552764818996364,0.002072022978483413,0.2832535034162235,0.0015100423333741122,80.76396287465468
342,2,195,0.0023511122358676915,0.0020667930354373305,0.2843192004303609,0.0014965587196969176,80.82208329066634
342,2,196,0.002347015470050774,0.0020616406835212778,0.2853747865294963,0.0014832543557941904,80.87955941585824
342,2,197,0.0023429846124809685,0.0020565642534795445,0.28642035900142415,0.001470127511676283,80.93510479060933
342,2,198,0.0023390181364430626,0.002051562070065654,0.2874560663774084,0.0014571710999511827,80.9910109997727
342,2,199,0.002335114700025555,0.0020466327359758693,0.28848196404968585,0.0014443948341256994,81.04534029075876
342,2,200,0.00233127262517448,0.00204177445808974,0.2894981670847401,0.0014317925161278318,81.09690020792186
432,0,1,0.005519817928770151,0.005519817928770151,0.0,0.0037494567215616793,82.89420033292845
432,0,2,0.005503759559834729,0.0055037519785782986,7.581256430740651e-06,0.00373101898106166,82.97933687455952
432,0,3,0.005487493217030124,0.005487462468515706,3.074851441833439e-05,0.00373691962394296,83.0793441249989
432,0,4,0.005470921308251667,0.0054708510405829846,7.026766868285678e-05,0.003750821620619487,83.17486145766452
432,0,5,0.005454001450664499,0.005453874563725717,0.00012688693878144835,0.003770901768438896,83.24820245755836
432,0,6,0.005436697551621369,0.005436496166924273,0.00020138469709594868,0.003790110778414521,83.32729374989867
432,0,7,0.0054189821454812175,0.005418687588128898,0.00029455735231975045,0.003812868489999509,83.39686866570264
432,0,8,0.005400833621203945,0.005400426469120583,0.00040715208336119233,0.0038375829850577988,83.46507387468591
432,0,9,0.005382231759402689,0.0053816918642782706,0.0005398951244182745,0.003863231978669835,83.53416470764205
432,0,10,0.005363151953876468,0.005362458492216043,0.0006934616604257251,0.003888782780307426,83.63093012478203
432,0,11,0.005343561530506537,0.005342693090758658,0.0008684397478792836,0.003912784971065668,83.7507064579986
432,0,12,0.005323420295712477,0.005322355002541993,0.001065293170483888,0.003933724612640013,83.86585341580212
432,0,13,0.0053026849157588865,0.005301400499060946,0.0012844166979403134,0.003950048733372885,83.93514708289877
432,0,14,0.005281314505981712,0.00527978826264509,0.0015262433366220376,0.003960252776948528,84.01175545761362
432,0,15,0.005259272713401022,0.005257481423167474,0.001791290233548422,0.0039634165870200315,84.1258179997094
432,0,16,0.0052365279093267445,0.005234447672182664,0.00208023714408034,0.003960613117000712,84.20344170788303
432,0,17,0.005213052287726251,0.005210658295494708,0.0023939922315429317,0.003947520358319401,84.27666879072785
432,0,18,0.005188822558195287,0.005186088871253195,0.00273368694209223,0.00392777792992172,84.34614849975333
432,0,19,0.00516381959901687,0.005160718954822084,0.0031006441947856803,0.0038982697615715404,84.41718270769343
432,0,20,0.005138028959274796,0.005134532574500812,0.003496384773984176,0.0038628409635859517,84.49635674990714
432,0,21,0.0051114418245137945,0.005107519129597935,0.003922694915859163,0.003820046858452378,84.57739749969915
432,0,22,0.005084054967467903,0.005079673290474321,0.004381676993582197,0.003773619801445444,84.65877991588786
432,0,23,0.0050558700056680065,0.005050994181549743,0.00487582411826406,0.0037244701724900202,84.73015279090032
432,0,24,0.005026891291993057,0.005021483223734864,0.005408068258192944,0.003674725132641717,84.8002464575693
432,0,25,0.0049971244180950026,0.0049911425995683755,0.0059818185266267655,0.0036254568775990234,84.86945179058239
432,0,26,0.004966576068937835,0.004959975160690462,0.006600908247372913,0.003579959621301238,84.9399734577164
432,0,27,0.004935253718990721,0.004927984184214167,0.007269534776553503,0.0035383575611147686,85.00858116568998
432,0,28,0.00490316489719935,0.0048951726352011666,0.007992261998183384,0.003501681099783307,85.07809020765126
432,0,29,0.004870317877237714,0.004861543913175594,0.008773964062120346,0.003471249375809124,85.14926841575652
432,0,30,0.004836720780738202,0.004827101032822865,0.00961974791533609,0.0034467999829444085,85.22052216576412
432,0,31,0.0048023854360732705,0.004791850640275644,0.01053479579762607,0.0034275738833193688,85.31117029068992
432,0,32,0.00476732797314251,0.004755803736088567,0.011524237053942954,0.0034124952627359335,85.40637549990788
432,0,33,0.004731571606596276,0.004718978572221306,0.012593034374969713,0.0034006622791404725,85.4911108748056
432,0,34,0.004695148444693034,0.004681402630220521,0.013745814472512923,0.0033909174549492196,85.5618272908032
432,0,35,0.004658100706269508,0.004643113949855438,0.014986756414070318,0.003382118450844699,85.65501641575247
432,0,36,0.004620481263720232,0.004604161815859299,0.016319447860933308,0.003373177075961424,85.7359668747522
432,0,37,0.0045823502051764685,0.004564603355330552,0.017746849845916606,0.003363354243003426,85.83182349987328
432,0,38,0.004543773282486802,0.0045245020392090576,0.01927124327774471,0.0033516840571309386,85.90805008262396
432,0,39,0.004504815988208138,0.004483921653372609,0.020894334835529438,0.0033380607710504187,85.98337320797145
432,0,40,0.004465542541889037,0.004442925182964217,0.0226173589248202,0.0033214888985677103,86.06703433254734
432,0,41,0.0044260174514538,0.00440157595835575,0.024441493098049438,0.003300943531150557,86.13821174995974
432,0,42,0.0043863090442697395,0.0043599407310596075,0.026368313210132006,0.0032756465328473575,86.20562695758417
432,0,43,0.004346491733256834,0.004318091509364896,0.02840022389193754,0.0032457686350548243,86.29853999987245
432,0,44,0.0043066431152187865,0.004276102600720004,0.030540514498783165,0.003211938714719924,86.42065937491134
432,0,45,0.004266847717159993,0.0042340544115294365,0.03279330563055574,0.0031741314228408255,86.5674672909081
432,0,46,0.0042271896048452435,0.004192026377318574,0.03516322752666957,0.0031337649524941593,86.72343187499791
432,0,47,0.004187776472373465,0.004150121396491857,0.037655075881607374,0.003091111900139044,86.86578174959868
432,0,48,0.004148709938307089,0.0041084360072147314,0.040273931092357045,0.00304666703112848,86.96019912464544
432,0,49,0.004110083018746027,0.004067059338637529,0.04302368010849755,0.0030004766020418376,87.07470666570589
432,0,50,0.004071982555753613,0.004026076403236993,0.045906152516619635,0.0029524824039316158,87.15438695764169
432,0,51,0.004034497911964145,0.003985577425559856,0.048920486404289656,0.002902188764798636,87.2524612499401
432,0,52,0.0039977192096048225,0.003945656084574218,0.05206312503060458,0.0028499397020558537,87.33053941559047
432,0,53,0.003961729911355449,0.003906401848709079,0.05532806264637054,0.002796039152795708,87.40429441584274
432,0,54,0.003926602759259949,0.00386789528152024,0.058707477739708976,0.002740809543036654,87.52147845784202
432,0,55,0.0038923979742447237,0.0038302055786879046,0.06219239555681919,0.00268401772434973,87.66940824966878
432,0,56,0.0038591694139005926,0.0037933959457286466,0.06577346817194618,0.002624927047797445,87.76147812465206
432,0,57,0.0038269657484119378,0.003757524180337372,0.06944156807456554,0.002564537136229828,87.83913791598752
432,0,58,0.0037958182729209986,0.003722630882385033,0.07318739053596583,0.0025038158757164277,87.91021999996156
432,0,59,0.0037657459295169097,0.003688745140003222,0.07700078951368769,0.0024434764488770904,87.98235283279791
432,0,60,0.003736750618920459,0.0036558804081656343,0.08087021075482505,0.0023841151660728447,88.07031154073775
432,0,61,0.0037088241003479607,0.0036240419161895,0.08478218415846075,0.0023259206213920598,88.15999095793813
432,0,62,0.003681947604579898,0.0035932263067162116,0.08872129786368635,0.002269437697311823,88.23045933293179
432,0,63,0.0036560954302751743,0.003563425019885283,0.09267041038989116,0.002214546002052318,88.30164433270693
432,0,64,0.0036312373208939996,0.0035346254843453243,0.09661183654867514,0.002161155105133975,88.38448045775294
432,0,65,0.0036073347398553443,0.0035068060915931483,0.1005286482621958,0.002109304227798726,88.465485624969
432,0,66,0.0035843437740975207,0.0034799380960554406,0.10440567804208024,0.0020589792383149284,88.56523683294654
432,0,67,0.0035622188345704477,0.0034539887566954475,0.10823007787500029,0.0020102508855765785,88.66574841598049
432,0,68,0.0035409143764333242,0.00342892295634726,0.11199142008606407,0.0019631849253316947,88.73565787496045
432,0,69,0.0035203807588073256,0.0034046996379870787,0.11568112082024708,0.0019185237621978132,88.80694308271632
432,0,70,0.003500564745610123,0.0033812735199762398,0.11929122563388318,0.0018761370999867948,88.8969112909399
432,0,71,0.003481414615636773,0.00335860091495276,0.12281370068401279,0.0018358204868249462,88.97369591565803
432,0,72,0.0034628818252424903,0.003336641413537642,0.12624041170484837,0.0017973841750332927,89.05559574998915
432,0,73,0.0034449207947043143,0.0033153568647657935,0.1295639299385206,0.0017608320228302602,89.16141754062846
432,0,74,0.0034274888436858185,0.0032947103266392406,0.13277851704657775,0.0017258885834426083,89.2408453328535
432,0,75,0.0034105478603490237,0.003274666706003846,0.1358811543451778,0.0016924966928546505,89.32267929054797
432,0,76,0.003394066051084064,0.0032551943409120476,0.13887171017201613,0.0016606743644457258,89.40570658259094
432,0,77,0.0033780165000715746,0.0032362639484682636,0.1417525516033109,0.0016304289378268964,89.47694970760494
432,0,78,0.0033623756788803763,0.003217848443697777,0.14452723518259933,0.0016016067213941206,89.54910879069939
432,0,79,0.003347123144429866,0.003199923723505337,0.14719942092452876,0.001573860628986348,89.63198541570455
432,0,80,0.0033322418816726846,0.0031824695311991297,0.14977235047355494,0.0015470915430068487,89.75252595776692
432,0,81,0.0033177173032159085,0.003165468231546687,0.15224907166922128,0.0015214538562327087,89.86914262454957
432,0,82,0.003303535782862197,0.0031489025529500064,0.1546332299121907,0.001497081214805985,90.16451283264905
432,0,83,0.0032896844699223287,0.0031327545754835226,0.15692989443880617,0.0014740393889202637,90.27760533289984
432,0,84,0.0032761518934160843,0.003117005995170842,0.15914589824524256,0.0014523589144655347,90.39585849968717
432,0,85,0.0032629274737318264,0.003101638137192783,0.16128933653904323,0.001431873305956388,90.49649174977094
432,0,86,0.0032500007096968723,0.003086632204628608,0.1633685050682641,0.0014121946470268911,90.63889237493277
432,0,87,0.0032373608152854254,0.0030719699979419924,0.16539081734343294,0.0013930003111434248,90.74842504085973
432,0,88,0.0032249975529419503,0.0030576351554287553,0.16736239751319518,0.0013742235704099204,90.86134983273223
432,0,89,0.003212901000364286,0.003043612777916887,0.16928822244739908,0.0013561303081208822,90.97202562494203
432,0,90,0.003201060809785501,0.0030298879010174115,0.17117290876808972,0.0013389402475998346,91.08501699985936
432,0,91,0.0031894674052870974,0.003016446174326505,0.17302123096059252,0.0013227665802186515,91.17194170784205
432,0,92,0.0031781116620803653,0.0030032733407793235,0.17483832130104182,0.001307476110789493,91.2426249156706
432,0,93,0.0031669846283804344,0.002990355466814433,0.17662916156600136,0.001292705296993956,91.31441666558385
432,0,94,0.0031560776059690217,0.002977679805423854,0.17839780054516766,0.0012780579021225572,91.38970274990425
432,0,95,0.003145383220230597,0.0029652363762904897,0.1801468439401075,0.0012633892824117276,91.45782204065472
432,0,96,0.0031348947823426664,0.002953017353878846,0.18187742846382035,0.0012491907180517325,91.52893549995497
432,0,97,0.003124605629011851,0.0029410154555160883,0.18359017349576306,0.001235899201299512,91.59772245772183
432,0,98,0.0031145094480722942,0.0029292235472223815,0.18528590084991275,0.0012237866845060048,91.67369370767847
432,0,99,0.003104600468933054,0.0029176343796717442,0.1869660892613101,0.0012127910341750573,91.77475383272395
432,0,100,0.0030948728899095035,0.0029062402520494183,0.18863263786008508,0.0012025482786727172,91.91022304072976
432,0,101,0.0030853208727574994,0.00289503364893232,0.19028722382517926,0.001192665501822848,91.99945408292115
432,0,102,0.003075938577412996,0.002884007826101075,0.19193075131192103,0.0011830401520484663,92.09252395760268
432,0,103,0.0030667202454508578,0.0028731569284823257,0.19356331696853216,0.0011739062394529954,92.18880316568539
432,0,104,0.003057659731562328,0.0028624750335576547,0.1951846980046733,0.0011655843917869168,92.27977795759216
432,0,105,0.003048750890667136,0.0028519558931948785,0.1967949974722579,0.001158098042499279,92.3622967498377
432,0,106,0.0030399877486110747,0.0028415929273330875,0.19839482127798735,0.001151258400688573,92.46014908282086
432,0,107,0.00303136425119515,0.00283137924847812,0.19998500271702999,0.001144725905065082,92.583907332737
432,0,108,0.0030228741782524935,0.0028213080114608095,0.20156616679168393,0.0011381909984957096,92.65259887464345
432,0,109,0.0030145113344631417,0.0028113730381483246,0.20313829631481709,0.0011315531065024097,92.73681929055601
432,0,110,0.0030062694506043947,0.0028015686441176767,0.20470080648671798,0.0011248750904002509,92.80781399970874
432,0,111,0.0029981423718879836,0.002791889462948619,0.20625290893936418,0.0011182205221485397,92.87510437471792
432,0,112,0.00299012427439758,0.002782330312521432,0.20779396187614796,0.001111545738912446,92.94399583293125
432,0,113,0.0029822097637604945,0.002772886179177446,0.2093235845830484,0.001104721159895029,93.01554283266887
432,0,114,0.0029743938564546096,0.002763552461861887,0.21084139459272233,0.0010975899994813377,93.0876046656631
432,0,115,0.0029666720402105992,0.0027543253301661637,0.2123467100444357,0.0010900965131354905,93.15836233273149
432,0,116,0.0029590401392539487,0.002745201687782045,0.21383845147190378,0.0010823399840809201,93.23510466562584
432,0,117,0.002951494440095117,0.0027361791070450825,0.21531533305003442,0.0010745020624456426,93.30520808277652
432,0,118,0.0029440315431261146,0.0027272553135860374,0.2167762295400771,0.0010667259873501497,93.37960466556251
432,0,119,0.002936648373850285,0.0027184279627113423,0.21822041113894244,0.0010590562609304865,93.45158320758492
432,0,120,0.0029293421575218707,0.002709694655871681,0.21964750165018965,0.0010514527113822366,93.55763745773584
432,0,121,0.0029221104855543024,0.0027010532254952225,0.22105726005907975,0.001043858856944821,93.65466687455773
432,0,122,0.0029149509756213354,0.0026925014622158233,0.2224495134055121,0.0010363470952780805,93.7239354159683
432,0,123,0.0029078613639696767,0.0026840374175535133,0.2238239464161634,0.00102900835749836,93.7914082906209
432,0,124,0.0029008396644564054,0.0026756591771804304,0.2251804872759751,0.0010219272088353962,93.86325033288449
432,0,125,0.002893884028473978,0.0026673645664851255,0.22651946198885275,0.0010151127370012978,93.93868499994278
432,0,126,0.002886992622062699,0.0026591511155585096,0.22784150650418974,0.001008483910856111,94.03120629070327
432,0,127,0.0028801637312714026,0.002651016353818035,0.22914737745336736,0.0010019651105732483,94.11159987468272
432,0,128,0.0028733957651906937,0.0026429580335453587,0.23043773164533482,0.0009955448155780629,94.197550624609
432,0,129,0.0028666872231588605,0.002634974060942191,0.2317131622166693,0.0009892910356404034,94.34082241589203
432,0,130,0.002860036632513521,0.0026270623374512175,0.2329742950623035,0.0009832557330568018,94.55644279066473
432,0,131,0.002853442633956791,0.0026192207582935345,0.2342218756632566,0.0009774098079587945,94.73059083288535
432,0,132,0.0028469039967855807,0.002611447280216876,0.23545671656870473,0.0009716915417010869,94.9092580829747
432,0,133,0.0028404193433128905,0.0026037398016809463,0.23667954163194443,0.0009660118709428414,95.12490099994466
432,0,134,0.002833987463096437,0.0025960966601766564,0.23789080291978087,0.0009603667596457782,95.47544399974868
432,0,135,0.002827607263564405,0.0025885165492497073,0.23909071431469775,0.0009548213509170131,96.11030029086396
432,0,136,0.0028212776517555476,0.0025809981961799886,0.24027945557555896,0.0009494337543775519,96.21698804059997
432,0,137,0.0028149976014292073,0.0025735403695464894,0.24145723188271795,0.000944162296862443,96.29640566557646
432,0,138,0.0028087661752528386,0.002566141925920999,0.24262424933183974,0.0009389454604284695,96.37872179085389
432,0,139,0.0028025820203725293,0.0025588013791756005,0.24378064119692883,0.0009337024534727365,96.45809624996036
432,0,140,0.0027964441179865384,0.0025515178054132458,0.24492631257329273,0.0009284410121788567,96.54525379091501
432,0,141,0.0027903515542309224,0.002544290574154289,0.24606098007663316,0.0009232630058000287,96.62755224993452
432,0,142,0.002784303533371932,0.0025371190887841237,0.24718444458780817,0.0009182400962237041,96.71291374973953
432,0,143,0.0027782990516171126,0.0025300022060467577,0.2482968455703549,0.000913370411924691,96.79445916553959
432,0,144,0.0027723372988573336,0.002522938973115025,0.24939832574230852,0.0009085488108533533,96.87654062500224
432,0,145,0.002766417357038905,0.0025159283333162164,0.25048902372268883,0.0009036837004733019,96.95916749956086
432,0,146,0.002760538420357923,0.0025089694679038496,0.25156895245407335,0.0008988277809688914,97.0410217079334
432,0,147,0.002754699745891568,0.0025020616634700145,0.25263808242155356,0.0008940534106967202,97.11592437466606
432,0,148,0.0027489006118138998,0.0024952040581777595,0.2536965536361402,0.0008893858731686099,97.19619120797142
432,0,149,0.002743140367685124,0.002488395707245582,0.25474466043954175,0.0008847478341461718,97.27187604084611
432,0,150,0.002737418370172553,0.0024816356501715024,0.2557827200010505,0.000880077812774102,97.34468008298427
432,0,151,0.0027317339353230908,0.002474922963305281,0.25681097201780945,0.0008753319830229845,97.41452062455937
432,0,152,0.002726086495280297,0.0024682569535857775,0.25782954169451966,0.0008705940681325076,97.48348970757797
432,0,153,0.002720475488261816,0.0024616369300264457,0.25883855823537016,0.0008659156751316732,97.55601637484506
432,0,154,0.002714900447601695,0.002455062137684089,0.259838309917606,0.0008612632690022202,97.62436033273116
432,0,155,0.00270936087313867,0.002448531782394347,0.2608290907443229,0.0008565693731920048,97.8487367075868
432,0,156,0.002703856379449242,0.0024420452693678127,0.2618111100814295,0.0008518617173843265,97.91550962487236
432,0,157,0.0026983864304660344,0.0024356018955899433,0.26278453487609105,0.0008471657708925364,97.98198162484914
432,0,158,0.002692950663894053,0.002429201127436387,0.263749536457666,0.0008425266280671588,98.05022354098037
432,0,159,0.0026875487966374037,0.0024228424071149742,0.2647063895224294,0.0008379117547470617,98.11832904070616
432,0,160,0.002682180435089804,0.0024165249236916173,0.2656555113981869,0.0008333400597488978,98.18680795794353
432,0,161,0.0026768451528045487,0.002410247989286859,0.2665971635176897,0.0008287913941128307,98.25238345796242
432,0,162,0.002671542641953234,0.0024040111129345868,0.26753152901864713,0.0008242851229672156,98.31899733282626
432,0,163,0.00266627261331888,0.002397813825480427,0.2684587878384528,0.000819883839400864,98.38169537484646
432,0,164,0.0026610347047969812,0.0023916554900712678,0.26937921472571347,0.0008155333230827803,98.44382524956018
432,0,165,0.002655828654851436,0.002385535560376909,0.27029309447452665,0.0008111861467656277,98.50677929073572
432,0,166,0.00265065417832898,0.0023794535912712417,0.2712005870577386,0.0008068379934710475,98.56948470789939
432,0,167,0.0026455110322954082,0.002373409243043455,0.2721017892519533,0.0008025558778834768,98.63167854072526
432,0,168,0.002640398933615496,0.00236740213066249,0.27299680295300577,0.0007983388980774586,98.69550495781004
432,0,169,0.002635317625642082,0.0023614318875432,0.2738857380988817,0.0007941424548187756,98.75832979055122
432,0,170,0.002630266942250236,0.0023554982901946987,0.2747686520555373,0.0007899236133432343,98.8195725409314
432,0,171,0.0026252466645081533,0.0023496011765811687,0.2756454879269844,0.0007857169760910878,98.878039624542
432,0,172,0.0026202565991577855,0.0023437404489335826,0.27651615022420273,0.0007816296109127461,98.93885558284819
432,0,173,0.002615296527361448,0.0023379158366289387,0.2773806907325093,0.0007775195812665557,98.99626529077068
432,0,174,0.002610366253408175,0.002332127157423309,0.2782390959848658,0.0007733464194655843,99.05633983295411
432,0,175,0.0026054656779192767,0.0023263745261325225,0.2790911517867543,0.0007691987621966587,99.1168292495422
432,0,176,0.0026005945626988713,0.0023206577014258122,0.27993686127305917,0.0007651362680081397,99.18135870760307
432,0,177,0.0025957527128963407,0.0023149765683620617,0.28077614453427924,0.000761094299780888,99.2423704159446
432,0,178,0.0025909399664733697,0.0023093310296468036,0.281608936826566,0.0007570278474594486,99.30088133271784
432,0,179,0.002586156218165263,0.002303721139887827,0.282435078277436,0.0007529708204361639,99.36859354097396
432,0,180,0.0025814013283650687,0.0022981468973885953,0.28325443097647357,0.0007490466660412248,99.44925829069689
432,0,181,0.0025766751600598365,0.0022926081101080496,0.2840670499517869,0.0007451442109387393,99.53054199973121
432,0,182,0.002571977612247814,0.0022871045774655397,0.2848730347822743,0.0007412068589638119,99.61715120775625
432,0,183,0.0025673085886259803,0.002281636214948264,0.28567237367771636,0.0007372392462733217,99.71389799984172
432,0,184,0.0025626680117858324,0.0022762030292709933,0.286464982514839,0.0007333895114351719,99.79371429095045
432,0,185,0.0025580558260718373,0.0022708048355210607,0.28725099055077646,0.0007295972120249462,99.86147449957207
432,0,186,0.0025534719881045655,0.002265441393229557,0.2880305948750083,0.0007258053550864922,99.9586079576984
432,0,187,0.002548916467367801,0.0022601124925031627,0.2888039748646385,0.0007219433024172445,100.04262245772406
432,0,188,0.002544389275591303,0.0022548181153008743,0.2895711602904287,0.0007181069148958142,100.14736949978396
432,0,189,0.002539890412127842,0.0022495581648642048,0.29033224726363754,0.0007143520582524632,100.21619679080322
432,0,190,0.002535419880640077,0.002244332463703212,0.2910874169368652,0.0007106364119833005,100.29212345788255
432,0,191,0.0025309777284097737,0.002239140840517467,0.2918368878923069,0.0007068609654254235,100.36566341575235
432,0,192,0.0025265640206921583,0.0022339832490094686,0.29258077168268953,0.0007030578554412455,100.44098483258858
432,0,193,0.0025221787831021486,0.002228859706579154,0.29331907652299494,0.0006993506043489483,100.53320674970746
432,0,194,0.0025178220840587576,0.00222377011060863,0.2940519734501278,0.0006956826447462092,100.66434449981898
432,0,195,0.002513494013425824,0.0022187143197840223,0.2947796936418018,0.0006919026696670079,100.75771433254704
432,0,196,0.0025091947159137525,0.002213692481992273,0.29550223392147956,0.0006881171566366561,100.82962587475777
432,0,197,0.002504924284675147,0.0022087045330701012,0.2962197516050457,0.0006844889497904458,100.89754308294505
432,0,198,0.002500682792744756,0.002203750301001891,0.29693249174286473,0.0006808310305957683,101.00495437486097
432,0,199,0.0024964703793849655,0.002198829766521992,0.29764061286297344,0.0006770571676136422,101.11142220767215
432,0,200,0.0024922871691930148,0.0021939431165870944,0.29834405260592034,0.0006733919800153912,101.18316033296287
432,1,1,0.005519817928770151,0.005519817928770151,0.0,0.003965763219480703,103.22550404071808
432,1,2,0.005500401829604859,0.005500390728594944,1.110100991509531e-05,0.00392923906485679,103.29892474971712
432,1,3,0.005480729643632367,0.005480685270470872,4.43731614953362e-05,0.003920482456085108,103.37483674986288
432,1,4,0.005460702182106846,0.005460602349593376,9.983251346931396e-05,0.0039182629227364815,103.47955645760521
432,1,5,0.005440285981171801,0.005440108394814225,0.00017758635757659944,0.003921198545266426,103.61440137494355
432,1,6,0.005419455863165891,0.005419178362382636,0.00027750078325541454,0.003928519794078076,103.74725583288819
432,1,7,0.00539818741677505,0.0053977883415835355,0.00039907519151452286,0.003939558431688078,103.84610720770434
432,1,8,0.0053764505256563054,0.005375908950058073,0.000541575598231604,0.00395305418023166,103.9246400827542
432,1,9,0.005354212478401597,0.005353508238222486,0.0007042401791108234,0.003967913995626689,104.04911691555753
432,1,10,0.005331441080754633,0.005330554567350633,0.0008865134039998128,0.003983681112868964,104.15856520785019
432,1,11,0.0053081050796778065,0.0053070168990794935,0.0010881805983131917,0.003999181050167662,104.33550091600046
432,1,12,0.005284174766224861,0.00528286544789212,0.0013093183327406758,0.004013399756822725,104.43098679091781
432,1,13,0.005259621660466501,0.005258071464726504,0.0015501957399966424,0.004025458115279361,104.52962158294395
432,1,14,0.00523441889279549,0.00523260765244412,0.0018112403513699743,0.004034657649499417,104.61139583261684
432,1,15,0.005208543322724366,0.0052064502509163646,0.0020930718080010183,0.00404012007059909,104.6947070825845
432,1,16,0.0051819758918385545,0.005179579347020695,0.0023965448178593775,0.004041841392004425,104.78062974987552
432,1,17,0.005154702266332738,0.005151979491179755,0.00272277515298274,0.004039272096641648,104.86418349994346
432,1,18,0.0051267133781025,0.005123640238682839,0.003073139419660587,0.004032627129983726,104.95126816583797
432,1,19,0.005098005598708379,0.005094556303898843,0.0034492948095362734,0.0040220058886573885,105.05106074968353
432,1,20,0.005068581531596513,0.005064728327077378,0.003853204519134933,0.00400723196492828,105.14376854058355
432,1,21,0.005038450435405833,0.005034163264258353,0.00428717114747978,0.003988411490706234,105.22214629082009
432,1,22,0.005007626893795397,0.0050028730655176665,0.00475382827773107,0.003966167845182079,105.31006754096597
432,1,23,0.004976130620172769,0.004970874582763794,0.005256037408975051,0.003940879684205327,105.5731331249699
432,1,24,0.004943985027779874,0.004938188197657772,0.005796830122102134,0.003913899076516492,105.65712741576135
432,1,25,0.004911216348871252,0.004904836900967545,0.0063794479037072175,0.003885555509044059,105.72832579072565
432,1,26,0.004877852867025945,0.00487084554053298,0.007007326492964927,0.003856578225883616,105.80030154064298
432,1,27,0.004843924961706221,0.004836240901774757,0.007684059931464552,0.003827463116562211,105.87016654061154
432,1,28,0.004809464922207416,0.0048010515768919714,0.008413345315444411,0.003798153833151154,105.94195374986157
432,1,29,0.004774507454459325,0.00476530853134372,0.009198923115604976,0.0037695454686411728,106.00762116583064
432,1,30,0.004739088166739228,0.0047290436522060796,0.01004451453314849,0.0037419939439866674,106.07906412472948
432,1,31,0.00470324399361898,0.004692290238500309,0.010953755118670562,0.003715107405724037,106.15154604054987
432,1,32,0.004667013453053344,0.004655083309806666,0.011930143246677731,0.0036886682813660606,106.21590108284727
432,1,33,0.004630436379732924,0.004617459387223124,0.012976992509799588,0.0036624414038826493,106.28670574957505
432,1,34,0.004593551894496947,0.004579454492982804,0.014097401514143097,0.0036360123727556546,106.35396899981424
432,1,35,0.004556398828543813,0.004541104571568619,0.015294256975194926,0.0036091886638639926,106.43852074956521
432,1,36,0.004519015825580308,0.004502445572794213,0.016570252786094454,0.0035815338358567085,106.52844054065645
432,1,37,0.004481441066922,0.004463513140916216,0.017927926005784182,0.0035529499563088968,106.62131595797837
432,1,38,0.0044437123663677545,0.004424342690799528,0.019369675568226608,0.003523497742950811,106.73199258279055
432,1,39,0.004405867946955872,0.004384970179568882,0.02089776738699092,0.003492657465253915,106.84611987462267
432,1,40,0.004367947976436223,0.004345433586655173,0.022514389781050206,0.0034603727518633027,106.95649170782417
432,1,41,0.00432999409694964,0.0043057723930181955,0.02422170393144501,0.0034266445593509305,107.04939158260822
432,1,42,0.004292050488096305,0.0042660286013796135,0.026021886716691357,0.0033917245467268336,107.11737112468109
432,1,43,0.004254163418933006,0.004226246268665148,0.02791715026785867,0.003355321994328183,107.2101499158889
432,1,44,0.004216385565937451,0.004186475814626726,0.0299097513107254,0.0033174988032414854,107.27867004089057
432,1,45,0.004178770079795833,0.004146768131223153,0.03200194857267953,0.0032789672314336863,107.35611299984157
432,1,46,0.004141370989249927,0.004107175215075992,0.03419577417393485,0.0032395207439168718,107.42379474965855
432,1,47,0.004104242775307244,0.0040677499336637885,0.03649284164345536,0.0031991710869731936,107.49193829065189
432,1,48,0.0040674407069398065,0.0040285465982316596,0.03889410870814729,0.00315802356321767,107.56067637493834
432,1,49,0.004031019222984236,0.0039896196394355815,0.041399583548654556,0.003115442777088288,107.6281476658769
432,1,50,0.003995036542988565,0.003951028280261693,0.04400826272687188,0.0030713248397603917,107.69742374960333
432,1,51,0.0039595508649401655,0.003912832779627553,0.04671808531261238,0.003025609118979975,107.79536666581407
432,1,52,0.003924617716622537,0.0038750917819951186,0.04952593462741878,0.0029784156926983374,107.86528904084116
432,1,53,0.003890291387567626,0.00383786365611766,0.052427731449966104,0.0029298077253062786,107.93396191578358
432,1,54,0.0038566204456426073,0.003801201880884577,0.055418564758030565,0.0028800193619547294,108.00398895796388
432,1,55,0.003823651124257581,0.0037651583204649924,0.058492803792588845,0.002828995615131584,108.07185020763427
432,1,56,0.0037914232042658854,0.003729778982712677,0.06164422155320843,0.002777140149551903,108.14212983287871
432,1,57,0.003759972697190565,0.0036951067226163293,0.06486597457423575,0.002724259389066641,108.20953637454659
432,1,58,0.003729330118976903,0.0036611794246662107,0.06815069431069204,0.0026709470250366623,108.27893783291802
432,1,59,0.003699515726743076,0.0036280254224666996,0.07149030427637615,0.0026172743288405734,108.35076795797795
432,1,60,0.0036705426326952466,0.003595666605745498,0.07487602694974872,0.002563623574698087,108.42160508269444
432,1,61,0.003642415403898972,0.003564117087910356,0.07829831598861581,0.0025101274628790875,108.48805662477389
432,1,62,0.00361513335694731,0.0035333863389908865,0.08174701795642324,0.0024568846865125533,108.55657354090363
432,1,63,0.003588690292560646,0.0035034786215321196,0.08521167102852661,0.0024042929354602892,108.63878937484697
432,1,64,0.003563073197455068,0.003474391436742563,0.08868176071250504,0.0023525579804806766,108.72149899974465
432,1,65,0.003538265050783825,0.003446117910222073,0.09214714056175202,0.002301699575357901,108.78774891560897
432,1,66,0.003514245427370699,0.0034186469734941685,0.09559845387653061,0.002251783823916522,108.85644970787689
432,1,67,0.00349099097408385,0.003391963512131735,0.09902746195211497,0.0022028982770226067,108.92365891579539
432,1,68,0.0034684767135622157,0.003366049599931905,0.10242711363031082,0.0021550915615263597,108.99115391587839
432,1,69,0.003446676509610223,0.0033408849687794405,0.1057915408307827,0.0021084566113778033,109.05824445793405
432,1,70,0.0034255634407299542,0.0033164475712787558,0.10911586945119839,0.002063026675732287,109.12531133275479
432,1,71,0.0034051100883695754,0.0032927141503223045,0.11239593804727079,0.0020187344322599187,109.19342516595498
432,1,72,0.0033852888905147914,0.003269660787530254,0.11562810298453735,0.0019755486811296576,109.26035741576925
432,1,73,0.0033660724845489196,0.0032472635471673095,0.11880893738160982,0.0019334139219061343,109.32814854057506
432,1,74,0.0033474342467831137,0.0032254989694968108,0.12193527728630286,0.0018923537624101613,109.39610258257017
432,1,75,0.0033293480835262066,0.0032043437339821135,0.125004349544093,0.0018525662346361427,109.46416858257726
432,1,76,0.0033117882942860916,0.0031837743591458926,0.12801393514019904,0.0018142143993735945,109.53295466583222
432,1,77,0.003294729952272881,0.0031637673726445585,0.13096257962832253,0.0017774565535624886,109.60128508275375
432,1,78,0.003278149044384667,0.0031442993408584336,0.13384970352623357,0.0017423817660619505,109.66378699988127
432,1,79,0.0032620224654131284,0.0031253468730137127,0.13667559239941557,0.0017090774768444205,109.72642904054374
432,1,80,0.003246328239304691,0.0031068870448886453,0.13944119441604536,0.0016774083434809928,109.78880004072562
432,1,81,0.003231045546983196,0.003088897650546633,0.14214789643656286,0.0016471687488900722,109.84948129067197
432,1,82,0.003216154966192972,0.00307135757978735,0.14479738640562204,0.0016182147916978852,109.91144766565412
432,1,83,0.003201638066067243,0.003054246743547307,0.14739132251993578,0.001590475716183956,109.97315074969083
432,1,84,0.0031874780207198842,0.00303754660399283,0.14993141672705432,0.0015639725186612765,110.03700145799667
432,1,85,0.0031736592893179343,0.0030212397677424068,0.15241952157552735,0.0015388150885216163,110.09997058287263
432,1,86,0.0031601674577414114,0.003005309657951245,0.15485779979016656,0.0015150938507542705,110.16726666595787
432,1,87,0.0031469891205767146,0.002989740243365006,0.15724887721170877,0.0014928285717184693,110.2329512075521
432,1,88,0.003134111695842873,0.0029745159212858545,0.15959577455701837,0.0014718828310672286,110.32174324989319
432,1,89,0.003121523389491308,0.0029596216340685585,0.16190175542274957,0.0014520422899951529,110.41484154062346
432,1,90,0.003109212991993545,0.002945042925095543,0.16417006689800223,0.0014330405517968285,110.51190658286214
432,1,91,0.0030971698126455293,0.002930766128346466,0.16640368429906346,0.0014146512931652224,110.60210995795205
432,1,92,0.003085383626709249,0.002916778489845414,0.16860513686383502,0.0013968045040418972,110.70617745770141
432,1,93,0.003073844755266116,0.002903068287869482,0.17077646739663405,0.0013795020512348834,110.78570641577244
432,1,94,0.0030625440316765485,0.002889624738666636,0.1729192930099124,0.0013628588300687524,110.89349341578782
432,1,95,0.0030514726808746092,0.0028764376736360136,0.17503500723859558,0.001346915010653425,110.99280858272687
432,1,96,0.0030406224522629565,0.0028634975732854235,0.177124878977533,0.0013316303350097006,111.11459470773116
432,1,97,0.003029985501118647,0.002850795424273777,0.17919007684486998,0.0013168772079818311,111.2067747078836
432,1,98,0.003019554314232261,0.002838322783796169,0.18123153043609225,0.0013024532748124537,111.27817608276382
432,1,99,0.0030093216491736924,0.0028260718239299415,0.18324982524375077,0.001288200940534617,111.34896191582084
432,1,100,0.002999280578368433,0.0028140354595119254,0.18524511885650763,0.001274052596916289,111.42692174995318
432,1,101,0.0029894244294623082,0.002802207245427138,0.1872171840351703,0.0012600944726767027,111.50897174980491
432,1,102,0.002979746790232521,0.0027905811970950316,0.18916559313748949,0.001246472607775363,111.6921030827798
432,1,103,0.0029702414962574173,0.0027791515433102727,0.19108995294714462,0.0012333257724300743,111.76869137492031
432,1,104,0.00296090258417079,0.00276791254265903,0.19299004151175972,0.0012206606021893142,111.84345387481153
432,1,105,0.002951724370773393,0.002756858395315718,0.1948659754576748,0.0012084295099772753,111.9153982498683
432,1,106,0.002942701457809601,0.002745983495406315,0.19671796240328587,0.0011964550793824708,112.16494387481362
432,1,107,0.0029338287574734155,0.0027352825004305897,0.19854625704282572,0.0011846249836058983,112.23914095759392
432,1,108,0.0029251015126789018,0.002724750402324895,0.200351110354007,0.0011729154568028179,112.31334483297542
432,1,109,0.0029165153007128593,0.002714382525328866,0.20213277538399355,0.001161404454907237,112.38620683271438
432,1,110,0.0029080660704758647,0.002704174485429444,0.20389158504642058,0.0011501835039129079,112.45960212498903
432,1,111,0.0028997499380550157,0.0026941219021329745,0.20562803592204104,0.0011393791635177467,112.53023087466136
432,1,112,0.002891563142741405,0.002684220301104058,0.2073428416373468,0.0011289402990348456,112.61423524981365
432,1,113,0.0028835021973368253,0.0026744653358130015,0.20903686152382375,0.001118687735960056,112.72209224989638
432,1,114,0.002875563843713913,0.0026648529176037943,0.21071092611011832,0.0011084615004761393,112.8069595405832
432,1,115,0.0028677448803082965,0.002655379159760561,0.21236572054773573,0.0010982400741092135,112.89716429077089
432,1,116,0.0028600422768172147,0.0026460405315870696,0.21400174523014506,0.0010880318460404208,113.08260849956423
432,1,117,0.0028524531793111133,0.0026368338271589185,0.21561935215219472,0.001077984955734443,113.21320816595107
432,1,118,0.002844974881783851,0.0026277560099095265,0.21721887187432448,0.0010681743736718418,113.40722270775586
432,1,119,0.002837604720610398,0.002618804026447302,0.21880069416309578,0.0010585993312030814,113.51570708258078
432,1,120,0.002830340172899525,0.0026099749541827802,0.22036521871674486,0.0010491641613299132,113.6192261655815
432,1,121,0.0028231787901123666,0.0026012659828096914,0.22191280730267499,0.0010397709443233558,113.71280154073611
432,1,122,0.0028161182253766174,0.0025926745019042795,0.22344372347233765,0.0010303590202028871,113.80784066580236
432,1,123,0.0028091562345408327,0.0025841981093722333,0.2249581251685994,0.0010210434791111712,113.97447604080662
432,1,124,0.00280229069772557,0.0025758345488998595,0.22645614882571033,0.001011901093078978,114.12096262490377
432,1,125,0.0027955194498878403,0.0025675814668749725,0.22793798301286786,0.0010030471718589953,114.254481874872
432,1,126,0.0027888404246061635,0.0025594364556476338,0.2294039689585299,0.0009944742201796334,114.35849299980327
432,1,127,0.002782251575150387,0.002551397036847252,0.23085453830313488,0.0009860575994603245,114.45213499991223
432,1,128,0.0027757509435633793,0.0025434608051951245,0.2322901383682549,0.000977706851118068,114.55954849999398
432,1,129,0.0027693366120964263,0.002535625445579373,0.2337111665170534,0.0009694217624876047,114.6787937078625
432,1,130,0.0027630067535122874,0.00252788877974818,0.23511797376410737,0.0009612738891831994,114.76001324970275
432,1,131,0.002756759546283993,0.0025202486200514396,0.23651092623255338,0.0009533521987885281,114.8955012075603
432,1,132,0.002750593232441396,0.0025127028019541016,0.23789043048729436,0.0009456578178337599,115.02377516590059
432,1,133,0.0027445061653515834,0.0025052492083403456,0.23925695701123764,0.0009381317526009024,115.13080749986693
432,1,134,0.002738496623127592,0.002497885671374621,0.24061095175297106,0.0009307195298096898,115.24638112494722
432,1,135,0.0027325629277305226,0.0024906101219402716,0.24195280579025122,0.0009233214413352249,115.31682658288628
432,1,136,0.0027267035660637293,0.0024834207780234157,0.24328278804031378,0.0009159216357324026,115.43706258293241
432,1,137,0.0027209169273688496,0.0024763157479016783,0.2446011794671714,0.0009086376946492344,115.54333066567779
432,1,138,0.0027152014037968688,0.0024692933054059276,0.24590809839094144,0.0009015152812615656,115.68160591553897
432,1,139,0.0027095555046951656,0.002462351853842826,0.24720365085233936,0.0008945019582920361,115.77108287485316
432,1,140,0.002703977838751115,0.002455489902185496,0.2484879365656191,0.0008875644005135531,115.85820899996907
432,1,141,0.002698466977292833,0.002448705989586743,0.24976098770608998,0.0008806755638569484,115.92955349991098
432,1,142,0.002693021562474734,0.0024419987769715838,0.2510227855031504,0.0008738437549001441,116.00392999965698
432,1,143,0.0026876403311653922,0.0024353670515981007,0.2522732795672914,0.0008671863431873244,116.11209804099053
432,1,144,0.0026823219063434826,0.002428809448978672,0.2535124573648104,0.0008606755682336572,116.19311604090035
432,1,145,0.0026770650325191833,0.002422324691885081,0.2547403406341022,0.0008542908990360732,116.28150049969554
432,1,146,0.0026718684231143474,0.002415911449548362,0.25595697356598573,0.0008479807752799912,116.36604420794174
432,1,147,0.0026667308414739894,0.0024095684727708116,0.25716236870317766,0.0008417298563246284,116.44013770762831
432,1,148,0.002661651087776021,0.00240329455062458,0.25835653715144113,0.0008355797687420233,116.5105226659216
432,1,149,0.002656627945330602,0.0023970884704192057,0.2595394749113963,0.0008295632049122673,116.5864533749409
432,1,150,0.0026516602397444154,0.002390949032426026,0.26071120731838937,0.0008236747222747061,116.65632624970749
432,1,151,0.0026467468041527203,0.0023848750213346175,0.2618717828181029,0.0008178798245837528,116.72786029055715
432,1,152,0.002641886500142723,0.002378865251900817,0.2630212482419058,0.0008121299693276861,116.80180854070932
432,1,153,0.002637078232194707,0.0023729186130583084,0.26415961913639896,0.0008063892959278348,116.87238466599956
432,1,154,0.0026323209312795644,0.0023670340464147857,0.26528688486477886,0.0008007692760998893,116.94333408260718
432,1,155,0.0026276134603116473,0.002361210421537138,0.2664030387745091,0.0007952529765295496,117.0139510827139
432,1,156,0.002622954779033558,0.0023554466866660857,0.2675080923674722,0.000789791536859815,117.08520154096186
432,1,157,0.002618343823640111,0.0023497417505624393,0.26860207307767153,0.0007843632342672205,117.15529454080388
432,1,158,0.002613779562910335,0.002344094605065039,0.26968495784529617,0.0007789747303248788,117.22582912491634
432,1,159,0.002609261075196021,0.0023385043603173666,0.2707567148786547,0.0007736430684813113,117.29512912454084
432,1,160,0.0026047873238734367,0.002332969868868305,0.27181745500513166,0.0007684355697915505,117.36434516590089
432,1,161,0.002600357325334707,0.0023274901329004894,0.2728671924342174,0.0007633192381222464,117.43084304081276
432,1,162,0.0025959701444812147,0.002322064173657182,0.2739059708240326,0.0007582566066574459,117.49930295767263
432,1,163,0.0025916248630582553,0.0023166910031770654,0.27493385988119007,0.0007532427827012226,117.56565895769745
432,1,164,0.002587320574034793,0.002311369649621874,0.27595092441291924,0.000748290609949886,117.63258849969134
432,1,165,0.002583056414281794,0.0023060991665055613,0.27695724777623254,0.0007434498675738203,117.69813337456435
432,1,166,0.0025788315498198092,0.0023008785624524498,0.2779529873673596,0.000738679692045963,117.76460954081267
432,1,167,0.00257464514063195,0.0022957068317311646,0.27893830890078525,0.0007340158330781408,117.83242145786062
432,1,168,0.0025704963478589173,0.0022905829415094934,0.27991340634942363,0.0007293865340575043,117.89803191600367
432,1,169,0.002566384386055675,0.0022855059251478847,0.2808784609077903,0.0007247798627767018,117.96278304094449
432,1,170,0.0025623084815605823,0.002280474842762098,0.2818336387984842,0.000720234112472475,118.02728295791894
432,1,171,0.0025582678854862515,0.0022754887838482758,0.2827791016379756,0.0007157824961931485,118.08900720765814
432,1,172,0.002554261873602782,0.002270546842656551,0.2837150309462311,0.0007114109505946451,118.17135299975052
432,1,173,0.002550289748301048,0.0022656481206691924,0.2846416276318557,0.0007070791896410326,118.27652979083359
432,1,174,0.0025463508130975886,0.0022607917562567207,0.28555905684086763,0.0007027663014220821,118.37395733268932
432,1,175,0.0025424444054476863,0.0022559769550234213,0.286467450424265,0.0006984914994627796,118.4587431657128
432,1,176,0.002538569893888331,0.0022512029701882512,0.2873669237000798,0.0006943075470132233,118.53903695754707
432,1,177,0.0025347266493026045,0.0022464690152647895,0.2882576340378149,0.0006901950169194333,118.64237883267924
432,1,178,0.0025309140620855355,0.002241774338704234,0.28913972338130134,0.0006861217797853389,118.72166716586798
432,1,179,0.002527131548516292,0.002237118226087134,0.29001332242915795,0.000682066480494577,118.99447874957696
432,1,180,0.0025233785435038784,0.0022325000042617755,0.2908785392421027,0.0006780753767377419,119.07635566592216
432,1,181,0.0025196545012080205,0.002227919004026563,0.29173549718145747,0.0006741532456181526,119.1438199155964
432,1,182,0.0025159588938683053,0.0022233745581666997,0.2925843357016055,0.0006702663661312196,119.20999458292499
432,1,183,0.0025122912447257395,0.0022188660429611614,0.293425201764578,0.0006664863893320256,119.27917424961925
432,1,184,0.002508651016395776,0.0022143927506714897,0.2942582657242863,0.0006626875658766865,119.35058395797387
432,1,185,0.0025050377625951037,0.002209954103167501,0.2950836594276025,0.0006589028037360359,119.41672662459314
432,1,186,0.002501451018663711,0.002205549501539158,0.29590151712455254,0.0006551855704299243,119.48507454060018
432,1,187,0.002497890330031724,0.0022011783592497908,0.2967119707819334,0.0006515609909618585,119.55595649965107
432,1,188,0.002494355366836991,0.0021968401820048797,0.29751518483211126,0.0006479327074558569,119.63375724991783
432,1,189,0.0024908456229054536,0.002192534197153332,0.29831142575212133,0.0006443179552186292,119.71342787472531
432,1,190,0.002487360732701622,0.002188259936556183,0.2991007961454393,0.0006407494498702797,119.78764333296567
432,1,191,0.0024839003001279154,0.002184016873602517,0.29988342652539834,0.0006372200594729616,119.86160474969074
432,1,192,0.0024804639734345066,0.002179804544815842,0.30065942861866457,0.0006337468823199014,119.94615591596812
432,1,193,0.002477051400088577,0.0021756224694849903,0.30142893060358666,0.0006303198576599586,120.01460316590965
432,1,194,0.002473662227153559,0.00217147015515725,0.3021920719963091,0.0006268662627166467,120.11009270790964
432,1,195,0.0024702961528457377,0.002167347194831588,0.30294895801414967,0.0006234482024510771,120.20951283257455
432,1,196,0.0024669528676462076,0.002163253164519953,0.3036997031262544,0.0006201151531009019,120.27972570760176
432,1,197,0.0024636320559190275,0.002159187594292925,0.30444446162610256,0.0006167989512269115,120.34717091592029
432,1,198,0.002460333445345079,0.0021551500652978286,0.3051833800472505,0.0006134881981225337,120.41558199981228
432,1,199,0.0024570567652631666,0.002151140180130587,0.30591658513257997,0.0006102182287875691,120.4844316248782
432,1,200,0.0024538017377502236,0.002147157516912562,0.3066442208376614,0.0006069576358213229,120.55260933283716
432,2,1,0.005519817928770151,0.005519817928770151,0.0,0.003653708507065528,121.98943749954924
432,2,2,0.005503924396925352,0.005503916529987582,7.866937770080777e-06,0.0036320396571451856,122.03722683293745
432,2,3,0.005487911925514899,0.005487880447013218,3.147850168157172e-05,0.003634601296899703,122.10100554069504
432,2,4,0.005471685749379373,0.005471615130223254,7.06191561189397e-05,0.0036415013454639427,122.16737624956295
432,2,5,0.005455208729004535,0.005455083157696498,0.0001255713080378582,0.0036496984744703114,122.23732945788652
432,2,6,0.005438451139186616,0.005438254625754569,0.00019651343204700797,0.0036582302248979104,122.30798649974167
432,2,7,0.005421386777470504,0.005421103179571738,0.00028359789876635937,0.003666695511517536,122.38184641581029
432,2,8,0.0054039940239417545,0.005403606933733601,0.000387090208153867,0.0036752481066783323,122.46220237482339
432,2,9,0.0053862532724396565,0.005385745918430678,0.0005073540089788963,0.0036842773576618703,122.5428486247547
432,2,10,0.005368142604658774,0.005367497870733221,0.0006447339255524771,0.003693503076788743,122.61663599964231
432,2,11,0.005349636174123956,0.005348836701441352,0.0007994726826037906,0.0037015316010585862,122.7004930828698
432,2,12,0.005330703330052057,0.005329731651062383,0.0009716789896744693,0.0037064026430188206,122.7889023325406
432,2,13,0.005311309137302534,0.0053101477962625,0.0011613410400342754,0.00370629628854353,122.91133470786735
432,2,14,0.005291417486396505,0.00529004910947217,0.0013683769243355518,0.0036995161387996306,123.10849041584879
432,2,15,0.0052709948549806256,0.0052694021645947955,0.0015926903858298582,0.0036843886962016795,123.3443607906811
432,2,16,0.005250012618474146,0.005248178409806358,0.0018342086677880422,0.0036602253601703766,123.71907874988392
432,2,17,0.005228446803608426,0.005226353870643489,0.0020929329649368228,0.0036268054138361818,123.98639129055664
432,2,18,0.005206279808379709,0.005203910774305819,0.002369034073889466,0.0035839995412226895,124.20371091598645
432,2,19,0.005183500642905825,0.005180837656550434,0.002662986355391113,0.0035322957975659117,124.43441754067317
432,2,20,0.0051601054052395874,0.005157129715292892,0.0029756899466955884,0.003473578849058132,124.6918772906065
432,2,21,0.0051360943629435085,0.005132785813252805,0.0033085496907030608,0.0034108383174806084,124.93064204091206
432,2,22,0.005111473124096992,0.005107809637614997,0.0036634864819950854,0.003345811965566983,125.13740058289841
432,2,23,0.005086249560181544,0.005082206656733626,0.004042903447917631,0.0032831771478208246,125.33461679099128
432,2,24,0.005060427185377885,0.005055977580106469,0.004449605271416663,0.0032262050445753393,125.5513446656987
432,2,25,0.005034009083807827,0.0050291223551653975,0.004886728642429105,0.003176141957729715,125.75403708266094
432,2,26,0.00500699049434344,0.005001632825556681,0.005357668786759011,0.0031368705773811185,125.93047445779666
432,2,27,0.004979361448757448,0.004973495493690849,0.0058659550665985305,0.0031075221608960735,126.06867358274758
432,2,28,0.0049511130448549115,0.004944697828405124,0.006415216449787647,0.003087679873696329,126.20570399984717
432,2,29,0.004922236958405565,0.004915227792513735,0.0070091658918301145,0.0030764330712086435,126.34294320782647
432,2,30,0.004892731436273973,0.004885079844079949,0.007651592194023749,0.00307124909894264,126.47533066570759
432,2,31,0.00486260222775991,0.004854255868592292,0.008346359167617489,0.0030706322969961874,126.61686291592196
432,2,32,0.004831862452625324,0.004822765086865927,0.009097365759396448,0.0030729331763935247,126.8004234158434
432,2,33,0.004800532814858194,0.0047906243152725705,0.009908499585623275,0.0030769807369472124,126.93365354090929
432,2,34,0.004768634788914706,0.004757851201767587,0.010783587147119848,0.003082671418951837,127.06978095788509
432,2,35,0.004736193772175698,0.004724467449180379,0.011726322995318813,0.003087978948097702,127.19933999981731
432,2,36,0.004703236668149592,0.00469049634729634,0.012740320853251642,0.0030928823161148733,127.32210666593164
432,2,37,0.004669789564292154,0.004655960424600656,0.01382913969149896,0.0030963967660988254,127.43929674988613
432,2,38,0.004635879516271309,0.004620883121384672,0.014996394886636717,0.0030977979865496014,127.5634687077254
432,2,39,0.004601536330116139,0.0045852904648492916,0.016245865266847213,0.00309681193705774,127.69340312480927
432,2,40,0.004566796267337458,0.004549214707461473,0.01758155987598526,0.003092446100831354,127.84017570782453
432,2,41,0.004531703685558129,0.00451269585385324,0.0190078317048893,0.003084703346402834,127.9669883325696
432,2,42,0.004496311358152464,0.004475781986415434,0.020529371737030025,0.0030739417017058867,128.09946666564792
432,2,43,0.004460678317120365,0.004438527204393171,0.022151112727193882,0.003060510903080944,128.22838887479156
432,2,44,0.004424868428154451,0.004400990367161663,0.023878060992788473,0.0030450705095852112,128.34966079099104
432,2,45,0.004388947857776314,0.004363232855868434,0.025715001907879766,0.003027711201564552,128.47521362500265
432,2,46,0.004352983527967125,0.004325317338265301,0.027666189701824207,0.0030085952091066033,128.60243870783597
432,2,47,0.0043170445756278404,0.004287309610007789,0.029734965620051436,0.002987289447732294,128.74244137480855
432,2,48,0.004281200799198614,0.004249277340523511,0.03192345867510294,0.0029636849592585986,128.86206066561863
432,2,49,0.004245527027536611,0.0042112947359509755,0.034232291585635344,0.0029372343880768636,128.98285166593269
432,2,50,0.004210098089928655,0.004173437602882621,0.03666048704603369,0.0029083558420373683,129.30237849988043
432,2,51,0.00417498680640832,0.004135781487150177,0.03920531925814337,0.002877131379375227,129.44192266557366
432,2,52,0.004140260493656873,0.004098398085327235,0.041862408329637564,0.002843781968990884,129.55844249995425
432,2,53,0.004105980606466121,0.004061354713182599,0.044625893283522365,0.0028082394377549526,129.67672808282077
432,2,54,0.0040722019168765635,0.004024713154364932,0.0474887625116314,0.002770516535430044,129.8253544997424
432,2,55,0.00403897219727178,0.003988529086431363,0.050443110840416215,0.0027307006440619153,129.94535149959847
432,2,56,0.004006333855418056,0.0039528534888194425,0.053480366598613466,0.0026890647072407227,130.06837866595015
432,2,57,0.003974322661915542,0.00391773135368293,0.05659130823261225,0.0026458573655426957,130.19182074954733
432,2,58,0.003942967594116308,0.0038832015307726743,0.059766063343633206,0.00260158402147462,130.33743837475777
432,2,59,0.003912288653928836,0.003849294591385671,0.06299406254316559,0.0025566422725730445,131.4575827079825
432,2,60,0.003882298376929407,0.003816034344403125,0.06626403252628181,0.002511008418765293,131.5916506657377
432,2,61,0.003853007076059229,0.0037834429374828792,0.06956413857634987,0.002464668787631394,131.7177041657269
432,2,62,0.003824417435854644,0.003751535141895265,0.07288229395937927,0.002418066427855654,131.8472874998115
432,2,63,0.0037965291780309124,0.0037203227566923076,0.07620642133860493,0.002371558193973075,131.97805116558447
432,2,64,0.003769337181696338,0.0036898122773376535,0.07952490435868426,0.0023251983224616937,132.1176048326306
432,2,65,0.0037428328370976175,0.0036600057637471073,0.08282707335051048,0.0022794542489988543,132.25264179054648
432,2,66,0.003717003260186578,0.003630899773116527,0.08610348707005121,0.0022343866502734723,132.38926829071715
432,2,67,0.0036918339237693993,0.0036024877388540016,0.08934618491539781,0.0021902954272408604,132.5143919158727
432,2,68,0.0036673080546606976,0.003574759309656629,0.0925487450040684,0.002147373419514901,132.6457473328337
432,2,69,0.003643406626356092,0.003547700576002717,0.0957060503533752,0.0021056127650325774,132.76921341568232
432,2,70,0.0036201079787298598,0.0035212940260984835,0.09881395263137605,0.0020651769601049614,132.89053670782596
432,2,71,0.0035973893040616746,0.003495520349039726,0.10186895502194827,0.0020258571876026624,133.01913824956864
432,2,72,0.0035752272763761835,0.0034703593601729454,0.10486791620323827,0.00198755564143851,133.15615679090843
432,2,73,0.0035535978022339224,0.0034457898590258547,0.1078079432080676,0.0019504529760688172,133.29154099989682
432,2,74,0.003532477441264943,0.0034217910185870195,0.11068642267792347,0.0019146492462239534,133.4143677907996
432,2,75,0.003511842669974884,0.003398341372151365,0.11350129782351896,0.0018803484182756789,133.53162374999374
432,2,76,0.003491670316622701,0.003375418931404757,0.1162513852179438,0.0018476726814712406,133.67572845797986
432,2,77,0.00347193825840396,0.0033530015879283384,0.1189366704756216,0.0018167304762715054,133.81551554054022
432,2,78,0.0034526251651348324,0.0033310669843599865,0.12155818077484616,0.0017874599110155405,133.93345029093325
432,2,79,0.0034337110992515227,0.003309593271703581,0.12411782754794173,0.0017597744369342685,134.051288749557
432,2,80,0.0034151768782969337,0.003288558854060449,0.12661802423648472,0.001733401520422421,134.165922915563
432,2,81,0.0033970042454537315,0.0032679430004519585,0.129061245001773,0.0017081333738787233,134.2892434997484
432,2,82,0.003379176610321206,0.003247726787037651,0.13144982328355523,0.0016838943981591485,134.41624829079956
432,2,83,0.0033616782151294853,0.003227892193218037,0.13378602191144817,0.00166084560178929,134.5437052906491
432,2,84,0.0033444942051882986,0.0032084220807090456,0.13607212447925274,0.0016391702563263006,134.66930808266625
432,2,85,0.00332761110603856,0.003189300266001809,0.13831084003675115,0.0016189934344831656,134.7940051248297
432,2,86,0.003311017257407291,0.0031705117389731895,0.1405055184341014,0.0016003080784534945,134.92394274985418
432,2,87,0.0032947022319955942,0.0031520420516465376,0.1426601803490568,0.0015828714112667887,135.05639399960637
432,2,88,0.003278656950524226,0.003133877834099267,0.14477911642495947,0.0015664292953055843,135.18023145757616
432,2,89,0.0032628739033435787,0.003116007326543402,0.1468665768001763,0.0015506168130669888,135.30663816584274
432,2,90,0.0032473463646330502,0.003098419876885647,0.14892648774740355,0.0015353005154569925,135.42777483258396
432,2,91,0.0032320686518108994,0.003081106401759827,0.15096225005107233,0.0015205075961519422,135.58136520767584
432,2,92,0.00321703571408714,0.00306405880035034,0.15297691373680009,0.0015063625475031615,135.7549704578705
432,2,93,0.0032022433721884762,0.0030472699035941505,0.15497346859432556,0.001492981012663645,135.86981504084542
432,2,94,0.003187688671003695,0.0030307336135803535,0.15695505742334143,0.0014803181588672358,135.99417591560632
432,2,95,0.0031733693671634968,0.003014444400256285,0.1589249669072118,0.0014682239478494964,136.1193922497332
432,2,96,0.0031592836318947233,0.002998397231783302,0.16088640011142122,0.001456447405382753,136.25077433278784
432,2,97,0.003145429583293666,0.00298258740972976,0.16284217356390562,0.0014447380810386635,136.37615395756438
432,2,98,0.0031318050226201415,0.0029670104309197382,0.16479459170040314,0.0014330235424463813,136.49260070780292
432,2,99,0.0031184077091097146,0.002951662451770425,0.16674525733928947,0.001421331652705156,136.61028291564435
432,2,100,0.003105235286430208,0.002936539971306618,0.16869531512358993,0.0014097675195450595,136.7400222076103
432,2,101,0.003092285231769063,0.0029216395948298457,0.17064563693921714,0.0013983796872587633,136.8788766246289
432,2,102,0.00307955494074103,0.002906957983331394,0.17259695740963588,0.0013871066747197251,137.00827249977738
432,2,103,0.0030670416814031483,0.0028924918419594835,0.1745498394436649,0.001375792675677054,137.1181548750028
432,2,104,0.0030547426338231494,0.00287823808558984,0.17650454823330952,0.0013642621297880134,137.2415164159611
432,2,105,0.0030426549171464956,0.002864193972095933,0.17846094505056254,0.0013524819902603121,137.35346958274022
432,2,106,0.003030775563704473,0.0028503570767436192,0.1804184869608537,0.0013404933341062384,137.46879445761442
432,2,107,0.0030191014784176603,0.002836725053863216,0.18237642455444428,0.001328405870173521,137.6406831657514
432,2,108,0.003007629788216972,0.0028232958037737034,0.18433398444326876,0.0013162936341946142,137.76738037494943
432,2,109,0.002996357585336148,0.002810066997927064,0.18629058740908389,0.0013041254051657583,137.90200091572478
432,2,110,0.0029852820409845948,0.00279703641646398,0.18824562452061452,0.001291792708516952,138.07932945759967
432,2,111,0.002974400400349718,0.002784201935466436,0.1901984648832821,0.0012792011902388366,138.26879845792428
432,2,112,0.0029637099508095033,0.0027715616237123904,0.19214832709711294,0.0012663501274035656,138.39437195798382
432,2,113,0.002953208046631632,0.0027591137307558995,0.1940943158757322,0.001253352370207804,138.5333437495865
432,2,114,0.0029428920292227405,0.002746856490835143,0.19603553838759724,0.0012403041725505839,138.77932337485254
432,2,115,0.002932759130688031,0.0027347879552847057,0.19797117540332537,0.0012272704013134316,138.9710807078518
432,2,116,0.0029228065928003904,0.002722906103451722,0.1999004893486682,0.0012141888921026417,139.1626387075521
432,2,117,0.002913031537305865,0.002711208792246428,0.20182274505943743,0.0012010074010058878,139.38607708271593
432,2,118,0.0029034309486707364,0.002699693874231283,0.2037370744394535,0.0011877037118108757,139.56570204067975
432,2,119,0.0028940017589597334,0.002688359295971441,0.2056424629882925,0.001174342849220409,139.76045820768923
432,2,120,0.0028847408106248557,0.0026772029864585373,0.2075378241663185,0.0011610655215612499,139.93403599970043
432,2,121,0.002875644806772369,0.002666222719972481,0.20942208679988808,0.0011479626952147878,140.08209012495354
432,2,122,0.002866710529737761,0.0026554162691461328,0.21129426059162823,0.0011350192426946432,140.21058183256537
432,2,123,0.0028579345100244995,0.002644780973244056,0.21315353678044366,0.001122229380083709,140.34888837486506
432,2,124,0.0028493132313145825,0.002634314230933232,0.21499900038135047,0.0011095326276165055,140.47081491583958
432,2,125,0.0028408432366594434,0.002624013513447898,0.21682972321154548,0.0010969847944117866,140.64139599958435
432,2,126,0.0028325210854529058,0.0026138762586703046,0.21864482678260103,0.0010846805356240171,140.767633582931
432,2,127,0.002824343363402178,0.002603899784419479,0.22044357898269926,0.0010726852741595855,141.07732204068452
432,2,128,0.002816306660540547,0.002594081258019375,0.22222540252117148,0.001060981161570101,141.20206449972466
432,2,129,0.002808407680670892,0.0025844178111680406,0.2239898695028512,0.00104948915405296,141.32217091554776
432,2,130,0.002800643129838262,0.0025749064786239726,0.22573665121428924,0.0010381636326282219,141.4469196246937
432,2,131,0.0027930097883938462,0.0025655443580831117,0.22746543031073463,0.0010270164279740763,141.56968249985948
432,2,132,0.0027855045493703832,0.0025563286039887024,0.22917594538168062,0.001016118266069533,141.70167299965397
432,2,133,0.00277812431076858,0.0025472562834697784,0.23086802729880165,0.0010054789104159809,141.82944204099476
432,2,134,0.0027708660495693,0.002538324438677848,0.23254161089145187,0.000995034104964624,141.94197499984875
432,2,135,0.002763726824649464,0.002529530169110696,0.23419665553876828,0.0009847029718314314,142.07912774989381
432,2,136,0.002756703759901628,0.002520870640721804,0.23583311917982389,0.0009744714552193453,142.20587674994022
432,2,137,0.0027497940002037314,0.002512343087165255,0.23745091303847668,0.0009643869517716156,142.33824270777404
432,2,138,0.002742994918341326,0.0025039449553069353,0.23904996303439074,0.0009544884172831842,142.5002808747813
432,2,139,0.0027363036348704464,0.002495673280481818,0.24063035438862865,0.0009447924248853233,142.61714924965054
432,2,140,0.00272971750216515,0.0024875253996774135,0.2421921024877368,0.0009352303393050574,142.73944112472236
432,2,141,0.0027232339145838616,0.0024794986646894685,0.2437352498943929,0.0009257710585310867,142.8746188748628
432,2,142,0.0027168502758806636,0.0024715904641268286,0.24525981175383482,0.0009164400764998814,143.01930129062384
432,2,143,0.002710564080696421,0.0024637982608848273,0.24676581981159354,0.000907293340646849,143.1447088746354
432,2,144,0.0027043728494896475,0.002456119467304933,0.24825338218471418,0.000898353037874344,143.26496379077435
432,2,145,0.002698274141011428,0.0024485514954956673,0.24972264551576054,0.000889577566913645,143.39252629084513
432,2,146,0.002692265579978349,0.0024410917929470924,0.25117378703125665,0.0008809219134972758,143.5078689577058
432,2,147,0.002686344848642172,0.002433737866119834,0.252606982522338,0.000872387986332794,143.62370920786634
432,2,148,0.0026805096847108117,0.0024264872776142603,0.2540224070965513,0.0008640177612711525,143.74083549994975
432,2,149,0.0026747578959293206,0.0024193376380196824,0.25542025790963807,0.0008558297717623759,143.85700787464157
432,2,150,0.002669087354720276,0.002412286592666153,0.25680076205412267,0.0008477731619375781,143.9718746659346
432,2,151,0.0026634960042467726,0.0024053318569442843,0.25816414730248827,0.0008398605242153407,144.0993414996192
432,2,152,0.0026579818118067254,0.0023984711747294498,0.2595106370772757,0.0008320686992527202,144.2124095405452
432,2,153,0.0026525428484959,0.002391702385644686,0.26084046285121404,0.0008243838162603879,144.32691683294252
432,2,154,0.0026471772136657527,0.0023850233940888033,0.2621538195769495,0.0008168408050298867,144.44489408284426
432,2,155,0.0026418830858988256,0.0023784321830543475,0.26345090284447814,0.000809443815010963,144.5636391248554
432,2,156,0.002636658720879984,0.0023719267892293133,0.2647319316506706,0.0008021924814635069,144.67543024988845
432,2,157,0.0026315024138764058,0.0023655052812203837,0.2659971326560221,0.0007950439012426681,144.79063983261585
432,2,158,0.002626412530337439,0.0023591658013488036,0.26724672898863544,0.0007879892484045742,144.90756099997088
432,2,159,0.002621387493992721,0.002352906552183841,0.2684809418088801,0.0007810667179295886,145.02368808258325
432,2,160,0.0026164257859111173,0.0023467257456654023,0.2697000402457152,0.0007743217923492331,145.1442422498949
432,2,161,0.002611525901010609,0.0023406215811928688,0.27090431981774016,0.0007676945454452666,145.26250699954107
432,2,162,0.0026066863978926615,0.0023345923033763405,0.272094094516321,0.0007611278106330464,145.3766902498901
432,2,163,0.002601905993837524,0.0023286363277176575,0.27326966611986625,0.0007546384329856741,145.48867812473327
432,2,164,0.002597183221582013,0.0023227517383488084,0.2744314832332045,0.0007483066654261589,145.6045952499844
432,2,165,0.002592516780961594,0.0023169368908367467,0.27557989012484746,0.0007421455615834689,145.71619295794517
432,2,166,0.0025879053918991934,0.0023111901197792376,0.2767152721199557,0.0007360598471964537,145.83649441599846
432,2,167,0.0025833478107142307,0.0023055097983023785,0.27783801241185235,0.0007300013722874783,145.9577822908759
432,2,168,0.0025788428290207635,0.0022998943779280016,0.27894845109276173,0.0007240360854570924,146.0814579576254
432,2,169,0.0025743892725597736,0.0022943423366367692,0.28004693592300456,0.0007182388283005885,146.19828545767814
432,2,170,0.0025699860059472464,0.0022888521511148594,0.2811338548323869,0.0007125717909226177,146.32132245786488
432,2,171,0.0025656319363606566,0.0022834223295180706,0.28220960684258584,0.0007069592308226083,146.43849487463012
432,2,172,0.0025613259775708404,0.002278051396948294,0.28327458062254673,0.0007013853807915694,146.56421329081059
432,2,173,0.002557067080568708,0.002272737969143889,0.28432911142481876,0.0006959492803832954,146.68464141571894
432,2,174,0.002552854215667269,0.0022674806707772767,0.2853735448899925,0.000690631463138637,146.80773412482813
432,2,175,0.002548686403582114,0.002262278179325829,0.2864082242562851,0.0006853634731125902,146.92607212485746
432,2,176,0.0025445626552529684,0.002257129179557968,0.28743347569500033,0.0006801358816415772,147.08486295770854
432,2,177,0.0025404820171408995,0.0022520324579366605,0.28844955920423887,0.0006750043701812762,147.21916083293036
432,2,178,0.002536443557487151,0.002246986830512542,0.28945672697460906,0.0006699956129327738,147.332328915596
432,2,179,0.002532446367289205,0.002241991128047047,0.2904552392421578,0.0006650635017238522,147.45370179088786
432,2,180,0.0025284895603112393,0.0022370442152508216,0.29144534506041764,0.0006601909587116861,147.56591937458143
432,2,181,0.0025245722670275287,0.002232145004788106,0.2924272622394224,0.0006553861972492656,147.68653820781037
432,2,182,0.0025206936104089084,0.0022272924286463845,0.2934011817625237,0.0006506462742895663,147.80181224970147
432,2,183,0.002516852744434712,0.0022224854518572918,0.2943672925774204,0.0006459549406047124,147.9161704578437
432,2,184,0.002513048866453186,0.002217723094167165,0.295325772286021,0.0006413544260190923,148.0326701248996
432,2,185,0.0025092811504842504,0.0022130043642522527,0.29627678623199766,0.0006368361572328796,148.15173695795238
432,2,186,0.0025055487765439557,0.0022083282734826335,0.297220503061322,0.000632369275280785,148.27807183284312
432,2,187,0.0025018509727942994,0.0022036938924600478,0.2981570803342516,0.0006279345705748386,148.40625087497756
432,2,188,0.002498186976672717,0.0021991003313202597,0.2990866453524574,0.0006235814362376526,148.5301537909545
432,2,189,0.0024945560291035783,0.0021945466955452203,0.3000093335583578,0.0006193598091433546,148.66704704100266
432,2,190,0.0024909573789793763,0.0021900320239257964,0.30092535505358,0.0006151269449627757,148.8040283746086
432,2,191,0.002487390298042994,0.0021855554618594995,0.30183483618349427,0.0006108873289631861,148.94255254091695
432,2,192,0.002483854052580374,0.002181116194608335,0.302737857972039,0.0006067589131134585,149.0610410408117
432,2,193,0.0024803479426368635,0.0021767133919083992,0.3036345507284641,0.0006027292366094082,149.18231787486002
432,2,194,0.0024768712763556205,0.0021723462254334587,0.30452505092216164,0.0005987318757454672,149.29750766558573
432,2,195,0.002473423349168419,0.002168013867244845,0.3054094819235743,0.0005947428608535267,149.4091676659882
432,2,196,0.0024700035045199897,0.0021637155621094645,0.3062879424105251,0.0005908118735996789,149.5265744999051
432,2,197,0.002466611083627119,0.002159450574464312,0.3071605091628071,0.000587005027763034,149.64674399979413
432,2,198,0.0024632454267751124,0.002155218106756696,0.3080273200184166,0.0005832316574851396,149.7665527909994
432,2,199,0.0024599059312470726,0.0021510174611827923,0.30888847006428033,0.0005794766537981735,149.88181329099461
432,2,200,0.002456591961992326,0.002146847912814322,0.30974404917800374,0.0005757831017919293,150.00431383261457
612,0,1,0.00546176492742779,0.00546176492742779,0.0,0.07297155302840387,152.91773408278823
612,0,2,0.0059719084877541415,0.005971899244778157,9.242975984206785e-06,0.5073673992880087,153.08379783295095
612,0,3,0.005421540456723186,0.005421526661447404,1.3795275781873467e-05,0.08363305780445965,153.2460060408339
612,0,4,0.005447211843408902,0.005447183193576518,2.864983238403102e-05,0.016696073780628963,153.6122164996341
612,0,5,0.005435713822608461,0.0054356626515714036,5.117103705771597e-05,0.015944782716495905,153.77001733286306
612,0,6,0.005412281423866116,0.005412201830634306,7.959323180994924e-05,0.017770175555810622,153.93341483268887
612,0,7,0.00539679665986414,0.005396683901487189,0.000112758376950995,0.006084055017657573,154.11524904100224
612,0,8,0.0053958244899335725,0.005395675129112114,0.00014936082145791405,0.008712651120519244,154.2876174999401
612,0,9,0.005399980002149149,0.005399792158120084,0.00018784402906463102,0.012934332110083267,154.7345867906697
612,0,10,0.005405641822537418,0.005405415053589629,0.00022676894778895438,0.01718122534987618,154.95020258286968
612,0,11,0.00541173123689229,0.005411466391834104,0.0002648450581854592,0.02340115101141279,155.18292899988592
612,0,12,0.005416559309086137,0.005416258270340728,0.0003010387454089943,0.026610444399362956,155.45332070766017
612,0,13,0.005418929700957762,0.005418594873844847,0.00033482711291458176,0.029808864395106768,155.62733037490398
612,0,14,0.005418106581693964,0.00541774050991018,0.0003660717837839805,0.030827445114444494,155.81107745785266
612,0,15,0.005414037114092739,0.0054136420840390775,0.0003950300536616215,0.030394087502790386,155.99498291593045
612,0,16,0.005407339474292119,0.0054069172611200715,0.0004222131720478065,0.027582622313683434,156.18148149969056
612,0,17,0.005399060930933604,0.005398612585025006,0.00044834590859824157,0.025275904856289735,156.3522883746773
612,0,18,0.005390102997953947,0.005389628850259633,0.00047414769431382595,0.022084913899971664,156.5238119577989
612,0,19,0.0053812277414975835,0.0053807273856829,0.0005003558146837909,0.019206011217637223,156.68645762465894
612,0,20,0.005373070335138081,0.005372542722979506,0.0005276121585750268,0.015410097341509886,156.8504024995491
612,0,21,0.005365880626530599,0.0053653240858434785,0.00055654068712088,0.013113869597249242,157.02025854075328
612,0,22,0.005359599576887303,0.00535901201717234,0.0005875597149631522,0.010645419677338522,157.19637683266774
612,0,23,0.005354118116288908,0.005353497091131167,0.0006210251577406726,0.008703302767555045,157.36211220780388
612,0,24,0.005349324154527499,0.0053486669720091695,0.0006571825183293277,0.00735192162699436,157.53474279073998
612,0,25,0.005345172357949667,0.0053444761850201,0.0006961729295671474,0.0030083143135069,157.7055414156057
612,0,26,0.005342938601895805,0.005342200088784772,0.0007385131110331988,0.005234837229822242,157.9023007499054
612,0,27,0.005341521721067486,0.005340736691056896,0.000785030010589966,0.009025066464625349,158.08369641564786
612,0,28,0.005340133541780316,0.005339297292993827,0.0008362487864896022,0.011471465980366732,158.2615447905846
612,0,29,0.005338271603084294,0.005337379017462466,0.0008925856218275478,0.013521751177325228,158.42895724996924
612,0,30,0.0053357431705522524,0.005334788685171924,0.0009544853803292799,0.01438278267773247,158.5979743329808
612,0,31,0.005332465678306857,0.005331443366975276,0.0010223113315814241,0.014557523592797007,158.76341899996623
612,0,32,0.005328526154092695,0.005327429753386454,0.0010964007062414425,0.013869305609611986,158.95242387475446
612,0,33,0.005324085431866415,0.005322908403977053,0.0011770278893621618,0.012601629588432061,159.13444154057652
612,0,34,0.005319373671348509,0.005318109231915146,0.00126443943336382,0.011163499489894618,159.30006495770067
612,0,35,0.005314590595989391,0.005313231660974911,0.0013589350144799766,0.008961334273313096,159.48120041564107
612,0,36,0.005310016316362623,0.00530855555875291,0.0014607576097126387,0.005487811923564705,159.6482807076536
612,0,37,0.005305962305991868,0.005304392397606397,0.001569908385471288,0.0020426401475721,159.80351212481037
612,0,38,0.005302883506712679,0.005301197332471369,0.0016861742413106383,0.005625506607217305,159.96819929080084
612,0,39,0.005300316117509442,0.005298507927857802,0.0018081896516394507,0.006953932429805627,160.1307056248188
612,0,40,0.005297708724770456,0.005295773009112952,0.0019357156575044877,0.007411598975737652,160.29535512486473
612,0,41,0.005295016035341394,0.005292947473028302,0.002068562313092335,0.007907755820179283,160.46073258295655
612,0,42,0.005292215446071496,0.005290009221731994,0.0022062243395016934,0.008223256980536386,160.62254658294842
612,0,43,0.005289271524032533,0.005286923516912034,0.002348007120499821,0.008378158682413185,160.78261370770633
612,0,44,0.005286152363028346,0.00528365922468813,0.0024931383402165604,0.008370157537539938,160.95969674969092
612,0,45,0.005282843895657069,0.00528020295384639,0.002640941810678865,0.008214987975283375,161.13175712479278
612,0,46,0.0052793624915441475,0.005276571490313657,0.0027910012304909766,0.007905856353837814,161.29267304064706
612,0,47,0.005275756061261072,0.005272812770841351,0.0029432904197215976,0.007647133224418504,161.46591312484816
612,0,48,0.0052720704473878666,0.005268972362940097,0.0030980844477702598,0.007068077047310939,161.629834999796
612,0,49,0.0052684378975951735,0.005265181685543992,0.003256212051181195,0.005804624996302846,161.79508312465623
612,0,50,0.005265266635258786,0.005261847313326981,0.0034193219318055562,0.0015748425194355906,161.9586034156382
612,0,51,0.005262727707199689,0.005259134856214158,0.003592850985530783,0.0033329272505574015,162.4652934158221
612,0,52,0.005260366788737991,0.005256586609521473,0.003780179216518779,0.004840811890967099,162.63843287480995
612,0,53,0.005257901112153546,0.005253917789423178,0.00398332273036743,0.006078462293161732,162.8061722079292
612,0,54,0.005255213072063843,0.00525100933425677,0.0042037378070726395,0.0063599460384669276,162.97927462495863
612,0,55,0.005252293472591316,0.005247851841436575,0.004441631154740104,0.005794316384731668,163.2650826657191
612,0,56,0.005249266251393454,0.0052445702739541316,0.004695977439321943,0.004372582297504291,163.4674518746324
612,0,57,0.005246288442937538,0.005241324139085379,0.004964303852159348,0.002993083266271257,163.65857020765543
612,0,58,0.005243529494538676,0.005238285890326068,0.005243604212608395,0.001562438823331964,163.89652212476358
612,0,59,0.005241106188022277,0.005235576972512311,0.005529215509966499,0.004238690710899484,164.17068891599774
612,0,60,0.005238946573195476,0.005233132464289508,0.005814108905968547,0.006278847049647289,164.454376374837
612,0,61,0.005236687669259851,0.0052305934707512205,0.006094198508630203,0.006812717892546588,164.76047724997625
612,0,62,0.005234245774769341,0.0052278770027681925,0.00636877200114805,0.006548517007714473,165.00688499957323
612,0,63,0.005231682123943374,0.005225042989740122,0.006639134203251626,0.005248417349998462,165.1963472077623
612,0,64,0.00522922919835724,0.005222320335426745,0.006908862930494328,0.0020094985902343624,165.36737841553986
612,0,65,0.005227031083664821,0.005219845312336096,0.007185771328724773,0.001577958922956652,165.57348262472078
612,0,66,0.005224947539988371,0.005217473999088715,0.007473540899655896,0.002491675774301437,165.75552712474018
612,0,67,0.005222874781795729,0.005215100817131258,0.007773964664470792,0.0032357996168009212,165.9249641657807
612,0,68,0.005220749083167078,0.005212662335874134,0.008086747292943577,0.0031718870779300595,166.10516195790842
612,0,69,0.0052185829259016785,0.005210174036073114,0.008408889828564444,0.0029936164170485443,166.28908791579306
612,0,70,0.005216415653015388,0.005207678834447043,0.008736818568344537,0.0020342456875357354,166.4633354577236
612,0,71,0.005214313967055615,0.005205249124861012,0.009064842194603481,0.0014868533292470027,166.6396342907101
612,0,72,0.005212304989096341,0.005202917364885544,0.009387624210797139,0.0021410822180447414,166.82952316571027
612,0,73,0.0052103494746180545,0.005200648696859449,0.009700777758605414,0.002999513290697237,167.6795952906832
612,0,74,0.0052083826463986274,0.0051983801866435555,0.01000245975507223,0.0033377389701150276,167.84362304070964
612,0,75,0.0052063751858570945,0.005196081565128855,0.010293620728239312,0.002957636880477625,168.01937795756385
612,0,76,0.005204354352448261,0.00519377665796507,0.010577694483190929,0.0022444160482903842,168.2591509576887
612,0,77,0.005202357000506713,0.005191498197132628,0.010858803374085312,0.001543514177156935,168.4301081658341
612,0,78,0.005200403551405269,0.005189262801297944,0.011140750107324553,0.0016542450931936882,168.6177109577693
612,0,79,0.005198462443443987,0.005187035907111264,0.011426536332723383,0.001983922936351724,168.79074020776898
612,0,80,0.005196508400341138,0.005184792946510729,0.011715453830409001,0.0021686983291681955,168.96019804058596
612,0,81,0.005194530438799471,0.00518252525425719,0.012005184542280471,0.0019474731876282648,169.13311958266422
612,0,82,0.005192545253080534,0.005180253612782789,0.012291640297745082,0.0015270593514325223,169.30869341595098
612,0,83,0.005190573395460058,0.005178003534792669,0.012569860667389568,0.0015372097801282017,169.4790390408598
612,0,84,0.005188605071484079,0.00517576866165291,0.012836409831168594,0.001749035054379197,169.6709309159778
612,0,85,0.005186631172152785,0.0051735402388015,0.013090933351284643,0.001984907691106257,169.84055783273652
612,0,86,0.005184643991653354,0.005171309216300745,0.013334775352608862,0.0020657805788768476,170.00707016559318
612,0,87,0.00518264069668071,0.005169069971546119,0.013570725134590969,0.0017232111453612273,170.18534874962643
612,0,88,0.005180641916771227,0.005166838483976387,0.013803432794840505,0.0014724522963218763,170.37034174986184
612,0,89,0.005178645522152149,0.005164608396573164,0.014037125578984164,0.0015476477919310612,170.5335251246579
612,0,90,0.005176636280876982,0.005162362197113178,0.0142740837638036,0.0016763213301569078,170.69715945795178
612,0,91,0.005174608049825858,0.005160094211021138,0.014513838804719664,0.0016154873235197109,170.86457516578957
612,0,92,0.005172575650617562,0.005157822277266415,0.014753373351146836,0.0014861719848894498,171.03692079056054
612,0,93,0.005170550151665449,0.005155561577572582,0.014988574092866453,0.00154107739851805,171.21358858281747
612,0,94,0.0051685209625234605,0.005153305188628846,0.015215773894615266,0.0017345701625255804,171.3786251656711
612,0,95,0.005166471199242069,0.005151037481560893,0.015433717681175149,0.0017616545980632576,171.55154229095206
612,0,96,0.00516440737744177,0.00514876305547356,0.01564432196820911,0.0016073093269820492,171.71411970769987
612,0,97,0.005162340356550766,0.005146488336946677,0.01585201960408907,0.0015498377875355275,172.07533112494275
612,0,98,0.005160276725980318,0.005144216211083903,0.016060514896414566,0.0014893083849037416,172.23513545794412
612,0,99,0.005158205336195467,0.005141931734960313,0.01627360123515426,0.001517009263476232,172.41696062497795
612,0,100,0.00515611531196674,0.005139622600770557,0.016492711196182216,0.0015132187713595893,172.58138887491077
612,0,101,0.005154015230821379,0.00513729860983854,0.01671662098283878,0.0014926698951538023,172.77013074979186
612,0,102,0.005151921204983176,0.0051349790933840934,0.01694211159908256,0.0015077912487755593,172.9383646249771
612,0,103,0.005149832740208739,0.005132666408013424,0.01716633219531414,0.0016179938978530524,173.09850054094568
612,0,104,0.005147733199171004,0.005130346460608203,0.017386738562801093,0.00166060302218095,173.2716390406713
612,0,105,0.005145617104039213,0.005128013716247698,0.01760338779151457,0.0016601039511598302,173.4361949157901
612,0,106,0.005143490852088574,0.005125672744321323,0.017818107767251196,0.0015198108114678763,173.59944745758548
612,0,107,0.005141371769701108,0.005123336526309924,0.01803524339118415,0.0015024538317738785,173.76738487463444
612,0,108,0.005139246847315133,0.00512098840423291,0.018258443082222787,0.001521958972940428,173.92231595795602
612,0,109,0.005137105603150899,0.005118616578137503,0.018489025013396346,0.0015052234006462048,174.0924305827357
612,0,110,0.005134957554807748,0.005116232400266309,0.018725154541439096,0.0016501883165352625,174.25788845773786
612,0,111,0.005132810741419546,0.005113847809878867,0.018962931540679937,0.0017182076122829997,174.42188354069367
612,0,112,0.005130655517598355,0.005111455088675274,0.019200428923081287,0.0017103405437739764,174.58872149977833
612,0,113,0.005128488801918368,0.005109051945731825,0.01943685618654324,0.0015316667141492106,174.7605918329209
612,0,114,0.005126326359542005,0.005106651982883717,0.019674376658287522,0.001550333866511386,174.9352884576656
612,0,115,0.005124150083855528,0.005104234048614822,0.019916035240705163,0.001524509876189783,175.11541899992153
612,0,116,0.005121965457453926,0.005101803707839672,0.02016174961425444,0.001519638472419798,175.27742520766333
612,0,117,0.005119786783215759,0.0050993764272100495,0.02041035600570938,0.0016504872562894423,175.4428001246415
612,0,118,0.005117602611524505,0.005096942014472013,0.020660597052492482,0.001696315710467067,175.60524266585708
612,0,119,0.005115401498979768,0.0050944889204937475,0.020912578486020787,0.0016391407138212572,175.77079879073426
612,0,120,0.005113198175329692,0.0050920311497694385,0.021167025560253794,0.0015092067378466123,175.93909254064783
612,0,121,0.005111000885421196,0.005089575192088892,0.02142569333230357,0.0015297981415529113,176.11394270788878
612,0,122,0.005108792912106805,0.005087104277264052,0.021688634842752682,0.001507217495264759,176.27684649964795
612,0,123,0.005106584097315022,0.005084630506896055,0.021953590418967054,0.0015734625696905474,176.4423087076284
612,0,124,0.005104376029719933,0.005082158164386235,0.022217865333697705,0.0017404718036598832,176.60651691583917
612,0,125,0.005102151349340329,0.005079671117951518,0.022480231388810758,0.0016176077053438344,176.79257437493652
612,0,126,0.0050999316311616995,0.005077188466291649,0.022743164870050174,0.0015278663324012503,177.20900829089805
612,0,127,0.005097718750211491,0.00507470770396828,0.023011046243211267,0.0015704035096606242,177.39833445753902
612,0,128,0.005095484412317519,0.00507219987583443,0.023284536483088977,0.0015176272620038402,177.58595391595736
612,0,129,0.0050932710798693315,0.005069710899310694,0.02356018055863762,0.0017311595780209433,177.79649629071355
612,0,130,0.0050910433605957876,0.005067208746430883,0.02383461416490404,0.001746490445830004,178.01289212470874
612,0,131,0.0050888046489190155,0.005064697190263982,0.024107458655034036,0.0015024300278437606,178.19502599956468
612,0,132,0.005086584795834606,0.005062203245229993,0.024381550604612487,0.0016093480402402931,178.3742167907767
612,0,133,0.005084341551448868,0.005059682486073178,0.02465906537569053,0.0015173952591476774,178.55805370770395
612,0,134,0.005082107766241185,0.005057169286690225,0.024938479550960044,0.0016012418015070452,178.76108091557398
612,0,135,0.005079882063594164,0.005054665108918256,0.02521695467590745,0.001734935427402761,178.9497808329761
612,0,136,0.005077629317671584,0.005052135241334017,0.025494076337566677,0.0015599636757236625,179.1353814578615
612,0,137,0.005075388774234523,0.005049616684330842,0.02577208990368145,0.0015437129909205097,179.30612104060128
612,0,138,0.005073141025340732,0.0050470874300618035,0.026053595278928674,0.0015363752024344175,179.47047499986365
612,0,139,0.005070881051129419,0.0050445433149392555,0.02633773619016343,0.0014955188754203074,179.65317908255383
612,0,140,0.005068637809621507,0.005042015791843143,0.026622017778364673,0.0017001069623341864,179.82068149978295
612,0,141,0.005066373609309826,0.005039469940582514,0.0269036687273118,0.0016392949253387994,180.2118953326717
612,0,142,0.005064116556216786,0.005036932842095581,0.027183714121205134,0.001534594514704589,180.4142373749055
612,0,143,0.0050618596398626725,0.005034393853739227,0.02746578612344597,0.0015401082723516387,180.5871531656012
612,0,144,0.00505958846301339,0.005031837914939074,0.027750548074316362,0.001509882239656306,180.74548183288425
612,0,145,0.005057327504289634,0.0050292910501744115,0.02803645411522209,0.0016177823147944751,180.92376424977556
612,0,146,0.005055053614387833,0.00502673153025534,0.02832208413249231,0.0015570306710305849,181.08896416565403
612,0,147,0.005052783716611867,0.005024175941422465,0.028607775189402225,0.0015122420343703221,181.25466854078695
612,0,148,0.005050512478044563,0.005021617754751685,0.02889472329287827,0.0015478177590922363,181.41663449956104
612,0,149,0.005048224478621441,0.005019041686576772,0.029182792044668716,0.0015141719011669981,181.60016820766032
612,0,150,0.00504594475178733,0.005016474119967616,0.029470631819715157,0.00164934489500763,181.7658932497725
612,0,151,0.0050436475702246965,0.005013889624486578,0.029757945738119032,0.001519899590289749,181.93257445795462
612,0,152,0.005041358092073217,0.0050113116476418655,0.030046444431351377,0.0015301454431562035,182.11060254089534
612,0,153,0.005039061250801268,0.005008723770972618,0.03033747982865029,0.0015142616378727208,182.2909492496401
612,0,154,0.005036765334303302,0.005006134847927821,0.030630486375482196,0.0015578651556525135,182.46394695760682
612,0,155,0.005034474247741103,0.005003550237311365,0.030924010429738566,0.0015378475410089394,182.63410170795396
612,0,156,0.005032179605158374,0.005000961989327642,0.03121761583073221,0.0014989015236328224,182.80208637472242
612,0,157,0.005029883125650955,0.004998371220685101,0.03151190496585365,0.0015097968846722303,182.9777058325708
612,0,158,0.0050275815639112134,0.00499577406442193,0.031807499489282985,0.0015058864561642358,183.15202041575685
612,0,159,0.005025280251818236,0.0049931755965620835,0.032104655256152546,0.001549097036488879,183.3301105829887
612,0,160,0.0050229722795780965,0.004990568920489175,0.032403359088921446,0.0015140798865187618,183.50152770755813
612,0,161,0.0050206682407063635,0.0049879645789593875,0.03270366174697595,0.00151090116695068,183.68712887493894
612,0,162,0.005018363335157959,0.004985357997285107,0.03300533787285174,0.001503771405511337,183.93671312462538
612,0,163,0.005016059650286346,0.004982751717021315,0.03330793326503077,0.001524138195665293,184.10788287455216
612,0,164,0.005013754047378468,0.0049801427960295885,0.033611251348879496,0.0015137744890380302,184.27137779071927
612,0,165,0.005011448070734174,0.0049775323854264865,0.03391568530768746,0.0015064500381088096,184.4380464158021
612,0,166,0.005009140914711876,0.00497491909278471,0.03422182192716628,0.0015063443515882062,184.61129345791414
612,0,167,0.005006835395188139,0.0049723056219899975,0.034529773198140705,0.0015348808329666039,184.7867927076295
612,0,168,0.005004525269984717,0.004969685681099088,0.034839588885629075,0.0015189070583943559,184.9628087906167
612,0,169,0.005002214506971349,0.004967063737458511,0.03515076951283863,0.001511436338921225,185.1364361657761
612,0,170,0.004999908113333151,0.0049644450694420784,0.03546304389107228,0.0015089300423905276,185.3033204576932
612,0,171,0.004997604393941627,0.004961828462769602,0.03577593117202506,0.0015322439155961694,185.48552554054186
612,0,172,0.004995300361808493,0.004959210278632165,0.036090083176328204,0.0015160861589339056,185.66884266585112
612,0,173,0.004993001503093257,0.004956595516826368,0.03640598626688861,0.0015054317087044012,185.85287908278406
612,0,174,0.004990700960883674,0.004953977353173306,0.03672360771036752,0.0014935630892496086,186.01425745757297
612,0,175,0.004988407582851055,0.004951364687729208,0.037042895121847,0.0015274714746400626,186.17590299993753
612,0,176,0.004986111778344252,0.0049487478396240394,0.03736393872021338,0.0014916739839340586,186.39304266590625
612,0,177,0.004983823457928663,0.004946137549480555,0.03768590844810743,0.001500595883839665,186.5608967905864
612,0,178,0.004981532437786903,0.004943523706293419,0.03800873149348464,0.0014965114350546397,186.7279227497056
612,0,179,0.004979244942680774,0.004940912111747226,0.03833283093354759,0.0015147216687751068,186.8967264997773
612,0,180,0.0049769583610412465,0.004938299268506534,0.03865909253471244,0.0015055948456111877,187.06688291579485
612,0,181,0.004974679960919925,0.004935692123884555,0.03898783703537036,0.0015136086625881806,187.2304314156063
612,0,182,0.0049723975858029556,0.004933080206969201,0.03931737883375463,0.00149024505320881,187.38907637493685
612,0,183,0.004970124680156095,0.004930476696306811,0.039647983849283454,0.0015240423601520809,187.74478758266196
612,0,184,0.0049678446836694725,0.00492786446435371,0.039980219315762566,0.0014893070992793784,187.90480983257294
612,0,185,0.00496557437943069,0.00492526116970216,0.040313209728531016,0.0014966826312606454,188.07173924986273
612,0,186,0.004963306687217212,0.004922659625766504,0.04064706145070761,0.0015252134970483245,188.23687829077244
612,0,187,0.004961033921411611,0.0049200498023663965,0.040984119045214554,0.0014774689935415208,188.5090745408088
612,0,188,0.004958775070930556,0.0049174526796169375,0.0413223913136184,0.001475255899171782,188.72024845797569
612,0,189,0.004956522837149857,0.004914860838525454,0.041661998624402785,0.0014711896337946684,188.94623741554096
612,0,190,0.004954283477807294,0.004912282368750012,0.042001109057282424,0.001485227677735073,189.16985441558063
612,0,191,0.004952045216444905,0.004909702965693318,0.042342250751587304,0.0014542879406747161,189.56871758261696
612,0,192,0.004949816557543717,0.004907131257642338,0.042685299901378905,0.001483852193711914,189.88037312496454
612,0,193,0.004947584346804845,0.004904555665049943,0.04302868175490178,0.0014525618631430158,190.12681991560385
612,0,194,0.004945363181014246,0.004901989470204935,0.04337371080931094,0.0014740230044068704,190.32471766555682
612,0,195,0.004943141406622361,0.004899420735802189,0.04372067082017173,0.0014525921378059552,190.51144812488928
612,0,196,0.004940929511704478,0.004896861534834973,0.04406797686950508,0.0014989997671919822,190.69914174964651
612,0,197,0.004938715221701394,0.004894301999416063,0.044413222285331067,0.0014654246438919924,190.88653004076332
612,0,198,0.0049365086789138445,0.00489174827036471,0.04476040854913397,0.0015031211371489702,191.11736233299598
612,0,199,0.004934321480441742,0.004889209802266453,0.04511167817528928,0.0015351034401150227,191.33893337473273
612,0,200,0.004932109212517322,0.0048866483628570824,0.04546084966023969,0.0014377426002913577,191.53576020756736
612,1,1,0.00546176492742779,0.00546176492742779,0.0,0.08663348997700404,195.16826233267784
612,1,2,0.006626789173716308,0.006626775567300977,1.3606415330827627e-05,0.8409948508297942,195.42028854088858
612,1,3,0.005446540560289042,0.005446516458269507,2.4102019535762182e-05,0.17162131887805251,195.64103283267468
612,1,4,0.00543994804630601,0.005439899158861506,4.888744450438472e-05,0.008373189216745881,195.9665203327313
612,1,5,0.005400964374931212,0.005400879567603037,8.480732817524737e-05,0.017031590415489038,196.25395316584036
612,1,6,0.005397550449856279,0.005397422087227738,0.00012836262854112743,0.014082986849032973,196.54946920787916
612,1,7,0.005421144795355811,0.005420968968331292,0.0001758270245186234,0.03552286446981894,197.09237804077566
612,1,8,0.005462678534086875,0.005462455034446368,0.0002234996405069313,0.06291199310740886,197.42156383255497
612,1,9,0.0055099124491042725,0.005509644158853564,0.0002682902507079869,0.08922874599493348,197.71567987464368
612,1,10,0.005542052193202039,0.0055417438379228665,0.00030835527917272824,0.10173217593705033,198.0021957908757
612,1,11,0.005549653163082204,0.005549309791038764,0.0003433720434403849,0.11003564153259617,198.39133462496102
612,1,12,0.0055321494067079365,0.005531775404966585,0.0003740017413517963,0.09546113757826784,198.7561047496274
612,1,13,0.005500336004755352,0.005499934089285513,0.0004019154698392002,0.0849029703742542,199.0828432906419
612,1,14,0.005462363355996883,0.005461934456791721,0.00042889920516190586,0.07245990278243053,199.47662420757115
612,1,15,0.005427347544073982,0.0054268907716616575,0.0004567724123242521,0.05047010917482729,199.85095258289948
612,1,16,0.005399564120709916,0.005399076665188202,0.00048745552171369305,0.03433374541378188,200.22383937472478
612,1,17,0.0053795921227470555,0.005379069664544143,0.0005224582029121243,0.02273506833292272,200.78381458297372
612,1,18,0.005366203375925657,0.005365640540058198,0.0005628358674586835,0.01469668238666854,201.18425208283588
612,1,19,0.005357214716165165,0.00535660551935692,0.0006091968082456067,0.00896263641837709,203.9312826655805
612,1,20,0.005353321562342492,0.005352659781683574,0.0006617806589181785,0.00703874556886753,204.51316204061732
612,1,21,0.005357974064669392,0.005357253312726901,0.00072075194249092,0.018463451705838137,204.8889285409823
612,1,22,0.00536487514398743,0.005364089292530148,0.0007858514572819869,0.023306168951586784,205.49634341569617
612,1,23,0.005370552317138955,0.0053696956935199314,0.00085662361902338,0.0241707887308304,205.91045749979094
612,1,24,0.005373672803004913,0.00537274008490367,0.0009327181012429059,0.02320806864881724,206.38694529095665
612,1,25,0.005374354979104993,0.005373341000669799,0.0010139784351939078,0.02011365743756886,207.2329436247237
612,1,26,0.005373224867853004,0.005372124472267259,0.0011003955857450025,0.01903287379176137,208.1168679576367
612,1,27,0.005370856285394564,0.005369664236513651,0.0011920488809126447,0.019052814030571963,208.62073287460953
612,1,28,0.005367481353426938,0.005366192302031698,0.0012890513952404606,0.02024318543891526,208.99439599970356
612,1,29,0.005363053874044213,0.005361662346563615,0.0013915274805984539,0.021823361334426028,209.32074704067782
612,1,30,0.005357420378631523,0.005355920779663019,0.0014995989685034114,0.023621768886647916,209.71341058285907
612,1,31,0.005350656336336614,0.005349042944574168,0.00161339176244529,0.023610312186893617,209.9499234156683
612,1,32,0.0053429372503047265,0.005341204292461091,0.001732957843634803,0.022165910246470886,210.3173044156283
612,1,33,0.005335061829010327,0.005333203587581049,0.001858241429278101,0.020813947385785115,210.59913254063576
612,1,34,0.00532758645703311,0.005325597307739834,0.0019891492932754143,0.016408633716168623,210.84773204056546
612,1,35,0.005321709767397351,0.005319584487859689,0.0021252795376622883,0.009490477610033047,211.08713670773432
612,1,36,0.005318149852911773,0.00531588403969929,0.0022658132124828627,0.0021336869887394632,211.32750079082325
612,1,37,0.005317275540863388,0.005314866051750933,0.0024094891124548756,0.00783467579889321,211.56527829077095
612,1,38,0.005316703529748429,0.005314148735451402,0.0025547942970271125,0.009406915617352723,211.7991699995473
612,1,39,0.005315821264998561,0.005313120270518221,0.0027009944803407255,0.010338061316590857,212.06282399967313
612,1,40,0.005314584436795573,0.005311736974820347,0.0028474619752255226,0.011820229190790212,212.2949478328228
612,1,41,0.005312922911085162,0.005309929425407916,0.0029934856772452574,0.012567024632649205,212.5724987075664
612,1,42,0.00531073429858801,0.005307595791020886,0.003138507567124022,0.01291473605069713,212.81214429065585
612,1,43,0.005308011388497451,0.005304729295240614,0.0032820932568366945,0.012893324890523,213.05234087491408
612,1,44,0.005304787946099011,0.005301363982950338,0.003423963148672808,0.012578459913230455,213.30641974974424
612,1,45,0.005301133879146469,0.005297569847784564,0.0035640313619046283,0.01157814391450153,213.56057533295825
612,1,46,0.005297181622753936,0.005293479116701454,0.0037025060524819536,0.010769790081552506,213.78553429059684
612,1,47,0.005293006588735219,0.005289166901250821,0.0038396874843976067,0.010051688433624723,214.0304853329435
612,1,48,0.005288684246255657,0.005284708248043638,0.003975998212018909,0.009037502511397413,214.27246804069728
612,1,49,0.005284360122700007,0.005280248085315678,0.004112037384329472,0.007768367798821494,214.50053908256814
612,1,50,0.005280318543294076,0.005276070003158977,0.004248540135098918,0.003272401843529009,214.74349608272314
612,1,51,0.005277504492773073,0.0052731171656701025,0.004387327102970714,0.004159085931252367,215.01371224969625
612,1,52,0.005275338440588118,0.005270807766608853,0.004530673979264649,0.007873753284130662,215.24126733280718
612,1,53,0.005273351498342939,0.005268671368830642,0.004680129512296931,0.01062547079179086,215.51155345793813
612,1,54,0.005271048537527958,0.005266211686907607,0.0048368506203512645,0.01218646255505433,215.79810429085046
612,1,55,0.005268159889398658,0.005263158320150224,0.005001569248433808,0.012338616553216768,216.14983083261177
612,1,56,0.005264671139221955,0.005259496640303478,0.005174498918477427,0.011095994496277038,216.55531962495297
612,1,57,0.005260811199992638,0.005255455900156733,0.005355299835904487,0.009010743959888424,216.88578083273023
612,1,58,0.005257005839947554,0.005251462627107722,0.005543212839831571,0.00552338625109674,217.182010457851
612,1,59,0.005253650725465964,0.005247913987815492,0.005736737650472401,0.002002822210887944,217.48662524996325
612,1,60,0.005250975815525464,0.005245042019877722,0.005933795647741471,0.005477811826988718,217.75531749986112
612,1,61,0.00524877626590272,0.005242644859302806,0.006131406599913616,0.007980533299290396,218.125468082726
612,1,62,0.005246388932894464,0.005240060952185705,0.006327980708759585,0.008816683680231282,218.37929804064333
612,1,63,0.0052436376616410655,0.005237114819734388,0.006522841906677684,0.008971940808617622,218.72823408292606
612,1,64,0.005240490422962698,0.005233774663541658,0.006715759421040339,0.008606672426237085,219.02901912480593
612,1,65,0.005237034050132715,0.005230127050020314,0.006907000112400954,0.007100931047424546,219.28375641582534
612,1,66,0.0052336152696306,0.005226517666716382,0.007097602914217663,0.0029161362568433727,219.53543204069138
612,1,67,0.005230750964949793,0.005223460229171927,0.007290735777865701,0.0023829060813658704,219.79358249995857
612,1,68,0.0052282711184710624,0.005220781926590536,0.007489191880526235,0.0052570868337165335,220.19342245766893
612,1,69,0.005225794385863508,0.0052180988133083235,0.007695572555184979,0.006464634729066913,220.58062387490645
612,1,70,0.00522304844540966,0.005215137453058818,0.007910992350841573,0.0065987527251021565,221.1956901247613
612,1,71,0.005220016353826109,0.005211880643500353,0.008135710325755902,0.005236930157792618,221.43723637470976
612,1,72,0.005216936887477921,0.0052085681799921325,0.00836870748578836,0.002980129901925664,221.79158862493932
612,1,73,0.005214140914064038,0.005205532965901052,0.008607948162985369,0.002034752347946705,222.0242709578015
612,1,74,0.005211670508744441,0.00520282008027787,0.008850428466571596,0.0052835557901429134,222.26942295767367
612,1,75,0.005209239466684354,0.005200147082801507,0.009092383882846954,0.006844992972679573,222.5134644578211
612,1,76,0.0052064554226316975,0.0051971234041898835,0.00933201844181431,0.0061328976566329945,222.7780425408855
612,1,77,0.005203539637416039,0.005193969759240187,0.009569878175852402,0.0029652790299529207,223.0301105407998
612,1,78,0.005200865800801957,0.005191056369637239,0.009809431164718439,0.001819106081711869,223.26294391555712
612,1,79,0.005198447165018251,0.005188393486039376,0.010053678978874853,0.0038110615458588674,223.5357551248744
612,1,80,0.005196014506916148,0.005185709024129161,0.010305482786986645,0.0045008240407514305,223.76280916575342
612,1,81,0.005193370288270133,0.005182804885953837,0.010565402316295835,0.004151613985675674,224.01899308292195
612,1,82,0.005190642189766594,0.005179809439348227,0.010832750418366715,0.002101263380017987,224.26510049961507
612,1,83,0.005188124509463876,0.005177020290392657,0.011104219071219156,0.0024330341724832145,224.51406020764261
612,1,84,0.005185769579885677,0.005174393633645783,0.011375946239893634,0.004050909955544135,224.7628702907823
612,1,85,0.005183301957783339,0.0051716566514357415,0.0116453063475981,0.0042027112018997465,224.99763279082254
612,1,86,0.005180693098408846,0.005168780951213622,0.011912147195224208,0.0027585117396958375,225.33978379098698
612,1,87,0.00517818661419177,0.005166007592433416,0.012179021758353684,0.0017509854428843907,225.6923012076877
612,1,88,0.005175852775986439,0.005163402778423713,0.01244999756272627,0.0031031524110132244,225.9765419997275
612,1,89,0.005173456619552847,0.005160728649079847,0.012727970473000328,0.0034255981643958587,226.298613040708
612,1,90,0.005170924103326962,0.0051579109350832425,0.013013168243719748,0.0022876892802012176,226.55047704093158
612,1,91,0.005168469293287781,0.00515516629611617,0.013302997171611507,0.0018165977398186591,226.79558258270845
612,1,92,0.005166131384051587,0.005152538043489796,0.013593340561791303,0.002997883237867376,227.0475962497294
612,1,93,0.005163724217198116,0.0051498432194046154,0.013880997793500728,0.0030566562438291704,227.28652204060927
612,1,94,0.005161231406753556,0.005147065605388783,0.014165801364773233,0.001869962684127109,227.5300077497959
612,1,95,0.005158849664072873,0.005144399071313575,0.014450592759298619,0.0022100209051728547,227.8053231248632
612,1,96,0.00515650707681129,0.005141767555535776,0.014739521275514466,0.00286880555646671,228.1053128745407
612,1,97,0.005154052298585198,0.005139018559115729,0.015033739469469114,0.002184291325358406,228.37807312468067
612,1,98,0.005151631346995736,0.00513630006824313,0.015331278752606713,0.0018076755895798321,228.69486637460068
612,1,99,0.00514927813670973,0.0051336505263985255,0.015627610311203993,0.0026902631258159536,228.98669095756486
612,1,100,0.005146829005880047,0.00513090874142563,0.015920264454416386,0.0021797821301354245,229.25465037487447
612,1,101,0.005144384301808691,0.005128173402323217,0.0162108994854738,0.0016915398792459147,229.53694962477311
612,1,102,0.005142010949365189,0.005125507307551311,0.016503641813877014,0.0023178447586681907,229.81052145780995
612,1,103,0.005139570764526528,0.005122770126122984,0.016800638403543216,0.0020730279096352238,230.05148054054007
612,1,104,0.0051371092676021374,0.005120008447583003,0.017100820019134006,0.001595057113876397,230.31624058261514
612,1,105,0.005134710709147606,0.005117309810964907,0.017400898182699492,0.002339071528257276,230.59301695786417
612,1,106,0.005132235216292379,0.005114537700011642,0.017697516280736496,0.0018140736537975437,230.8630154998973
612,1,107,0.005129772336299248,0.005111779650992089,0.01799268530715955,0.0019274637800515877,231.11759524978697
612,1,108,0.00512730862640571,0.005109018015601001,0.01829061080470867,0.0019409822047216202,231.3995691249147
612,1,109,0.005124808708981985,0.00510621765284885,0.018591056133134474,0.0016208430793911318,231.66206208290532
612,1,110,0.005122336474128519,0.005103444428449487,0.01889204567903214,0.0019339990387348372,231.89623899990693
612,1,111,0.005119830501547128,0.0051006402449064224,0.019190256640705575,0.0017651939367980614,232.1360092498362
612,1,112,0.00511731987738492,0.005097833256034159,0.019486621350761686,0.0017078544998348965,232.39778304100037
612,1,113,0.005114815626666023,0.005095030878274719,0.01978474839130424,0.0020237597320591372,232.69824291579425
612,1,114,0.005112266453963399,0.005092180521817598,0.020085932145801486,0.0015731025587317538,233.17871487466618
612,1,115,0.005109728541263282,0.005089341342800147,0.020387198463135105,0.001761045411223682,233.44789266586304
612,1,116,0.005107148887273857,0.005086461752474824,0.020687134799033117,0.0016649047400956079,233.78125658258796
612,1,117,0.005104567317895367,0.005083580630387236,0.020986687508130476,0.0018569697265630914,234.06602237466723
612,1,118,0.0051019623143211505,0.005080672796209976,0.021289518111174854,0.00173586089415851,234.373160332907
612,1,119,0.005099348322896915,0.005077753420917034,0.021594901979881023,0.0017103736200649018,234.62059474969283
612,1,120,0.005096718551465189,0.005074818906738487,0.02189964472670138,0.0016796785280615912,234.87178704096004
612,1,121,0.005094081608182123,0.0050718774054035135,0.02220420277860977,0.0017910252488691537,235.1243040827103
612,1,122,0.005091424616820122,0.0050689125784131915,0.022512038406930134,0.0016352279486675032,235.3695196658373
612,1,123,0.005088767341422295,0.005065945273620943,0.022822067801352215,0.0016964363341813655,235.82986695785075
612,1,124,0.005086088937273702,0.005062957038644748,0.02313189862895404,0.0016215276970242786,236.20552966557443
612,1,125,0.005083402398306001,0.005059959671172128,0.023442727133873346,0.0017976363326521478,236.525517874863
612,1,126,0.005080682713695843,0.0050569251381740845,0.02375757552175915,0.0016171048019374265,236.84986491594464
612,1,127,0.0050779708277723865,0.005053895688314003,0.024075139458383653,0.001823479174377474,238.98358962498605
612,1,128,0.005075230830259148,0.005050837871745453,0.024392958513694912,0.0016138645756370296,239.96811958262697
612,1,129,0.0050724978311141615,0.005047783699535687,0.024714131578474265,0.0017524824676279308,240.40235812496394
612,1,130,0.005069751705509909,0.005044711862346279,0.025039843163630584,0.0017736812914083534,240.93005237495527
612,1,131,0.005066991412399135,0.005041624804728609,0.025366607670525423,0.0016204471613525085,241.6953782076016
612,1,132,0.005064232495169693,0.0050385351882894225,0.025697306880270082,0.0016044275084851735,242.2248209998943
612,1,133,0.00506147952628874,0.005035447729581048,0.02603179670769249,0.0016422192582130984,242.85579154081643
612,1,134,0.005058720329987995,0.005032351880295425,0.026368449692570572,0.0015893183555213107,243.36074020760134
612,1,135,0.005055961405597194,0.005029252389233384,0.02670901636381062,0.0015959470575649577,243.79813958285376
612,1,136,0.005053200388832099,0.005026146735042147,0.02705365378995224,0.0016283305166123194,244.2939420407638
612,1,137,0.00505043260284782,0.005023031541016048,0.02740106183177233,0.00158373492780529,244.70854595769197
612,1,138,0.005047666767926262,0.005019914121976211,0.027752645950051107,0.0016542833776877527,245.16273133270442
612,1,139,0.005044904278483157,0.005016794836548853,0.028109441934303262,0.0017473310158465612,245.55142062483355
612,1,140,0.005042140852887888,0.005013672050098243,0.028468802789645392,0.0016784547655699857,245.87791966600344
612,1,141,0.005039384058550928,0.005010550152719242,0.028833905831686577,0.0015559970874412772,246.20023466600105
612,1,142,0.005036654950374169,0.005007451496738245,0.029203453635923773,0.0018179102222255464,246.53563545783982
612,1,143,0.005033958078988583,0.0050043826097639086,0.029575469224674623,0.0023592267107838826,246.87338033271953
612,1,144,0.005031286824826737,0.005001331270189842,0.029955554636894383,0.002943231690851538,247.1998062497005
612,1,145,0.00502863800144566,0.004998303167037547,0.030334834408113062,0.0035370683262967123,247.52865529060364
612,1,146,0.0050259960249553655,0.004995271457058982,0.030724567896383462,0.004092465914622134,247.8702839575708
612,1,147,0.005023453919633204,0.004992342756532437,0.03111116310076747,0.00517556120157927,248.27800174988806
612,1,148,0.005021091187838392,0.004989580741233236,0.03151044660515581,0.00738090661806775,248.66719408286735
612,1,149,0.005019257254338203,0.0049873558636923075,0.03190139064589559,0.009372464397683165,249.01129091577604
612,1,150,0.005016164556194268,0.004983854881162739,0.0323096750315285,0.0090616858879824,249.3235363746062
612,1,151,0.0050135103583436634,0.004980801860262449,0.03270849808121425,0.007215058156277873,249.68295324966311
612,1,152,0.005010499512464084,0.004977379491627043,0.03312002083704095,0.00376516722794262,250.01483995793387
612,1,153,0.0050079055263019525,0.004974374922135764,0.03353060416618854,0.001887671670998768,250.443926082924
612,1,154,0.005005820577613767,0.004971876663510324,0.03394391410344271,0.005586296182466718,250.89315429097041
612,1,155,0.005003902509895071,0.004969535986369931,0.03436652352514004,0.009099817359162038,251.22053799964488
612,1,156,0.00500226538466753,0.004967482487381359,0.03478289728617148,0.010614222646077913,252.01574824983254
612,1,157,0.004998805034948301,0.004963593524560778,0.035211510387522196,0.00672889437670929,252.36406737472862
612,1,158,0.004996026110878236,0.004960388373947679,0.03563773693055712,0.0014583608004581558,252.81054204097018
612,1,159,0.004994013424681979,0.004957945515235575,0.03606790944640445,0.004667166627742168,253.16843333281577
612,1,160,0.004991945591670853,0.004955441382232375,0.036504209438478256,0.006511232517099573,253.51844608271495
612,1,161,0.004989763860576,0.004952824867220873,0.03693899335512668,0.006789410761999551,253.8463907497935
612,1,162,0.004987373539684821,0.004949993710130781,0.037379829554039665,0.005520751600151493,254.1696038749069
612,1,163,0.0049850162760435605,0.004947196079275129,0.03782019676843182,0.003985560017869542,254.47948629083112
612,1,164,0.004982724434288584,0.004944459829583974,0.03826460470461071,0.002128297659113491,254.78350979089737
612,1,165,0.004980581811282607,0.004941871089403368,0.038710721879238616,0.0013670618013420718,255.098742749542
612,1,166,0.0049785159040027826,0.004939356899207373,0.03915900479540894,0.0021206353281176126,255.43899524956942
612,1,167,0.004976467873833948,0.004936857905495314,0.03960996833863393,0.0027141213839319426,255.7973718745634
612,1,168,0.004974469611243469,0.004934406823291329,0.04006278795213985,0.0034042270755914052,256.1352051659487
612,1,169,0.004972443898909332,0.004931926084582331,0.04051781432700125,0.003911774468931668,256.4521485408768
612,1,170,0.004970616569516797,0.004929641879267743,0.04097469024905428,0.005391769612933784,256.79450654098764
612,1,171,0.004969012742480653,0.0049275803468109515,0.04143239566970187,0.008162268794637413,257.0996921658516
612,1,172,0.004968242013604731,0.004926349816752911,0.04189219685182077,0.010570685275562718,257.42935008276254
612,1,173,0.004965248382003226,0.00492289901149324,0.042349370509986474,0.0084970656210077,257.70239654090255
612,1,174,0.004962878975305747,0.0049200697091225385,0.04280926618320864,0.00491859168458009,257.99294812465087
612,1,175,0.004960702238901741,0.00491743430512224,0.04326793377950124,0.0014067074585444675,258.702710124664
612,1,176,0.004958999214824538,0.004915271752323585,0.04372746250095312,0.003678902443207901,259.17871424974874
612,1,177,0.004957738708284144,0.004913549425084335,0.04418928319980874,0.006397618515032381,259.44945091567934
612,1,178,0.004955694443883726,0.004911047120537425,0.044647323346301074,0.006421656106817433,259.7655250406824
612,1,179,0.00495396296908184,0.004908853122958567,0.04510984612327256,0.0055885709790174255,260.0789999156259
612,1,180,0.004951843615114548,0.004906275546779102,0.045568068335445834,0.0032137485009169986,260.36660583270714
612,1,181,0.004950028711437993,0.004904000080636842,0.046028630801150563,0.0013780532843711737,260.66434133285657
612,1,182,0.004948351950214705,0.004901863525373665,0.04648842484103979,0.0019491111109275388,261.05398816568777
612,1,183,0.0049467433629464255,0.004899797103851229,0.04694625909519672,0.0029149265712369887,261.34531374974176
612,1,184,0.004945183486463655,0.00489777735085439,0.047406135609265335,0.0038863053599992228,261.64146108273417
612,1,185,0.004943536736633559,0.004895676175644124,0.047860560989434794,0.0038462500975745867,262.32836537482217
612,1,186,0.004941950070795202,0.004893631912704616,0.04831815809058601,0.003483177250422928,262.7012994159013
612,1,187,0.0049401933722460125,0.004891423327416491,0.04877004482952099,0.0015282897121171226,263.0210832906887
612,1,188,0.004938642200095565,0.004889420475386657,0.049221724708907774,0.001663679340895111,263.36672274954617
612,1,189,0.0049372272032700915,0.004887553670841448,0.049673532428644,0.00327093785658108,263.75233904086053
612,1,190,0.004935723507701999,0.004885604498012242,0.05011900968975758,0.003211298494128231,264.06637483276427
612,1,191,0.004934180628783907,0.004883613231169769,0.05056739761413746,0.002560405466514807,264.3909406247549
612,1,192,0.004932617078884002,0.004881607064526519,0.05101001435748313,0.0011927130400842265,264.69621937489137
612,1,193,0.004931321201469942,0.004879871487771048,0.05144971369889383,0.003066179247910948,265.00224554073066
612,1,194,0.0049300961062911245,0.00487820402007423,0.051892086216894354,0.003593755235876685,265.3004263327457
612,1,195,0.0049284018971512775,0.004876076317582842,0.052325579568435476,0.0013173639348848165,265.79021770786494
612,1,196,0.004927429453924588,0.004874674073725151,0.052755380199437166,0.0047552472065274035,266.1968441247009
612,1,197,0.004926170229775232,0.004872978705556342,0.05319152421889107,0.003890674145480088,266.7486318326555
612,1,198,0.004924619917428793,0.004871002490175007,0.05361742725378676,0.0033422846140327912,267.0434245825745
612,1,199,0.0049238324130033515,0.004869798054060894,0.05403435894245747,0.006594756112345454,267.3300545825623
612,1,200,0.004922081598076076,0.004867619248030804,0.0544623500452713,0.003267650773480507,267.5982491248287
612,2,1,0.00546176492742779,0.00546176492742779,0.0,0.09472649814808565,275.34824683284387
612,2,2,0.00710671886085432,0.00710670432547668,1.4535377640004297e-05,1.0124481080418155,275.7829496245831
612,2,3,0.0054836713984908175,0.005483642812361359,2.8586129457914712e-05,0.23992989982729745,276.27057737484574
612,2,4,0.005445646185451181,0.00544558502145037,6.116400080994606e-05,0.01583660540158729,276.80243712477386
612,2,5,0.005405326893603318,0.005405219805867876,0.00010708773544239484,0.0034786079338126226,277.5162004157901
612,2,6,0.005424352487949708,0.005424192599102471,0.00015988884723638618,0.027927758959503734,278.06688454095274
612,2,7,0.005477861244633792,0.005477647536625439,0.0002137080083530933,0.06884242032831504,278.5394369158894
612,2,8,0.005558210229494665,0.005557945861150042,0.000264368344623164,0.11278657511115267,278.93698433274403
612,2,9,0.0056306921203030215,0.005630382490303283,0.0003096299997381483,0.15874895972356456,279.30293912487105
612,2,10,0.005658368217377422,0.005658019437272868,0.0003487801045539554,0.169722598967015,279.72776808263734
612,2,11,0.005631288404526461,0.005630905475803912,0.00038292872254853824,0.15266028743722784,280.00087562482804
612,2,12,0.005571000158197215,0.005570585890406061,0.0004142677911548224,0.12686010711083318,280.3390839579515
612,2,13,0.005506243655835475,0.005505798509210546,0.0004451466249288589,0.08728569886471188,280.6269819578156
612,2,14,0.005452999378456228,0.005452521454494127,0.00047792396210075155,0.05635311459270583,280.94002212490886
612,2,15,0.005418082740025752,0.0054175683129287,0.0005144270970524721,0.033165345298475014,281.19546320755035
612,2,16,0.0053986938794027,0.005398137940968009,0.0005559384346908986,0.017431258463199997,281.427058249712
612,2,17,0.005389449833877063,0.005388846640300566,0.0006031935764966747,0.008035877696186194,281.6185566247441
612,2,18,0.005385876364280691,0.005385219930897887,0.000656433382804471,0.0028727544377182917,281.8116905828938
612,2,19,0.005395268585342215,0.005394553025886293,0.0007155594559219002,0.024981643774154592,282.01524466555566
612,2,20,0.005408634613638261,0.005407853963262275,0.0007806503759852987,0.03124238054745722,282.2226050407626
612,2,21,0.0054193397550566765,0.005418488505796471,0.0008512492602057073,0.030622902532911882,282.417985082604
612,2,22,0.005425880813302186,0.005424953964323647,0.0009268489785392454,0.027251386049653454,282.6680406657979
612,2,23,0.005428916006863861,0.005427908958679196,0.0010070481846644304,0.025520855358489903,282.8673082906753
612,2,24,0.005429280984691192,0.005428189320708562,0.0010916639826299883,0.02221910399658762,283.0874640829861
612,2,25,0.0054278676529813325,0.005426687013357306,0.0011806396240262745,0.022379052826679235,283.44459904078394
612,2,26,0.005425007645590158,0.005423733535604769,0.0012741099853887513,0.022103291436184034,283.6466889157891
612,2,27,0.005420893355863037,0.0054195210793354966,0.0013722765275411284,0.023439817875734154,283.8460273328237
612,2,28,0.005415410045855293,0.005413934628536679,0.0014754173186144466,0.02639914941736359,284.1722665405832
612,2,29,0.005408307024042472,0.005406723147727046,0.0015838763154259745,0.027356260394415688,284.4032142078504
612,2,30,0.005399614413438365,0.005397916450538,0.001697962900364479,0.029140802817248367,284.62748958263546
612,2,31,0.005389266937527856,0.00538744889080336,0.0018180467244959424,0.030082816268119476,284.8545884997584
612,2,32,0.005378133354980673,0.005376188848150476,0.0019445068301968042,0.026655821322232837,285.06926245754585
612,2,33,0.005367508238147358,0.005365430691540154,0.0020775466072031493,0.02215810340735307,285.2989581245929
612,2,34,0.0053590259938583185,0.00535680873576602,0.0022172580922979767,0.01291981330107348,285.53247529082
612,2,35,0.005355525686279718,0.005353162377762444,0.0023633085172742626,0.004750477766031981,285.72819691570476
612,2,36,0.0053548412865005125,0.005352326724151553,0.0025145623489592163,0.006910619077230605,285.9348387909122
612,2,37,0.005354663516681849,0.005351992873244637,0.0026706434372122403,0.009470395748132434,286.15930791571736
612,2,38,0.0053547625516037105,0.005351931565296208,0.002830986307502113,0.011743044203117442,286.3726800829172
612,2,39,0.0053548819198015385,0.005351887034770827,0.002994885030710817,0.013797350492501703,286.577699707821
612,2,40,0.00535477599576265,0.005351614455726761,0.003161540035888869,0.015517555928069289,287.1168207908049
612,2,41,0.005354213395211926,0.005350883261245696,0.003330133966229504,0.017062518817039865,287.3475794577971
612,2,42,0.005353021093294077,0.005349521219649231,0.003499873644845021,0.017559992853281105,287.60293120797724
612,2,43,0.005351138734162234,0.005347468505200651,0.0036702289615832425,0.017641821490532283,287.8073099995963
612,2,44,0.00534860920533217,0.005344768314340308,0.003840890991862339,0.017225595755460513,288.10066737467423
612,2,45,0.0053455493654546386,0.0053415375347019445,0.004011830752693863,0.016269016675394245,288.3358424156904
612,2,46,0.005342128620743252,0.005337945304851613,0.004183315891639171,0.015012051915052747,288.57471554074436
612,2,47,0.0053384782412935605,0.005334122372975337,0.004355868318222962,0.01388844094683183,288.79103199997917
612,2,48,0.00533478916560356,0.005330259023677391,0.00453014192616879,0.011702271188002262,289.0026620826684
612,2,49,0.005331231924265426,0.005326524853778813,0.004707070486612846,0.01023941252544452,289.2137864995748
612,2,50,0.005327789258759033,0.005322901765459182,0.004887493299851291,0.009131529907800511,289.4094884577207
612,2,51,0.005324497238272513,0.005319425073318532,0.00507216495398148,0.007718747618682698,289.86188774975017
612,2,52,0.005321398710288318,0.00531613688590391,0.005261824384408008,0.006061964716701738,290.1950725829229
612,2,53,0.005318695466448547,0.0053132383361212164,0.005457130327330899,0.002276479756195337,290.49672704096884
612,2,54,0.0053172237582583435,0.005311564565006564,0.005659193251780201,0.007407888270133497,290.80279320757836
612,2,55,0.005316130116369789,0.005310260590028377,0.005869526341412414,0.010755652051862585,291.1372836655937
612,2,56,0.005314866700053051,0.005308778141216995,0.006088558836056364,0.013174253513339182,291.5683648325503
612,2,57,0.005313145436530778,0.005306829100093125,0.006316336437652939,0.014148533459259446,291.95271524973214
612,2,58,0.005310832912763501,0.005304280427193067,0.006552485570433779,0.01397647456313917,292.5076696248725
612,2,59,0.0053079890170896725,0.0053011926745016175,0.006796342588055302,0.013204843005040483,293.04028037469834
612,2,60,0.005304830951657267,0.0052977838333827425,0.0070471182745244325,0.010299841720161669,293.5345297497697
612,2,61,0.005301676000154322,0.005294372380175433,0.007303619978889,0.007534972844656702,294.0260601248592
612,2,62,0.005298742074828361,0.005291177326966406,0.007564747861954887,0.004086662815941819,294.40526274964213
612,2,63,0.005296300999422568,0.005288471680372602,0.007829319049965311,0.0037424351047461095,294.8194634998217
612,2,64,0.005294351980944736,0.005286256503807661,0.008095477137075497,0.006247551167412051,295.2146390406415
612,2,65,0.005292407176757675,0.005284044558902435,0.008362617855240917,0.0069784075369593085,295.59675970766693
612,2,66,0.005290360436850802,0.005281729553802677,0.008630883048124961,0.007463729280588171,295.9143939157948
612,2,67,0.0052881723723196905,0.005279271739744666,0.008900632575024655,0.007712323325759437,296.34123720787466
612,2,68,0.005285829327868225,0.005276657000864132,0.009172327004093211,0.0077621687127621426,296.82072966592386
612,2,69,0.005283334937653158,0.005273888517636567,0.009446420016590637,0.00762689059406548,297.1969905826263
612,2,70,0.005280708207534581,0.005270984936296377,0.009723271238204103,0.007299223020329481,297.5353859998286
612,2,71,0.005277984602756797,0.005267981511520361,0.01000309123643599,0.00667727593693583,297.8420849996619
612,2,72,0.005275213605479181,0.0052649276491138885,0.010285956365292122,0.005725965262728694,298.21350954053923
612,2,73,0.005272552858639872,0.005261981021425471,0.010571837214400684,0.002228825761524822,298.6170551655814
612,2,74,0.005270199084643702,0.005259337377427728,0.01086170721597443,0.0027305119111472862,298.9751829155721
612,2,75,0.005267951901925957,0.005256795945117455,0.011155956808502971,0.004510709083802969,299.43036533286795
612,2,76,0.005265689945010511,0.005254235351625867,0.011454593384644775,0.005722167339065106,299.8986946246587
612,2,77,0.005263316453041797,0.0052515590836524385,0.011757369389358448,0.006180434392455633,300.36263070767745
612,2,78,0.005260799115987385,0.005248735186894337,0.012063929093047406,0.005851937213457155,300.7944566658698
612,2,79,0.005258175612816008,0.005245801747741619,0.012373865074388963,0.004848961156784173,301.2348380405456
612,2,80,0.005255527724431785,0.005242840955315965,0.012686769115820026,0.0033468895439867944,301.7485437076539
612,2,81,0.005252937825872984,0.00523993561112186,0.013002214751123696,0.002084636601851296,302.2116531659849
612,2,82,0.005250438947341062,0.0052371190826609815,0.013319864680080333,0.002033586097053397,302.78815695783123
612,2,83,0.005248063245542357,0.00523442366862694,0.01363957691541755,0.004666101226296695,303.25966499978676
612,2,84,0.00524570985345032,0.00523174963334264,0.013960220107680051,0.005804592788406468,305.1291929157451
612,2,85,0.005243273930229583,0.005228992325552676,0.014281604676906996,0.006071037999356329,305.8378810407594
612,2,86,0.005240741015052772,0.005226137271844684,0.01460374320808746,0.005668826119984915,306.27188912499696
612,2,87,0.005238151329584722,0.0052232246242736044,0.01492670531111817,0.00451263108569215,306.7156159998849
612,2,88,0.005235607736724477,0.005220357045208151,0.015250691516326822,0.002204205898844875,307.026227499824
612,2,89,0.005233143494746491,0.005217566989477489,0.015576505269001862,0.0018592946190630875,307.3648441247642
612,2,90,0.005230730108862343,0.005214826088960429,0.01590401990191394,0.0022382209387063015,307.6291269999929
612,2,91,0.005228338645596295,0.00521210549357841,0.016233152017885118,0.002791703594557808,307.8833754155785
612,2,92,0.0052259378224842595,0.005209373997423499,0.016563825060760862,0.0030241057283567877,308.1431677909568
612,2,93,0.005223517431015316,0.005206621440227514,0.016895990787801914,0.0029077201902551176,308.40974812489003
612,2,94,0.005221086923618341,0.005203857233322887,0.01722969029545449,0.0025333744045366,308.6557509577833
612,2,95,0.0052186695859649055,0.00520110450719589,0.017565078769015023,0.002020601836700808,308.90551312454045
612,2,96,0.005216289706652846,0.005198387433904303,0.017902272748543235,0.0018183259819198401,309.15473670791835
612,2,97,0.00521395588267526,0.0051957145764644,0.018241306210860453,0.002144314407713095,309.38535708282143
612,2,98,0.00521166186813654,0.005193079803706989,0.018582064429551282,0.002690069207104597,309.59476074995473
612,2,99,0.005209388371896782,0.005190464130737886,0.018924241158895475,0.002940493131897735,309.8134419997223
612,2,100,0.005207123879462809,0.005187856403995948,0.019267475466861014,0.0030505453741004975,310.0162011659704
612,2,101,0.005204865856157485,0.00518525468008238,0.019611176075103962,0.0030139693649456336,310.4414448328316
612,2,102,0.005202618813807863,0.005182664085201232,0.019954728606630924,0.002607890908415433,310.69534229068086
612,2,103,0.005200399426974076,0.005180101656781656,0.02029777019242037,0.002111750213204128,310.9765436658636
612,2,104,0.005198219791441547,0.005177579566447865,0.020640224993682548,0.0018005544193844044,311.2196724158712
612,2,105,0.005196077619833191,0.005175095301700803,0.020982318132388544,0.001785884398645801,311.4356003748253
612,2,106,0.005193965448095541,0.005172640910834931,0.02132453726061019,0.0019165134810382287,311.6481374995783
612,2,107,0.005191874278134404,0.005170206701348249,0.021667576786155676,0.0020086934895154228,311.88520062481984
612,2,108,0.005189799251131115,0.0051677870965781605,0.022012154552954643,0.0019686856669428997,312.1544434996322
612,2,109,0.005187743074400854,0.005165384270852942,0.022358803547912677,0.0018373884077795104,312.3999007907696
612,2,110,0.0051857130202306164,0.005163005314943361,0.022707705287255436,0.0017472735010408583,312.7146562905982
612,2,111,0.005183716394662777,0.005160657788487792,0.023058606174984467,0.0017576082124478385,312.93872470781207
612,2,112,0.005181753241502859,0.00515834233421303,0.023410907289828555,0.002012185308741205,313.3726074579172
612,2,113,0.005179818248790677,0.00515605467049002,0.02376357830065785,0.002217921036033554,313.6282213749364
612,2,114,0.005177903938905533,0.00515378826416429,0.024115674741243702,0.0022949532792027314,313.8626192496158
612,2,115,0.005176007350845183,0.005151540870796718,0.02446648004846447,0.002212177480426904,314.0682066655718
612,2,116,0.005174130940584438,0.005149315244727346,0.02481569585709224,0.002018654200227415,314.2747637499124
612,2,117,0.005172279678957771,0.005147116164195282,0.025163514762489084,0.0018186134718392072,314.48910924978554
612,2,118,0.0051704572805913885,0.005144946732848462,0.025510547742926944,0.0017128743066585318,314.6939487908967
612,2,119,0.005168660757185439,0.005142803132398149,0.025857624787289344,0.0017163381699242986,314.90142258256674
612,2,120,0.00516688629925257,0.005140680773474145,0.02620552577842513,0.001743026168788821,315.11146429087967
612,2,121,0.005165130716572156,0.0051385760118552205,0.026554704716935613,0.0017260062764230598,315.3209904995747
612,2,122,0.005163394249666909,0.005136489102539675,0.026905147127234182,0.0016962646694967942,315.58515495760366
612,2,123,0.005161677244313796,0.005134420830289569,0.027256414024227398,0.0016740872135200355,315.80681474972516
612,2,124,0.005159981099289065,0.005132373341194748,0.027607758094317085,0.0016767033698034232,316.036986541003
612,2,125,0.005158306626516303,0.005130348232600516,0.027958393915787232,0.0017793120333313259,316.27951883291826
612,2,126,0.005156651496393317,0.005128343977938314,0.028307518455002643,0.0018679921971458326,316.83205779083073
612,2,127,0.005155011667304295,0.005126356886467304,0.028654780836991134,0.0018965720335369818,317.0589839159511
612,2,128,0.005153385288345591,0.005124385033197572,0.02900025514801978,0.001848107471641294,317.2953395405784
612,2,129,0.005151772962232651,0.005122428608252721,0.029344353979929877,0.0017575900243415132,317.5277732498944
612,2,130,0.005150175967462826,0.005120488336034608,0.029687631428217873,0.001692495465357049,317.74606516584754
612,2,131,0.005148594307961646,0.005118563773567256,0.030030534394389907,0.0016633300495344293,317.96825908264145
612,2,132,0.005147025404269293,0.005116652142577906,0.030373261691386422,0.0016745657798351652,318.2052849996835
612,2,133,0.005145467086677659,0.005114751392364387,0.030715694313271397,0.001688601407019793,318.4308061245829
612,2,134,0.005143917553002165,0.005112860096760804,0.031057456241361487,0.001683498090090396,318.6449137078598
612,2,135,0.005142376723351529,0.005110978644950889,0.031398078400639476,0.0016665803464879696,318.8785647498444
612,2,136,0.005140844517594892,0.005109107356493561,0.03173716110133094,0.0016675851179369567,319.16797729069367
612,2,137,0.00513932242689864,0.005107247932979939,0.03207449391870078,0.001697352268223238,319.4647742905654
612,2,138,0.005137808355761191,0.005105398276768271,0.03241007899291958,0.0017322519014753201,319.7434801659547
612,2,139,0.00513630095356768,0.005103556894669129,0.03274405889855012,0.0017172598465051041,320.0846103746444
612,2,140,0.00513479914154436,0.0051017225326706285,0.033076608873731345,0.001701405007098996,320.4318356658332
612,2,141,0.005133304118717663,0.005099896310378435,0.033407808339228275,0.0016568713242054237,321.02813966572285
612,2,142,0.005131814529337885,0.005098076969571364,0.033737559766521034,0.001669977861036405,321.4105807496235
612,2,143,0.005130329970420664,0.0050962642935257685,0.034065676894895966,0.00164523556623671,321.6675354158506
612,2,144,0.005128851084247204,0.0050944590958349285,0.03439198841227514,0.001661308527252825,321.9187384159304
612,2,145,0.005127376327203178,0.005092659879550215,0.03471644765296338,0.0016697107584214682,322.1749180825427
612,2,146,0.005125905209172049,0.005090866097398688,0.03503911177336028,0.0016381759897656745,322.4507512906566
612,2,147,0.005124438572235492,0.0050890784619389805,0.03536011029651157,0.001639567202821937,322.7172146658413
612,2,148,0.005122976120928215,0.005087296516318085,0.035679604610129236,0.0016510767033968712,323.03934570774436
612,2,149,0.005121517285076009,0.005085519649879317,0.03599763519669151,0.0016617172505781876,323.31804037466645
612,2,150,0.0051200621419737824,0.0050837480586775645,0.0363140832962183,0.0016427460579290338,323.54523408273235
612,2,151,0.005118611327715996,0.005081982648890104,0.03662867882589222,0.0016308477290561292,323.7521062907763
612,2,152,0.005117163529738739,0.005080222308281975,0.03694122145676355,0.001626394399860064,323.97788383299485
612,2,153,0.005115718619394396,0.005078466962574229,0.037251656820167026,0.001624200318309348,324.2088564997539
612,2,154,0.005114277024756723,0.005076716884398638,0.037560140358085,0.0016340216561270614,324.41889670770615
612,2,155,0.005112837918214292,0.005074970925998629,0.0378669922156634,0.0016379345617082417,324.6474254578352
612,2,156,0.005111400995325462,0.005073228432627119,0.038172562698343064,0.0016306768253261537,324.8541953326203
612,2,157,0.005109966647606825,0.005071489577143551,0.038477070463273845,0.0016240885408934462,325.0617597498931
612,2,158,0.005108535736927899,0.005069755235257192,0.03878050167070754,0.0016305288811026707,325.2669532499276
612,2,159,0.005107108016114598,0.0050680253998818875,0.039082616232710476,0.0016226048909051896,325.47965074982494
612,2,160,0.0051056839123944375,0.0050663008560106245,0.03938305638381292,0.0016213949340741103,325.68380629085004
612,2,161,0.005104261849630779,0.005064580239060182,0.03968161057059613,0.0016115513752664363,325.91923408256844
612,2,162,0.005102842223374503,0.005062863918441597,0.039978304932905585,0.0016071570167504822,326.1493343748152
612,2,163,0.005101425078872225,0.005061151651370663,0.04027342750156236,0.001612896712871136,326.36043224995956
612,2,164,0.005100009902921036,0.005059442493974818,0.04056740894621829,0.001618808921430373,326.6001710407436
612,2,165,0.00509859622858599,0.005057735606332519,0.040860622253471084,0.0016163818570359824,326.8184317499399
612,2,166,0.005097184099173278,0.005056030887899087,0.04115321127419125,0.0016101405216900557,327.01349004078656
612,2,167,0.005095773737933115,0.005054328694320341,0.04144504361277425,0.001609066016881309,327.4345101248473
612,2,168,0.005094364682595379,0.005052628868897047,0.04173581369833175,0.0016045047721830442,327.6563419578597
612,2,169,0.0050929576481163925,0.005050932455640409,0.04202519247598338,0.0016021757432416331,327.8552840407938
612,2,170,0.005091551664507164,0.005049238618860404,0.04231304564676043,0.0015991512426527063,328.12588349962607
612,2,171,0.005090146906256088,0.005047547406180012,0.04259950007607596,0.0016030892089912254,328.33124274993315
612,2,172,0.005088743137417734,0.005045858243082694,0.04288489433503992,0.0016096717214558799,328.55453929072246
612,2,173,0.005087340493251914,0.005044170893928116,0.0431695993237985,0.0016067705162629124,328.7724390407093
612,2,174,0.005085939107392976,0.005042485306788171,0.04345380060480508,0.0016145181282790173,328.9778264579363
612,2,175,0.005084535996860464,0.005040798496123599,0.043737500736865415,0.0016121860170762317,329.18161037471145
612,2,176,0.005083133400530324,0.005039112980492424,0.04402042003789957,0.0016157303337507693,329.4401389155537
612,2,177,0.005081730916867465,0.005037428705912517,0.044302210954948365,0.001628118093858363,329.6510182078928
612,2,178,0.00508032860858773,0.005035745846034774,0.044582762552955756,0.0016047152729406272,329.85414104070514
612,2,179,0.005078927536405801,0.005034065679356608,0.044861857049192766,0.0016032009873916554,330.0788294998929
612,2,180,0.005077527650291056,0.005032388143103731,0.04513950718732581,0.0016301610345924307,330.427176582627
612,2,181,0.005076127297977647,0.005030711343531499,0.04541595444614781,0.0016430818969262277,330.8373991246335
612,2,182,0.005074724485172511,0.005029032956016493,0.04569152915601841,0.0016275760777822467,331.0348746655509
612,2,183,0.005073320829920517,0.005027354412026723,0.0459664178937941,0.0016098272121518058,331.2408375828527
612,2,184,0.005071917103810965,0.005025676667386102,0.046240436424862814,0.0016083519870211552,331.4301326246932
612,2,185,0.005070512615485158,0.005023999487481062,0.046513128004096176,0.0016127431205869,331.64932579081506
612,2,186,0.005069107402186058,0.0050223234041865,0.046783997999558305,0.001594913017780104,331.8779308749363
612,2,187,0.005067702292893677,0.0050206495470749846,0.04705274581869171,0.001594729013873242,332.0981705407612
612,2,188,0.0050662970279590595,0.005018977603150973,0.047319424808086805,0.0016332465474788798,332.3110823747702
612,2,189,0.005064891899537697,0.005017307792748433,0.04758410678926401,0.001631335021987101,332.52861433289945
612,2,190,0.0050634848938393906,0.0050156375348457865,0.047847358993603976,0.001600893844165521,332.761687415652
612,2,191,0.005062077191982586,0.005013967655551476,0.0481095364311099,0.0015880763455415894,332.97224654071033
612,2,192,0.005060668212168135,0.005012297807745846,0.04837040442228953,0.0015924436163501894,333.2117247907445
612,2,193,0.005059256700684747,0.005010627501593805,0.048629199090941905,0.0015897054470846534,333.45632741600275
612,2,194,0.005057843055985489,0.005008957921801061,0.048885134184427866,0.0015935880266970978,333.6438611247577
612,2,195,0.005056428520545556,0.005007290533488855,0.049137987056701256,0.0016016369524741102,333.8635787498206
612,2,196,0.00505501208239321,0.005005623816379788,0.04938826601342127,0.0016252466799588628,334.0655662077479
612,2,197,0.0050535938300391384,0.0050039571793382715,0.04963665070086701,0.001613011361345425,334.26349770789966
612,2,198,0.005052173495527322,0.00500228995149915,0.04988354402817188,0.001582682050951636,334.4761846247129
612,2,199,0.005050751310502828,0.005000622463368712,0.0501288471341159,0.0015785871264023298,334.66950795799494
612,2,200,0.005049327332983161,0.004998955530099182,0.050371802883979584,0.0015710072928050186,334.8699696660042
